commune,code_commune,code_postal,type_local,surface_m2,valeur_fonciere,prix_m2,date_mutation
Dijon,21231,21000,Appartement,54.0,105000.0,1944.44,2024-01-04
Collonges-lès-Premières,21183,21110,Maison,127.0,262000.0,2062.99,2024-01-03
Collonges-lès-Premières,21183,21110,Maison,127.0,262000.0,2062.99,2024-01-03
Dijon,21231,21000,Appartement,52.0,131000.0,2519.23,2024-01-10
Auxonne,21038,21130,Appartement,34.0,54000.0,1588.24,2024-01-09
Talant,21617,21240,Appartement,80.0,157500.0,1968.75,2024-01-02
Talant,21617,21240,Appartement,95.0,214100.0,2253.68,2024-01-12
Auxonne,21038,21130,Appartement,33.0,40000.0,1212.12,2024-01-10
Dijon,21231,21000,Appartement,22.0,69000.0,3136.36,2024-01-12
Thorey-en-Plaine,21632,21110,Maison,161.0,255000.0,1583.85,2024-01-16
Étevaux,21256,21270,Maison,163.0,285000.0,1748.47,2024-01-02
Précy-sous-Thil,21505,21390,Maison,100.0,98000.0,980.0,2024-01-11
Dijon,21231,21000,Appartement,103.0,297000.0,2883.5,2024-01-03
Seurre,21607,21250,Appartement,82.0,102000.0,1243.9,2024-01-15
Dijon,21231,21000,Appartement,35.0,73500.0,2100.0,2024-01-09
Dijon,21231,21000,Appartement,36.0,87000.0,2416.67,2024-01-03
Créancey,21210,21320,Maison,30.0,30000.0,1000.0,2024-01-15
Beaune,21054,21200,Appartement,65.0,116500.0,1792.31,2024-01-03
Semur-en-Auxois,21603,21140,Appartement,60.0,80000.0,1333.33,2024-01-11
Semur-en-Auxois,21603,21140,Appartement,67.0,80000.0,1194.03,2024-01-11
Dijon,21231,21000,Appartement,46.0,75000.0,1630.43,2024-01-09
Beaune,21054,21200,Appartement,62.0,157000.0,2532.26,2024-01-11
Beaune,21054,21200,Maison,105.0,370440.0,3528.0,2024-01-16
Saint-Apollinaire,21540,21850,Appartement,54.0,139300.0,2579.63,2024-01-12
Genay,21291,21140,Maison,99.0,167295.0,1689.85,2024-01-11
Dijon,21231,21000,Appartement,12.0,28000.0,2333.33,2024-01-11
Talant,21617,21240,Appartement,26.0,87500.0,3365.38,2024-01-15
Is-sur-Tille,21317,21120,Maison,113.0,215000.0,1902.65,2024-01-08
Genay,21291,21140,Maison,77.0,142600.0,1851.95,2024-01-12
Tarsul,21620,21120,Maison,89.0,219500.0,2466.29,2024-01-04
Tarsul,21620,21120,Maison,89.0,219500.0,2466.29,2024-01-04
Dijon,21231,21000,Appartement,21.0,82000.0,3904.76,2024-01-03
Champagne-sur-Vingeanne,21135,21310,Maison,213.0,217000.0,1018.78,2024-01-10
Champagne-sur-Vingeanne,21135,21310,Maison,213.0,217000.0,1018.78,2024-01-10
Corgoloin,21194,21700,Maison,75.0,250000.0,3333.33,2024-01-09
Val-Mont,21327,21340,Maison,85.0,77000.0,905.88,2024-01-08
Beaune,21054,21200,Appartement,76.0,180700.0,2377.63,2024-01-11
Dijon,21231,21000,Appartement,24.0,85000.0,3541.67,2024-01-10
Saint-Apollinaire,21540,21850,Maison,67.0,220000.0,3283.58,2024-01-02
Genlis,21292,21110,Maison,106.0,230000.0,2169.81,2024-01-15
Beaune,21054,21200,Appartement,87.0,197550.0,2270.69,2024-01-11
Beaune,21054,21200,Maison,68.0,227350.0,3343.38,2024-01-12
Marigny-lès-Reullée,21387,21200,Maison,120.0,243000.0,2025.0,2024-01-12
Fontaine-lès-Dijon,21278,21121,Maison,67.0,248000.0,3701.49,2024-01-18
Flavigny-sur-Ozerain,21271,21150,Maison,171.0,242500.0,1418.13,2024-01-12
Chevigny-Saint-Sauveur,21171,21800,Appartement,73.0,105000.0,1438.36,2024-01-16
Bonnencontre,21089,21250,Maison,109.0,220000.0,2018.35,2024-01-18
Montagny-lès-Beaune,21423,21200,Maison,80.0,180000.0,2250.0,2024-01-12
Dijon,21231,21000,Appartement,34.0,73000.0,2147.06,2024-01-17
Dijon,21231,21000,Appartement,96.0,320000.0,3333.33,2024-01-11
Dijon,21231,21000,Appartement,30.0,320000.0,10666.67,2024-01-11
Dijon,21231,21000,Appartement,30.0,75000.0,2500.0,2024-01-12
Dijon,21231,21000,Appartement,77.0,138500.0,1798.7,2024-01-17
Beaune,21054,21200,Appartement,45.0,600000.0,13333.33,2024-01-12
Dijon,21231,21000,Appartement,66.0,147000.0,2227.27,2024-01-15
Dijon,21231,21000,Appartement,78.0,218000.0,2794.87,2024-01-15
Sacquenay,21536,21260,Maison,94.0,87200.0,927.66,2024-01-17
Dijon,21231,21000,Appartement,19.0,40000.0,2105.26,2024-01-05
Dijon,21231,21000,Appartement,68.0,110000.0,1617.65,2024-01-11
Gevrey-Chambertin,21295,21220,Maison,81.0,204500.0,2524.69,2024-01-11
Chevigny-Saint-Sauveur,21171,21800,Appartement,82.0,128000.0,1560.98,2024-01-12
Longvic,21355,21600,Appartement,57.0,65000.0,1140.35,2024-01-10
Dijon,21231,21000,Appartement,14.0,600000.0,42857.14,2024-01-03
Dijon,21231,21000,Appartement,20.0,600000.0,30000.0,2024-01-03
Dijon,21231,21000,Appartement,18.0,600000.0,33333.33,2024-01-03
Dijon,21231,21000,Appartement,14.0,600000.0,42857.14,2024-01-03
Dijon,21231,21000,Appartement,15.0,600000.0,40000.0,2024-01-03
Dijon,21231,21000,Appartement,64.0,148500.0,2320.31,2024-01-05
Fontaine-lès-Dijon,21278,21121,Appartement,63.0,251000.0,3984.13,2024-01-02
Pontailler-sur-Saône,21496,21270,Maison,68.0,130000.0,1911.76,2024-01-17
Lux,21361,21120,Maison,88.0,50000.0,568.18,2024-01-12
Dijon,21231,21000,Appartement,45.0,160500.0,3566.67,2024-01-19
Gevrey-Chambertin,21295,21220,Maison,92.0,223950.0,2434.24,2024-01-12
Semur-en-Auxois,21603,21140,Maison,91.0,52500.0,576.92,2024-01-10
Is-sur-Tille,21317,21120,Maison,80.0,143700.0,1796.25,2024-01-18
Gevrey-Chambertin,21295,21220,Maison,66.0,190000.0,2878.79,2024-01-15
Gevrey-Chambertin,21295,21220,Maison,64.0,173850.0,2716.41,2024-01-08
Sincey-lès-Rouvray,21608,21530,Maison,40.0,23000.0,575.0,2024-01-16
Larrey,21343,21330,Maison,27.0,11000.0,407.41,2024-01-17
Larrey,21343,21330,Maison,27.0,11000.0,407.41,2024-01-17
Dijon,21231,21000,Appartement,50.0,179000.0,3580.0,2024-01-05
Longecourt-en-Plaine,21353,21110,Maison,120.0,303800.0,2531.67,2024-01-04
Dijon,21231,21000,Appartement,41.0,115297.88,2812.14,2024-01-05
Talant,21617,21240,Appartement,48.0,162500.0,3385.42,2024-01-02
Selongey,21599,21260,Maison,124.0,199750.0,1610.89,2024-01-02
Selongey,21599,21260,Maison,124.0,199750.0,1610.89,2024-01-02
Dijon,21231,21000,Appartement,39.0,130000.0,3333.33,2024-01-12
Précy-sous-Thil,21505,21390,Maison,121.0,180000.0,1487.6,2024-01-12
Dijon,21231,21000,Appartement,70.0,176000.0,2514.29,2024-01-11
Belleneuve,21060,21310,Maison,48.0,152700.0,3181.25,2024-01-08
Venarey-les-Laumes,21663,21150,Maison,93.0,120000.0,1290.32,2024-01-12
Fontaine-Française,21277,21610,Maison,127.0,210000.0,1653.54,2024-01-08
Saint-Apollinaire,21540,21850,Appartement,51.0,190000.0,3725.49,2024-01-04
Dijon,21231,21000,Appartement,60.0,115200.0,1920.0,2024-01-19
Gergueil,21293,21410,Maison,47.0,110000.0,2340.43,2024-01-22
Essey,21251,21320,Maison,88.0,170000.0,1931.82,2024-01-22
Dijon,21231,21000,Appartement,12.0,22000.0,1833.33,2024-01-11
Saint-Apollinaire,21540,21850,Appartement,80.0,178000.0,2225.0,2024-01-12
Saint-Rémy,21568,21500,Maison,43.0,75000.0,1744.19,2024-01-09
Saint-Rémy,21568,21500,Maison,85.0,155000.0,1823.53,2024-01-13
Dampierre-en-Montagne,21224,21350,Maison,94.0,50000.0,531.91,2024-01-10
Dijon,21231,21000,Appartement,39.0,93000.0,2384.62,2024-01-12
Bligny-lès-Beaune,21086,21200,Maison,78.0,281376.6,3607.39,2024-01-15
Beaune,21054,21200,Appartement,48.0,140000.0,2916.67,2024-01-17
Chenôve,21166,21300,Appartement,80.0,167850.0,2098.12,2024-01-08
Talant,21617,21240,Appartement,137.0,255000.0,1861.31,2024-01-19
Senailly,21604,21500,Maison,157.0,245000.0,1560.51,2024-01-22
Senailly,21604,21500,Maison,157.0,245000.0,1560.51,2024-01-22
Marliens,21388,21110,Maison,128.0,310000.0,2421.88,2024-01-19
Beaune,21054,21200,Maison,239.0,680000.0,2845.19,2024-01-15
Beaune,21054,21200,Maison,239.0,680000.0,2845.19,2024-01-15
Longeault-Pluvault,21352,21110,Maison,117.0,241500.0,2064.1,2024-01-11
Dijon,21231,21000,Appartement,41.0,70000.0,1707.32,2024-01-11
Neuilly-lès-Dijon,21452,21800,Maison,93.0,257350.0,2767.2,2024-01-17
Dijon,21231,21000,Appartement,30.0,75000.0,2500.0,2024-01-04
Chenôve,21166,21300,Maison,71.0,160000.0,2253.52,2024-01-05
Commarin,21187,21320,Maison,105.0,209900.0,1999.05,2024-01-09
Commarin,21187,21320,Maison,105.0,209900.0,1999.05,2024-01-09
Dijon,21231,21000,Appartement,52.0,180700.0,3475.0,2024-01-23
Dijon,21231,21000,Appartement,72.0,255550.0,3549.31,2024-01-19
Fontaine-lès-Dijon,21278,21121,Maison,107.0,343200.0,3207.48,2024-01-08
La Roche-en-Brenil,21525,21530,Maison,135.0,250000.0,1851.85,2024-01-15
Meursault,21412,21190,Maison,79.0,220000.0,2784.81,2024-01-05
Dijon,21231,21000,Appartement,106.0,464000.0,4377.36,2024-01-12
Dijon,21231,21000,Appartement,53.0,105000.0,1981.13,2024-01-05
Dijon,21231,21000,Appartement,68.0,208700.0,3069.12,2024-01-18
Chevigny-Saint-Sauveur,21171,21800,Maison,147.0,413250.0,2811.22,2024-01-10
Saint-Jean-de-Losne,21554,21170,Appartement,60.0,57450.0,957.5,2024-01-04
Dijon,21231,21000,Appartement,53.0,141000.0,2660.38,2024-01-05
Beaune,21054,21200,Maison,88.0,205000.0,2329.55,2024-01-11
Dijon,21231,21000,Appartement,46.0,167500.0,3641.3,2024-01-12
Poinçon-lès-Larrey,21488,21330,Maison,82.0,10000.0,121.95,2024-01-20
Poinçon-lès-Larrey,21488,21330,Maison,82.0,10000.0,121.95,2024-01-20
Dijon,21231,21000,Appartement,116.0,292500.0,2521.55,2024-01-05
Dijon,21231,21000,Appartement,38.0,185000.0,4868.42,2024-01-12
Dijon,21231,21000,Appartement,83.0,133000.0,1602.41,2024-01-11
Dijon,21231,21000,Appartement,41.0,105700.0,2578.05,2024-01-10
La Motte-Ternant,21445,21210,Maison,79.0,58000.0,734.18,2024-01-15
Chenôve,21166,21300,Appartement,55.0,85000.0,1545.45,2024-01-23
Dijon,21231,21000,Maison,89.0,225000.0,2528.09,2024-01-15
Dijon,21231,21000,Appartement,64.0,170000.0,2656.25,2024-01-10
Lamarche-sur-Saône,21337,21760,Maison,93.0,173000.0,1860.22,2024-01-15
Dijon,21231,21000,Appartement,43.0,139000.0,3232.56,2024-01-11
Dijon,21231,21000,Maison,110.0,567600.0,5160.0,2024-01-12
Dijon,21231,21000,Maison,110.0,567600.0,5160.0,2024-01-12
Dijon,21231,21000,Appartement,22.0,102300.0,4650.0,2024-01-26
Is-sur-Tille,21317,21120,Maison,113.0,128000.0,1132.74,2024-01-16
Dijon,21231,21000,Appartement,28.0,71500.0,2553.57,2024-01-10
Dijon,21231,21000,Appartement,37.0,124294.0,3359.3,2024-01-05
Neuilly-lès-Dijon,21452,21800,Maison,111.0,292000.0,2630.63,2024-01-08
Dijon,21231,21000,Appartement,26.0,94000.0,3615.38,2024-01-10
Frôlois,21288,21150,Maison,145.0,20400.0,140.69,2024-01-17
Frôlois,21288,21150,Maison,145.0,20400.0,140.69,2024-01-17
Vonges,21713,21270,Maison,17.0,28000.0,1647.06,2024-01-08
Beaune,21054,21200,Maison,99.0,372000.0,3757.58,2024-01-09
Dijon,21231,21000,Appartement,29.0,48400.0,1668.97,2024-01-08
Dijon,21231,21000,Appartement,20.0,175000.0,8750.0,2024-01-25
Dijon,21231,21000,Appartement,22.0,175000.0,7954.55,2024-01-25
Genlis,21292,21110,Appartement,56.0,91000.0,1625.0,2024-01-12
Vielverge,21680,21270,Maison,74.0,54000.0,729.73,2024-01-11
Auxonne,21038,21130,Maison,102.0,230700.0,2261.76,2024-01-15
Voulaines-les-Templiers,21717,21290,Maison,168.0,27000.0,160.71,2024-01-23
Dijon,21231,21000,Appartement,57.0,114000.0,2000.0,2024-01-12
Dijon,21231,21000,Appartement,60.0,83500.0,1391.67,2024-01-03
Dijon,21231,21000,Appartement,60.0,83500.0,1391.67,2024-01-03
Dijon,21231,21000,Appartement,42.0,83500.0,1988.1,2024-01-03
Dijon,21231,21000,Appartement,33.0,83500.0,2530.3,2024-01-03
Dijon,21231,21000,Appartement,80.0,83500.0,1043.75,2024-01-03
Dijon,21231,21000,Appartement,30.0,83500.0,2783.33,2024-01-03
Dijon,21231,21000,Appartement,28.0,63000.0,2250.0,2024-01-03
Dijon,21231,21000,Appartement,56.0,120980.0,2160.36,2024-01-05
Bussy-le-Grand,21122,21150,Maison,92.0,359810.7,3910.99,2024-01-25
Dijon,21231,21000,Maison,77.0,268500.0,3487.01,2024-01-12
Dijon,21231,21000,Maison,97.0,300000.0,3092.78,2024-01-12
Villars-et-Villenotte,21689,21140,Maison,170.0,285750.0,1680.88,2024-01-19
Marsannay-la-Côte,21390,21160,Maison,95.0,233000.0,2452.63,2024-01-19
Chenôve,21166,21300,Appartement,65.0,83000.0,1276.92,2024-01-24
Dijon,21231,21000,Appartement,36.0,405450.0,11262.5,2024-01-25
Dijon,21231,21000,Appartement,32.0,405450.0,12670.31,2024-01-25
Dijon,21231,21000,Appartement,42.0,405450.0,9653.57,2024-01-25
Dijon,21231,21000,Appartement,25.0,120000.0,4800.0,2024-01-10
Montbard,21425,21500,Appartement,79.0,103000.0,1303.8,2024-01-25
Villers-la-Faye,21698,21700,Maison,90.0,246500.0,2738.89,2024-01-16
Villargoix,21687,21210,Maison,142.0,46112.0,324.73,2024-01-09
Blaisy-Haut,21081,21540,Maison,121.0,170000.0,1404.96,2024-01-11
Dijon,21231,21000,Maison,44.0,161000.0,3659.09,2024-01-25
Thorey-sous-Charny,21633,21350,Maison,150.0,120000.0,800.0,2024-01-11
Morey-Saint-Denis,21442,21220,Maison,150.0,230000.0,1533.33,2024-01-10
Dijon,21231,21000,Appartement,14.0,57000.0,4071.43,2024-01-22
Diénay,21230,21120,Maison,99.0,269000.0,2717.17,2024-01-24
Villers-la-Faye,21698,21700,Maison,122.0,326950.0,2679.92,2024-01-12
Fontaine-lès-Dijon,21278,21121,Appartement,70.0,252000.0,3600.0,2024-01-11
Boussenois,21096,21260,Maison,188.0,231500.0,1231.38,2024-01-22
Dijon,21231,21000,Appartement,85.0,196050.0,2306.47,2024-01-12
Dijon,21231,21000,Appartement,30.0,95000.0,3166.67,2024-01-16
Liernais,21349,21430,Maison,195.0,30000.0,153.85,2024-01-10
Saint-Apollinaire,21540,21850,Maison,89.0,240000.0,2696.63,2024-01-12
Dijon,21231,21000,Appartement,63.0,127500.0,2023.81,2024-01-04
Dijon,21231,21000,Appartement,73.0,127500.0,1746.58,2024-01-04
Dijon,21231,21000,Appartement,52.0,141100.0,2713.46,2024-01-22
Reulle-Vergy,21523,21220,Maison,126.0,112000.0,888.89,2024-01-19
Dijon,21231,21000,Appartement,54.0,133000.0,2462.96,2024-01-03
Cussy-la-Colonne,21221,21360,Maison,40.0,15000.0,375.0,2024-01-25
Bessey-lès-Cîteaux,21067,21110,Maison,113.0,272000.0,2407.08,2024-01-11
Lamargelle,21338,21440,Maison,107.0,91000.0,850.47,2024-01-05
Vitteaux,21710,21350,Appartement,32.0,96000.0,3000.0,2024-01-15
Vitteaux,21710,21350,Appartement,87.0,96000.0,1103.45,2024-01-15
Vitteaux,21710,21350,Appartement,25.0,96000.0,3840.0,2024-01-15
Vitteaux,21710,21350,Appartement,25.0,96000.0,3840.0,2024-01-15
Dijon,21231,21000,Appartement,20.0,120001.0,6000.05,2024-01-19
Fontaine-lès-Dijon,21278,21121,Appartement,70.0,124000.0,1771.43,2024-01-09
Dijon,21231,21000,Appartement,38.0,224000.0,5894.74,2024-01-24
Beaune,21054,21200,Maison,140.0,590000.0,4214.29,2024-01-08
Bretigny,21107,21490,Maison,202.0,732000.0,3623.76,2024-01-17
Bretigny,21107,21490,Maison,202.0,732000.0,3623.76,2024-01-17
Chenôve,21166,21300,Maison,128.0,390000.0,3046.88,2024-01-24
Chevigny-Saint-Sauveur,21171,21800,Appartement,60.0,172100.0,2868.33,2024-01-11
Les Goulles,21303,21520,Maison,98.0,59750.0,609.69,2024-01-16
Chevigny-Saint-Sauveur,21171,21800,Maison,130.0,275700.0,2120.77,2024-01-11
Dijon,21231,21000,Appartement,10.0,31780.0,3178.0,2024-01-19
Lucenay-le-Duc,21358,21150,Maison,210.0,304000.0,1447.62,2024-01-13
Échenon,21239,21170,Maison,100.0,235020.0,2350.2,2024-01-11
Toutry,21642,21460,Maison,143.0,223100.0,1560.14,2024-01-10
Toutry,21642,21460,Maison,143.0,223100.0,1560.14,2024-01-10
Marsannay-la-Côte,21390,21160,Maison,82.0,234100.0,2854.88,2024-01-17
Chevigny-Saint-Sauveur,21171,21800,Appartement,20.0,53220.0,2661.0,2024-01-17
Meilly-sur-Rouvres,21399,21320,Maison,80.0,45000.0,562.5,2024-01-10
Saulieu,21584,21210,Maison,66.0,85000.0,1287.88,2024-01-12
Dijon,21231,21000,Appartement,64.0,185000.0,2890.62,2024-01-05
Chenôve,21166,21300,Appartement,71.0,108430.0,1527.18,2024-01-15
Dijon,21231,21000,Appartement,47.0,145300.0,3091.49,2024-01-18
Arnay-le-Duc,21023,21230,Maison,110.0,80000.0,727.27,2024-01-09
Talant,21617,21240,Maison,93.0,280000.0,3010.75,2024-01-11
Dijon,21231,21000,Maison,66.0,352500.0,5340.91,2024-01-15
Dijon,21231,21000,Appartement,75.0,253700.0,3382.67,2024-01-15
Jallanges,21322,21250,Maison,68.0,42000.0,617.65,2024-01-29
Jallanges,21322,21250,Maison,68.0,42000.0,617.65,2024-01-29
Dijon,21231,21000,Appartement,46.0,105000.0,2282.61,2024-01-19
Dijon,21231,21000,Appartement,29.0,119514.0,4121.17,2024-01-12
Montberthault,21426,21460,Maison,120.0,222000.0,1850.0,2024-01-17
Remilly-sur-Tille,21521,21560,Maison,100.0,285000.0,2850.0,2024-01-15
Chevigny-Saint-Sauveur,21171,21800,Maison,128.0,299950.0,2343.36,2024-01-19
Mesmont,21406,21540,Maison,153.0,266000.0,1738.56,2024-01-30
Saint-Seine-l'Abbaye,21573,21440,Maison,75.0,210000.0,2800.0,2024-01-13
Dijon,21231,21000,Appartement,65.0,113000.0,1738.46,2024-01-12
Dijon,21231,21000,Appartement,78.0,66000.0,846.15,2024-01-12
Remilly-sur-Tille,21521,21560,Maison,161.0,558000.0,3465.84,2024-01-17
Dijon,21231,21000,Appartement,37.0,165200.0,4464.86,2024-01-22
Dijon,21231,21000,Appartement,25.0,52500.0,2100.0,2024-01-29
Chevigny-Saint-Sauveur,21171,21800,Appartement,27.0,78100.0,2892.59,2024-01-25
Savigny-le-Sec,21591,21380,Maison,97.0,296800.0,3059.79,2024-01-26
Dijon,21231,21000,Appartement,51.0,108200.0,2121.57,2024-01-19
Dijon,21231,21000,Appartement,53.0,165000.0,3113.21,2024-01-23
Dijon,21231,21000,Appartement,65.0,171150.0,2633.08,2024-01-22
Bonnencontre,21089,21250,Maison,135.0,205300.0,1520.74,2024-01-19
Dijon,21231,21000,Appartement,80.0,169000.0,2112.5,2024-01-19
Chevigny-en-Valière,21170,21200,Maison,94.0,231610.0,2463.94,2024-01-24
Dijon,21231,21000,Appartement,18.0,106500.0,5916.67,2024-01-19
Dijon,21231,21000,Appartement,39.0,104000.0,2666.67,2024-01-19
Saint-Bernard,21542,21700,Maison,88.0,258200.0,2934.09,2024-01-23
Dijon,21231,21000,Appartement,39.0,95500.0,2448.72,2024-01-17
Arcenant,21017,21700,Maison,60.0,145000.0,2416.67,2024-01-25
Nuits-Saint-Georges,21464,21700,Appartement,31.0,74500.0,2403.23,2024-01-17
Arnay-le-Duc,21023,21230,Maison,90.0,145000.0,1611.11,2024-01-16
Dijon,21231,21000,Appartement,52.0,114000.0,2192.31,2024-01-20
Mâlain,21373,21410,Maison,105.0,209000.0,1990.48,2024-01-19
Précy-sous-Thil,21505,21390,Maison,93.0,70000.0,752.69,2024-01-24
Dijon,21231,21000,Appartement,34.0,103500.0,3044.12,2024-01-09
Chevigny-Saint-Sauveur,21171,21800,Maison,112.0,262250.0,2341.52,2024-01-24
Frôlois,21288,21150,Maison,140.0,205500.0,1467.86,2024-01-12
Frôlois,21288,21150,Maison,140.0,205500.0,1467.86,2024-01-12
Aubigny-lès-Sombernon,21033,21540,Maison,18.0,55000.0,3055.56,2024-01-22
Aubigny-lès-Sombernon,21033,21540,Maison,18.0,55000.0,3055.56,2024-01-22
Dijon,21231,21000,Appartement,22.0,87000.0,3954.55,2024-01-29
Dijon,21231,21000,Appartement,21.0,71300.0,3395.24,2024-01-12
Longvic,21355,21600,Maison,95.0,190000.0,2000.0,2024-01-26
Dijon,21231,21000,Appartement,100.0,325000.0,3250.0,2024-01-11
Détain-et-Bruant,21228,21220,Maison,185.0,296900.0,1604.86,2024-01-19
Détain-et-Bruant,21228,21220,Maison,185.0,296900.0,1604.86,2024-01-19
Détain-et-Bruant,21228,21220,Maison,185.0,296900.0,1604.86,2024-01-19
Dijon,21231,21000,Maison,105.0,380000.0,3619.05,2024-01-09
Villy-en-Auxois,21707,21350,Appartement,62.0,230000.0,3709.68,2024-01-09
Villy-en-Auxois,21707,21350,Appartement,122.0,230000.0,1885.25,2024-01-09
Villy-en-Auxois,21707,21350,Appartement,82.0,230000.0,2804.88,2024-01-09
Villy-en-Auxois,21707,21350,Appartement,123.0,230000.0,1869.92,2024-01-09
Villy-en-Auxois,21707,21350,Appartement,72.0,230000.0,3194.44,2024-01-09
Villy-en-Auxois,21707,21350,Appartement,132.0,230000.0,1742.42,2024-01-09
Villy-en-Auxois,21707,21350,Appartement,92.0,230000.0,2500.0,2024-01-09
Pothières,21499,21400,Maison,82.0,75500.0,920.73,2024-01-17
Quetigny,21515,21800,Appartement,69.0,246200.0,3568.12,2024-01-09
Dijon,21231,21000,Appartement,61.0,289000.0,4737.7,2024-01-24
Dijon,21231,21000,Appartement,58.0,289000.0,4982.76,2024-01-24
Viserny,21709,21500,Maison,46.0,59000.0,1282.61,2024-01-27
Talmay,21618,21270,Maison,97.0,120000.0,1237.11,2024-01-10
Talmay,21618,21270,Maison,97.0,120000.0,1237.11,2024-01-10
Dijon,21231,21000,Appartement,72.0,107000.0,1486.11,2024-01-25
Dijon,21231,21000,Appartement,66.0,181000.0,2742.42,2024-01-17
Marcilly-sur-Tille,21383,21120,Maison,140.0,255000.0,1821.43,2024-01-30
Lux,21361,21120,Maison,82.0,100000.0,1219.51,2024-01-31
Talant,21617,21240,Appartement,60.0,128500.0,2141.67,2024-01-19
Dijon,21231,21000,Appartement,68.0,259000.0,3808.82,2024-01-29
Quetigny,21515,21800,Appartement,54.0,86500.0,1601.85,2024-01-19
Marey-sur-Tille,21385,21120,Maison,144.0,161000.0,1118.06,2024-01-26
Dijon,21231,21000,Appartement,82.0,207000.0,2524.39,2024-01-19
Villedieu,21693,21330,Maison,20.0,15000.0,750.0,2024-01-08
Villedieu,21693,21330,Maison,20.0,15000.0,750.0,2024-01-08
Dijon,21231,21000,Appartement,55.0,119000.0,2163.64,2024-01-15
Dijon,21231,21000,Appartement,67.0,135000.0,2014.93,2024-01-26
Saffres,21537,21350,Maison,130.0,196059.3,1508.15,2024-01-31
Fixin,21265,21220,Maison,160.0,475000.0,2968.75,2024-01-18
Clamerey,21177,21390,Maison,70.0,61000.0,871.43,2024-01-30
Dompierre-en-Morvan,21232,21390,Maison,90.0,142000.0,1577.78,2024-02-02
Dijon,21231,21000,Maison,64.0,200000.0,3125.0,2024-01-23
Belleneuve,21060,21310,Maison,115.0,310500.0,2700.0,2024-01-19
Quetigny,21515,21800,Maison,81.0,279450.0,3450.0,2024-01-19
Talant,21617,21240,Maison,192.0,613000.0,3192.71,2024-01-19
Longecourt-en-Plaine,21353,21110,Maison,85.0,260000.0,3058.82,2024-01-17
Dijon,21231,21000,Appartement,111.0,209000.0,1882.88,2024-01-24
Épagny,21245,21380,Maison,100.0,272150.0,2721.5,2024-01-17
Dijon,21231,21000,Appartement,37.0,90000.0,2432.43,2024-01-18
Beaune,21054,21200,Appartement,64.0,140000.0,2187.5,2024-01-22
Dijon,21231,21000,Appartement,73.0,360000.0,4931.51,2024-01-25
Beaune,21054,21200,Maison,70.0,170000.0,2428.57,2024-02-02
Beaune,21054,21200,Maison,70.0,170000.0,2428.57,2024-02-02
Longvic,21355,21600,Appartement,58.0,65600.0,1131.03,2024-01-24
Dijon,21231,21000,Appartement,35.0,95000.0,2714.29,2024-02-01
Dijon,21231,21000,Appartement,68.0,82455.0,1212.57,2024-01-09
Dijon,21231,21000,Appartement,49.0,122000.0,2489.8,2024-02-01
Dijon,21231,21000,Appartement,70.0,150000.0,2142.86,2024-01-23
Dijon,21231,21000,Maison,42.0,202000.0,4809.52,2024-01-24
Quetigny,21515,21800,Appartement,54.0,83550.0,1547.22,2024-01-18
Brazey-en-Plaine,21103,21470,Maison,180.0,240000.0,1333.33,2024-01-31
Neuilly-lès-Dijon,21452,21800,Maison,95.0,252100.0,2653.68,2024-01-26
Fontaine-lès-Dijon,21278,21121,Appartement,47.0,142000.0,3021.28,2024-01-31
Auxonne,21038,21130,Maison,93.0,200000.0,2150.54,2024-01-15
Auxonne,21038,21130,Maison,93.0,200000.0,2150.54,2024-01-15
Bligny-sur-Ouche,21087,21360,Maison,53.0,40000.0,754.72,2024-01-26
Dijon,21231,21000,Appartement,39.0,132000.0,3384.62,2024-01-25
Marcilly-sur-Tille,21383,21120,Appartement,42.0,450000.0,10714.29,2024-02-02
Marcilly-sur-Tille,21383,21120,Appartement,157.0,450000.0,2866.24,2024-02-02
Marcilly-sur-Tille,21383,21120,Appartement,22.0,450000.0,20454.55,2024-02-02
Marcilly-sur-Tille,21383,21120,Appartement,63.0,450000.0,7142.86,2024-02-02
Marcilly-sur-Tille,21383,21120,Appartement,55.0,450000.0,8181.82,2024-02-02
Marcilly-sur-Tille,21383,21120,Appartement,37.0,450000.0,12162.16,2024-02-02
Savigny-lès-Beaune,21590,21420,Maison,89.0,323900.0,3639.33,2024-01-25
Vertault,21671,21330,Maison,140.0,121000.0,864.29,2024-01-24
Nolay,21461,21340,Maison,68.0,162000.0,2382.35,2024-01-30
Nolay,21461,21340,Maison,68.0,162000.0,2382.35,2024-01-30
Dijon,21231,21000,Appartement,50.0,60000.0,1200.0,2024-01-19
Dijon,21231,21000,Appartement,85.0,81500.0,958.82,2024-01-29
Talant,21617,21240,Appartement,32.0,84000.0,2625.0,2024-01-24
Prâlon,21504,21410,Maison,90.0,76000.0,844.44,2024-01-12
Dijon,21231,21000,Appartement,60.0,172000.0,2866.67,2024-01-26
Dijon,21231,21000,Maison,164.0,403000.0,2457.32,2024-01-15
Heuilley-sur-Saône,21316,21270,Maison,58.0,88500.0,1525.86,2024-01-24
Belleneuve,21060,21310,Maison,100.0,175000.0,1750.0,2024-01-25
Dijon,21231,21000,Appartement,72.0,218000.0,3027.78,2024-01-31
Dijon,21231,21000,Appartement,24.0,58000.0,2416.67,2024-01-25
Dijon,21231,21000,Appartement,30.0,104500.0,3483.33,2024-01-31
Savigny-lès-Beaune,21590,21420,Appartement,64.0,143000.0,2234.38,2024-01-29
Fleurey-sur-Ouche,21273,21410,Maison,40.0,45000.0,1125.0,2024-01-11
Chenôve,21166,21300,Appartement,41.0,99000.0,2414.63,2024-01-25
Léry,21345,21440,Maison,77.0,52000.0,675.32,2024-01-24
Nolay,21461,21340,Maison,117.0,106000.0,905.98,2024-01-24
Chevigny-Saint-Sauveur,21171,21800,Maison,85.0,243900.0,2869.41,2024-01-15
Talmay,21618,21270,Maison,80.0,112900.0,1411.25,2024-01-15
Dijon,21231,21000,Appartement,53.0,142200.0,2683.02,2024-01-24
Chenôve,21166,21300,Appartement,71.0,68000.0,957.75,2024-01-31
Dijon,21231,21000,Appartement,75.0,7500.0,100.0,2024-02-05
Pernand-Vergelesses,21480,21420,Maison,83.0,225000.0,2710.84,2024-01-26
Beaune,21054,21200,Appartement,57.0,325000.0,5701.75,2024-01-16
Beaune,21054,21200,Appartement,158.0,325000.0,2056.96,2024-01-16
Bligny-lès-Beaune,21086,21200,Maison,98.0,260600.0,2659.18,2024-01-15
Beaune,21054,21200,Appartement,67.0,125000.0,1865.67,2024-02-01
Dijon,21231,21000,Appartement,37.0,117000.0,3162.16,2024-01-30
Beaune,21054,21200,Maison,100.0,185000.0,1850.0,2024-01-24
Dijon,21231,21000,Appartement,70.0,278400.0,3977.14,2024-01-24
Dijon,21231,21000,Appartement,96.0,279000.0,2906.25,2024-01-24
Genlis,21292,21110,Appartement,68.0,58784.0,864.47,2024-01-23
Couchey,21200,21160,Maison,90.0,242000.0,2688.89,2024-02-06
Saint-Apollinaire,21540,21850,Maison,92.0,237000.0,2576.09,2024-02-06
Quetigny,21515,21800,Appartement,92.0,293500.0,3190.22,2024-01-23
Bouilland,21092,21420,Maison,42.0,67000.0,1595.24,2024-01-30
Charmes,21146,21310,Maison,102.0,307200.0,3011.76,2024-01-15
Dijon,21231,21000,Maison,80.0,210000.0,2625.0,2024-01-29
Saint-Apollinaire,21540,21850,Appartement,80.0,197890.0,2473.62,2024-01-31
Chenôve,21166,21300,Appartement,60.0,70500.0,1175.0,2024-01-30
Venarey-les-Laumes,21663,21150,Maison,36.0,96250.0,2673.61,2024-01-08
Venarey-les-Laumes,21663,21150,Maison,69.0,96250.0,1394.93,2024-01-08
Longvic,21355,21600,Appartement,18.0,69000.0,3833.33,2024-01-25
Venarey-les-Laumes,21663,21150,Maison,69.0,94684.0,1372.23,2024-01-08
Venarey-les-Laumes,21663,21150,Maison,36.0,94684.0,2630.11,2024-01-08
Dijon,21231,21000,Appartement,70.0,287650.0,4109.29,2024-01-25
Venarey-les-Laumes,21663,21150,Maison,36.0,96250.0,2673.61,2024-01-08
Venarey-les-Laumes,21663,21150,Maison,69.0,96250.0,1394.93,2024-01-08
Messanges,21407,21220,Maison,78.0,200200.0,2566.67,2024-01-29
Dijon,21231,21000,Appartement,60.0,132000.0,2200.0,2024-01-12
Seurre,21607,21250,Maison,60.0,160000.0,2666.67,2024-02-07
Dijon,21231,21000,Appartement,30.0,95000.0,3166.67,2024-01-26
Brochon,21110,21220,Appartement,47.0,305000.0,6489.36,2024-01-10
Brochon,21110,21220,Appartement,85.0,305000.0,3588.24,2024-01-10
Dijon,21231,21000,Appartement,44.0,95000.0,2159.09,2024-01-29
Dijon,21231,21000,Appartement,71.0,202000.0,2845.07,2024-01-24
Auxey-Duresses,21037,21190,Maison,120.0,336000.0,2800.0,2024-01-24
Dijon,21231,21000,Appartement,26.0,102000.0,3923.08,2024-01-12
Dijon,21231,21000,Maison,80.0,295000.0,3687.5,2024-01-17
Essey,21251,21320,Appartement,46.0,63000.0,1369.57,2024-02-06
Monthelie,21428,21190,Maison,177.0,383270.0,2165.37,2024-01-31
Monthelie,21428,21190,Maison,177.0,383270.0,2165.37,2024-01-31
Fontaines-en-Duesmois,21276,21450,Maison,70.0,110000.0,1571.43,2024-01-12
Dijon,21231,21000,Appartement,28.0,66500.0,2375.0,2024-01-30
Dijon,21231,21000,Appartement,49.0,112500.0,2295.92,2024-01-17
Auvillars-sur-Saône,21035,21250,Maison,100.0,252040.0,2520.4,2024-01-31
Longecourt-en-Plaine,21353,21110,Maison,96.0,21666.66,225.69,2024-01-18
Dijon,21231,21000,Appartement,53.0,130000.0,2452.83,2024-01-30
Pouilly-en-Auxois,21501,21320,Maison,102.0,240550.0,2358.33,2024-01-08
Dijon,21231,21000,Appartement,43.0,97000.0,2255.81,2024-02-02
Dijon,21231,21000,Maison,114.0,290000.0,2543.86,2024-01-31
Chevigny-Saint-Sauveur,21171,21800,Appartement,69.0,185000.0,2681.16,2024-01-29
Bretigny,21107,21490,Maison,190.0,535000.0,2815.79,2024-01-29
Bretigny,21107,21490,Maison,190.0,535000.0,2815.79,2024-01-29
Dijon,21231,21000,Appartement,65.0,183250.0,2819.23,2024-01-24
Dijon,21231,21000,Appartement,75.0,208000.0,2773.33,2024-01-25
Talant,21617,21240,Appartement,55.0,161791.0,2941.65,2024-01-26
Gevrey-Chambertin,21295,21220,Maison,85.0,255000.0,3000.0,2024-01-26
Vanvey,21655,21400,Maison,80.0,90000.0,1125.0,2024-01-12
Vanvey,21655,21400,Maison,112.0,90000.0,803.57,2024-01-12
Dijon,21231,21000,Appartement,19.0,54100.0,2847.37,2024-01-31
Dijon,21231,21000,Appartement,51.0,124000.0,2431.37,2024-02-05
Is-sur-Tille,21317,21120,Maison,90.0,250000.0,2777.78,2024-02-08
Tillenay,21639,21130,Maison,143.0,310000.0,2167.83,2024-01-22
Dijon,21231,21000,Appartement,54.0,110000.0,2037.04,2024-01-19
Dijon,21231,21000,Appartement,65.0,172700.0,2656.92,2024-02-05
Dijon,21231,21000,Maison,114.0,255600.0,2242.11,2024-01-22
Dijon,21231,21000,Appartement,74.0,205370.0,2775.27,2024-01-19
Dijon,21231,21000,Appartement,51.0,205370.0,4026.86,2024-01-19
Auxonne,21038,21130,Appartement,49.0,54000.0,1102.04,2024-01-25
Dijon,21231,21000,Appartement,78.0,170000.0,2179.49,2024-01-26
Dijon,21231,21000,Appartement,72.0,285000.0,3958.33,2024-01-26
Venarey-les-Laumes,21663,21150,Appartement,79.0,32000.0,405.06,2024-01-26
Venarey-les-Laumes,21663,21150,Maison,80.0,32000.0,400.0,2024-01-26
Hauteville-lès-Dijon,21315,21121,Maison,179.0,535000.0,2988.83,2024-01-26
Dijon,21231,21000,Maison,196.0,619250.0,3159.44,2024-02-02
Dijon,21231,21000,Appartement,21.0,50000.0,2380.95,2024-01-26
Dijon,21231,21000,Appartement,74.0,118000.0,1594.59,2024-02-02
Dijon,21231,21000,Appartement,70.0,190000.0,2714.29,2024-01-11
Dijon,21231,21000,Appartement,64.0,92700.0,1448.44,2024-01-12
Fénay,21263,21600,Maison,113.0,295000.0,2610.62,2024-01-19
Bouix,21093,21330,Maison,64.0,128500.0,2007.81,2024-01-16
Selongey,21599,21260,Maison,105.0,120000.0,1142.86,2024-01-24
Selongey,21599,21260,Maison,105.0,120000.0,1142.86,2024-01-24
Dijon,21231,21000,Appartement,62.0,125000.0,2016.13,2024-02-01
Cessey-sur-Tille,21126,21110,Appartement,89.0,242000.0,2719.1,2024-01-29
Cessey-sur-Tille,21126,21110,Appartement,99.0,242000.0,2444.44,2024-01-29
Massingy,21393,21400,Maison,85.0,60000.0,705.88,2024-01-10
Massingy,21393,21400,Maison,90.0,60000.0,666.67,2024-01-10
Dijon,21231,21000,Appartement,85.0,254000.0,2988.24,2024-01-29
Dijon,21231,21000,Maison,90.0,247650.0,2751.67,2024-02-01
Chenôve,21166,21300,Appartement,67.0,54500.0,813.43,2024-01-16
Selongey,21599,21260,Maison,73.0,125000.0,1712.33,2024-01-23
Dijon,21231,21000,Appartement,34.0,90000.0,2647.06,2024-02-09
Chenôve,21166,21300,Appartement,69.0,129930.0,1883.04,2024-02-02
Dijon,21231,21000,Appartement,50.0,167200.0,3344.0,2024-02-09
Talant,21617,21240,Appartement,74.0,150000.0,2027.03,2024-01-26
Saint-Usage,21577,21170,Maison,74.0,142100.0,1920.27,2024-01-12
Aubigny-en-Plaine,21031,21170,Maison,167.0,311000.0,1862.28,2024-01-15
Dijon,21231,21000,Appartement,61.0,145000.0,2377.05,2024-02-05
Dijon,21231,21000,Appartement,43.0,167100.0,3886.05,2024-01-26
Arc-sur-Tille,21021,21560,Maison,160.0,134900.0,843.12,2024-02-09
Rouvres-en-Plaine,21532,21110,Maison,167.0,332000.0,1988.02,2024-01-25
Quetigny,21515,21800,Maison,83.0,234800.0,2828.92,2024-01-26
Dijon,21231,21000,Appartement,72.0,183000.0,2541.67,2024-02-07
Dijon,21231,21000,Appartement,28.0,105000.0,3750.0,2024-02-08
Aubigny-en-Plaine,21031,21170,Maison,157.0,194000.0,1235.67,2024-01-23
Aubigny-en-Plaine,21031,21170,Maison,157.0,194000.0,1235.67,2024-01-23
Ménessaire,21403,21430,Maison,70.0,80000.0,1142.86,2024-01-19
Lacanche,21334,21230,Maison,49.0,12500.0,255.1,2024-01-26
Neuilly-lès-Dijon,21452,21800,Maison,88.0,240000.0,2727.27,2024-02-08
Vernois-lès-Vesvres,21665,21260,Maison,100.0,105000.0,1050.0,2024-01-30
Magny-sur-Tille,21370,21110,Maison,204.0,550000.0,2696.08,2024-02-07
Quincey,21517,21700,Maison,91.0,210000.0,2307.69,2024-01-30
Neuilly-lès-Dijon,21452,21800,Maison,88.0,236050.0,2682.39,2024-02-02
Genlis,21292,21110,Maison,69.0,125000.0,1811.59,2024-01-29
Dijon,21231,21000,Appartement,38.0,93000.0,2447.37,2024-01-04
Ruffey-lès-Echirey,21535,21490,Appartement,82.0,230000.0,2804.88,2024-02-01
Dijon,21231,21000,Appartement,65.0,146000.0,2246.15,2024-02-02
Dijon,21231,21000,Maison,82.0,289000.0,3524.39,2024-01-31
Beaune,21054,21200,Maison,88.0,220000.0,2500.0,2024-01-12
Brain,21100,21350,Maison,55.0,123000.0,2236.36,2024-02-09
Hauteville-lès-Dijon,21315,21121,Maison,136.0,438000.0,3220.59,2024-01-31
Dijon,21231,21000,Maison,64.0,213767.0,3340.11,2024-01-23
Dijon,21231,21000,Appartement,36.0,474991.0,13194.19,2024-01-19
Dijon,21231,21000,Appartement,55.0,474991.0,8636.2,2024-01-19
Dijon,21231,21000,Appartement,36.0,474991.0,13194.19,2024-01-19
Dijon,21231,21000,Appartement,55.0,474991.0,8636.2,2024-01-19
Dijon,21231,21000,Appartement,36.0,474991.0,13194.19,2024-01-19
Dijon,21231,21000,Appartement,27.0,474991.0,17592.26,2024-01-19
Dijon,21231,21000,Appartement,55.0,474991.0,8636.2,2024-01-19
Dijon,21231,21000,Appartement,55.0,474991.0,8636.2,2024-01-19
Dijon,21231,21000,Appartement,72.0,160500.0,2229.17,2024-02-01
Dijon,21231,21000,Appartement,73.0,214000.0,2931.51,2024-02-01
Auxonne,21038,21130,Appartement,83.0,130000.0,1566.27,2024-01-31
Bouilland,21092,21420,Maison,29.0,48300.0,1665.52,2024-01-30
Dijon,21231,21000,Appartement,72.0,120000.0,1666.67,2024-01-30
Dijon,21231,21000,Appartement,42.0,55000.0,1309.52,2024-02-01
Ahuy,21003,21121,Maison,31.0,185000.0,5967.74,2024-01-31
Saint-Apollinaire,21540,21850,Appartement,81.0,198000.0,2444.44,2024-01-16
Fontaine-lès-Dijon,21278,21121,Appartement,74.0,162000.0,2189.19,2024-01-31
Fauverney,21261,21110,Maison,83.0,260000.0,3132.53,2024-02-08
Dijon,21231,21000,Appartement,31.0,74000.0,2387.1,2024-01-26
Chevigny-Saint-Sauveur,21171,21800,Maison,66.0,199000.0,3015.15,2024-01-25
Agencourt,21001,21700,Maison,95.0,194750.0,2050.0,2024-01-29
Précy-sous-Thil,21505,21390,Maison,156.0,194800.0,1248.72,2024-01-22
Sainte-Marie-la-Blanche,21558,21200,Maison,103.0,340493.72,3305.76,2024-02-05
Barbirey-sur-Ouche,21045,21410,Maison,91.0,265000.0,2912.09,2024-01-26
Dijon,21231,21000,Appartement,35.0,80000.0,2285.71,2024-01-30
Curtil-Vergy,21219,21220,Maison,203.0,449000.0,2211.82,2024-02-08
Dijon,21231,21000,Appartement,25.0,60000.0,2400.0,2024-01-29
Chevigny-Saint-Sauveur,21171,21800,Appartement,73.0,118000.0,1616.44,2024-01-26
Aiserey,21005,21110,Maison,140.0,200000.0,1428.57,2024-02-08
Talant,21617,21240,Appartement,41.0,192600.0,4697.56,2024-01-24
Dijon,21231,21000,Appartement,50.0,158000.0,3160.0,2024-01-16
Dijon,21231,21000,Appartement,61.0,92000.0,1508.2,2024-02-02
Dijon,21231,21000,Appartement,49.0,126000.0,2571.43,2024-02-02
Meursanges,21411,21200,Maison,50.0,86000.0,1720.0,2024-01-29
Châtillon-sur-Seine,21154,21400,Appartement,74.0,200000.0,2702.7,2024-01-31
Châtillon-sur-Seine,21154,21400,Appartement,74.0,200000.0,2702.7,2024-01-31
Châtillon-sur-Seine,21154,21400,Appartement,38.0,200000.0,5263.16,2024-01-31
Dijon,21231,21000,Appartement,59.0,94500.0,1601.69,2024-02-02
Beaune,21054,21200,Appartement,73.0,412500.0,5650.68,2024-02-08
Dijon,21231,21000,Appartement,66.0,347000.0,5257.58,2024-01-26
Longvic,21355,21600,Appartement,72.0,176500.0,2451.39,2024-02-08
Chevigny-Saint-Sauveur,21171,21800,Appartement,35.0,59000.0,1685.71,2024-02-12
Chenôve,21166,21300,Appartement,80.0,57000.0,712.5,2024-01-10
Talant,21617,21240,Maison,104.0,265000.0,2548.08,2024-02-12
Dijon,21231,21000,Appartement,77.0,226000.0,2935.06,2024-01-31
Seurre,21607,21250,Maison,75.0,64000.0,853.33,2024-02-13
Dijon,21231,21000,Appartement,85.0,150000.0,1764.71,2024-01-31
Dijon,21231,21000,Appartement,91.0,141200.0,1551.65,2024-01-26
Chenôve,21166,21300,Appartement,91.0,92800.0,1019.78,2024-01-30
Dijon,21231,21000,Appartement,27.0,138000.0,5111.11,2024-01-12
Dijon,21231,21000,Appartement,72.0,181300.0,2518.06,2024-02-06
Dijon,21231,21000,Appartement,53.0,112880.0,2129.81,2024-01-30
Dijon,21231,21000,Appartement,18.0,49500.0,2750.0,2024-01-30
Vielverge,21680,21270,Maison,15.0,142250.0,9483.33,2024-01-31
Vielverge,21680,21270,Maison,66.0,142250.0,2155.3,2024-01-31
Dijon,21231,21000,Appartement,19.0,52550.0,2765.79,2024-01-31
Dijon,21231,21000,Appartement,23.0,132001.0,5739.17,2024-01-12
Dijon,21231,21000,Maison,120.0,440000.0,3666.67,2024-02-01
Dijon,21231,21000,Appartement,54.0,117500.0,2175.93,2024-02-12
Dijon,21231,21000,Appartement,81.0,215850.0,2664.81,2024-01-23
Dijon,21231,21000,Appartement,42.0,62000.0,1476.19,2024-01-30
Dijon,21231,21000,Appartement,97.0,62000.0,639.18,2024-01-30
Dijon,21231,21000,Appartement,41.0,95000.0,2317.07,2024-01-31
Dijon,21231,21000,Appartement,61.0,83000.0,1360.66,2024-01-18
Chenôve,21166,21300,Maison,115.0,240000.0,2086.96,2024-01-19
Dijon,21231,21000,Appartement,68.0,129700.0,1907.35,2024-01-22
Saulieu,21584,21210,Maison,200.0,420000.0,2100.0,2024-01-19
Chenôve,21166,21300,Appartement,60.0,49000.0,816.67,2024-02-06
Dijon,21231,21000,Appartement,94.0,270000.0,2872.34,2024-02-02
Beaune,21054,21200,Appartement,71.0,117100.0,1649.3,2024-01-26
Chevigny-Saint-Sauveur,21171,21800,Appartement,70.0,127000.0,1814.29,2024-02-09
Gevrey-Chambertin,21295,21220,Appartement,20.0,46000.0,2300.0,2024-02-01
Dijon,21231,21000,Appartement,78.0,302100.0,3873.08,2024-02-01
Dijon,21231,21000,Appartement,22.0,60000.0,2727.27,2024-02-02
Beaune,21054,21200,Maison,37.0,120000.0,3243.24,2024-01-18
Beaune,21054,21200,Maison,73.0,120000.0,1643.84,2024-01-18
Châtellenot,21153,21320,Maison,227.0,348000.0,1533.04,2024-02-15
Venarey-les-Laumes,21663,21150,Maison,67.0,63000.0,940.3,2024-01-23
Dijon,21231,21000,Appartement,88.0,285000.0,3238.64,2024-02-15
Dijon,21231,21000,Appartement,67.0,189000.0,2820.9,2024-02-15
Dijon,21231,21000,Appartement,58.0,105000.0,1810.34,2024-02-12
Venarey-les-Laumes,21663,21150,Appartement,100.0,160000.0,1600.0,2024-01-24
Saint-Philibert,21565,21220,Maison,96.0,265000.0,2760.42,2024-02-07
Arc-sur-Tille,21021,21560,Appartement,39.0,132500.0,3397.44,2024-01-25
Dijon,21231,21000,Appartement,66.0,120000.0,1818.18,2024-02-09
Gemeaux,21290,21120,Maison,115.0,328445.0,2856.04,2024-02-08
Talant,21617,21240,Appartement,77.0,170000.0,2207.79,2024-02-06
Dijon,21231,21000,Appartement,55.0,89000.0,1618.18,2024-01-23
Foncegrive,21275,21260,Maison,177.0,70000.0,395.48,2024-02-08
Chevigny-Saint-Sauveur,21171,21800,Appartement,94.0,106600.0,1134.04,2024-02-13
Ampilly-le-Sec,21012,21400,Maison,140.0,139000.0,992.86,2024-02-13
Corcelles-lès-Cîteaux,21191,21910,Maison,78.0,215000.0,2756.41,2024-02-13
Marsannay-la-Côte,21390,21160,Maison,82.0,183000.0,2231.71,2024-02-12
Saint-Usage,21577,21170,Maison,177.0,350000.0,1977.4,2024-01-23
Brazey-en-Plaine,21103,21470,Maison,82.0,224000.0,2731.71,2024-01-24
Aubigny-en-Plaine,21031,21170,Maison,100.0,258000.0,2580.0,2024-01-19
Fontaine-lès-Dijon,21278,21121,Maison,138.0,552500.0,4003.62,2024-01-22
Laperrière-sur-Saône,21342,21170,Maison,220.0,420000.0,1909.09,2024-01-24
Dijon,21231,21000,Appartement,36.0,115000.0,3194.44,2024-01-17
Aubigny-en-Plaine,21031,21170,Maison,100.0,80002.14,800.02,2024-01-19
Dijon,21231,21000,Appartement,24.0,25000.0,1041.67,2024-01-29
Pothières,21499,21400,Maison,52.0,11500.0,221.15,2024-02-07
Dijon,21231,21000,Appartement,41.0,114000.0,2780.49,2024-02-12
Chenôve,21166,21300,Appartement,76.0,112500.0,1480.26,2024-02-13
Tarsul,21620,21120,Maison,81.0,183700.0,2267.9,2024-02-13
Gilly-lès-Cîteaux,21297,21640,Maison,80.0,210000.0,2625.0,2024-01-29
Nuits-Saint-Georges,21464,21700,Appartement,30.0,65000.0,2166.67,2024-02-06
Dijon,21231,21000,Appartement,54.0,175000.0,3240.74,2024-02-05
Auvillars-sur-Saône,21035,21250,Maison,145.0,264000.0,1820.69,2024-02-14
Saint-Apollinaire,21540,21850,Appartement,78.0,215140.0,2758.21,2024-02-12
Plombières-lès-Dijon,21485,21370,Maison,125.0,256100.0,2048.8,2024-01-29
Quetigny,21515,21800,Appartement,54.0,84000.0,1555.56,2024-02-13
Quetigny,21515,21800,Appartement,81.0,157500.0,1944.44,2024-02-05
Dijon,21231,21000,Maison,82.0,385000.0,4695.12,2024-02-16
Nolay,21461,21340,Maison,70.0,60000.0,857.14,2024-02-14
Dijon,21231,21000,Appartement,54.0,152750.0,2828.7,2024-02-12
Dijon,21231,21000,Appartement,89.0,262000.0,2943.82,2024-02-02
Hauteville-lès-Dijon,21315,21121,Maison,116.0,414500.0,3573.28,2024-02-08
Dijon,21231,21000,Appartement,38.0,80000.0,2105.26,2024-02-08
Seurre,21607,21250,Maison,130.0,300000.0,2307.69,2024-02-09
Longvic,21355,21600,Maison,265.0,455000.0,1716.98,2024-02-09
Dijon,21231,21000,Appartement,110.0,313100.0,2846.36,2024-02-09
Plombières-lès-Dijon,21485,21370,Maison,125.0,350000.0,2800.0,2024-02-06
Dijon,21231,21000,Appartement,40.0,117000.0,2925.0,2024-01-31
Quincy-le-Vicomte,21518,21500,Maison,150.0,120450.0,803.0,2024-02-14
Ampilly-les-Bordes,21011,21450,Maison,106.0,35000.0,330.19,2024-01-31
Châtillon-sur-Seine,21154,21400,Maison,155.0,120000.0,774.19,2024-02-07
Dijon,21231,21000,Maison,93.0,295000.0,3172.04,2024-02-05
Dijon,21231,21000,Appartement,67.0,180100.0,2688.06,2024-02-07
Montbard,21425,21500,Maison,86.0,161000.0,1872.09,2024-02-12
Hauteville-lès-Dijon,21315,21121,Maison,175.0,435000.0,2485.71,2024-02-02
Fontaine-lès-Dijon,21278,21121,Maison,170.0,350000.0,2058.82,2024-02-14
Dijon,21231,21000,Appartement,86.0,190300.0,2212.79,2024-02-14
Marey-sur-Tille,21385,21120,Maison,80.0,80000.0,1000.0,2024-02-14
Fleurey-sur-Ouche,21273,21410,Maison,106.0,305000.0,2877.36,2024-01-29
Chevigny-Saint-Sauveur,21171,21800,Maison,93.0,247000.0,2655.91,2024-01-31
Chevigny-Saint-Sauveur,21171,21800,Appartement,68.0,124000.0,1823.53,2024-01-31
Dijon,21231,21000,Maison,80.0,218000.0,2725.0,2024-01-30
Nesle-et-Massoult,21451,21330,Maison,120.0,130000.0,1083.33,2024-01-23
Is-sur-Tille,21317,21120,Maison,68.0,198600.0,2920.59,2024-02-15
Dijon,21231,21000,Appartement,95.0,65100.0,685.26,2024-02-14
Dijon,21231,21000,Maison,92.0,296800.0,3226.09,2024-02-05
Dijon,21231,21000,Appartement,40.0,145000.0,3625.0,2024-01-31
Dijon,21231,21000,Appartement,21.0,73500.0,3500.0,2024-01-31
Semur-en-Auxois,21603,21140,Appartement,52.0,100900.0,1940.38,2024-02-14
Beaune,21054,21200,Maison,400.0,1896000.0,4740.0,2024-01-23
Beaune,21054,21200,Appartement,103.0,500000.0,4854.37,2024-01-23
Ladoix-Serrigny,21606,21550,Maison,103.0,200000.0,1941.75,2024-01-29
Genlis,21292,21110,Maison,62.0,180000.0,2903.23,2024-02-09
Dijon,21231,21000,Appartement,34.0,65000.0,1911.76,2024-01-31
Dijon,21231,21000,Appartement,30.0,72000.0,2400.0,2024-02-13
Aignay-le-Duc,21004,21510,Maison,90.0,30000.0,333.33,2024-01-31
Beaune,21054,21200,Maison,180.0,1700000.0,9444.44,2024-01-31
Beaune,21054,21200,Maison,160.0,1700000.0,10625.0,2024-01-31
Beaune,21054,21200,Maison,180.0,1700000.0,9444.44,2024-01-31
Beaune,21054,21200,Maison,160.0,1700000.0,10625.0,2024-01-31
Beaune,21054,21200,Maison,180.0,1700000.0,9444.44,2024-01-31
Beaune,21054,21200,Maison,160.0,1700000.0,10625.0,2024-01-31
Dijon,21231,21000,Appartement,29.0,111000.0,3827.59,2024-01-23
Dijon,21231,21000,Appartement,16.0,111000.0,6937.5,2024-01-23
Dijon,21231,21000,Appartement,80.0,150500.0,1881.25,2024-02-01
Arnay-le-Duc,21023,21230,Maison,90.0,53000.0,588.89,2024-02-02
Arc-sur-Tille,21021,21560,Appartement,63.0,170000.0,2698.41,2024-01-31
Dijon,21231,21000,Maison,85.0,342000.0,4023.53,2024-02-16
Dijon,21231,21000,Maison,82.0,220000.0,2682.93,2024-01-31
Dijon,21231,21000,Appartement,86.0,290000.0,3372.09,2024-02-01
Auxonne,21038,21130,Maison,60.0,118000.0,1966.67,2024-01-29
Dijon,21231,21000,Appartement,105.0,296500.0,2823.81,2024-02-15
Dijon,21231,21000,Maison,81.0,228000.0,2814.81,2024-02-15
Velars-sur-Ouche,21661,21370,Maison,83.0,158200.0,1906.02,2024-02-15
Courcelles-lès-Montbard,21204,21500,Maison,115.0,139500.0,1213.04,2024-02-15
Courcelles-lès-Montbard,21204,21500,Maison,30.0,139500.0,4650.0,2024-02-15
Broin,21112,21250,Maison,75.0,100000.0,1333.33,2024-01-23
Genay,21291,21140,Maison,88.0,80000.0,909.09,2024-02-13
Dijon,21231,21000,Appartement,63.0,166000.0,2634.92,2024-01-31
Longeault-Pluvault,21352,21110,Maison,176.0,260000.0,1477.27,2024-01-25
Dijon,21231,21000,Appartement,59.0,125000.0,2118.64,2024-01-30
Liernais,21349,21430,Maison,153.0,250000.0,1633.99,2024-01-31
Bessey-lès-Cîteaux,21067,21110,Maison,103.0,181500.0,1762.14,2024-02-05
Saulieu,21584,21210,Maison,47.0,81500.0,1734.04,2024-01-31
Saulieu,21584,21210,Maison,47.0,81500.0,1734.04,2024-01-31
Saulieu,21584,21210,Maison,47.0,81500.0,1734.04,2024-01-31
Gemeaux,21290,21120,Maison,82.0,160000.0,1951.22,2024-02-06
Seurre,21607,21250,Maison,129.0,140000.0,1085.27,2024-02-16
Dijon,21231,21000,Appartement,45.0,124500.0,2766.67,2024-02-08
Dijon,21231,21000,Maison,67.0,104000.0,1552.24,2024-02-08
Dijon,21231,21000,Appartement,57.0,85624.0,1502.18,2024-02-08
Dijon,21231,21000,Appartement,74.0,162760.0,2199.46,2024-02-13
Dijon,21231,21000,Appartement,50.0,122000.0,2440.0,2024-02-16
Dijon,21231,21000,Appartement,69.0,148300.0,2149.28,2024-01-22
Villy-en-Auxois,21707,21350,Maison,80.0,25000.0,312.5,2024-01-23
Saint-Didier,21546,21210,Maison,25.0,10000.0,400.0,2024-01-22
Dijon,21231,21000,Appartement,23.0,50000.0,2173.91,2024-02-02
Dijon,21231,21000,Appartement,149.0,441000.0,2959.73,2024-02-09
Belan-sur-Ource,21058,21570,Maison,112.0,17000.0,151.79,2024-02-14
Dijon,21231,21000,Appartement,53.0,230000.0,4339.62,2024-02-16
Dijon,21231,21000,Appartement,32.0,230000.0,7187.5,2024-02-16
Talant,21617,21240,Appartement,33.0,80000.0,2424.24,2024-02-16
Nuits-Saint-Georges,21464,21700,Maison,83.0,200000.0,2409.64,2024-01-25
Saint-Apollinaire,21540,21850,Maison,70.0,170000.0,2428.57,2024-02-06
Saint-Apollinaire,21540,21850,Maison,93.0,100000.0,1075.27,2024-02-07
Talant,21617,21240,Appartement,53.0,123000.0,2320.75,2024-02-15
Foissy,21274,21230,Maison,45.0,43500.0,966.67,2024-02-14
Dijon,21231,21000,Appartement,53.0,95000.0,1792.45,2024-02-06
Neuilly-lès-Dijon,21452,21800,Maison,95.0,272000.0,2863.16,2024-02-09
Dijon,21231,21000,Appartement,40.0,118000.0,2950.0,2024-02-06
Dijon,21231,21000,Appartement,64.0,215000.0,3359.38,2024-02-20
Dijon,21231,21000,Appartement,79.0,102500.0,1297.47,2024-02-09
Dijon,21231,21000,Appartement,61.0,143000.0,2344.26,2024-02-16
Dijon,21231,21000,Appartement,76.0,129000.0,1697.37,2024-02-19
Dijon,21231,21000,Maison,52.0,92000.0,1769.23,2024-02-09
Fontaine-lès-Dijon,21278,21121,Appartement,34.0,92000.0,2705.88,2024-02-05
Talant,21617,21240,Maison,106.0,271500.0,2561.32,2024-02-15
Dijon,21231,21000,Maison,98.0,340000.0,3469.39,2024-02-15
Dijon,21231,21000,Appartement,90.0,228000.0,2533.33,2024-02-16
Bourberain,21094,21610,Maison,98.0,105000.0,1071.43,2024-02-14
Chevigny-Saint-Sauveur,21171,21800,Appartement,60.0,172000.0,2866.67,2024-02-12
Dijon,21231,21000,Appartement,48.0,105000.0,2187.5,2024-02-08
Dijon,21231,21000,Appartement,18.0,80000.0,4444.44,2024-02-07
Échevronne,21241,21420,Maison,125.0,279300.0,2234.4,2024-02-13
Saint-Rémy,21568,21500,Maison,69.0,65000.0,942.03,2024-02-09
Chailly-sur-Armançon,21128,21320,Maison,69.0,35000.0,507.25,2024-02-09
Cuiserey,21215,21310,Maison,120.0,257000.0,2141.67,2024-01-31
Cuiserey,21215,21310,Maison,120.0,257000.0,2141.67,2024-01-31
Fontaine-Française,21277,21610,Maison,100.0,25000.0,250.0,2024-01-29
Fontaine-Française,21277,21610,Maison,100.0,25000.0,250.0,2024-01-29
Alise-Sainte-Reine,21008,21150,Maison,76.0,165500.0,2177.63,2024-01-27
Chenôve,21166,21300,Appartement,112.0,130000.0,1160.71,2024-02-20
Montagny-lès-Beaune,21423,21200,Maison,136.0,313000.0,2301.47,2024-01-25
Ménétreux-le-Pitois,21404,21150,Maison,73.0,90000.0,1232.88,2024-02-20
Dijon,21231,21000,Appartement,74.0,70000.0,945.95,2024-01-31
Bèze,21071,21310,Maison,114.0,280000.0,2456.14,2024-02-20
Villy-le-Moutier,21708,21250,Maison,55.0,171000.0,3109.09,2024-02-09
Villy-le-Moutier,21708,21250,Maison,100.0,171000.0,1710.0,2024-02-09
Dijon,21231,21000,Appartement,29.0,73050.0,2518.97,2024-02-12
Dijon,21231,21000,Appartement,24.0,71000.0,2958.33,2024-02-12
Dijon,21231,21000,Appartement,22.0,140000.0,6363.64,2024-02-21
Dijon,21231,21000,Appartement,33.0,140000.0,4242.42,2024-02-21
Thury,21636,21340,Maison,98.0,78000.0,795.92,2024-02-07
Chenôve,21166,21300,Appartement,66.0,196000.0,2969.7,2024-02-16
Dijon,21231,21000,Appartement,89.0,125000.0,1404.49,2024-02-06
Chenôve,21166,21300,Maison,92.0,173000.0,1880.43,2024-02-09
Dijon,21231,21000,Appartement,32.0,90000.0,2812.5,2024-02-21
Dijon,21231,21000,Appartement,24.0,65000.0,2708.33,2024-02-21
Dijon,21231,21000,Appartement,72.0,15200.0,211.11,2024-02-06
Dijon,21231,21000,Maison,220.0,765000.0,3477.27,2024-02-19
Beaune,21054,21200,Maison,100.0,260500.0,2605.0,2024-02-16
Chevigny-Saint-Sauveur,21171,21800,Appartement,75.0,129000.0,1720.0,2024-02-23
Heuilley-sur-Saône,21316,21270,Maison,100.0,153050.0,1530.5,2024-01-31
Belleneuve,21060,21310,Maison,80.0,204000.0,2550.0,2024-01-23
Pontailler-sur-Saône,21496,21270,Appartement,24.0,27800.0,1158.33,2024-01-25
Dijon,21231,21000,Maison,36.0,180000.0,5000.0,2024-02-13
Fontaine-lès-Dijon,21278,21121,Maison,169.0,520000.0,3076.92,2024-02-12
Saint-Apollinaire,21540,21850,Appartement,70.0,191000.0,2728.57,2024-02-19
Dijon,21231,21000,Maison,79.0,250000.0,3164.56,2024-02-14
Dijon,21231,21000,Appartement,75.0,38000.0,506.67,2024-02-09
Dijon,21231,21000,Appartement,27.0,66500.0,2462.96,2024-02-20
Dijon,21231,21000,Maison,80.0,240000.0,3000.0,2024-02-13
Dijon,21231,21000,Appartement,65.0,125000.0,1923.08,2024-02-06
Dijon,21231,21000,Appartement,44.0,77000.0,1750.0,2024-01-31
Dijon,21231,21000,Appartement,22.0,71000.0,3227.27,2024-02-12
Dijon,21231,21000,Appartement,144.0,545000.0,3784.72,2024-02-07
Beaune,21054,21200,Appartement,66.0,144500.0,2189.39,2024-01-26
Beaune,21054,21200,Maison,100.0,247550.0,2475.5,2024-02-15
Le Val-Larrey,21272,21390,Maison,176.0,90000.0,511.36,2024-02-22
Saint-Apollinaire,21540,21850,Appartement,78.0,198000.0,2538.46,2024-02-02
Dijon,21231,21000,Maison,147.0,871500.0,5928.57,2024-02-21
Chenôve,21166,21300,Appartement,68.0,112500.0,1654.41,2024-02-02
Arnay-le-Duc,21023,21230,Maison,72.0,50000.0,694.44,2024-02-06
Longvic,21355,21600,Maison,118.0,338200.0,2866.1,2024-02-23
Chevigny-Saint-Sauveur,21171,21800,Appartement,38.0,111630.0,2937.63,2024-02-16
Dijon,21231,21000,Appartement,33.0,87000.0,2636.36,2024-02-23
Dijon,21231,21000,Appartement,106.0,250400.0,2362.26,2024-01-25
Dijon,21231,21000,Appartement,49.0,105000.0,2142.86,2024-01-31
Dijon,21231,21000,Appartement,79.0,185000.0,2341.77,2024-02-14
Dijon,21231,21000,Appartement,66.0,176100.0,2668.18,2024-02-26
Les Maillys,21371,21130,Maison,86.0,156200.0,1816.28,2024-02-14
Velars-sur-Ouche,21661,21370,Maison,133.0,352000.0,2646.62,2024-02-20
Dijon,21231,21000,Appartement,84.0,370000.0,4404.76,2024-02-22
Plombières-lès-Dijon,21485,21370,Maison,75.0,180000.0,2400.0,2024-02-13
Dijon,21231,21000,Appartement,30.0,77000.0,2566.67,2024-02-15
Dijon,21231,21000,Appartement,138.0,470000.0,3405.8,2024-02-19
Pontailler-sur-Saône,21496,21270,Maison,170.0,238900.0,1405.29,2024-02-15
Marcilly-et-Dracy,21381,21350,Maison,52.0,10000.0,192.31,2024-02-13
Dijon,21231,21000,Maison,80.0,459000.0,5737.5,2024-02-21
Dijon,21231,21000,Appartement,48.0,142000.0,2958.33,2024-02-09
Dijon,21231,21000,Appartement,41.0,46200.0,1126.83,2024-02-05
Dijon,21231,21000,Appartement,36.0,76100.0,2113.89,2024-02-02
Varois-et-Chaignot,21657,21490,Maison,91.0,274400.0,3015.38,2024-02-21
Écutigny,21243,21360,Maison,119.0,85000.0,714.29,2024-02-12
Montbard,21425,21500,Maison,65.0,20000.0,307.69,2024-02-09
Nuits-Saint-Georges,21464,21700,Maison,80.0,160000.0,2000.0,2024-02-06
Talant,21617,21240,Appartement,57.0,85500.0,1500.0,2024-02-19
Agencourt,21001,21700,Maison,101.0,268000.0,2653.47,2024-02-15
Dijon,21231,21000,Appartement,78.0,72125.0,924.68,2024-01-31
Fontaine-lès-Dijon,21278,21121,Maison,113.0,435000.0,3849.56,2024-02-13
Dijon,21231,21000,Appartement,32.0,87000.0,2718.75,2024-02-23
Dijon,21231,21000,Appartement,52.0,86000.0,1653.85,2024-02-12
Auxonne,21038,21130,Appartement,77.0,54000.0,701.3,2024-02-08
Dijon,21231,21000,Appartement,78.0,92875.0,1190.71,2024-01-31
Dijon,21231,21000,Appartement,250.0,1250000.0,5000.0,2024-02-08
Dijon,21231,21000,Appartement,20.0,1250000.0,62500.0,2024-02-08
Avot,21041,21580,Maison,103.0,196720.0,1909.9,2024-02-23
Avot,21041,21580,Maison,103.0,196720.0,1909.9,2024-02-23
Dijon,21231,21000,Appartement,57.0,166500.0,2921.05,2024-02-26
Posanges,21498,21350,Maison,20.0,100000.0,5000.0,2024-02-13
Posanges,21498,21350,Maison,230.0,100000.0,434.78,2024-02-13
Saulon-la-Chapelle,21585,21910,Maison,69.0,250000.0,3623.19,2024-02-15
Talant,21617,21240,Maison,59.0,265000.0,4491.53,2024-02-21
Dijon,21231,21000,Maison,78.0,233970.0,2999.62,2024-02-19
Saint-Romain,21569,21190,Maison,210.0,484200.0,2305.71,2024-02-05
Dijon,21231,21000,Appartement,39.0,96300.0,2469.23,2024-01-30
Dijon,21231,21000,Appartement,29.0,147000.0,5068.97,2024-02-23
Beaune,21054,21200,Maison,86.0,220000.0,2558.14,2024-01-30
Beaune,21054,21200,Maison,86.0,220000.0,2558.14,2024-01-30
Dijon,21231,21000,Appartement,54.0,113600.0,2103.7,2024-02-13
Chevigny-Saint-Sauveur,21171,21800,Appartement,68.0,120000.0,1764.71,2024-02-15
Neuilly-lès-Dijon,21452,21800,Maison,88.0,230000.0,2613.64,2024-02-15
Savigny-lès-Beaune,21590,21420,Maison,80.0,712500.0,8906.25,2024-01-30
Savigny-lès-Beaune,21590,21420,Maison,48.0,712500.0,14843.75,2024-01-30
Savigny-lès-Beaune,21590,21420,Maison,167.0,712500.0,4266.47,2024-01-30
Dijon,21231,21000,Appartement,28.0,85000.0,3035.71,2024-02-28
Velars-sur-Ouche,21661,21370,Maison,100.0,312800.0,3128.0,2024-02-14
Billy-lès-Chanceaux,21075,21450,Maison,74.0,60000.0,810.81,2024-02-06
Lamarche-sur-Saône,21337,21760,Maison,115.0,242000.0,2104.35,2024-02-14
Genlis,21292,21110,Maison,92.0,186000.0,2021.74,2024-02-14
Talant,21617,21240,Maison,220.0,525000.0,2386.36,2024-02-28
Châtillon-sur-Seine,21154,21400,Maison,70.0,80000.0,1142.86,2024-02-13
Meursanges,21411,21200,Maison,89.0,150000.0,1685.39,2024-02-05
Meursanges,21411,21200,Maison,89.0,150000.0,1685.39,2024-02-05
Sainte-Marie-la-Blanche,21558,21200,Maison,100.0,500000.0,5000.0,2024-02-07
Sainte-Marie-la-Blanche,21558,21200,Maison,95.0,500000.0,5263.16,2024-02-07
Sainte-Marie-la-Blanche,21558,21200,Maison,95.0,500000.0,5263.16,2024-02-07
Sainte-Marie-la-Blanche,21558,21200,Maison,100.0,500000.0,5000.0,2024-02-07
Montbard,21425,21500,Appartement,90.0,63000.0,700.0,2024-02-20
Bligny-lès-Beaune,21086,21200,Maison,130.0,223250.0,1717.31,2024-02-22
Savigny-lès-Beaune,21590,21420,Maison,75.0,190000.0,2533.33,2024-02-21
Meloisey,21401,21190,Maison,85.0,53000.0,623.53,2024-02-16
Corpeau,21196,21190,Maison,100.0,226200.0,2262.0,2024-01-31
Corpeau,21196,21190,Maison,100.0,226200.0,2262.0,2024-01-31
Époisses,21247,21460,Maison,63.0,30000.0,476.19,2024-02-27
Beaune,21054,21200,Appartement,46.0,113000.0,2456.52,2024-02-15
Santenay,21582,21590,Maison,113.0,160000.0,1415.93,2024-01-31
Sussey,21615,21430,Maison,50.0,23000.0,460.0,2024-02-16
Dijon,21231,21000,Appartement,70.0,150000.0,2142.86,2024-02-16
Auxey-Duresses,21037,21190,Maison,48.0,35720.0,744.17,2024-02-09
Auxey-Duresses,21037,21190,Maison,66.0,23500.0,356.06,2024-02-09
Bouze-lès-Beaune,21099,21200,Maison,137.0,128250.0,936.13,2024-01-31
Chenôve,21166,21300,Appartement,50.0,34500.0,690.0,2024-02-22
Dijon,21231,21000,Appartement,58.0,120000.0,2068.97,2024-02-19
Dijon,21231,21000,Appartement,109.0,340570.0,3124.5,2024-02-07
Dijon,21231,21000,Appartement,78.0,106200.0,1361.54,2024-02-16
Chenôve,21166,21300,Appartement,50.0,50000.0,1000.0,2024-02-23
Marsannay-la-Côte,21390,21160,Maison,82.0,225300.0,2747.56,2024-02-19
Dijon,21231,21000,Appartement,47.0,87480.0,1861.28,2024-02-26
Beaune,21054,21200,Appartement,61.0,170000.0,2786.89,2024-02-16
Dijon,21231,21000,Appartement,86.0,235000.0,2732.56,2024-02-26
Molesme,21419,21330,Maison,120.0,53356.8,444.64,2024-02-22
Dijon,21231,21000,Maison,160.0,547850.0,3424.06,2024-02-29
La Villeneuve-les-Convers,21695,21450,Maison,144.0,221000.0,1534.72,2024-01-29
Thoisy-le-Désert,21630,21320,Maison,140.0,145000.0,1035.71,2024-02-29
Vernois-lès-Vesvres,21665,21260,Maison,160.0,198500.0,1240.62,2024-02-09
Gurgy-le-Château,21313,21290,Maison,80.0,40000.0,500.0,2024-02-19
Montbard,21425,21500,Appartement,34.0,39000.0,1147.06,2024-02-22
Montbard,21425,21500,Appartement,34.0,39000.0,1147.06,2024-02-22
Marmagne,21389,21500,Maison,106.0,112000.0,1056.6,2024-02-26
Labergement-lès-Auxonne,21331,21130,Appartement,83.0,35000.0,421.69,2024-01-23
Labergement-lès-Auxonne,21331,21130,Maison,130.0,35000.0,269.23,2024-01-23
Labergement-lès-Auxonne,21331,21130,Maison,38.0,35000.0,921.05,2024-01-23
Dijon,21231,21000,Appartement,31.0,69000.0,2225.81,2024-02-29
Beaune,21054,21200,Appartement,40.0,270000.0,6750.0,2024-02-16
Beaune,21054,21200,Appartement,40.0,270000.0,6750.0,2024-02-16
Beaune,21054,21200,Appartement,15.0,270000.0,18000.0,2024-02-16
Beaune,21054,21200,Appartement,15.0,270000.0,18000.0,2024-02-16
Beaune,21054,21200,Appartement,40.0,270000.0,6750.0,2024-02-16
Beaune,21054,21200,Appartement,40.0,270000.0,6750.0,2024-02-16
Dijon,21231,21000,Appartement,20.0,59000.0,2950.0,2024-02-22
Dijon,21231,21000,Appartement,27.0,35000.0,1296.3,2024-02-15
Dijon,21231,21000,Appartement,41.0,35000.0,853.66,2024-02-15
Dijon,21231,21000,Appartement,26.0,35000.0,1346.15,2024-02-15
Nolay,21461,21340,Maison,58.0,130000.0,2241.38,2024-02-07
Dijon,21231,21000,Appartement,47.0,131000.0,2787.23,2024-02-14
Beaune,21054,21200,Maison,79.0,258000.0,3265.82,2024-02-28
Dijon,21231,21000,Appartement,31.0,231780.0,7476.77,2024-02-23
Dijon,21231,21000,Appartement,50.0,231780.0,4635.6,2024-02-23
Dijon,21231,21000,Appartement,50.0,231780.0,4635.6,2024-02-23
Dijon,21231,21000,Appartement,50.0,231780.0,4635.6,2024-02-23
Dijon,21231,21000,Appartement,76.0,236500.0,3111.84,2024-02-14
Dijon,21231,21000,Maison,123.0,509600.0,4143.09,2024-03-04
Dijon,21231,21000,Appartement,52.0,115500.0,2221.15,2024-02-17
Dijon,21231,21000,Appartement,46.0,113500.0,2467.39,2024-02-07
Magny-Saint-Médard,21369,21310,Maison,115.0,245000.0,2130.43,2024-02-13
Magny-Saint-Médard,21369,21310,Maison,115.0,245000.0,2130.43,2024-02-13
Griselles,21309,21330,Maison,160.0,795870.0,4974.19,2024-02-29
Griselles,21309,21330,Maison,156.0,795870.0,5101.73,2024-02-29
Griselles,21309,21330,Maison,73.0,795870.0,10902.33,2024-02-29
Griselles,21309,21330,Maison,143.0,795870.0,5565.52,2024-02-29
Griselles,21309,21330,Maison,90.0,795870.0,8843.0,2024-02-29
Griselles,21309,21330,Maison,90.0,795870.0,8843.0,2024-02-29
Griselles,21309,21330,Maison,143.0,795870.0,5565.52,2024-02-29
Griselles,21309,21330,Maison,156.0,795870.0,5101.73,2024-02-29
Griselles,21309,21330,Maison,73.0,795870.0,10902.33,2024-02-29
Griselles,21309,21330,Maison,160.0,795870.0,4974.19,2024-02-29
Chevigny-Saint-Sauveur,21171,21800,Appartement,76.0,215000.0,2828.95,2024-02-08
Chevigny-Saint-Sauveur,21171,21800,Appartement,68.0,101600.0,1494.12,2024-02-09
Dijon,21231,21000,Appartement,48.0,168000.0,3500.0,2024-02-29
Dijon,21231,21000,Appartement,48.0,168000.0,3500.0,2024-02-29
Dijon,21231,21000,Appartement,18.0,118000.0,6555.56,2024-02-19
Dijon,21231,21000,Appartement,21.0,118000.0,5619.05,2024-02-19
Dijon,21231,21000,Appartement,80.0,140000.0,1750.0,2024-02-08
Dijon,21231,21000,Appartement,85.0,210000.0,2470.59,2024-02-19
Dijon,21231,21000,Appartement,31.0,110000.0,3548.39,2024-02-23
Talant,21617,21240,Appartement,50.0,138000.0,2760.0,2024-02-20
Dijon,21231,21000,Appartement,80.0,165000.0,2062.5,2024-02-26
Maligny,21374,21230,Maison,115.0,115000.0,1000.0,2024-02-28
Bligny-lès-Beaune,21086,21200,Maison,117.0,367547.0,3141.43,2024-02-13
Bligny-lès-Beaune,21086,21200,Maison,117.0,367547.0,3141.43,2024-02-13
Perrigny-lès-Dijon,21481,21160,Appartement,58.0,175800.0,3031.03,2024-02-22
Dijon,21231,21000,Appartement,39.0,44000.0,1128.21,2024-02-29
Dijon,21231,21000,Appartement,74.0,66500.0,898.65,2024-02-29
Dijon,21231,21000,Appartement,64.0,160000.0,2500.0,2024-02-27
Dijon,21231,21000,Appartement,93.0,149000.0,1602.15,2024-02-14
Dijon,21231,21000,Maison,80.0,325000.0,4062.5,2024-02-12
Busseaut,21117,21510,Maison,128.0,77500.0,605.47,2024-01-18
Talant,21617,21240,Appartement,72.0,144600.0,2008.33,2024-02-29
Dijon,21231,21000,Appartement,54.0,100000.0,1851.85,2024-02-16
Fontaine-lès-Dijon,21278,21121,Appartement,38.0,139660.0,3675.26,2024-02-26
Dijon,21231,21000,Appartement,52.0,150000.0,2884.62,2024-01-08
Varanges,21656,21110,Maison,65.0,142500.0,2192.31,2024-02-12
Dijon,21231,21000,Appartement,166.0,581940.0,3505.66,2024-02-22
Ahuy,21003,21121,Appartement,52.0,188100.0,3617.31,2024-02-23
Leuglay,21346,21290,Maison,35.0,8000.0,228.57,2024-02-22
Dijon,21231,21000,Appartement,18.0,73000.0,4055.56,2024-02-06
Châtillon-sur-Seine,21154,21400,Appartement,44.0,34000.0,772.73,2024-01-23
Dijon,21231,21000,Appartement,20.0,75000.0,3750.0,2024-02-13
Pontailler-sur-Saône,21496,21270,Maison,70.0,35000.0,500.0,2024-02-14
Nolay,21461,21340,Maison,86.0,82350.0,957.56,2024-02-26
Til-Châtel,21638,21120,Maison,131.0,90000.0,687.02,2024-02-23
Dijon,21231,21000,Maison,59.0,95000.0,1610.17,2024-02-19
Châtillon-sur-Seine,21154,21400,Maison,90.0,126000.0,1400.0,2024-01-23
Dijon,21231,21000,Appartement,23.0,55000.0,2391.3,2024-02-12
Bligny-sur-Ouche,21087,21360,Maison,165.0,185250.0,1122.73,2024-03-05
Dijon,21231,21000,Appartement,43.0,123156.2,2864.1,2024-03-01
Plombières-lès-Dijon,21485,21370,Maison,56.0,225000.0,4017.86,2024-02-14
Genlis,21292,21110,Appartement,103.0,152000.0,1475.73,2024-02-14
Bellefond,21059,21490,Maison,110.0,341600.0,3105.45,2024-02-14
Dijon,21231,21000,Maison,96.0,213750.0,2226.56,2024-02-26
Remilly-sur-Tille,21521,21560,Maison,98.0,122000.0,1244.9,2024-02-13
Saint-Philibert,21565,21220,Maison,96.0,251400.0,2618.75,2024-02-22
Chevigny-Saint-Sauveur,21171,21800,Maison,80.0,285700.0,3571.25,2024-02-15
Saulon-la-Chapelle,21585,21910,Maison,69.0,136500.0,1978.26,2024-02-15
Pont-et-Massène,21497,21140,Maison,154.0,180000.0,1168.83,2024-02-13
Saint-Mesmin,21563,21540,Maison,97.0,40000.0,412.37,2024-02-10
Saint-Mesmin,21563,21540,Maison,24.0,40000.0,1666.67,2024-02-10
Saint-Mesmin,21563,21540,Maison,97.0,40000.0,412.37,2024-02-10
Saint-Mesmin,21563,21540,Maison,24.0,40000.0,1666.67,2024-02-10
Chenôve,21166,21300,Appartement,76.0,73000.0,960.53,2024-02-23
Franxault,21285,21170,Maison,137.0,200000.0,1459.85,2024-02-13
Franxault,21285,21170,Maison,137.0,200000.0,1459.85,2024-02-13
Franxault,21285,21170,Maison,137.0,200000.0,1459.85,2024-02-13
Dijon,21231,21000,Maison,85.0,217520.0,2559.06,2024-02-21
Lucey,21359,21290,Maison,130.0,24000.0,184.62,2024-01-29
Dijon,21231,21000,Appartement,19.0,65900.0,3468.42,2024-01-31
Combertault,21185,21200,Maison,80.0,284500.0,3556.25,2024-02-16
Dijon,21231,21000,Appartement,38.0,154000.0,4052.63,2024-02-26
Bèze,21071,21310,Maison,79.0,123500.0,1563.29,2024-03-08
Dijon,21231,21000,Appartement,50.0,104000.0,2080.0,2024-02-27
Nolay,21461,21340,Maison,120.0,30000.0,250.0,2024-02-29
Dijon,21231,21000,Appartement,52.0,69000.0,1326.92,2024-02-23
Sennecey-lès-Dijon,21605,21800,Maison,88.0,250000.0,2840.91,2024-02-27
Longvic,21355,21600,Appartement,60.0,121000.0,2016.67,2024-02-08
Fontaine-lès-Dijon,21278,21121,Maison,93.0,320000.0,3440.86,2024-02-23
Seurre,21607,21250,Maison,156.0,170000.0,1089.74,2024-02-28
Seurre,21607,21250,Maison,156.0,170000.0,1089.74,2024-02-28
Is-sur-Tille,21317,21120,Maison,140.0,290000.0,2071.43,2024-02-26
Détain-et-Bruant,21228,21220,Maison,41.0,21000.0,512.2,2024-03-01
Marcilly-sur-Tille,21383,21120,Maison,97.0,228000.0,2350.52,2024-02-27
Châtillon-sur-Seine,21154,21400,Maison,56.0,52000.0,928.57,2024-01-29
Saint-Apollinaire,21540,21850,Appartement,62.0,185000.0,2983.87,2024-02-23
Nolay,21461,21340,Appartement,120.0,95000.0,791.67,2024-02-12
Dijon,21231,21000,Maison,199.0,715000.0,3592.96,2024-02-29
Dijon,21231,21000,Maison,199.0,715000.0,3592.96,2024-02-29
Nolay,21461,21340,Maison,160.0,155000.0,968.75,2024-02-29
Gevrey-Chambertin,21295,21220,Appartement,74.0,109900.0,1485.14,2024-02-23
Dijon,21231,21000,Appartement,60.0,147000.0,2450.0,2024-02-20
Plombières-lès-Dijon,21485,21370,Appartement,148.0,380000.0,2567.57,2024-02-26
Plombières-lès-Dijon,21485,21370,Appartement,28.0,380000.0,13571.43,2024-02-26
Beaune,21054,21200,Appartement,154.0,620000.0,4025.97,2024-02-14
Agencourt,21001,21700,Maison,130.0,363400.0,2795.38,2024-03-01
Saint-Apollinaire,21540,21850,Appartement,91.0,190000.0,2087.91,2024-02-23
Plombières-lès-Dijon,21485,21370,Maison,171.0,513000.0,3000.0,2024-02-26
Chenôve,21166,21300,Appartement,55.0,49429.0,898.71,2024-02-21
Daix,21223,21121,Appartement,37.0,147300.0,3981.08,2024-02-20
Seurre,21607,21250,Appartement,68.0,76000.0,1117.65,2024-03-06
Beaune,21054,21200,Appartement,101.0,386400.0,3825.74,2024-02-20
Seurre,21607,21250,Appartement,86.0,72000.0,837.21,2024-02-05
Seurre,21607,21250,Appartement,56.0,72000.0,1285.71,2024-02-05
Seurre,21607,21250,Appartement,59.0,72000.0,1220.34,2024-02-05
Seurre,21607,21250,Appartement,57.0,72000.0,1263.16,2024-02-05
Seurre,21607,21250,Appartement,69.0,72000.0,1043.48,2024-02-05
Seurre,21607,21250,Appartement,51.0,72000.0,1411.76,2024-02-05
Seurre,21607,21250,Appartement,38.0,72000.0,1894.74,2024-02-05
Seurre,21607,21250,Appartement,66.0,72000.0,1090.91,2024-02-05
Gevrey-Chambertin,21295,21220,Appartement,67.0,196500.0,2932.84,2024-02-21
Dijon,21231,21000,Appartement,60.0,155000.0,2583.33,2024-02-19
Dijon,21231,21000,Appartement,48.0,125000.0,2604.17,2024-02-26
Dijon,21231,21000,Appartement,70.0,167000.0,2385.71,2024-02-23
Dijon,21231,21000,Appartement,82.0,183000.0,2231.71,2024-02-12
Cirey-lès-Pontailler,21175,21270,Maison,36.0,60000.0,1666.67,2024-02-21
Dijon,21231,21000,Appartement,122.0,375000.0,3073.77,2024-02-26
Beaune,21054,21200,Maison,152.0,328000.0,2157.89,2024-02-22
Seurre,21607,21250,Maison,70.0,138000.0,1971.43,2024-03-06
Balot,21044,21330,Maison,60.0,6948.3,115.81,2024-01-31
Balot,21044,21330,Maison,80.0,38000.0,475.0,2024-02-26
Til-Châtel,21638,21120,Maison,105.0,254000.0,2419.05,2024-03-05
Mont-Saint-Jean,21441,21320,Maison,180.0,300000.0,1666.67,2024-03-07
Arnay-le-Duc,21023,21230,Maison,70.0,57000.0,814.29,2024-02-15
Montbard,21425,21500,Appartement,71.0,90000.0,1267.61,2024-02-27
Longvic,21355,21600,Appartement,49.0,110000.0,2244.9,2024-02-29
Bretigny,21107,21490,Maison,84.0,386200.0,4597.62,2024-02-20
Antheuil,21014,21360,Maison,44.0,120000.0,2727.27,2024-02-22
Dijon,21231,21000,Appartement,96.0,290900.0,3030.21,2024-02-28
Dijon,21231,21000,Appartement,41.0,67000.0,1634.15,2024-02-16
Beaune,21054,21200,Appartement,51.0,60000.0,1176.47,2024-02-29
Dijon,21231,21000,Appartement,18.0,89000.0,4944.44,2024-02-23
Beaune,21054,21200,Appartement,28.0,108000.0,3857.14,2024-02-13
Plombières-lès-Dijon,21485,21370,Maison,109.0,290000.0,2660.55,2024-02-22
Dijon,21231,21000,Maison,91.0,250000.0,2747.25,2024-02-26
Dijon,21231,21000,Appartement,55.0,127000.0,2309.09,2024-02-28
Dijon,21231,21000,Appartement,58.0,141000.0,2431.03,2024-03-05
Dijon,21231,21000,Appartement,70.0,275500.0,3935.71,2024-03-06
Talant,21617,21240,Appartement,85.0,195000.0,2294.12,2024-02-27
Épernay-sous-Gevrey,21246,21220,Maison,74.0,131600.0,1778.38,2024-02-29
Dijon,21231,21000,Appartement,74.0,188100.0,2541.89,2024-02-26
Dijon,21231,21000,Appartement,150.0,232500.0,1550.0,2024-03-08
Saint-Apollinaire,21540,21850,Maison,64.0,205000.0,3203.12,2024-02-29
Dijon,21231,21000,Appartement,91.0,268150.0,2946.7,2024-03-01
Verrey-sous-Drée,21669,21540,Maison,74.0,150000.0,2027.03,2024-02-14
Verrey-sous-Drée,21669,21540,Maison,74.0,150000.0,2027.03,2024-02-14
Dijon,21231,21000,Appartement,34.0,85000.0,2500.0,2024-03-06
Dijon,21231,21000,Appartement,24.0,101930.0,4247.08,2024-03-05
Marsannay-la-Côte,21390,21160,Appartement,79.0,135000.0,1708.86,2024-02-26
Dijon,21231,21000,Appartement,34.0,82000.0,2411.76,2024-01-22
Dijon,21231,21000,Appartement,31.0,63000.0,2032.26,2024-02-05
Dijon,21231,21000,Maison,90.0,230000.0,2555.56,2024-02-22
Dijon,21231,21000,Appartement,51.0,189000.0,3705.88,2024-02-28
Chenôve,21166,21300,Appartement,76.0,85000.0,1118.42,2024-02-27
Dijon,21231,21000,Appartement,81.0,250000.0,3086.42,2024-02-29
Dijon,21231,21000,Appartement,82.0,177500.0,2164.63,2024-02-16
Saint-Apollinaire,21540,21850,Maison,88.0,235000.0,2670.45,2024-03-04
Dijon,21231,21000,Appartement,54.0,131900.0,2442.59,2024-03-06
Beaune,21054,21200,Maison,140.0,444700.0,3176.43,2024-02-29
Collonges-lès-Premières,21183,21110,Maison,87.0,229000.0,2632.18,2024-02-19
Dijon,21231,21000,Appartement,12.0,65550.0,5462.5,2024-02-19
Auxonne,21038,21130,Maison,88.0,202100.0,2296.59,2024-03-04
Auxonne,21038,21130,Appartement,49.0,39000.0,795.92,2024-02-09
Villebichot,21691,21700,Maison,60.0,145000.0,2416.67,2024-02-14
Auxonne,21038,21130,Appartement,79.0,69000.0,873.42,2024-03-01
Dijon,21231,21000,Appartement,130.0,390000.0,3000.0,2024-03-06
Dijon,21231,21000,Appartement,65.0,322000.0,4953.85,2024-03-07
Dijon,21231,21000,Appartement,43.0,130000.0,3023.26,2024-03-05
Dijon,21231,21000,Appartement,35.0,122000.0,3485.71,2024-03-06
Nuits-Saint-Georges,21464,21700,Appartement,75.0,160000.0,2133.33,2024-02-29
Dijon,21231,21000,Appartement,72.0,198000.0,2750.0,2024-02-29
Chenôve,21166,21300,Appartement,60.0,55000.0,916.67,2024-02-29
Dijon,21231,21000,Appartement,98.0,410000.0,4183.67,2024-02-23
Dijon,21231,21000,Appartement,47.0,410000.0,8723.4,2024-02-23
Val-Suzon,21651,21121,Maison,20.0,75000.0,3750.0,2024-03-04
Val-Suzon,21651,21121,Maison,60.0,75000.0,1250.0,2024-03-04
Val-Suzon,21651,21121,Maison,60.0,75000.0,1250.0,2024-03-04
Val-Suzon,21651,21121,Maison,20.0,75000.0,3750.0,2024-03-04
Asnières-en-Montagne,21026,21500,Maison,56.0,91700.0,1637.5,2024-02-08
Chenôve,21166,21300,Maison,91.0,200000.0,2197.8,2024-02-27
Dijon,21231,21000,Maison,103.0,297100.0,2884.47,2024-03-07
Santenay,21582,21590,Maison,107.0,225000.0,2102.8,2024-03-07
Santenay,21582,21590,Maison,98.0,225000.0,2295.92,2024-03-07
Longvic,21355,21600,Appartement,46.0,73400.0,1595.65,2024-03-06
Saint-Apollinaire,21540,21850,Maison,119.0,463500.0,3894.96,2024-02-29
Auxonne,21038,21130,Maison,112.0,60100.0,536.61,2024-02-12
Dijon,21231,21000,Appartement,37.0,82000.0,2216.22,2024-02-07
Laignes,21336,21330,Maison,141.0,121000.0,858.16,2024-02-08
Laignes,21336,21330,Maison,92.0,75000.0,815.22,2024-02-08
Dijon,21231,21000,Appartement,63.0,120000.0,1904.76,2024-02-29
Daix,21223,21121,Maison,130.0,326430.0,2511.0,2024-02-29
Semur-en-Auxois,21603,21140,Appartement,81.0,105000.0,1296.3,2024-02-27
Genlis,21292,21110,Appartement,60.0,135000.0,2250.0,2024-03-13
Genlis,21292,21110,Appartement,40.0,135000.0,3375.0,2024-03-13
Pouilly-en-Auxois,21501,21320,Appartement,67.0,10000.0,149.25,2024-02-29
Ladoix-Serrigny,21606,21550,Maison,209.0,276300.0,1322.01,2024-03-12
Velars-sur-Ouche,21661,21370,Maison,28.0,30000.0,1071.43,2024-03-05
Velars-sur-Ouche,21661,21370,Maison,28.0,30000.0,1071.43,2024-03-05
Velars-sur-Ouche,21661,21370,Maison,28.0,30000.0,1071.43,2024-03-05
Saulieu,21584,21210,Maison,108.0,42172.28,390.48,2024-03-05
Dijon,21231,21000,Appartement,22.0,89500.0,4068.18,2024-02-16
Noidan,21457,21390,Maison,80.0,30000.0,375.0,2024-02-23
Dijon,21231,21000,Appartement,28.0,85000.0,3035.71,2024-03-06
Fontaine-lès-Dijon,21278,21121,Maison,71.0,237600.0,3346.48,2024-02-22
Talant,21617,21240,Maison,200.0,739000.0,3695.0,2024-03-08
Talant,21617,21240,Maison,200.0,739000.0,3695.0,2024-03-08
Dijon,21231,21000,Appartement,45.0,115680.0,2570.67,2024-03-08
Neuilly-lès-Dijon,21452,21800,Maison,59.0,180800.0,3064.41,2024-02-29
Sennecey-lès-Dijon,21605,21800,Maison,105.0,240000.0,2285.71,2024-02-27
Dijon,21231,21000,Appartement,29.0,112450.0,3877.59,2024-02-27
Dijon,21231,21000,Appartement,40.0,112450.0,2811.25,2024-02-27
Dijon,21231,21000,Appartement,65.0,227000.0,3492.31,2024-03-13
Saint-Apollinaire,21540,21850,Appartement,35.0,106500.0,3042.86,2024-03-07
Dijon,21231,21000,Appartement,96.0,200000.0,2083.33,2024-02-27
Plombières-lès-Dijon,21485,21370,Appartement,62.0,395000.0,6370.97,2024-02-29
Plombières-lès-Dijon,21485,21370,Appartement,73.0,395000.0,5410.96,2024-02-29
Plombières-lès-Dijon,21485,21370,Appartement,75.0,395000.0,5266.67,2024-02-29
Plombières-lès-Dijon,21485,21370,Appartement,59.0,395000.0,6694.92,2024-02-29
Plombières-lès-Dijon,21485,21370,Appartement,28.0,395000.0,14107.14,2024-02-29
Plombières-lès-Dijon,21485,21370,Appartement,101.0,395000.0,3910.89,2024-02-29
Étais,21252,21500,Maison,89.0,40000.0,449.44,2024-03-08
Flavignerot,21270,21160,Maison,122.0,348000.0,2852.46,2024-03-05
Chevigny-Saint-Sauveur,21171,21800,Appartement,68.0,145000.0,2132.35,2024-03-06
Pellerey,21479,21440,Maison,72.0,52000.0,722.22,2024-03-01
Ménétreux-le-Pitois,21404,21150,Maison,100.0,90900.0,909.0,2024-02-20
Beurizot,21069,21350,Maison,134.0,145000.0,1082.09,2024-02-23
Braux,21101,21390,Maison,63.0,72000.0,1142.86,2024-03-13
Dijon,21231,21000,Appartement,68.0,73500.0,1080.88,2024-02-15
Dijon,21231,21000,Appartement,103.0,371000.0,3601.94,2024-02-19
Verrey-sous-Salmaise,21670,21690,Maison,52.0,43000.0,826.92,2024-02-22
Montbard,21425,21500,Maison,85.0,113200.0,1331.76,2024-03-08
Beaune,21054,21200,Maison,168.0,680000.0,4047.62,2024-02-20
Beaune,21054,21200,Appartement,62.0,137000.0,2209.68,2024-03-01
Dijon,21231,21000,Appartement,117.0,465000.0,3974.36,2024-02-29
Dijon,21231,21000,Appartement,79.0,46200.0,584.81,2024-03-01
Dijon,21231,21000,Appartement,31.0,82000.0,2645.16,2024-03-05
Bèze,21071,21310,Maison,90.0,225000.0,2500.0,2024-03-05
Val-Mont,21327,21340,Maison,120.0,135000.0,1125.0,2024-02-27
Chenôve,21166,21300,Maison,71.0,141300.0,1990.14,2024-02-20
Soissons-sur-Nacey,21610,21270,Maison,148.0,102000.0,689.19,2024-02-29
Nuits-Saint-Georges,21464,21700,Maison,70.0,210000.0,3000.0,2024-02-27
Beaune,21054,21200,Maison,22.0,128800.0,5854.55,2024-02-23
Marcilly-sur-Tille,21383,21120,Maison,84.0,251900.0,2998.81,2024-03-07
Dijon,21231,21000,Maison,86.0,293000.0,3406.98,2024-03-06
Dijon,21231,21000,Appartement,36.0,190000.0,5277.78,2024-03-01
Couternon,21209,21560,Maison,103.0,384000.0,3728.16,2024-03-06
Dijon,21231,21000,Appartement,77.0,240000.0,3116.88,2024-02-27
Nuits-Saint-Georges,21464,21700,Appartement,38.0,70000.0,1842.11,2024-03-01
Dijon,21231,21000,Appartement,38.0,96970.0,2551.84,2024-02-28
Chenôve,21166,21300,Appartement,91.0,91000.0,1000.0,2024-02-26
Velars-sur-Ouche,21661,21370,Maison,100.0,265000.0,2650.0,2024-02-28
Dijon,21231,21000,Appartement,76.0,335700.0,4417.11,2024-02-23
Ouges,21473,21600,Maison,113.0,318000.0,2814.16,2024-03-08
Athée,21028,21130,Maison,72.0,152450.0,2117.36,2024-02-29
Athée,21028,21130,Maison,72.0,152450.0,2117.36,2024-02-29
Plombières-lès-Dijon,21485,21370,Appartement,86.0,177700.0,2066.28,2024-02-28
Pouilly-sur-Saône,21502,21250,Maison,94.0,163000.0,1734.04,2024-02-29
Hauteroche,21314,21150,Maison,175.0,395960.0,2262.63,2024-02-28
Hauteroche,21314,21150,Maison,54.0,395960.0,7332.59,2024-02-28
Hauteroche,21314,21150,Maison,74.0,395960.0,5350.81,2024-02-28
Longvic,21355,21600,Maison,78.0,217800.0,2792.31,2024-02-22
Montbard,21425,21500,Appartement,36.0,30000.0,833.33,2024-03-08
Esbarres,21249,21170,Maison,128.0,241650.0,1887.89,2024-02-19
Saint-Jean-de-Losne,21554,21170,Appartement,89.0,99000.0,1112.36,2024-02-22
Dijon,21231,21000,Appartement,49.0,98000.0,2000.0,2024-03-12
Dijon,21231,21000,Appartement,67.0,170000.0,2537.31,2024-03-08
Dijon,21231,21000,Appartement,29.0,70000.0,2413.79,2024-03-07
Talant,21617,21240,Maison,90.0,250000.0,2777.78,2024-03-12
Dijon,21231,21000,Maison,100.0,365000.0,3650.0,2024-03-15
Dijon,21231,21000,Maison,75.0,179000.0,2386.67,2024-02-26
Pontailler-sur-Saône,21496,21270,Maison,44.0,70000.0,1590.91,2024-02-23
Dijon,21231,21000,Appartement,67.0,125000.0,1865.67,2024-03-06
Dijon,21231,21000,Appartement,60.0,128240.0,2137.33,2024-03-14
Vernot,21666,21120,Maison,150.0,60000.0,400.0,2024-03-07
Dijon,21231,21000,Appartement,44.0,132000.0,3000.0,2024-03-08
Dijon,21231,21000,Appartement,58.0,180000.0,3103.45,2024-03-08
Dijon,21231,21000,Appartement,27.0,67000.0,2481.48,2024-03-14
Dijon,21231,21000,Appartement,69.0,204380.0,2962.03,2024-02-28
Chenôve,21166,21300,Appartement,49.0,59300.0,1210.2,2024-03-07
Voulaines-les-Templiers,21717,21290,Maison,40.0,20000.0,500.0,2024-02-14
Dijon,21231,21000,Appartement,55.0,140000.0,2545.45,2024-03-01
Dijon,21231,21000,Appartement,15.0,43400.0,2893.33,2024-03-06
Izier,21320,21110,Maison,122.0,78000.0,639.34,2024-03-06
Dijon,21231,21000,Maison,59.0,237000.0,4016.95,2024-03-06
Montmain,21436,21250,Maison,95.0,181000.0,1905.26,2024-03-15
Montmain,21436,21250,Maison,95.0,181000.0,1905.26,2024-03-15
Morey-Saint-Denis,21442,21220,Maison,85.0,150000.0,1764.71,2024-02-29
Dijon,21231,21000,Appartement,66.0,293300.0,4443.94,2024-03-12
Dijon,21231,21000,Appartement,95.0,165000.0,1736.84,2024-03-07
Talant,21617,21240,Appartement,40.0,178000.0,4450.0,2024-03-13
Dijon,21231,21000,Maison,97.0,303000.0,3123.71,2024-03-04
Dijon,21231,21000,Appartement,13.0,45000.0,3461.54,2024-03-01
Chenôve,21166,21300,Appartement,72.0,82150.0,1140.97,2024-03-13
Dijon,21231,21000,Appartement,61.0,190000.0,3114.75,2024-03-05
Chevigny-Saint-Sauveur,21171,21800,Appartement,55.0,116000.0,2109.09,2024-03-05
Beaune,21054,21200,Maison,88.0,178000.0,2022.73,2024-02-26
Dijon,21231,21000,Appartement,92.0,205000.0,2228.26,2024-03-11
Thoires,21628,21570,Maison,116.0,123000.0,1060.34,2024-02-21
Montliot-et-Courcelles,21435,21400,Maison,90.0,40000.0,444.44,2024-02-16
Corgoloin,21194,21700,Maison,83.0,219530.0,2644.94,2024-03-04
Dijon,21231,21000,Maison,93.0,271450.0,2918.82,2024-02-21
Beaune,21054,21200,Maison,67.0,600000.0,8955.22,2024-02-26
Viévy,21683,21230,Maison,95.0,80000.0,842.11,2024-03-15
Dijon,21231,21000,Appartement,65.0,174000.0,2676.92,2024-03-08
Dijon,21231,21000,Appartement,80.0,90900.0,1136.25,2024-03-04
Dijon,21231,21000,Appartement,56.0,145000.0,2589.29,2024-03-11
Saint-Germain-de-Modéon,21548,21530,Maison,103.0,97000.0,941.75,2024-03-01
Voulaines-les-Templiers,21717,21290,Maison,128.0,140000.0,1093.75,2024-03-13
Voulaines-les-Templiers,21717,21290,Maison,128.0,140000.0,1093.75,2024-03-13
Dijon,21231,21000,Maison,36.0,160000.0,4444.44,2024-03-04
Saint-Rémy,21568,21500,Maison,93.0,130000.0,1397.85,2024-03-16
Beaune,21054,21200,Appartement,121.0,339750.0,2807.85,2024-03-06
Dijon,21231,21000,Appartement,41.0,86000.0,2097.56,2024-02-28
Dijon,21231,21000,Appartement,53.0,130500.0,2462.26,2024-02-27
Chevigny-Saint-Sauveur,21171,21800,Appartement,67.0,92500.0,1380.6,2024-02-29
Dijon,21231,21000,Appartement,47.0,120000.0,2553.19,2024-03-18
Pouilly-en-Auxois,21501,21320,Appartement,67.0,145000.0,2164.18,2024-02-29
Pouilly-en-Auxois,21501,21320,Appartement,33.0,145000.0,4393.94,2024-02-29
Lanthes,21340,21250,Maison,64.0,70000.0,1093.75,2024-03-15
Lanthes,21340,21250,Maison,64.0,70000.0,1093.75,2024-03-15
Dijon,21231,21000,Appartement,18.0,115001.0,6388.94,2024-03-12
Dijon,21231,21000,Appartement,78.0,52000.0,666.67,2024-03-05
Châtillon-sur-Seine,21154,21400,Maison,96.0,120000.0,1250.0,2024-03-13
La Villeneuve-les-Convers,21695,21450,Maison,27.0,14500.0,537.04,2024-03-08
La Villeneuve-les-Convers,21695,21450,Maison,62.0,14500.0,233.87,2024-03-08
Dijon,21231,21000,Maison,90.0,580000.0,6444.44,2024-03-19
Dijon,21231,21000,Maison,90.0,580000.0,6444.44,2024-03-19
Dijon,21231,21000,Maison,90.0,580000.0,6444.44,2024-03-19
Dijon,21231,21000,Appartement,76.0,212366.0,2794.29,2024-03-13
Dijon,21231,21000,Appartement,43.0,98000.0,2279.07,2024-03-13
Dijon,21231,21000,Maison,95.0,335000.0,3526.32,2024-03-13
Dijon,21231,21000,Appartement,29.0,40000.0,1379.31,2024-03-20
Fontaine-lès-Dijon,21278,21121,Maison,93.0,350000.0,3763.44,2024-03-01
Dijon,21231,21000,Appartement,32.0,70700.0,2209.38,2024-03-12
Dijon,21231,21000,Appartement,32.0,278500.0,8703.12,2024-03-05
Dijon,21231,21000,Appartement,29.0,278500.0,9603.45,2024-03-05
Dijon,21231,21000,Appartement,29.0,278500.0,9603.45,2024-03-05
Dijon,21231,21000,Appartement,25.0,110000.0,4400.0,2024-03-05
Dijon,21231,21000,Appartement,25.0,110000.0,4400.0,2024-03-05
Chenôve,21166,21300,Maison,75.0,131945.0,1759.27,2024-03-12
Dijon,21231,21000,Maison,49.0,174000.0,3551.02,2024-03-15
Vic-des-Prés,21677,21360,Maison,100.0,200000.0,2000.0,2024-03-20
Vic-des-Prés,21677,21360,Maison,100.0,200000.0,2000.0,2024-03-20
Dijon,21231,21000,Appartement,38.0,153650.0,4043.42,2024-03-15
Dijon,21231,21000,Appartement,76.0,85500.0,1125.0,2024-03-15
Beaune,21054,21200,Appartement,64.0,159000.0,2484.38,2024-03-05
Saint-Apollinaire,21540,21850,Appartement,40.0,126600.0,3165.0,2024-03-15
Quetigny,21515,21800,Maison,109.0,242000.0,2220.18,2024-03-14
Argilly,21022,21700,Maison,92.0,100000.0,1086.96,2024-03-08
Dijon,21231,21000,Appartement,64.0,190400.0,2975.0,2024-02-28
Brazey-en-Plaine,21103,21470,Maison,106.0,235219.0,2219.05,2024-03-05
Dijon,21231,21000,Appartement,71.0,265000.0,3732.39,2024-03-15
Cirey-lès-Pontailler,21175,21270,Maison,156.0,249600.0,1600.0,2024-02-27
Cirey-lès-Pontailler,21175,21270,Maison,156.0,249600.0,1600.0,2024-02-27
Ruffey-lès-Echirey,21535,21490,Maison,129.0,267500.0,2073.64,2024-02-23
Dijon,21231,21000,Appartement,77.0,277000.0,3597.4,2024-03-06
Chenôve,21166,21300,Appartement,79.0,203000.0,2569.62,2024-02-21
Dijon,21231,21000,Maison,68.0,193500.0,2845.59,2024-03-05
Genlis,21292,21110,Appartement,37.0,86000.0,2324.32,2024-02-29
Talant,21617,21240,Maison,82.0,321600.0,3921.95,2024-03-11
Genlis,21292,21110,Maison,77.0,181630.0,2358.83,2024-03-19
Dijon,21231,21000,Appartement,61.0,123500.0,2024.59,2024-03-13
Meursanges,21411,21200,Maison,186.0,350000.0,1881.72,2024-02-22
Is-sur-Tille,21317,21120,Maison,130.0,212900.0,1637.69,2024-03-14
Dijon,21231,21000,Appartement,80.0,182000.0,2275.0,2024-02-29
Dijon,21231,21000,Appartement,29.0,64000.0,2206.9,2024-03-12
Talant,21617,21240,Maison,113.0,242000.0,2141.59,2024-02-28
Saint-Julien,21555,21490,Maison,120.0,405000.0,3375.0,2024-03-04
Viévigne,21682,21310,Maison,75.0,188800.0,2517.33,2024-03-15
Dijon,21231,21000,Appartement,67.0,212280.0,3168.36,2024-03-06
Dijon,21231,21000,Appartement,101.0,202500.0,2004.95,2024-03-01
Fontaine-lès-Dijon,21278,21121,Appartement,51.0,99000.0,1941.18,2024-03-11
Saint-Apollinaire,21540,21850,Appartement,63.0,179550.0,2850.0,2024-03-06
Dijon,21231,21000,Appartement,114.0,83500.0,732.46,2024-03-14
Dijon,21231,21000,Maison,74.0,505000.0,6824.32,2024-03-07
Talant,21617,21240,Appartement,74.0,180000.0,2432.43,2024-03-05
Dijon,21231,21000,Appartement,116.0,356050.0,3069.4,2024-03-07
Dijon,21231,21000,Appartement,33.0,65000.0,1969.7,2024-03-05
Pouilly-en-Auxois,21501,21320,Maison,79.0,121000.0,1531.65,2024-02-29
Arnay-le-Duc,21023,21230,Maison,78.0,42000.0,538.46,2024-03-05
Dijon,21231,21000,Appartement,39.0,121400.0,3112.82,2024-03-18
Brazey-en-Plaine,21103,21470,Maison,117.0,210000.0,1794.87,2024-02-26
Flagey-Echézeaux,21267,21640,Maison,70.0,170000.0,2428.57,2024-03-15
Dijon,21231,21000,Appartement,104.0,362500.0,3485.58,2024-03-12
Nuits-Saint-Georges,21464,21700,Appartement,27.0,46000.0,1703.7,2024-03-11
Chenôve,21166,21300,Appartement,79.0,77000.0,974.68,2024-03-21
Sainte-Colombe-sur-Seine,21545,21400,Maison,99.0,160590.0,1622.12,2024-03-19
Glanon,21301,21250,Maison,77.0,195500.0,2538.96,2024-02-29
Glanon,21301,21250,Maison,77.0,195500.0,2538.96,2024-02-29
Dijon,21231,21000,Appartement,118.0,175000.0,1483.05,2024-03-21
Gevrey-Chambertin,21295,21220,Appartement,45.0,124000.0,2755.56,2024-03-15
Savigny-lès-Beaune,21590,21420,Maison,86.0,150000.0,1744.19,2024-03-01
Saint-Jean-de-Losne,21554,21170,Appartement,82.0,53000.0,646.34,2024-02-28
Dijon,21231,21000,Appartement,40.0,122500.0,3062.5,2024-03-19
Beaune,21054,21200,Appartement,79.0,286000.0,3620.25,2024-02-23
Beaune,21054,21200,Maison,39.0,30000.0,769.23,2024-02-22
Talant,21617,21240,Appartement,38.0,105000.0,2763.16,2024-03-05
Tichey,21637,21250,Maison,130.0,94999.0,730.76,2024-03-19
Tichey,21637,21250,Maison,72.0,72000.0,1000.0,2024-03-04
Sombernon,21611,21540,Maison,39.0,25000.0,641.03,2024-03-22
Aubigny-en-Plaine,21031,21170,Maison,165.0,200000.0,1212.12,2024-02-26
Aubigny-en-Plaine,21031,21170,Maison,165.0,200000.0,1212.12,2024-02-26
Larrey,21343,21330,Maison,68.0,45000.0,661.76,2024-02-22
Saint-Jean-de-Losne,21554,21170,Appartement,47.0,80000.0,1702.13,2024-02-29
Saint-Jean-de-Losne,21554,21170,Appartement,49.0,80000.0,1632.65,2024-02-29
Dijon,21231,21000,Appartement,82.0,229000.0,2792.68,2024-02-23
Longvic,21355,21600,Maison,133.0,344800.0,2592.48,2024-03-20
Créancey,21210,21320,Maison,75.0,235257.66,3136.77,2024-03-18
Créancey,21210,21320,Maison,75.0,235257.66,3136.77,2024-03-18
Montmoyen,21438,21290,Appartement,84.0,12200.0,145.24,2024-02-28
Montmoyen,21438,21290,Appartement,70.0,12200.0,174.29,2024-02-28
Dijon,21231,21000,Appartement,87.0,296000.0,3402.3,2024-03-04
Dijon,21231,21000,Appartement,80.0,174000.0,2175.0,2024-03-22
Dijon,21231,21000,Appartement,51.0,43000.0,843.14,2024-03-15
Bretigny,21107,21490,Maison,90.0,258700.0,2874.44,2024-03-18
Saint-Apollinaire,21540,21850,Maison,97.0,286150.0,2950.0,2024-03-18
Saint-Jean-de-Losne,21554,21170,Maison,108.0,75000.0,694.44,2024-02-29
Pouilly-en-Auxois,21501,21320,Appartement,80.0,135000.0,1687.5,2024-03-08
Pouilly-en-Auxois,21501,21320,Appartement,75.0,135000.0,1800.0,2024-03-08
Dijon,21231,21000,Appartement,67.0,180000.0,2686.57,2024-03-04
Longvic,21355,21600,Appartement,49.0,113000.0,2306.12,2024-03-15
Dijon,21231,21000,Appartement,53.0,120100.0,2266.04,2024-03-19
Dijon,21231,21000,Appartement,40.0,141300.0,3532.5,2024-03-20
Dijon,21231,21000,Appartement,71.0,166550.0,2345.77,2024-03-15
Chenôve,21166,21300,Appartement,68.0,111000.0,1632.35,2024-03-15
Talant,21617,21240,Appartement,76.0,102706.0,1351.39,2024-03-18
Dijon,21231,21000,Maison,43.0,161904.0,3765.21,2024-03-19
Dijon,21231,21000,Appartement,45.0,95000.0,2111.11,2024-03-15
Longvic,21355,21600,Appartement,79.0,220000.0,2784.81,2024-03-25
Dijon,21231,21000,Appartement,51.0,167000.0,3274.51,2024-03-15
Dijon,21231,21000,Appartement,67.0,50000.0,746.27,2024-03-05
Chambeire,21130,21110,Maison,85.0,230000.0,2705.88,2024-03-06
Chenôve,21166,21300,Maison,85.0,227210.0,2673.06,2024-03-20
Beaune,21054,21200,Maison,74.0,218030.0,2946.35,2024-02-29
Dijon,21231,21000,Appartement,66.0,152000.0,2303.03,2024-03-06
Chenôve,21166,21300,Appartement,76.0,89000.0,1171.05,2024-03-18
Saint-Jean-de-Losne,21554,21170,Appartement,48.0,209850.0,4371.88,2024-03-21
Saint-Jean-de-Losne,21554,21170,Appartement,30.0,209850.0,6995.0,2024-03-21
Saint-Jean-de-Losne,21554,21170,Appartement,18.0,209850.0,11658.33,2024-03-21
Saint-Jean-de-Losne,21554,21170,Maison,48.0,209850.0,4371.88,2024-03-21
Saint-Jean-de-Losne,21554,21170,Appartement,40.0,209850.0,5246.25,2024-03-21
Saint-Jean-de-Losne,21554,21170,Appartement,63.0,209850.0,3330.95,2024-03-21
Arc-sur-Tille,21021,21560,Maison,119.0,335000.0,2815.13,2024-02-20
Dijon,21231,21000,Appartement,54.0,98000.0,1814.81,2024-03-12
Dijon,21231,21000,Maison,116.0,507000.0,4370.69,2024-03-13
Dijon,21231,21000,Maison,74.0,259000.0,3500.0,2024-03-13
Pichanges,21483,21120,Maison,96.0,285500.0,2973.96,2024-03-01
Pichanges,21483,21120,Maison,96.0,285500.0,2973.96,2024-03-01
Dijon,21231,21000,Appartement,68.0,220000.0,3235.29,2024-03-01
Balot,21044,21330,Maison,80.0,10000.0,125.0,2024-03-21
Talant,21617,21240,Maison,190.0,507000.0,2668.42,2024-03-01
Dijon,21231,21000,Appartement,17.0,63500.0,3735.29,2024-03-01
Chevigny-Saint-Sauveur,21171,21800,Appartement,37.0,93500.0,2527.03,2024-03-12
Fontaine-lès-Dijon,21278,21121,Appartement,87.0,223000.0,2563.22,2024-02-29
Beaune,21054,21200,Appartement,69.0,122500.0,1775.36,2024-03-21
Dijon,21231,21000,Maison,140.0,449000.0,3207.14,2024-02-29
Perrigny-sur-l'Ognon,21482,21270,Maison,108.0,200000.0,1851.85,2024-03-04
Perrigny-sur-l'Ognon,21482,21270,Maison,108.0,200000.0,1851.85,2024-03-04
Sombernon,21611,21540,Maison,85.0,160000.0,1882.35,2024-03-04
Dijon,21231,21000,Appartement,21.0,47500.0,2261.9,2024-03-15
Saulieu,21584,21210,Maison,47.0,87380.0,1859.15,2024-02-29
Talant,21617,21240,Appartement,105.0,214550.0,2043.33,2024-03-12
Til-Châtel,21638,21120,Maison,131.0,120000.0,916.03,2024-03-15
Fontaine-lès-Dijon,21278,21121,Maison,118.0,287000.0,2432.2,2024-03-01
Gilly-lès-Cîteaux,21297,21640,Maison,77.0,200000.0,2597.4,2024-03-06
Daix,21223,21121,Maison,137.0,541500.0,3952.55,2024-03-15
Fussey,21289,21700,Maison,100.0,270000.0,2700.0,2024-03-01
Dijon,21231,21000,Appartement,47.0,160000.0,3404.26,2024-03-06
Dijon,21231,21000,Appartement,64.0,67000.0,1046.88,2024-03-18
Dijon,21231,21000,Appartement,66.0,58000.0,878.79,2024-03-21
Lechâtelet,21344,21250,Maison,120.0,179000.0,1491.67,2024-03-21
Saulieu,21584,21210,Appartement,80.0,150000.0,1875.0,2024-03-04
Saulieu,21584,21210,Appartement,61.0,150000.0,2459.02,2024-03-04
Saulieu,21584,21210,Appartement,54.0,150000.0,2777.78,2024-03-04
Marey-sur-Tille,21385,21120,Maison,115.0,124000.0,1078.26,2024-03-21
Dijon,21231,21000,Appartement,78.0,260500.0,3339.74,2024-03-27
Genay,21291,21140,Maison,93.0,145000.0,1559.14,2024-03-23
Quetigny,21515,21800,Maison,83.0,192000.0,2313.25,2024-03-20
Bretenière,21106,21110,Maison,81.0,234000.0,2888.89,2024-03-12
Dijon,21231,21000,Appartement,32.0,114500.0,3578.12,2024-03-04
Marsannay-la-Côte,21390,21160,Maison,81.0,285000.0,3518.52,2024-03-05
Marsannay-la-Côte,21390,21160,Maison,93.0,285000.0,3064.52,2024-03-05
Chenôve,21166,21300,Appartement,118.0,145000.0,1228.81,2024-03-13
Dijon,21231,21000,Appartement,74.0,310000.0,4189.19,2024-03-12
Nuits-Saint-Georges,21464,21700,Maison,88.0,158000.0,1795.45,2024-03-13
Saulon-la-Chapelle,21585,21910,Maison,82.0,169500.0,2067.07,2024-03-20
Trouhans,21645,21170,Maison,104.0,201500.0,1937.5,2024-03-13
Talant,21617,21240,Maison,95.0,266650.0,2806.84,2024-03-25
Arnay-le-Duc,21023,21230,Maison,230.0,16000.0,69.57,2024-03-15
Brazey-en-Plaine,21103,21470,Maison,121.0,173000.0,1429.75,2024-03-14
Magny-Saint-Médard,21369,21310,Maison,119.0,317800.0,2670.59,2024-03-13
Ladoix-Serrigny,21606,21550,Maison,72.0,123100.0,1709.72,2024-03-15
Auxonne,21038,21130,Maison,104.0,84600.0,813.46,2024-03-12
Saint-Usage,21577,21170,Maison,120.0,300000.0,2500.0,2024-03-20
Dijon,21231,21000,Maison,165.0,815400.0,4941.82,2024-03-14
Thorey-sur-Ouche,21634,21360,Maison,48.0,50000.0,1041.67,2024-03-15
Dampierre-et-Flée,21225,21310,Maison,34.0,41000.0,1205.88,2024-03-21
Drée,21234,21540,Maison,61.0,112000.0,1836.07,2024-03-22
Chevigny-Saint-Sauveur,21171,21800,Appartement,56.0,206400.0,3685.71,2024-03-13
Beaunotte,21055,21510,Maison,70.0,45000.0,642.86,2024-03-06
Saint-Apollinaire,21540,21850,Appartement,64.0,190700.0,2979.69,2024-03-21
Dijon,21231,21000,Appartement,40.0,127800.0,3195.0,2024-03-25
Dijon,21231,21000,Appartement,38.0,90900.0,2392.11,2024-03-14
Varanges,21656,21110,Maison,22.0,23000.0,1045.45,2024-03-07
Dijon,21231,21000,Maison,97.0,358300.0,3693.81,2024-03-05
Talant,21617,21240,Appartement,30.0,135000.0,4500.0,2024-03-07
Dijon,21231,21000,Appartement,52.0,68100.0,1309.62,2024-03-18
Dijon,21231,21000,Appartement,60.0,130000.0,2166.67,2024-03-26
Dijon,21231,21000,Appartement,75.0,247350.0,3298.0,2024-03-02
Dijon,21231,21000,Appartement,129.0,399550.0,3097.29,2024-03-28
Ladoix-Serrigny,21606,21550,Maison,39.0,129000.0,3307.69,2024-03-22
Bretigny,21107,21490,Maison,145.0,466000.0,3213.79,2024-03-28
Ladoix-Serrigny,21606,21550,Maison,128.0,287410.0,2245.39,2024-03-12
Ladoix-Serrigny,21606,21550,Maison,128.0,287410.0,2245.39,2024-03-12
Corgoloin,21194,21700,Maison,87.0,197000.0,2264.37,2024-03-20
Ladoix-Serrigny,21606,21550,Maison,98.0,300000.0,3061.22,2024-03-12
La Rochepot,21527,21340,Maison,179.0,703230.0,3928.66,2024-03-25
La Rochepot,21527,21340,Maison,179.0,703230.0,3928.66,2024-03-25
Montceau-et-Écharnant,21427,21360,Maison,160.0,271500.0,1696.88,2024-03-06
Fleurey-sur-Ouche,21273,21410,Maison,187.0,157500.0,842.25,2024-03-22
Dijon,21231,21000,Appartement,55.0,104950.0,1908.18,2024-03-25
Longvic,21355,21600,Appartement,98.0,157000.0,1602.04,2024-03-27
Izeure,21319,21110,Maison,108.0,318450.0,2948.61,2024-03-07
Varois-et-Chaignot,21657,21490,Maison,149.0,474200.0,3182.55,2024-03-14
Dijon,21231,21000,Appartement,22.0,49000.0,2227.27,2024-03-07
Dijon,21231,21000,Appartement,17.0,45000.0,2647.06,2024-03-08
Arceau,21016,21310,Maison,22.0,125000.0,5681.82,2024-03-08
Dijon,21231,21000,Appartement,68.0,130000.0,1911.76,2024-03-11
Villy-en-Auxois,21707,21350,Maison,94.0,130000.0,1382.98,2024-03-28
Villy-en-Auxois,21707,21350,Maison,52.0,130000.0,2500.0,2024-03-28
Venarey-les-Laumes,21663,21150,Maison,88.0,160000.0,1818.18,2024-03-13
Ampilly-le-Sec,21012,21400,Maison,66.0,85000.0,1287.88,2024-03-07
Chevigny-Saint-Sauveur,21171,21800,Appartement,63.0,190000.0,3015.87,2024-03-22
Fontaine-lès-Dijon,21278,21121,Appartement,46.0,111500.0,2423.91,2024-03-05
Bèze,21071,21310,Maison,80.0,250000.0,3125.0,2024-03-25
Dijon,21231,21000,Appartement,33.0,105000.0,3181.82,2024-03-07
Dijon,21231,21000,Appartement,42.0,115000.0,2738.1,2024-03-27
Beaune,21054,21200,Maison,130.0,40000.0,307.69,2024-03-20
Chenôve,21166,21300,Appartement,66.0,167000.0,2530.3,2024-03-25
Bligny-sur-Ouche,21087,21360,Maison,103.0,220000.0,2135.92,2024-03-23
Bligny-sur-Ouche,21087,21360,Maison,103.0,220000.0,2135.92,2024-03-23
Hauteville-lès-Dijon,21315,21121,Maison,203.0,702000.0,3458.13,2024-03-22
Hauteville-lès-Dijon,21315,21121,Maison,203.0,702000.0,3458.13,2024-03-22
Nolay,21461,21340,Maison,94.0,206369.0,2195.41,2024-03-22
Auxey-Duresses,21037,21190,Maison,83.0,300000.0,3614.46,2024-03-22
Beaune,21054,21200,Appartement,67.0,108500.0,1619.4,2024-03-25
Dijon,21231,21000,Appartement,66.0,205000.0,3106.06,2024-03-20
Dijon,21231,21000,Appartement,82.0,205000.0,2500.0,2024-03-20
Dijon,21231,21000,Appartement,60.0,137000.0,2283.33,2024-03-14
Longvic,21355,21600,Appartement,92.0,355000.0,3858.7,2024-03-27
Savigny-lès-Beaune,21590,21420,Maison,115.0,446575.0,3883.26,2024-03-08
Savigny-lès-Beaune,21590,21420,Maison,67.0,446575.0,6665.3,2024-03-08
Dijon,21231,21000,Appartement,31.0,70700.0,2280.65,2024-03-25
Dijon,21231,21000,Maison,71.0,320000.0,4507.04,2024-03-20
Beaune,21054,21200,Appartement,52.0,63000.0,1211.54,2024-03-28
Beaune,21054,21200,Appartement,52.0,63000.0,1211.54,2024-03-28
Beaune,21054,21200,Appartement,67.0,63000.0,940.3,2024-03-28
Beaune,21054,21200,Appartement,89.0,63000.0,707.87,2024-03-28
Dijon,21231,21000,Appartement,31.0,169000.0,5451.61,2024-03-28
Dijon,21231,21000,Appartement,57.0,169000.0,2964.91,2024-03-28
Dijon,21231,21000,Appartement,25.0,60500.0,2420.0,2024-04-02
Lusigny-sur-Ouche,21360,21360,Maison,60.0,54000.0,900.0,2024-03-13
Dijon,21231,21000,Appartement,34.0,88000.0,2588.24,2024-03-27
Montbard,21425,21500,Maison,185.0,145000.0,783.78,2024-03-22
Montbard,21425,21500,Maison,47.0,145000.0,3085.11,2024-03-22
Montbard,21425,21500,Maison,112.0,180500.0,1611.61,2024-03-05
Montbard,21425,21500,Maison,112.0,180500.0,1611.61,2024-03-05
Dijon,21231,21000,Maison,138.0,443000.0,3210.14,2024-03-06
Dijon,21231,21000,Appartement,31.0,64000.0,2064.52,2024-04-03
Fontaine-lès-Dijon,21278,21121,Appartement,45.0,147500.0,3277.78,2024-03-26
Pouilly-sur-Saône,21502,21250,Maison,92.0,167000.0,1815.22,2024-04-03
Aubigny-en-Plaine,21031,21170,Maison,101.0,212250.0,2101.49,2024-03-20
Vic-de-Chassenay,21676,21140,Maison,78.0,143000.0,1833.33,2024-03-27
Vic-de-Chassenay,21676,21140,Maison,78.0,143000.0,1833.33,2024-03-27
Fontaine-lès-Dijon,21278,21121,Appartement,71.0,150476.0,2119.38,2024-03-20
Dijon,21231,21000,Appartement,66.0,202450.0,3067.42,2024-03-21
Saint-Apollinaire,21540,21850,Appartement,57.0,121000.0,2122.81,2024-03-28
Dijon,21231,21000,Appartement,10.0,38000.0,3800.0,2024-03-28
Is-sur-Tille,21317,21120,Maison,88.0,245000.0,2784.09,2024-03-20
Dijon,21231,21000,Appartement,31.0,74000.0,2387.1,2024-03-21
Varois-et-Chaignot,21657,21490,Maison,102.0,345000.0,3382.35,2024-03-22
Perrigny-lès-Dijon,21481,21160,Maison,109.0,235000.0,2155.96,2024-03-19
Aubigny-en-Plaine,21031,21170,Maison,138.0,262200.0,1900.0,2024-03-20
Dijon,21231,21000,Appartement,92.0,201000.0,2184.78,2024-03-19
Heuilley-sur-Saône,21316,21270,Maison,134.0,90000.0,671.64,2024-03-08
Dijon,21231,21000,Appartement,81.0,171090.0,2112.22,2024-03-27
Dijon,21231,21000,Appartement,135.0,444500.0,3292.59,2024-03-11
Dijon,21231,21000,Appartement,250.0,444500.0,1778.0,2024-03-11
Dijon,21231,21000,Appartement,63.0,135000.0,2142.86,2024-03-18
Dijon,21231,21000,Appartement,30.0,55000.0,1833.33,2024-03-25
Dijon,21231,21000,Appartement,79.0,290000.0,3670.89,2024-03-05
Dijon,21231,21000,Appartement,66.0,165000.0,2500.0,2024-04-03
Dijon,21231,21000,Appartement,60.0,120000.0,2000.0,2024-03-11
Saint-Didier,21546,21210,Maison,70.0,75000.0,1071.43,2024-03-12
Précy-sous-Thil,21505,21390,Maison,45.0,32300.0,717.78,2024-03-12
Précy-sous-Thil,21505,21390,Maison,40.0,32300.0,807.5,2024-03-12
Beaune,21054,21200,Appartement,27.0,65497.0,2425.81,2024-03-14
Beaune,21054,21200,Appartement,61.0,140000.0,2295.08,2024-03-18
Les Maillys,21371,21130,Maison,60.0,50000.0,833.33,2024-03-25
Ladoix-Serrigny,21606,21550,Maison,144.0,270000.0,1875.0,2024-03-12
Ladoix-Serrigny,21606,21550,Maison,175.0,270000.0,1542.86,2024-03-12
Clomot,21181,21230,Maison,84.0,86500.0,1029.76,2024-03-27
Marsannay-la-Côte,21390,21160,Maison,90.0,239000.0,2655.56,2024-03-21
Lamarche-sur-Saône,21337,21760,Appartement,58.0,53500.0,922.41,2024-04-03
Saint-Apollinaire,21540,21850,Maison,173.0,570000.0,3294.8,2024-03-27
Toutry,21642,21460,Maison,156.0,50000.0,320.51,2024-03-20
Dijon,21231,21000,Appartement,80.0,272000.0,3400.0,2024-03-25
Manlay,21375,21430,Maison,40.0,32000.0,800.0,2024-03-27
Chorey-les-Beaune,21173,21200,Maison,159.0,535000.0,3364.78,2024-03-25
Beaune,21054,21200,Appartement,81.0,308375.0,3807.1,2024-03-28
Dijon,21231,21000,Appartement,62.0,231032.88,3726.34,2024-03-25
Beaune,21054,21200,Maison,203.0,630000.0,3103.45,2024-03-06
Dijon,21231,21000,Maison,70.0,231000.0,3300.0,2024-03-29
Dijon,21231,21000,Appartement,44.0,180000.0,4090.91,2024-03-25
Dijon,21231,21000,Appartement,48.0,125000.0,2604.17,2024-03-25
Talant,21617,21240,Maison,120.0,252000.0,2100.0,2024-03-15
Touillon,21641,21500,Maison,91.0,87000.0,956.04,2024-03-29
Recey-sur-Ource,21519,21290,Maison,60.0,73000.0,1216.67,2024-03-27
Santenay,21582,21590,Maison,119.0,105000.0,882.35,2024-04-03
Chassagne-Montrachet,21150,21190,Maison,78.0,547600.0,7020.51,2024-03-28
Chassagne-Montrachet,21150,21190,Maison,107.0,547600.0,5117.76,2024-03-28
Dijon,21231,21000,Appartement,49.0,126250.0,2576.53,2024-03-28
Chevigny-Saint-Sauveur,21171,21800,Appartement,28.0,79000.0,2821.43,2024-03-28
Dijon,21231,21000,Appartement,26.0,73500.0,2826.92,2024-03-12
Longvic,21355,21600,Appartement,77.0,76934.0,999.14,2024-03-29
Dijon,21231,21000,Appartement,88.0,241000.0,2738.64,2024-03-22
Chevigny-Saint-Sauveur,21171,21800,Maison,123.0,315000.0,2560.98,2024-03-13
Dijon,21231,21000,Maison,120.0,365000.0,3041.67,2024-03-26
Saint-Apollinaire,21540,21850,Appartement,91.0,272000.0,2989.01,2024-03-29
Montbard,21425,21500,Maison,79.0,78000.0,987.34,2024-03-28
Montbard,21425,21500,Maison,72.0,78000.0,1083.33,2024-03-28
Chevigny-Saint-Sauveur,21171,21800,Appartement,39.0,125000.0,3205.13,2024-03-28
Nantoux,21450,21190,Maison,142.0,268000.0,1887.32,2024-03-20
Nantoux,21450,21190,Maison,142.0,268000.0,1887.32,2024-03-20
Nantoux,21450,21190,Maison,142.0,268000.0,1887.32,2024-03-20
Talmay,21618,21270,Maison,70.0,10600.0,151.43,2024-03-14
Genlis,21292,21110,Appartement,82.0,81900.0,998.78,2024-03-13
Dijon,21231,21000,Appartement,40.0,115000.0,2875.0,2024-03-06
Dijon,21231,21000,Appartement,29.0,115000.0,3965.52,2024-03-06
Dijon,21231,21000,Appartement,21.0,115000.0,5476.19,2024-03-06
Dijon,21231,21000,Appartement,48.0,115000.0,2395.83,2024-03-06
Arc-sur-Tille,21021,21560,Maison,82.0,210000.0,2560.98,2024-03-11
Semur-en-Auxois,21603,21140,Appartement,46.0,556500.0,12097.83,2024-04-04
Semur-en-Auxois,21603,21140,Appartement,68.0,556500.0,8183.82,2024-04-04
Semur-en-Auxois,21603,21140,Appartement,46.0,556500.0,12097.83,2024-04-04
Semur-en-Auxois,21603,21140,Appartement,77.0,556500.0,7227.27,2024-04-04
Semur-en-Auxois,21603,21140,Appartement,55.0,556500.0,10118.18,2024-04-04
Semur-en-Auxois,21603,21140,Appartement,68.0,556500.0,8183.82,2024-04-04
Dijon,21231,21000,Appartement,64.0,159200.0,2487.5,2024-03-15
Dijon,21231,21000,Appartement,81.0,288000.0,3555.56,2024-03-28
Fontaine-lès-Dijon,21278,21121,Appartement,73.0,260000.0,3561.64,2024-03-13
Dijon,21231,21000,Appartement,57.0,249000.0,4368.42,2024-03-14
Griselles,21309,21330,Maison,256.0,110000.0,429.69,2024-03-13
Dijon,21231,21000,Appartement,93.0,249000.0,2677.42,2024-03-29
Barbirey-sur-Ouche,21045,21410,Maison,66.0,69000.0,1045.45,2024-02-27
Athée,21028,21130,Maison,81.0,150000.0,1851.85,2024-03-25
Chenôve,21166,21300,Appartement,46.0,77450.0,1683.7,2024-03-15
Dijon,21231,21000,Appartement,20.0,70000.0,3500.0,2024-03-22
Talant,21617,21240,Appartement,48.0,157000.0,3270.83,2024-03-27
Montbard,21425,21500,Maison,104.0,80000.0,769.23,2024-03-22
Arnay-le-Duc,21023,21230,Maison,60.0,74100.0,1235.0,2024-03-29
Saint-Seine-en-Bâche,21572,21130,Maison,50.0,145000.0,2900.0,2024-03-21
Saint-Seine-en-Bâche,21572,21130,Maison,55.0,145000.0,2636.36,2024-03-21
Dijon,21231,21000,Appartement,15.0,58000.0,3866.67,2024-03-21
Dijon,21231,21000,Appartement,55.0,108000.0,1963.64,2024-03-14
Saint-Apollinaire,21540,21850,Maison,147.0,489000.0,3326.53,2024-03-15
Meursault,21412,21190,Maison,140.0,667495.0,4767.82,2024-03-29
Cirey-lès-Pontailler,21175,21270,Maison,138.0,243000.0,1760.87,2024-04-02
Dijon,21231,21000,Appartement,35.0,99100.0,2831.43,2024-04-08
Talant,21617,21240,Maison,106.0,147000.0,1386.79,2024-03-23
Ouges,21473,21600,Maison,73.0,280000.0,3835.62,2024-03-29
Fontaine-lès-Dijon,21278,21121,Maison,140.0,466000.0,3328.57,2024-03-27
Dijon,21231,21000,Appartement,28.0,55000.0,1964.29,2024-04-02
Gissey-sur-Ouche,21300,21410,Maison,87.0,150000.0,1724.14,2024-03-29
Dijon,21231,21000,Maison,40.0,165000.0,4125.0,2024-03-13
Auxonne,21038,21130,Appartement,66.0,77500.0,1174.24,2024-03-22
Savigny-lès-Beaune,21590,21420,Maison,58.0,445000.0,7672.41,2024-03-15
Mirebeau-sur-Bèze,21416,21310,Maison,146.0,280000.0,1917.81,2024-03-20
Mirebeau-sur-Bèze,21416,21310,Maison,50.0,280000.0,5600.0,2024-03-20
Dijon,21231,21000,Maison,148.0,416000.0,2810.81,2024-03-22
Dijon,21231,21000,Appartement,93.0,128350.0,1380.11,2024-03-20
Censerey,21124,21430,Maison,134.0,171500.0,1279.85,2024-03-27
Dijon,21231,21000,Appartement,75.0,176000.0,2346.67,2024-04-02
Lamarche-sur-Saône,21337,21760,Maison,150.0,125000.0,833.33,2024-03-19
Fontaine-Française,21277,21610,Maison,77.0,141000.0,1831.17,2024-03-08
Plombières-lès-Dijon,21485,21370,Appartement,63.0,158000.0,2507.94,2024-04-02
Saint-Aubin,21541,21190,Maison,80.0,316000.0,3950.0,2024-03-29
Villers-les-Pots,21699,21130,Maison,166.0,147500.0,888.55,2024-04-04
Val-Suzon,21651,21121,Maison,112.0,290100.0,2590.18,2024-03-25
Val-Suzon,21651,21121,Maison,112.0,290100.0,2590.18,2024-03-25
Quetigny,21515,21800,Appartement,64.0,180200.0,2815.62,2024-03-22
Dijon,21231,21000,Appartement,43.0,160000.0,3720.93,2024-03-13
Beaune,21054,21200,Maison,61.0,72000.0,1180.33,2024-04-04
Dijon,21231,21000,Appartement,26.0,57500.0,2211.54,2024-03-27
Auxey-Duresses,21037,21190,Maison,68.0,68470.0,1006.91,2024-03-28
Dijon,21231,21000,Appartement,30.0,74000.0,2466.67,2024-03-29
Turcey,21648,21540,Maison,80.0,255000.0,3187.5,2024-03-29
Dijon,21231,21000,Appartement,64.0,70000.0,1093.75,2024-03-26
Voulaines-les-Templiers,21717,21290,Maison,150.0,60000.0,400.0,2024-03-18
Dijon,21231,21000,Maison,45.0,170000.0,3777.78,2024-03-14
Dijon,21231,21000,Appartement,41.0,122200.0,2980.49,2024-03-14
Soirans,21609,21110,Maison,89.0,204000.0,2292.13,2024-03-14
Dijon,21231,21000,Appartement,41.0,129500.0,3158.54,2024-04-03
Fontaine-lès-Dijon,21278,21121,Appartement,47.0,100000.0,2127.66,2024-03-25
Vix,21711,21400,Maison,59.0,285000.0,4830.51,2024-03-22
Vix,21711,21400,Maison,103.0,285000.0,2766.99,2024-03-22
Ménétreux-le-Pitois,21404,21150,Maison,122.0,150000.0,1229.51,2024-03-26
Marcilly-sur-Tille,21383,21120,Maison,90.0,150000.0,1666.67,2024-03-18
Esbarres,21249,21170,Maison,54.0,115000.0,2129.63,2024-03-11
Esbarres,21249,21170,Maison,54.0,115000.0,2129.63,2024-03-11
Is-sur-Tille,21317,21120,Maison,144.0,210000.0,1458.33,2024-04-04
Chaux,21162,21700,Maison,126.0,235000.0,1865.08,2024-03-11
Semur-en-Auxois,21603,21140,Maison,83.0,145000.0,1746.99,2024-04-05
Semur-en-Auxois,21603,21140,Maison,83.0,145000.0,1746.99,2024-04-05
Brion-sur-Ource,21109,21570,Maison,112.0,145000.0,1294.64,2024-03-12
Dijon,21231,21000,Appartement,58.0,114000.0,1965.52,2024-03-27
Dijon,21231,21000,Maison,59.0,152000.0,2576.27,2024-03-18
Dijon,21231,21000,Appartement,42.0,111500.0,2654.76,2024-03-14
Messigny-et-Vantoux,21408,21380,Maison,69.0,250000.0,3623.19,2024-04-05
Châtillon-sur-Seine,21154,21400,Maison,30.0,174924.0,5830.8,2024-03-27
Châtillon-sur-Seine,21154,21400,Maison,30.0,174924.0,5830.8,2024-03-27
Châtillon-sur-Seine,21154,21400,Maison,34.0,86000.0,2529.41,2024-03-29
Dijon,21231,21000,Appartement,17.0,42000.0,2470.59,2024-04-03
Villaines-les-Prévôtes,21686,21500,Maison,157.0,100000.0,636.94,2024-04-06
Châtillon-sur-Seine,21154,21400,Maison,97.0,140000.0,1443.3,2024-03-29
Dijon,21231,21000,Appartement,92.0,163900.0,1781.52,2024-04-05
Magny-sur-Tille,21370,21110,Appartement,50.0,166000.0,3320.0,2024-04-04
Dijon,21231,21000,Appartement,44.0,134000.0,3045.45,2024-03-25
Dijon,21231,21000,Appartement,92.0,221500.0,2407.61,2024-04-08
Ahuy,21003,21121,Maison,148.0,235281.0,1589.74,2024-03-16
Seurre,21607,21250,Appartement,89.0,82000.0,921.35,2024-04-09
Seurre,21607,21250,Appartement,61.0,82000.0,1344.26,2024-04-09
Chevigny-Saint-Sauveur,21171,21800,Appartement,42.0,141000.0,3357.14,2024-04-08
Dijon,21231,21000,Appartement,86.0,311000.0,3616.28,2024-04-08
Dijon,21231,21000,Appartement,59.0,201800.0,3420.34,2024-04-09
Dijon,21231,21000,Appartement,72.0,83000.0,1152.78,2024-03-25
Labergement-lès-Seurre,21332,21820,Maison,124.0,165000.0,1330.65,2024-04-08
Corberon,21189,21250,Maison,100.0,75000.0,750.0,2024-03-13
Salives,21579,21580,Maison,98.0,75000.0,765.31,2024-03-15
Dijon,21231,21000,Appartement,51.0,95000.0,1862.75,2024-04-05
Vitteaux,21710,21350,Appartement,33.0,120000.0,3636.36,2024-04-05
Vitteaux,21710,21350,Appartement,31.0,120000.0,3870.97,2024-04-05
Vitteaux,21710,21350,Appartement,33.0,120000.0,3636.36,2024-04-05
Vitteaux,21710,21350,Appartement,27.0,120000.0,4444.44,2024-04-05
Corgoloin,21194,21700,Maison,124.0,247600.0,1996.77,2024-03-28
Dijon,21231,21000,Appartement,34.0,110000.0,3235.29,2024-03-25
Magny-lès-Villers,21368,21700,Maison,88.0,248000.0,2818.18,2024-03-27
Beaune,21054,21200,Appartement,90.0,257000.0,2855.56,2024-03-26
Dijon,21231,21000,Appartement,19.0,79000.0,4157.89,2024-03-28
Velars-sur-Ouche,21661,21370,Appartement,42.0,130000.0,3095.24,2024-03-22
Velars-sur-Ouche,21661,21370,Appartement,84.0,130000.0,1547.62,2024-03-22
Messanges,21407,21220,Maison,92.0,270500.0,2940.22,2024-03-27
Messanges,21407,21220,Maison,92.0,270500.0,2940.22,2024-03-27
Nuits-Saint-Georges,21464,21700,Appartement,37.0,103275.0,2791.22,2024-03-25
Nuits-Saint-Georges,21464,21700,Maison,75.0,207000.0,2760.0,2024-03-28
Dijon,21231,21000,Maison,72.0,178500.0,2479.17,2024-03-28
Dijon,21231,21000,Appartement,87.0,200000.0,2298.85,2024-04-10
Chevigny-Saint-Sauveur,21171,21800,Appartement,75.0,105000.0,1400.0,2024-04-10
Ménétreux-le-Pitois,21404,21150,Maison,80.0,52000.0,650.0,2024-04-05
Chevigny-Saint-Sauveur,21171,21800,Maison,92.0,252000.0,2739.13,2024-03-21
Montigny-Montfort,21429,21500,Maison,131.0,220000.0,1679.39,2024-04-10
Asnières-lès-Dijon,21027,21380,Maison,177.0,547000.0,3090.4,2024-03-26
Saulieu,21584,21210,Maison,95.0,20500.0,215.79,2024-03-19
Dijon,21231,21000,Maison,82.0,247250.0,3015.24,2024-03-29
Collonges-lès-Premières,21183,21110,Maison,80.0,235000.0,2937.5,2024-03-19
Saint-Jean-de-Losne,21554,21170,Appartement,82.0,62500.0,762.2,2024-03-13
Trouhans,21645,21170,Maison,89.0,146000.0,1640.45,2024-03-20
Longvic,21355,21600,Appartement,67.0,178000.0,2656.72,2024-03-29
Seurre,21607,21250,Appartement,75.0,120000.0,1600.0,2024-03-18
Charrey-sur-Saône,21148,21170,Maison,91.0,225000.0,2472.53,2024-03-21
Dijon,21231,21000,Appartement,68.0,176000.0,2588.24,2024-03-18
Dijon,21231,21000,Appartement,30.0,75000.0,2500.0,2024-03-21
Dijon,21231,21000,Appartement,109.0,375000.0,3440.37,2024-03-26
Dijon,21231,21000,Appartement,103.0,258000.0,2504.85,2024-03-27
Éguilly,21244,21320,Maison,83.0,82000.0,987.95,2024-03-26
Talant,21617,21240,Appartement,75.0,125000.0,1666.67,2024-04-03
Venarey-les-Laumes,21663,21150,Appartement,97.0,101850.0,1050.0,2024-03-27
Auxonne,21038,21130,Appartement,65.0,113000.0,1738.46,2024-03-28
Semezanges,21601,21220,Maison,50.0,35000.0,700.0,2024-03-26
Fontaine-lès-Dijon,21278,21121,Maison,68.0,249000.0,3661.76,2024-03-28
Seurre,21607,21250,Maison,110.0,110000.0,1000.0,2024-04-09
Saulieu,21584,21210,Maison,122.0,250000.0,2049.18,2024-04-10
Saulieu,21584,21210,Maison,122.0,250000.0,2049.18,2024-04-10
Dijon,21231,21000,Appartement,63.0,87800.0,1393.65,2024-03-20
Dijon,21231,21000,Appartement,20.0,75500.0,3775.0,2024-03-28
Dijon,21231,21000,Appartement,72.0,163500.0,2270.83,2024-03-28
Courban,21202,21520,Maison,128.0,230000.0,1796.88,2024-04-02
Dijon,21231,21000,Maison,64.0,207000.0,3234.38,2024-04-09
Sacquenay,21536,21260,Maison,58.0,140000.0,2413.79,2024-04-08
Dijon,21231,21000,Appartement,61.0,80000.0,1311.48,2024-03-29
Dijon,21231,21000,Appartement,92.0,195000.0,2119.57,2024-04-09
Châtellenot,21153,21320,Maison,98.0,85000.0,867.35,2024-04-11
Châtellenot,21153,21320,Maison,54.0,85000.0,1574.07,2024-04-11
Dijon,21231,21000,Appartement,84.0,228100.0,2715.48,2024-03-29
Talant,21617,21240,Appartement,65.0,90000.0,1384.62,2024-03-28
Dijon,21231,21000,Appartement,46.0,134625.0,2926.63,2024-04-03
Fénay,21263,21600,Maison,122.0,372500.0,3053.28,2024-03-21
Dijon,21231,21000,Appartement,27.0,75000.0,2777.78,2024-04-10
Longvic,21355,21600,Appartement,73.0,206570.0,2829.73,2024-04-05
Curtil-Saint-Seine,21218,21380,Maison,144.0,258000.0,1791.67,2024-04-04
Selongey,21599,21260,Appartement,140.0,290000.0,2071.43,2024-04-04
Selongey,21599,21260,Appartement,61.0,290000.0,4754.1,2024-04-04
Noiron-sur-Bèze,21459,21310,Maison,80.0,183250.0,2290.62,2024-04-11
Noiron-sur-Bèze,21459,21310,Maison,80.0,183250.0,2290.62,2024-04-11
Dijon,21231,21000,Appartement,57.0,135000.0,2368.42,2024-03-27
Dijon,21231,21000,Appartement,63.0,165000.0,2619.05,2024-03-20
Dijon,21231,21000,Appartement,53.0,120000.0,2264.15,2024-03-29
Dijon,21231,21000,Maison,163.0,320000.0,1963.19,2024-04-03
Dijon,21231,21000,Appartement,39.0,129000.0,3307.69,2024-04-05
Dijon,21231,21000,Appartement,33.0,84000.0,2545.45,2024-04-05
Dijon,21231,21000,Appartement,56.0,120000.0,2142.86,2024-03-29
Dijon,21231,21000,Appartement,38.0,162000.0,4263.16,2024-04-02
Seurre,21607,21250,Maison,69.0,65000.0,942.03,2024-03-29
Dijon,21231,21000,Appartement,27.0,76000.0,2814.81,2024-04-12
Dijon,21231,21000,Appartement,68.0,100000.0,1470.59,2024-03-14
Gerland,21294,21700,Maison,110.0,419000.0,3809.09,2024-03-29
Gerland,21294,21700,Maison,110.0,419000.0,3809.09,2024-03-29
Talant,21617,21240,Appartement,77.0,91300.0,1185.71,2024-04-05
Bellefond,21059,21490,Maison,101.0,365000.0,3613.86,2024-04-10
Genlis,21292,21110,Maison,150.0,367900.0,2452.67,2024-04-09
Corgoloin,21194,21700,Maison,82.0,215500.0,2628.05,2024-03-28
Beaune,21054,21200,Maison,78.0,102000.0,1307.69,2024-04-05
Sennecey-lès-Dijon,21605,21800,Maison,99.0,328000.0,3313.13,2024-03-28
Dijon,21231,21000,Appartement,82.0,170000.0,2073.17,2024-03-29
Dijon,21231,21000,Appartement,28.0,106000.0,3785.71,2024-04-12
Quetigny,21515,21800,Appartement,63.0,171427.0,2721.06,2024-04-09
Velars-sur-Ouche,21661,21370,Appartement,58.0,145000.0,2500.0,2024-04-11
Brochon,21110,21220,Maison,98.0,285000.0,2908.16,2024-03-26
Beaune,21054,21200,Maison,108.0,333550.0,3088.43,2024-04-02
Dijon,21231,21000,Appartement,57.0,178900.0,3138.6,2024-04-09
Daix,21223,21121,Maison,135.0,629000.0,4659.26,2024-03-22
Is-sur-Tille,21317,21120,Maison,125.0,260000.0,2080.0,2024-03-15
Pouilly-en-Auxois,21501,21320,Maison,100.0,591200.0,5912.0,2024-03-19
Dijon,21231,21000,Appartement,34.0,78000.0,2294.12,2024-04-11
Talmay,21618,21270,Maison,50.0,113500.0,2270.0,2024-03-28
Dijon,21231,21000,Appartement,42.0,120000.0,2857.14,2024-03-27
Dijon,21231,21000,Appartement,30.0,65050.0,2168.33,2024-04-08
Dijon,21231,21000,Appartement,67.0,179000.0,2671.64,2024-04-09
Nuits-Saint-Georges,21464,21700,Maison,75.0,311900.0,4158.67,2024-04-10
Bonnencontre,21089,21250,Maison,129.0,150000.0,1162.79,2024-04-04
Dijon,21231,21000,Appartement,96.0,409000.0,4260.42,2024-03-27
Dijon,21231,21000,Appartement,60.0,95100.0,1585.0,2024-04-05
Dijon,21231,21000,Maison,106.0,271000.0,2556.6,2024-03-29
Saint-Apollinaire,21540,21850,Appartement,62.0,142000.0,2290.32,2024-04-05
Dijon,21231,21000,Appartement,81.0,228000.0,2814.81,2024-03-28
Saulieu,21584,21210,Maison,83.0,140000.0,1686.75,2024-04-04
Saulieu,21584,21210,Maison,67.0,140000.0,2089.55,2024-04-04
Beaune,21054,21200,Appartement,76.0,52904.0,696.11,2024-03-18
Montbard,21425,21500,Appartement,24.0,47000.0,1958.33,2024-04-15
Montbard,21425,21500,Appartement,95.0,47000.0,494.74,2024-04-15
Montbard,21425,21500,Appartement,53.0,47000.0,886.79,2024-04-15
Montbard,21425,21500,Appartement,10.0,47000.0,4700.0,2024-04-15
Painblanc,21476,21360,Maison,86.0,120000.0,1395.35,2024-03-27
Painblanc,21476,21360,Maison,86.0,120000.0,1395.35,2024-03-27
Beaune,21054,21200,Appartement,53.0,156300.0,2949.06,2024-03-04
Montbard,21425,21500,Appartement,160.0,25000.0,156.25,2024-04-15
Dijon,21231,21000,Appartement,79.0,153000.0,1936.71,2024-04-05
Puligny-Montrachet,21512,21190,Maison,120.0,200000.0,1666.67,2024-04-03
Molesme,21419,21330,Maison,112.0,95000.0,848.21,2024-04-08
Dijon,21231,21000,Maison,70.0,270000.0,3857.14,2024-03-22
Dijon,21231,21000,Appartement,67.0,151000.0,2253.73,2024-04-05
Genlis,21292,21110,Appartement,53.0,115000.0,2169.81,2024-04-05
Dijon,21231,21000,Appartement,19.0,56000.0,2947.37,2024-04-05
Plombières-lès-Dijon,21485,21370,Appartement,77.0,128300.0,1666.23,2024-04-05
Pagny-le-Château,21475,21250,Maison,75.0,220000.0,2933.33,2024-03-22
Gevrey-Chambertin,21295,21220,Appartement,76.0,149000.0,1960.53,2024-04-11
Dijon,21231,21000,Appartement,96.0,155000.0,1614.58,2024-04-04
Labergement-lès-Seurre,21332,21820,Maison,110.0,200000.0,1818.18,2024-04-04
Dijon,21231,21000,Appartement,79.0,12000.0,151.9,2024-04-02
Ladoix-Serrigny,21606,21550,Appartement,58.0,250000.0,4310.34,2024-04-03
Ladoix-Serrigny,21606,21550,Appartement,70.0,250000.0,3571.43,2024-04-03
Bonnencontre,21089,21250,Maison,90.0,130000.0,1444.44,2024-03-29
Semur-en-Auxois,21603,21140,Appartement,68.0,557000.0,8191.18,2024-04-04
Semur-en-Auxois,21603,21140,Appartement,55.0,557000.0,10127.27,2024-04-04
Semur-en-Auxois,21603,21140,Appartement,78.0,557000.0,7141.03,2024-04-04
Semur-en-Auxois,21603,21140,Appartement,68.0,557000.0,8191.18,2024-04-04
Semur-en-Auxois,21603,21140,Appartement,46.0,557000.0,12108.7,2024-04-04
Semur-en-Auxois,21603,21140,Appartement,46.0,557000.0,12108.7,2024-04-04
Velogny,21662,21350,Maison,65.0,380000.0,5846.15,2024-04-12
Velogny,21662,21350,Maison,80.0,380000.0,4750.0,2024-04-12
Velogny,21662,21350,Maison,350.0,380000.0,1085.71,2024-04-12
Rouvray,21531,21530,Maison,72.0,91600.0,1272.22,2024-04-16
Semur-en-Auxois,21603,21140,Appartement,68.0,556500.0,8183.82,2024-04-04
Semur-en-Auxois,21603,21140,Appartement,78.0,556500.0,7134.62,2024-04-04
Semur-en-Auxois,21603,21140,Appartement,68.0,556500.0,8183.82,2024-04-04
Semur-en-Auxois,21603,21140,Appartement,47.0,556500.0,11840.43,2024-04-04
Semur-en-Auxois,21603,21140,Appartement,47.0,556500.0,11840.43,2024-04-04
Semur-en-Auxois,21603,21140,Appartement,55.0,556500.0,10118.18,2024-04-04
Thoste,21635,21460,Maison,90.0,60000.0,666.67,2024-04-12
Dijon,21231,21000,Maison,160.0,708000.0,4425.0,2024-03-28
Dijon,21231,21000,Appartement,28.0,75000.0,2678.57,2024-03-28
Cirey-lès-Pontailler,21175,21270,Maison,103.0,270000.0,2621.36,2024-04-02
Cirey-lès-Pontailler,21175,21270,Maison,103.0,270000.0,2621.36,2024-04-02
Dijon,21231,21000,Appartement,45.0,119000.0,2644.44,2024-04-03
Dijon,21231,21000,Appartement,23.0,80440.0,3497.39,2024-04-10
Dijon,21231,21000,Appartement,22.0,70000.0,3181.82,2024-03-29
Dijon,21231,21000,Appartement,63.0,110000.0,1746.03,2024-04-09
Dijon,21231,21000,Appartement,51.0,172000.0,3372.55,2024-03-29
Dijon,21231,21000,Appartement,80.0,198485.0,2481.06,2024-04-15
Dijon,21231,21000,Maison,104.0,295000.0,2836.54,2024-04-15
Dijon,21231,21000,Appartement,81.0,90000.0,1111.11,2024-04-08
Dijon,21231,21000,Appartement,66.0,210000.0,3181.82,2024-04-16
Dijon,21231,21000,Appartement,63.0,102000.0,1619.05,2024-04-12
Dijon,21231,21000,Appartement,88.0,312500.0,3551.14,2024-04-15
Dijon,21231,21000,Appartement,42.0,105400.0,2509.52,2024-03-29
Fontaine-lès-Dijon,21278,21121,Appartement,146.0,480000.0,3287.67,2024-03-29
Fontaine-lès-Dijon,21278,21121,Maison,88.0,291500.0,3312.5,2024-03-27
Dijon,21231,21000,Appartement,47.0,129200.0,2748.94,2024-04-08
Dijon,21231,21000,Appartement,83.0,298000.0,3590.36,2024-03-28
Beaune,21054,21200,Appartement,74.0,156850.0,2119.59,2024-04-05
Corgoloin,21194,21700,Appartement,44.0,160000.0,3636.36,2024-03-21
Dijon,21231,21000,Appartement,37.0,105000.0,2837.84,2024-03-28
Saint-Seine-sur-Vingeanne,21574,21610,Maison,92.0,96500.0,1048.91,2024-03-29
Dijon,21231,21000,Appartement,75.0,233530.0,3113.73,2024-03-26
Corpeau,21196,21190,Maison,89.0,267000.0,3000.0,2024-04-09
Dijon,21231,21000,Appartement,45.0,80000.0,1777.78,2024-03-27
Dijon,21231,21000,Appartement,43.0,119000.0,2767.44,2024-04-04
Dijon,21231,21000,Appartement,64.0,182250.0,2847.66,2024-04-09
Dijon,21231,21000,Maison,85.0,225000.0,2647.06,2024-04-05
Is-sur-Tille,21317,21120,Maison,48.0,87000.0,1812.5,2024-04-12
Dijon,21231,21000,Appartement,19.0,78100.0,4110.53,2024-03-28
Auxonne,21038,21130,Maison,86.0,153000.0,1779.07,2024-04-04
Dijon,21231,21000,Appartement,19.0,72000.0,3789.47,2024-04-11
Dijon,21231,21000,Appartement,125.0,397000.0,3176.0,2024-04-04
Longeault-Pluvault,21352,21110,Maison,90.0,180000.0,2000.0,2024-04-11
Vitteaux,21710,21350,Maison,60.0,30000.0,500.0,2024-04-16
Pouilly-en-Auxois,21501,21320,Appartement,37.0,54900.0,1483.78,2024-04-09
Dijon,21231,21000,Appartement,61.0,225000.0,3688.52,2024-04-11
Dijon,21231,21000,Appartement,30.0,91500.0,3050.0,2024-04-10
Fontaine-lès-Dijon,21278,21121,Maison,142.0,615000.0,4330.99,2024-04-02
Santenay,21582,21590,Appartement,70.0,140000.0,2000.0,2024-04-15
Santenay,21582,21590,Appartement,139.0,140000.0,1007.19,2024-04-15
Saint-Apollinaire,21540,21850,Maison,64.0,210000.0,3281.25,2024-04-11
Gergueil,21293,21410,Maison,112.0,204000.0,1821.43,2024-04-04
Épagny,21245,21380,Maison,185.0,383000.0,2070.27,2024-04-16
Épagny,21245,21380,Maison,185.0,383000.0,2070.27,2024-04-16
Dijon,21231,21000,Maison,123.0,450000.0,3658.54,2024-04-05
Les Maillys,21371,21130,Maison,95.0,150000.0,1578.95,2024-04-09
Santenay,21582,21590,Maison,25.0,120000.0,4800.0,2024-04-16
Santenay,21582,21590,Maison,112.0,120000.0,1071.43,2024-04-16
Santenay,21582,21590,Maison,77.0,120000.0,1558.44,2024-04-16
Montbard,21425,21500,Appartement,76.0,66350.0,873.03,2024-04-10
Précy-sous-Thil,21505,21390,Appartement,96.0,207490.0,2161.35,2024-04-05
Précy-sous-Thil,21505,21390,Appartement,20.0,207490.0,10374.5,2024-04-05
Précy-sous-Thil,21505,21390,Appartement,20.0,207490.0,10374.5,2024-04-05
Précy-sous-Thil,21505,21390,Appartement,96.0,207490.0,2161.35,2024-04-05
Montbard,21425,21500,Appartement,34.0,32000.0,941.18,2024-04-05
Semur-en-Auxois,21603,21140,Appartement,125.0,250000.0,2000.0,2024-04-12
Dijon,21231,21000,Appartement,79.0,141500.0,1791.14,2024-04-02
Saint-Apollinaire,21540,21850,Maison,97.0,285000.0,2938.14,2024-04-08
Beaune,21054,21200,Appartement,30.0,92900.0,3096.67,2024-03-29
Dijon,21231,21000,Appartement,99.0,259000.0,2616.16,2024-03-28
Chevigny-Saint-Sauveur,21171,21800,Appartement,63.0,182900.0,2903.17,2024-04-16
Montmoyen,21438,21290,Maison,100.0,27000.0,270.0,2024-03-18
Foissy,21274,21230,Maison,45.0,57000.0,1266.67,2024-04-12
Dijon,21231,21000,Appartement,56.0,111800.0,1996.43,2024-04-11
Dijon,21231,21000,Appartement,25.0,76300.0,3052.0,2024-04-11
Dijon,21231,21000,Appartement,38.0,100000.0,2631.58,2024-04-11
Villy-le-Moutier,21708,21250,Maison,98.0,370500.0,3780.61,2024-04-08
Villy-le-Moutier,21708,21250,Maison,98.0,370500.0,3780.61,2024-04-08
Pouilly-en-Auxois,21501,21320,Maison,96.0,149500.0,1557.29,2024-04-19
Genlis,21292,21110,Appartement,45.0,240000.0,5333.33,2024-03-20
Genlis,21292,21110,Appartement,55.0,240000.0,4363.64,2024-03-20
Rouvres-en-Plaine,21532,21110,Appartement,45.0,240000.0,5333.33,2024-03-20
Beaune,21054,21200,Appartement,51.0,122000.0,2392.16,2024-04-04
Dijon,21231,21000,Appartement,49.0,68000.0,1387.76,2024-03-29
Genlis,21292,21110,Appartement,95.0,128700.0,1354.74,2024-03-29
Dijon,21231,21000,Appartement,63.0,100550.0,1596.03,2024-03-29
Beaune,21054,21200,Maison,120.0,281000.0,2341.67,2024-04-12
Dijon,21231,21000,Appartement,34.0,55000.0,1617.65,2024-03-29
Beaune,21054,21200,Maison,148.0,369000.0,2493.24,2024-04-12
Genlis,21292,21110,Appartement,66.0,98900.0,1498.48,2024-04-03
Dijon,21231,21000,Appartement,64.0,216450.0,3382.03,2024-03-29
Beaune,21054,21200,Appartement,95.0,172000.0,1810.53,2024-04-03
Corgoloin,21194,21700,Maison,87.0,155601.42,1788.52,2024-04-04
Pagny-le-Château,21475,21250,Maison,93.0,220000.0,2365.59,2024-04-12
Beaune,21054,21200,Appartement,88.0,124100.0,1410.23,2024-04-12
Chamesson,21134,21400,Maison,90.0,23000.0,255.56,2024-03-08
Beaune,21054,21200,Appartement,21.0,57000.0,2714.29,2024-04-12
Quetigny,21515,21800,Appartement,61.0,177100.0,2903.28,2024-04-05
Dijon,21231,21000,Appartement,94.0,7500.0,79.79,2024-04-08
Châtillon-sur-Seine,21154,21400,Appartement,110.0,100000.0,909.09,2024-03-14
Châtillon-sur-Seine,21154,21400,Appartement,112.0,85000.0,758.93,2024-03-15
Dijon,21231,21000,Maison,92.0,186500.0,2027.17,2024-04-17
Dijon,21231,21000,Appartement,17.0,60000.0,3529.41,2024-04-12
Dijon,21231,21000,Appartement,30.0,85000.0,2833.33,2024-04-18
Dijon,21231,21000,Appartement,72.0,139500.0,1937.5,2024-04-11
Glanon,21301,21250,Maison,85.0,110000.0,1294.12,2024-04-12
Glanon,21301,21250,Maison,85.0,110000.0,1294.12,2024-04-12
Arnay-le-Duc,21023,21230,Appartement,108.0,110000.0,1018.52,2024-03-28
Arnay-le-Duc,21023,21230,Appartement,98.0,110000.0,1122.45,2024-03-28
Dijon,21231,21000,Maison,180.0,930000.0,5166.67,2024-04-11
Dijon,21231,21000,Maison,175.0,686000.0,3920.0,2024-04-08
Dijon,21231,21000,Appartement,22.0,85000.0,3863.64,2024-04-19
Dijon,21231,21000,Appartement,79.0,150000.0,1898.73,2024-04-11
Quincey,21517,21700,Maison,25.0,67500.0,2700.0,2024-04-16
Nuits-Saint-Georges,21464,21700,Maison,67.0,160000.0,2388.06,2024-04-15
Dijon,21231,21000,Appartement,42.0,108000.0,2571.43,2024-04-23
Quetigny,21515,21800,Appartement,78.0,135000.0,1730.77,2024-04-08
Sainte-Colombe-sur-Seine,21545,21400,Appartement,65.0,75000.0,1153.85,2024-03-15
Dijon,21231,21000,Appartement,34.0,103500.0,3044.12,2024-04-15
Sennecey-lès-Dijon,21605,21800,Maison,98.0,176000.0,1795.92,2024-04-03
Dijon,21231,21000,Maison,57.0,200000.0,3508.77,2024-04-03
Fain-lès-Montbard,21259,21500,Maison,89.0,76100.0,855.06,2024-04-16
Dijon,21231,21000,Appartement,46.0,390431.25,8487.64,2024-03-29
Dijon,21231,21000,Appartement,65.0,390431.25,6006.63,2024-03-29
Dijon,21231,21000,Appartement,46.0,390431.25,8487.64,2024-03-29
Marsannay-la-Côte,21390,21160,Appartement,77.0,2000000.0,25974.03,2024-04-19
Marsannay-la-Côte,21390,21160,Appartement,70.0,2000000.0,28571.43,2024-04-19
Marsannay-la-Côte,21390,21160,Appartement,81.0,2000000.0,24691.36,2024-04-19
Marsannay-la-Côte,21390,21160,Appartement,80.0,2000000.0,25000.0,2024-04-19
Marsannay-la-Côte,21390,21160,Appartement,60.0,2000000.0,33333.33,2024-04-19
Marsannay-la-Côte,21390,21160,Appartement,100.0,2000000.0,20000.0,2024-04-19
Marsannay-la-Côte,21390,21160,Appartement,85.0,2000000.0,23529.41,2024-04-19
Marsannay-la-Côte,21390,21160,Appartement,40.0,2000000.0,50000.0,2024-04-19
Dijon,21231,21000,Appartement,58.0,123324.0,2126.28,2024-04-11
Longvic,21355,21600,Maison,129.0,336000.0,2604.65,2024-04-19
Dijon,21231,21000,Appartement,58.0,151200.0,2606.9,2024-04-08
Dijon,21231,21000,Appartement,61.0,128000.0,2098.36,2024-04-03
Dijon,21231,21000,Appartement,51.0,183000.0,3588.24,2024-04-04
Dijon,21231,21000,Appartement,42.0,130000.0,3095.24,2024-04-10
Buncey,21115,21400,Maison,106.0,165000.0,1556.6,2024-03-15
Dijon,21231,21000,Appartement,52.0,132000.0,2538.46,2024-04-18
Dijon,21231,21000,Appartement,96.0,342000.0,3562.5,2024-03-29
Flacey,21266,21490,Maison,61.0,214000.0,3508.2,2024-04-22
Bessey-lès-Cîteaux,21067,21110,Maison,82.0,165000.0,2012.2,2024-04-11
Dijon,21231,21000,Appartement,65.0,195000.0,3000.0,2024-04-04
Dijon,21231,21000,Appartement,55.0,149000.0,2709.09,2024-04-24
Talant,21617,21240,Appartement,83.0,192300.0,2316.87,2024-04-22
Dompierre-en-Morvan,21232,21390,Maison,122.0,212000.0,1737.7,2024-04-19
Dijon,21231,21000,Appartement,113.0,330500.0,2924.78,2024-04-24
Ladoix-Serrigny,21606,21550,Maison,133.0,50000.0,375.94,2024-04-11
Épernay-sous-Gevrey,21246,21220,Maison,156.0,479000.0,3070.51,2024-03-29
Dijon,21231,21000,Appartement,41.0,75000.0,1829.27,2024-04-08
Dijon,21231,21000,Maison,55.0,245000.0,4454.55,2024-04-05
Rouvres-en-Plaine,21532,21110,Maison,142.0,418000.0,2943.66,2024-03-29
Dijon,21231,21000,Appartement,63.0,121800.0,1933.33,2024-04-04
Fontaine-lès-Dijon,21278,21121,Appartement,45.0,206000.0,4577.78,2024-04-12
Chevigny-Saint-Sauveur,21171,21800,Appartement,68.0,202000.0,2970.59,2024-04-08
Dijon,21231,21000,Appartement,50.0,201000.0,4020.0,2024-04-09
Brochon,21110,21220,Appartement,68.0,114000.0,1676.47,2024-03-29
Beaune,21054,21200,Appartement,44.0,127500.0,2897.73,2024-04-11
Saulieu,21584,21210,Maison,120.0,215000.0,1791.67,2024-04-05
Montbard,21425,21500,Appartement,80.0,80900.0,1011.25,2024-04-16
Bussy-le-Grand,21122,21150,Maison,130.0,303000.0,2330.77,2024-03-29
Bligny-sur-Ouche,21087,21360,Maison,20.0,24000.0,1200.0,2024-04-09
Fontaine-lès-Dijon,21278,21121,Maison,75.0,221500.0,2953.33,2024-04-16
Quetigny,21515,21800,Appartement,52.0,189300.0,3640.38,2024-04-10
Mont-Saint-Jean,21441,21320,Maison,43.0,146920.0,3416.74,2024-04-17
Velars-sur-Ouche,21661,21370,Appartement,68.0,189600.0,2788.24,2024-04-18
Pluvet,21487,21110,Maison,118.0,268000.0,2271.19,2024-03-26
Losne,21356,21170,Maison,98.0,200000.0,2040.82,2024-04-12
Fontaine-lès-Dijon,21278,21121,Appartement,87.0,220500.0,2534.48,2024-03-28
Losne,21356,21170,Maison,88.0,107750.0,1224.43,2024-03-28
Saint-Usage,21577,21170,Maison,169.0,210000.0,1242.6,2024-04-12
Trouhans,21645,21170,Maison,90.0,185000.0,2055.56,2024-04-04
Trouhans,21645,21170,Maison,90.0,70000.0,777.78,2024-03-28
Losne,21356,21170,Maison,99.0,130000.0,1313.13,2024-03-26
Talant,21617,21240,Maison,75.0,230000.0,3066.67,2024-03-28
Dijon,21231,21000,Appartement,34.0,71000.0,2088.24,2024-03-29
Brion-sur-Ource,21109,21570,Maison,83.0,21000.0,253.01,2024-03-20
Seurre,21607,21250,Maison,120.0,198000.0,1650.0,2024-04-23
Montbard,21425,21500,Maison,66.0,114000.0,1727.27,2024-04-05
Dijon,21231,21000,Appartement,93.0,231000.0,2483.87,2024-04-22
Champeau-en-Morvan,21139,21210,Maison,85.0,218300.0,2568.24,2024-03-22
Dijon,21231,21000,Appartement,53.0,128000.0,2415.09,2024-03-08
Bellefond,21059,21490,Appartement,72.0,158000.0,2194.44,2024-04-26
Montigny-sur-Aube,21432,21520,Maison,142.0,46000.0,323.94,2024-03-27
Montagny-lès-Beaune,21423,21200,Maison,82.0,230000.0,2804.88,2024-04-23
Beaune,21054,21200,Appartement,65.0,210000.0,3230.77,2024-04-26
Dijon,21231,21000,Appartement,52.0,142400.0,2738.46,2024-04-29
Châtillon-sur-Seine,21154,21400,Maison,120.0,112800.0,940.0,2024-03-29
Dijon,21231,21000,Appartement,68.0,38000.0,558.82,2024-04-19
Châtillon-sur-Seine,21154,21400,Appartement,58.0,40000.0,689.66,2024-03-28
Châtillon-sur-Seine,21154,21400,Appartement,23.0,23000.0,1000.0,2024-03-28
Noiron-sous-Gevrey,21458,21910,Maison,157.0,400000.0,2547.77,2024-04-17
Franxault,21285,21170,Maison,120.0,160000.0,1333.33,2024-04-25
Dijon,21231,21000,Appartement,53.0,128700.0,2428.3,2024-03-21
La Roche-en-Brenil,21525,21530,Maison,54.0,14000.0,259.26,2024-04-05
Gevrolles,21296,21520,Maison,90.0,70000.0,777.78,2024-04-08
Perrigny-sur-l'Ognon,21482,21270,Maison,166.0,185000.0,1114.46,2024-04-03
Broin,21112,21250,Maison,22.0,60000.0,2727.27,2024-04-12
Chevigny-en-Valière,21170,21200,Maison,91.0,191300.0,2102.2,2024-04-25
Dijon,21231,21000,Appartement,52.0,41000.0,788.46,2024-04-05
Dijon,21231,21000,Appartement,109.0,275000.0,2522.94,2024-04-19
Dijon,21231,21000,Appartement,57.0,138050.0,2421.93,2024-04-24
Auxonne,21038,21130,Appartement,85.0,110600.0,1301.18,2024-04-16
Couchey,21200,21160,Maison,90.0,223550.0,2483.89,2024-04-04
Dijon,21231,21000,Maison,68.0,190000.0,2794.12,2024-04-03
Lamarche-sur-Saône,21337,21760,Maison,129.0,99000.0,767.44,2024-04-05
Maisey-le-Duc,21372,21400,Maison,98.0,60000.0,612.24,2024-04-25
Dijon,21231,21000,Appartement,42.0,500000.0,11904.76,2024-04-22
Dijon,21231,21000,Appartement,57.0,500000.0,8771.93,2024-04-22
Dijon,21231,21000,Appartement,57.0,500000.0,8771.93,2024-04-22
Dijon,21231,21000,Appartement,57.0,500000.0,8771.93,2024-04-22
Dijon,21231,21000,Appartement,57.0,500000.0,8771.93,2024-04-22
Dijon,21231,21000,Appartement,38.0,500000.0,13157.89,2024-04-22
Dijon,21231,21000,Appartement,46.0,132800.0,2886.96,2024-04-16
Dijon,21231,21000,Appartement,117.0,135000.0,1153.85,2024-04-17
Dijon,21231,21000,Appartement,85.0,140000.0,1647.06,2024-04-16
Longvic,21355,21600,Maison,52.0,224000.0,4307.69,2024-04-16
Dijon,21231,21000,Appartement,80.0,209800.0,2622.5,2024-04-05
Chevigny-Saint-Sauveur,21171,21800,Maison,114.0,379400.0,3328.07,2024-04-15
Beaune,21054,21200,Maison,107.0,253000.0,2364.49,2024-04-11
Dijon,21231,21000,Appartement,37.0,108000.0,2918.92,2024-04-17
Dijon,21231,21000,Appartement,30.0,108000.0,3600.0,2024-04-17
Dijon,21231,21000,Appartement,57.0,121000.0,2122.81,2024-04-09
Is-sur-Tille,21317,21120,Maison,104.0,249500.0,2399.04,2024-04-26
Is-sur-Tille,21317,21120,Maison,104.0,249500.0,2399.04,2024-04-26
Quemigny-sur-Seine,21514,21510,Maison,169.0,40000.0,236.69,2024-04-11
Quemigny-sur-Seine,21514,21510,Maison,69.0,40000.0,579.71,2024-04-11
Dijon,21231,21000,Maison,70.0,125000.0,1785.71,2024-04-05
Sennecey-lès-Dijon,21605,21800,Appartement,57.0,250900.0,4401.75,2024-04-05
Bouze-lès-Beaune,21099,21200,Maison,80.0,85000.0,1062.5,2024-04-11
Dijon,21231,21000,Appartement,80.0,193050.0,2413.12,2024-04-09
Chevigny-Saint-Sauveur,21171,21800,Maison,89.0,260000.0,2921.35,2024-04-05
Dijon,21231,21000,Appartement,24.0,65000.0,2708.33,2024-04-15
Dijon,21231,21000,Appartement,82.0,65000.0,792.68,2024-04-23
Dijon,21231,21000,Appartement,48.0,112100.0,2335.42,2024-04-24
Sainte-Marie-la-Blanche,21558,21200,Maison,215.0,405000.0,1883.72,2024-04-22
Sainte-Marie-la-Blanche,21558,21200,Maison,215.0,405000.0,1883.72,2024-04-22
Seurre,21607,21250,Maison,89.0,173000.0,1943.82,2024-04-29
Merceuil,21405,21190,Maison,140.0,161500.0,1153.57,2024-04-11
Talant,21617,21240,Appartement,64.0,111500.0,1742.19,2024-04-23
Beaune,21054,21200,Maison,165.0,518120.0,3140.12,2024-04-12
Créancey,21210,21320,Maison,85.0,97480.3,1146.83,2024-04-26
Pouilly-en-Auxois,21501,21320,Maison,114.0,302050.0,2649.56,2024-04-30
Dijon,21231,21000,Maison,145.0,486800.0,3357.24,2024-04-23
Nolay,21461,21340,Maison,167.0,265000.0,1586.83,2024-04-02
Nolay,21461,21340,Maison,167.0,265000.0,1586.83,2024-04-02
Glanon,21301,21250,Maison,90.0,95000.0,1055.56,2024-04-24
Glanon,21301,21250,Maison,90.0,95000.0,1055.56,2024-04-24
Aloxe-Corton,21010,21420,Maison,84.0,190000.0,2261.9,2024-04-19
Beaune,21054,21200,Appartement,58.0,165000.0,2844.83,2024-04-24
Dijon,21231,21000,Appartement,44.0,95000.0,2159.09,2024-04-26
Dijon,21231,21000,Appartement,55.0,34500.0,627.27,2024-04-12
Nolay,21461,21340,Maison,58.0,65000.0,1120.69,2024-04-19
Bagnot,21042,21700,Maison,100.0,220000.0,2200.0,2024-04-29
Courban,21202,21520,Maison,180.0,28800.0,160.0,2024-04-04
Longeault-Pluvault,21352,21110,Maison,162.0,200000.0,1234.57,2024-04-10
Dijon,21231,21000,Maison,64.0,262550.0,4102.34,2024-04-30
Dijon,21231,21000,Appartement,45.0,105000.0,2333.33,2024-04-15
Thorey-en-Plaine,21632,21110,Maison,136.0,332500.0,2444.85,2024-04-08
Dijon,21231,21000,Appartement,79.0,168400.0,2131.65,2024-04-25
Dijon,21231,21000,Appartement,55.0,122531.0,2227.84,2024-04-25
Chevigny-Saint-Sauveur,21171,21800,Maison,87.0,355000.0,4080.46,2024-04-18
Dijon,21231,21000,Appartement,69.0,150000.0,2173.91,2024-04-12
Chevigny-Saint-Sauveur,21171,21800,Appartement,83.0,139000.0,1674.7,2024-04-11
Beaune,21054,21200,Maison,30.0,115500.0,3850.0,2024-04-12
Beaune,21054,21200,Appartement,64.0,171000.0,2671.88,2024-04-26
Lamarche-sur-Saône,21337,21760,Maison,36.0,133000.0,3694.44,2024-04-24
La Motte-Ternant,21445,21210,Maison,50.0,79000.0,1580.0,2024-04-26
Dijon,21231,21000,Appartement,52.0,85000.0,1634.62,2024-04-12
Champeau-en-Morvan,21139,21210,Maison,160.0,112500.0,703.12,2024-04-17
Bressey-sur-Tille,21105,21560,Maison,100.0,242000.0,2420.0,2024-04-19
Dijon,21231,21000,Appartement,78.0,247000.0,3166.67,2024-04-25
Dijon,21231,21000,Maison,146.0,689600.0,4723.29,2024-04-30
Sennecey-lès-Dijon,21605,21800,Maison,113.0,236000.0,2088.5,2024-04-17
Beaune,21054,21200,Maison,132.0,172000.0,1303.03,2024-04-04
Magny-sur-Tille,21370,21110,Maison,144.0,400000.0,2777.78,2024-04-12
Dijon,21231,21000,Appartement,55.0,82000.0,1490.91,2024-04-12
Allerey,21009,21230,Maison,88.0,63000.0,715.91,2024-04-10
Épernay-sous-Gevrey,21246,21220,Maison,90.0,220000.0,2444.44,2024-04-12
Chenôve,21166,21300,Appartement,75.0,115000.0,1533.33,2024-04-17
Dijon,21231,21000,Appartement,39.0,122500.0,3141.03,2024-04-18
Nuits-Saint-Georges,21464,21700,Maison,77.0,185000.0,2402.6,2024-04-22
Dijon,21231,21000,Appartement,61.0,135580.0,2222.62,2024-04-30
Dijon,21231,21000,Appartement,19.0,68350.0,3597.37,2024-04-30
Tart,21623,21110,Maison,88.0,190000.0,2159.09,2024-04-26
Dijon,21231,21000,Appartement,15.0,99000.0,6600.0,2024-04-11
Dijon,21231,21000,Appartement,20.0,99000.0,4950.0,2024-04-11
Fontaine-Française,21277,21610,Maison,44.0,87200.0,1981.82,2024-04-18
Quetigny,21515,21800,Appartement,77.0,236700.0,3074.03,2024-04-15
Dijon,21231,21000,Appartement,67.0,134000.0,2000.0,2024-04-15
Montigny-Montfort,21429,21500,Maison,63.0,30000.0,476.19,2024-04-23
Pernand-Vergelesses,21480,21420,Maison,135.0,1173914.0,8695.66,2024-04-03
Pernand-Vergelesses,21480,21420,Maison,143.0,1173914.0,8209.19,2024-04-03
Pernand-Vergelesses,21480,21420,Maison,38.0,1173914.0,30892.47,2024-04-03
Dijon,21231,21000,Appartement,50.0,180000.0,3600.0,2024-04-30
Crépand,21212,21500,Maison,140.0,73000.0,521.43,2024-04-15
Dijon,21231,21000,Appartement,60.0,158100.0,2635.0,2024-04-25
Beaune,21054,21200,Appartement,50.0,130000.0,2600.0,2024-04-12
Binges,21076,21270,Maison,133.0,245000.0,1842.11,2024-04-26
Bligny-le-Sec,21085,21440,Maison,64.0,30000.0,468.75,2024-04-30
Saint-Usage,21577,21170,Maison,104.0,108000.0,1038.46,2024-04-24
Talant,21617,21240,Maison,120.0,480000.0,4000.0,2024-04-19
Longvic,21355,21600,Appartement,70.0,130000.0,1857.14,2024-04-16
Dijon,21231,21000,Appartement,64.0,115000.0,1796.88,2024-04-15
Auxonne,21038,21130,Maison,121.0,260000.0,2148.76,2024-04-18
Orain,21468,21610,Maison,52.0,40000.0,769.23,2024-04-16
Barges,21048,21910,Maison,80.0,250000.0,3125.0,2024-04-12
Chenôve,21166,21300,Appartement,95.0,85000.0,894.74,2024-04-24
Saint-Broing-les-Moines,21543,21290,Maison,145.0,100000.0,689.66,2024-04-08
Saint-Broing-les-Moines,21543,21290,Maison,170.0,100000.0,588.24,2024-04-08
Marsannay-la-Côte,21390,21160,Maison,82.0,199000.0,2426.83,2024-04-29
Talant,21617,21240,Maison,95.0,380000.0,4000.0,2024-04-30
Dijon,21231,21000,Appartement,43.0,122000.0,2837.21,2024-04-30
Pouilly-en-Auxois,21501,21320,Appartement,70.0,95000.0,1357.14,2024-05-02
Dijon,21231,21000,Appartement,74.0,140000.0,1891.89,2024-04-19
Dijon,21231,21000,Appartement,31.0,68000.0,2193.55,2024-05-02
Dijon,21231,21000,Appartement,21.0,80000.0,3809.52,2024-04-19
Dijon,21231,21000,Appartement,16.0,54000.0,3375.0,2024-04-22
Genlis,21292,21110,Appartement,77.0,90450.0,1174.68,2024-04-16
Châtillon-sur-Seine,21154,21400,Maison,104.0,78000.0,750.0,2024-04-02
Dijon,21231,21000,Appartement,61.0,152000.0,2491.8,2024-04-18
Dijon,21231,21000,Appartement,75.0,55000.0,733.33,2024-04-19
Châtillon-sur-Seine,21154,21400,Appartement,80.0,101850.0,1273.12,2024-03-29
Dijon,21231,21000,Appartement,68.0,189100.0,2780.88,2024-04-22
Saint-Germain-lès-Senailly,21550,21500,Maison,110.0,208000.0,1890.91,2024-04-12
Saint-Germain-lès-Senailly,21550,21500,Maison,110.0,208000.0,1890.91,2024-04-12
La Motte-Ternant,21445,21210,Maison,117.0,95000.0,811.97,2024-04-24
Venarey-les-Laumes,21663,21150,Appartement,115.0,255000.0,2217.39,2024-04-26
Venarey-les-Laumes,21663,21150,Appartement,115.0,255000.0,2217.39,2024-04-26
Venarey-les-Laumes,21663,21150,Appartement,115.0,255000.0,2217.39,2024-04-26
Châtillon-sur-Seine,21154,21400,Maison,91.0,57000.0,626.37,2024-03-27
Couchey,21200,21160,Maison,80.0,156900.0,1961.25,2024-04-10
Talant,21617,21240,Appartement,36.0,68000.0,1888.89,2024-04-23
Beaune,21054,21200,Maison,79.0,221250.0,2800.63,2024-04-26
Dijon,21231,21000,Maison,97.0,473000.0,4876.29,2024-04-04
Montigny-Mornay-Villeneuve-sur-Vingeanne,21433,21610,Maison,210.0,212000.0,1009.52,2024-04-19
Velars-sur-Ouche,21661,21370,Appartement,82.0,192000.0,2341.46,2024-04-26
Dijon,21231,21000,Appartement,116.0,321100.0,2768.1,2024-04-22
Châteauneuf,21152,21320,Maison,99.0,250000.0,2525.25,2024-03-08
Saint-Apollinaire,21540,21850,Maison,60.0,49500.0,825.0,2024-04-15
Dijon,21231,21000,Appartement,69.0,55300.0,801.45,2024-04-30
Dijon,21231,21000,Appartement,15.0,16000.0,1066.67,2024-04-09
Lamarche-sur-Saône,21337,21760,Maison,40.0,65000.0,1625.0,2024-04-08
Talant,21617,21240,Appartement,49.0,127000.0,2591.84,2024-04-24
Dijon,21231,21000,Appartement,58.0,142000.0,2448.28,2024-04-26
Quetigny,21515,21800,Maison,86.0,90000.0,1046.51,2024-04-26
Dijon,21231,21000,Appartement,106.0,32000.0,301.89,2024-04-15
Prâlon,21504,21410,Maison,93.0,286700.0,3082.8,2024-04-17
Dijon,21231,21000,Appartement,18.0,49000.0,2722.22,2024-04-03
Dijon,21231,21000,Appartement,93.0,80000.0,860.22,2024-04-17
Sainte-Marie-la-Blanche,21558,21200,Maison,64.0,178500.0,2789.06,2024-04-25
Sainte-Marie-la-Blanche,21558,21200,Maison,64.0,178500.0,2789.06,2024-04-25
Sainte-Marie-la-Blanche,21558,21200,Maison,64.0,178500.0,2789.06,2024-04-25
Dijon,21231,21000,Appartement,87.0,190000.0,2183.91,2024-04-23
Chevigny-Saint-Sauveur,21171,21800,Appartement,63.0,120000.0,1904.76,2024-04-29
Ladoix-Serrigny,21606,21550,Maison,220.0,515000.0,2340.91,2024-04-15
Dijon,21231,21000,Maison,79.0,150000.0,1898.73,2024-04-29
Dijon,21231,21000,Maison,82.0,97412.7,1187.96,2024-04-25
Dijon,21231,21000,Appartement,63.0,189000.0,3000.0,2024-04-18
Dijon,21231,21000,Appartement,83.0,150000.0,1807.23,2024-04-10
Seurre,21607,21250,Maison,87.0,87000.0,1000.0,2024-04-19
Marliens,21388,21110,Maison,98.0,60000.0,612.24,2024-04-26
Dijon,21231,21000,Appartement,58.0,148000.0,2551.72,2024-04-18
Pommard,21492,21630,Maison,82.0,200000.0,2439.02,2024-04-19
Laperrière-sur-Saône,21342,21170,Maison,130.0,70000.0,538.46,2024-04-10
Talant,21617,21240,Appartement,60.0,165000.0,2750.0,2024-04-04
Dijon,21231,21000,Appartement,63.0,193100.0,3065.08,2024-04-04
Talant,21617,21240,Appartement,56.0,90700.0,1619.64,2024-04-08
Dijon,21231,21000,Appartement,19.0,82000.0,4315.79,2024-04-16
Dijon,21231,21000,Appartement,24.0,92000.0,3833.33,2024-04-17
Dijon,21231,21000,Appartement,95.0,214000.0,2252.63,2024-04-16
Genlis,21292,21110,Maison,120.0,247000.0,2058.33,2024-04-17
Dijon,21231,21000,Appartement,33.0,72600.0,2200.0,2024-04-25
Fénay,21263,21600,Maison,41.0,107000.0,2609.76,2024-04-18
Dijon,21231,21000,Appartement,86.0,188500.0,2191.86,2024-04-29
Saint-Apollinaire,21540,21850,Appartement,53.0,176000.0,3320.75,2024-04-26
Marcilly-sur-Tille,21383,21120,Maison,66.0,197000.0,2984.85,2024-04-04
Dijon,21231,21000,Appartement,41.0,174000.0,4243.9,2024-04-10
Dijon,21231,21000,Appartement,57.0,112950.0,1981.58,2024-05-07
Beaune,21054,21200,Maison,92.0,248000.0,2695.65,2024-04-11
Saint-Marc-sur-Seine,21557,21450,Maison,57.0,35000.0,614.04,2024-04-08
Molesme,21419,21330,Maison,120.0,75000.0,625.0,2024-04-23
Fénay,21263,21600,Maison,97.0,312000.0,3216.49,2024-04-29
Montliot-et-Courcelles,21435,21400,Maison,59.0,60000.0,1016.95,2024-04-12
Saint-Martin-du-Mont,21561,21440,Maison,50.0,70810.0,1416.2,2024-04-29
Dijon,21231,21000,Appartement,89.0,172870.0,1942.36,2024-04-09
Meursault,21412,21190,Maison,65.0,330000.0,5076.92,2024-04-11
Meursault,21412,21190,Maison,90.0,330000.0,3666.67,2024-04-11
Dijon,21231,21000,Appartement,82.0,235000.0,2865.85,2024-04-30
Dijon,21231,21000,Appartement,29.0,89000.0,3068.97,2024-04-25
Chevigny-Saint-Sauveur,21171,21800,Appartement,92.0,167000.0,1815.22,2024-04-24
Dijon,21231,21000,Appartement,75.0,63000.0,840.0,2024-05-06
Missery,21417,21210,Maison,44.0,70000.0,1590.91,2024-04-22
Dijon,21231,21000,Maison,80.0,298690.0,3733.62,2024-04-30
Châtillon-sur-Seine,21154,21400,Maison,116.0,253650.0,2186.64,2024-04-22
Dijon,21231,21000,Appartement,47.0,100000.0,2127.66,2024-05-09
Comblanchien,21186,21700,Maison,74.0,147000.0,1986.49,2024-04-25
Perrigny-lès-Dijon,21481,21160,Maison,116.0,353000.0,3043.1,2024-04-23
Ternant,21625,21220,Maison,128.0,175000.0,1367.19,2024-04-24
Dijon,21231,21000,Appartement,37.0,89660.08,2423.25,2024-04-29
Molesme,21419,21330,Maison,84.0,40000.0,476.19,2024-04-20
Savigny-lès-Beaune,21590,21420,Maison,107.0,420180.0,3926.92,2024-04-17
Dijon,21231,21000,Appartement,32.0,222000.0,6937.5,2024-04-19
Dijon,21231,21000,Appartement,64.0,222000.0,3468.75,2024-04-19
Dijon,21231,21000,Appartement,27.0,101500.0,3759.26,2024-05-02
Dijon,21231,21000,Appartement,20.0,40000.0,2000.0,2024-05-02
Selongey,21599,21260,Maison,99.0,219500.0,2217.17,2024-04-18
Dijon,21231,21000,Appartement,69.0,121250.0,1757.25,2024-04-16
Labergement-lès-Seurre,21332,21820,Maison,36.0,54200.0,1505.56,2024-04-15
Labergement-lès-Seurre,21332,21820,Maison,36.0,54200.0,1505.56,2024-04-15
Beaune,21054,21200,Appartement,50.0,48300.0,966.0,2024-04-12
Dijon,21231,21000,Appartement,72.0,64400.0,894.44,2024-04-16
Beaune,21054,21200,Appartement,58.0,160000.0,2758.62,2024-04-11
Talmay,21618,21270,Maison,206.0,172000.0,834.95,2024-04-11
Ladoix-Serrigny,21606,21550,Maison,57.0,195000.0,3421.05,2024-04-10
Châtillon-sur-Seine,21154,21400,Maison,96.0,81700.0,851.04,2024-04-10
Meloisey,21401,21190,Maison,179.0,413050.0,2307.54,2024-04-30
Beaune,21054,21200,Appartement,45.0,110000.0,2444.44,2024-04-30
Dijon,21231,21000,Appartement,68.0,195000.0,2867.65,2024-04-29
Dijon,21231,21000,Appartement,52.0,124050.0,2385.58,2024-05-03
Dijon,21231,21000,Appartement,35.0,93300.0,2665.71,2024-04-30
Chevigny-Saint-Sauveur,21171,21800,Appartement,64.0,189000.0,2953.12,2024-04-26
Semur-en-Auxois,21603,21140,Maison,82.0,170000.0,2073.17,2024-04-26
Semur-en-Auxois,21603,21140,Maison,82.0,170000.0,2073.17,2024-04-26
Le Val-Larrey,21272,21390,Maison,129.0,155500.0,1205.43,2024-03-14
Fontaine-Française,21277,21610,Maison,82.0,210000.0,2560.98,2024-05-06
Dijon,21231,21000,Appartement,38.0,110000.0,2894.74,2024-04-25
Beaune,21054,21200,Maison,88.0,180000.0,2045.45,2024-04-29
Dijon,21231,21000,Appartement,70.0,224000.0,3200.0,2024-04-24
Aiserey,21005,21110,Maison,85.0,203000.0,2388.24,2024-04-29
Savigny-lès-Beaune,21590,21420,Maison,182.0,650000.0,3571.43,2024-04-26
Quetigny,21515,21800,Maison,25.0,500000.0,20000.0,2024-04-15
Quetigny,21515,21800,Maison,87.0,500000.0,5747.13,2024-04-15
Dijon,21231,21000,Appartement,26.0,75000.0,2884.62,2024-05-02
Arnay-le-Duc,21023,21230,Maison,91.0,151900.0,1669.23,2024-04-20
Gemeaux,21290,21120,Maison,94.0,130000.0,1382.98,2024-04-30
Saint-Rémy,21568,21500,Maison,62.0,127000.0,2048.39,2024-04-22
Dijon,21231,21000,Appartement,39.0,102150.0,2619.23,2024-04-18
Dijon,21231,21000,Appartement,45.0,145300.0,3228.89,2024-04-25
Fontenelle,21281,21610,Maison,150.0,270000.0,1800.0,2024-04-23
Fontenelle,21281,21610,Maison,88.0,270000.0,3068.18,2024-04-23
Quetigny,21515,21800,Appartement,90.0,135720.0,1508.0,2024-04-30
Dijon,21231,21000,Appartement,38.0,127500.0,3355.26,2024-04-15
Trochères,21644,21310,Maison,105.0,162000.0,1542.86,2024-04-19
Moutiers-Saint-Jean,21446,21500,Maison,121.0,87000.0,719.01,2024-04-30
Noiron-sur-Bèze,21459,21310,Maison,80.0,148911.0,1861.39,2024-04-25
Dijon,21231,21000,Appartement,34.0,82500.0,2426.47,2024-04-30
Tréclun,21643,21130,Maison,100.0,228840.0,2288.4,2024-04-22
Dijon,21231,21000,Appartement,85.0,85000.0,1000.0,2024-04-30
Charmes,21146,21310,Maison,90.0,90000.0,1000.0,2024-04-15
Dijon,21231,21000,Appartement,28.0,81000.0,2892.86,2024-05-03
Magny-sur-Tille,21370,21110,Appartement,89.0,248602.0,2793.28,2024-04-18
Dijon,21231,21000,Appartement,94.0,370000.0,3936.17,2024-04-30
Fleurey-sur-Ouche,21273,21410,Maison,150.0,395700.0,2638.0,2024-04-26
Fontenelle,21281,21610,Maison,90.0,66000.0,733.33,2024-04-12
Fontenelle,21281,21610,Maison,90.0,66000.0,733.33,2024-04-12
Fontenelle,21281,21610,Maison,90.0,66000.0,733.33,2024-04-12
Mirebeau-sur-Bèze,21416,21310,Maison,103.0,187400.0,1819.42,2024-04-24
Dijon,21231,21000,Appartement,54.0,90000.0,1666.67,2024-04-29
Dijon,21231,21000,Appartement,83.0,76500.0,921.69,2024-04-16
Saint-Léger-Triey,21556,21270,Maison,183.0,227500.0,1243.17,2024-04-15
Saint-Léger-Triey,21556,21270,Maison,183.0,227500.0,1243.17,2024-04-15
Marcilly-sur-Tille,21383,21120,Maison,60.0,188100.0,3135.0,2024-04-25
Montbard,21425,21500,Maison,66.0,132000.0,2000.0,2024-04-29
Dijon,21231,21000,Appartement,55.0,90000.0,1636.36,2024-04-18
Nesle-et-Massoult,21451,21330,Maison,130.0,481950.0,3707.31,2024-04-22
Dijon,21231,21000,Appartement,83.0,75000.0,903.61,2024-05-06
Chenôve,21166,21300,Maison,152.0,215100.0,1415.13,2024-04-22
Verrey-sous-Salmaise,21670,21690,Maison,63.0,57000.0,904.76,2024-05-02
Dijon,21231,21000,Appartement,51.0,100000.0,1960.78,2024-04-24
Gevrey-Chambertin,21295,21220,Maison,134.0,424000.0,3164.18,2024-04-29
Précy-sous-Thil,21505,21390,Maison,82.0,85000.0,1036.59,2024-04-22
Précy-sous-Thil,21505,21390,Maison,82.0,85000.0,1036.59,2024-04-22
Dijon,21231,21000,Maison,72.0,335000.0,4652.78,2024-04-19
Dijon,21231,21000,Appartement,42.0,98150.0,2336.9,2024-04-23
Dijon,21231,21000,Appartement,55.0,110500.0,2009.09,2024-04-22
Sainte-Colombe-sur-Seine,21545,21400,Maison,81.0,91800.0,1133.33,2024-04-15
Chenôve,21166,21300,Appartement,76.0,65000.0,855.26,2024-04-24
Bévy,21070,21220,Maison,70.0,110000.0,1571.43,2024-04-29
Bévy,21070,21220,Maison,70.0,110000.0,1571.43,2024-04-29
Gevrey-Chambertin,21295,21220,Appartement,81.0,178900.0,2208.64,2024-04-29
Chevigny-Saint-Sauveur,21171,21800,Maison,85.0,220000.0,2588.24,2024-04-22
Dijon,21231,21000,Appartement,56.0,134410.0,2400.18,2024-05-02
Beaune,21054,21200,Maison,87.0,258000.0,2965.52,2024-04-29
Pagny-le-Château,21475,21250,Maison,91.0,154000.0,1692.31,2024-04-25
Nan-sous-Thil,21449,21390,Maison,89.0,85000.0,955.06,2024-05-14
Dijon,21231,21000,Appartement,88.0,228000.0,2590.91,2024-04-30
Dijon,21231,21000,Appartement,73.0,58600.0,802.74,2024-04-25
Dijon,21231,21000,Appartement,55.0,93500.0,1700.0,2024-04-25
Tart,21623,21110,Maison,88.0,285480.0,3244.09,2024-05-03
Dijon,21231,21000,Appartement,10.0,44000.0,4400.0,2024-04-25
Dijon,21231,21000,Appartement,109.0,320000.0,2935.78,2024-04-26
Dijon,21231,21000,Appartement,58.0,96500.0,1663.79,2024-04-24
Nuits-Saint-Georges,21464,21700,Maison,69.0,163000.0,2362.32,2024-04-30
Dijon,21231,21000,Appartement,71.0,215000.0,3028.17,2024-04-25
Saint-Apollinaire,21540,21850,Appartement,69.0,134000.0,1942.03,2024-04-30
Marsannay-la-Côte,21390,21160,Appartement,70.0,165000.0,2357.14,2024-04-26
Dijon,21231,21000,Appartement,71.0,135000.0,1901.41,2024-04-29
Dijon,21231,21000,Appartement,42.0,90000.0,2142.86,2024-04-23
Dijon,21231,21000,Appartement,91.0,277000.0,3043.96,2024-04-26
Saint-Apollinaire,21540,21850,Maison,85.0,280000.0,3294.12,2024-04-24
Dijon,21231,21000,Appartement,56.0,161580.0,2885.36,2024-04-22
Arc-sur-Tille,21021,21560,Maison,79.0,270000.0,3417.72,2024-05-07
Plombières-lès-Dijon,21485,21370,Maison,76.0,147500.0,1940.79,2024-05-13
Auxey-Duresses,21037,21190,Maison,140.0,150000.0,1071.43,2024-05-13
Dijon,21231,21000,Appartement,16.0,77100.0,4818.75,2024-05-07
Semur-en-Auxois,21603,21140,Appartement,115.0,144000.0,1252.17,2024-04-26
Dijon,21231,21000,Appartement,28.0,70000.0,2500.0,2024-04-24
Dijon,21231,21000,Appartement,98.0,256200.0,2614.29,2024-04-26
Dijon,21231,21000,Appartement,50.0,151500.0,3030.0,2024-05-14
Sombernon,21611,21540,Maison,100.0,78000.0,780.0,2024-05-15
Dijon,21231,21000,Appartement,74.0,145000.0,1959.46,2024-04-26
Nuits-Saint-Georges,21464,21700,Maison,65.0,116000.0,1784.62,2024-04-25
Til-Châtel,21638,21120,Maison,160.0,232900.0,1455.62,2024-04-30
Dijon,21231,21000,Maison,70.0,149000.0,2128.57,2024-04-26
Longecourt-en-Plaine,21353,21110,Maison,78.0,155000.0,1987.18,2024-05-07
Ménessaire,21403,21430,Maison,70.0,31000.0,442.86,2024-04-26
Dijon,21231,21000,Appartement,49.0,100000.0,2040.82,2024-04-30
Auxonne,21038,21130,Appartement,54.0,56000.0,1037.04,2024-04-18
Savigny-le-Sec,21591,21380,Maison,57.0,195000.0,3421.05,2024-04-30
Genlis,21292,21110,Appartement,77.0,135000.0,1753.25,2024-04-25
Genlis,21292,21110,Appartement,60.0,135000.0,2250.0,2024-04-25
Dijon,21231,21000,Appartement,76.0,110000.0,1447.37,2024-04-26
Fontaine-lès-Dijon,21278,21121,Maison,100.0,279000.0,2790.0,2024-05-03
Neuilly-lès-Dijon,21452,21800,Maison,130.0,320000.0,2461.54,2024-04-26
Perrigny-lès-Dijon,21481,21160,Appartement,38.0,111321.0,2929.5,2024-05-14
Dijon,21231,21000,Appartement,16.0,288000.0,18000.0,2024-04-16
Dijon,21231,21000,Appartement,87.0,288000.0,3310.34,2024-04-16
Dijon,21231,21000,Appartement,91.0,357200.0,3925.27,2024-05-06
Dijon,21231,21000,Appartement,63.0,126500.0,2007.94,2024-05-02
Dijon,21231,21000,Maison,180.0,500000.0,2777.78,2024-05-15
Auxonne,21038,21130,Appartement,63.0,76500.0,1214.29,2024-04-24
Longeault-Pluvault,21352,21110,Maison,89.0,165000.0,1853.93,2024-04-29
Quincy-le-Vicomte,21518,21500,Maison,60.0,60000.0,1000.0,2024-04-30
Dijon,21231,21000,Maison,59.0,266000.0,4508.47,2024-05-03
Dijon,21231,21000,Maison,65.0,215000.0,3307.69,2024-05-07
Chenôve,21166,21300,Appartement,66.0,61800.0,936.36,2024-05-06
Couchey,21200,21160,Appartement,26.0,460000.0,17692.31,2024-04-30
Couchey,21200,21160,Appartement,86.0,460000.0,5348.84,2024-04-30
Dijon,21231,21000,Appartement,31.0,83000.0,2677.42,2024-05-03
Beaune,21054,21200,Appartement,55.0,273000.0,4963.64,2024-04-30
Beaune,21054,21200,Appartement,55.0,273000.0,4963.64,2024-04-30
Gevrey-Chambertin,21295,21220,Appartement,79.0,183220.0,2319.24,2024-04-29
Ruffey-lès-Echirey,21535,21490,Maison,50.0,119000.0,2380.0,2024-05-02
Dijon,21231,21000,Maison,64.0,277000.0,4328.12,2024-05-03
Saint-Apollinaire,21540,21850,Appartement,41.0,120507.0,2939.2,2024-05-02
Fontaine-lès-Dijon,21278,21121,Appartement,99.0,190000.0,1919.19,2024-05-02
Dijon,21231,21000,Appartement,71.0,149500.0,2105.63,2024-04-30
Dijon,21231,21000,Appartement,70.0,114900.0,1641.43,2024-05-06
Beaune,21054,21200,Appartement,88.0,172200.0,1956.82,2024-05-03
Dijon,21231,21000,Appartement,180.0,325000.0,1805.56,2024-05-02
Beaune,21054,21200,Maison,100.0,358000.0,3580.0,2024-05-02
Bretigny,21107,21490,Maison,150.0,450500.0,3003.33,2024-04-22
Francheville,21284,21440,Maison,25.0,60000.0,2400.0,2024-04-24
Auxonne,21038,21130,Appartement,83.0,135000.0,1626.51,2024-04-30
Dijon,21231,21000,Appartement,43.0,128450.0,2987.21,2024-05-16
Magny-Saint-Médard,21369,21310,Maison,107.0,216650.0,2024.77,2024-05-02
Saussey,21588,21360,Maison,120.0,45000.0,375.0,2024-05-03
Saussey,21588,21360,Maison,78.0,45000.0,576.92,2024-05-03
Dijon,21231,21000,Appartement,27.0,116645.0,4320.19,2024-04-17
Perrigny-sur-l'Ognon,21482,21270,Maison,82.0,150000.0,1829.27,2024-04-26
Veuvey-sur-Ouche,21673,21360,Appartement,86.0,150000.0,1744.19,2024-04-24
Veuvey-sur-Ouche,21673,21360,Appartement,79.0,150000.0,1898.73,2024-04-24
Dijon,21231,21000,Appartement,82.0,161000.0,1963.41,2024-05-03
Dijon,21231,21000,Appartement,93.0,281000.0,3021.51,2024-04-30
Dijon,21231,21000,Appartement,30.0,195450.0,6515.0,2024-04-26
Dijon,21231,21000,Appartement,35.0,195450.0,5584.29,2024-04-26
Beaune,21054,21200,Appartement,82.0,187000.0,2280.49,2024-05-03
Beaune,21054,21200,Appartement,33.0,187000.0,5666.67,2024-05-03
Esbarres,21249,21170,Maison,120.0,145000.0,1208.33,2024-04-26
Dijon,21231,21000,Appartement,39.0,62000.0,1589.74,2024-04-25
Saint-Romain,21569,21190,Maison,170.0,259200.0,1524.71,2024-04-24
Marcilly-sur-Tille,21383,21120,Maison,92.0,220000.0,2391.3,2024-05-15
Is-sur-Tille,21317,21120,Maison,90.0,190000.0,2111.11,2024-05-14
Dijon,21231,21000,Appartement,63.0,100000.0,1587.3,2024-05-03
Dijon,21231,21000,Maison,83.0,185000.0,2228.92,2024-05-16
Fontaine-Française,21277,21610,Maison,112.0,261000.0,2330.36,2024-04-29
Vosne-Romanée,21714,21700,Maison,97.0,285000.0,2938.14,2024-04-30
Izeure,21319,21110,Maison,114.0,262800.0,2305.26,2024-04-26
Sainte-Marie-sur-Ouche,21559,21410,Maison,70.0,159000.0,2271.43,2024-04-23
Is-sur-Tille,21317,21120,Maison,106.0,262750.0,2478.77,2024-05-10
Ahuy,21003,21121,Appartement,84.0,236000.0,2809.52,2024-05-17
Dijon,21231,21000,Appartement,61.0,117000.0,1918.03,2024-05-16
Cérilly,21125,21330,Maison,84.0,64000.0,761.9,2024-04-12
Beaune,21054,21200,Maison,71.0,220000.0,3098.59,2024-05-07
Dijon,21231,21000,Appartement,50.0,2183000.0,43660.0,2024-05-02
Dijon,21231,21000,Appartement,50.0,2183000.0,43660.0,2024-05-02
Dijon,21231,21000,Appartement,49.0,2183000.0,44551.02,2024-05-02
Dijon,21231,21000,Appartement,90.0,288000.0,3200.0,2024-05-07
Dijon,21231,21000,Appartement,78.0,250000.0,3205.13,2024-05-15
Beaune,21054,21200,Appartement,59.0,120000.0,2033.9,2024-05-02
Beaune,21054,21200,Appartement,63.0,115000.0,1825.4,2024-05-07
Dijon,21231,21000,Appartement,39.0,150000.0,3846.15,2024-05-03
Beaune,21054,21200,Appartement,46.0,120000.0,2608.7,2024-05-06
Gevrey-Chambertin,21295,21220,Appartement,74.0,103400.0,1397.3,2024-04-24
Talant,21617,21240,Appartement,95.0,190000.0,2000.0,2024-04-25
Dijon,21231,21000,Appartement,49.0,92000.0,1877.55,2024-04-25
Beaune,21054,21200,Appartement,41.0,136050.0,3318.29,2024-05-21
Dijon,21231,21000,Appartement,92.0,255000.0,2771.74,2024-04-26
Beaune,21054,21200,Maison,104.0,235000.0,2259.62,2024-05-02
Dijon,21231,21000,Appartement,65.0,133000.0,2046.15,2024-05-07
Saint-Victor-sur-Ouche,21578,21410,Maison,85.0,183500.0,2158.82,2024-05-03
Dijon,21231,21000,Appartement,82.0,237500.0,2896.34,2024-05-14
Dijon,21231,21000,Appartement,47.0,160000.0,3404.26,2024-04-26
Longeault-Pluvault,21352,21110,Maison,78.0,187000.0,2397.44,2024-05-14
Dijon,21231,21000,Maison,108.0,269000.0,2490.74,2024-05-21
Dijon,21231,21000,Appartement,69.0,145000.0,2101.45,2024-05-07
Dijon,21231,21000,Appartement,25.0,95000.0,3800.0,2024-05-17
Dijon,21231,21000,Appartement,32.0,81000.0,2531.25,2024-05-17
Chevigny-en-Valière,21170,21200,Maison,102.0,80000.0,784.31,2024-05-13
Dijon,21231,21000,Appartement,72.0,205000.0,2847.22,2024-05-13
Dijon,21231,21000,Appartement,46.0,90000.0,1956.52,2024-04-29
Dijon,21231,21000,Appartement,33.0,104500.0,3166.67,2024-05-15
Frôlois,21288,21150,Maison,53.0,20000.0,377.36,2024-04-30
Losne,21356,21170,Maison,106.0,227000.0,2141.51,2024-04-24
Montbard,21425,21500,Appartement,46.0,26500.0,576.09,2024-04-30
Dijon,21231,21000,Maison,38.0,88000.0,2315.79,2024-04-26
Aiserey,21005,21110,Maison,112.0,200000.0,1785.71,2024-04-24
Beaune,21054,21200,Appartement,64.0,180000.0,2812.5,2024-04-22
Saint-Jean-de-Losne,21554,21170,Appartement,66.0,59500.0,901.52,2024-04-22
Saint-Jean-de-Losne,21554,21170,Maison,75.0,65000.0,866.67,2024-04-23
Dijon,21231,21000,Appartement,11.0,63131.0,5739.18,2024-04-26
Dijon,21231,21000,Appartement,48.0,63131.0,1315.23,2024-04-26
Chaux,21162,21700,Maison,112.0,185000.0,1651.79,2024-05-15
Bissey-la-Côte,21077,21520,Maison,120.0,145000.0,1208.33,2024-04-30
Épernay-sous-Gevrey,21246,21220,Maison,155.0,348000.0,2245.16,2024-04-30
Épernay-sous-Gevrey,21246,21220,Maison,155.0,348000.0,2245.16,2024-04-30
Dijon,21231,21000,Appartement,100.0,121000.0,1210.0,2024-05-03
Gevrey-Chambertin,21295,21220,Appartement,61.0,112000.0,1836.07,2024-05-07
Izeure,21319,21110,Maison,80.0,212000.0,2650.0,2024-04-30
Belleneuve,21060,21310,Appartement,71.0,78100.0,1100.0,2024-04-30
Dijon,21231,21000,Appartement,20.0,65700.0,3285.0,2024-05-02
Dijon,21231,21000,Appartement,114.0,139800.0,1226.32,2024-05-06
Beaune,21054,21200,Appartement,60.0,110000.0,1833.33,2024-04-26
Saint-Julien,21555,21490,Maison,141.0,365000.0,2588.65,2024-05-03
Marsannay-la-Côte,21390,21160,Maison,82.0,180000.0,2195.12,2024-05-03
Dijon,21231,21000,Appartement,120.0,524500.0,4370.83,2024-04-30
Chenôve,21166,21300,Appartement,66.0,122000.0,1848.48,2024-04-30
Fontaine-lès-Dijon,21278,21121,Appartement,47.0,95000.0,2021.28,2024-05-14
Dijon,21231,21000,Appartement,52.0,66666.66,1282.05,2024-05-16
Dijon,21231,21000,Appartement,75.0,223000.0,2973.33,2024-05-03
Dijon,21231,21000,Appartement,31.0,115000.0,3709.68,2024-05-16
Dijon,21231,21000,Appartement,32.0,80500.0,2515.62,2024-04-30
Dijon,21231,21000,Appartement,52.0,50000.0,961.54,2024-04-24
Dijon,21231,21000,Appartement,22.0,117001.0,5318.23,2024-04-25
Dijon,21231,21000,Appartement,66.0,138500.0,2098.48,2024-04-26
Savigny-lès-Beaune,21590,21420,Maison,105.0,286400.0,2727.62,2024-04-09
Premeaux-Prissey,21506,21700,Maison,106.0,326450.0,3079.72,2024-04-26
Dijon,21231,21000,Appartement,33.0,75000.0,2272.73,2024-05-15
Dijon,21231,21000,Appartement,70.0,205500.0,2935.71,2024-05-14
Nuits-Saint-Georges,21464,21700,Appartement,57.0,142000.0,2491.23,2024-05-16
Prenois,21508,21370,Maison,130.0,259000.0,1992.31,2024-05-07
Ruffey-lès-Beaune,21534,21200,Maison,74.0,220000.0,2972.97,2024-05-02
Ruffey-lès-Beaune,21534,21200,Maison,74.0,220000.0,2972.97,2024-05-02
Marsannay-la-Côte,21390,21160,Maison,94.0,296950.0,3159.04,2024-05-14
Baulme-la-Roche,21051,21410,Maison,95.0,135000.0,1421.05,2024-04-26
Dijon,21231,21000,Appartement,94.0,315000.0,3351.06,2024-05-15
Arnay-le-Duc,21023,21230,Maison,52.0,30000.0,576.92,2024-04-23
Mirebeau-sur-Bèze,21416,21310,Appartement,80.0,121000.0,1512.5,2024-05-14
Varois-et-Chaignot,21657,21490,Maison,195.0,707900.0,3630.26,2024-05-13
Fontaine-lès-Dijon,21278,21121,Appartement,63.0,118000.0,1873.02,2024-05-14
Marcilly-sur-Tille,21383,21120,Maison,125.0,159000.0,1272.0,2024-05-17
Dijon,21231,21000,Appartement,73.0,200000.0,2739.73,2024-05-15
Marsannay-la-Côte,21390,21160,Maison,170.0,415000.0,2441.18,2024-05-06
Marsannay-la-Côte,21390,21160,Maison,170.0,415000.0,2441.18,2024-05-06
Perrigny-lès-Dijon,21481,21160,Maison,147.0,100000.0,680.27,2024-04-24
Marsannay-la-Côte,21390,21160,Maison,82.0,137750.0,1679.88,2024-04-26
Selongey,21599,21260,Maison,247.0,196000.0,793.52,2024-05-17
Selongey,21599,21260,Maison,247.0,196000.0,793.52,2024-05-17
Mirebeau-sur-Bèze,21416,21310,Maison,65.0,157310.0,2420.15,2024-05-02
Fontaine-Française,21277,21610,Maison,90.0,109500.0,1216.67,2024-05-14
Saulieu,21584,21210,Maison,70.0,90000.0,1285.71,2024-04-25
Dijon,21231,21000,Appartement,88.0,194100.0,2205.68,2024-04-25
Savigny-le-Sec,21591,21380,Maison,84.0,100000.0,1190.48,2024-05-07
Belleneuve,21060,21310,Maison,165.0,533600.0,3233.94,2024-05-13
Belleneuve,21060,21310,Maison,165.0,533600.0,3233.94,2024-05-13
Belleneuve,21060,21310,Maison,165.0,533600.0,3233.94,2024-05-13
Dijon,21231,21000,Appartement,67.0,183930.0,2745.22,2024-05-17
Marcilly-sur-Tille,21383,21120,Maison,88.0,272650.0,3098.3,2024-05-22
Saint-Romain,21569,21190,Maison,96.0,209630.0,2183.65,2024-05-06
Beaune,21054,21200,Appartement,64.0,107000.0,1671.88,2024-05-17
Corpeau,21196,21190,Maison,72.0,140000.0,1944.44,2024-05-15
Dijon,21231,21000,Appartement,67.0,188700.0,2816.42,2024-05-17
Fontaine-lès-Dijon,21278,21121,Maison,104.0,105000.0,1009.62,2024-05-24
Vonges,21713,21270,Maison,128.0,163000.0,1273.44,2024-05-02
Talant,21617,21240,Appartement,51.0,133000.0,2607.84,2024-05-24
Binges,21076,21270,Maison,90.0,147375.0,1637.5,2024-04-19
Beaune,21054,21200,Appartement,60.0,77500.0,1291.67,2024-04-12
Beaune,21054,21200,Appartement,70.0,77500.0,1107.14,2024-04-12
Beaune,21054,21200,Appartement,45.0,77500.0,1722.22,2024-04-12
Beaune,21054,21200,Appartement,35.0,77500.0,2214.29,2024-04-12
Beaune,21054,21200,Appartement,20.0,232500.0,11625.0,2024-04-12
Chevigny-Saint-Sauveur,21171,21800,Appartement,89.0,138000.0,1550.56,2024-05-06
Chevigny-Saint-Sauveur,21171,21800,Appartement,59.0,91500.0,1550.85,2024-05-07
Montbard,21425,21500,Maison,86.0,99900.0,1161.63,2024-05-16
Dijon,21231,21000,Appartement,60.0,137000.0,2283.33,2024-05-20
Dijon,21231,21000,Appartement,62.0,74500.0,1201.61,2024-05-15
Dijon,21231,21000,Appartement,86.0,224900.0,2615.12,2024-05-16
Dijon,21231,21000,Maison,68.0,214700.0,3157.35,2024-05-03
Orgeux,21469,21490,Maison,107.0,259000.0,2420.56,2024-05-06
Dijon,21231,21000,Appartement,18.0,47500.0,2638.89,2024-05-03
Arc-sur-Tille,21021,21560,Maison,89.0,276350.0,3105.06,2024-05-15
Fontaine-lès-Dijon,21278,21121,Maison,127.0,466700.0,3674.8,2024-05-03
Dijon,21231,21000,Appartement,66.0,170000.0,2575.76,2024-05-13
Dijon,21231,21000,Appartement,57.0,98200.0,1722.81,2024-05-13
Gissey-sous-Flavigny,21299,21150,Maison,70.0,50000.0,714.29,2024-05-15
Brazey-en-Plaine,21103,21470,Maison,135.0,263000.0,1948.15,2024-04-29
Chevigny-Saint-Sauveur,21171,21800,Appartement,71.0,188500.0,2654.93,2024-04-19
Chevigny-Saint-Sauveur,21171,21800,Appartement,22.0,274500.0,12477.27,2024-05-21
Chevigny-Saint-Sauveur,21171,21800,Maison,63.0,274500.0,4357.14,2024-05-21
Dijon,21231,21000,Appartement,51.0,205000.0,4019.61,2024-05-07
Soissons-sur-Nacey,21610,21270,Maison,126.0,199000.0,1579.37,2024-05-22
Dijon,21231,21000,Appartement,50.0,90000.0,1800.0,2024-05-17
Beaune,21054,21200,Appartement,76.0,150000.0,1973.68,2024-04-24
Dijon,21231,21000,Appartement,89.0,300000.0,3370.79,2024-05-16
Daix,21223,21121,Maison,140.0,435000.0,3107.14,2024-05-16
Beaune,21054,21200,Maison,77.0,130000.0,1688.31,2024-05-03
Beaune,21054,21200,Appartement,84.0,235000.0,2797.62,2024-04-19
Dijon,21231,21000,Maison,70.0,132500.0,1892.86,2024-05-03
Dijon,21231,21000,Appartement,31.0,50000.0,1612.9,2024-05-17
Quetigny,21515,21800,Maison,89.0,281500.0,3162.92,2024-05-21
Dijon,21231,21000,Appartement,55.0,105000.0,1909.09,2024-05-22
Dijon,21231,21000,Appartement,48.0,122500.0,2552.08,2024-05-06
Dijon,21231,21000,Maison,76.0,298650.0,3929.61,2024-05-07
Beaune,21054,21200,Maison,90.0,250000.0,2777.78,2024-05-14
Talant,21617,21240,Appartement,47.0,108000.0,2297.87,2024-05-22
Dijon,21231,21000,Appartement,58.0,80000.0,1379.31,2024-05-17
Dijon,21231,21000,Appartement,23.0,60600.0,2634.78,2024-05-07
Dijon,21231,21000,Appartement,24.0,93000.0,3875.0,2024-05-15
Époisses,21247,21460,Maison,75.0,90500.0,1206.67,2024-04-30
Ruffey-lès-Echirey,21535,21490,Maison,95.0,285050.0,3000.53,2024-05-03
Aiserey,21005,21110,Maison,89.0,223000.0,2505.62,2024-05-07
Dijon,21231,21000,Maison,40.0,94000.0,2350.0,2024-05-14
Savilly,21593,21430,Maison,140.0,80000.0,571.43,2024-04-30
Quetigny,21515,21800,Maison,104.0,230000.0,2211.54,2024-05-24
Saint-Jean-de-Losne,21554,21170,Appartement,54.0,46000.0,851.85,2024-05-14
Magny-sur-Tille,21370,21110,Maison,134.0,330650.0,2467.54,2024-05-14
Dijon,21231,21000,Appartement,92.0,195000.0,2119.57,2024-05-24
Villeberny,21690,21350,Maison,150.0,200000.0,1333.33,2024-04-27
Dijon,21231,21000,Maison,102.0,400000.0,3921.57,2024-05-17
Dijon,21231,21000,Appartement,56.0,95000.0,1696.43,2024-05-24
Is-sur-Tille,21317,21120,Appartement,70.0,100000.0,1428.57,2024-05-13
Dijon,21231,21000,Appartement,57.0,90000.0,1578.95,2024-05-16
Dijon,21231,21000,Appartement,22.0,44000.0,2000.0,2024-05-17
Esbarres,21249,21170,Maison,215.0,309200.0,1438.14,2024-04-29
Esbarres,21249,21170,Maison,215.0,309200.0,1438.14,2024-04-29
Plombières-lès-Dijon,21485,21370,Appartement,31.0,135000.0,4354.84,2024-05-02
Plombières-lès-Dijon,21485,21370,Appartement,24.0,135000.0,5625.0,2024-05-02
Marsannay-la-Côte,21390,21160,Appartement,60.0,142000.0,2366.67,2024-05-14
Dijon,21231,21000,Appartement,26.0,66000.0,2538.46,2024-05-17
Quetigny,21515,21800,Appartement,64.0,91600.0,1431.25,2024-05-16
Épagny,21245,21380,Maison,118.0,321600.0,2725.42,2024-05-13
La Roche-en-Brenil,21525,21530,Maison,45.0,87000.0,1933.33,2024-05-16
La Roche-en-Brenil,21525,21530,Maison,45.0,87000.0,1933.33,2024-05-16
Neuilly-lès-Dijon,21452,21800,Maison,91.0,265700.0,2919.78,2024-05-07
Billy-lès-Chanceaux,21075,21450,Maison,57.0,13000.0,228.07,2024-05-03
Dijon,21231,21000,Appartement,50.0,160000.0,3200.0,2024-05-24
Turcey,21648,21540,Maison,85.0,160000.0,1882.35,2024-04-26
Dijon,21231,21000,Appartement,32.0,110000.0,3437.5,2024-04-30
Dijon,21231,21000,Appartement,31.0,124000.0,4000.0,2024-05-15
Daix,21223,21121,Appartement,64.0,167000.0,2609.38,2024-05-16
Arc-sur-Tille,21021,21560,Maison,88.0,263300.0,2992.05,2024-05-17
Varois-et-Chaignot,21657,21490,Maison,74.0,293000.0,3959.46,2024-04-30
Chamblanc,21131,21250,Maison,87.0,83000.0,954.02,2024-05-15
Nuits-Saint-Georges,21464,21700,Maison,121.0,395000.0,3264.46,2024-05-03
Dijon,21231,21000,Appartement,56.0,108000.0,1928.57,2024-04-29
Musigny,21447,21230,Maison,47.0,40000.0,851.06,2024-04-30
Dijon,21231,21000,Appartement,72.0,168000.0,2333.33,2024-04-29
Dijon,21231,21000,Appartement,88.0,173000.0,1965.91,2024-05-02
Sacquenay,21536,21260,Maison,94.0,58000.0,617.02,2024-05-07
Chevigny-Saint-Sauveur,21171,21800,Maison,65.0,219050.0,3370.0,2024-05-16
Dijon,21231,21000,Appartement,80.0,288000.0,3600.0,2024-05-27
Dijon,21231,21000,Appartement,36.0,95000.0,2638.89,2024-05-24
Merceuil,21405,21190,Maison,100.0,250000.0,2500.0,2024-05-02
Dijon,21231,21000,Appartement,51.0,119600.0,2345.1,2024-05-24
Perrigny-sur-l'Ognon,21482,21270,Maison,66.0,15000.0,227.27,2024-05-27
Dijon,21231,21000,Appartement,19.0,127001.0,6684.26,2024-05-17
Dijon,21231,21000,Appartement,68.0,109000.0,1602.94,2024-05-17
Esbarres,21249,21170,Maison,150.0,232750.0,1551.67,2024-05-21
Dijon,21231,21000,Appartement,40.0,115000.0,2875.0,2024-05-13
Ruffey-lès-Beaune,21534,21200,Maison,120.0,165000.0,1375.0,2024-05-03
Beaune,21054,21200,Appartement,27.0,89000.0,3296.3,2024-05-06
Dijon,21231,21000,Maison,80.0,213800.0,2672.5,2024-05-14
Dijon,21231,21000,Maison,80.0,277500.0,3468.75,2024-05-15
Auxey-Duresses,21037,21190,Maison,110.0,319000.0,2900.0,2024-04-29
Asnières-lès-Dijon,21027,21380,Maison,165.0,440000.0,2666.67,2024-05-07
Ancey,21013,21410,Maison,214.0,320000.0,1495.33,2024-04-29
Bellefond,21059,21490,Appartement,80.0,375000.0,4687.5,2024-05-15
Corcelles-lès-Cîteaux,21191,21910,Maison,92.0,210000.0,2282.61,2024-05-07
Vosne-Romanée,21714,21700,Maison,171.0,451500.0,2640.35,2024-05-07
Nuits-Saint-Georges,21464,21700,Maison,108.0,195000.0,1805.56,2024-05-22
Dijon,21231,21000,Maison,130.0,551000.0,4238.46,2024-05-13
Quetigny,21515,21800,Maison,89.0,350550.0,3938.76,2024-05-21
Collonges-lès-Premières,21183,21110,Maison,92.0,229500.0,2494.57,2024-05-21
Comblanchien,21186,21700,Maison,140.0,282500.0,2017.86,2024-05-21
Flavignerot,21270,21160,Maison,119.0,404000.0,3394.96,2024-05-02
Dijon,21231,21000,Maison,102.0,273350.0,2679.9,2024-05-02
Beaune,21054,21200,Appartement,96.0,145000.0,1510.42,2024-05-06
Auxey-Duresses,21037,21190,Maison,89.0,267420.0,3004.72,2024-05-07
Flacey,21266,21490,Maison,80.0,226600.0,2832.5,2024-05-14
Lux,21361,21120,Maison,32.0,56000.0,1750.0,2024-05-24
Ouges,21473,21600,Appartement,57.0,297190.0,5213.86,2024-05-15
Perrigny-sur-l'Ognon,21482,21270,Maison,31.0,90000.0,2903.23,2024-05-07
Perrigny-sur-l'Ognon,21482,21270,Maison,77.0,90000.0,1168.83,2024-05-07
Pontailler-sur-Saône,21496,21270,Maison,90.0,199000.0,2211.11,2024-05-06
Dijon,21231,21000,Appartement,58.0,108100.0,1863.79,2024-04-30
Dijon,21231,21000,Appartement,32.0,96000.0,3000.0,2024-05-17
Quetigny,21515,21800,Maison,103.0,262300.0,2546.6,2024-05-21
Corberon,21189,21250,Maison,98.0,56000.0,571.43,2024-05-27
Beaune,21054,21200,Appartement,65.0,191000.0,2938.46,2024-05-16
Dijon,21231,21000,Maison,73.0,276000.0,3780.82,2024-05-21
Prenois,21508,21370,Maison,88.0,202500.0,2301.14,2024-04-29
Heuilley-sur-Saône,21316,21270,Maison,37.0,83000.0,2243.24,2024-05-02
Heuilley-sur-Saône,21316,21270,Maison,97.0,83000.0,855.67,2024-05-02
Bligny-sur-Ouche,21087,21360,Maison,135.0,165710.0,1227.48,2024-05-02
Santenay,21582,21590,Maison,138.0,284700.0,2063.04,2024-05-24
Quetigny,21515,21800,Appartement,64.0,90000.0,1406.25,2024-05-17
Talant,21617,21240,Maison,165.0,557400.0,3378.18,2024-05-17
Fontaine-lès-Dijon,21278,21121,Maison,82.0,338650.0,4129.88,2024-05-21
Perrigny-lès-Dijon,21481,21160,Maison,80.0,60000.0,750.0,2024-05-17
Écutigny,21243,21360,Maison,128.0,190000.0,1484.38,2024-05-02
Beaune,21054,21200,Appartement,109.0,317000.0,2908.26,2024-04-29
Dijon,21231,21000,Appartement,75.0,208000.0,2773.33,2024-05-07
Dijon,21231,21000,Maison,124.0,303450.0,2447.18,2024-05-03
Quetigny,21515,21800,Maison,92.0,263800.0,2867.39,2024-05-15
Dijon,21231,21000,Appartement,89.0,289400.0,3251.69,2024-05-15
Dijon,21231,21000,Appartement,69.0,216000.0,3130.43,2024-05-24
Villers-les-Pots,21699,21130,Maison,70.0,258000.0,3685.71,2024-05-13
Izeure,21319,21110,Appartement,190.0,325000.0,1710.53,2024-05-13
Vandenesse-en-Auxois,21652,21320,Maison,126.0,636020.0,5047.78,2024-05-13
Dijon,21231,21000,Appartement,42.0,123000.0,2928.57,2024-05-13
Beaune,21054,21200,Appartement,130.0,440214.0,3386.26,2024-05-14
Dijon,21231,21000,Appartement,17.0,84705.0,4982.65,2024-05-22
Dijon,21231,21000,Appartement,33.0,72000.0,2181.82,2024-05-15
Lamarche-sur-Saône,21337,21760,Maison,134.0,55000.0,410.45,2024-04-30
Dijon,21231,21000,Appartement,40.0,168000.0,4200.0,2024-05-17
Dijon,21231,21000,Appartement,83.0,77000.0,927.71,2024-05-21
Binges,21076,21270,Maison,58.0,331920.0,5722.76,2024-05-28
Saint-Apollinaire,21540,21850,Maison,70.0,164950.0,2356.43,2024-05-13
Dijon,21231,21000,Appartement,83.0,204600.0,2465.06,2024-05-14
Fontaine-Française,21277,21610,Maison,44.0,130000.0,2954.55,2024-05-22
Dijon,21231,21000,Appartement,61.0,33000.0,540.98,2024-05-21
Beaune,21054,21200,Maison,86.0,178150.0,2071.51,2024-05-29
Dijon,21231,21000,Appartement,54.0,100000.0,1851.85,2024-05-24
Dijon,21231,21000,Appartement,55.0,84000.0,1527.27,2024-05-24
Dijon,21231,21000,Appartement,105.0,392700.0,3740.0,2024-05-17
Verrey-sous-Salmaise,21670,21690,Maison,113.0,160050.0,1416.37,2024-05-29
Gilly-lès-Cîteaux,21297,21640,Maison,103.0,276750.0,2686.89,2024-05-22
Aisy-sous-Thil,21007,21390,Maison,77.0,109000.0,1415.58,2024-05-14
Marsannay-la-Côte,21390,21160,Maison,82.0,217300.0,2650.0,2024-05-07
Toutry,21642,21460,Maison,85.0,75000.0,882.35,2024-05-03
Montigny-Mornay-Villeneuve-sur-Vingeanne,21433,21610,Maison,52.0,80000.0,1538.46,2024-05-24
Venarey-les-Laumes,21663,21150,Maison,46.0,43000.0,934.78,2024-05-04
Beaune,21054,21200,Appartement,74.0,253350.0,3423.65,2024-05-16
Thury,21636,21340,Maison,55.0,30000.0,545.45,2024-05-04
Dijon,21231,21000,Maison,60.0,210000.0,3500.0,2024-05-14
Poncey-lès-Athée,21493,21130,Maison,113.0,157000.0,1389.38,2024-05-17
Poncey-lès-Athée,21493,21130,Maison,113.0,157000.0,1389.38,2024-05-17
Chevannes,21169,21220,Maison,90.0,155000.0,1722.22,2024-05-03
Dijon,21231,21000,Appartement,61.0,135700.0,2224.59,2024-05-16
Longchamp,21351,21110,Maison,70.0,174600.0,2494.29,2024-05-16
Dijon,21231,21000,Appartement,64.0,153000.0,2390.62,2024-05-13
Arnay-le-Duc,21023,21230,Maison,96.0,110000.0,1145.83,2024-05-21
Dijon,21231,21000,Appartement,25.0,83000.0,3320.0,2024-05-14
Savigny-le-Sec,21591,21380,Maison,244.0,220000.0,901.64,2024-05-24
Dijon,21231,21000,Maison,75.0,180000.0,2400.0,2024-05-13
Nuits-Saint-Georges,21464,21700,Appartement,57.0,143000.0,2508.77,2024-05-06
Nuits-Saint-Georges,21464,21700,Appartement,38.0,143000.0,3763.16,2024-05-06
Tarsul,21620,21120,Maison,69.0,106000.0,1536.23,2024-05-13
Tarsul,21620,21120,Maison,69.0,106000.0,1536.23,2024-05-13
Saint-Usage,21577,21170,Maison,119.0,194500.0,1634.45,2024-05-06
Longvic,21355,21600,Appartement,69.0,97500.0,1413.04,2024-05-14
Dijon,21231,21000,Appartement,45.0,147964.0,3288.09,2024-05-24
Veuvey-sur-Ouche,21673,21360,Maison,100.0,208000.0,2080.0,2024-05-29
Dijon,21231,21000,Appartement,99.0,283930.0,2867.98,2024-05-22
Auxonne,21038,21130,Appartement,86.0,112000.0,1302.33,2024-05-28
Auxonne,21038,21130,Appartement,65.0,87000.0,1338.46,2024-05-28
Auxonne,21038,21130,Appartement,65.0,87000.0,1338.46,2024-05-28
Perrigny-lès-Dijon,21481,21160,Maison,132.0,404000.0,3060.61,2024-05-07
Beaune,21054,21200,Maison,90.0,226300.0,2514.44,2024-04-24
Savigny-lès-Beaune,21590,21420,Maison,86.0,100000.0,1162.79,2024-05-06
Beaune,21054,21200,Appartement,73.0,132000.0,1808.22,2024-05-02
Meursault,21412,21190,Maison,97.0,408020.0,4206.39,2024-05-13
Dijon,21231,21000,Appartement,46.0,135000.0,2934.78,2024-05-23
Dijon,21231,21000,Appartement,65.0,169350.0,2605.38,2024-05-22
Dijon,21231,21000,Appartement,62.0,143500.0,2314.52,2024-05-22
Marmagne,21389,21500,Maison,160.0,118000.0,737.5,2024-05-21
Corgengoux,21193,21250,Maison,110.0,249000.0,2263.64,2024-05-06
Dijon,21231,21000,Appartement,28.0,98000.0,3500.0,2024-05-31
Pagny-la-Ville,21474,21250,Maison,25.0,28800.0,1152.0,2024-05-03
Dijon,21231,21000,Appartement,75.0,226000.0,3013.33,2024-04-30
Dijon,21231,21000,Appartement,55.0,105000.0,1909.09,2024-05-24
Quetigny,21515,21800,Appartement,81.0,243000.0,3000.0,2024-05-22
Dijon,21231,21000,Appartement,75.0,325000.0,4333.33,2024-05-22
Dijon,21231,21000,Maison,96.0,370000.0,3854.17,2024-05-13
Quincy-le-Vicomte,21518,21500,Maison,35.0,41120.0,1174.86,2024-05-24
Quincy-le-Vicomte,21518,21500,Maison,56.0,41120.0,734.29,2024-05-24
Dijon,21231,21000,Appartement,15.0,93000.0,6200.0,2024-05-21
Dijon,21231,21000,Appartement,15.0,93000.0,6200.0,2024-05-21
Sainte-Sabine,21570,21320,Maison,180.0,71500.0,397.22,2024-05-27
Sainte-Sabine,21570,21320,Maison,89.0,71500.0,803.37,2024-05-27
Dijon,21231,21000,Appartement,40.0,92200.0,2305.0,2024-05-22
Dijon,21231,21000,Appartement,68.0,81760.0,1202.35,2024-05-24
Fresnes,21287,21500,Maison,124.0,187000.0,1508.06,2024-05-06
Fresnes,21287,21500,Maison,124.0,187000.0,1508.06,2024-05-06
Dijon,21231,21000,Appartement,79.0,370000.0,4683.54,2024-05-24
Benoisey,21064,21500,Maison,77.0,116000.0,1506.49,2024-05-21
Barjon,21049,21580,Maison,104.0,40000.0,384.62,2024-05-02
Liernais,21349,21430,Maison,80.0,84000.0,1050.0,2024-05-27
Dijon,21231,21000,Appartement,102.0,177000.0,1735.29,2024-05-24
Beire-le-Châtel,21056,21310,Appartement,154.0,154000.0,1000.0,2024-05-31
Broindon,21113,21220,Maison,165.0,352100.0,2133.94,2024-05-03
Châtillon-sur-Seine,21154,21400,Appartement,84.0,84000.0,1000.0,2024-04-22
Beaune,21054,21200,Appartement,20.0,40000.0,2000.0,2024-05-06
Sainte-Colombe-sur-Seine,21545,21400,Maison,88.0,140000.0,1590.91,2024-04-29
Chevigny-Saint-Sauveur,21171,21800,Appartement,20.0,51750.0,2587.5,2024-05-24
Sainte-Colombe-sur-Seine,21545,21400,Maison,93.0,147500.0,1586.02,2024-04-29
Orgeux,21469,21490,Maison,164.0,289000.0,1762.2,2024-05-21
Orgeux,21469,21490,Maison,164.0,289000.0,1762.2,2024-05-21
Beaune,21054,21200,Appartement,145.0,210000.0,1448.28,2024-04-29
Senailly,21604,21500,Maison,100.0,85000.0,850.0,2024-05-22
Val-Mont,21327,21340,Appartement,76.0,35000.0,460.53,2024-05-02
Val-Mont,21327,21340,Appartement,81.0,55000.0,679.01,2024-05-02
Savigny-lès-Beaune,21590,21420,Maison,55.0,163000.0,2963.64,2024-04-26
Dijon,21231,21000,Appartement,71.0,227500.0,3204.23,2024-05-14
Dijon,21231,21000,Appartement,63.0,171000.0,2714.29,2024-05-27
Fontaine-lès-Dijon,21278,21121,Appartement,30.0,81500.0,2716.67,2024-05-27
Planay,21484,21500,Maison,120.0,34400.0,286.67,2024-05-27
Genlis,21292,21110,Maison,79.0,130000.0,1645.57,2024-05-28
Dijon,21231,21000,Appartement,64.0,129500.0,2023.44,2024-06-03
Perrigny-lès-Dijon,21481,21160,Maison,152.0,400000.0,2631.58,2024-05-27
Dijon,21231,21000,Appartement,62.0,169753.0,2737.95,2024-05-27
Chenôve,21166,21300,Appartement,46.0,64000.0,1391.3,2024-05-17
Chenôve,21166,21300,Appartement,22.0,64000.0,2909.09,2024-05-17
Chenôve,21166,21300,Appartement,22.0,34500.0,1568.18,2024-05-17
Chenôve,21166,21300,Appartement,30.0,34500.0,1150.0,2024-05-17
Champdôtre,21138,21130,Maison,132.0,100000.0,757.58,2024-05-16
Pommard,21492,21630,Maison,113.0,255000.0,2256.64,2024-05-27
Collonges-lès-Premières,21183,21110,Maison,107.0,260000.0,2429.91,2024-05-31
Dijon,21231,21000,Appartement,107.0,256084.0,2393.31,2024-05-29
Brazey-en-Plaine,21103,21470,Maison,90.0,176500.0,1961.11,2024-06-03
Longvic,21355,21600,Appartement,49.0,87000.0,1775.51,2024-05-21
Gevrey-Chambertin,21295,21220,Appartement,62.0,93000.0,1500.0,2024-05-07
Dijon,21231,21000,Appartement,70.0,176000.0,2514.29,2024-05-13
Dijon,21231,21000,Appartement,84.0,369000.0,4392.86,2024-05-23
Dijon,21231,21000,Appartement,93.0,85000.0,913.98,2024-05-16
Genlis,21292,21110,Maison,20.0,250000.0,12500.0,2024-05-17
Genlis,21292,21110,Appartement,45.0,250000.0,5555.56,2024-05-17
Genlis,21292,21110,Appartement,80.0,250000.0,3125.0,2024-05-17
Genlis,21292,21110,Appartement,10.0,250000.0,25000.0,2024-05-17
Genlis,21292,21110,Appartement,220.0,250000.0,1136.36,2024-05-17
Genlis,21292,21110,Maison,34.0,250000.0,7352.94,2024-05-17
Dijon,21231,21000,Appartement,28.0,81170.0,2898.93,2024-05-06
Bligny-lès-Beaune,21086,21200,Maison,107.0,200000.0,1869.16,2024-05-31
Dijon,21231,21000,Appartement,47.0,130880.0,2784.68,2024-05-28
Saint-Apollinaire,21540,21850,Appartement,58.0,165500.0,2853.45,2024-05-28
Longvic,21355,21600,Appartement,58.0,125500.0,2163.79,2024-05-29
Longvic,21355,21600,Appartement,58.0,125500.0,2163.79,2024-05-29
Dijon,21231,21000,Appartement,61.0,107000.0,1754.1,2024-05-21
Bligny-sur-Ouche,21087,21360,Maison,152.0,98600.0,648.68,2024-05-24
Leuglay,21346,21290,Maison,102.0,70000.0,686.27,2024-05-27
Leuglay,21346,21290,Maison,47.0,70000.0,1489.36,2024-05-27
Villers-les-Pots,21699,21130,Maison,94.0,165000.0,1755.32,2024-05-22
Massingy-lès-Semur,21394,21140,Maison,100.0,160820.0,1608.2,2024-05-21
Marcheseuil,21379,21430,Maison,72.0,35000.0,486.11,2024-05-07
Chenôve,21166,21300,Maison,71.0,162000.0,2281.69,2024-05-24
Dijon,21231,21000,Appartement,90.0,280000.0,3111.11,2024-05-28
Villers-la-Faye,21698,21700,Maison,101.0,246200.0,2437.62,2024-05-21
Dijon,21231,21000,Appartement,83.0,189000.0,2277.11,2024-05-27
Semur-en-Auxois,21603,21140,Appartement,135.0,260000.0,1925.93,2024-05-16
Semur-en-Auxois,21603,21140,Appartement,120.0,260000.0,2166.67,2024-05-16
Semur-en-Auxois,21603,21140,Appartement,60.0,260000.0,4333.33,2024-05-16
Dijon,21231,21000,Appartement,55.0,133500.0,2427.27,2024-05-28
Dijon,21231,21000,Appartement,68.0,130500.0,1919.12,2024-05-23
Flammerans,21269,21130,Maison,53.0,148000.0,2792.45,2024-05-21
Dijon,21231,21000,Appartement,64.0,156700.0,2448.44,2024-05-24
Villecomte,21692,21120,Maison,175.0,127700.0,729.71,2024-05-31
Dijon,21231,21000,Appartement,71.0,225900.0,3181.69,2024-05-21
Montbard,21425,21500,Appartement,87.0,108000.0,1241.38,2024-05-31
Chevigny-Saint-Sauveur,21171,21800,Appartement,20.0,52000.0,2600.0,2024-05-28
Vielverge,21680,21270,Maison,105.0,194000.0,1847.62,2024-05-21
Pasques,21478,21370,Maison,88.0,150000.0,1704.55,2024-05-23
Dijon,21231,21000,Appartement,135.0,94000.0,696.3,2024-05-24
Dijon,21231,21000,Appartement,59.0,133000.0,2254.24,2024-05-28
Dijon,21231,21000,Appartement,35.0,30000.0,857.14,2024-05-31
Dijon,21231,21000,Appartement,66.0,135000.0,2045.45,2024-05-31
Nuits-Saint-Georges,21464,21700,Appartement,61.0,89300.0,1463.93,2024-05-30
Dijon,21231,21000,Appartement,37.0,75000.0,2027.03,2024-05-29
Dijon,21231,21000,Appartement,83.0,160000.0,1927.71,2024-05-07
Dijon,21231,21000,Appartement,24.0,86850.0,3618.75,2024-05-17
Dijon,21231,21000,Appartement,65.0,85000.0,1307.69,2024-05-23
Dijon,21231,21000,Maison,58.0,259000.0,4465.52,2024-05-24
Pouillenay,21500,21150,Maison,163.0,202000.0,1239.26,2024-05-30
Longvic,21355,21600,Maison,86.0,207000.0,2406.98,2024-05-23
Messigny-et-Vantoux,21408,21380,Maison,115.0,614550.0,5343.91,2024-05-30
Dijon,21231,21000,Appartement,78.0,144000.0,1846.15,2024-05-29
Dijon,21231,21000,Appartement,124.0,495000.0,3991.94,2024-05-28
Quetigny,21515,21800,Appartement,78.0,140000.0,1794.87,2024-05-27
Pasques,21478,21370,Maison,43.0,56120.0,1305.12,2024-05-27
Pasques,21478,21370,Maison,42.0,92920.0,2212.38,2024-05-27
Dijon,21231,21000,Appartement,33.0,91000.0,2757.58,2024-05-24
Voudenay,21715,21230,Maison,80.0,78000.0,975.0,2024-05-28
Bligny-lès-Beaune,21086,21200,Maison,133.0,255000.0,1917.29,2024-05-29
Bligny-lès-Beaune,21086,21200,Maison,133.0,255000.0,1917.29,2024-05-29
Beaune,21054,21200,Appartement,27.0,85000.0,3148.15,2024-05-31
Dijon,21231,21000,Maison,84.0,305250.0,3633.93,2024-05-15
Dijon,21231,21000,Appartement,100.0,309000.0,3090.0,2024-05-17
Fraignot-et-Vesvrotte,21283,21580,Maison,136.0,156000.0,1147.06,2024-05-22
Dijon,21231,21000,Appartement,62.0,171378.0,2764.16,2024-05-31
Marsannay-la-Côte,21390,21160,Maison,82.0,200000.0,2439.02,2024-06-05
Nuits-Saint-Georges,21464,21700,Appartement,74.0,154000.0,2081.08,2024-06-05
Beaune,21054,21200,Appartement,60.0,305000.0,5083.33,2024-05-24
Beaune,21054,21200,Appartement,50.0,305000.0,6100.0,2024-05-24
Beaune,21054,21200,Appartement,50.0,305000.0,6100.0,2024-05-24
Beaune,21054,21200,Appartement,40.0,305000.0,7625.0,2024-05-24
Dijon,21231,21000,Appartement,48.0,105000.0,2187.5,2024-05-29
Dijon,21231,21000,Appartement,104.0,362000.0,3480.77,2024-05-30
Dijon,21231,21000,Appartement,50.0,120000.0,2400.0,2024-05-30
Montigny-Mornay-Villeneuve-sur-Vingeanne,21433,21610,Maison,45.0,15000.0,333.33,2024-05-17
Is-sur-Tille,21317,21120,Maison,220.0,533000.0,2422.73,2024-06-04
Is-sur-Tille,21317,21120,Maison,220.0,533000.0,2422.73,2024-06-04
Montigny-Mornay-Villeneuve-sur-Vingeanne,21433,21610,Maison,80.0,15000.0,187.5,2024-05-17
Longvic,21355,21600,Maison,162.0,356600.0,2201.23,2024-05-22
Nuits-Saint-Georges,21464,21700,Appartement,60.0,90270.0,1504.5,2024-05-22
Dijon,21231,21000,Appartement,94.0,212134.0,2256.74,2024-05-29
Dijon,21231,21000,Appartement,37.0,30000.0,810.81,2024-05-31
Dijon,21231,21000,Appartement,56.0,123000.0,2196.43,2024-05-15
Dijon,21231,21000,Appartement,30.0,85700.0,2856.67,2024-05-16
Talant,21617,21240,Maison,106.0,262550.0,2476.89,2024-05-16
Chenôve,21166,21300,Maison,121.0,290000.0,2396.69,2024-05-16
Vic-des-Prés,21677,21360,Maison,30.0,51000.0,1700.0,2024-05-17
Vic-des-Prés,21677,21360,Maison,30.0,51000.0,1700.0,2024-05-17
Vic-des-Prés,21677,21360,Maison,60.0,51000.0,850.0,2024-05-17
Nolay,21461,21340,Maison,80.0,80100.0,1001.25,2024-05-30
Arnay-le-Duc,21023,21230,Maison,20.0,13500.0,675.0,2024-05-17
Beaune,21054,21200,Appartement,30.0,82140.0,2738.0,2024-05-17
Chaux,21162,21700,Maison,61.0,175800.0,2881.97,2024-05-17
Aubigny-la-Ronce,21032,21340,Maison,99.0,158000.0,1595.96,2024-05-30
Dijon,21231,21000,Appartement,51.0,129000.0,2529.41,2024-05-29
Chevigny-Saint-Sauveur,21171,21800,Appartement,68.0,69000.0,1014.71,2024-05-24
Dijon,21231,21000,Appartement,57.0,76400.0,1340.35,2024-05-27
Fontaine-lès-Dijon,21278,21121,Appartement,86.0,202300.0,2352.33,2024-05-30
Venarey-les-Laumes,21663,21150,Appartement,90.0,120000.0,1333.33,2024-05-31
Venarey-les-Laumes,21663,21150,Appartement,65.0,120000.0,1846.15,2024-05-31
Lacanche,21334,21230,Maison,112.0,187659.0,1675.53,2024-05-16
Lacanche,21334,21230,Maison,112.0,187659.0,1675.53,2024-05-16
Lacanche,21334,21230,Maison,112.0,187659.0,1675.53,2024-05-16
Lacanche,21334,21230,Maison,112.0,187659.0,1675.53,2024-05-16
Lacanche,21334,21230,Maison,112.0,187659.0,1675.53,2024-05-16
Gilly-lès-Cîteaux,21297,21640,Maison,169.0,450250.0,2664.2,2024-05-29
Gilly-lès-Cîteaux,21297,21640,Maison,169.0,450250.0,2664.2,2024-05-29
Varois-et-Chaignot,21657,21490,Maison,80.0,260000.0,3250.0,2024-05-15
Laignes,21336,21330,Maison,76.0,138000.0,1815.79,2024-05-03
Laignes,21336,21330,Maison,76.0,138000.0,1815.79,2024-05-03
Châtillon-sur-Seine,21154,21400,Appartement,79.0,67000.0,848.1,2024-05-03
Laignes,21336,21330,Maison,40.0,6500.0,162.5,2024-05-06
Châtillon-sur-Seine,21154,21400,Maison,86.0,153000.0,1779.07,2024-04-30
Dijon,21231,21000,Maison,130.0,512830.0,3944.85,2024-05-23
Dijon,21231,21000,Appartement,43.0,141210.0,3283.95,2024-05-27
Montagny-lès-Beaune,21423,21200,Maison,75.0,290000.0,3866.67,2024-05-15
Montagny-lès-Beaune,21423,21200,Maison,75.0,290000.0,3866.67,2024-05-15
Fontaine-lès-Dijon,21278,21121,Maison,83.0,329000.0,3963.86,2024-05-16
Dijon,21231,21000,Appartement,15.0,150000.0,10000.0,2024-05-16
Dijon,21231,21000,Appartement,15.0,150000.0,10000.0,2024-05-16
Dijon,21231,21000,Appartement,15.0,150000.0,10000.0,2024-05-16
Dijon,21231,21000,Appartement,13.0,110450.0,8496.15,2024-06-03
Dijon,21231,21000,Appartement,54.0,110450.0,2045.37,2024-06-03
Dijon,21231,21000,Appartement,24.0,110450.0,4602.08,2024-06-03
Corgoloin,21194,21700,Maison,97.0,164000.0,1690.72,2024-05-30
Nolay,21461,21340,Maison,70.0,155000.0,2214.29,2024-06-04
Nolay,21461,21340,Maison,70.0,155000.0,2214.29,2024-06-04
Dijon,21231,21000,Appartement,40.0,88000.0,2200.0,2024-05-31
Dijon,21231,21000,Appartement,58.0,294000.0,5068.97,2024-05-23
Dijon,21231,21000,Appartement,70.0,149000.0,2128.57,2024-05-14
Quetigny,21515,21800,Appartement,20.0,40000.0,2000.0,2024-05-30
Auxonne,21038,21130,Appartement,46.0,36000.0,782.61,2024-05-23
Saint-Victor-sur-Ouche,21578,21410,Maison,70.0,125000.0,1785.71,2024-05-14
Dijon,21231,21000,Maison,83.0,175000.0,2108.43,2024-05-27
Dijon,21231,21000,Maison,140.0,409000.0,2921.43,2024-05-27
Champdôtre,21138,21130,Maison,110.0,193400.0,1758.18,2024-06-03
Labruyère,21333,21250,Maison,78.0,123200.0,1579.49,2024-06-06
Dijon,21231,21000,Appartement,30.0,53000.0,1766.67,2024-05-30
Dijon,21231,21000,Appartement,42.0,60000.0,1428.57,2024-05-22
Dijon,21231,21000,Appartement,40.0,96000.0,2400.0,2024-06-04
Dijon,21231,21000,Appartement,66.0,110000.0,1666.67,2024-05-22
Gissey-sur-Ouche,21300,21410,Maison,70.0,170500.0,2435.71,2024-05-21
Quetigny,21515,21800,Maison,114.0,338500.0,2969.3,2024-06-07
Dijon,21231,21000,Appartement,52.0,110000.0,2115.38,2024-06-05
Dijon,21231,21000,Maison,46.0,175000.0,3804.35,2024-05-28
Bligny-lès-Beaune,21086,21200,Maison,248.0,695000.0,2802.42,2024-05-24
Bligny-lès-Beaune,21086,21200,Maison,248.0,695000.0,2802.42,2024-05-24
Auxonne,21038,21130,Appartement,39.0,50000.0,1282.05,2024-05-23
Barges,21048,21910,Maison,78.0,207400.0,2658.97,2024-05-30
Dijon,21231,21000,Appartement,91.0,219000.0,2406.59,2024-05-21
Dijon,21231,21000,Appartement,24.0,85000.0,3541.67,2024-06-04
Norges-la-Ville,21462,21490,Maison,75.0,239000.0,3186.67,2024-05-28
Dijon,21231,21000,Maison,65.0,200000.0,3076.92,2024-06-03
Pasques,21478,21370,Maison,160.0,280118.0,1750.74,2024-05-31
Barjon,21049,21580,Maison,156.0,247120.0,1584.1,2024-06-03
Athée,21028,21130,Maison,91.0,130700.0,1436.26,2024-05-22
Athée,21028,21130,Maison,91.0,130700.0,1436.26,2024-05-22
Dijon,21231,21000,Appartement,66.0,175000.0,2651.52,2024-05-17
Dijon,21231,21000,Appartement,68.0,131650.0,1936.03,2024-05-22
Dijon,21231,21000,Appartement,38.0,132190.0,3478.68,2024-05-22
Dijon,21231,21000,Appartement,93.0,205000.0,2204.3,2024-05-17
Dijon,21231,21000,Appartement,81.0,225000.0,2777.78,2024-06-03
Dijon,21231,21000,Appartement,76.0,211100.0,2777.63,2024-06-04
Perrigny-lès-Dijon,21481,21160,Appartement,61.0,204300.0,3349.18,2024-05-22
Touillon,21641,21500,Maison,82.0,80000.0,975.61,2024-05-28
Auxonne,21038,21130,Maison,83.0,185000.0,2228.92,2024-05-28
Chenôve,21166,21300,Appartement,22.0,15000.0,681.82,2024-05-28
Savigny-le-Sec,21591,21380,Maison,148.0,358000.0,2418.92,2024-05-24
Dijon,21231,21000,Appartement,48.0,130000.0,2708.33,2024-05-27
Vanvey,21655,21400,Maison,75.0,11260.0,150.13,2024-05-27
Dijon,21231,21000,Appartement,51.0,130000.0,2549.02,2024-05-27
Dijon,21231,21000,Appartement,64.0,146500.0,2289.06,2024-06-05
Dijon,21231,21000,Maison,170.0,425000.0,2500.0,2024-06-04
Couchey,21200,21160,Maison,90.0,264000.0,2933.33,2024-05-13
Châtillon-sur-Seine,21154,21400,Appartement,42.0,35000.0,833.33,2024-06-04
Pouilly-en-Auxois,21501,21320,Appartement,37.0,110000.0,2972.97,2024-05-27
Pouilly-en-Auxois,21501,21320,Appartement,47.0,110000.0,2340.43,2024-05-27
Auxonne,21038,21130,Maison,90.0,203000.0,2255.56,2024-05-29
Dijon,21231,21000,Appartement,100.0,190000.0,1900.0,2024-05-23
Beaune,21054,21200,Maison,94.0,265300.0,2822.34,2024-05-27
Saulieu,21584,21210,Maison,202.0,125500.0,621.29,2024-06-03
Beaune,21054,21200,Appartement,71.0,157750.0,2221.83,2024-05-22
Dijon,21231,21000,Appartement,55.0,95000.0,1727.27,2024-06-10
Dijon,21231,21000,Appartement,23.0,126001.0,5478.3,2024-06-04
Villers-les-Pots,21699,21130,Maison,140.0,100000.0,714.29,2024-06-06
Dijon,21231,21000,Appartement,82.0,218000.0,2658.54,2024-05-22
Dijon,21231,21000,Appartement,65.0,218000.0,3353.85,2024-05-31
Chevigny-Saint-Sauveur,21171,21800,Appartement,68.0,83900.0,1233.82,2024-06-04
Marsannay-la-Côte,21390,21160,Maison,82.0,195000.0,2378.05,2024-05-27
Dijon,21231,21000,Appartement,16.0,74000.0,4625.0,2024-05-31
Dijon,21231,21000,Appartement,16.0,74000.0,4625.0,2024-05-31
Beaune,21054,21200,Maison,64.0,128600.0,2009.38,2024-06-03
Nuits-Saint-Georges,21464,21700,Appartement,71.0,153000.0,2154.93,2024-05-29
Gomméville,21302,21400,Maison,68.0,38000.0,558.82,2024-06-05
Dijon,21231,21000,Appartement,59.0,176000.0,2983.05,2024-05-23
Dijon,21231,21000,Appartement,93.0,235400.0,2531.18,2024-06-04
Dijon,21231,21000,Appartement,22.0,126001.0,5727.32,2024-06-05
Marsannay-la-Côte,21390,21160,Maison,82.0,185000.0,2256.1,2024-06-05
Dijon,21231,21000,Appartement,53.0,97000.0,1830.19,2024-05-23
Dijon,21231,21000,Appartement,38.0,79500.0,2092.11,2024-06-05
Dijon,21231,21000,Appartement,53.0,162000.0,3056.6,2024-05-27
Dijon,21231,21000,Appartement,46.0,138514.0,3011.17,2024-05-31
Dijon,21231,21000,Appartement,30.0,89000.0,2966.67,2024-06-10
Flagey-lès-Auxonne,21268,21130,Maison,50.0,359000.0,7180.0,2024-06-04
Flagey-lès-Auxonne,21268,21130,Maison,50.0,359000.0,7180.0,2024-06-04
Chevigny-Saint-Sauveur,21171,21800,Appartement,42.0,86000.0,2047.62,2024-05-24
Dijon,21231,21000,Appartement,58.0,118000.0,2034.48,2024-06-05
Dijon,21231,21000,Appartement,68.0,80000.0,1176.47,2024-05-31
Fontaine-lès-Dijon,21278,21121,Maison,71.0,226150.0,3185.21,2024-05-30
Dijon,21231,21000,Appartement,91.0,173500.0,1906.59,2024-06-11
Pouilly-en-Auxois,21501,21320,Maison,100.0,98000.0,980.0,2024-06-11
Ménétreux-le-Pitois,21404,21150,Maison,170.0,466000.0,2741.18,2024-05-31
Ménétreux-le-Pitois,21404,21150,Maison,170.0,466000.0,2741.18,2024-05-31
Ménétreux-le-Pitois,21404,21150,Maison,170.0,466000.0,2741.18,2024-05-31
Dijon,21231,21000,Appartement,52.0,102000.0,1961.54,2024-05-29
Laignes,21336,21330,Maison,86.0,24000.0,279.07,2024-06-04
Dijon,21231,21000,Appartement,57.0,120000.0,2105.26,2024-06-10
Dijon,21231,21000,Appartement,40.0,99000.0,2475.0,2024-06-07
Clamerey,21177,21390,Maison,105.0,149500.0,1423.81,2024-05-27
Corgoloin,21194,21700,Maison,114.0,288023.84,2526.52,2024-05-30
Semur-en-Auxois,21603,21140,Maison,55.0,170000.0,3090.91,2024-05-30
Dijon,21231,21000,Appartement,20.0,64000.0,3200.0,2024-06-11
Couchey,21200,21160,Appartement,60.0,380000.0,6333.33,2024-05-30
Couchey,21200,21160,Appartement,44.0,380000.0,8636.36,2024-05-30
Couchey,21200,21160,Appartement,95.0,380000.0,4000.0,2024-05-30
Fontaine-lès-Dijon,21278,21121,Appartement,51.0,61750.0,1210.78,2024-06-03
Nuits-Saint-Georges,21464,21700,Maison,191.0,552000.0,2890.05,2024-06-05
Beaune,21054,21200,Appartement,42.0,130990.0,3118.81,2024-06-11
Premeaux-Prissey,21506,21700,Maison,67.0,168800.0,2519.4,2024-05-29
Chenôve,21166,21300,Appartement,106.0,264493.0,2495.22,2024-06-04
Dijon,21231,21000,Appartement,52.0,90000.0,1730.77,2024-05-30
Châtillon-sur-Seine,21154,21400,Maison,350.0,150000.0,428.57,2024-06-07
Bellefond,21059,21490,Maison,50.0,180000.0,3600.0,2024-05-07
Dijon,21231,21000,Appartement,50.0,182200.0,3644.0,2024-06-07
Saint-Julien,21555,21490,Appartement,163.0,170000.0,1042.94,2024-05-14
Beurizot,21069,21350,Maison,56.0,125000.0,2232.14,2024-05-24
Dijon,21231,21000,Appartement,75.0,159000.0,2120.0,2024-06-07
Vandenesse-en-Auxois,21652,21320,Maison,84.0,57750.0,687.5,2024-06-04
Magny-lès-Villers,21368,21700,Maison,151.0,260000.0,1721.85,2024-06-05
Magny-lès-Villers,21368,21700,Maison,151.0,260000.0,1721.85,2024-06-05
Dijon,21231,21000,Appartement,40.0,186000.0,4650.0,2024-06-07
Dijon,21231,21000,Appartement,49.0,186000.0,3795.92,2024-06-07
Reulle-Vergy,21523,21220,Maison,78.0,185000.0,2371.79,2024-06-06
Reulle-Vergy,21523,21220,Maison,92.0,185000.0,2010.87,2024-06-06
Nolay,21461,21340,Maison,80.0,38000.0,475.0,2024-05-29
Gevrolles,21296,21520,Maison,96.0,79990.0,833.23,2024-06-07
Fontaine-lès-Dijon,21278,21121,Appartement,75.0,255500.0,3406.67,2024-06-03
Dijon,21231,21000,Appartement,66.0,170000.0,2575.76,2024-06-07
Dijon,21231,21000,Appartement,93.0,200000.0,2150.54,2024-06-06
Dijon,21231,21000,Appartement,72.0,23500.0,326.39,2024-06-05
Chenôve,21166,21300,Maison,196.0,330000.0,1683.67,2024-05-31
Longvic,21355,21600,Appartement,38.0,72500.0,1907.89,2024-05-29
Dijon,21231,21000,Appartement,55.0,99000.0,1800.0,2024-05-31
Dijon,21231,21000,Appartement,72.0,162000.0,2250.0,2024-06-06
Quetigny,21515,21800,Appartement,60.0,128400.0,2140.0,2024-06-05
Dijon,21231,21000,Appartement,103.0,430500.0,4179.61,2024-05-31
Dijon,21231,21000,Appartement,83.0,819500.0,9873.49,2024-05-31
Daix,21223,21121,Maison,110.0,420000.0,3818.18,2024-06-13
Dijon,21231,21000,Appartement,25.0,65600.0,2624.0,2024-06-04
Remilly-en-Montagne,21520,21540,Maison,115.0,167500.0,1456.52,2024-06-07
Dijon,21231,21000,Maison,103.0,405000.0,3932.04,2024-05-24
Dijon,21231,21000,Appartement,23.0,65000.0,2826.09,2024-05-31
Châtillon-sur-Seine,21154,21400,Appartement,75.0,63572.0,847.63,2024-05-07
Dijon,21231,21000,Appartement,65.0,234060.0,3600.92,2024-05-31
Dijon,21231,21000,Appartement,42.0,91500.0,2178.57,2024-05-29
Saint-Jean-de-Losne,21554,21170,Appartement,49.0,160000.0,3265.31,2024-05-28
Saint-Jean-de-Losne,21554,21170,Appartement,49.0,160000.0,3265.31,2024-05-28
Saint-Jean-de-Losne,21554,21170,Appartement,94.0,160000.0,1702.13,2024-05-28
Arnay-sous-Vitteaux,21024,21350,Maison,68.0,51000.0,750.0,2024-05-27
Arnay-sous-Vitteaux,21024,21350,Maison,114.0,51000.0,447.37,2024-05-27
Dijon,21231,21000,Appartement,34.0,55000.0,1617.65,2024-05-30
Belleneuve,21060,21310,Maison,118.0,230000.0,1949.15,2024-06-07
Dijon,21231,21000,Maison,81.0,325000.0,4012.35,2024-06-03
Dijon,21231,21000,Appartement,63.0,166900.0,2649.21,2024-05-31
Savouges,21596,21910,Maison,104.0,165500.0,1591.35,2024-06-03
Fontaine-lès-Dijon,21278,21121,Appartement,64.0,155900.0,2435.94,2024-05-30
Chevigny-Saint-Sauveur,21171,21800,Appartement,100.0,204000.0,2040.0,2024-05-31
Dijon,21231,21000,Appartement,27.0,115000.0,4259.26,2024-05-31
Dijon,21231,21000,Appartement,26.0,72500.0,2788.46,2024-05-29
Dijon,21231,21000,Appartement,27.0,58000.0,2148.15,2024-06-03
Dijon,21231,21000,Appartement,45.0,148400.0,3297.78,2024-06-10
Auxonne,21038,21130,Appartement,115.0,42000.0,365.22,2024-05-24
Auxonne,21038,21130,Appartement,35.0,42000.0,1200.0,2024-05-24
Fontaine-lès-Dijon,21278,21121,Maison,112.0,386100.0,3447.32,2024-05-31
Aiserey,21005,21110,Maison,90.0,2150000.0,23888.89,2024-05-31
Dijon,21231,21000,Appartement,39.0,100000.0,2564.1,2024-05-15
Magnien,21363,21230,Maison,106.0,112000.0,1056.6,2024-06-03
Dijon,21231,21000,Maison,122.0,405000.0,3319.67,2024-06-06
Dijon,21231,21000,Appartement,34.0,90600.0,2664.71,2024-05-17
Dijon,21231,21000,Appartement,89.0,244940.0,2752.13,2024-06-03
Dijon,21231,21000,Appartement,105.0,281500.0,2680.95,2024-05-21
Dijon,21231,21000,Appartement,69.0,172200.0,2495.65,2024-05-22
Dijon,21231,21000,Appartement,65.0,217300.0,3343.08,2024-05-17
Dijon,21231,21000,Appartement,98.0,371000.0,3785.71,2024-05-27
Dijon,21231,21000,Appartement,34.0,70000.0,2058.82,2024-06-05
Dijon,21231,21000,Appartement,99.0,315000.0,3181.82,2024-06-03
Dijon,21231,21000,Appartement,59.0,191500.0,3245.76,2024-06-05
Dijon,21231,21000,Appartement,69.0,161000.0,2333.33,2024-06-03
Verdonnet,21664,21330,Maison,123.0,89200.0,725.2,2024-05-15
Mâlain,21373,21410,Maison,111.0,140000.0,1261.26,2024-05-24
Dijon,21231,21000,Appartement,63.0,119000.0,1888.89,2024-05-22
Dijon,21231,21000,Maison,79.0,387650.0,4906.96,2024-06-04
Marsannay-la-Côte,21390,21160,Maison,85.0,248000.0,2917.65,2024-05-27
Dijon,21231,21000,Appartement,43.0,123000.0,2860.47,2024-06-04
Dijon,21231,21000,Appartement,26.0,61000.0,2346.15,2024-05-24
Auxonne,21038,21130,Appartement,63.0,86500.0,1373.02,2024-05-31
Dijon,21231,21000,Appartement,64.0,154600.0,2415.62,2024-06-10
Dijon,21231,21000,Appartement,80.0,196000.0,2450.0,2024-05-31
Soissons-sur-Nacey,21610,21270,Maison,83.0,198200.0,2387.95,2024-06-03
Longecourt-en-Plaine,21353,21110,Maison,137.0,292900.0,2137.96,2024-06-13
Dijon,21231,21000,Appartement,42.0,31800.0,757.14,2024-05-22
Dijon,21231,21000,Appartement,27.0,79000.0,2925.93,2024-05-29
Bousselange,21095,21250,Maison,91.0,99150.0,1089.56,2024-06-14
Beaune,21054,21200,Maison,103.0,275000.0,2669.9,2024-06-04
Chevigny-Saint-Sauveur,21171,21800,Appartement,38.0,114000.0,3000.0,2024-06-12
Arceau,21016,21310,Maison,108.0,213806.0,1979.69,2024-05-29
Tart-le-Bas,21622,21110,Maison,66.0,92350.0,1399.24,2024-05-29
Talant,21617,21240,Appartement,66.0,296500.0,4492.42,2024-05-21
Dijon,21231,21000,Appartement,35.0,50000.0,1428.57,2024-06-11
Beaune,21054,21200,Maison,60.0,124000.0,2066.67,2024-06-14
Nolay,21461,21340,Maison,84.0,80000.0,952.38,2024-06-07
Saint-Didier,21546,21210,Maison,54.0,188000.0,3481.48,2024-05-31
Chevigny-Saint-Sauveur,21171,21800,Appartement,65.0,134000.0,2061.54,2024-05-27
Dijon,21231,21000,Appartement,57.0,122550.0,2150.0,2024-06-13
Dijon,21231,21000,Appartement,40.0,148000.0,3700.0,2024-06-11
Dijon,21231,21000,Appartement,67.0,115000.0,1716.42,2024-05-29
Dijon,21231,21000,Appartement,41.0,143500.0,3500.0,2024-06-07
Beaune,21054,21200,Maison,118.0,95700.0,811.02,2024-06-07
Dijon,21231,21000,Appartement,51.0,95000.0,1862.75,2024-05-31
Beaune,21054,21200,Appartement,37.0,60000.0,1621.62,2024-06-07
Dijon,21231,21000,Appartement,55.0,122000.0,2218.18,2024-06-10
Épagny,21245,21380,Maison,151.0,583570.0,3864.7,2024-06-17
Dijon,21231,21000,Maison,82.0,268000.0,3268.29,2024-06-07
Dijon,21231,21000,Appartement,53.0,128350.0,2421.7,2024-06-18
Quetigny,21515,21800,Maison,87.0,95000.0,1091.95,2024-06-07
Quetigny,21515,21800,Maison,25.0,95000.0,3800.0,2024-06-07
Dijon,21231,21000,Appartement,46.0,125000.0,2717.39,2024-06-13
Dijon,21231,21000,Appartement,42.0,106550.0,2536.9,2024-05-29
Dijon,21231,21000,Appartement,64.0,48000.0,750.0,2024-06-11
Chevigny-Saint-Sauveur,21171,21800,Appartement,60.0,165000.0,2750.0,2024-06-07
Chenôve,21166,21300,Maison,90.0,322000.0,3577.78,2024-06-03
Longvic,21355,21600,Appartement,63.0,215000.0,3412.7,2024-06-11
Dijon,21231,21000,Appartement,52.0,162600.0,3126.92,2024-06-11
Dijon,21231,21000,Appartement,69.0,174000.0,2521.74,2024-06-06
Dijon,21231,21000,Appartement,92.0,261000.0,2836.96,2024-06-07
Chevigny-Saint-Sauveur,21171,21800,Maison,91.0,330000.0,3626.37,2024-06-10
Étalante,21253,21510,Maison,130.0,110000.0,846.15,2024-05-31
Leuglay,21346,21290,Maison,220.0,814000.0,3700.0,2024-06-04
Leuglay,21346,21290,Maison,51.0,814000.0,15960.78,2024-06-04
Dijon,21231,21000,Appartement,66.0,171600.0,2600.0,2024-05-31
Talant,21617,21240,Appartement,70.0,220000.0,3142.86,2024-06-11
Dijon,21231,21000,Appartement,68.0,320000.0,4705.88,2024-06-10
Perrigny-lès-Dijon,21481,21160,Maison,98.0,268700.0,2741.84,2024-06-10
Seurre,21607,21250,Maison,87.0,159000.0,1827.59,2024-06-18
Dijon,21231,21000,Appartement,37.0,81000.0,2189.19,2024-06-10
Athée,21028,21130,Maison,84.0,195000.0,2321.43,2024-06-05
Montbard,21425,21500,Appartement,31.0,43000.0,1387.1,2024-05-31
Genlis,21292,21110,Appartement,57.0,105645.0,1853.42,2024-06-06
Fontaine-lès-Dijon,21278,21121,Appartement,108.0,265000.0,2453.7,2024-06-11
Dijon,21231,21000,Appartement,26.0,72000.0,2769.23,2024-06-11
Beaune,21054,21200,Maison,72.0,229500.0,3187.5,2024-06-05
Dijon,21231,21000,Appartement,125.0,292000.0,2336.0,2024-06-12
Dijon,21231,21000,Appartement,55.0,165350.0,3006.36,2024-06-05
Lamarche-sur-Saône,21337,21760,Appartement,64.0,93500.0,1460.94,2024-06-12
Fontaine-lès-Dijon,21278,21121,Maison,80.0,218095.0,2726.19,2024-06-12
Longecourt-en-Plaine,21353,21110,Maison,48.0,118050.0,2459.38,2024-06-07
Dijon,21231,21000,Appartement,73.0,260700.0,3571.23,2024-06-11
Dijon,21231,21000,Appartement,115.0,330000.0,2869.57,2024-06-13
Dijon,21231,21000,Appartement,52.0,200000.0,3846.15,2024-06-04
Bellenot-sous-Pouilly,21062,21320,Maison,150.0,195000.0,1300.0,2024-06-04
Dijon,21231,21000,Appartement,55.0,124500.0,2263.64,2024-05-27
Varois-et-Chaignot,21657,21490,Maison,102.0,342000.0,3352.94,2024-05-27
Beaune,21054,21200,Appartement,40.0,172000.0,4300.0,2024-06-11
Beaune,21054,21200,Appartement,60.0,172000.0,2866.67,2024-06-11
Quincey,21517,21700,Appartement,73.0,158300.0,2168.49,2024-06-07
Thorey-sur-Ouche,21634,21360,Maison,142.0,230000.0,1619.72,2024-06-19
Dijon,21231,21000,Appartement,56.0,103000.0,1839.29,2024-05-29
Dijon,21231,21000,Appartement,45.0,134000.0,2977.78,2024-06-17
Dijon,21231,21000,Appartement,19.0,45500.0,2394.74,2024-05-27
Selongey,21599,21260,Maison,100.0,309400.0,3094.0,2024-06-14
Dijon,21231,21000,Appartement,44.0,140000.0,3181.82,2024-06-06
Dijon,21231,21000,Appartement,52.0,187000.0,3596.15,2024-06-07
Bligny-lès-Beaune,21086,21200,Appartement,63.0,291400.0,4625.4,2024-05-28
Bligny-lès-Beaune,21086,21200,Appartement,63.0,291400.0,4625.4,2024-05-28
Bligny-lès-Beaune,21086,21200,Appartement,84.0,291400.0,3469.05,2024-05-28
Bligny-lès-Beaune,21086,21200,Appartement,84.0,291400.0,3469.05,2024-05-28
Beaune,21054,21200,Maison,69.0,192000.0,2782.61,2024-05-15
Villy-le-Moutier,21708,21250,Maison,140.0,340000.0,2428.57,2024-05-29
Santenay,21582,21590,Maison,107.0,145000.0,1355.14,2024-05-27
Sainte-Marie-la-Blanche,21558,21200,Maison,64.0,165000.0,2578.12,2024-06-11
Dijon,21231,21000,Appartement,54.0,158500.0,2935.19,2024-06-17
Saint-Jean-de-Losne,21554,21170,Appartement,63.0,45000.0,714.29,2024-06-12
Corgoloin,21194,21700,Maison,86.0,139900.0,1626.74,2024-06-07
Dijon,21231,21000,Appartement,65.0,229000.0,3523.08,2024-06-04
Vic-sous-Thil,21678,21390,Maison,86.0,115000.0,1337.21,2024-06-13
Santenay,21582,21590,Maison,103.0,268550.0,2607.28,2024-06-11
Beaune,21054,21200,Appartement,41.0,111000.0,2707.32,2024-06-10
Longvic,21355,21600,Appartement,58.0,86000.0,1482.76,2024-06-13
Dijon,21231,21000,Appartement,53.0,173500.0,3273.58,2024-06-17
Dijon,21231,21000,Maison,54.0,308900.0,5720.37,2024-05-30
Les Maillys,21371,21130,Maison,154.0,227500.0,1477.27,2024-06-14
Dijon,21231,21000,Appartement,35.0,86000.0,2457.14,2024-06-17
Esbarres,21249,21170,Appartement,58.0,115000.0,1982.76,2024-06-17
Esbarres,21249,21170,Appartement,67.0,115000.0,1716.42,2024-06-17
Marsannay-la-Côte,21390,21160,Maison,67.0,140000.0,2089.55,2024-06-06
Dijon,21231,21000,Appartement,62.0,149000.0,2403.23,2024-06-13
Dijon,21231,21000,Appartement,66.0,209000.0,3166.67,2024-06-12
Dijon,21231,21000,Appartement,56.0,123000.0,2196.43,2024-06-14
Dijon,21231,21000,Appartement,41.0,88000.0,2146.34,2024-06-17
Auxonne,21038,21130,Maison,101.0,140000.0,1386.14,2024-06-12
Dijon,21231,21000,Appartement,38.0,59800.0,1573.68,2024-06-17
Dijon,21231,21000,Appartement,53.0,127000.0,2396.23,2024-06-17
Dijon,21231,21000,Appartement,67.0,181200.0,2704.48,2024-06-17
Beire-le-Châtel,21056,21310,Appartement,148.0,245050.0,1655.74,2024-06-14
Plombières-lès-Dijon,21485,21370,Maison,99.0,257850.0,2604.55,2024-06-13
Marcheseuil,21379,21430,Maison,40.0,43000.0,1075.0,2024-06-06
Marcheseuil,21379,21430,Maison,36.0,43000.0,1194.44,2024-06-06
Talant,21617,21240,Appartement,23.0,63000.0,2739.13,2024-06-06
Beaune,21054,21200,Maison,120.0,70000.0,583.33,2024-06-18
Dijon,21231,21000,Appartement,48.0,80000.0,1666.67,2024-06-12
Dijon,21231,21000,Appartement,76.0,212983.0,2802.41,2024-06-17
Dijon,21231,21000,Appartement,65.0,180000.0,2769.23,2024-06-04
Esbarres,21249,21170,Maison,135.0,247950.0,1836.67,2024-06-14
Esbarres,21249,21170,Maison,135.0,247950.0,1836.67,2024-06-14
Esbarres,21249,21170,Maison,135.0,247950.0,1836.67,2024-06-14
Pouilly-en-Auxois,21501,21320,Maison,103.0,123500.0,1199.03,2024-06-06
Talant,21617,21240,Appartement,139.0,650000.0,4676.26,2024-06-07
Plombières-lès-Dijon,21485,21370,Maison,65.0,132000.0,2030.77,2024-06-10
Arcenant,21017,21700,Maison,65.0,32500.0,500.0,2024-06-05
Dijon,21231,21000,Appartement,83.0,169000.0,2036.14,2024-05-30
Dijon,21231,21000,Appartement,83.0,308000.0,3710.84,2024-06-05
Dijon,21231,21000,Appartement,64.0,121920.0,1905.0,2024-05-28
Dijon,21231,21000,Appartement,49.0,59000.0,1204.08,2024-06-18
Dijon,21231,21000,Appartement,31.0,70000.0,2258.06,2024-06-06
Talant,21617,21240,Maison,213.0,575000.0,2699.53,2024-06-13
Sombernon,21611,21540,Maison,140.0,292000.0,2085.71,2024-06-19
Talant,21617,21240,Appartement,113.0,226000.0,2000.0,2024-05-27
Marsannay-la-Côte,21390,21160,Maison,78.0,199000.0,2551.28,2024-05-28
Pouilly-en-Auxois,21501,21320,Maison,80.0,199250.0,2490.62,2024-06-20
Dijon,21231,21000,Appartement,63.0,197000.0,3126.98,2024-05-31
Châtillon-sur-Seine,21154,21400,Maison,122.0,41130.0,337.13,2024-05-22
Arnay-le-Duc,21023,21230,Appartement,90.0,135000.0,1500.0,2024-06-17
Arnay-le-Duc,21023,21230,Appartement,59.0,135000.0,2288.14,2024-06-17
Arnay-le-Duc,21023,21230,Appartement,84.0,135000.0,1607.14,2024-06-17
Chevigny-Saint-Sauveur,21171,21800,Appartement,60.0,192000.0,3200.0,2024-06-07
Dijon,21231,21000,Appartement,72.0,241000.0,3347.22,2024-05-29
Sombernon,21611,21540,Maison,159.0,152000.0,955.97,2024-06-21
Dijon,21231,21000,Appartement,20.0,49000.0,2450.0,2024-06-11
Orain,21468,21610,Maison,140.0,89000.0,635.71,2024-06-10
Dijon,21231,21000,Appartement,75.0,110000.0,1466.67,2024-05-29
Dijon,21231,21000,Appartement,41.0,110000.0,2682.93,2024-05-29
Dijon,21231,21000,Appartement,23.0,62000.0,2695.65,2024-06-07
Saint-Apollinaire,21540,21850,Appartement,48.0,120000.0,2500.0,2024-06-13
Dijon,21231,21000,Maison,88.0,334770.0,3804.2,2024-06-07
Dijon,21231,21000,Appartement,51.0,171325.0,3359.31,2024-06-12
Minot,21415,21510,Maison,108.0,84000.0,777.78,2024-05-28
Dijon,21231,21000,Maison,75.0,349150.0,4655.33,2024-06-03
Volnay,21712,21190,Maison,90.0,370000.0,4111.11,2024-06-04
Dijon,21231,21000,Maison,54.0,195000.0,3611.11,2024-05-31
Chamesson,21134,21400,Maison,84.0,100000.0,1190.48,2024-06-17
Dijon,21231,21000,Maison,200.0,915624.0,4578.12,2024-05-30
Is-sur-Tille,21317,21120,Appartement,17.0,180000.0,10588.24,2024-05-30
Is-sur-Tille,21317,21120,Appartement,20.0,180000.0,9000.0,2024-05-30
Is-sur-Tille,21317,21120,Appartement,25.0,180000.0,7200.0,2024-05-30
Dijon,21231,21000,Maison,82.0,300000.0,3658.54,2024-06-03
Dijon,21231,21000,Maison,82.0,300000.0,3658.54,2024-06-03
Dijon,21231,21000,Appartement,64.0,146500.0,2289.06,2024-05-29
Dijon,21231,21000,Appartement,35.0,133000.0,3800.0,2024-05-29
Crécey-sur-Tille,21211,21120,Maison,160.0,269500.0,1684.38,2024-06-18
Is-sur-Tille,21317,21120,Maison,101.0,367450.0,3638.12,2024-06-20
Montigny-sur-Aube,21432,21520,Maison,130.0,30000.0,230.77,2024-05-21
Fontaine-lès-Dijon,21278,21121,Appartement,48.0,136500.0,2843.75,2024-06-21
Saulieu,21584,21210,Maison,53.0,95000.0,1792.45,2024-06-07
Châtillon-sur-Seine,21154,21400,Maison,100.0,114000.0,1140.0,2024-05-24
Thoires,21628,21570,Maison,80.0,170050.0,2125.62,2024-05-16
Dijon,21231,21000,Appartement,53.0,105800.0,1996.23,2024-06-03
Binges,21076,21270,Maison,90.0,190000.0,2111.11,2024-06-20
Chevigny-Saint-Sauveur,21171,21800,Appartement,43.0,128000.0,2976.74,2024-06-12
Dijon,21231,21000,Appartement,46.0,86000.0,1869.57,2024-06-19
Dijon,21231,21000,Appartement,28.0,112500.0,4017.86,2024-06-19
Bouix,21093,21330,Maison,40.0,8000.0,200.0,2024-05-27
Laignes,21336,21330,Maison,210.0,41000.0,195.24,2024-05-27
Dijon,21231,21000,Appartement,82.0,195000.0,2378.05,2024-06-17
Dijon,21231,21000,Appartement,47.0,90000.0,1914.89,2024-06-11
Châtillon-sur-Seine,21154,21400,Maison,300.0,570000.0,1900.0,2024-05-29
Saint-Apollinaire,21540,21850,Appartement,48.0,141200.0,2941.67,2024-06-18
Dijon,21231,21000,Appartement,28.0,90000.0,3214.29,2024-06-05
Dijon,21231,21000,Appartement,75.0,180000.0,2400.0,2024-06-18
Chevigny-Saint-Sauveur,21171,21800,Maison,92.0,238000.0,2586.96,2024-06-12
Autricourt,21034,21570,Maison,297.0,180000.0,606.06,2024-05-27
Autricourt,21034,21570,Maison,150.0,180000.0,1200.0,2024-05-27
Autricourt,21034,21570,Maison,55.0,180000.0,3272.73,2024-05-27
Autricourt,21034,21570,Maison,297.0,180000.0,606.06,2024-05-27
Autricourt,21034,21570,Maison,150.0,180000.0,1200.0,2024-05-27
Autricourt,21034,21570,Maison,55.0,180000.0,3272.73,2024-05-27
Autricourt,21034,21570,Maison,297.0,180000.0,606.06,2024-05-27
Autricourt,21034,21570,Maison,55.0,180000.0,3272.73,2024-05-27
Autricourt,21034,21570,Maison,150.0,180000.0,1200.0,2024-05-27
Beaune,21054,21200,Appartement,87.0,163000.0,1873.56,2024-06-14
Remilly-sur-Tille,21521,21560,Maison,158.0,435100.0,2753.8,2024-06-14
Chevigny-Saint-Sauveur,21171,21800,Maison,109.0,340800.0,3126.61,2024-06-14
Quetigny,21515,21800,Appartement,47.0,70000.0,1489.36,2024-06-10
Vitteaux,21710,21350,Maison,73.0,15000.0,205.48,2024-06-11
Saint-Aubin,21541,21190,Maison,46.0,80000.0,1739.13,2024-06-14
Pothières,21499,21400,Maison,114.0,15000.0,131.58,2024-05-30
Dijon,21231,21000,Maison,70.0,230000.0,3285.71,2024-06-13
Lacanche,21334,21230,Maison,66.0,60000.0,909.09,2024-06-10
Longvic,21355,21600,Maison,96.0,320000.0,3333.33,2024-06-10
Baubigny,21050,21340,Maison,90.0,132930.0,1477.0,2024-06-11
Vougeot,21716,21640,Maison,170.0,505346.25,2972.62,2024-06-10
Montlay-en-Auxois,21434,21210,Maison,76.0,65000.0,855.26,2024-05-28
Longeault-Pluvault,21352,21110,Maison,72.0,177500.0,2465.28,2024-06-17
Longvic,21355,21600,Maison,129.0,338400.0,2623.26,2024-06-18
Dijon,21231,21000,Appartement,42.0,106500.0,2535.71,2024-06-17
Dijon,21231,21000,Appartement,28.0,87100.0,3110.71,2024-06-19
Dijon,21231,21000,Appartement,28.0,87100.0,3110.71,2024-06-19
Chorey-les-Beaune,21173,21200,Maison,65.0,518900.0,7983.08,2024-06-24
Dijon,21231,21000,Maison,76.0,170000.0,2236.84,2024-06-04
Dijon,21231,21000,Appartement,75.0,50000.0,666.67,2024-05-30
Varois-et-Chaignot,21657,21490,Maison,171.0,423000.0,2473.68,2024-06-24
Dijon,21231,21000,Appartement,70.0,220000.0,3142.86,2024-06-06
Auxonne,21038,21130,Appartement,39.0,50000.0,1282.05,2024-06-17
Auxonne,21038,21130,Appartement,31.0,50000.0,1612.9,2024-06-17
Saint-Apollinaire,21540,21850,Appartement,111.0,228500.0,2058.56,2024-06-07
Dijon,21231,21000,Appartement,42.0,143000.0,3404.76,2024-06-04
Dijon,21231,21000,Appartement,53.0,140800.0,2656.6,2024-06-20
Thorey-en-Plaine,21632,21110,Maison,132.0,328500.0,2488.64,2024-06-18
Dijon,21231,21000,Appartement,52.0,143000.0,2750.0,2024-06-13
Baubigny,21050,21340,Maison,60.0,25000.0,416.67,2024-06-18
Beaune,21054,21200,Appartement,101.0,235000.0,2326.73,2024-06-07
Merceuil,21405,21190,Maison,130.0,356719.0,2743.99,2024-06-06
Dijon,21231,21000,Appartement,69.0,107000.0,1550.72,2024-06-20
Dijon,21231,21000,Maison,93.0,268000.0,2881.72,2024-06-24
Pommard,21492,21630,Maison,97.0,197000.0,2030.93,2024-06-14
Gevrey-Chambertin,21295,21220,Appartement,53.0,104500.0,1971.7,2024-06-14
Beaune,21054,21200,Appartement,68.0,163150.0,2399.26,2024-05-27
Fontaine-lès-Dijon,21278,21121,Maison,86.0,278000.0,3232.56,2024-06-14
Beire-le-Châtel,21056,21310,Maison,89.0,255000.0,2865.17,2024-06-20
Selongey,21599,21260,Maison,109.0,160000.0,1467.89,2024-06-14
Poncey-lès-Athée,21493,21130,Maison,92.0,174400.0,1895.65,2024-06-24
Chassagne-Montrachet,21150,21190,Maison,85.0,110000.0,1294.12,2024-06-21
Dijon,21231,21000,Appartement,90.0,340000.0,3777.78,2024-06-19
Brianny,21108,21390,Maison,73.0,75000.0,1027.4,2024-05-29
Norges-la-Ville,21462,21490,Maison,200.0,650000.0,3250.0,2024-06-13
Quetigny,21515,21800,Appartement,46.0,102500.0,2228.26,2024-06-18
Dijon,21231,21000,Appartement,45.0,128000.0,2844.44,2024-06-19
Dijon,21231,21000,Appartement,51.0,128400.0,2517.65,2024-06-14
Fontaine-lès-Dijon,21278,21121,Appartement,20.0,66000.0,3300.0,2024-06-17
Dijon,21231,21000,Appartement,117.0,200000.0,1709.4,2024-06-19
Auxonne,21038,21130,Appartement,139.0,102000.0,733.81,2024-06-21
Poiseul-lès-Saulx,21491,21120,Maison,49.0,52250.0,1066.33,2024-06-12
Puligny-Montrachet,21512,21190,Maison,55.0,110000.0,2000.0,2024-06-21
Dijon,21231,21000,Appartement,67.0,15000.0,223.88,2024-06-19
Lamargelle,21338,21440,Maison,170.0,48500.0,285.29,2024-06-17
Beaune,21054,21200,Appartement,65.0,165100.0,2540.0,2024-06-18
Fontaine-lès-Dijon,21278,21121,Maison,82.0,353000.0,4304.88,2024-06-17
Dijon,21231,21000,Appartement,48.0,117000.0,2437.5,2024-06-24
Dijon,21231,21000,Appartement,22.0,122001.0,5545.5,2024-06-19
Dijon,21231,21000,Appartement,84.0,153000.0,1821.43,2024-06-25
Cussy-la-Colonne,21221,21360,Maison,69.0,85000.0,1231.88,2024-06-11
Dijon,21231,21000,Appartement,90.0,299000.0,3322.22,2024-06-17
Villy-le-Moutier,21708,21250,Maison,110.0,218000.0,1981.82,2024-06-17
Dijon,21231,21000,Appartement,94.0,146000.0,1553.19,2024-06-18
Dijon,21231,21000,Appartement,60.0,212200.0,3536.67,2024-06-19
Dijon,21231,21000,Appartement,37.0,180000.0,4864.86,2024-06-12
Plombières-lès-Dijon,21485,21370,Maison,76.0,249000.0,3276.32,2024-06-17
Fontaine-lès-Dijon,21278,21121,Appartement,64.0,109800.0,1715.62,2024-06-17
Dijon,21231,21000,Appartement,30.0,87000.0,2900.0,2024-06-17
Nolay,21461,21340,Appartement,40.0,79300.0,1982.5,2024-05-31
Nolay,21461,21340,Appartement,114.0,79300.0,695.61,2024-05-31
Volnay,21712,21190,Maison,120.0,138600.0,1155.0,2024-06-18
Sacquenay,21536,21260,Maison,82.0,55000.0,670.73,2024-06-17
Pouillenay,21500,21150,Maison,97.0,207500.0,2139.18,2024-06-10
Dijon,21231,21000,Appartement,47.0,173900.0,3700.0,2024-06-25
Levernois,21347,21200,Appartement,31.0,56100.0,1809.68,2024-06-20
Beaune,21054,21200,Appartement,84.0,197700.0,2353.57,2024-06-21
Fontaine-lès-Dijon,21278,21121,Appartement,52.0,130000.0,2500.0,2024-06-10
Millery,21413,21140,Maison,129.0,190000.0,1472.87,2024-06-15
Magny-Montarlot,21367,21130,Maison,80.0,85084.85,1063.56,2024-06-17
Dijon,21231,21000,Appartement,39.0,96500.0,2474.36,2024-06-07
Dijon,21231,21000,Maison,74.0,163200.0,2205.41,2024-06-20
Beaune,21054,21200,Maison,138.0,190000.0,1376.81,2024-06-25
Broin,21112,21250,Maison,112.0,207000.0,1848.21,2024-06-07
Beaune,21054,21200,Appartement,105.0,315840.0,3008.0,2024-05-31
Blaisy-Bas,21080,21540,Maison,110.0,240000.0,2181.82,2024-06-26
Villaines-en-Duesmois,21685,21450,Appartement,29.0,15000.0,517.24,2024-06-07
Villaines-en-Duesmois,21685,21450,Appartement,39.0,15000.0,384.62,2024-06-07
Fontangy,21280,21390,Maison,68.0,40000.0,588.24,2024-06-20
Dijon,21231,21000,Appartement,88.0,231500.0,2630.68,2024-06-20
Montoillot,21439,21540,Maison,96.0,162460.0,1692.29,2024-06-20
Montoillot,21439,21540,Maison,96.0,162460.0,1692.29,2024-06-20
Dijon,21231,21000,Appartement,42.0,124000.0,2952.38,2024-06-17
Poncey-lès-Athée,21493,21130,Maison,56.0,95000.0,1696.43,2024-06-21
Dijon,21231,21000,Appartement,44.0,153500.0,3488.64,2024-06-10
Dijon,21231,21000,Appartement,25.0,67000.0,2680.0,2024-06-18
Drambon,21233,21270,Maison,75.0,179000.0,2386.67,2024-06-19
Dijon,21231,21000,Appartement,76.0,170000.0,2236.84,2024-06-12
Sennecey-lès-Dijon,21605,21800,Maison,78.0,210000.0,2692.31,2024-06-11
Magny-lès-Aubigny,21366,21170,Maison,75.0,130000.0,1733.33,2024-05-31
Magny-lès-Aubigny,21366,21170,Maison,48.0,130000.0,2708.33,2024-05-31
Selongey,21599,21260,Maison,110.0,153500.0,1395.45,2024-06-18
Selongey,21599,21260,Maison,110.0,153500.0,1395.45,2024-06-18
Nuits-Saint-Georges,21464,21700,Appartement,40.0,375582.0,9389.55,2024-06-19
Nuits-Saint-Georges,21464,21700,Maison,85.0,375582.0,4418.61,2024-06-19
Nuits-Saint-Georges,21464,21700,Appartement,70.0,375582.0,5365.46,2024-06-19
Mirebeau-sur-Bèze,21416,21310,Maison,60.0,130350.0,2172.5,2024-06-19
Dijon,21231,21000,Appartement,46.0,139000.0,3021.74,2024-06-07
Lacour-d'Arcenay,21335,21210,Maison,79.0,120000.0,1518.99,2024-06-12
Lacour-d'Arcenay,21335,21210,Maison,79.0,120000.0,1518.99,2024-06-12
Marcilly-sur-Tille,21383,21120,Appartement,64.0,176000.0,2750.0,2024-01-19
Drambon,21233,21270,Maison,70.0,6000.0,85.71,2024-06-06
Dijon,21231,21000,Appartement,32.0,68000.0,2125.0,2024-06-05
Bligny-lès-Beaune,21086,21200,Maison,63.0,188500.0,2992.06,2024-06-19
Nuits-Saint-Georges,21464,21700,Maison,94.0,79900.0,850.0,2024-06-07
Dijon,21231,21000,Appartement,52.0,102000.0,1961.54,2024-06-21
Villy-le-Moutier,21708,21250,Maison,127.0,228500.0,1799.21,2024-06-17
Avosnes,21040,21350,Maison,128.0,100000.0,781.25,2024-06-19
Marigny-le-Cahouët,21386,21150,Maison,80.0,52000.0,650.0,2024-06-11
Prenois,21508,21370,Maison,73.0,240000.0,3287.67,2024-06-10
Dijon,21231,21000,Maison,67.0,180000.0,2686.57,2024-06-10
Dijon,21231,21000,Appartement,41.0,103000.0,2512.2,2024-06-14
Chevigny-Saint-Sauveur,21171,21800,Appartement,20.0,47000.0,2350.0,2024-06-07
Seurre,21607,21250,Maison,50.0,300000.0,6000.0,2024-05-22
Dijon,21231,21000,Appartement,42.0,127575.0,3037.5,2024-06-10
Longchamp,21351,21110,Maison,153.0,263000.0,1718.95,2024-06-25
Til-Châtel,21638,21120,Maison,162.0,269500.0,1663.58,2024-06-21
Dijon,21231,21000,Appartement,17.0,64500.0,3794.12,2024-06-26
Dijon,21231,21000,Appartement,105.0,230000.0,2190.48,2024-06-11
Saulieu,21584,21210,Maison,90.0,160000.0,1777.78,2024-06-28
Saulieu,21584,21210,Maison,90.0,160000.0,1777.78,2024-06-28
Saint-Seine-l'Abbaye,21573,21440,Maison,90.0,275950.0,3066.11,2024-06-26
Dijon,21231,21000,Appartement,19.0,59000.0,3105.26,2024-06-06
Dijon,21231,21000,Appartement,53.0,142000.0,2679.25,2024-06-28
Semur-en-Auxois,21603,21140,Maison,124.0,195000.0,1572.58,2024-06-04
Semur-en-Auxois,21603,21140,Maison,124.0,195000.0,1572.58,2024-06-04
Marsannay-la-Côte,21390,21160,Maison,82.0,242000.0,2951.22,2024-06-19
Quetigny,21515,21800,Maison,83.0,232000.0,2795.18,2024-06-28
Beaune,21054,21200,Maison,129.0,237500.0,1841.09,2024-06-18
Dijon,21231,21000,Appartement,51.0,104150.0,2042.16,2024-06-21
Nuits-Saint-Georges,21464,21700,Appartement,76.0,100000.0,1315.79,2024-06-19
Dijon,21231,21000,Appartement,40.0,198500.0,4962.5,2024-06-21
Santenay,21582,21590,Maison,88.0,140000.0,1590.91,2024-06-21
Quetigny,21515,21800,Appartement,60.0,144400.0,2406.67,2024-06-21
Dijon,21231,21000,Appartement,52.0,95000.0,1826.92,2024-06-07
Dijon,21231,21000,Appartement,33.0,83000.0,2515.15,2024-06-24
Dijon,21231,21000,Appartement,74.0,170000.0,2297.3,2024-06-21
Dijon,21231,21000,Appartement,84.0,160000.0,1904.76,2024-06-11
Dijon,21231,21000,Appartement,73.0,197000.0,2698.63,2024-06-26
Dijon,21231,21000,Maison,70.0,283000.0,4042.86,2024-06-21
Dijon,21231,21000,Appartement,57.0,243750.0,4276.32,2024-06-21
Dijon,21231,21000,Appartement,20.0,124001.0,6200.05,2024-06-21
Labergement-lès-Seurre,21332,21820,Maison,112.0,148000.0,1321.43,2024-06-28
Dijon,21231,21000,Appartement,53.0,107000.0,2018.87,2024-06-03
Fontaine-Française,21277,21610,Maison,56.0,97500.0,1741.07,2024-06-21
Nolay,21461,21340,Maison,60.0,27500.0,458.33,2024-06-28
Dijon,21231,21000,Appartement,48.0,121000.0,2520.83,2024-06-25
Dijon,21231,21000,Maison,82.0,227200.0,2770.73,2024-06-24
Chevigny-Saint-Sauveur,21171,21800,Maison,89.0,252000.0,2831.46,2024-07-01
Censerey,21124,21430,Maison,70.0,100000.0,1428.57,2024-06-19
Marsannay-la-Côte,21390,21160,Maison,82.0,213000.0,2597.56,2024-06-19
Vernot,21666,21120,Maison,135.0,260000.0,1925.93,2024-06-24
Vernot,21666,21120,Maison,135.0,260000.0,1925.93,2024-06-24
Chevigny-en-Valière,21170,21200,Maison,101.0,215000.0,2128.71,2024-06-24
Beaune,21054,21200,Appartement,34.0,65000.0,1911.76,2024-06-18
Dijon,21231,21000,Appartement,25.0,135001.0,5400.04,2024-06-24
Chenôve,21166,21300,Appartement,81.0,64000.0,790.12,2024-05-29
Puligny-Montrachet,21512,21190,Maison,54.0,113095.51,2094.36,2024-06-10
Aisy-sous-Thil,21007,21390,Maison,40.0,30000.0,750.0,2024-06-18
Aisy-sous-Thil,21007,21390,Maison,40.0,30000.0,750.0,2024-06-18
Selongey,21599,21260,Maison,75.0,135000.0,1800.0,2024-06-18
Dijon,21231,21000,Appartement,77.0,153000.0,1987.01,2024-06-10
Couternon,21209,21560,Maison,119.0,364900.0,3066.39,2024-06-19
Dijon,21231,21000,Appartement,39.0,122000.0,3128.21,2024-06-20
Fontaine-lès-Dijon,21278,21121,Appartement,52.0,129000.0,2480.77,2024-06-28
Fontaine-lès-Dijon,21278,21121,Appartement,70.0,277515.0,3964.5,2024-06-25
Quemigny-sur-Seine,21514,21510,Maison,77.0,53000.0,688.31,2024-06-14
Sainte-Marie-sur-Ouche,21559,21410,Maison,200.0,255000.0,1275.0,2024-06-24
Dijon,21231,21000,Appartement,74.0,127500.0,1722.97,2024-06-24
Pouilly-en-Auxois,21501,21320,Maison,154.0,300000.0,1948.05,2024-06-21
Verrey-sous-Drée,21669,21540,Maison,105.0,79000.0,752.38,2024-06-25
Dijon,21231,21000,Appartement,68.0,173000.0,2544.12,2024-06-25
Dijon,21231,21000,Appartement,125.0,380000.0,3040.0,2024-06-28
Beaune,21054,21200,Appartement,91.0,112000.0,1230.77,2024-05-27
Dijon,21231,21000,Appartement,46.0,213000.0,4630.43,2024-06-19
Dijon,21231,21000,Appartement,36.0,470000.0,13055.56,2024-06-17
Dijon,21231,21000,Appartement,30.0,470000.0,15666.67,2024-06-17
Dijon,21231,21000,Appartement,28.0,470000.0,16785.71,2024-06-17
Dijon,21231,21000,Appartement,29.0,470000.0,16206.9,2024-06-17
Dijon,21231,21000,Appartement,25.0,470000.0,18800.0,2024-06-17
Dijon,21231,21000,Appartement,28.0,470000.0,16785.71,2024-06-17
Dijon,21231,21000,Appartement,27.0,67975.0,2517.59,2024-06-06
Dijon,21231,21000,Appartement,32.0,78500.0,2453.12,2024-06-19
Dijon,21231,21000,Appartement,53.0,110000.0,2075.47,2024-06-10
Quemigny-sur-Seine,21514,21510,Maison,50.0,53540.0,1070.8,2024-06-28
Dijon,21231,21000,Appartement,56.0,133000.0,2375.0,2024-06-28
Diénay,21230,21120,Maison,139.0,319500.0,2298.56,2024-06-27
Chevigny-Saint-Sauveur,21171,21800,Appartement,40.0,97000.0,2425.0,2024-06-18
Dijon,21231,21000,Appartement,31.0,99000.0,3193.55,2024-06-17
Longvic,21355,21600,Maison,67.0,199000.0,2970.15,2024-06-28
Saussy,21589,21380,Maison,72.0,123000.0,1708.33,2024-06-28
Dijon,21231,21000,Appartement,18.0,65480.0,3637.78,2024-06-27
Brianny,21108,21390,Maison,90.0,168000.0,1866.67,2024-06-26
Brianny,21108,21390,Maison,90.0,168000.0,1866.67,2024-06-26
Dijon,21231,21000,Appartement,57.0,110000.0,1929.82,2024-06-27
Dijon,21231,21000,Appartement,39.0,178000.0,4564.1,2024-06-28
Dijon,21231,21000,Appartement,61.0,189100.0,3100.0,2024-06-26
Dijon,21231,21000,Appartement,25.0,93000.0,3720.0,2024-06-20
Auxonne,21038,21130,Appartement,115.0,90000.0,782.61,2024-06-14
Auxonne,21038,21130,Appartement,115.0,90000.0,782.61,2024-06-14
Auxonne,21038,21130,Appartement,115.0,190000.0,1652.17,2024-06-21
Auxonne,21038,21130,Appartement,115.0,190000.0,1652.17,2024-06-21
Auxonne,21038,21130,Appartement,80.0,190000.0,2375.0,2024-06-21
Auxonne,21038,21130,Appartement,40.0,190000.0,4750.0,2024-06-21
Dijon,21231,21000,Appartement,45.0,102000.0,2266.67,2024-06-20
Dijon,21231,21000,Appartement,74.0,263890.0,3566.08,2024-06-24
Talant,21617,21240,Appartement,98.0,631850.0,6447.45,2024-07-01
Talant,21617,21240,Appartement,84.0,631850.0,7522.02,2024-07-01
Perrigny-lès-Dijon,21481,21160,Appartement,40.0,120000.0,3000.0,2024-06-05
Chevigny-Saint-Sauveur,21171,21800,Maison,100.0,420600.0,4206.0,2024-06-27
Avelanges,21039,21120,Maison,117.0,60000.0,512.82,2024-06-26
Dijon,21231,21000,Appartement,52.0,165074.0,3174.5,2024-06-24
Dijon,21231,21000,Appartement,104.0,190000.0,1826.92,2024-06-24
Nolay,21461,21340,Maison,30.0,65000.0,2166.67,2024-06-27
Dijon,21231,21000,Appartement,62.0,140000.0,2258.06,2024-06-27
Genlis,21292,21110,Maison,141.0,255100.0,1809.22,2024-06-18
Ahuy,21003,21121,Maison,169.0,544800.0,3223.67,2024-06-26
Dijon,21231,21000,Appartement,18.0,69000.0,3833.33,2024-06-18
Saint-Philibert,21565,21220,Maison,99.0,258650.0,2612.63,2024-06-26
Dijon,21231,21000,Maison,88.0,242550.0,2756.25,2024-06-13
Dijon,21231,21000,Appartement,65.0,248000.0,3815.38,2024-06-27
Corcelles-lès-Cîteaux,21191,21910,Maison,164.0,330000.0,2012.2,2024-06-21
Dijon,21231,21000,Appartement,43.0,214500.0,4988.37,2024-06-07
Chevigny-Saint-Sauveur,21171,21800,Appartement,39.0,112000.0,2871.79,2024-06-26
Dijon,21231,21000,Appartement,61.0,105000.0,1721.31,2024-06-18
Dijon,21231,21000,Appartement,43.0,132000.0,3069.77,2024-06-19
Dijon,21231,21000,Appartement,43.0,120000.0,2790.7,2024-06-17
Dijon,21231,21000,Appartement,61.0,168000.0,2754.1,2024-06-14
Dijon,21231,21000,Appartement,15.0,38000.0,2533.33,2024-06-21
Dijon,21231,21000,Appartement,15.0,38000.0,2533.33,2024-06-21
Moutiers-Saint-Jean,21446,21500,Maison,96.0,30000.0,312.5,2024-06-14
Dijon,21231,21000,Appartement,65.0,52000.0,800.0,2024-06-17
Dijon,21231,21000,Appartement,15.0,232000.0,15466.67,2024-06-28
Dijon,21231,21000,Maison,83.0,232000.0,2795.18,2024-06-28
Dijon,21231,21000,Appartement,18.0,66000.0,3666.67,2024-06-21
Beaune,21054,21200,Appartement,61.0,135700.0,2224.59,2024-06-26
Dijon,21231,21000,Appartement,26.0,82000.0,3153.85,2024-06-27
Dijon,21231,21000,Maison,182.0,670200.0,3682.42,2024-06-12
Genlis,21292,21110,Maison,69.0,170850.0,2476.09,2024-06-20
Quetigny,21515,21800,Maison,129.0,248600.0,1927.13,2024-06-21
Izeure,21319,21110,Maison,95.0,386700.0,4070.53,2024-06-20
Fontaine-lès-Dijon,21278,21121,Appartement,50.0,177810.0,3556.2,2024-06-26
Veuxhaulles-sur-Aube,21674,21520,Maison,100.0,64000.0,640.0,2024-06-07
Chenôve,21166,21300,Maison,150.0,343000.0,2286.67,2024-07-03
Dijon,21231,21000,Maison,134.0,400000.0,2985.07,2024-06-28
Quetigny,21515,21800,Appartement,60.0,71176.0,1186.27,2024-06-14
Dijon,21231,21000,Appartement,62.0,34000.0,548.39,2024-06-24
Dijon,21231,21000,Appartement,67.0,143000.0,2134.33,2024-06-07
Saint-Apollinaire,21540,21850,Maison,98.0,225000.0,2295.92,2024-06-25
Époisses,21247,21460,Maison,79.0,76500.0,968.35,2024-06-12
Auxonne,21038,21130,Maison,72.0,102300.0,1420.83,2024-06-21
Montmançon,21437,21270,Maison,160.0,320000.0,2000.0,2024-06-11
Montmançon,21437,21270,Maison,160.0,320000.0,2000.0,2024-06-11
Longvic,21355,21600,Appartement,58.0,122000.0,2103.45,2024-06-25
Levernois,21347,21200,Maison,190.0,526000.0,2768.42,2024-06-28
Grignon,21308,21150,Maison,177.0,259000.0,1463.28,2024-06-27
Grignon,21308,21150,Maison,177.0,259000.0,1463.28,2024-06-27
Dijon,21231,21000,Appartement,38.0,143900.0,3786.84,2024-06-19
Dijon,21231,21000,Appartement,20.0,107500.0,5375.0,2024-06-21
Châtillon-sur-Seine,21154,21400,Maison,80.0,15000.0,187.5,2024-06-10
Genlis,21292,21110,Maison,84.0,248500.0,2958.33,2024-07-04
Savoisy,21594,21500,Maison,30.0,45000.0,1500.0,2024-06-28
Savoisy,21594,21500,Maison,15.0,45000.0,3000.0,2024-06-28
Fontaine-lès-Dijon,21278,21121,Appartement,96.0,240000.0,2500.0,2024-06-20
Nuits-Saint-Georges,21464,21700,Appartement,56.0,84333.0,1505.95,2024-06-26
Dijon,21231,21000,Appartement,37.0,37000.0,1000.0,2024-06-28
Dijon,21231,21000,Appartement,44.0,116000.0,2636.36,2024-06-28
Dijon,21231,21000,Appartement,38.0,90000.0,2368.42,2024-06-11
Is-sur-Tille,21317,21120,Maison,180.0,493000.0,2738.89,2024-06-28
Is-sur-Tille,21317,21120,Maison,180.0,493000.0,2738.89,2024-06-28
Diénay,21230,21120,Maison,143.0,270750.0,1893.36,2024-06-28
Diénay,21230,21120,Maison,143.0,270750.0,1893.36,2024-06-28
Is-sur-Tille,21317,21120,Maison,101.0,200300.0,1983.17,2024-06-28
Dijon,21231,21000,Appartement,26.0,86000.0,3307.69,2024-06-27
Marsannay-la-Côte,21390,21160,Maison,82.0,206500.0,2518.29,2024-06-19
Chevigny-Saint-Sauveur,21171,21800,Appartement,70.0,102000.0,1457.14,2024-06-25
Dijon,21231,21000,Maison,50.0,17479.0,349.58,2024-06-24
Nuits-Saint-Georges,21464,21700,Appartement,118.0,198000.0,1677.97,2024-06-27
Puligny-Montrachet,21512,21190,Maison,61.0,105000.0,1721.31,2024-07-02
Dijon,21231,21000,Appartement,63.0,157000.0,2492.06,2024-06-21
Bressey-sur-Tille,21105,21560,Maison,111.0,280000.0,2522.52,2024-06-24
Fénay,21263,21600,Maison,175.0,512000.0,2925.71,2024-06-21
Talant,21617,21240,Appartement,55.0,117000.0,2127.27,2024-06-21
Arc-sur-Tille,21021,21560,Maison,94.0,439000.0,4670.21,2024-06-14
Arc-sur-Tille,21021,21560,Maison,94.0,439000.0,4670.21,2024-06-14
Mâlain,21373,21410,Maison,76.0,275621.0,3626.59,2024-06-21
Saint-Seine-l'Abbaye,21573,21440,Maison,75.0,86000.0,1146.67,2024-07-04
Lamarche-sur-Saône,21337,21760,Maison,80.0,172000.0,2150.0,2024-06-26
Billey,21074,21130,Maison,99.0,220000.0,2222.22,2024-06-27
Dijon,21231,21000,Appartement,87.0,179900.0,2067.82,2024-06-28
Dijon,21231,21000,Appartement,39.0,69500.0,1782.05,2024-07-02
Dijon,21231,21000,Appartement,70.0,175800.0,2511.43,2024-06-14
Dijon,21231,21000,Appartement,86.0,183000.0,2127.91,2024-07-05
Bligny-lès-Beaune,21086,21200,Maison,88.0,201000.0,2284.09,2024-06-04
Dijon,21231,21000,Appartement,15.0,48000.0,3200.0,2024-06-26
Touillon,21641,21500,Maison,170.0,140000.0,823.53,2024-06-20
Quetigny,21515,21800,Appartement,66.0,250700.0,3798.48,2024-06-07
Chenôve,21166,21300,Appartement,56.0,88000.0,1571.43,2024-06-12
Millery,21413,21140,Maison,55.0,75000.0,1363.64,2024-06-26
Cormot-Vauchignon,21195,21340,Maison,73.0,128250.0,1756.85,2024-06-01
Cormot-Vauchignon,21195,21340,Maison,73.0,128250.0,1756.85,2024-06-01
Premeaux-Prissey,21506,21700,Maison,67.0,161730.0,2413.88,2024-06-25
Dijon,21231,21000,Appartement,63.0,155600.0,2469.84,2024-06-24
Athée,21028,21130,Maison,175.0,255000.0,1457.14,2024-06-20
Hauteville-lès-Dijon,21315,21121,Maison,124.0,112500.0,907.26,2024-06-28
Couternon,21209,21560,Maison,89.0,283000.0,3179.78,2024-06-17
Dijon,21231,21000,Appartement,78.0,169500.0,2173.08,2024-06-10
Losne,21356,21170,Maison,81.0,49000.0,604.94,2024-05-21
Auxonne,21038,21130,Maison,120.0,176500.0,1470.83,2024-05-31
Dijon,21231,21000,Appartement,55.0,112500.0,2045.45,2024-05-30
Dijon,21231,21000,Appartement,65.0,153000.0,2353.85,2024-06-11
Selongey,21599,21260,Maison,97.0,140000.0,1443.3,2024-06-24
Meuilley,21409,21700,Maison,128.0,259000.0,2023.44,2024-07-02
Meuilley,21409,21700,Maison,128.0,259000.0,2023.44,2024-07-02
Fontaine-lès-Dijon,21278,21121,Appartement,80.0,243000.0,3037.5,2024-06-19
Chenôve,21166,21300,Appartement,51.0,50000.0,980.39,2024-06-11
Chenôve,21166,21300,Appartement,65.0,73000.0,1123.08,2024-06-14
Saint-Apollinaire,21540,21850,Maison,94.0,435000.0,4627.66,2024-06-06
Dijon,21231,21000,Appartement,105.0,219000.0,2085.71,2024-06-28
Dijon,21231,21000,Appartement,96.0,177000.0,1843.75,2024-06-17
Dijon,21231,21000,Appartement,30.0,91920.0,3064.0,2024-06-28
Dijon,21231,21000,Appartement,37.0,101420.0,2741.08,2024-06-28
Dijon,21231,21000,Maison,152.0,510000.0,3355.26,2024-06-24
Dijon,21231,21000,Appartement,28.0,94400.0,3371.43,2024-06-28
Dijon,21231,21000,Appartement,63.0,130000.0,2063.49,2024-07-01
Dijon,21231,21000,Appartement,28.0,121150.0,4326.79,2024-07-01
Beaune,21054,21200,Maison,121.0,156500.0,1293.39,2024-07-01
Dijon,21231,21000,Maison,142.0,560000.0,3943.66,2024-07-02
Mirebeau-sur-Bèze,21416,21310,Maison,96.0,275000.0,2864.58,2024-07-02
Saint-Apollinaire,21540,21850,Appartement,84.0,171850.0,2045.83,2024-06-19
Perrigny-lès-Dijon,21481,21160,Maison,76.0,157200.0,2068.42,2024-07-01
Dijon,21231,21000,Appartement,70.0,191050.0,2729.29,2024-07-01
Grancey-sur-Ource,21305,21570,Maison,100.0,19000.0,190.0,2024-06-20
Grancey-sur-Ource,21305,21570,Maison,107.0,19000.0,177.57,2024-06-20
Fontaine-lès-Dijon,21278,21121,Appartement,84.0,175000.0,2083.33,2024-06-14
Dijon,21231,21000,Appartement,68.0,180000.0,2647.06,2024-06-14
Dijon,21231,21000,Appartement,13.0,42000.0,3230.77,2024-05-21
Dijon,21231,21000,Appartement,111.0,418000.0,3765.77,2024-07-01
Mirebeau-sur-Bèze,21416,21310,Maison,80.0,175000.0,2187.5,2024-06-03
Saint-Jean-de-Losne,21554,21170,Maison,70.0,73600.0,1051.43,2024-05-29
Marsannay-le-Bois,21391,21380,Maison,91.0,239000.0,2626.37,2024-05-30
Esbarres,21249,21170,Maison,84.0,100000.0,1190.48,2024-05-27
Brazey-en-Plaine,21103,21470,Appartement,35.0,145000.0,4142.86,2024-06-19
Dijon,21231,21000,Maison,80.0,239500.0,2993.75,2024-06-10
Dijon,21231,21000,Appartement,73.0,170000.0,2328.77,2024-06-27
Seurre,21607,21250,Maison,75.0,160000.0,2133.33,2024-07-03
Dijon,21231,21000,Appartement,66.0,225600.0,3418.18,2024-06-19
Mirebeau-sur-Bèze,21416,21310,Maison,100.0,179500.0,1795.0,2024-06-06
Mirebeau-sur-Bèze,21416,21310,Maison,96.0,180500.0,1880.21,2024-06-17
Fontaine-Française,21277,21610,Maison,69.0,105000.0,1521.74,2024-06-22
Dijon,21231,21000,Appartement,51.0,85009.0,1666.84,2024-05-24
Savigny-sous-Mâlain,21592,21540,Maison,106.0,23692.8,223.52,2024-07-03
Savigny-sous-Mâlain,21592,21540,Maison,106.0,31590.4,298.02,2024-07-03
Trouhans,21645,21170,Maison,72.0,52500.0,729.17,2024-05-17
Brazey-en-Plaine,21103,21470,Maison,66.0,150000.0,2272.73,2024-05-27
Lacanche,21334,21230,Maison,123.0,161850.0,1315.85,2024-06-28
Lacanche,21334,21230,Maison,123.0,161850.0,1315.85,2024-06-28
Chevigny-Saint-Sauveur,21171,21800,Appartement,60.0,170000.0,2833.33,2024-07-01
Talant,21617,21240,Maison,106.0,155600.0,1467.92,2024-06-27
Aubigny-lès-Sombernon,21033,21540,Maison,130.0,315100.0,2423.85,2024-06-12
Dijon,21231,21000,Appartement,60.0,269000.0,4483.33,2024-06-28
Montbard,21425,21500,Appartement,60.0,247000.0,4116.67,2024-07-01
Montbard,21425,21500,Appartement,37.0,247000.0,6675.68,2024-07-01
Montbard,21425,21500,Appartement,87.0,247000.0,2839.08,2024-07-01
Fontaine-lès-Dijon,21278,21121,Maison,81.0,255000.0,3148.15,2024-06-28
Dijon,21231,21000,Maison,67.0,40000.0,597.01,2024-06-27
Lacanche,21334,21230,Maison,112.0,106000.0,946.43,2024-06-21
Perrigny-lès-Dijon,21481,21160,Maison,135.0,345000.0,2555.56,2024-06-27
Trouhans,21645,21170,Maison,120.0,195000.0,1625.0,2024-06-03
Dijon,21231,21000,Appartement,53.0,113000.0,2132.08,2024-07-01
Chenôve,21166,21300,Appartement,51.0,52420.0,1027.84,2024-06-26
Dijon,21231,21000,Appartement,18.0,67000.0,3722.22,2024-07-02
Montigny-sur-Aube,21432,21520,Maison,80.0,14000.0,175.0,2024-06-19
Vix,21711,21400,Maison,90.0,149000.0,1655.56,2024-06-20
Dijon,21231,21000,Appartement,40.0,154000.0,3850.0,2024-07-03
Dijon,21231,21000,Appartement,65.0,232280.0,3573.54,2024-06-18
Beaune,21054,21200,Appartement,49.0,152500.0,3112.24,2024-06-20
Villedieu,21693,21330,Maison,16.0,21000.0,1312.5,2024-06-28
Villedieu,21693,21330,Maison,16.0,21000.0,1312.5,2024-06-28
Corgoloin,21194,21700,Maison,82.0,112500.0,1371.95,2024-06-25
Bretigny,21107,21490,Maison,110.0,315000.0,2863.64,2024-07-01
Ruffey-lès-Echirey,21535,21490,Maison,107.0,280000.0,2616.82,2024-07-05
Dijon,21231,21000,Appartement,80.0,298000.0,3725.0,2024-06-17
Saint-Apollinaire,21540,21850,Maison,162.0,455000.0,2808.64,2024-07-03
Chaignay,21127,21120,Maison,120.0,210000.0,1750.0,2024-07-02
Châtillon-sur-Seine,21154,21400,Maison,50.0,50000.0,1000.0,2024-06-19
Dijon,21231,21000,Appartement,14.0,8626.0,616.14,2024-07-08
Chevigny-Saint-Sauveur,21171,21800,Appartement,58.0,95500.0,1646.55,2024-06-25
Fontaine-lès-Dijon,21278,21121,Maison,130.0,411200.0,3163.08,2024-07-03
Dijon,21231,21000,Appartement,23.0,12553.0,545.78,2024-07-02
Dijon,21231,21000,Appartement,57.0,138500.0,2429.82,2024-06-14
Dijon,21231,21000,Appartement,14.0,10000.0,714.29,2024-07-08
Dijon,21231,21000,Appartement,16.0,10108.0,631.75,2024-07-08
Dijon,21231,21000,Appartement,21.0,11780.0,560.95,2024-07-08
Dijon,21231,21000,Appartement,20.0,26140.0,1307.0,2024-07-08
Dijon,21231,21000,Appartement,21.0,26140.0,1244.76,2024-07-08
Dijon,21231,21000,Appartement,19.0,11089.0,583.63,2024-07-08
Saint-Martin-du-Mont,21561,21440,Maison,132.0,146700.0,1111.36,2024-07-05
Marsannay-le-Bois,21391,21380,Maison,150.0,191100.0,1274.0,2024-07-05
Dijon,21231,21000,Appartement,63.0,130000.0,2063.49,2024-06-27
Izeure,21319,21110,Maison,89.0,260330.0,2925.06,2024-07-09
Villebichot,21691,21700,Maison,56.0,143000.0,2553.57,2024-07-02
Beaune,21054,21200,Maison,97.0,220000.0,2268.04,2024-06-26
Dijon,21231,21000,Appartement,96.0,357500.0,3723.96,2024-07-03
Dijon,21231,21000,Appartement,61.0,107500.0,1762.3,2024-06-27
Corgoloin,21194,21700,Maison,96.0,229124.0,2386.71,2024-06-24
Norges-la-Ville,21462,21490,Maison,28.0,30000.0,1071.43,2024-07-04
Saint-Apollinaire,21540,21850,Appartement,41.0,146000.0,3560.98,2024-07-03
Sainte-Marie-sur-Ouche,21559,21410,Maison,122.0,274000.0,2245.9,2024-06-17
Chevigny-Saint-Sauveur,21171,21800,Appartement,63.0,167000.0,2650.79,2024-06-27
Beaune,21054,21200,Appartement,93.0,149710.0,1609.78,2024-05-13
Étaules,21255,21121,Maison,123.0,318311.0,2587.89,2024-07-03
Glanon,21301,21250,Maison,146.0,200000.0,1369.86,2024-07-08
Glanon,21301,21250,Maison,146.0,200000.0,1369.86,2024-07-08
Savigny-lès-Beaune,21590,21420,Maison,74.0,80000.0,1081.08,2024-06-28
Dijon,21231,21000,Appartement,25.0,60000.0,2400.0,2024-07-03
Rouvres-en-Plaine,21532,21110,Maison,110.0,263930.0,2399.36,2024-07-02
Poncey-lès-Athée,21493,21130,Maison,35.0,178000.0,5085.71,2024-06-18
Dijon,21231,21000,Appartement,84.0,145000.0,1726.19,2024-06-28
Dijon,21231,21000,Appartement,74.0,148000.0,2000.0,2024-06-19
Chevigny-Saint-Sauveur,21171,21800,Maison,103.0,342000.0,3320.39,2024-06-28
Dijon,21231,21000,Appartement,29.0,78000.0,2689.66,2024-06-21
Dijon,21231,21000,Appartement,38.0,91950.0,2419.74,2024-07-05
Dijon,21231,21000,Maison,90.0,438400.0,4871.11,2024-07-04
Chevigny-Saint-Sauveur,21171,21800,Maison,88.0,240000.0,2727.27,2024-07-03
Dijon,21231,21000,Appartement,56.0,158500.0,2830.36,2024-06-28
Semur-en-Auxois,21603,21140,Appartement,18.0,469000.0,26055.56,2024-06-21
Semur-en-Auxois,21603,21140,Appartement,15.0,469000.0,31266.67,2024-06-21
Semur-en-Auxois,21603,21140,Appartement,17.0,469000.0,27588.24,2024-06-21
Semur-en-Auxois,21603,21140,Appartement,16.0,469000.0,29312.5,2024-06-21
Semur-en-Auxois,21603,21140,Appartement,15.0,469000.0,31266.67,2024-06-21
Semur-en-Auxois,21603,21140,Appartement,15.0,469000.0,31266.67,2024-06-21
Semur-en-Auxois,21603,21140,Appartement,15.0,469000.0,31266.67,2024-06-21
Semur-en-Auxois,21603,21140,Appartement,13.0,469000.0,36076.92,2024-06-21
Semur-en-Auxois,21603,21140,Appartement,18.0,469000.0,26055.56,2024-06-21
Semur-en-Auxois,21603,21140,Appartement,16.0,469000.0,29312.5,2024-06-21
Semur-en-Auxois,21603,21140,Appartement,52.0,469000.0,9019.23,2024-06-21
Semur-en-Auxois,21603,21140,Appartement,36.0,469000.0,13027.78,2024-06-21
Semur-en-Auxois,21603,21140,Appartement,15.0,469000.0,31266.67,2024-06-21
Semur-en-Auxois,21603,21140,Appartement,15.0,469000.0,31266.67,2024-06-21
Semur-en-Auxois,21603,21140,Appartement,15.0,469000.0,31266.67,2024-06-21
Semur-en-Auxois,21603,21140,Appartement,13.0,469000.0,36076.92,2024-06-21
Pontailler-sur-Saône,21496,21270,Maison,73.0,230000.0,3150.68,2024-07-04
Pontailler-sur-Saône,21496,21270,Maison,73.0,230000.0,3150.68,2024-07-04
Dijon,21231,21000,Appartement,27.0,77500.0,2870.37,2024-07-02
Saint-Germain-de-Modéon,21548,21530,Maison,127.0,120000.0,944.88,2024-06-25
Dijon,21231,21000,Appartement,36.0,83500.0,2319.44,2024-07-02
Dijon,21231,21000,Appartement,106.0,412000.0,3886.79,2024-06-28
Ahuy,21003,21121,Maison,81.0,277000.0,3419.75,2024-06-26
Dijon,21231,21000,Appartement,64.0,168000.0,2625.0,2024-07-03
Arc-sur-Tille,21021,21560,Maison,187.0,570000.0,3048.13,2024-06-28
Arc-sur-Tille,21021,21560,Maison,187.0,570000.0,3048.13,2024-06-28
Étais,21252,21500,Maison,36.0,43000.0,1194.44,2024-06-26
Étais,21252,21500,Maison,110.0,43000.0,390.91,2024-06-26
Auxey-Duresses,21037,21190,Maison,92.0,160200.0,1741.3,2024-06-25
Villaines-en-Duesmois,21685,21450,Maison,260.0,350000.0,1346.15,2024-06-26
Villaines-en-Duesmois,21685,21450,Maison,260.0,350000.0,1346.15,2024-06-26
Dijon,21231,21000,Appartement,52.0,80000.0,1538.46,2024-06-26
Dijon,21231,21000,Appartement,29.0,86000.0,2965.52,2024-06-21
Dijon,21231,21000,Appartement,53.0,105000.0,1981.13,2024-06-14
Chevigny-Saint-Sauveur,21171,21800,Maison,98.0,230000.0,2346.94,2024-07-05
Recey-sur-Ource,21519,21290,Maison,92.0,44000.0,478.26,2024-06-21
Longvic,21355,21600,Maison,95.0,235000.0,2473.68,2024-07-05
Châtillon-sur-Seine,21154,21400,Appartement,72.0,42750.0,593.75,2024-06-21
Boudreville,21090,21520,Maison,62.0,65000.0,1048.39,2024-06-21
Puits,21511,21400,Maison,130.0,143100.0,1100.77,2024-06-24
Velars-sur-Ouche,21661,21370,Maison,68.0,229500.0,3375.0,2024-06-26
Chenôve,21166,21300,Maison,114.0,297000.0,2605.26,2024-07-01
Dijon,21231,21000,Appartement,76.0,208740.0,2746.58,2024-07-08
Dijon,21231,21000,Appartement,41.0,83400.0,2034.15,2024-06-13
Dijon,21231,21000,Appartement,30.0,83400.0,2780.0,2024-06-13
Nolay,21461,21340,Maison,40.0,14000.0,350.0,2024-07-02
Dijon,21231,21000,Appartement,27.0,120000.0,4444.44,2024-07-01
Dijon,21231,21000,Appartement,38.0,115800.0,3047.37,2024-06-26
Beaune,21054,21200,Maison,64.0,195950.0,3061.72,2024-07-04
Saint-Victor-sur-Ouche,21578,21410,Maison,155.0,238000.0,1535.48,2024-07-10
Dijon,21231,21000,Maison,60.0,312000.0,5200.0,2024-06-26
Arc-sur-Tille,21021,21560,Maison,100.0,245629.0,2456.29,2024-07-04
Fénay,21263,21600,Maison,100.0,292600.0,2926.0,2024-07-04
Dijon,21231,21000,Appartement,85.0,246700.0,2902.35,2024-06-27
Dijon,21231,21000,Appartement,94.0,276800.0,2944.68,2024-06-24
Dijon,21231,21000,Maison,79.0,230188.0,2913.77,2024-06-26
Dijon,21231,21000,Appartement,61.0,102000.0,1672.13,2024-06-28
Dijon,21231,21000,Maison,60.0,142500.0,2375.0,2024-07-04
Chenôve,21166,21300,Maison,78.0,240000.0,3076.92,2024-06-27
Longeault-Pluvault,21352,21110,Maison,88.0,202000.0,2295.45,2024-06-24
Dijon,21231,21000,Appartement,54.0,136600.0,2529.63,2024-06-25
Dijon,21231,21000,Appartement,16.0,54000.0,3375.0,2024-07-03
Beaune,21054,21200,Maison,78.0,185000.0,2371.79,2024-07-05
Selongey,21599,21260,Maison,128.0,199995.0,1562.46,2024-07-08
Dijon,21231,21000,Appartement,34.0,345000.0,10147.06,2024-06-13
Dijon,21231,21000,Appartement,24.0,345000.0,14375.0,2024-06-13
Dijon,21231,21000,Appartement,18.0,345000.0,19166.67,2024-06-13
Dijon,21231,21000,Appartement,33.0,345000.0,10454.55,2024-06-13
Dijon,21231,21000,Appartement,41.0,345000.0,8414.63,2024-06-13
Dijon,21231,21000,Appartement,35.0,345000.0,9857.14,2024-06-13
Dijon,21231,21000,Appartement,79.0,187000.0,2367.09,2024-06-28
Chevigny-Saint-Sauveur,21171,21800,Maison,69.0,200000.0,2898.55,2024-07-09
Dijon,21231,21000,Appartement,93.0,220650.0,2372.58,2024-07-05
Sennecey-lès-Dijon,21605,21800,Maison,74.0,267850.0,3619.59,2024-07-05
Manlay,21375,21430,Maison,38.0,69000.0,1815.79,2024-07-04
Quetigny,21515,21800,Appartement,94.0,175000.0,1861.7,2024-07-01
Dijon,21231,21000,Appartement,75.0,204000.0,2720.0,2024-06-24
Bussières,21119,21580,Maison,160.0,129000.0,806.25,2024-07-01
Bussières,21119,21580,Maison,50.0,129000.0,2580.0,2024-07-01
Auxonne,21038,21130,Maison,74.0,141200.0,1908.11,2024-07-03
Montbard,21425,21500,Appartement,63.0,23000.0,365.08,2024-07-04
Auxonne,21038,21130,Maison,81.0,225800.0,2787.65,2024-06-25
Montbard,21425,21500,Appartement,53.0,22000.0,415.09,2024-07-04
Châtillon-sur-Seine,21154,21400,Appartement,29.0,24500.0,844.83,2024-07-05
Couchey,21200,21160,Maison,324.0,821250.0,2534.72,2024-06-26
Dijon,21231,21000,Maison,106.0,425000.0,4009.43,2024-06-27
Beaune,21054,21200,Maison,86.0,197000.0,2290.7,2024-07-01
Dijon,21231,21000,Appartement,62.0,90000.0,1451.61,2024-06-27
Saint-Apollinaire,21540,21850,Maison,127.0,380000.0,2992.13,2024-07-05
Dijon,21231,21000,Appartement,57.0,156000.0,2736.84,2024-06-27
Dijon,21231,21000,Appartement,34.0,65000.0,1911.76,2024-06-28
Dijon,21231,21000,Appartement,87.0,170000.0,1954.02,2024-07-05
Pontailler-sur-Saône,21496,21270,Maison,51.0,66700.0,1307.84,2024-07-01
Quetigny,21515,21800,Appartement,60.0,126500.0,2108.33,2024-07-01
Massingy,21393,21400,Maison,115.0,75000.0,652.17,2024-06-26
Massingy,21393,21400,Maison,120.0,75000.0,625.0,2024-06-26
Dijon,21231,21000,Appartement,73.0,230900.0,3163.01,2024-07-08
Dijon,21231,21000,Appartement,69.0,135000.0,1956.52,2024-07-08
Chenôve,21166,21300,Appartement,67.0,69000.0,1029.85,2024-07-08
Dijon,21231,21000,Appartement,33.0,88500.0,2681.82,2024-07-01
Dijon,21231,21000,Appartement,60.0,145000.0,2416.67,2024-06-20
Dijon,21231,21000,Maison,82.0,230000.0,2804.88,2024-06-27
Quetigny,21515,21800,Appartement,61.0,166000.0,2721.31,2024-06-24
Dijon,21231,21000,Appartement,60.0,160350.0,2672.5,2024-06-21
Chevigny-Saint-Sauveur,21171,21800,Appartement,29.0,92000.0,3172.41,2024-06-28
Dijon,21231,21000,Appartement,50.0,125000.0,2500.0,2024-07-09
Saint-Apollinaire,21540,21850,Maison,64.0,197000.0,3078.12,2024-06-24
Montbard,21425,21500,Maison,49.0,125000.0,2551.02,2024-07-08
Dijon,21231,21000,Appartement,111.0,318000.0,2864.86,2024-07-02
Quetigny,21515,21800,Appartement,58.0,224700.0,3874.14,2024-07-05
Lamarche-sur-Saône,21337,21760,Maison,66.0,52000.0,787.88,2024-06-26
Lamarche-sur-Saône,21337,21760,Maison,78.0,52000.0,666.67,2024-06-26
Saint-Apollinaire,21540,21850,Maison,133.0,300850.0,2262.03,2024-06-24
Is-sur-Tille,21317,21120,Maison,82.0,50000.0,609.76,2024-06-28
Dijon,21231,21000,Appartement,94.0,175000.0,1861.7,2024-04-12
Dijon,21231,21000,Appartement,26.0,95000.0,3653.85,2024-07-05
Dijon,21231,21000,Appartement,13.0,95000.0,7307.69,2024-07-05
Is-sur-Tille,21317,21120,Maison,88.0,193570.0,2199.66,2024-07-10
Labergement-lès-Seurre,21332,21820,Maison,122.0,150000.0,1229.51,2024-06-13
Dijon,21231,21000,Appartement,56.0,130000.0,2321.43,2024-07-11
Ouges,21473,21600,Maison,91.0,354000.0,3890.11,2024-07-05
Dijon,21231,21000,Appartement,17.0,71000.0,4176.47,2024-07-12
Villers-les-Pots,21699,21130,Maison,100.0,145000.0,1450.0,2024-07-02
Villers-les-Pots,21699,21130,Maison,100.0,145000.0,1450.0,2024-07-02
Chaux,21162,21700,Maison,30.0,89000.0,2966.67,2024-07-03
Chaux,21162,21700,Maison,140.0,89000.0,635.71,2024-07-03
Chaux,21162,21700,Maison,60.0,89000.0,1483.33,2024-07-03
Nuits-Saint-Georges,21464,21700,Maison,109.0,403324.84,3700.23,2024-07-04
Dijon,21231,21000,Appartement,20.0,57000.0,2850.0,2024-07-12
Dijon,21231,21000,Appartement,55.0,102000.0,1854.55,2024-02-07
Semur-en-Auxois,21603,21140,Maison,114.0,238000.0,2087.72,2024-07-05
Épagny,21245,21380,Maison,99.0,287000.0,2898.99,2024-07-09
Dijon,21231,21000,Appartement,74.0,76675.0,1036.15,2024-07-12
Losne,21356,21170,Maison,102.0,165000.0,1617.65,2024-07-12
Beaune,21054,21200,Appartement,35.0,88785.0,2536.71,2024-07-09
Dijon,21231,21000,Appartement,87.0,220000.0,2528.74,2024-07-08
Fontenelle,21281,21610,Maison,115.0,55000.0,478.26,2024-06-27
Fontenelle,21281,21610,Maison,115.0,55000.0,478.26,2024-06-27
Saint-Apollinaire,21540,21850,Appartement,38.0,130650.0,3438.16,2024-07-04
Dijon,21231,21000,Appartement,42.0,105600.0,2514.29,2024-07-04
Dijon,21231,21000,Appartement,94.0,118550.0,1261.17,2024-06-28
Dijon,21231,21000,Appartement,66.0,185000.0,2803.03,2024-07-02
Dijon,21231,21000,Appartement,52.0,135800.0,2611.54,2024-07-02
Tart,21623,21110,Maison,91.0,228700.0,2513.19,2024-07-01
Chevigny-Saint-Sauveur,21171,21800,Appartement,73.0,121100.0,1658.9,2024-07-02
Dijon,21231,21000,Appartement,25.0,70000.0,2800.0,2024-07-02
Marandeuil,21376,21270,Maison,87.0,210000.0,2413.79,2024-06-27
Auxonne,21038,21130,Maison,91.0,190000.0,2087.91,2024-07-08
Selongey,21599,21260,Appartement,26.0,8000.0,307.69,2024-07-10
Beaune,21054,21200,Appartement,33.0,96000.0,2909.09,2024-06-20
Gemeaux,21290,21120,Appartement,96.0,134000.0,1395.83,2024-07-09
Dijon,21231,21000,Maison,73.0,321100.0,4398.63,2024-07-03
Lux,21361,21120,Maison,170.0,280000.0,1647.06,2024-07-10
Noiron-sous-Gevrey,21458,21910,Maison,115.0,302650.0,2631.74,2024-07-08
Nuits-Saint-Georges,21464,21700,Maison,90.0,210000.0,2333.33,2024-07-02
Marcilly-sur-Tille,21383,21120,Maison,67.0,134920.0,2013.73,2024-07-10
Aiserey,21005,21110,Maison,79.0,239300.0,3029.11,2024-07-09
Dijon,21231,21000,Appartement,36.0,113500.0,3152.78,2024-07-04
Vernot,21666,21120,Maison,107.0,148000.0,1383.18,2024-07-01
Beaune,21054,21200,Appartement,64.0,151400.0,2365.62,2024-07-05
Dijon,21231,21000,Appartement,67.0,200000.0,2985.07,2024-07-02
Dijon,21231,21000,Appartement,34.0,77000.0,2264.71,2024-07-09
Beaune,21054,21200,Maison,90.0,387917.0,4310.19,2024-07-08
Dijon,21231,21000,Appartement,127.0,439820.0,3463.15,2024-06-28
Dijon,21231,21000,Appartement,37.0,79100.0,2137.84,2024-07-09
Selongey,21599,21260,Appartement,56.0,103000.0,1839.29,2024-06-27
Quetigny,21515,21800,Appartement,78.0,112850.0,1446.79,2024-07-05
Saffres,21537,21350,Maison,46.0,20000.0,434.78,2024-07-08
Oigny,21466,21450,Maison,150.0,95000.0,633.33,2024-07-10
Auxonne,21038,21130,Maison,170.0,349400.0,2055.29,2024-07-05
Fontaine-lès-Dijon,21278,21121,Appartement,47.0,100000.0,2127.66,2024-07-02
Chevigny-Saint-Sauveur,21171,21800,Appartement,42.0,130000.0,3095.24,2024-07-05
Dijon,21231,21000,Maison,240.0,1507750.0,6282.29,2024-07-08
Dijon,21231,21000,Appartement,47.0,92030.0,1958.09,2024-07-12
Dijon,21231,21000,Appartement,57.0,130000.0,2280.7,2024-07-12
Dijon,21231,21000,Appartement,81.0,219200.0,2706.17,2024-07-03
Marsannay-la-Côte,21390,21160,Maison,82.0,130000.0,1585.37,2024-07-09
Longvic,21355,21600,Maison,95.0,305200.0,3212.63,2024-07-09
Chenôve,21166,21300,Maison,193.0,345500.0,1790.16,2024-06-26
Dijon,21231,21000,Appartement,62.0,235000.0,3790.32,2024-07-02
Aubigny-en-Plaine,21031,21170,Maison,200.0,318000.0,1590.0,2024-07-08
Dijon,21231,21000,Appartement,21.0,129001.0,6142.9,2024-07-08
Dijon,21231,21000,Appartement,20.0,122001.0,6100.05,2024-07-08
Fontaine-lès-Dijon,21278,21121,Maison,65.0,150000.0,2307.69,2024-07-12
Dijon,21231,21000,Maison,28.0,150000.0,5357.14,2024-07-08
Dijon,21231,21000,Maison,160.0,350000.0,2187.5,2024-07-11
Brognon,21111,21490,Maison,218.0,383000.0,1756.88,2024-07-02
Brognon,21111,21490,Maison,218.0,383000.0,1756.88,2024-07-02
Dijon,21231,21000,Maison,102.0,535000.0,5245.1,2024-07-05
Dijon,21231,21000,Appartement,65.0,180000.0,2769.23,2024-07-04
Dijon,21231,21000,Appartement,61.0,335000.0,5491.8,2024-06-28
Dijon,21231,21000,Appartement,50.0,335000.0,6700.0,2024-06-28
Dijon,21231,21000,Appartement,42.0,145000.0,3452.38,2024-06-28
Dijon,21231,21000,Appartement,56.0,152000.0,2714.29,2024-07-04
Pluvet,21487,21110,Maison,92.0,277300.0,3014.13,2024-07-09
Corgoloin,21194,21700,Maison,102.0,105000.0,1029.41,2024-06-20
Puits,21511,21400,Maison,93.0,125000.0,1344.09,2024-07-15
Coulmier-le-Sec,21201,21400,Maison,75.0,29000.0,386.67,2024-06-19
Billy-lès-Chanceaux,21075,21450,Maison,104.0,50000.0,480.77,2024-06-21
Mesmont,21406,21540,Maison,100.0,188000.0,1880.0,2024-07-05
Montbard,21425,21500,Maison,33.0,27000.0,818.18,2024-07-12
Beire-le-Châtel,21056,21310,Maison,126.0,315000.0,2500.0,2024-06-28
Neuilly-lès-Dijon,21452,21800,Appartement,101.0,218800.0,2166.34,2024-07-03
Dijon,21231,21000,Maison,70.0,410000.0,5857.14,2024-07-04
Dijon,21231,21000,Appartement,21.0,78160.0,3721.9,2024-06-28
Semur-en-Auxois,21603,21140,Maison,240.0,292000.0,1216.67,2024-07-12
Dijon,21231,21000,Appartement,29.0,100000.0,3448.28,2024-07-12
Dijon,21231,21000,Appartement,97.0,250000.0,2577.32,2024-07-01
Talant,21617,21240,Appartement,72.0,172400.0,2394.44,2024-07-11
Morey-Saint-Denis,21442,21220,Maison,45.0,111000.0,2466.67,2024-06-28
Dijon,21231,21000,Appartement,54.0,145000.0,2685.19,2024-06-27
Blanot,21083,21430,Maison,105.0,230000.0,2190.48,2024-07-01
Gevrey-Chambertin,21295,21220,Maison,127.0,272800.0,2148.03,2024-06-14
Gevrey-Chambertin,21295,21220,Maison,102.0,279000.0,2735.29,2024-06-24
Chaux,21162,21700,Maison,125.0,270500.0,2164.0,2024-07-03
Dijon,21231,21000,Appartement,21.0,76000.0,3619.05,2024-07-04
Semezanges,21601,21220,Maison,76.0,186500.0,2453.95,2024-07-04
Saint-Apollinaire,21540,21850,Appartement,65.0,142000.0,2184.62,2024-07-05
Fontaine-lès-Dijon,21278,21121,Appartement,44.0,229600.0,5218.18,2024-07-10
Louesme,21357,21520,Maison,100.0,143500.0,1435.0,2024-06-28
Dijon,21231,21000,Appartement,21.0,65000.0,3095.24,2024-07-02
Painblanc,21476,21360,Maison,70.0,150000.0,2142.86,2024-07-01
Painblanc,21476,21360,Maison,25.0,150000.0,6000.0,2024-07-01
Painblanc,21476,21360,Maison,70.0,150000.0,2142.86,2024-07-01
Painblanc,21476,21360,Maison,25.0,150000.0,6000.0,2024-07-01
Nuits-Saint-Georges,21464,21700,Maison,141.0,260130.0,1844.89,2024-07-03
Dijon,21231,21000,Appartement,28.0,77000.0,2750.0,2024-07-15
Dijon,21231,21000,Appartement,117.0,391000.0,3341.88,2024-07-08
Quetigny,21515,21800,Appartement,108.0,195000.0,1805.56,2024-07-11
Dijon,21231,21000,Appartement,63.0,125000.0,1984.13,2024-07-01
Dijon,21231,21000,Maison,55.0,133000.0,2418.18,2024-07-11
Dijon,21231,21000,Appartement,53.0,240000.0,4528.3,2024-07-02
Talant,21617,21240,Maison,132.0,560000.0,4242.42,2024-07-12
Sainte-Marie-la-Blanche,21558,21200,Maison,135.0,350000.0,2592.59,2024-06-19
Sainte-Marie-la-Blanche,21558,21200,Maison,135.0,350000.0,2592.59,2024-06-19
Pouilly-sur-Vingeanne,21503,21610,Maison,65.0,72000.0,1107.69,2024-07-06
Pouilly-sur-Vingeanne,21503,21610,Maison,60.0,72000.0,1200.0,2024-07-06
Dijon,21231,21000,Maison,190.0,743000.0,3910.53,2024-07-03
Dijon,21231,21000,Appartement,28.0,86000.0,3071.43,2024-07-12
Beaune,21054,21200,Appartement,60.0,105000.0,1750.0,2024-06-28
Longvic,21355,21600,Maison,93.0,219500.0,2360.22,2024-07-11
Marsannay-la-Côte,21390,21160,Maison,82.0,185000.0,2256.1,2024-07-01
Dijon,21231,21000,Appartement,80.0,196000.0,2450.0,2024-05-27
Dijon,21231,21000,Appartement,46.0,148000.0,3217.39,2024-07-10
Beaune,21054,21200,Maison,120.0,200000.0,1666.67,2024-07-03
Dijon,21231,21000,Appartement,45.0,70000.0,1555.56,2024-07-09
Binges,21076,21270,Maison,83.0,183000.0,2204.82,2024-06-27
Dijon,21231,21000,Appartement,37.0,86700.0,2343.24,2024-07-15
Dijon,21231,21000,Appartement,48.0,244000.0,5083.33,2024-07-10
Chenôve,21166,21300,Appartement,80.0,72500.0,906.25,2024-06-24
Poiseul-la-Ville-et-Laperrière,21490,21450,Maison,108.0,149000.0,1379.63,2024-07-10
Beaune,21054,21200,Appartement,51.0,151650.0,2973.53,2024-06-28
Comblanchien,21186,21700,Maison,80.0,192500.0,2406.25,2024-06-26
Mirebeau-sur-Bèze,21416,21310,Maison,127.0,233000.0,1834.65,2024-07-01
Dijon,21231,21000,Appartement,40.0,217001.0,5425.02,2024-07-11
Dijon,21231,21000,Maison,88.0,261950.0,2976.7,2024-07-08
Bligny-sur-Ouche,21087,21360,Appartement,33.0,150000.0,4545.45,2024-07-05
Bligny-sur-Ouche,21087,21360,Appartement,85.0,150000.0,1764.71,2024-07-05
Bligny-sur-Ouche,21087,21360,Appartement,49.0,150000.0,3061.22,2024-07-05
Dijon,21231,21000,Appartement,75.0,147000.0,1960.0,2024-07-05
Courcelles-lès-Semur,21205,21140,Maison,83.0,199500.0,2403.61,2024-07-12
Courcelles-lès-Semur,21205,21140,Maison,83.0,199500.0,2403.61,2024-07-12
Nod-sur-Seine,21455,21400,Maison,72.0,130000.0,1805.56,2024-06-28
Chamesson,21134,21400,Maison,78.0,126000.0,1615.38,2024-06-28
Chamesson,21134,21400,Maison,78.0,126000.0,1615.38,2024-06-28
Talant,21617,21240,Maison,80.0,265000.0,3312.5,2024-06-27
Sennecey-lès-Dijon,21605,21800,Maison,113.0,287000.0,2539.82,2024-07-17
Thoisy-la-Berchère,21629,21210,Maison,30.0,50000.0,1666.67,2024-07-13
Beaune,21054,21200,Appartement,43.0,140000.0,3255.81,2024-07-16
Nicey,21454,21330,Maison,116.0,133000.0,1146.55,2024-07-02
Semur-en-Auxois,21603,21140,Maison,125.0,115000.0,920.0,2024-07-12
Chanceaux,21142,21440,Maison,103.0,80000.0,776.7,2024-07-10
Essey,21251,21320,Maison,110.0,192000.0,1745.45,2024-07-17
Dijon,21231,21000,Maison,85.0,322000.0,3788.24,2024-07-05
Fixin,21265,21220,Maison,106.0,266000.0,2509.43,2024-07-05
Dijon,21231,21000,Appartement,30.0,79500.0,2650.0,2024-06-27
Dijon,21231,21000,Appartement,115.0,310000.0,2695.65,2024-06-21
Dijon,21231,21000,Appartement,79.0,140000.0,1772.15,2024-06-27
Quetigny,21515,21800,Appartement,29.0,54000.0,1862.07,2024-07-10
Marigny-lès-Reullée,21387,21200,Maison,80.0,135575.0,1694.69,2024-07-10
Dijon,21231,21000,Appartement,26.0,53310.03,2050.39,2024-06-25
Dijon,21231,21000,Appartement,65.0,186170.0,2864.15,2024-06-26
Dijon,21231,21000,Appartement,35.0,86687.5,2476.79,2024-06-28
Meloisey,21401,21190,Maison,120.0,560000.0,4666.67,2024-07-12
Meloisey,21401,21190,Maison,120.0,560000.0,4666.67,2024-07-12
Meloisey,21401,21190,Maison,120.0,560000.0,4666.67,2024-07-12
Meloisey,21401,21190,Maison,120.0,560000.0,4666.67,2024-07-12
Dijon,21231,21000,Appartement,73.0,210000.0,2876.71,2024-07-16
Rouvray,21531,21530,Maison,225.0,178000.0,791.11,2024-07-02
Rouvray,21531,21530,Maison,80.0,178000.0,2225.0,2024-07-02
La Roche-en-Brenil,21525,21530,Maison,18.0,44375.0,2465.28,2024-07-18
La Roche-en-Brenil,21525,21530,Maison,18.0,44375.0,2465.28,2024-07-18
La Roche-en-Brenil,21525,21530,Maison,95.0,145625.0,1532.89,2024-07-18
La Roche-en-Brenil,21525,21530,Maison,44.0,145625.0,3309.66,2024-07-18
La Roche-en-Brenil,21525,21530,Maison,44.0,145625.0,3309.66,2024-07-18
Genlis,21292,21110,Maison,87.0,230230.0,2646.32,2024-07-05
Essey,21251,21320,Maison,87.0,75900.0,872.41,2024-06-26
Essey,21251,21320,Maison,87.0,75900.0,872.41,2024-06-26
Gilly-lès-Cîteaux,21297,21640,Maison,105.0,240000.0,2285.71,2024-07-04
Gilly-lès-Cîteaux,21297,21640,Maison,105.0,240000.0,2285.71,2024-07-04
Dijon,21231,21000,Appartement,81.0,275000.0,3395.06,2024-07-18
Trouhans,21645,21170,Maison,101.0,142700.0,1412.87,2024-07-10
Dijon,21231,21000,Appartement,41.0,92000.0,2243.9,2024-07-01
Dijon,21231,21000,Appartement,51.0,110000.0,2156.86,2024-07-09
Châtellenot,21153,21320,Maison,182.0,168300.0,924.73,2024-07-19
Dijon,21231,21000,Maison,81.0,213000.0,2629.63,2024-07-09
Tart,21623,21110,Maison,88.0,194000.0,2204.55,2024-07-09
Dijon,21231,21000,Appartement,42.0,77350.0,1841.67,2024-07-10
Quetigny,21515,21800,Maison,107.0,250000.0,2336.45,2024-07-10
Dijon,21231,21000,Appartement,56.0,109000.0,1946.43,2024-07-05
Dijon,21231,21000,Appartement,80.0,283000.0,3537.5,2024-07-11
Meursault,21412,21190,Maison,160.0,509250.0,3182.81,2024-07-16
Dijon,21231,21000,Maison,110.0,387000.0,3518.18,2024-07-11
Dijon,21231,21000,Appartement,65.0,157000.0,2415.38,2024-07-10
Maxilly-sur-Saône,21398,21270,Maison,78.0,160000.0,2051.28,2024-07-04
Maxilly-sur-Saône,21398,21270,Maison,106.0,160000.0,1509.43,2024-07-04
Fénay,21263,21600,Maison,90.0,577000.0,6411.11,2024-07-05
Fénay,21263,21600,Maison,90.0,577000.0,6411.11,2024-07-05
Dijon,21231,21000,Appartement,70.0,204800.0,2925.71,2024-07-12
Saint-Apollinaire,21540,21850,Appartement,39.0,142700.0,3658.97,2024-07-15
Dijon,21231,21000,Maison,114.0,255600.0,2242.11,2024-07-15
Longvic,21355,21600,Appartement,80.0,165000.0,2062.5,2024-07-12
Dijon,21231,21000,Appartement,61.0,225100.0,3690.16,2024-07-15
Dijon,21231,21000,Appartement,44.0,133900.0,3043.18,2024-06-19
Saint-Apollinaire,21540,21850,Maison,80.0,260000.0,3250.0,2024-07-03
Quetigny,21515,21800,Appartement,110.0,200300.0,1820.91,2024-07-18
Dijon,21231,21000,Appartement,67.0,145000.0,2164.18,2024-07-15
Montbard,21425,21500,Maison,164.0,183730.0,1120.3,2024-07-17
Montbard,21425,21500,Maison,84.0,135200.0,1609.52,2024-07-15
Dijon,21231,21000,Maison,110.0,383500.0,3486.36,2024-07-15
Dijon,21231,21000,Appartement,35.0,123400.0,3525.71,2024-07-15
Époisses,21247,21460,Maison,110.0,40000.0,363.64,2024-07-10
Dijon,21231,21000,Appartement,62.0,283000.0,4564.52,2024-07-15
Dijon,21231,21000,Appartement,62.0,210000.0,3387.1,2024-07-15
Dijon,21231,21000,Appartement,58.0,142700.0,2460.34,2024-07-12
Dijon,21231,21000,Appartement,18.0,68000.0,3777.78,2024-07-09
Quincy-le-Vicomte,21518,21500,Maison,150.0,166250.0,1108.33,2024-06-21
Dijon,21231,21000,Maison,270.0,1051300.0,3893.7,2024-07-15
Dijon,21231,21000,Maison,270.0,1051300.0,3893.7,2024-07-15
Dijon,21231,21000,Appartement,32.0,70000.0,2187.5,2024-07-09
Chevigny-Saint-Sauveur,21171,21800,Appartement,20.0,41000.0,2050.0,2024-07-10
Dijon,21231,21000,Appartement,85.0,154000.0,1811.76,2024-07-12
Marcilly-sur-Tille,21383,21120,Maison,88.0,218200.0,2479.55,2024-06-28
Talant,21617,21240,Maison,78.0,233000.0,2987.18,2024-07-05
Dijon,21231,21000,Appartement,25.0,81000.0,3240.0,2024-07-12
Corcelles-les-Monts,21192,21160,Maison,97.0,315000.0,3247.42,2024-07-08
Talant,21617,21240,Appartement,40.0,122000.0,3050.0,2024-07-12
Dijon,21231,21000,Appartement,18.0,350000.0,19444.44,2024-07-03
Dijon,21231,21000,Appartement,29.0,350000.0,12068.97,2024-07-03
Dijon,21231,21000,Appartement,37.0,350000.0,9459.46,2024-07-03
Dijon,21231,21000,Appartement,22.0,350000.0,15909.09,2024-07-03
Dijon,21231,21000,Appartement,23.0,350000.0,15217.39,2024-07-03
Dijon,21231,21000,Appartement,21.0,350000.0,16666.67,2024-07-03
Dijon,21231,21000,Appartement,18.0,350000.0,19444.44,2024-07-03
Dijon,21231,21000,Appartement,24.0,350000.0,14583.33,2024-07-03
Arnay-le-Duc,21023,21230,Appartement,154.0,99000.0,642.86,2024-06-26
Longecourt-en-Plaine,21353,21110,Maison,130.0,438000.0,3369.23,2024-07-12
Dijon,21231,21000,Maison,158.0,805000.0,5094.94,2024-07-17
Dijon,21231,21000,Appartement,32.0,161000.0,5031.25,2024-07-17
Montbard,21425,21500,Appartement,63.0,55000.0,873.02,2024-07-15
Dijon,21231,21000,Appartement,72.0,130000.0,1805.56,2024-07-11
Dijon,21231,21000,Appartement,110.0,118508.0,1077.35,2024-07-10
Brazey-en-Plaine,21103,21470,Maison,92.0,199500.0,2168.48,2024-07-17
Dijon,21231,21000,Maison,225.0,885000.0,3933.33,2024-07-17
Vonges,21713,21270,Maison,154.0,157700.0,1024.03,2024-07-19
Seurre,21607,21250,Maison,74.0,120000.0,1621.62,2024-07-05
Fontaine-lès-Dijon,21278,21121,Appartement,153.0,220200.0,1439.22,2024-07-03
Meuilley,21409,21700,Maison,106.0,195000.0,1839.62,2024-07-12
Montbard,21425,21500,Maison,115.0,162000.0,1408.7,2024-07-17
Bussy-le-Grand,21122,21150,Maison,56.0,68900.0,1230.36,2024-07-09
Pluvet,21487,21110,Maison,106.0,330000.0,3113.21,2024-07-11
Pluvet,21487,21110,Maison,106.0,330000.0,3113.21,2024-07-11
Beaune,21054,21200,Appartement,90.0,280000.0,3111.11,2024-07-18
Billy-lès-Chanceaux,21075,21450,Maison,150.0,131140.0,874.27,2024-07-17
Pouilly-en-Auxois,21501,21320,Maison,100.0,145000.0,1450.0,2024-07-01
Dijon,21231,21000,Appartement,51.0,110000.0,2156.86,2024-07-11
Selongey,21599,21260,Maison,92.0,249000.0,2706.52,2024-07-05
Magnien,21363,21230,Maison,60.0,123000.0,2050.0,2024-07-04
Magnien,21363,21230,Maison,27.0,123000.0,4555.56,2024-07-04
Chevigny-Saint-Sauveur,21171,21800,Appartement,66.0,159400.0,2415.15,2024-07-12
Dijon,21231,21000,Appartement,21.0,81180.0,3865.71,2024-07-02
Dijon,21231,21000,Appartement,26.0,63000.0,2423.08,2024-07-19
Agey,21002,21410,Maison,140.0,219000.0,1564.29,2024-07-10
Dijon,21231,21000,Appartement,67.0,182000.0,2716.42,2024-07-02
Voulaines-les-Templiers,21717,21290,Maison,153.0,191000.0,1248.37,2024-07-08
Voulaines-les-Templiers,21717,21290,Maison,48.0,191000.0,3979.17,2024-07-08
Bussy-le-Grand,21122,21150,Maison,53.0,65000.0,1226.42,2024-07-16
Dijon,21231,21000,Appartement,89.0,122000.0,1370.79,2024-06-27
Messanges,21407,21220,Maison,21.0,80000.0,3809.52,2024-07-17
Messanges,21407,21220,Maison,21.0,80000.0,3809.52,2024-07-17
Beaune,21054,21200,Appartement,47.0,140000.0,2978.72,2024-07-10
Arcenant,21017,21700,Maison,114.0,187000.0,1640.35,2024-07-08
Beaune,21054,21200,Maison,68.0,225000.0,3308.82,2024-07-08
Daix,21223,21121,Maison,148.0,533800.0,3606.76,2024-07-08
Daix,21223,21121,Maison,24.0,533800.0,22241.67,2024-07-08
Meursanges,21411,21200,Maison,114.0,232400.0,2038.6,2024-07-05
Dijon,21231,21000,Appartement,67.0,116000.0,1731.34,2024-07-12
Beaune,21054,21200,Maison,83.0,214100.0,2579.52,2024-07-05
Beaune,21054,21200,Appartement,34.0,140000.0,4117.65,2024-07-01
Beaune,21054,21200,Appartement,47.0,120000.0,2553.19,2024-07-02
Dijon,21231,21000,Appartement,40.0,86100.0,2152.5,2024-07-03
Viévy,21683,21230,Maison,59.0,29000.0,491.53,2024-06-26
Fontaine-lès-Dijon,21278,21121,Appartement,102.0,235000.0,2303.92,2024-06-27
Dijon,21231,21000,Appartement,37.0,98000.0,2648.65,2024-07-04
Dijon,21231,21000,Appartement,17.0,54000.0,3176.47,2024-07-04
Corgoloin,21194,21700,Maison,109.0,180000.0,1651.38,2024-07-18
Saint-Romain,21569,21190,Maison,80.0,40000.0,500.0,2024-07-08
Chaux,21162,21700,Maison,85.0,190000.0,2235.29,2024-07-01
Marigny-lès-Reullée,21387,21200,Maison,36.0,27000.0,750.0,2024-07-03
Dijon,21231,21000,Appartement,80.0,191840.0,2398.0,2024-07-01
Fontaine-lès-Dijon,21278,21121,Maison,78.0,210000.0,2692.31,2024-06-27
Nolay,21461,21340,Maison,149.0,212100.0,1423.49,2024-07-09
Dijon,21231,21000,Maison,95.0,295000.0,3105.26,2024-07-12
Quetigny,21515,21800,Maison,97.0,313000.0,3226.8,2024-07-15
Brianny,21108,21390,Maison,195.0,168850.0,865.9,2024-07-18
Brianny,21108,21390,Maison,195.0,168850.0,865.9,2024-07-18
Villey-sur-Tille,21702,21120,Maison,137.0,196500.0,1434.31,2024-06-28
Quetigny,21515,21800,Maison,83.0,235000.0,2831.33,2024-07-12
Gissey-sur-Ouche,21300,21410,Maison,60.0,40000.0,666.67,2024-07-03
Dijon,21231,21000,Appartement,20.0,53400.0,2670.0,2024-06-28
Dijon,21231,21000,Appartement,28.0,53400.0,1907.14,2024-06-28
Dijon,21231,21000,Appartement,77.0,200800.0,2607.79,2024-07-18
Gerland,21294,21700,Maison,200.0,370000.0,1850.0,2024-07-15
Dijon,21231,21000,Appartement,17.0,26500.0,1558.82,2024-07-18
Dijon,21231,21000,Appartement,61.0,150000.0,2459.02,2024-07-19
Viévy,21683,21230,Maison,66.0,60000.0,909.09,2024-07-10
Viévy,21683,21230,Maison,35.0,60000.0,1714.29,2024-07-10
Dijon,21231,21000,Maison,103.0,435000.0,4223.3,2024-07-03
Fénay,21263,21600,Maison,60.0,155238.0,2587.3,2024-07-12
Fénay,21263,21600,Maison,60.0,155238.0,2587.3,2024-07-12
Pontailler-sur-Saône,21496,21270,Maison,70.0,163500.0,2335.71,2024-07-12
Messigny-et-Vantoux,21408,21380,Maison,148.0,664300.0,4488.51,2024-07-19
Bonnencontre,21089,21250,Maison,137.0,191000.0,1394.16,2024-06-26
Auxonne,21038,21130,Maison,74.0,130000.0,1756.76,2024-07-15
Pontailler-sur-Saône,21496,21270,Maison,185.0,198400.0,1072.43,2024-07-15
L'Étang-Vergy,21254,21220,Maison,75.0,99000.0,1320.0,2024-07-12
Dijon,21231,21000,Appartement,52.0,162000.0,3115.38,2024-06-27
Dijon,21231,21000,Appartement,47.0,181000.0,3851.06,2024-07-04
Dijon,21231,21000,Appartement,48.0,108000.0,2250.0,2024-07-22
Dijon,21231,21000,Appartement,88.0,790400.0,8981.82,2024-06-26
Dijon,21231,21000,Appartement,74.0,790400.0,10681.08,2024-06-26
Dijon,21231,21000,Appartement,35.0,790400.0,22582.86,2024-06-26
Saint-Jean-de-Losne,21554,21170,Appartement,65.0,110000.0,1692.31,2024-06-27
Saint-Apollinaire,21540,21850,Maison,106.0,275000.0,2594.34,2024-06-25
Dijon,21231,21000,Appartement,16.0,44000.0,2750.0,2024-06-28
Buncey,21115,21400,Maison,104.0,142000.0,1365.38,2024-07-01
Buncey,21115,21400,Maison,104.0,142000.0,1365.38,2024-07-01
Dijon,21231,21000,Maison,69.0,290000.0,4202.9,2024-07-15
Beaune,21054,21200,Maison,118.0,313000.0,2652.54,2024-07-24
Losne,21356,21170,Maison,45.0,86000.0,1911.11,2024-06-24
Dijon,21231,21000,Appartement,32.0,78000.0,2437.5,2024-07-17
Noiron-sous-Gevrey,21458,21910,Maison,83.0,195000.0,2349.4,2024-07-19
Dijon,21231,21000,Appartement,25.0,85800.0,3432.0,2024-07-18
Dijon,21231,21000,Appartement,78.0,207150.0,2655.77,2024-07-04
Beire-le-Châtel,21056,21310,Maison,148.0,194500.0,1314.19,2024-07-04
Dijon,21231,21000,Appartement,99.0,340000.0,3434.34,2024-07-22
Dijon,21231,21000,Appartement,80.0,210000.0,2625.0,2024-07-04
Ladoix-Serrigny,21606,21550,Appartement,30.0,49000.0,1633.33,2024-07-10
Dijon,21231,21000,Appartement,66.0,159000.0,2409.09,2024-07-24
Vitteaux,21710,21350,Maison,48.0,25000.0,520.83,2024-06-25
Beaune,21054,21200,Appartement,80.0,250000.0,3125.0,2024-07-02
Beaune,21054,21200,Appartement,55.0,250000.0,4545.45,2024-07-02
Sainte-Marie-la-Blanche,21558,21200,Appartement,63.0,125000.0,1984.13,2024-06-27
Dijon,21231,21000,Appartement,52.0,125000.0,2403.85,2024-07-24
Marey-sur-Tille,21385,21120,Maison,132.0,176000.0,1333.33,2024-06-26
Beaune,21054,21200,Appartement,64.0,115000.0,1796.88,2024-06-27
Pouilly-en-Auxois,21501,21320,Maison,180.0,185000.0,1027.78,2024-07-24
Is-sur-Tille,21317,21120,Appartement,92.0,99500.0,1081.52,2024-07-11
Dijon,21231,21000,Maison,74.0,205000.0,2770.27,2024-07-17
Dijon,21231,21000,Appartement,29.0,69000.0,2379.31,2024-07-23
Dijon,21231,21000,Appartement,20.0,50000.0,2500.0,2024-07-23
Chevigny-Saint-Sauveur,21171,21800,Maison,117.0,285000.0,2435.9,2024-07-18
Chevigny-Saint-Sauveur,21171,21800,Appartement,61.0,179000.0,2934.43,2024-07-25
Dijon,21231,21000,Appartement,23.0,83000.0,3608.7,2024-07-12
Dijon,21231,21000,Appartement,56.0,116000.0,2071.43,2024-06-26
Mavilly-Mandelot,21397,21190,Maison,61.0,262000.0,4295.08,2024-07-05
Ruffey-lès-Beaune,21534,21200,Maison,48.0,135200.0,2816.67,2024-07-05
Izeure,21319,21110,Maison,80.0,232000.0,2900.0,2024-07-25
Dijon,21231,21000,Appartement,57.0,203000.0,3561.4,2024-07-16
Châtillon-sur-Seine,21154,21400,Appartement,112.0,82000.0,732.14,2024-07-03
Précy-sous-Thil,21505,21390,Maison,66.0,115000.0,1742.42,2024-06-28
Talant,21617,21240,Appartement,69.0,100000.0,1449.28,2024-07-03
Montigny-sur-Aube,21432,21520,Maison,130.0,52000.0,400.0,2024-07-03
Dijon,21231,21000,Appartement,50.0,99000.0,1980.0,2024-07-05
Châtillon-sur-Seine,21154,21400,Appartement,126.0,108700.0,862.7,2024-07-08
Dijon,21231,21000,Appartement,63.0,112000.0,1777.78,2024-07-03
Dijon,21231,21000,Appartement,40.0,845000.0,21125.0,2024-07-03
Dijon,21231,21000,Appartement,30.0,845000.0,28166.67,2024-07-03
Dijon,21231,21000,Appartement,30.0,845000.0,28166.67,2024-07-03
Dijon,21231,21000,Appartement,30.0,845000.0,28166.67,2024-07-03
Dijon,21231,21000,Appartement,30.0,845000.0,28166.67,2024-07-03
Quetigny,21515,21800,Maison,94.0,262000.0,2787.23,2024-07-15
Dijon,21231,21000,Appartement,57.0,131000.0,2298.25,2024-07-17
Saint-Germain-de-Modéon,21548,21530,Maison,63.0,78000.0,1238.1,2024-06-28
Dijon,21231,21000,Appartement,20.0,35000.0,1750.0,2024-07-03
Dijon,21231,21000,Maison,90.0,279000.0,3100.0,2024-07-05
Mesmont,21406,21540,Maison,109.0,223100.0,2046.79,2024-07-16
La Roche-en-Brenil,21525,21530,Maison,112.0,159780.0,1426.61,2024-06-29
La Roche-en-Brenil,21525,21530,Maison,112.0,159780.0,1426.61,2024-06-29
Montbard,21425,21500,Appartement,25.0,176000.0,7040.0,2024-07-17
Montbard,21425,21500,Appartement,67.0,176000.0,2626.87,2024-07-17
Montbard,21425,21500,Appartement,120.0,176000.0,1466.67,2024-07-17
Montbard,21425,21500,Appartement,27.0,176000.0,6518.52,2024-07-17
Dijon,21231,21000,Appartement,26.0,72000.0,2769.23,2024-07-23
Seigny,21598,21150,Maison,113.0,176800.0,1564.6,2024-07-15
Quetigny,21515,21800,Maison,87.0,250000.0,2873.56,2024-07-19
Chevigny-Saint-Sauveur,21171,21800,Appartement,75.0,126000.0,1680.0,2024-07-17
Lacour-d'Arcenay,21335,21210,Maison,86.0,70000.0,813.95,2024-07-24
Labergement-lès-Auxonne,21331,21130,Maison,118.0,223000.0,1889.83,2024-07-15
Dijon,21231,21000,Maison,88.0,287000.0,3261.36,2024-07-19
Bellefond,21059,21490,Maison,160.0,240000.0,1500.0,2024-07-18
Dijon,21231,21000,Appartement,80.0,175000.0,2187.5,2024-07-02
Dijon,21231,21000,Appartement,55.0,155070.0,2819.45,2024-07-04
Dijon,21231,21000,Maison,54.0,209345.0,3876.76,2024-06-17
Champdôtre,21138,21130,Maison,80.0,127500.0,1593.75,2024-07-03
Auxonne,21038,21130,Maison,76.0,115000.0,1513.16,2024-07-18
Dijon,21231,21000,Appartement,27.0,65000.0,2407.41,2024-07-26
Beaune,21054,21200,Maison,95.0,421000.0,4431.58,2024-07-05
Dijon,21231,21000,Appartement,86.0,249000.0,2895.35,2024-07-04
Dijon,21231,21000,Appartement,42.0,114950.0,2736.9,2024-07-02
Dijon,21231,21000,Appartement,54.0,129000.0,2388.89,2024-07-18
Gevrey-Chambertin,21295,21220,Maison,75.0,175000.0,2333.33,2024-07-19
Thorey-sous-Charny,21633,21350,Maison,133.0,212000.0,1593.98,2024-07-17
Tart,21623,21110,Maison,107.0,198000.0,1850.47,2024-07-05
Tart,21623,21110,Maison,107.0,198000.0,1850.47,2024-07-05
Tart,21623,21110,Maison,107.0,198000.0,1850.47,2024-07-05
Beire-le-Châtel,21056,21310,Maison,141.0,425000.0,3014.18,2024-07-09
Auxonne,21038,21130,Maison,58.0,85000.0,1465.52,2024-07-17
Dijon,21231,21000,Appartement,90.0,110000.0,1222.22,2024-07-05
Dijon,21231,21000,Appartement,32.0,110000.0,3437.5,2024-07-05
Dijon,21231,21000,Appartement,107.0,401500.0,3752.34,2024-07-05
Auxonne,21038,21130,Maison,67.0,70000.0,1044.78,2024-07-10
Braux,21101,21390,Maison,96.0,143610.0,1495.94,2024-07-05
Dijon,21231,21000,Appartement,42.0,139500.0,3321.43,2024-07-08
Dijon,21231,21000,Appartement,62.0,130800.0,2109.68,2024-07-05
Vignoles,21684,21200,Maison,80.0,208900.0,2611.25,2024-07-25
Meursanges,21411,21200,Maison,90.0,149900.0,1665.56,2024-07-18
Beaune,21054,21200,Maison,80.0,257370.0,3217.12,2024-07-17
Dijon,21231,21000,Appartement,35.0,85000.0,2428.57,2024-07-17
Ruffey-lès-Beaune,21534,21200,Maison,88.0,179000.0,2034.09,2024-07-19
Gevrey-Chambertin,21295,21220,Appartement,50.0,143000.0,2860.0,2024-07-01
Dijon,21231,21000,Appartement,59.0,105000.0,1779.66,2024-07-23
La Rochepot,21527,21340,Maison,98.0,178000.0,1816.33,2024-07-09
Dijon,21231,21000,Appartement,22.0,58000.0,2636.36,2024-07-24
Dijon,21231,21000,Appartement,53.0,130000.0,2452.83,2024-07-22
Perrigny-lès-Dijon,21481,21160,Appartement,60.0,164000.0,2733.33,2024-07-22
Chevigny-Saint-Sauveur,21171,21800,Appartement,46.0,165000.0,3586.96,2024-07-23
Beaune,21054,21200,Appartement,67.0,295000.0,4402.99,2024-07-17
Beaune,21054,21200,Appartement,43.0,295000.0,6860.47,2024-07-17
Beaune,21054,21200,Appartement,54.0,295000.0,5462.96,2024-07-17
Beaune,21054,21200,Appartement,28.0,295000.0,10535.71,2024-07-17
Beaune,21054,21200,Appartement,58.0,295000.0,5086.21,2024-07-17
Saint-Apollinaire,21540,21850,Maison,77.0,350000.0,4545.45,2024-07-19
Chaux,21162,21700,Maison,88.0,185000.0,2102.27,2024-07-03
Bligny-le-Sec,21085,21440,Maison,93.0,88500.0,951.61,2024-07-09
Dijon,21231,21000,Appartement,46.0,95000.0,2065.22,2024-07-18
Beaune,21054,21200,Maison,115.0,281000.0,2443.48,2024-07-03
Dijon,21231,21000,Appartement,26.0,48000.0,1846.15,2024-07-18
Esbarres,21249,21170,Maison,142.0,265000.0,1866.2,2024-07-26
Chevigny-Saint-Sauveur,21171,21800,Maison,102.0,302746.0,2968.1,2024-07-22
Talant,21617,21240,Appartement,62.0,103000.0,1661.29,2024-07-22
Gevrolles,21296,21520,Maison,107.0,68000.0,635.51,2024-07-03
Dijon,21231,21000,Appartement,62.0,126000.0,2032.26,2024-07-02
Sennecey-lès-Dijon,21605,21800,Maison,105.0,278200.0,2649.52,2024-07-24
Chevigny-Saint-Sauveur,21171,21800,Appartement,20.0,59000.0,2950.0,2024-07-24
Dijon,21231,21000,Appartement,46.0,160000.0,3478.26,2024-07-25
Dijon,21231,21000,Appartement,82.0,160000.0,1951.22,2024-07-25
Dijon,21231,21000,Maison,51.0,189000.0,3705.88,2024-07-25
Dijon,21231,21000,Appartement,27.0,127500.0,4722.22,2024-07-01
Chenôve,21166,21300,Appartement,73.0,125000.0,1712.33,2024-07-09
Corberon,21189,21250,Maison,40.0,662139.0,16553.47,2024-07-15
Corberon,21189,21250,Maison,142.0,662139.0,4662.95,2024-07-15
Corberon,21189,21250,Appartement,82.0,662139.0,8074.87,2024-07-15
Corberon,21189,21250,Appartement,82.0,662139.0,8074.87,2024-07-15
Santenay,21582,21590,Maison,148.0,115500.0,780.41,2024-07-15
Santenay,21582,21590,Maison,148.0,115500.0,780.41,2024-07-15
Fontaine-lès-Dijon,21278,21121,Maison,56.0,160000.0,2857.14,2024-07-19
Talant,21617,21240,Appartement,50.0,136000.0,2720.0,2024-07-24
Mâlain,21373,21410,Appartement,41.0,31000.0,756.1,2024-02-07
Val-Mont,21327,21340,Maison,197.0,113000.0,573.6,2024-07-17
Dijon,21231,21000,Appartement,64.0,180500.0,2820.31,2024-07-26
Marsannay-la-Côte,21390,21160,Maison,82.0,239000.0,2914.63,2024-07-26
Dijon,21231,21000,Appartement,50.0,131000.0,2620.0,2024-07-25
Perrigny-sur-l'Ognon,21482,21270,Maison,93.0,172600.0,1855.91,2024-07-12
Dijon,21231,21000,Appartement,26.0,84635.0,3255.19,2024-07-19
Chevigny-Saint-Sauveur,21171,21800,Appartement,85.0,127000.0,1494.12,2024-07-09
Quetigny,21515,21800,Appartement,64.0,137500.0,2148.44,2024-07-15
Dijon,21231,21000,Appartement,70.0,160000.0,2285.71,2024-07-12
Dijon,21231,21000,Appartement,82.0,269000.0,3280.49,2024-07-08
Chenôve,21166,21300,Appartement,63.0,125000.0,1984.13,2024-07-12
Beaune,21054,21200,Appartement,46.0,100000.0,2173.91,2024-07-08
Chevigny-Saint-Sauveur,21171,21800,Maison,108.0,289500.0,2680.56,2024-07-29
Dijon,21231,21000,Appartement,47.0,130000.0,2765.96,2024-07-26
Chorey-les-Beaune,21173,21200,Maison,70.0,450000.0,6428.57,2024-07-12
Chorey-les-Beaune,21173,21200,Maison,70.0,450000.0,6428.57,2024-07-12
Chorey-les-Beaune,21173,21200,Maison,150.0,450000.0,3000.0,2024-07-12
Chorey-les-Beaune,21173,21200,Maison,84.0,450000.0,5357.14,2024-07-12
Chorey-les-Beaune,21173,21200,Maison,150.0,450000.0,3000.0,2024-07-12
Chorey-les-Beaune,21173,21200,Maison,150.0,450000.0,3000.0,2024-07-12
Chorey-les-Beaune,21173,21200,Maison,84.0,450000.0,5357.14,2024-07-12
Chorey-les-Beaune,21173,21200,Maison,84.0,450000.0,5357.14,2024-07-12
Beaune,21054,21200,Maison,102.0,205000.0,2009.8,2024-07-12
Beaune,21054,21200,Maison,102.0,205000.0,2009.8,2024-07-12
Dijon,21231,21000,Appartement,51.0,129000.0,2529.41,2024-07-23
Beaune,21054,21200,Maison,90.0,270000.0,3000.0,2024-07-18
Beaune,21054,21200,Maison,90.0,270000.0,3000.0,2024-07-18
Dijon,21231,21000,Appartement,30.0,88000.0,2933.33,2024-07-01
Nuits-Saint-Georges,21464,21700,Maison,75.0,185000.0,2466.67,2024-07-24
Voudenay,21715,21230,Maison,146.0,42000.0,287.67,2024-07-11
Chenôve,21166,21300,Appartement,84.0,87000.0,1035.71,2024-07-18
Dijon,21231,21000,Maison,74.0,339650.0,4589.86,2024-07-23
Velars-sur-Ouche,21661,21370,Maison,104.0,294408.0,2830.85,2024-07-08
Urcy,21650,21220,Maison,126.0,350663.0,2783.04,2024-07-12
Dijon,21231,21000,Appartement,29.0,35500.0,1224.14,2024-07-16
Dijon,21231,21000,Maison,96.0,630000.0,6562.5,2024-07-10
Dijon,21231,21000,Appartement,43.0,106500.0,2476.74,2024-07-17
Crugey,21214,21360,Maison,55.0,35000.0,636.36,2024-07-12
Dijon,21231,21000,Appartement,63.0,132450.0,2102.38,2024-07-10
Dijon,21231,21000,Appartement,75.0,229000.0,3053.33,2024-07-23
Varois-et-Chaignot,21657,21490,Maison,168.0,399000.0,2375.0,2024-07-09
Longecourt-lès-Culêtre,21354,21230,Maison,134.0,215000.0,1604.48,2024-07-10
Longvic,21355,21600,Maison,105.0,417950.0,3980.48,2024-07-15
Daix,21223,21121,Maison,155.0,435750.0,2811.29,2024-07-03
Collonges-lès-Premières,21183,21110,Maison,107.0,210000.0,1962.62,2024-07-12
Auxonne,21038,21130,Maison,112.0,126000.0,1125.0,2024-07-12
Châtillon-sur-Seine,21154,21400,Maison,97.0,58000.0,597.94,2024-07-01
Allerey,21009,21230,Maison,150.0,45000.0,300.0,2024-07-09
Premeaux-Prissey,21506,21700,Maison,111.0,271800.0,2448.65,2024-07-01
Dijon,21231,21000,Appartement,67.0,172480.0,2574.33,2024-07-08
Gevrey-Chambertin,21295,21220,Maison,26.0,150000.0,5769.23,2024-07-01
Gevrey-Chambertin,21295,21220,Maison,130.0,150000.0,1153.85,2024-07-01
Nuits-Saint-Georges,21464,21700,Appartement,97.0,154960.0,1597.53,2024-07-08
Nuits-Saint-Georges,21464,21700,Appartement,60.0,125000.0,2083.33,2024-07-18
Nuits-Saint-Georges,21464,21700,Appartement,50.0,84600.0,1692.0,2024-07-26
Dijon,21231,21000,Maison,123.0,260000.0,2113.82,2024-07-19
Dijon,21231,21000,Appartement,102.0,183000.0,1794.12,2024-07-18
Crugey,21214,21360,Maison,132.0,229175.0,1736.17,2024-07-30
Beaune,21054,21200,Appartement,63.0,126350.0,2005.56,2024-07-08
Dijon,21231,21000,Appartement,81.0,160000.0,1975.31,2024-07-05
Dijon,21231,21000,Appartement,46.0,102500.0,2228.26,2024-07-23
Marcilly-sur-Tille,21383,21120,Maison,168.0,338300.0,2013.69,2024-07-25
Marcilly-sur-Tille,21383,21120,Maison,168.0,338300.0,2013.69,2024-07-25
Gevrey-Chambertin,21295,21220,Appartement,74.0,141550.0,1912.84,2024-07-23
Dijon,21231,21000,Appartement,52.0,87500.0,1682.69,2024-07-23
Magny-Lambert,21364,21450,Maison,170.0,237500.0,1397.06,2024-07-22
Trugny,21647,21250,Appartement,108.0,228500.0,2115.74,2024-07-29
Trugny,21647,21250,Appartement,82.0,228500.0,2786.59,2024-07-29
Trugny,21647,21250,Appartement,82.0,228500.0,2786.59,2024-07-29
Trugny,21647,21250,Appartement,108.0,228500.0,2115.74,2024-07-29
Saint-Bernard,21542,21700,Maison,90.0,221000.0,2455.56,2024-07-24
Sombernon,21611,21540,Maison,90.0,216500.0,2405.56,2024-07-26
Dijon,21231,21000,Appartement,80.0,105000.0,1312.5,2024-07-19
Saint-Apollinaire,21540,21850,Maison,177.0,507551.0,2867.52,2024-07-19
Dijon,21231,21000,Appartement,36.0,95000.0,2638.89,2024-07-19
Dijon,21231,21000,Maison,70.0,218000.0,3114.29,2024-07-24
Agencourt,21001,21700,Maison,35.0,90000.0,2571.43,2024-07-25
Meursault,21412,21190,Maison,210.0,745000.0,3547.62,2024-07-12
Fontaine-lès-Dijon,21278,21121,Maison,160.0,529400.0,3308.75,2024-07-24
Noiron-sous-Gevrey,21458,21910,Maison,84.0,240000.0,2857.14,2024-07-26
Dijon,21231,21000,Appartement,52.0,458000.0,8807.69,2024-07-19
Dijon,21231,21000,Appartement,32.0,458000.0,14312.5,2024-07-19
Couternon,21209,21560,Maison,140.0,461450.0,3296.07,2024-07-26
La Motte-Ternant,21445,21210,Maison,178.0,195000.0,1095.51,2024-07-29
Montlay-en-Auxois,21434,21210,Maison,98.0,50000.0,510.2,2024-07-05
Dijon,21231,21000,Appartement,34.0,132050.0,3883.82,2024-07-26
Dijon,21231,21000,Appartement,72.0,98991.0,1374.88,2024-07-11
Dijon,21231,21000,Appartement,39.0,77000.0,1974.36,2024-07-29
Fontaine-lès-Dijon,21278,21121,Appartement,76.0,142900.0,1880.26,2024-07-30
Dijon,21231,21000,Appartement,67.0,127500.0,1902.99,2024-07-26
Chassagne-Montrachet,21150,21190,Maison,122.0,131000.0,1073.77,2024-07-11
Dijon,21231,21000,Appartement,61.0,209911.0,3441.16,2024-07-23
Arc-sur-Tille,21021,21560,Appartement,40.0,278500.0,6962.5,2024-07-19
Arc-sur-Tille,21021,21560,Appartement,15.0,278500.0,18566.67,2024-07-19
Beaune,21054,21200,Maison,71.0,213750.0,3010.56,2024-07-02
Dijon,21231,21000,Appartement,65.0,187000.0,2876.92,2024-07-25
Saint-Apollinaire,21540,21850,Maison,65.0,221000.0,3400.0,2024-07-17
Champagne-sur-Vingeanne,21135,21310,Maison,44.0,17000.0,386.36,2024-07-11
Chevigny-Saint-Sauveur,21171,21800,Appartement,82.0,200000.0,2439.02,2024-06-28
Belleneuve,21060,21310,Maison,65.0,163600.0,2516.92,2024-07-12
Belleneuve,21060,21310,Maison,127.0,240000.0,1889.76,2024-07-16
Dijon,21231,21000,Appartement,26.0,64000.0,2461.54,2024-07-04
Saulon-la-Chapelle,21585,21910,Maison,67.0,149000.0,2223.88,2024-07-09
Dijon,21231,21000,Appartement,203.0,251850.0,1240.64,2024-07-03
Binges,21076,21270,Maison,75.0,92000.0,1226.67,2024-07-12
Dijon,21231,21000,Appartement,39.0,141699.0,3633.31,2024-07-24
Magny-sur-Tille,21370,21110,Maison,134.0,264900.0,1976.87,2024-07-02
Semur-en-Auxois,21603,21140,Maison,98.0,203300.0,2074.49,2024-07-19
Saint-Apollinaire,21540,21850,Appartement,82.0,205000.0,2500.0,2024-07-31
Montbard,21425,21500,Appartement,53.0,53000.0,1000.0,2024-07-30
Dijon,21231,21000,Appartement,91.0,241300.0,2651.65,2024-07-12
Dijon,21231,21000,Appartement,81.0,56000.0,691.36,2024-07-19
Semur-en-Auxois,21603,21140,Appartement,52.0,470000.0,9038.46,2024-07-18
Semur-en-Auxois,21603,21140,Appartement,145.0,470000.0,3241.38,2024-07-18
Semur-en-Auxois,21603,21140,Appartement,56.0,470000.0,8392.86,2024-07-18
Semur-en-Auxois,21603,21140,Appartement,52.0,470000.0,9038.46,2024-07-18
Semur-en-Auxois,21603,21140,Appartement,145.0,470000.0,3241.38,2024-07-18
Semur-en-Auxois,21603,21140,Appartement,56.0,470000.0,8392.86,2024-07-18
Semur-en-Auxois,21603,21140,Appartement,52.0,470000.0,9038.46,2024-07-18
Semur-en-Auxois,21603,21140,Appartement,145.0,470000.0,3241.38,2024-07-18
Semur-en-Auxois,21603,21140,Appartement,56.0,470000.0,8392.86,2024-07-18
Couchey,21200,21160,Maison,92.0,226500.0,2461.96,2024-07-19
Laignes,21336,21330,Maison,188.0,155000.0,824.47,2024-07-30
Dijon,21231,21000,Appartement,43.0,130000.0,3023.26,2024-07-24
Beaune,21054,21200,Appartement,66.0,315000.0,4772.73,2024-07-19
Beaune,21054,21200,Appartement,26.0,315000.0,12115.38,2024-07-19
Dijon,21231,21000,Maison,76.0,217950.0,2867.76,2024-07-17
Is-sur-Tille,21317,21120,Maison,164.0,297000.0,1810.98,2024-07-15
Montot,21440,21170,Maison,100.0,200000.0,2000.0,2024-07-30
Auxonne,21038,21130,Maison,149.0,291200.0,1954.36,2024-07-20
Auxonne,21038,21130,Appartement,42.0,89000.0,2119.05,2024-07-29
Dijon,21231,21000,Maison,130.0,372000.0,2861.54,2024-07-05
Meilly-sur-Rouvres,21399,21320,Maison,293.0,257990.0,880.51,2024-07-12
Saint-Jean-de-Losne,21554,21170,Appartement,22.0,35000.0,1590.91,2024-06-18
Chenôve,21166,21300,Appartement,92.0,171500.0,1864.13,2024-07-31
Dijon,21231,21000,Appartement,49.0,100000.0,2040.82,2024-07-12
Dijon,21231,21000,Appartement,23.0,71000.0,3086.96,2024-07-26
Ébaty,21236,21190,Maison,60.0,130000.0,2166.67,2024-07-09
Ébaty,21236,21190,Maison,60.0,130000.0,2166.67,2024-07-09
Meursault,21412,21190,Maison,178.0,527000.0,2960.67,2024-07-19
Tillenay,21639,21130,Maison,60.0,74000.0,1233.33,2024-07-24
Saint-Julien,21555,21490,Maison,62.0,190000.0,3064.52,2024-07-25
Aloxe-Corton,21010,21420,Maison,189.0,763000.0,4037.04,2024-07-26
Nuits-Saint-Georges,21464,21700,Maison,110.0,230000.0,2090.91,2024-07-26
Montbard,21425,21500,Maison,58.0,145000.0,2500.0,2024-07-31
Couchey,21200,21160,Maison,181.0,505000.0,2790.06,2024-07-24
Dijon,21231,21000,Appartement,28.0,86700.0,3096.43,2024-07-26
Dijon,21231,21000,Appartement,47.0,147250.0,3132.98,2024-07-25
Auxonne,21038,21130,Maison,83.0,122900.0,1480.72,2024-07-17
Dijon,21231,21000,Appartement,66.0,180000.0,2727.27,2024-07-30
Dijon,21231,21000,Appartement,41.0,84900.0,2070.73,2024-07-30
Dijon,21231,21000,Appartement,28.0,107000.0,3821.43,2024-07-30
Crécey-sur-Tille,21211,21120,Maison,114.0,228400.0,2003.51,2024-07-17
Véronnes,21667,21260,Maison,145.0,319500.0,2203.45,2024-07-22
Beaune,21054,21200,Appartement,18.0,75000.0,4166.67,2024-07-26
Auxonne,21038,21130,Appartement,65.0,40000.0,615.38,2024-07-23
Boncourt-le-Bois,21088,21700,Maison,215.0,598000.0,2781.4,2024-07-12
Dijon,21231,21000,Appartement,61.0,200400.0,3285.25,2024-07-12
Chenôve,21166,21300,Appartement,67.0,268000.0,4000.0,2024-07-30
Dijon,21231,21000,Appartement,28.0,66000.0,2357.14,2024-02-07
Dijon,21231,21000,Appartement,79.0,312000.0,3949.37,2024-07-30
Pouillenay,21500,21150,Maison,60.0,99000.0,1650.0,2024-07-15
Ruffey-lès-Echirey,21535,21490,Appartement,88.0,264700.0,3007.95,2024-07-22
Dijon,21231,21000,Maison,98.0,213000.0,2173.47,2024-07-30
Saint-Apollinaire,21540,21850,Appartement,62.0,151600.0,2445.16,2024-07-23
Vitteaux,21710,21350,Maison,50.0,26400.0,528.0,2024-07-10
Dijon,21231,21000,Maison,92.0,288500.0,3135.87,2024-07-30
Auvillars-sur-Saône,21035,21250,Maison,40.0,180000.0,4500.0,2024-07-22
Dijon,21231,21000,Appartement,44.0,159000.0,3613.64,2024-07-19
Quetigny,21515,21800,Appartement,33.0,74000.0,2242.42,2024-07-30
Marcilly-sur-Tille,21383,21120,Maison,48.0,80000.0,1666.67,2024-07-18
Épagny,21245,21380,Maison,103.0,106875.0,1037.62,2024-07-24
Dijon,21231,21000,Appartement,23.0,74000.0,3217.39,2024-07-31
Dijon,21231,21000,Appartement,17.0,103500.0,6088.24,2024-07-25
Dijon,21231,21000,Appartement,15.0,103500.0,6900.0,2024-07-25
Dijon,21231,21000,Appartement,17.0,103500.0,6088.24,2024-07-25
Dijon,21231,21000,Appartement,86.0,10000.0,116.28,2024-07-31
Toutry,21642,21460,Maison,48.0,180000.0,3750.0,2024-07-19
Dijon,21231,21000,Appartement,40.0,88000.0,2200.0,2024-07-30
Dijon,21231,21000,Appartement,60.0,56500.0,941.67,2024-07-24
Grancey-le-Château-Neuvelle,21304,21580,Maison,143.0,40000.0,279.72,2024-07-25
Dijon,21231,21000,Appartement,40.0,101000.0,2525.0,2024-07-29
Dijon,21231,21000,Appartement,30.0,55000.0,1833.33,2024-08-01
Auxonne,21038,21130,Appartement,81.0,46900.0,579.01,2024-07-31
Auxonne,21038,21130,Appartement,60.0,46900.0,781.67,2024-07-31
Dijon,21231,21000,Appartement,32.0,84000.0,2625.0,2024-07-29
Bèze,21071,21310,Maison,138.0,222000.0,1608.7,2024-07-24
Seurre,21607,21250,Appartement,80.0,110000.0,1375.0,2024-08-01
Dijon,21231,21000,Appartement,94.0,129500.0,1377.66,2024-07-23
Dijon,21231,21000,Appartement,52.0,152000.0,2923.08,2024-07-31
Dijon,21231,21000,Appartement,81.0,251400.0,3103.7,2024-07-10
Chenôve,21166,21300,Maison,91.0,273000.0,3000.0,2024-07-11
Dijon,21231,21000,Appartement,64.0,159000.0,2484.38,2024-07-29
Saulon-la-Rue,21586,21910,Maison,106.0,287840.0,2715.47,2024-07-29
Dijon,21231,21000,Appartement,63.0,173469.0,2753.48,2024-07-29
Nuits-Saint-Georges,21464,21700,Appartement,60.0,87076.0,1451.27,2024-07-23
Corgoloin,21194,21700,Maison,87.0,155601.42,1788.52,2024-07-18
Dijon,21231,21000,Appartement,80.0,230700.0,2883.75,2024-07-18
Dijon,21231,21000,Appartement,105.0,313900.0,2989.52,2024-07-22
Bouze-lès-Beaune,21099,21200,Maison,60.0,60000.0,1000.0,2024-07-30
Saulieu,21584,21210,Maison,94.0,114300.0,1215.96,2024-07-31
Villiers-en-Morvan,21703,21430,Maison,50.0,83700.0,1674.0,2024-07-29
Fussey,21289,21700,Maison,63.0,96270.0,1528.1,2024-07-29
Dijon,21231,21000,Appartement,41.0,104000.0,2536.59,2024-07-05
Dijon,21231,21000,Appartement,74.0,190900.0,2579.73,2024-07-23
Dijon,21231,21000,Appartement,73.0,112000.0,1534.25,2024-07-29
Dijon,21231,21000,Appartement,67.0,192150.0,2867.91,2024-07-18
Longvic,21355,21600,Appartement,79.0,172000.0,2177.22,2024-07-29
Bissey-la-Côte,21077,21520,Maison,162.0,82485.0,509.17,2024-07-25
Dijon,21231,21000,Appartement,125.0,375000.0,3000.0,2024-07-23
Dijon,21231,21000,Maison,76.0,187000.0,2460.53,2024-08-01
Auxonne,21038,21130,Appartement,66.0,120000.0,1818.18,2024-07-11
Dijon,21231,21000,Appartement,59.0,146677.0,2486.05,2024-07-29
Dijon,21231,21000,Appartement,100.0,446700.0,4467.0,2024-07-26
Dijon,21231,21000,Appartement,26.0,446700.0,17180.77,2024-07-26
Dijon,21231,21000,Appartement,18.0,49000.0,2722.22,2024-07-30
Dijon,21231,21000,Appartement,26.0,84500.0,3250.0,2024-07-29
Dijon,21231,21000,Appartement,40.0,87000.0,2175.0,2024-07-22
Dijon,21231,21000,Appartement,65.0,126620.0,1948.0,2024-07-19
Beaune,21054,21200,Appartement,60.0,200000.0,3333.33,2024-07-16
Dijon,21231,21000,Appartement,56.0,118000.0,2107.14,2024-07-22
Molinot,21420,21340,Maison,39.0,59000.0,1512.82,2024-07-31
Dijon,21231,21000,Maison,200.0,383000.0,1915.0,2024-07-31
Fontaine-lès-Dijon,21278,21121,Appartement,27.0,62000.0,2296.3,2024-08-01
Talant,21617,21240,Appartement,80.0,226900.0,2836.25,2024-07-17
Magny-lès-Villers,21368,21700,Maison,140.0,340000.0,2428.57,2024-08-02
Marliens,21388,21110,Maison,138.0,255000.0,1847.83,2024-07-16
Dijon,21231,21000,Appartement,79.0,220800.0,2794.94,2024-07-16
Saint-Philibert,21565,21220,Maison,114.0,130000.0,1140.35,2024-07-17
Dijon,21231,21000,Appartement,78.0,84000.0,1076.92,2024-07-15
Pouilly-sur-Saône,21502,21250,Maison,20.0,28100.0,1405.0,2024-07-22
Beaune,21054,21200,Appartement,81.0,155000.0,1913.58,2024-07-17
Meloisey,21401,21190,Maison,125.0,325000.0,2600.0,2024-07-04
Beaune,21054,21200,Appartement,55.0,139750.0,2540.91,2024-07-19
Dijon,21231,21000,Appartement,27.0,73000.0,2703.7,2024-07-29
Beaune,21054,21200,Appartement,69.0,304908.2,4418.96,2024-07-15
Talant,21617,21240,Maison,125.0,485100.0,3880.8,2024-07-22
Dijon,21231,21000,Appartement,41.0,194000.0,4731.71,2024-07-19
Bonnencontre,21089,21250,Maison,78.0,85000.0,1089.74,2024-08-02
Dijon,21231,21000,Appartement,39.0,85000.0,2179.49,2024-07-12
Montliot-et-Courcelles,21435,21400,Maison,66.0,93000.0,1409.09,2024-07-19
Dijon,21231,21000,Appartement,67.0,135000.0,2014.93,2024-07-24
Sainte-Colombe-sur-Seine,21545,21400,Maison,53.0,17500.0,330.19,2024-07-19
Chenôve,21166,21300,Appartement,83.0,238000.0,2867.47,2024-07-22
Veuxhaulles-sur-Aube,21674,21520,Maison,67.0,65000.0,970.15,2024-07-24
Dijon,21231,21000,Maison,223.0,1140000.0,5112.11,2024-07-30
Dijon,21231,21000,Appartement,60.0,185000.0,3083.33,2024-07-30
Dijon,21231,21000,Appartement,45.0,135550.0,3012.22,2024-07-18
Quetigny,21515,21800,Maison,150.0,411000.0,2740.0,2024-07-30
Remilly-sur-Tille,21521,21560,Maison,110.0,298800.0,2716.36,2024-07-23
Châtillon-sur-Seine,21154,21400,Appartement,32.0,60000.0,1875.0,2024-07-17
Châtillon-sur-Seine,21154,21400,Appartement,59.0,60000.0,1016.95,2024-07-17
Châtillon-sur-Seine,21154,21400,Appartement,59.0,60000.0,1016.95,2024-07-17
Dijon,21231,21000,Appartement,41.0,180000.0,4390.24,2024-07-05
Dijon,21231,21000,Maison,60.0,150000.0,2500.0,2024-07-26
Dijon,21231,21000,Maison,60.0,150000.0,2500.0,2024-07-26
Semur-en-Auxois,21603,21140,Maison,46.0,43000.0,934.78,2024-07-12
Semur-en-Auxois,21603,21140,Maison,46.0,43000.0,934.78,2024-07-12
Dijon,21231,21000,Appartement,63.0,151200.0,2400.0,2024-07-05
Dijon,21231,21000,Appartement,50.0,82500.0,1650.0,2024-07-22
Dijon,21231,21000,Appartement,49.0,214500.0,4377.55,2024-07-23
Genlis,21292,21110,Maison,63.0,114000.0,1809.52,2024-07-18
Dijon,21231,21000,Appartement,89.0,196500.0,2207.87,2024-07-31
Dijon,21231,21000,Maison,141.0,460000.0,3262.41,2024-07-15
Dijon,21231,21000,Appartement,51.0,125000.0,2450.98,2024-07-23
Dijon,21231,21000,Appartement,67.0,170000.0,2537.31,2024-07-22
Foncegrive,21275,21260,Maison,82.0,138000.0,1682.93,2024-07-19
Foncegrive,21275,21260,Maison,82.0,138000.0,1682.93,2024-07-19
Noiron-sous-Gevrey,21458,21910,Maison,86.0,195000.0,2267.44,2024-07-25
Lamarche-sur-Saône,21337,21760,Maison,48.0,100000.0,2083.33,2024-07-12
Fénay,21263,21600,Maison,97.0,319700.0,3295.88,2024-07-12
Athée,21028,21130,Maison,180.0,267000.0,1483.33,2024-07-16
Heuilley-sur-Saône,21316,21270,Maison,85.0,90000.0,1058.82,2024-07-17
Premeaux-Prissey,21506,21700,Maison,67.0,152649.0,2278.34,2024-07-18
Chevigny-en-Valière,21170,21200,Maison,98.0,167950.0,1713.78,2024-07-22
Nolay,21461,21340,Maison,83.0,144000.0,1734.94,2024-07-19
Beaune,21054,21200,Appartement,64.0,227000.0,3546.88,2024-07-03
Dijon,21231,21000,Appartement,27.0,82200.0,3044.44,2024-07-11
Marcilly-et-Dracy,21381,21350,Maison,235.0,228000.0,970.21,2024-07-31
Juillenay,21328,21210,Maison,68.0,200000.0,2941.18,2024-07-31
Juillenay,21328,21210,Maison,195.0,200000.0,1025.64,2024-07-31
Épagny,21245,21380,Maison,88.0,290000.0,3295.45,2024-07-26
Noidan,21457,21390,Maison,48.0,18000.0,375.0,2024-07-22
Épagny,21245,21380,Maison,185.0,480000.0,2594.59,2024-07-26
Épagny,21245,21380,Maison,185.0,480000.0,2594.59,2024-07-26
Dijon,21231,21000,Appartement,29.0,105000.0,3620.69,2024-07-30
Dijon,21231,21000,Appartement,14.0,55000.0,3928.57,2024-07-23
Is-sur-Tille,21317,21120,Maison,114.0,391500.0,3434.21,2024-07-31
Is-sur-Tille,21317,21120,Maison,114.0,391500.0,3434.21,2024-07-31
Dijon,21231,21000,Appartement,98.0,330920.0,3376.73,2024-07-19
Gemeaux,21290,21120,Maison,75.0,226100.0,3014.67,2024-07-31
Dijon,21231,21000,Appartement,63.0,202000.0,3206.35,2024-07-19
Dijon,21231,21000,Appartement,95.0,76000.0,800.0,2024-07-30
Dijon,21231,21000,Appartement,42.0,130000.0,3095.24,2024-07-03
Dijon,21231,21000,Maison,129.0,727619.0,5640.46,2024-07-26
Dijon,21231,21000,Appartement,72.0,189000.0,2625.0,2024-07-24
Dijon,21231,21000,Appartement,29.0,86000.0,2965.52,2024-07-19
Dijon,21231,21000,Appartement,20.0,55000.0,2750.0,2024-07-31
Dijon,21231,21000,Maison,130.0,466261.25,3586.62,2024-07-31
Dijon,21231,21000,Appartement,61.0,156000.0,2557.38,2024-07-31
Saint-Julien,21555,21490,Maison,187.0,368000.0,1967.91,2024-07-23
Dijon,21231,21000,Appartement,32.0,104500.0,3265.62,2024-07-24
Dijon,21231,21000,Maison,95.0,170000.0,1789.47,2024-07-24
Dijon,21231,21000,Appartement,90.0,470000.0,5222.22,2024-07-12
Dijon,21231,21000,Appartement,90.0,470000.0,5222.22,2024-07-12
Dijon,21231,21000,Appartement,30.0,81500.0,2716.67,2024-07-24
Chevigny-Saint-Sauveur,21171,21800,Appartement,41.0,164000.0,4000.0,2024-07-10
Fontaine-lès-Dijon,21278,21121,Appartement,87.0,291000.0,3344.83,2024-07-26
Montagny-lès-Beaune,21423,21200,Maison,120.0,620000.0,5166.67,2024-07-10
Montagny-lès-Beaune,21423,21200,Maison,120.0,620000.0,5166.67,2024-07-10
Brianny,21108,21390,Maison,120.0,20000.0,166.67,2024-07-15
Brianny,21108,21390,Maison,55.0,20000.0,363.64,2024-07-15
Dijon,21231,21000,Maison,161.0,470000.0,2919.25,2024-07-23
Dijon,21231,21000,Appartement,19.0,65000.0,3421.05,2024-07-30
Chevigny-Saint-Sauveur,21171,21800,Maison,114.0,335000.0,2938.6,2024-07-26
Dijon,21231,21000,Appartement,40.0,80000.0,2000.0,2024-07-24
Velars-sur-Ouche,21661,21370,Maison,85.0,254000.0,2988.24,2024-07-26
Dijon,21231,21000,Appartement,60.0,150000.0,2500.0,2024-07-25
Dijon,21231,21000,Appartement,65.0,117000.0,1800.0,2024-06-13
Fénay,21263,21600,Maison,41.0,108550.0,2647.56,2024-07-16
Bretenière,21106,21110,Maison,83.0,180000.0,2168.67,2024-07-26
Genlis,21292,21110,Maison,80.0,190000.0,2375.0,2024-07-29
Lamarche-sur-Saône,21337,21760,Maison,86.0,226600.0,2634.88,2024-07-26
Beaune,21054,21200,Appartement,67.0,125000.0,1865.67,2024-07-25
Dijon,21231,21000,Appartement,130.0,442600.0,3404.62,2024-07-15
Perrigny-lès-Dijon,21481,21160,Maison,142.0,411500.0,2897.89,2024-07-15
Dijon,21231,21000,Appartement,66.0,121800.0,1845.45,2024-07-16
Dijon,21231,21000,Appartement,115.0,363000.0,3156.52,2024-07-15
Neuilly-lès-Dijon,21452,21800,Maison,95.0,206500.0,2173.68,2024-07-15
Toutry,21642,21460,Maison,72.0,125000.0,1736.11,2024-08-01
Toutry,21642,21460,Maison,72.0,125000.0,1736.11,2024-08-01
Dijon,21231,21000,Appartement,92.0,254600.0,2767.39,2024-08-07
Dijon,21231,21000,Appartement,22.0,89150.0,4052.27,2024-07-19
Pagny-la-Ville,21474,21250,Maison,154.0,90000.0,584.42,2024-08-05
Molphey,21422,21210,Maison,160.0,216380.0,1352.38,2024-07-30
Dijon,21231,21000,Appartement,48.0,38000.0,791.67,2024-08-06
Dijon,21231,21000,Appartement,57.0,142000.0,2491.23,2024-07-26
Dijon,21231,21000,Appartement,32.0,72000.0,2250.0,2024-07-26
Dijon,21231,21000,Appartement,50.0,120000.0,2400.0,2024-07-26
Corcelles-les-Monts,21192,21160,Maison,73.0,170000.0,2328.77,2024-07-24
Dijon,21231,21000,Appartement,26.0,53000.0,2038.46,2024-07-24
Obtrée,21465,21400,Maison,108.0,55000.0,509.26,2024-08-01
Dijon,21231,21000,Appartement,29.0,72000.0,2482.76,2024-08-05
Dijon,21231,21000,Maison,98.0,250000.0,2551.02,2024-07-26
Rouvray,21531,21530,Maison,79.0,38000.0,481.01,2024-08-06
Couchey,21200,21160,Maison,108.0,189000.0,1750.0,2024-07-29
Dijon,21231,21000,Maison,78.0,283500.0,3634.62,2024-07-18
Dijon,21231,21000,Appartement,42.0,107050.0,2548.81,2024-07-10
Dijon,21231,21000,Appartement,63.0,234451.0,3721.44,2024-07-18
Genay,21291,21140,Maison,86.0,45000.0,523.26,2024-07-19
Marcilly-sur-Tille,21383,21120,Maison,89.0,181000.0,2033.71,2024-08-05
Dijon,21231,21000,Appartement,58.0,137890.0,2377.41,2024-08-01
Norges-la-Ville,21462,21490,Maison,80.0,430000.0,5375.0,2024-08-02
Chenôve,21166,21300,Maison,82.0,246300.0,3003.66,2024-07-26
Marsannay-la-Côte,21390,21160,Maison,72.0,250000.0,3472.22,2024-07-30
Dijon,21231,21000,Maison,256.0,945000.0,3691.41,2024-07-29
Couchey,21200,21160,Appartement,157.0,130000.0,828.03,2024-07-18
Is-sur-Tille,21317,21120,Maison,80.0,375000.0,4687.5,2024-08-02
Is-sur-Tille,21317,21120,Maison,144.0,375000.0,2604.17,2024-08-02
Voudenay,21715,21230,Maison,154.0,98505.0,639.64,2024-07-23
Dijon,21231,21000,Appartement,52.0,70000.0,1346.15,2024-07-24
Genlis,21292,21110,Appartement,66.0,80370.0,1217.73,2024-07-12
Beaune,21054,21200,Appartement,80.0,105000.0,1312.5,2024-07-18
Quetigny,21515,21800,Appartement,67.0,204100.0,3046.27,2024-07-16
Marsannay-la-Côte,21390,21160,Maison,82.0,212200.0,2587.8,2024-07-30
Chevigny-Saint-Sauveur,21171,21800,Maison,107.0,330000.0,3084.11,2024-08-05
Dijon,21231,21000,Appartement,37.0,94800.0,2562.16,2024-07-18
Dijon,21231,21000,Maison,64.0,280000.0,4375.0,2024-07-25
Dijon,21231,21000,Maison,166.0,528660.0,3184.7,2024-07-31
Gemeaux,21290,21120,Maison,105.0,299614.0,2853.47,2024-07-22
Saulon-la-Rue,21586,21910,Maison,124.0,283000.0,2282.26,2024-07-31
Corgoloin,21194,21700,Maison,119.0,229750.0,1930.67,2024-07-29
Dijon,21231,21000,Appartement,23.0,42500.0,1847.83,2024-07-31
Is-sur-Tille,21317,21120,Maison,70.0,159500.0,2278.57,2024-08-06
Dijon,21231,21000,Appartement,79.0,78500.0,993.67,2024-08-07
Til-Châtel,21638,21120,Maison,90.0,134000.0,1488.89,2024-08-06
Dijon,21231,21000,Appartement,41.0,90000.0,2195.12,2024-07-26
Épagny,21245,21380,Appartement,112.0,143000.0,1276.79,2024-08-07
Dijon,21231,21000,Appartement,82.0,240000.0,2926.83,2024-08-08
Pommard,21492,21630,Maison,50.0,148850.0,2977.0,2024-07-29
Auxonne,21038,21130,Maison,130.0,240000.0,1846.15,2024-07-30
Chevigny-Saint-Sauveur,21171,21800,Maison,144.0,380000.0,2638.89,2024-07-29
Sincey-lès-Rouvray,21608,21530,Maison,30.0,115000.0,3833.33,2024-07-25
Sincey-lès-Rouvray,21608,21530,Maison,89.0,115000.0,1292.13,2024-07-25
Dijon,21231,21000,Appartement,68.0,145700.0,2142.65,2024-07-18
Chevigny-Saint-Sauveur,21171,21800,Appartement,40.0,126000.0,3150.0,2024-07-29
Dijon,21231,21000,Appartement,28.0,70500.0,2517.86,2024-07-29
Dijon,21231,21000,Maison,90.0,314000.0,3488.89,2024-07-31
Dijon,21231,21000,Appartement,65.0,170000.0,2615.38,2024-07-26
La Roche-en-Brenil,21525,21530,Maison,92.0,120000.0,1304.35,2024-07-25
Saint-Romain,21569,21190,Maison,53.0,65000.0,1226.42,2024-08-08
Chenôve,21166,21300,Maison,112.0,310000.0,2767.86,2024-07-30
Dijon,21231,21000,Maison,79.0,72000.0,911.39,2024-07-11
Saint-Jean-de-Losne,21554,21170,Appartement,96.0,71800.0,747.92,2024-07-10
Dijon,21231,21000,Appartement,30.0,39000.0,1300.0,2024-07-30
Dijon,21231,21000,Appartement,79.0,290125.0,3672.47,2024-08-06
Dijon,21231,21000,Appartement,45.0,192000.0,4266.67,2024-07-22
Bressey-sur-Tille,21105,21560,Maison,82.0,175800.0,2143.9,2024-07-29
Seurre,21607,21250,Maison,85.0,138000.0,1623.53,2024-08-06
Dijon,21231,21000,Appartement,62.0,149000.0,2403.23,2024-07-31
Dijon,21231,21000,Appartement,70.0,130000.0,1857.14,2024-08-02
Champdôtre,21138,21130,Maison,200.0,175000.0,875.0,2024-08-02
Dijon,21231,21000,Appartement,18.0,73000.0,4055.56,2024-08-05
Fénay,21263,21600,Maison,80.0,222800.0,2785.0,2024-08-09
Beaune,21054,21200,Appartement,122.0,200000.0,1639.34,2024-08-08
Fontaine-Française,21277,21610,Maison,56.0,130000.0,2321.43,2024-08-02
Champeau-en-Morvan,21139,21210,Maison,73.0,75000.0,1027.4,2024-07-26
Champeau-en-Morvan,21139,21210,Maison,73.0,75000.0,1027.4,2024-07-26
Chevigny-Saint-Sauveur,21171,21800,Appartement,44.0,460000.0,10454.55,2024-07-31
Chevigny-Saint-Sauveur,21171,21800,Appartement,123.0,460000.0,3739.84,2024-07-31
Échevronne,21241,21420,Maison,131.0,320000.0,2442.75,2024-08-09
Dijon,21231,21000,Appartement,74.0,68000.0,918.92,2024-08-09
Arnay-sous-Vitteaux,21024,21350,Maison,128.0,135000.0,1054.69,2024-07-27
Dijon,21231,21000,Appartement,111.0,216950.0,1954.5,2024-07-29
Dijon,21231,21000,Maison,85.0,180000.0,2117.65,2024-08-01
Liernais,21349,21430,Maison,48.0,62500.0,1302.08,2024-07-22
Rouvray,21531,21530,Maison,42.0,45000.0,1071.43,2024-08-08
Rouvray,21531,21530,Maison,42.0,45000.0,1071.43,2024-08-08
Binges,21076,21270,Maison,150.0,241000.0,1606.67,2024-07-30
Talant,21617,21240,Appartement,93.0,350400.0,3767.74,2024-08-01
Dijon,21231,21000,Appartement,48.0,137500.0,2864.58,2024-07-31
Dijon,21231,21000,Appartement,52.0,157000.0,3019.23,2024-07-19
Marsannay-la-Côte,21390,21160,Maison,82.0,225000.0,2743.9,2024-07-24
Dijon,21231,21000,Appartement,94.0,185000.0,1968.09,2024-08-01
Rouvray,21531,21530,Maison,57.0,75000.0,1315.79,2024-07-20
Dijon,21231,21000,Appartement,23.0,55000.0,2391.3,2024-07-31
Saint-Julien,21555,21490,Maison,113.0,287500.0,2544.25,2024-07-31
Longvic,21355,21600,Appartement,70.0,72392.0,1034.17,2024-07-26
Dijon,21231,21000,Appartement,72.0,215000.0,2986.11,2024-07-26
Neuilly-lès-Dijon,21452,21800,Appartement,90.0,255000.0,2833.33,2024-08-05
Dijon,21231,21000,Appartement,101.0,70000.0,693.07,2024-07-12
Dijon,21231,21000,Appartement,22.0,70000.0,3181.82,2024-07-12
Collonges-lès-Premières,21183,21110,Maison,120.0,250000.0,2083.33,2024-08-05
Marcilly-Ogny,21382,21320,Maison,109.0,198000.0,1816.51,2024-07-31
Losne,21356,21170,Maison,135.0,175000.0,1296.3,2024-08-08
Dijon,21231,21000,Appartement,22.0,45000.0,2045.45,2024-07-29
Dijon,21231,21000,Appartement,28.0,67500.0,2410.71,2024-07-30
Bouilland,21092,21420,Maison,90.0,196350.0,2181.67,2024-07-25
Beaune,21054,21200,Maison,114.0,320000.0,2807.02,2024-07-25
Quetigny,21515,21800,Appartement,60.0,92000.0,1533.33,2024-07-31
Dijon,21231,21000,Appartement,60.0,172000.0,2866.67,2024-08-08
Dijon,21231,21000,Appartement,55.0,125000.0,2272.73,2024-07-31
Dijon,21231,21000,Maison,93.0,220000.0,2365.59,2024-07-31
Auxonne,21038,21130,Maison,132.0,155000.0,1174.24,2024-08-01
Saint-Symphorien-sur-Saône,21575,21170,Maison,115.0,120000.0,1043.48,2024-07-31
Fontaine-lès-Dijon,21278,21121,Maison,140.0,499430.0,3567.36,2024-07-23
Dijon,21231,21000,Appartement,47.0,141000.0,3000.0,2024-08-01
Chassagne-Montrachet,21150,21190,Maison,139.0,494550.0,3557.91,2024-07-26
Arc-sur-Tille,21021,21560,Maison,95.0,175793.0,1850.45,2024-07-24
Dijon,21231,21000,Appartement,87.0,23000.0,264.37,2024-08-02
Quetigny,21515,21800,Appartement,110.0,145000.0,1318.18,2024-08-01
Montagny-lès-Beaune,21423,21200,Maison,88.0,245000.0,2784.09,2024-07-23
Vonges,21713,21270,Appartement,60.0,60000.0,1000.0,2024-07-30
Dijon,21231,21000,Appartement,94.0,206500.0,2196.81,2024-08-07
Dijon,21231,21000,Maison,108.0,310000.0,2870.37,2024-08-05
Auxonne,21038,21130,Appartement,51.0,45000.0,882.35,2024-08-08
Dijon,21231,21000,Appartement,17.0,31000.0,1823.53,2024-07-31
Dijon,21231,21000,Appartement,25.0,109000.0,4360.0,2024-08-02
Beaune,21054,21200,Maison,160.0,365000.0,2281.25,2024-08-07
Dijon,21231,21000,Appartement,19.0,55000.0,2894.74,2024-07-31
Saint-Seine-en-Bâche,21572,21130,Maison,74.0,134000.0,1810.81,2024-08-08
Saint-Seine-en-Bâche,21572,21130,Maison,74.0,134000.0,1810.81,2024-08-08
Dijon,21231,21000,Appartement,70.0,115000.0,1642.86,2024-08-02
Beaune,21054,21200,Appartement,67.0,118500.0,1768.66,2024-08-08
Dijon,21231,21000,Maison,51.0,220000.0,4313.73,2024-08-01
Pommard,21492,21630,Maison,139.0,1190953.0,8568.01,2024-07-18
Beaune,21054,21200,Appartement,25.0,90000.0,3600.0,2024-07-22
Chevigny-Saint-Sauveur,21171,21800,Appartement,72.0,114000.0,1583.33,2024-08-07
Viévigne,21682,21310,Maison,130.0,330000.0,2538.46,2024-08-01
Montbard,21425,21500,Maison,70.0,33000.0,471.43,2024-08-08
Tillenay,21639,21130,Appartement,45.0,237000.0,5266.67,2024-08-09
Tillenay,21639,21130,Appartement,56.0,237000.0,4232.14,2024-08-09
Tillenay,21639,21130,Appartement,50.0,237000.0,4740.0,2024-08-09
Tillenay,21639,21130,Appartement,14.0,237000.0,16928.57,2024-08-09
Tillenay,21639,21130,Appartement,22.0,237000.0,10772.73,2024-08-09
Tillenay,21639,21130,Appartement,24.0,237000.0,9875.0,2024-08-09
Tillenay,21639,21130,Appartement,47.0,237000.0,5042.55,2024-08-09
Dijon,21231,21000,Appartement,47.0,120000.0,2553.19,2024-08-07
Bligny-lès-Beaune,21086,21200,Maison,104.0,220000.0,2115.38,2024-07-31
Dijon,21231,21000,Appartement,20.0,74230.0,3711.5,2024-07-23
Saint-Apollinaire,21540,21850,Appartement,94.0,115500.0,1228.72,2024-08-01
Dijon,21231,21000,Appartement,42.0,105000.0,2500.0,2024-08-06
Dijon,21231,21000,Appartement,54.0,129900.0,2405.56,2024-07-24
Auxonne,21038,21130,Maison,75.0,40000.0,533.33,2024-08-08
Dijon,21231,21000,Appartement,36.0,80000.0,2222.22,2024-08-05
Dijon,21231,21000,Appartement,29.0,65000.0,2241.38,2024-08-05
Dijon,21231,21000,Appartement,47.0,97500.0,2074.47,2024-08-02
Meursault,21412,21190,Maison,90.0,220000.0,2444.44,2024-07-26
Talant,21617,21240,Appartement,80.0,273000.0,3412.5,2024-08-01
Talant,21617,21240,Appartement,68.0,273000.0,4014.71,2024-08-01
Dijon,21231,21000,Appartement,53.0,302000.0,5698.11,2024-08-02
Saint-Jean-de-Losne,21554,21170,Appartement,63.0,60000.0,952.38,2024-08-12
Chevigny-Saint-Sauveur,21171,21800,Maison,78.0,266500.0,3416.67,2024-08-09
Dijon,21231,21000,Appartement,110.0,185109.0,1682.81,2024-08-07
Bessey-lès-Cîteaux,21067,21110,Maison,93.0,240100.0,2581.72,2024-08-02
Chevigny-Saint-Sauveur,21171,21800,Appartement,86.0,130000.0,1511.63,2024-08-12
Dijon,21231,21000,Maison,138.0,507000.0,3673.91,2024-08-02
Dijon,21231,21000,Appartement,53.0,180400.0,3403.77,2024-07-26
Arc-sur-Tille,21021,21560,Maison,98.0,240000.0,2448.98,2024-07-24
Dijon,21231,21000,Appartement,21.0,92300.0,4395.24,2024-07-26
Neuilly-lès-Dijon,21452,21800,Appartement,89.0,224300.0,2520.22,2024-07-25
Perrigny-sur-l'Ognon,21482,21270,Maison,97.0,167000.0,1721.65,2024-08-12
Beaune,21054,21200,Appartement,93.0,155000.0,1666.67,2024-08-05
Dijon,21231,21000,Appartement,65.0,116000.0,1784.62,2024-07-05
Veuvey-sur-Ouche,21673,21360,Maison,303.0,154000.0,508.25,2024-08-13
Époisses,21247,21460,Maison,359.0,390240.0,1087.02,2024-08-09
Beaune,21054,21200,Maison,136.0,320000.0,2352.94,2024-08-07
Chevigny-Saint-Sauveur,21171,21800,Appartement,64.0,202000.0,3156.25,2024-07-26
Lucenay-le-Duc,21358,21150,Maison,78.0,72400.0,928.21,2024-07-17
Montigny-Montfort,21429,21500,Maison,104.0,268000.0,2576.92,2024-07-01
Montigny-Montfort,21429,21500,Maison,104.0,268000.0,2576.92,2024-07-01
Glanon,21301,21250,Maison,168.0,185000.0,1101.19,2024-08-02
Lechâtelet,21344,21250,Maison,71.0,110000.0,1549.3,2024-07-03
Lechâtelet,21344,21250,Maison,71.0,110000.0,1549.3,2024-07-03
Tart,21623,21110,Maison,150.0,250150.0,1667.67,2024-07-19
Esbarres,21249,21170,Maison,55.0,186950.0,3399.09,2024-08-01
Charrey-sur-Saône,21148,21170,Maison,300.0,260000.0,866.67,2024-07-24
Charrey-sur-Saône,21148,21170,Maison,300.0,260000.0,866.67,2024-07-24
Aubigny-en-Plaine,21031,21170,Maison,171.0,322900.0,1888.3,2024-07-25
Pagny-la-Ville,21474,21250,Maison,118.0,172170.0,1459.07,2024-07-22
Saint-Apollinaire,21540,21850,Appartement,78.0,67500.0,865.38,2024-07-25
Dijon,21231,21000,Maison,58.0,169000.0,2913.79,2024-07-25
Échenon,21239,21170,Maison,80.0,226000.0,2825.0,2024-07-22
Esbarres,21249,21170,Maison,66.0,71000.0,1075.76,2024-07-25
Beaune,21054,21200,Maison,77.0,212000.0,2753.25,2024-07-05
Ladoix-Serrigny,21606,21550,Maison,96.0,320000.0,3333.33,2024-07-24
Ladoix-Serrigny,21606,21550,Maison,96.0,320000.0,3333.33,2024-07-24
Dijon,21231,21000,Appartement,16.0,58560.0,3660.0,2024-07-29
Esbarres,21249,21170,Maison,150.0,175000.0,1166.67,2024-07-03
Dijon,21231,21000,Maison,80.0,177000.0,2212.5,2024-07-23
Dijon,21231,21000,Appartement,14.0,50000.0,3571.43,2024-07-03
Dijon,21231,21000,Appartement,40.0,184000.0,4600.0,2024-08-09
Quetigny,21515,21800,Appartement,43.0,157400.0,3660.47,2024-07-26
Dijon,21231,21000,Appartement,52.0,194000.0,3730.77,2024-07-30
Dijon,21231,21000,Appartement,68.0,249011.62,3661.94,2024-08-09
Seurre,21607,21250,Appartement,34.0,161000.0,4735.29,2024-08-13
Seurre,21607,21250,Appartement,63.0,161000.0,2555.56,2024-08-13
Seurre,21607,21250,Appartement,61.0,161000.0,2639.34,2024-08-13
Dijon,21231,21000,Appartement,28.0,95000.0,3392.86,2024-07-26
Dijon,21231,21000,Appartement,31.0,95000.0,3064.52,2024-08-12
Bligny-sur-Ouche,21087,21360,Maison,70.0,200000.0,2857.14,2024-08-02
Chevigny-Saint-Sauveur,21171,21800,Maison,221.0,470000.0,2126.7,2024-07-26
Dijon,21231,21000,Appartement,196.0,440000.0,2244.9,2024-07-25
Dijon,21231,21000,Appartement,30.0,94000.0,3133.33,2024-08-08
Dijon,21231,21000,Appartement,43.0,109000.0,2534.88,2024-07-25
Dijon,21231,21000,Maison,108.0,259000.0,2398.15,2024-07-29
Chevigny-Saint-Sauveur,21171,21800,Appartement,63.0,118000.0,1873.02,2024-07-29
Lanthes,21340,21250,Maison,103.0,227000.0,2203.88,2024-08-09
Dijon,21231,21000,Appartement,32.0,79875.0,2496.09,2024-07-23
Noiron-sous-Gevrey,21458,21910,Maison,120.0,108500.0,904.17,2024-07-29
Dijon,21231,21000,Appartement,62.0,250000.0,4032.26,2024-08-05
Gevrolles,21296,21520,Maison,99.0,28000.0,282.83,2024-07-25
Seurre,21607,21250,Appartement,48.0,95000.0,1979.17,2024-08-08
Seurre,21607,21250,Appartement,41.0,95000.0,2317.07,2024-08-08
Dijon,21231,21000,Appartement,82.0,226050.0,2756.71,2024-07-26
Dijon,21231,21000,Appartement,45.0,57500.0,1277.78,2024-07-19
Arc-sur-Tille,21021,21560,Maison,97.0,260000.0,2680.41,2024-07-25
Ruffey-lès-Echirey,21535,21490,Maison,73.0,195000.0,2671.23,2024-07-25
Tichey,21637,21250,Maison,100.0,70000.0,700.0,2024-07-16
Beaune,21054,21200,Appartement,61.0,96000.0,1573.77,2024-07-25
Massingy-lès-Semur,21394,21140,Maison,104.0,248200.0,2386.54,2024-08-02
Massingy-lès-Semur,21394,21140,Maison,40.0,248200.0,6205.0,2024-08-02
Asnières-lès-Dijon,21027,21380,Maison,155.0,520000.0,3354.84,2024-08-07
Chevigny-Saint-Sauveur,21171,21800,Maison,104.0,311751.0,2997.61,2024-07-31
Dijon,21231,21000,Appartement,92.0,77000.0,836.96,2024-08-01
Dijon,21231,21000,Appartement,105.0,275000.0,2619.05,2024-07-30
Dijon,21231,21000,Appartement,88.0,275000.0,3125.0,2024-07-30
Dijon,21231,21000,Appartement,53.0,95000.0,1792.45,2024-08-19
Viévy,21683,21230,Maison,100.0,36000.0,360.0,2024-08-02
Grignon,21308,21150,Maison,200.0,376400.0,1882.0,2024-07-31
Dijon,21231,21000,Appartement,77.0,135000.0,1753.25,2024-08-06
Dijon,21231,21000,Appartement,22.0,75000.0,3409.09,2024-08-08
Dijon,21231,21000,Appartement,98.0,275000.0,2806.12,2024-08-09
Dijon,21231,21000,Appartement,66.0,208600.0,3160.61,2024-08-06
Chevigny-Saint-Sauveur,21171,21800,Appartement,82.0,241650.0,2946.95,2024-08-13
Bretigny,21107,21490,Appartement,63.0,144000.0,2285.71,2024-07-30
Menesble,21402,21290,Maison,50.0,36000.0,720.0,2024-08-02
Auxonne,21038,21130,Appartement,72.0,68000.0,944.44,2024-07-29
Chevigny-Saint-Sauveur,21171,21800,Appartement,74.0,205000.0,2770.27,2024-08-13
Dijon,21231,21000,Appartement,32.0,95000.0,2968.75,2024-08-05
Fauverney,21261,21110,Maison,113.0,260000.0,2300.88,2024-07-31
Chevigny-Saint-Sauveur,21171,21800,Appartement,70.0,139000.0,1985.71,2024-07-30
Dijon,21231,21000,Appartement,59.0,136800.0,2318.64,2024-07-30
Grenant-lès-Sombernon,21306,21540,Maison,20.0,65000.0,3250.0,2024-07-31
Grenant-lès-Sombernon,21306,21540,Maison,25.0,65000.0,2600.0,2024-07-31
Dijon,21231,21000,Appartement,21.0,93900.0,4471.43,2024-08-02
Chenôve,21166,21300,Appartement,76.0,106000.0,1394.74,2024-08-01
Dijon,21231,21000,Maison,60.0,105000.0,1750.0,2024-07-30
Dijon,21231,21000,Appartement,69.0,159040.0,2304.93,2024-07-30
Dijon,21231,21000,Appartement,113.0,380000.0,3362.83,2024-08-02
Arc-sur-Tille,21021,21560,Maison,172.0,216600.0,1259.3,2024-07-29
Dijon,21231,21000,Appartement,65.0,161000.0,2476.92,2024-08-01
Dijon,21231,21000,Appartement,47.0,201000.0,4276.6,2024-08-07
Chevigny-Saint-Sauveur,21171,21800,Appartement,64.0,180000.0,2812.5,2024-08-02
Champeau-en-Morvan,21139,21210,Maison,81.0,421100.0,5198.77,2024-08-06
Dijon,21231,21000,Appartement,15.0,76000.0,5066.67,2024-07-31
Fontaine-lès-Dijon,21278,21121,Maison,99.0,280000.0,2828.28,2024-07-31
Fontaine-lès-Dijon,21278,21121,Appartement,82.0,202800.0,2473.17,2024-08-01
Dijon,21231,21000,Appartement,101.0,290000.0,2871.29,2024-08-19
Talant,21617,21240,Appartement,69.0,193200.0,2800.0,2024-08-01
Barbirey-sur-Ouche,21045,21410,Maison,163.0,288650.0,1770.86,2024-08-02
Sombernon,21611,21540,Maison,18.0,56500.0,3138.89,2024-08-05
Talant,21617,21240,Appartement,47.0,84500.0,1797.87,2024-08-01
Marcilly-sur-Tille,21383,21120,Appartement,64.0,177500.0,2773.44,2024-08-01
Fauverney,21261,21110,Maison,131.0,336100.0,2565.65,2024-07-29
Fontaine-lès-Dijon,21278,21121,Appartement,87.0,213950.0,2459.2,2024-08-01
Neuilly-lès-Dijon,21452,21800,Maison,97.0,280895.53,2895.83,2024-08-09
Dijon,21231,21000,Appartement,32.0,127000.0,3968.75,2024-08-20
Sainte-Colombe-sur-Seine,21545,21400,Maison,97.0,115000.0,1185.57,2024-07-24
Larrey,21343,21330,Maison,162.0,48000.0,296.3,2024-07-30
Brémur-et-Vaurois,21104,21400,Maison,110.0,91000.0,827.27,2024-08-14
Châtillon-sur-Seine,21154,21400,Maison,38.0,26000.0,684.21,2024-07-24
Châtillon-sur-Seine,21154,21400,Maison,105.0,190000.0,1809.52,2024-07-29
Châtillon-sur-Seine,21154,21400,Maison,105.0,190000.0,1809.52,2024-07-29
Courban,21202,21520,Maison,106.0,72000.0,679.25,2024-07-26
Coulmier-le-Sec,21201,21400,Maison,83.0,55000.0,662.65,2024-07-26
Seigny,21598,21150,Maison,90.0,135000.0,1500.0,2024-07-25
Nod-sur-Seine,21455,21400,Maison,40.0,13500.0,337.5,2024-07-26
Châtillon-sur-Seine,21154,21400,Maison,140.0,68000.0,485.71,2024-07-26
Châtillon-sur-Seine,21154,21400,Appartement,46.0,39900.0,867.39,2024-07-31
Dijon,21231,21000,Appartement,43.0,137000.0,3186.05,2024-08-01
Châtillon-sur-Seine,21154,21400,Maison,106.0,122000.0,1150.94,2024-08-05
Châtillon-sur-Seine,21154,21400,Appartement,102.0,71750.0,703.43,2024-08-06
Mosson,21444,21400,Maison,116.0,90000.0,775.86,2024-08-07
Montbard,21425,21500,Maison,90.0,93400.0,1037.78,2024-07-30
Dijon,21231,21000,Appartement,21.0,65000.0,3095.24,2024-08-09
Montbard,21425,21500,Maison,73.0,132000.0,1808.22,2024-07-30
Crugey,21214,21360,Maison,54.0,26000.0,481.48,2024-08-21
Meuilley,21409,21700,Appartement,60.0,530000.0,8833.33,2024-08-01
Meuilley,21409,21700,Appartement,90.0,530000.0,5888.89,2024-08-01
Dijon,21231,21000,Appartement,43.0,115000.0,2674.42,2024-08-21
Dijon,21231,21000,Appartement,44.0,115500.0,2625.0,2024-07-24
Dijon,21231,21000,Appartement,85.0,259000.0,3047.06,2024-08-19
Dijon,21231,21000,Maison,111.0,230000.0,2072.07,2024-08-01
Vitteaux,21710,21350,Maison,144.0,225470.0,1565.76,2024-08-21
Vitteaux,21710,21350,Maison,144.0,225470.0,1565.76,2024-08-21
Vitteaux,21710,21350,Maison,144.0,225470.0,1565.76,2024-08-21
Fauverney,21261,21110,Maison,198.0,579700.0,2927.78,2024-08-02
Fontaine-lès-Dijon,21278,21121,Appartement,41.0,120000.0,2926.83,2024-08-05
Thoires,21628,21570,Maison,80.0,82500.0,1031.25,2024-07-27
Auxonne,21038,21130,Maison,75.0,130000.0,1733.33,2024-07-24
Dijon,21231,21000,Appartement,70.0,251460.0,3592.29,2024-08-02
Dijon,21231,21000,Appartement,56.0,148700.0,2655.36,2024-08-20
Saint-Apollinaire,21540,21850,Maison,139.0,429600.0,3090.65,2024-08-08
Chevigny-Saint-Sauveur,21171,21800,Appartement,38.0,113000.0,2973.68,2024-08-21
Aignay-le-Duc,21004,21510,Maison,123.0,110000.0,894.31,2024-08-07
Molesme,21419,21330,Maison,80.0,139900.0,1748.75,2024-08-07
Savouges,21596,21910,Maison,129.0,306000.0,2372.09,2024-07-30
Vitteaux,21710,21350,Maison,60.0,17000.0,283.33,2024-07-29
Dijon,21231,21000,Appartement,58.0,102000.0,1758.62,2024-08-13
Longecourt-en-Plaine,21353,21110,Maison,140.0,250000.0,1785.71,2024-08-13
Dijon,21231,21000,Appartement,84.0,327000.0,3892.86,2024-08-09
Dijon,21231,21000,Appartement,59.0,82000.0,1389.83,2024-07-29
Chevigny-Saint-Sauveur,21171,21800,Maison,77.0,255300.0,3315.58,2024-08-19
Quetigny,21515,21800,Maison,74.0,180000.0,2432.43,2024-08-09
Brain,21100,21350,Maison,117.0,125000.0,1068.38,2024-08-14
Dijon,21231,21000,Appartement,102.0,244019.0,2392.34,2024-08-02
Dijon,21231,21000,Appartement,30.0,121150.0,4038.33,2024-08-09
Pouilly-sur-Saône,21502,21250,Maison,121.0,211800.0,1750.41,2024-08-23
Pouilly-sur-Saône,21502,21250,Maison,121.0,211800.0,1750.41,2024-08-23
Dijon,21231,21000,Appartement,61.0,158050.0,2590.98,2024-08-19
Dijon,21231,21000,Appartement,68.0,137000.0,2014.71,2024-08-20
Montbard,21425,21500,Appartement,101.0,118110.0,1169.41,2024-05-13
Dijon,21231,21000,Maison,96.0,285600.0,2975.0,2024-08-02
Dijon,21231,21000,Appartement,80.0,170500.0,2131.25,2024-08-22
Dijon,21231,21000,Appartement,21.0,64000.0,3047.62,2024-08-02
Dijon,21231,21000,Appartement,52.0,126700.0,2436.54,2024-08-19
Dompierre-en-Morvan,21232,21390,Maison,75.0,65000.0,866.67,2024-08-02
Dijon,21231,21000,Appartement,94.0,360000.0,3829.79,2024-08-09
Longvic,21355,21600,Appartement,79.0,159000.0,2012.66,2024-08-02
Dijon,21231,21000,Appartement,61.0,260000.0,4262.3,2024-08-09
Dijon,21231,21000,Appartement,55.0,117500.0,2136.36,2024-08-12
Dijon,21231,21000,Appartement,65.0,680000.0,10461.54,2024-08-13
Dijon,21231,21000,Appartement,54.0,680000.0,12592.59,2024-08-13
Dijon,21231,21000,Appartement,65.0,680000.0,10461.54,2024-08-13
Dijon,21231,21000,Appartement,65.0,680000.0,10461.54,2024-08-13
Dijon,21231,21000,Appartement,40.0,680000.0,17000.0,2024-08-13
Dijon,21231,21000,Appartement,92.0,207000.0,2250.0,2024-08-20
Neuilly-lès-Dijon,21452,21800,Maison,133.0,334000.0,2511.28,2024-08-20
Dijon,21231,21000,Appartement,54.0,105000.0,1944.44,2024-08-20
Dijon,21231,21000,Appartement,38.0,102050.0,2685.53,2024-08-20
Dijon,21231,21000,Appartement,48.0,77000.0,1604.17,2024-08-22
Dijon,21231,21000,Appartement,55.0,141700.0,2576.36,2024-08-01
Touillon,21641,21500,Maison,112.0,60000.0,535.71,2024-08-19
Montbard,21425,21500,Maison,80.0,132100.0,1651.25,2024-08-13
Saffres,21537,21350,Maison,55.0,17600.0,320.0,2024-08-19
Mavilly-Mandelot,21397,21190,Maison,148.0,220000.0,1486.49,2024-08-26
Mavilly-Mandelot,21397,21190,Maison,148.0,220000.0,1486.49,2024-08-26
Dijon,21231,21000,Appartement,46.0,125000.0,2717.39,2024-08-21
Dijon,21231,21000,Appartement,15.0,39000.0,2600.0,2024-08-02
Dijon,21231,21000,Appartement,15.0,39000.0,2600.0,2024-08-02
Dijon,21231,21000,Appartement,95.0,470000.0,4947.37,2024-08-19
Montbard,21425,21500,Maison,66.0,80000.0,1212.12,2024-08-20
Dijon,21231,21000,Appartement,25.0,92700.0,3708.0,2024-08-06
Dijon,21231,21000,Appartement,32.0,92000.0,2875.0,2024-08-26
Dijon,21231,21000,Appartement,30.0,78000.0,2600.0,2024-08-22
Fénay,21263,21600,Maison,56.0,138000.0,2464.29,2024-07-31
Daix,21223,21121,Maison,120.0,379300.0,3160.83,2024-07-31
Molesme,21419,21330,Maison,63.0,55000.0,873.02,2024-08-01
Dijon,21231,21000,Appartement,75.0,42000.0,560.0,2024-08-20
Voudenay,21715,21230,Maison,146.0,180850.0,1238.7,2024-07-30
Chenôve,21166,21300,Appartement,63.0,97100.0,1541.27,2024-08-07
Dijon,21231,21000,Appartement,46.0,211000.0,4586.96,2024-07-29
Dijon,21231,21000,Maison,67.0,315000.0,4701.49,2024-07-30
Dijon,21231,21000,Appartement,43.0,127500.0,2965.12,2024-08-08
Quetigny,21515,21800,Appartement,37.0,130000.0,3513.51,2024-07-31
Dijon,21231,21000,Appartement,61.0,49000.0,803.28,2024-08-06
Dijon,21231,21000,Appartement,41.0,150000.0,3658.54,2024-08-08
Montbard,21425,21500,Maison,104.0,148000.0,1423.08,2024-08-20
Viévy,21683,21230,Maison,48.0,55000.0,1145.83,2024-07-29
Dijon,21231,21000,Maison,123.0,490000.0,3983.74,2024-08-27
Daix,21223,21121,Maison,120.0,370500.0,3087.5,2024-08-22
Drambon,21233,21270,Maison,103.0,231200.0,2244.66,2024-08-23
Drambon,21233,21270,Maison,103.0,231200.0,2244.66,2024-08-23
Belleneuve,21060,21310,Maison,74.0,120000.0,1621.62,2024-08-22
Villargoix,21687,21210,Maison,40.0,72500.0,1812.5,2024-08-20
Mâlain,21373,21410,Maison,220.0,410000.0,1863.64,2024-07-31
Norges-la-Ville,21462,21490,Maison,80.0,385300.0,4816.25,2024-08-05
Dijon,21231,21000,Appartement,110.0,338750.0,3079.55,2024-08-06
Savouges,21596,21910,Maison,82.0,252000.0,3073.17,2024-08-07
Dijon,21231,21000,Maison,90.0,241000.0,2677.78,2024-08-21
Fénay,21263,21600,Maison,145.0,325000.0,2241.38,2024-08-27
Touillon,21641,21500,Maison,129.0,186000.0,1441.86,2024-08-13
Dijon,21231,21000,Appartement,105.0,230000.0,2190.48,2024-08-09
Dijon,21231,21000,Appartement,19.0,65500.0,3447.37,2024-07-31
Laignes,21336,21330,Maison,50.0,15000.0,300.0,2024-08-26
Bligny-lès-Beaune,21086,21200,Maison,60.0,243800.0,4063.33,2024-08-22
Dijon,21231,21000,Appartement,174.0,480000.0,2758.62,2024-08-05
Rougemont,21530,21500,Maison,99.0,77000.0,777.78,2024-08-01
Sombernon,21611,21540,Maison,120.0,219000.0,1825.0,2024-08-09
Dijon,21231,21000,Appartement,12.0,59600.0,4966.67,2024-08-09
Dijon,21231,21000,Appartement,12.0,59600.0,4966.67,2024-08-09
Dijon,21231,21000,Appartement,55.0,121000.0,2200.0,2024-08-08
Beaune,21054,21200,Appartement,42.0,97000.0,2309.52,2024-08-06
Saussy,21589,21380,Maison,72.0,175000.0,2430.56,2024-08-26
Labruyère,21333,21250,Maison,110.0,208000.0,1890.91,2024-08-14
Trouhans,21645,21170,Maison,185.0,290000.0,1567.57,2024-08-19
Dijon,21231,21000,Appartement,53.0,108000.0,2037.74,2024-08-08
Saint-Rémy,21568,21500,Maison,88.0,148850.0,1691.48,2024-08-02
Barbirey-sur-Ouche,21045,21410,Maison,73.0,150000.0,2054.79,2024-08-05
Seurre,21607,21250,Maison,85.0,145000.0,1705.88,2024-08-27
Fontaine-lès-Dijon,21278,21121,Maison,220.0,653000.0,2968.18,2024-08-26
Saint-Maurice-sur-Vingeanne,21562,21610,Maison,68.0,240000.0,3529.41,2024-08-23
Talant,21617,21240,Appartement,43.0,187000.0,4348.84,2024-08-05
Saint-Apollinaire,21540,21850,Appartement,66.0,185000.0,2803.03,2024-08-07
Châteauneuf,21152,21320,Maison,148.0,210000.0,1418.92,2024-08-06
Dijon,21231,21000,Appartement,38.0,94100.0,2476.32,2024-08-09
Perrigny-lès-Dijon,21481,21160,Maison,158.0,460000.0,2911.39,2024-08-07
Perrigny-lès-Dijon,21481,21160,Maison,158.0,460000.0,2911.39,2024-08-07
Lantenay,21339,21370,Maison,78.0,120000.0,1538.46,2024-08-27
Saint-Apollinaire,21540,21850,Appartement,80.0,157000.0,1962.5,2024-08-08
Dijon,21231,21000,Appartement,67.0,210000.0,3134.33,2024-08-21
Bourberain,21094,21610,Maison,213.0,350000.0,1643.19,2024-08-27
Venarey-les-Laumes,21663,21150,Maison,106.0,145000.0,1367.92,2024-08-09
Dijon,21231,21000,Appartement,24.0,89000.0,3708.33,2024-08-02
Dijon,21231,21000,Appartement,56.0,197500.0,3526.79,2024-08-27
Dijon,21231,21000,Maison,86.0,300000.0,3488.37,2024-08-02
Chevigny-Saint-Sauveur,21171,21800,Appartement,20.0,48180.0,2409.0,2024-08-22
Chevigny-Saint-Sauveur,21171,21800,Appartement,75.0,147000.0,1960.0,2024-08-28
Asnières-lès-Dijon,21027,21380,Maison,317.0,1065000.0,3359.62,2024-07-31
Asnières-lès-Dijon,21027,21380,Maison,317.0,1065000.0,3359.62,2024-07-31
Chevigny-Saint-Sauveur,21171,21800,Appartement,87.0,145200.0,1668.97,2024-08-02
Remilly-sur-Tille,21521,21560,Maison,75.0,100000.0,1333.33,2024-08-23
Meuilley,21409,21700,Maison,128.0,134400.0,1050.0,2024-08-01
Dijon,21231,21000,Appartement,33.0,92500.0,2803.03,2024-08-22
Dijon,21231,21000,Appartement,149.0,657300.0,4411.41,2024-08-22
Genlis,21292,21110,Maison,98.0,238170.0,2430.31,2024-08-02
Norges-la-Ville,21462,21490,Maison,111.0,350000.0,3153.15,2024-07-31
Dijon,21231,21000,Maison,116.0,370000.0,3189.66,2024-08-02
Dijon,21231,21000,Appartement,46.0,166000.0,3608.7,2024-08-22
Dijon,21231,21000,Appartement,76.0,100000.0,1315.79,2024-07-31
Chevannes,21169,21220,Maison,90.0,308000.0,3422.22,2024-08-02
Longecourt-en-Plaine,21353,21110,Maison,80.0,150000.0,1875.0,2024-08-02
Dijon,21231,21000,Appartement,42.0,144000.0,3428.57,2024-08-28
Saint-Apollinaire,21540,21850,Maison,105.0,320150.0,3049.05,2024-08-09
Plombières-lès-Dijon,21485,21370,Appartement,48.0,115110.0,2398.12,2024-08-20
Magny-lès-Villers,21368,21700,Maison,154.0,417700.0,2712.34,2024-08-12
Dijon,21231,21000,Maison,65.0,245000.0,3769.23,2024-08-07
Dijon,21231,21000,Appartement,57.0,115300.0,2022.81,2024-08-12
Saint-Nicolas-lès-Cîteaux,21564,21700,Maison,99.0,222000.0,2242.42,2024-08-06
Saint-Nicolas-lès-Cîteaux,21564,21700,Maison,99.0,222000.0,2242.42,2024-08-06
Chaux,21162,21700,Maison,20.0,55740.0,2787.0,2024-08-08
Dijon,21231,21000,Appartement,65.0,130000.0,2000.0,2024-08-12
Couchey,21200,21160,Appartement,131.0,150000.0,1145.04,2024-08-02
Chenôve,21166,21300,Appartement,40.0,104000.0,2600.0,2024-08-07
Dijon,21231,21000,Appartement,29.0,119000.0,4103.45,2024-08-08
Dijon,21231,21000,Appartement,79.0,134100.0,1697.47,2024-08-02
Longvic,21355,21600,Maison,85.0,239000.0,2811.76,2024-08-08
Plombières-lès-Dijon,21485,21370,Appartement,68.0,157500.0,2316.18,2024-08-12
Chevigny-Saint-Sauveur,21171,21800,Appartement,83.0,165000.0,1987.95,2024-08-27
Dijon,21231,21000,Appartement,33.0,122500.0,3712.12,2024-08-12
Chenôve,21166,21300,Appartement,73.0,30000.0,410.96,2024-08-06
Longvic,21355,21600,Appartement,58.0,74400.0,1282.76,2024-08-14
Dijon,21231,21000,Appartement,24.0,145001.0,6041.71,2024-08-12
Dijon,21231,21000,Appartement,23.0,119001.0,5173.96,2024-08-13
Dijon,21231,21000,Appartement,42.0,84750.0,2017.86,2024-08-23
Chevigny-Saint-Sauveur,21171,21800,Appartement,63.0,229250.0,3638.89,2024-08-23
Chenôve,21166,21300,Appartement,50.0,34500.0,690.0,2024-08-22
Saint-Apollinaire,21540,21850,Appartement,15.0,60000.0,4000.0,2024-08-02
Dijon,21231,21000,Appartement,38.0,166000.0,4368.42,2024-08-14
Dijon,21231,21000,Appartement,70.0,252000.0,3600.0,2024-08-14
Quetigny,21515,21800,Appartement,42.0,161500.0,3845.24,2024-08-06
Buncey,21115,21400,Maison,56.0,81000.0,1446.43,2024-08-29
Chevigny-Saint-Sauveur,21171,21800,Appartement,85.0,132000.0,1552.94,2024-08-21
Dijon,21231,21000,Appartement,40.0,120500.0,3012.5,2024-08-21
Dijon,21231,21000,Appartement,50.0,113000.0,2260.0,2024-08-21
Sennecey-lès-Dijon,21605,21800,Appartement,45.0,118500.0,2633.33,2024-08-21
Gevrey-Chambertin,21295,21220,Maison,83.0,237500.0,2861.45,2024-08-05
Thury,21636,21340,Maison,30.0,139500.0,4650.0,2024-08-02
Dijon,21231,21000,Appartement,38.0,119350.0,3140.79,2024-08-29
Dijon,21231,21000,Appartement,65.0,113000.0,1738.46,2024-08-09
Arnay-le-Duc,21023,21230,Maison,95.0,97000.0,1021.05,2024-08-02
Arnay-le-Duc,21023,21230,Maison,18.0,97000.0,5388.89,2024-08-02
Magnien,21363,21230,Maison,130.0,173700.0,1336.15,2024-08-02
Seurre,21607,21250,Appartement,75.0,135000.0,1800.0,2024-08-20
Is-sur-Tille,21317,21120,Maison,94.0,225000.0,2393.62,2024-08-28
Longchamp,21351,21110,Maison,139.0,250000.0,1798.56,2024-08-05
Dijon,21231,21000,Appartement,66.0,114000.0,1727.27,2024-08-05
Dijon,21231,21000,Appartement,17.0,268000.0,15764.71,2024-08-07
Dijon,21231,21000,Appartement,18.0,268000.0,14888.89,2024-08-07
Dijon,21231,21000,Appartement,18.0,268000.0,14888.89,2024-08-07
Dijon,21231,21000,Appartement,18.0,268000.0,14888.89,2024-08-07
Chevigny-Saint-Sauveur,21171,21800,Appartement,174.0,227750.0,1308.91,2024-08-06
Dijon,21231,21000,Appartement,29.0,84400.0,2910.34,2024-08-07
Dijon,21231,21000,Appartement,32.0,89000.0,2781.25,2024-08-29
Selongey,21599,21260,Maison,94.0,188750.0,2007.98,2024-08-27
Saulon-la-Chapelle,21585,21910,Maison,84.0,212000.0,2523.81,2024-08-09
Chevigny-Saint-Sauveur,21171,21800,Appartement,73.0,136600.0,1871.23,2024-08-05
Montbard,21425,21500,Maison,115.0,176550.0,1535.22,2024-08-27
Dijon,21231,21000,Appartement,61.0,141600.0,2321.31,2024-08-01
Dijon,21231,21000,Appartement,76.0,212000.0,2789.47,2024-08-26
Dijon,21231,21000,Appartement,89.0,250000.0,2808.99,2024-08-02
Dijon,21231,21000,Appartement,78.0,375000.0,4807.69,2024-08-26
Dijon,21231,21000,Appartement,15.0,52060.0,3470.67,2024-08-30
Dijon,21231,21000,Appartement,85.0,210000.0,2470.59,2024-08-06
Dijon,21231,21000,Appartement,60.0,115000.0,1916.67,2024-08-30
Genay,21291,21140,Maison,90.0,54000.0,600.0,2024-08-22
Gevrey-Chambertin,21295,21220,Appartement,62.0,130000.0,2096.77,2024-08-09
Vieilmoulin,21679,21540,Maison,64.0,146500.0,2289.06,2024-08-19
Pont-et-Massène,21497,21140,Maison,80.0,120000.0,1500.0,2024-08-28
Pont-et-Massène,21497,21140,Maison,80.0,120000.0,1500.0,2024-08-28
Missery,21417,21210,Maison,144.0,210000.0,1458.33,2024-08-12
Dijon,21231,21000,Appartement,53.0,97000.0,1830.19,2024-07-04
Dijon,21231,21000,Appartement,67.0,100000.0,1492.54,2024-07-31
Dijon,21231,21000,Appartement,43.0,55000.0,1279.07,2024-07-31
Fontangy,21280,21390,Maison,94.0,90000.0,957.45,2024-08-30
Dijon,21231,21000,Appartement,60.0,225000.0,3750.0,2024-08-12
Dijon,21231,21000,Appartement,40.0,105000.0,2625.0,2024-07-31
Dijon,21231,21000,Appartement,68.0,100000.0,1470.59,2024-08-02
Fontaine-lès-Dijon,21278,21121,Maison,98.0,300000.0,3061.22,2024-07-26
Dijon,21231,21000,Appartement,41.0,188000.0,4585.37,2024-08-09
Dijon,21231,21000,Appartement,41.0,192000.0,4682.93,2024-08-21
Dijon,21231,21000,Appartement,65.0,239000.0,3676.92,2024-08-23
Alise-Sainte-Reine,21008,21150,Appartement,80.0,125000.0,1562.5,2024-08-13
Alise-Sainte-Reine,21008,21150,Appartement,90.0,125000.0,1388.89,2024-08-13
Dijon,21231,21000,Appartement,33.0,88010.0,2666.97,2024-08-29
Foncegrive,21275,21260,Maison,115.0,157610.0,1370.52,2024-08-30
Foncegrive,21275,21260,Maison,115.0,157610.0,1370.52,2024-08-30
Is-sur-Tille,21317,21120,Maison,127.0,290000.0,2283.46,2024-08-30
Is-sur-Tille,21317,21120,Maison,127.0,290000.0,2283.46,2024-08-30
Boussenois,21096,21260,Maison,86.0,223500.0,2598.84,2024-08-29
Boussenois,21096,21260,Maison,86.0,223500.0,2598.84,2024-08-29
Villedieu,21693,21330,Maison,22.0,49000.0,2227.27,2024-08-06
Villedieu,21693,21330,Maison,22.0,49000.0,2227.27,2024-08-06
Dijon,21231,21000,Appartement,55.0,130000.0,2363.64,2024-08-09
Marmagne,21389,21500,Maison,115.0,206800.0,1798.26,2024-08-14
Dijon,21231,21000,Appartement,92.0,170700.0,1855.43,2024-08-13
Chevigny-en-Valière,21170,21200,Maison,155.0,675000.0,4354.84,2024-08-02
Chambeire,21130,21110,Maison,89.0,232000.0,2606.74,2024-08-29
Dijon,21231,21000,Maison,69.0,329000.0,4768.12,2024-08-20
Quetigny,21515,21800,Maison,99.0,254000.0,2565.66,2024-08-27
Dijon,21231,21000,Appartement,31.0,95550.0,3082.26,2024-08-26
Dijon,21231,21000,Appartement,40.0,80000.0,2000.0,2024-08-27
Fontaine-lès-Dijon,21278,21121,Appartement,86.0,127000.0,1476.74,2024-08-22
Viévy,21683,21230,Maison,116.0,201495.0,1737.03,2024-08-08
Viévy,21683,21230,Maison,116.0,201495.0,1737.03,2024-08-08
Dijon,21231,21000,Appartement,30.0,99000.0,3300.0,2024-08-09
Blaisy-Bas,21080,21540,Maison,167.0,266000.0,1592.81,2024-08-14
Dijon,21231,21000,Appartement,42.0,70000.0,1666.67,2024-08-27
Neuilly-lès-Dijon,21452,21800,Maison,90.0,190000.0,2111.11,2024-08-08
Longvic,21355,21600,Maison,74.0,155000.0,2094.59,2024-08-07
Talant,21617,21240,Appartement,30.0,66000.0,2200.0,2024-08-08
Quetigny,21515,21800,Appartement,60.0,167800.0,2796.67,2024-08-27
Ladoix-Serrigny,21606,21550,Maison,135.0,271600.0,2011.85,2024-08-21
Ladoix-Serrigny,21606,21550,Maison,135.0,271600.0,2011.85,2024-08-21
Meursanges,21411,21200,Maison,118.0,303420.0,2571.36,2024-08-09
Meursanges,21411,21200,Maison,118.0,303420.0,2571.36,2024-08-09
Beaune,21054,21200,Appartement,225.0,539400.0,2397.33,2024-08-23
Dijon,21231,21000,Appartement,59.0,131000.0,2220.34,2024-08-23
Beaune,21054,21200,Maison,90.0,170000.0,1888.89,2024-07-22
Genlis,21292,21110,Maison,69.0,151200.0,2191.3,2024-08-08
Dijon,21231,21000,Appartement,46.0,114000.0,2478.26,2024-08-02
Remilly-sur-Tille,21521,21560,Maison,92.0,289200.0,3143.48,2024-08-14
Chenôve,21166,21300,Appartement,84.0,69900.0,832.14,2024-08-08
Dijon,21231,21000,Appartement,30.0,90000.0,3000.0,2024-08-09
Beire-le-Châtel,21056,21310,Appartement,55.0,120000.0,2181.82,2024-08-13
Dijon,21231,21000,Appartement,21.0,71300.0,3395.24,2024-08-27
Dijon,21231,21000,Appartement,30.0,96000.0,3200.0,2024-08-09
Dijon,21231,21000,Appartement,70.0,100000.0,1428.57,2024-08-30
Montbard,21425,21500,Maison,66.0,48000.0,727.27,2024-08-12
Dijon,21231,21000,Appartement,20.0,57100.0,2855.0,2024-08-26
Dijon,21231,21000,Appartement,94.0,216400.0,2302.13,2024-08-08
Dijon,21231,21000,Appartement,47.0,52000.0,1106.38,2024-08-23
Saint-Jean-de-Losne,21554,21170,Appartement,63.0,42000.0,666.67,2024-09-02
Marcilly-sur-Tille,21383,21120,Maison,95.0,135000.0,1421.05,2024-09-02
Is-sur-Tille,21317,21120,Maison,47.0,128500.0,2734.04,2024-09-02
Genlis,21292,21110,Maison,98.0,169900.0,1733.67,2024-08-27
Dijon,21231,21000,Appartement,63.0,159500.0,2531.75,2024-08-29
Saulieu,21584,21210,Maison,70.0,113500.0,1621.43,2024-08-21
Saulieu,21584,21210,Maison,70.0,113500.0,1621.43,2024-08-21
Dijon,21231,21000,Appartement,73.0,172000.0,2356.16,2024-08-13
Labergement-Foigney,21330,21110,Maison,76.0,161000.0,2118.42,2024-08-26
Champagny,21136,21440,Maison,145.0,70000.0,482.76,2024-08-20
Nuits-Saint-Georges,21464,21700,Maison,94.0,125000.0,1329.79,2024-08-06
Dijon,21231,21000,Appartement,55.0,127380.0,2316.0,2024-08-22
Dijon,21231,21000,Appartement,38.0,106000.0,2789.47,2024-08-19
Meursault,21412,21190,Maison,147.0,660000.0,4489.8,2024-08-26
Genlis,21292,21110,Maison,83.0,158500.0,1909.64,2024-08-05
Sainte-Marie-sur-Ouche,21559,21410,Maison,111.0,220000.0,1981.98,2024-08-22
Chevigny-Saint-Sauveur,21171,21800,Appartement,77.0,203000.0,2636.36,2024-09-03
Dijon,21231,21000,Appartement,54.0,108000.0,2000.0,2024-09-04
Remilly-sur-Tille,21521,21560,Maison,157.0,208000.0,1324.84,2024-08-20
Remilly-sur-Tille,21521,21560,Maison,118.0,208000.0,1762.71,2024-08-20
Dijon,21231,21000,Maison,125.0,570000.0,4560.0,2024-08-19
Dijon,21231,21000,Appartement,38.0,90000.0,2368.42,2024-08-07
Dijon,21231,21000,Appartement,130.0,317700.0,2443.85,2024-08-30
Dijon,21231,21000,Appartement,18.0,58000.0,3222.22,2024-08-30
Dijon,21231,21000,Appartement,32.0,120250.0,3757.81,2024-08-09
Dijon,21231,21000,Appartement,189.0,583000.0,3084.66,2024-08-28
Époisses,21247,21460,Maison,66.0,123500.0,1871.21,2024-08-28
Quetigny,21515,21800,Appartement,34.0,44500.0,1308.82,2024-08-30
Dijon,21231,21000,Maison,101.0,417500.0,4133.66,2024-08-22
Messigny-et-Vantoux,21408,21380,Maison,135.0,314300.0,2328.15,2024-08-22
Chevigny-Saint-Sauveur,21171,21800,Maison,88.0,250000.0,2840.91,2024-09-03
Dijon,21231,21000,Appartement,70.0,213000.0,3042.86,2024-08-26
Is-sur-Tille,21317,21120,Appartement,52.0,259500.0,4990.38,2024-08-13
Is-sur-Tille,21317,21120,Appartement,30.0,259500.0,8650.0,2024-08-13
Is-sur-Tille,21317,21120,Appartement,26.0,259500.0,9980.77,2024-08-13
Is-sur-Tille,21317,21120,Appartement,58.0,259500.0,4474.14,2024-08-13
Dijon,21231,21000,Appartement,64.0,108850.0,1700.78,2024-08-19
Selongey,21599,21260,Maison,73.0,207900.0,2847.95,2024-08-22
Selongey,21599,21260,Maison,73.0,207900.0,2847.95,2024-08-22
Quetigny,21515,21800,Maison,47.0,192120.0,4087.66,2024-07-31
Cirey-lès-Pontailler,21175,21270,Maison,99.0,258900.0,2615.15,2024-08-22
Dijon,21231,21000,Appartement,91.0,274030.0,3011.32,2024-08-29
Corcelles-les-Monts,21192,21160,Maison,135.0,180000.0,1333.33,2024-08-21
Dijon,21231,21000,Appartement,114.0,397000.0,3482.46,2024-08-19
Dijon,21231,21000,Appartement,38.0,60000.0,1578.95,2024-08-12
Dijon,21231,21000,Appartement,45.0,198000.0,4400.0,2024-08-22
Dijon,21231,21000,Appartement,18.0,62000.0,3444.44,2024-08-30
Fontaine-lès-Dijon,21278,21121,Appartement,60.0,206900.0,3448.33,2024-08-29
Chamesson,21134,21400,Maison,91.0,37000.0,406.59,2024-08-23
Dijon,21231,21000,Maison,122.0,595000.0,4877.05,2024-08-29
Villers-les-Pots,21699,21130,Maison,85.0,202000.0,2376.47,2024-08-19
Dijon,21231,21000,Appartement,47.0,132000.0,2808.51,2024-08-23
Dijon,21231,21000,Appartement,23.0,85300.0,3708.7,2024-08-19
Genlis,21292,21110,Maison,65.0,227000.0,3492.31,2024-08-23
Perrigny-lès-Dijon,21481,21160,Maison,127.0,379600.0,2988.98,2024-08-14
Beire-le-Châtel,21056,21310,Appartement,115.0,175000.0,1521.74,2024-08-22
Dijon,21231,21000,Appartement,67.0,432000.0,6447.76,2024-08-19
Dijon,21231,21000,Appartement,31.0,432000.0,13935.48,2024-08-19
Dijon,21231,21000,Appartement,71.0,432000.0,6084.51,2024-08-19
Dijon,21231,21000,Appartement,71.0,432000.0,6084.51,2024-08-19
Comblanchien,21186,21700,Maison,69.0,150000.0,2173.91,2024-08-28
Dompierre-en-Morvan,21232,21390,Maison,100.0,40000.0,400.0,2024-08-29
Fontaine-lès-Dijon,21278,21121,Appartement,101.0,275000.0,2722.77,2024-08-26
Ruffey-lès-Echirey,21535,21490,Maison,85.0,283000.0,3329.41,2024-08-26
Dijon,21231,21000,Appartement,61.0,160000.0,2622.95,2024-08-28
Nuits-Saint-Georges,21464,21700,Maison,97.0,215538.0,2222.04,2024-08-30
Poinçon-lès-Larrey,21488,21330,Maison,54.0,49000.0,907.41,2024-08-23
Is-sur-Tille,21317,21120,Appartement,88.0,216870.0,2464.43,2024-08-09
Nuits-Saint-Georges,21464,21700,Maison,105.0,228200.0,2173.33,2024-08-27
Nuits-Saint-Georges,21464,21700,Appartement,109.0,165000.0,1513.76,2024-08-27
Fontaine-lès-Dijon,21278,21121,Maison,80.0,325000.0,4062.5,2024-08-19
Chenôve,21166,21300,Appartement,75.0,69000.0,920.0,2024-08-26
Montmançon,21437,21270,Maison,92.0,188500.0,2048.91,2024-08-28
Saint-Apollinaire,21540,21850,Maison,82.0,206600.0,2519.51,2024-08-28
Dijon,21231,21000,Appartement,53.0,164000.0,3094.34,2024-08-28
Nuits-Saint-Georges,21464,21700,Maison,205.0,500000.0,2439.02,2024-08-27
Argilly,21022,21700,Maison,109.0,180000.0,1651.38,2024-08-22
Labergement-lès-Seurre,21332,21820,Maison,14.0,90000.0,6428.57,2024-08-20
Labergement-lès-Seurre,21332,21820,Maison,11.0,90000.0,8181.82,2024-08-20
Labergement-lès-Seurre,21332,21820,Maison,38.0,90000.0,2368.42,2024-08-20
Labergement-lès-Seurre,21332,21820,Maison,20.0,90000.0,4500.0,2024-08-20
Labergement-lès-Seurre,21332,21820,Maison,14.0,90000.0,6428.57,2024-08-20
Labergement-lès-Seurre,21332,21820,Maison,11.0,90000.0,8181.82,2024-08-20
Labergement-lès-Seurre,21332,21820,Maison,38.0,90000.0,2368.42,2024-08-20
Labergement-lès-Seurre,21332,21820,Maison,20.0,90000.0,4500.0,2024-08-20
Magny-sur-Tille,21370,21110,Appartement,79.0,228000.0,2886.08,2024-08-19
Dijon,21231,21000,Appartement,25.0,65000.0,2600.0,2024-08-21
Marigny-lès-Reullée,21387,21200,Maison,82.0,236650.0,2885.98,2024-08-20
Dijon,21231,21000,Appartement,42.0,154130.0,3669.76,2024-08-19
Dijon,21231,21000,Appartement,60.0,169900.0,2831.67,2024-08-20
Genlis,21292,21110,Maison,100.0,196000.0,1960.0,2024-08-26
Nuits-Saint-Georges,21464,21700,Maison,100.0,291800.0,2918.0,2024-08-29
Chenôve,21166,21300,Appartement,75.0,62100.0,828.0,2024-08-20
Dijon,21231,21000,Appartement,54.0,128550.0,2380.56,2024-08-09
Dijon,21231,21000,Appartement,41.0,75000.0,1829.27,2024-08-12
Varois-et-Chaignot,21657,21490,Maison,146.0,427000.0,2924.66,2024-08-09
Dijon,21231,21000,Appartement,15.0,50000.0,3333.33,2024-08-08
Dijon,21231,21000,Appartement,51.0,134300.0,2633.33,2024-08-09
Prenois,21508,21370,Maison,165.0,380400.0,2305.45,2024-08-27
Dijon,21231,21000,Appartement,62.0,108100.0,1743.55,2024-08-07
Dijon,21231,21000,Appartement,95.0,273300.0,2876.84,2024-08-28
Dijon,21231,21000,Appartement,37.0,86400.0,2335.14,2024-09-04
Arc-sur-Tille,21021,21560,Maison,101.0,355000.0,3514.85,2024-08-28
Saint-Apollinaire,21540,21850,Maison,87.0,247450.0,2844.25,2024-08-21
Nuits-Saint-Georges,21464,21700,Appartement,39.0,57801.0,1482.08,2024-08-30
Chambeire,21130,21110,Maison,75.0,130000.0,1733.33,2024-08-28
Seurre,21607,21250,Appartement,79.0,15000.0,189.87,2024-08-07
Dijon,21231,21000,Appartement,73.0,124500.0,1705.48,2024-08-26
Longvic,21355,21600,Appartement,52.0,126000.0,2423.08,2024-08-27
Longvic,21355,21600,Appartement,38.0,126000.0,3315.79,2024-08-27
Fauverney,21261,21110,Maison,101.0,484000.0,4792.08,2024-08-27
Fauverney,21261,21110,Maison,101.0,484000.0,4792.08,2024-08-27
Bretigny,21107,21490,Maison,94.0,208300.0,2215.96,2024-08-26
Dijon,21231,21000,Appartement,34.0,80150.0,2357.35,2024-08-21
Dijon,21231,21000,Appartement,115.0,458000.0,3982.61,2024-08-26
Dijon,21231,21000,Appartement,24.0,70000.0,2916.67,2024-09-05
Beaune,21054,21200,Maison,80.0,216550.0,2706.88,2024-08-20
Époisses,21247,21460,Maison,76.0,130000.0,1710.53,2024-08-24
Auxonne,21038,21130,Appartement,120.0,162000.0,1350.0,2024-08-27
Neuilly-lès-Dijon,21452,21800,Maison,90.0,300000.0,3333.33,2024-08-23
Dijon,21231,21000,Appartement,35.0,125000.0,3571.43,2024-08-23
Arconcey,21020,21320,Maison,68.0,96000.0,1411.76,2024-09-02
Dijon,21231,21000,Appartement,25.0,129250.0,5170.0,2024-09-06
Nolay,21461,21340,Maison,53.0,100000.0,1886.79,2024-08-20
Dijon,21231,21000,Maison,11.0,250000.0,22727.27,2024-08-19
Dijon,21231,21000,Maison,64.0,250000.0,3906.25,2024-08-19
Arc-sur-Tille,21021,21560,Maison,179.0,335000.0,1871.51,2024-09-03
Saint-Apollinaire,21540,21850,Appartement,63.0,154500.0,2452.38,2024-09-02
Braux,21101,21390,Maison,132.0,36000.0,272.73,2024-08-22
Dijon,21231,21000,Appartement,60.0,136000.0,2266.67,2024-08-29
Beaune,21054,21200,Appartement,31.0,69000.0,2225.81,2024-08-23
Saint-Apollinaire,21540,21850,Maison,62.0,260000.0,4193.55,2024-08-27
Échenon,21239,21170,Maison,90.0,203000.0,2255.56,2024-08-08
Dijon,21231,21000,Appartement,33.0,69900.0,2118.18,2024-08-27
Dijon,21231,21000,Appartement,33.0,78000.0,2363.64,2024-08-29
Cirey-lès-Pontailler,21175,21270,Maison,113.0,239600.0,2120.35,2024-08-27
Chenôve,21166,21300,Appartement,47.0,165440.0,3520.0,2024-08-27
Chevigny-Saint-Sauveur,21171,21800,Appartement,70.0,243000.0,3471.43,2024-09-02
Chenôve,21166,21300,Appartement,111.0,229173.0,2064.62,2024-08-26
Dijon,21231,21000,Appartement,49.0,214000.0,4367.35,2024-08-23
Ahuy,21003,21121,Maison,35.0,125000.0,3571.43,2024-09-03
Puligny-Montrachet,21512,21190,Maison,70.0,150100.0,2144.29,2024-08-29
Dijon,21231,21000,Appartement,33.0,91000.0,2757.58,2024-09-09
Dijon,21231,21000,Appartement,72.0,90000.0,1250.0,2024-08-29
Dijon,21231,21000,Appartement,26.0,90000.0,3461.54,2024-08-26
Semur-en-Auxois,21603,21140,Appartement,18.0,72000.0,4000.0,2024-08-23
Semur-en-Auxois,21603,21140,Appartement,25.0,72000.0,2880.0,2024-08-23
Aubigny-la-Ronce,21032,21340,Maison,110.0,120300.0,1093.64,2024-09-02
Pontailler-sur-Saône,21496,21270,Maison,32.0,82700.0,2584.38,2024-09-02
Véronnes,21667,21260,Maison,98.0,224000.0,2285.71,2024-08-21
Dijon,21231,21000,Appartement,63.0,208000.0,3301.59,2024-08-22
Dijon,21231,21000,Appartement,14.0,58000.0,4142.86,2024-09-04
Fontaine-lès-Dijon,21278,21121,Appartement,29.0,101500.0,3500.0,2024-08-28
Dijon,21231,21000,Appartement,65.0,155000.0,2384.62,2024-08-23
Dijon,21231,21000,Appartement,16.0,49990.0,3124.38,2024-08-23
Dijon,21231,21000,Appartement,17.0,65450.0,3850.0,2024-08-27
Sacquenay,21536,21260,Maison,96.0,115000.0,1197.92,2024-09-06
Sacquenay,21536,21260,Maison,96.0,115000.0,1197.92,2024-09-06
Dijon,21231,21000,Appartement,19.0,72750.0,3828.95,2024-08-27
Aiserey,21005,21110,Maison,80.0,259900.0,3248.75,2024-08-27
Dijon,21231,21000,Appartement,53.0,107500.0,2028.3,2024-08-21
Genlis,21292,21110,Maison,71.0,130000.0,1830.99,2024-08-27
Dijon,21231,21000,Appartement,20.0,68500.0,3425.0,2024-08-30
Dijon,21231,21000,Appartement,70.0,124000.0,1771.43,2024-08-27
Dijon,21231,21000,Appartement,28.0,57000.0,2035.71,2024-08-26
Saint-Germain-de-Modéon,21548,21530,Maison,118.0,162000.0,1372.88,2024-08-23
Saint-Germain-de-Modéon,21548,21530,Maison,118.0,162000.0,1372.88,2024-08-23
Athée,21028,21130,Maison,111.0,196220.0,1767.75,2024-08-28
Vielverge,21680,21270,Maison,140.0,215000.0,1535.71,2024-08-22
Perrigny-sur-l'Ognon,21482,21270,Maison,190.0,270000.0,1421.05,2024-09-04
Perrigny-sur-l'Ognon,21482,21270,Maison,190.0,270000.0,1421.05,2024-09-04
Dijon,21231,21000,Appartement,32.0,96500.0,3015.62,2024-08-26
Dijon,21231,21000,Appartement,18.0,49990.0,2777.22,2024-08-23
Pontailler-sur-Saône,21496,21270,Maison,95.0,182000.0,1915.79,2024-09-02
Dijon,21231,21000,Appartement,53.0,155800.0,2939.62,2024-08-28
Dijon,21231,21000,Appartement,44.0,135800.0,3086.36,2024-08-26
Dijon,21231,21000,Maison,80.0,145000.0,1812.5,2024-08-29
Semur-en-Auxois,21603,21140,Appartement,62.0,520000.0,8387.1,2024-09-02
Semur-en-Auxois,21603,21140,Appartement,264.0,520000.0,1969.7,2024-09-02
Semur-en-Auxois,21603,21140,Appartement,62.0,520000.0,8387.1,2024-09-02
Semur-en-Auxois,21603,21140,Appartement,264.0,520000.0,1969.7,2024-09-02
Dijon,21231,21000,Appartement,37.0,105000.0,2837.84,2024-08-27
Plombières-lès-Dijon,21485,21370,Maison,122.0,232000.0,1901.64,2024-09-05
Villers-la-Faye,21698,21700,Maison,83.0,203500.0,2451.81,2024-09-02
Bressey-sur-Tille,21105,21560,Maison,190.0,685000.0,3605.26,2024-09-04
Channay,21143,21330,Maison,60.0,42000.0,700.0,2024-08-29
Channay,21143,21330,Maison,50.0,42000.0,840.0,2024-08-29
Saint-Apollinaire,21540,21850,Maison,62.0,252865.0,4078.47,2024-09-06
Saint-Germain-lès-Senailly,21550,21500,Maison,54.0,82600.0,1529.63,2024-08-30
Marsannay-la-Côte,21390,21160,Appartement,50.0,110500.0,2210.0,2024-08-27
Dijon,21231,21000,Appartement,35.0,86500.0,2471.43,2024-08-29
Bretenière,21106,21110,Maison,142.0,435000.0,3063.38,2024-08-28
Dijon,21231,21000,Appartement,104.0,243000.0,2336.54,2024-09-02
Velars-sur-Ouche,21661,21370,Maison,98.0,274000.0,2795.92,2024-09-05
Couchey,21200,21160,Maison,93.0,236940.0,2547.74,2024-08-30
Messigny-et-Vantoux,21408,21380,Appartement,43.0,140000.0,3255.81,2024-09-10
Dijon,21231,21000,Appartement,32.0,87000.0,2718.75,2024-08-14
Couchey,21200,21160,Maison,135.0,359800.0,2665.19,2024-09-03
Longvic,21355,21600,Maison,180.0,170000.0,944.44,2024-08-28
Dijon,21231,21000,Appartement,43.0,114000.0,2651.16,2024-08-30
Quetigny,21515,21800,Appartement,40.0,115000.0,2875.0,2024-08-29
Dijon,21231,21000,Appartement,45.0,115000.0,2555.56,2024-08-29
Dijon,21231,21000,Appartement,100.0,285000.0,2850.0,2024-08-26
Saint-Apollinaire,21540,21850,Appartement,61.0,196000.0,3213.11,2024-09-09
Longvic,21355,21600,Appartement,58.0,119000.0,2051.72,2024-09-03
Auxey-Duresses,21037,21190,Maison,57.0,124580.0,2185.61,2024-08-30
Censerey,21124,21430,Maison,79.0,28000.0,354.43,2024-08-26
Censerey,21124,21430,Maison,49.0,28000.0,571.43,2024-08-26
Culètre,21216,21230,Maison,84.0,60000.0,714.29,2024-08-14
Dijon,21231,21000,Appartement,50.0,150000.0,3000.0,2024-09-09
Dijon,21231,21000,Appartement,100.0,342500.0,3425.0,2024-08-30
Dijon,21231,21000,Appartement,41.0,99000.0,2414.63,2024-08-29
Chevigny-Saint-Sauveur,21171,21800,Appartement,38.0,120400.0,3168.42,2024-08-30
Talmay,21618,21270,Maison,190.0,267010.0,1405.32,2024-08-23
Talmay,21618,21270,Maison,190.0,267010.0,1405.32,2024-08-23
Dijon,21231,21000,Appartement,58.0,130000.0,2241.38,2024-08-23
Tart,21623,21110,Maison,45.0,139000.0,3088.89,2024-09-10
Saint-Apollinaire,21540,21850,Appartement,32.0,101000.0,3156.25,2024-09-05
Dijon,21231,21000,Appartement,30.0,88500.0,2950.0,2024-09-04
Dijon,21231,21000,Appartement,80.0,110000.0,1375.0,2024-08-30
Dijon,21231,21000,Appartement,70.0,185000.0,2642.86,2024-08-29
Beaune,21054,21200,Maison,71.0,186000.0,2619.72,2024-09-06
Dijon,21231,21000,Appartement,35.0,102000.0,2914.29,2024-08-20
Aignay-le-Duc,21004,21510,Maison,106.0,120000.0,1132.08,2024-08-27
Beaune,21054,21200,Maison,76.0,190000.0,2500.0,2024-09-11
Châtillon-sur-Seine,21154,21400,Maison,152.0,112500.0,740.13,2024-08-20
Aiserey,21005,21110,Maison,73.0,196000.0,2684.93,2024-08-29
Fontaine-lès-Dijon,21278,21121,Appartement,67.0,260000.0,3880.6,2024-09-06
Dijon,21231,21000,Appartement,22.0,140001.0,6363.68,2024-09-03
Seurre,21607,21250,Appartement,78.0,107000.0,1371.79,2024-09-10
Dijon,21231,21000,Appartement,45.0,120000.0,2666.67,2024-09-05
Izeure,21319,21110,Maison,87.0,229860.0,2642.07,2024-08-30
Dijon,21231,21000,Appartement,52.0,146500.0,2817.31,2024-08-29
Dijon,21231,21000,Appartement,48.0,133600.0,2783.33,2024-08-30
Belan-sur-Ource,21058,21570,Maison,100.0,135000.0,1350.0,2024-08-20
Quincey,21517,21700,Maison,103.0,295000.0,2864.08,2024-09-06
Val-Mont,21327,21340,Maison,90.0,35000.0,388.89,2024-08-29
Gemeaux,21290,21120,Maison,58.0,106000.0,1827.59,2024-09-09
Dijon,21231,21000,Appartement,114.0,277000.0,2429.82,2024-08-26
Dijon,21231,21000,Appartement,147.0,382000.0,2598.64,2024-09-04
Dijon,21231,21000,Appartement,86.0,279500.0,3250.0,2024-09-10
Dijon,21231,21000,Appartement,68.0,210000.0,3088.24,2024-09-06
Dijon,21231,21000,Maison,126.0,364000.0,2888.89,2024-08-28
Dijon,21231,21000,Appartement,75.0,211756.23,2823.42,2024-08-30
Gevrey-Chambertin,21295,21220,Maison,126.0,1825000.0,14484.13,2024-09-02
Gevrey-Chambertin,21295,21220,Maison,97.0,1825000.0,18814.43,2024-09-02
Gevrey-Chambertin,21295,21220,Appartement,63.0,1825000.0,28968.25,2024-09-02
Gevrey-Chambertin,21295,21220,Appartement,63.0,1825000.0,28968.25,2024-09-02
Binges,21076,21270,Maison,80.0,223550.0,2794.38,2024-08-30
Châteauneuf,21152,21320,Maison,95.0,88000.0,926.32,2024-09-10
Dijon,21231,21000,Appartement,58.0,79000.0,1362.07,2024-08-23
Dijon,21231,21000,Maison,87.0,510100.0,5863.22,2024-08-29
Chenôve,21166,21300,Appartement,63.0,60000.0,952.38,2024-09-03
Savouges,21596,21910,Maison,273.0,615000.0,2252.75,2024-08-22
Labergement-Foigney,21330,21110,Maison,89.0,231900.0,2605.62,2024-09-04
Bessey-lès-Cîteaux,21067,21110,Maison,110.0,205000.0,1863.64,2024-09-03
Losne,21356,21170,Maison,130.0,266000.0,2046.15,2024-08-13
Saint-Jean-de-Losne,21554,21170,Appartement,55.0,72000.0,1309.09,2024-08-28
Fixin,21265,21220,Maison,92.0,349500.0,3798.91,2024-08-26
Dijon,21231,21000,Appartement,29.0,89000.0,3068.97,2024-08-29
Dijon,21231,21000,Appartement,31.0,130000.0,4193.55,2024-08-13
Dijon,21231,21000,Appartement,29.0,66000.0,2275.86,2024-08-30
Dijon,21231,21000,Maison,68.0,265000.0,3897.06,2024-08-29
Izier,21320,21110,Maison,130.0,295000.0,2269.23,2024-08-20
Échigey,21242,21110,Maison,92.0,206500.0,2244.57,2024-08-23
Échigey,21242,21110,Maison,92.0,206500.0,2244.57,2024-08-23
Dijon,21231,21000,Appartement,60.0,102000.0,1700.0,2024-08-29
Dijon,21231,21000,Appartement,76.0,204500.0,2690.79,2024-08-27
Thorey-en-Plaine,21632,21110,Maison,55.0,165000.0,3000.0,2024-08-21
Chenôve,21166,21300,Appartement,60.0,38000.0,633.33,2024-08-22
Saint-Jean-de-Losne,21554,21170,Maison,76.0,137400.0,1807.89,2024-09-03
Marcilly-sur-Tille,21383,21120,Maison,107.0,199000.0,1859.81,2024-08-30
Dijon,21231,21000,Appartement,80.0,210000.0,2625.0,2024-08-22
Brazey-en-Plaine,21103,21470,Maison,96.0,142000.0,1479.17,2024-08-29
Dijon,21231,21000,Appartement,16.0,80000.0,5000.0,2024-08-27
Dijon,21231,21000,Appartement,68.0,165000.0,2426.47,2024-09-12
Auxonne,21038,21130,Maison,120.0,295000.0,2458.33,2024-09-04
Beaune,21054,21200,Maison,68.0,150000.0,2205.88,2024-08-22
Dijon,21231,21000,Appartement,55.0,111500.0,2027.27,2024-08-29
Beaune,21054,21200,Maison,78.0,217400.0,2787.18,2024-08-26
Dijon,21231,21000,Appartement,54.0,125000.0,2314.81,2024-08-29
Fleurey-sur-Ouche,21273,21410,Maison,55.0,158000.0,2872.73,2024-09-04
Quetigny,21515,21800,Appartement,93.0,132000.0,1419.35,2024-08-30
Dijon,21231,21000,Appartement,53.0,181500.0,3424.53,2024-09-02
Saulieu,21584,21210,Maison,90.0,132000.0,1466.67,2024-09-06
Dijon,21231,21000,Appartement,88.0,311000.0,3534.09,2024-08-30
Sainte-Colombe-en-Auxois,21544,21350,Maison,100.0,50000.0,500.0,2024-09-09
Verrey-sous-Salmaise,21670,21690,Maison,90.0,103000.0,1144.44,2024-09-06
Quincy-le-Vicomte,21518,21500,Maison,80.0,137500.0,1718.75,2024-09-03
Dijon,21231,21000,Appartement,51.0,118000.0,2313.73,2024-08-29
Brazey-en-Plaine,21103,21470,Maison,72.0,135000.0,1875.0,2024-08-29
Dijon,21231,21000,Appartement,110.0,550000.0,5000.0,2024-08-29
Dijon,21231,21000,Appartement,69.0,165000.0,2391.3,2024-09-05
Saint-Apollinaire,21540,21850,Maison,113.0,450000.0,3982.3,2024-09-03
Saint-Apollinaire,21540,21850,Maison,113.0,450000.0,3982.3,2024-09-03
Dijon,21231,21000,Maison,78.0,260000.0,3333.33,2024-09-02
Genlis,21292,21110,Maison,80.0,155000.0,1937.5,2024-09-11
Dijon,21231,21000,Appartement,73.0,185000.0,2534.25,2024-09-09
Fontaine-lès-Dijon,21278,21121,Appartement,86.0,265000.0,3081.4,2024-09-09
Dijon,21231,21000,Appartement,66.0,118500.0,1795.45,2024-08-26
Soissons-sur-Nacey,21610,21270,Maison,160.0,166601.0,1041.26,2024-09-03
Trugny,21647,21250,Maison,75.0,27000.0,360.0,2024-02-07
Dijon,21231,21000,Maison,54.0,70000.0,1296.3,2024-09-12
Étais,21252,21500,Maison,31.0,48000.0,1548.39,2024-09-09
Dijon,21231,21000,Appartement,45.0,121500.0,2700.0,2024-08-28
Chevigny-Saint-Sauveur,21171,21800,Appartement,66.0,191800.0,2906.06,2024-09-10
Fontaine-lès-Dijon,21278,21121,Maison,160.0,430000.0,2687.5,2024-09-09
Touillon,21641,21500,Maison,134.0,240000.0,1791.04,2024-09-06
Touillon,21641,21500,Maison,134.0,240000.0,1791.04,2024-09-06
Beaune,21054,21200,Appartement,45.0,100000.0,2222.22,2024-08-26
Vernois-lès-Vesvres,21665,21260,Maison,83.0,11600.0,139.76,2024-09-12
Châtillon-sur-Seine,21154,21400,Maison,212.0,240000.0,1132.08,2024-08-27
Échigey,21242,21110,Maison,83.0,189000.0,2277.11,2024-08-29
Beaune,21054,21200,Maison,80.0,304600.0,3807.5,2024-08-27
Losne,21356,21170,Maison,81.0,150000.0,1851.85,2024-08-14
Villy-le-Moutier,21708,21250,Maison,90.0,142858.0,1587.31,2024-08-21
Étaules,21255,21121,Maison,90.0,244000.0,2711.11,2024-08-14
Étaules,21255,21121,Maison,90.0,244000.0,2711.11,2024-08-14
Talant,21617,21240,Appartement,65.0,108500.0,1669.23,2024-09-06
Velars-sur-Ouche,21661,21370,Appartement,57.0,93000.0,1631.58,2024-09-05
Soissons-sur-Nacey,21610,21270,Maison,94.0,151000.0,1606.38,2024-09-06
Dijon,21231,21000,Appartement,110.0,273500.0,2486.36,2024-09-05
Bussy-le-Grand,21122,21150,Maison,145.0,194200.0,1339.31,2024-08-26
Chevigny-Saint-Sauveur,21171,21800,Appartement,72.0,136300.0,1893.06,2024-09-03
Dijon,21231,21000,Appartement,66.0,191000.0,2893.94,2024-09-06
Corpeau,21196,21190,Maison,92.0,155000.0,1684.78,2024-09-06
Corpeau,21196,21190,Maison,92.0,155000.0,1684.78,2024-09-06
Chevigny-Saint-Sauveur,21171,21800,Appartement,63.0,124000.0,1968.25,2024-09-09
Chevigny-Saint-Sauveur,21171,21800,Appartement,20.0,54305.0,2715.25,2024-08-19
Chenôve,21166,21300,Appartement,91.0,73471.2,807.38,2024-08-29
Venarey-les-Laumes,21663,21150,Maison,146.0,175000.0,1198.63,2024-08-28
Dijon,21231,21000,Appartement,37.0,85000.0,2297.3,2024-09-03
Dijon,21231,21000,Maison,83.0,303000.0,3650.6,2024-09-04
Dijon,21231,21000,Maison,67.0,325000.0,4850.75,2024-09-11
Norges-la-Ville,21462,21490,Maison,150.0,584300.0,3895.33,2024-09-06
Dijon,21231,21000,Appartement,35.0,52000.0,1485.71,2024-09-02
Saint-Apollinaire,21540,21850,Maison,90.0,255000.0,2833.33,2024-08-05
Dijon,21231,21000,Appartement,34.0,90000.0,2647.06,2024-09-06
Dijon,21231,21000,Appartement,41.0,112000.0,2731.71,2024-09-13
Beaune,21054,21200,Appartement,57.0,155000.0,2719.3,2024-09-13
Étaules,21255,21121,Maison,237.0,483050.0,2038.19,2024-09-10
Fauverney,21261,21110,Maison,112.0,210000.0,1875.0,2024-09-05
Talant,21617,21240,Appartement,82.0,168111.0,2050.13,2024-09-13
Savigny-lès-Beaune,21590,21420,Maison,115.0,100000.0,869.57,2024-09-04
Marigny-lès-Reullée,21387,21200,Maison,149.0,170000.0,1140.94,2024-09-06
Dijon,21231,21000,Appartement,52.0,102000.0,1961.54,2024-09-09
Ladoix-Serrigny,21606,21550,Maison,62.0,110000.0,1774.19,2024-09-12
Talant,21617,21240,Appartement,52.0,133750.0,2572.12,2024-09-13
Dijon,21231,21000,Appartement,52.0,122500.0,2355.77,2024-09-10
Flagey-Echézeaux,21267,21640,Maison,56.0,157080.0,2805.0,2024-09-02
Dijon,21231,21000,Appartement,74.0,175000.0,2364.86,2024-09-03
Beaune,21054,21200,Maison,180.0,1040000.0,5777.78,2024-08-30
Saint-Seine-l'Abbaye,21573,21440,Maison,110.0,161000.0,1463.64,2024-09-06
Dijon,21231,21000,Appartement,22.0,72000.0,3272.73,2024-09-06
Leuglay,21346,21290,Maison,87.0,65000.0,747.13,2024-08-30
Dijon,21231,21000,Appartement,35.0,90000.0,2571.43,2024-09-06
Marcilly-sur-Tille,21383,21120,Appartement,40.0,120000.0,3000.0,2024-09-16
Couchey,21200,21160,Maison,78.0,270000.0,3461.54,2024-09-04
Dijon,21231,21000,Appartement,33.0,104100.0,3154.55,2024-08-29
Échigey,21242,21110,Appartement,140.0,149000.0,1064.29,2024-08-30
Échigey,21242,21110,Appartement,40.0,120000.0,3000.0,2024-08-30
Beaune,21054,21200,Appartement,86.0,158000.0,1837.21,2024-09-04
Dijon,21231,21000,Appartement,205.0,640000.0,3121.95,2024-09-06
Dijon,21231,21000,Maison,51.0,185000.0,3627.45,2024-08-30
Dijon,21231,21000,Appartement,27.0,123500.0,4574.07,2024-08-27
Bretenière,21106,21110,Maison,174.0,451400.0,2594.25,2024-09-06
Dijon,21231,21000,Appartement,57.0,171750.0,3013.16,2024-09-06
Dijon,21231,21000,Appartement,39.0,159000.0,4076.92,2024-09-06
Dijon,21231,21000,Appartement,36.0,100000.0,2777.78,2024-09-06
Dijon,21231,21000,Appartement,41.0,107000.0,2609.76,2024-09-10
Saint-Léger-Triey,21556,21270,Maison,40.0,181000.0,4525.0,2024-08-30
Quetigny,21515,21800,Maison,90.0,256750.0,2852.78,2024-08-29
Fontaine-lès-Dijon,21278,21121,Maison,215.0,372000.0,1730.23,2024-09-09
Savigny-le-Sec,21591,21380,Appartement,83.0,250000.0,3012.05,2024-09-13
Dijon,21231,21000,Appartement,28.0,43077.0,1538.46,2024-08-26
Dijon,21231,21000,Appartement,58.0,255000.0,4396.55,2024-09-09
Saint-Apollinaire,21540,21850,Maison,76.0,162000.0,2131.58,2024-08-28
Dijon,21231,21000,Appartement,41.0,104355.0,2545.24,2024-09-09
Dijon,21231,21000,Appartement,59.0,198000.0,3355.93,2024-09-02
Dijon,21231,21000,Appartement,72.0,195000.0,2708.33,2024-09-05
Thorey-en-Plaine,21632,21110,Maison,93.0,287000.0,3086.02,2024-09-10
Dijon,21231,21000,Appartement,28.0,100000.0,3571.43,2024-09-12
Dijon,21231,21000,Appartement,36.0,135400.0,3761.11,2024-09-12
Dijon,21231,21000,Appartement,29.0,55000.0,1896.55,2024-09-03
Dijon,21231,21000,Appartement,63.0,190000.0,3015.87,2024-09-02
Veuvey-sur-Ouche,21673,21360,Maison,110.0,154000.0,1400.0,2024-08-30
Censerey,21124,21430,Maison,92.0,176800.0,1921.74,2024-08-30
Dijon,21231,21000,Appartement,80.0,211000.0,2637.5,2024-09-06
Genlis,21292,21110,Maison,88.0,228170.0,2592.84,2024-09-06
Chevigny-Saint-Sauveur,21171,21800,Maison,85.0,275000.0,3235.29,2024-08-30
Villeberny,21690,21350,Maison,112.0,120000.0,1071.43,2024-09-02
Dijon,21231,21000,Appartement,130.0,527500.0,4057.69,2024-09-12
Quetigny,21515,21800,Appartement,53.0,152900.0,2884.91,2024-09-06
Véronnes,21667,21260,Maison,86.0,225870.0,2626.4,2024-08-30
Véronnes,21667,21260,Maison,86.0,225870.0,2626.4,2024-08-30
Saint-Philibert,21565,21220,Maison,87.0,245000.0,2816.09,2024-09-06
Binges,21076,21270,Maison,160.0,304000.0,1900.0,2024-09-02
Dijon,21231,21000,Appartement,42.0,165000.0,3928.57,2024-08-28
Marcilly-sur-Tille,21383,21120,Appartement,60.0,180000.0,3000.0,2024-08-30
Marigny-le-Cahouët,21386,21150,Maison,70.0,65000.0,928.57,2024-09-11
Dijon,21231,21000,Appartement,183.0,450000.0,2459.02,2024-09-17
Senailly,21604,21500,Maison,146.0,150500.0,1030.82,2024-09-07
Verrey-sous-Salmaise,21670,21690,Maison,77.0,55000.0,714.29,2024-09-13
Agey,21002,21410,Maison,93.0,60000.0,645.16,2024-08-23
Agey,21002,21410,Maison,93.0,60000.0,645.16,2024-08-23
Dijon,21231,21000,Appartement,17.0,45000.0,2647.06,2024-09-09
Nuits-Saint-Georges,21464,21700,Maison,66.0,165000.0,2500.0,2024-09-11
Nuits-Saint-Georges,21464,21700,Maison,98.0,130000.0,1326.53,2024-08-06
Dijon,21231,21000,Appartement,47.0,57350.0,1220.21,2024-09-05
Messigny-et-Vantoux,21408,21380,Maison,267.0,525250.0,1967.23,2024-09-11
Dijon,21231,21000,Appartement,62.0,163500.0,2637.1,2024-09-13
Dijon,21231,21000,Appartement,114.0,330000.0,2894.74,2024-09-05
Dijon,21231,21000,Appartement,55.0,161000.0,2927.27,2024-08-30
Dijon,21231,21000,Appartement,15.0,55000.0,3666.67,2024-09-06
Dijon,21231,21000,Appartement,80.0,197000.0,2462.5,2024-09-17
Pouilly-en-Auxois,21501,21320,Maison,86.0,159000.0,1848.84,2024-09-06
Talant,21617,21240,Maison,130.0,445000.0,3423.08,2024-09-10
Dijon,21231,21000,Maison,94.0,271000.0,2882.98,2024-09-10
Dijon,21231,21000,Appartement,68.0,150000.0,2205.88,2024-09-10
Plombières-lès-Dijon,21485,21370,Appartement,33.0,75000.0,2272.73,2024-08-28
Seurre,21607,21250,Maison,72.0,140000.0,1944.44,2024-09-18
Dijon,21231,21000,Appartement,55.0,205000.0,3727.27,2024-09-18
Noiron-sur-Seine,21460,21400,Maison,120.0,70000.0,583.33,2024-09-11
Dijon,21231,21000,Appartement,60.0,158500.0,2641.67,2024-09-18
Puligny-Montrachet,21512,21190,Maison,60.0,180000.0,3000.0,2024-08-29
Dijon,21231,21000,Appartement,276.0,705000.0,2554.35,2024-09-13
Dijon,21231,21000,Appartement,62.0,155000.0,2500.0,2024-09-12
Neuilly-lès-Dijon,21452,21800,Maison,76.0,235000.0,3092.11,2024-09-16
Longvic,21355,21600,Maison,75.0,242500.0,3233.33,2024-09-16
Chenôve,21166,21300,Maison,113.0,350000.0,3097.35,2024-09-11
Dijon,21231,21000,Appartement,25.0,129001.0,5160.04,2024-09-09
Saint-Apollinaire,21540,21850,Appartement,50.0,163400.0,3268.0,2024-09-16
Fontaine-lès-Dijon,21278,21121,Maison,66.0,185000.0,2803.03,2024-09-04
Villers-la-Faye,21698,21700,Maison,155.0,310000.0,2000.0,2024-09-02
Villers-la-Faye,21698,21700,Maison,155.0,310000.0,2000.0,2024-09-02
Chevigny-Saint-Sauveur,21171,21800,Appartement,60.0,166000.0,2766.67,2024-09-02
Dijon,21231,21000,Appartement,70.0,190000.0,2714.29,2024-09-09
Dijon,21231,21000,Appartement,20.0,105000.0,5250.0,2024-09-19
Dijon,21231,21000,Appartement,20.0,98500.0,4925.0,2024-09-09
Laignes,21336,21330,Maison,76.0,14000.0,184.21,2024-09-17
Dijon,21231,21000,Appartement,94.0,280000.0,2978.72,2024-09-09
Villers-la-Faye,21698,21700,Maison,70.0,255000.0,3642.86,2024-09-02
Villers-la-Faye,21698,21700,Maison,70.0,255000.0,3642.86,2024-09-02
Saint-Apollinaire,21540,21850,Appartement,57.0,197000.0,3456.14,2024-09-16
Fontaine-lès-Dijon,21278,21121,Appartement,51.0,121000.0,2372.55,2024-09-10
Talant,21617,21240,Maison,109.0,259500.0,2380.73,2024-09-12
Couchey,21200,21160,Appartement,135.0,120000.0,888.89,2024-09-04
Dijon,21231,21000,Appartement,55.0,100000.0,1818.18,2024-09-13
Beaune,21054,21200,Appartement,42.0,115350.0,2746.43,2024-08-28
Beaune,21054,21200,Appartement,69.0,149000.0,2159.42,2024-08-21
Commarin,21187,21320,Maison,110.0,112000.0,1018.18,2024-09-13
Bligny-sur-Ouche,21087,21360,Maison,75.0,170000.0,2266.67,2024-08-29
Bligny-sur-Ouche,21087,21360,Maison,75.0,170000.0,2266.67,2024-08-29
Collonges-lès-Premières,21183,21110,Maison,75.0,175000.0,2333.33,2024-08-23
Auxonne,21038,21130,Appartement,69.0,97000.0,1405.8,2024-09-13
Bèze,21071,21310,Maison,130.0,128000.0,984.62,2024-09-09
Montbard,21425,21500,Maison,25.0,10000.0,400.0,2024-09-16
Dijon,21231,21000,Appartement,46.0,100000.0,2173.91,2024-09-16
Dijon,21231,21000,Appartement,19.0,65000.0,3421.05,2024-09-13
Échalot,21237,21510,Maison,107.0,143910.0,1344.95,2024-08-30
Dijon,21231,21000,Appartement,15.0,52160.0,3477.33,2024-09-19
Dijon,21231,21000,Appartement,70.0,130000.0,1857.14,2024-09-12
Dijon,21231,21000,Appartement,55.0,102000.0,1854.55,2024-09-05
Busseaut,21117,21510,Maison,150.0,15000.0,100.0,2024-09-18
Dijon,21231,21000,Appartement,61.0,130000.0,2131.15,2024-09-10
Dijon,21231,21000,Maison,70.0,187500.0,2678.57,2024-09-12
Dijon,21231,21000,Appartement,41.0,113000.0,2756.1,2024-08-30
Dijon,21231,21000,Appartement,50.0,50000.0,1000.0,2024-09-04
Dijon,21231,21000,Appartement,24.0,75000.0,3125.0,2024-09-05
Gilly-lès-Cîteaux,21297,21640,Maison,168.0,455000.0,2708.33,2024-09-09
Gilly-lès-Cîteaux,21297,21640,Maison,168.0,455000.0,2708.33,2024-09-09
Dijon,21231,21000,Appartement,91.0,236600.0,2600.0,2024-09-03
Salmaise,21580,21690,Maison,60.0,222500.0,3708.33,2024-09-05
Salmaise,21580,21690,Maison,56.0,222500.0,3973.21,2024-09-05
Ancey,21013,21410,Maison,82.0,180000.0,2195.12,2024-09-06
Beaune,21054,21200,Maison,178.0,700000.0,3932.58,2024-09-11
Dijon,21231,21000,Appartement,52.0,80000.0,1538.46,2024-09-13
Marcilly-sur-Tille,21383,21120,Appartement,40.0,320000.0,8000.0,2024-07-08
Marcilly-sur-Tille,21383,21120,Maison,93.0,320000.0,3440.86,2024-07-08
Tart,21623,21110,Maison,92.0,235120.0,2555.65,2024-08-23
Saulieu,21584,21210,Maison,58.0,900000.0,15517.24,2024-08-27
Dijon,21231,21000,Appartement,27.0,162000.0,6000.0,2024-09-19
Dijon,21231,21000,Appartement,19.0,47000.0,2473.68,2024-09-11
Beaune,21054,21200,Appartement,37.0,95000.0,2567.57,2024-09-13
Dijon,21231,21000,Appartement,51.0,155000.0,3039.22,2024-09-16
Lechâtelet,21344,21250,Maison,104.0,125000.0,1201.92,2024-09-19
Talant,21617,21240,Maison,75.0,210000.0,2800.0,2024-09-09
Dijon,21231,21000,Appartement,15.0,52750.0,3516.67,2024-09-09
Dijon,21231,21000,Appartement,50.0,108000.0,2160.0,2024-09-16
Baigneux-les-Juifs,21043,21450,Maison,176.0,143000.0,812.5,2024-09-17
Dijon,21231,21000,Maison,57.0,230000.0,4035.09,2024-09-20
Épernay-sous-Gevrey,21246,21220,Maison,79.0,170000.0,2151.9,2024-09-11
Missery,21417,21210,Maison,98.0,167000.0,1704.08,2024-09-09
Missery,21417,21210,Maison,98.0,167000.0,1704.08,2024-09-09
Saussy,21589,21380,Maison,146.0,255000.0,1746.58,2024-09-17
Dijon,21231,21000,Appartement,48.0,51000.0,1062.5,2024-09-10
Dijon,21231,21000,Appartement,95.0,169000.0,1778.95,2024-09-17
Gevrey-Chambertin,21295,21220,Maison,98.0,375200.0,3828.57,2024-08-27
Dijon,21231,21000,Appartement,50.0,77500.0,1550.0,2024-09-13
Ruffey-lès-Echirey,21535,21490,Maison,85.0,310100.0,3648.24,2024-09-13
Dijon,21231,21000,Appartement,35.0,65000.0,1857.14,2024-09-12
Dijon,21231,21000,Appartement,49.0,95000.0,1938.78,2024-09-13
Dijon,21231,21000,Appartement,57.0,94000.0,1649.12,2024-09-13
Dijon,21231,21000,Appartement,45.0,97900.0,2175.56,2024-09-13
Tart,21623,21110,Maison,88.0,232855.0,2646.08,2024-09-16
Plombières-lès-Dijon,21485,21370,Appartement,42.0,110000.0,2619.05,2024-09-11
Fénay,21263,21600,Maison,41.0,84000.0,2048.78,2024-09-12
Véronnes,21667,21260,Maison,79.0,170000.0,2151.9,2024-09-06
Prenois,21508,21370,Maison,81.0,242250.0,2990.74,2024-09-16
Neuilly-lès-Dijon,21452,21800,Maison,76.0,135000.0,1776.32,2024-09-12
Dijon,21231,21000,Appartement,65.0,45000.0,692.31,2024-08-30
Clénay,21179,21490,Maison,89.0,240000.0,2696.63,2024-09-17
Saint-Apollinaire,21540,21850,Maison,113.0,325000.0,2876.11,2024-09-06
Auxonne,21038,21130,Maison,60.0,79000.0,1316.67,2024-09-18
Dijon,21231,21000,Appartement,140.0,384000.0,2742.86,2024-08-30
Dijon,21231,21000,Appartement,32.0,136000.0,4250.0,2024-08-30
Dijon,21231,21000,Appartement,28.0,136000.0,4857.14,2024-08-30
Dijon,21231,21000,Maison,190.0,875000.0,4605.26,2024-09-17
Dijon,21231,21000,Appartement,26.0,83000.0,3192.31,2024-09-20
Montbard,21425,21500,Appartement,70.0,41000.0,585.71,2024-09-13
Longvic,21355,21600,Appartement,28.0,96000.0,3428.57,2024-09-23
Marsannay-la-Côte,21390,21160,Maison,82.0,200000.0,2439.02,2024-09-13
Étevaux,21256,21270,Maison,108.0,169000.0,1564.81,2024-09-03
Talant,21617,21240,Maison,143.0,340000.0,2377.62,2024-09-13
Brion-sur-Ource,21109,21570,Maison,111.0,195000.0,1756.76,2024-08-26
Brion-sur-Ource,21109,21570,Maison,111.0,195000.0,1756.76,2024-08-26
Saulieu,21584,21210,Maison,35.0,41550.0,1187.14,2024-09-06
Vertault,21671,21330,Appartement,110.0,101000.0,918.18,2024-08-27
Vertault,21671,21330,Appartement,110.0,101000.0,918.18,2024-08-27
Dijon,21231,21000,Maison,119.0,520000.0,4369.75,2024-09-16
Châtillon-sur-Seine,21154,21400,Appartement,58.0,35000.0,603.45,2024-08-27
Auvillars-sur-Saône,21035,21250,Maison,45.0,36000.0,800.0,2024-09-06
Brochon,21110,21220,Appartement,78.0,250000.0,3205.13,2024-09-06
Brochon,21110,21220,Appartement,42.0,250000.0,5952.38,2024-09-06
Brochon,21110,21220,Appartement,42.0,250000.0,5952.38,2024-09-06
Dijon,21231,21000,Appartement,18.0,45000.0,2500.0,2024-09-21
Dijon,21231,21000,Appartement,37.0,275900.0,7456.76,2024-09-13
Dijon,21231,21000,Appartement,40.0,275900.0,6897.5,2024-09-13
Dijon,21231,21000,Appartement,18.0,275900.0,15327.78,2024-09-13
Dijon,21231,21000,Appartement,27.0,275900.0,10218.52,2024-09-13
Dijon,21231,21000,Appartement,56.0,210500.0,3758.93,2024-09-18
Auxonne,21038,21130,Maison,113.0,260500.0,2305.31,2024-09-20
Villeberny,21690,21350,Maison,99.0,132400.0,1337.37,2024-09-17
Gevrey-Chambertin,21295,21220,Appartement,71.0,200000.0,2816.9,2024-09-06
Gevrey-Chambertin,21295,21220,Appartement,71.0,200000.0,2816.9,2024-09-06
Saulieu,21584,21210,Maison,78.0,123825.0,1587.5,2024-09-16
Til-Châtel,21638,21120,Maison,227.0,357500.0,1574.89,2024-09-13
Vic-sous-Thil,21678,21390,Maison,263.0,405000.0,1539.92,2024-09-18
Villeberny,21690,21350,Maison,112.0,99300.0,886.61,2024-09-16
Saulieu,21584,21210,Maison,167.0,260000.0,1556.89,2024-09-18
Saffres,21537,21350,Maison,80.0,120000.0,1500.0,2024-09-19
Saffres,21537,21350,Maison,77.0,120000.0,1558.44,2024-09-19
Chevigny-Saint-Sauveur,21171,21800,Appartement,22.0,44000.0,2000.0,2024-09-13
Dijon,21231,21000,Appartement,110.0,362500.0,3295.45,2024-09-18
Couchey,21200,21160,Maison,172.0,320000.0,1860.47,2024-08-26
Laignes,21336,21330,Maison,94.0,140000.0,1489.36,2024-08-27
Saint-Usage,21577,21170,Maison,138.0,219200.0,1588.41,2024-08-27
Lanthes,21340,21250,Maison,102.0,206800.0,2027.45,2024-09-23
Dijon,21231,21000,Appartement,34.0,97000.0,2852.94,2024-09-09
Messigny-et-Vantoux,21408,21380,Appartement,42.0,128000.0,3047.62,2024-09-06
Fontaine-lès-Dijon,21278,21121,Maison,96.0,408000.0,4250.0,2024-08-30
Neuilly-lès-Dijon,21452,21800,Appartement,72.0,211315.0,2934.93,2024-08-28
Dijon,21231,21000,Appartement,60.0,238290.0,3971.5,2024-09-19
Saint-Rémy,21568,21500,Maison,123.0,209000.0,1699.19,2024-09-16
Montbard,21425,21500,Maison,110.0,30000.0,272.73,2024-09-11
Dijon,21231,21000,Appartement,64.0,193000.0,3015.62,2024-09-23
Montbard,21425,21500,Maison,67.0,110000.0,1641.79,2024-09-16
Dijon,21231,21000,Appartement,14.0,37000.0,2642.86,2024-09-23
Dijon,21231,21000,Appartement,80.0,250000.0,3125.0,2024-09-05
Dijon,21231,21000,Appartement,18.0,69000.0,3833.33,2024-09-11
Dijon,21231,21000,Appartement,72.0,302000.0,4194.44,2024-09-24
Dijon,21231,21000,Appartement,57.0,118000.0,2070.18,2024-09-17
Dijon,21231,21000,Maison,129.0,384500.0,2980.62,2024-09-04
Dijon,21231,21000,Appartement,22.0,75000.0,3409.09,2024-09-06
Dijon,21231,21000,Appartement,16.0,63100.0,3943.75,2024-09-20
Dijon,21231,21000,Maison,52.0,220910.0,4248.27,2024-09-04
Brazey-en-Plaine,21103,21470,Maison,62.0,135000.0,2177.42,2024-09-05
Dijon,21231,21000,Maison,110.0,355000.0,3227.27,2024-09-09
Sennecey-lès-Dijon,21605,21800,Maison,121.0,388700.0,3212.4,2024-08-30
Seurre,21607,21250,Maison,209.0,320050.0,1531.34,2024-09-06
Dijon,21231,21000,Appartement,31.0,72000.0,2322.58,2024-09-24
Dijon,21231,21000,Appartement,69.0,194500.0,2818.84,2024-09-06
Chenôve,21166,21300,Appartement,80.0,85000.0,1062.5,2024-07-17
Dijon,21231,21000,Appartement,64.0,62000.0,968.75,2024-09-05
Marsannay-la-Côte,21390,21160,Maison,82.0,208000.0,2536.59,2024-08-27
Arnay-le-Duc,21023,21230,Maison,120.0,42000.0,350.0,2024-08-31
Perrigny-sur-l'Ognon,21482,21270,Maison,78.0,164300.0,2106.41,2024-08-27
Villers-les-Pots,21699,21130,Maison,100.0,185000.0,1850.0,2024-08-20
Dijon,21231,21000,Appartement,68.0,215000.0,3161.76,2024-08-28
Dijon,21231,21000,Appartement,46.0,128500.0,2793.48,2024-09-20
Aubigny-en-Plaine,21031,21170,Maison,89.0,215000.0,2415.73,2024-09-18
Aubigny-en-Plaine,21031,21170,Maison,89.0,215000.0,2415.73,2024-09-18
Châtillon-sur-Seine,21154,21400,Appartement,41.0,27000.0,658.54,2024-09-19
Fleurey-sur-Ouche,21273,21410,Maison,93.0,231750.0,2491.94,2024-09-17
Époisses,21247,21460,Maison,99.0,75000.0,757.58,2024-09-11
Labruyère,21333,21250,Maison,103.0,115000.0,1116.5,2024-09-02
Labruyère,21333,21250,Maison,103.0,115000.0,1116.5,2024-09-02
Dijon,21231,21000,Appartement,69.0,200400.0,2904.35,2024-08-30
Dijon,21231,21000,Appartement,22.0,57000.0,2590.91,2024-09-04
Dijon,21231,21000,Appartement,25.0,85300.0,3412.0,2024-09-11
Dijon,21231,21000,Maison,64.0,175000.0,2734.38,2024-09-03
Dijon,21231,21000,Appartement,138.0,364440.0,2640.87,2024-08-29
Nolay,21461,21340,Maison,79.0,175000.0,2215.19,2024-09-19
Dijon,21231,21000,Appartement,33.0,80000.0,2424.24,2024-09-19
Dijon,21231,21000,Appartement,28.0,80780.0,2885.0,2024-09-11
Beaune,21054,21200,Appartement,81.0,135000.0,1666.67,2024-09-20
Dijon,21231,21000,Appartement,20.0,69000.0,3450.0,2024-09-24
Fontaine-lès-Dijon,21278,21121,Maison,143.0,1049750.0,7340.91,2024-09-02
Fontaine-lès-Dijon,21278,21121,Maison,143.0,1049750.0,7340.91,2024-09-02
Dijon,21231,21000,Appartement,67.0,140000.0,2089.55,2024-09-10
Beaulieu,21052,21510,Maison,212.0,248500.0,1172.17,2024-09-24
Dijon,21231,21000,Appartement,67.0,162000.0,2417.91,2024-09-25
Dijon,21231,21000,Appartement,120.0,290000.0,2416.67,2024-09-10
Dijon,21231,21000,Appartement,45.0,95000.0,2111.11,2024-09-13
Dijon,21231,21000,Maison,125.0,279850.0,2238.8,2024-09-24
Dijon,21231,21000,Appartement,57.0,175000.0,3070.18,2024-09-18
Marsannay-la-Côte,21390,21160,Maison,125.0,320000.0,2560.0,2024-09-12
Dijon,21231,21000,Appartement,48.0,114500.0,2385.42,2024-09-16
Arc-sur-Tille,21021,21560,Maison,113.0,290000.0,2566.37,2024-09-23
Dijon,21231,21000,Appartement,66.0,146226.0,2215.55,2024-09-23
Dijon,21231,21000,Appartement,25.0,100500.0,4020.0,2024-09-23
Dijon,21231,21000,Maison,69.0,427000.0,6188.41,2024-09-24
Chevigny-Saint-Sauveur,21171,21800,Appartement,40.0,159000.0,3975.0,2024-09-24
Dijon,21231,21000,Appartement,79.0,252500.0,3196.2,2024-09-23
Dijon,21231,21000,Appartement,20.0,122001.0,6100.05,2024-09-20
Dijon,21231,21000,Appartement,40.0,190125.0,4753.12,2024-09-20
Dijon,21231,21000,Appartement,17.0,210000.0,12352.94,2024-09-23
Dijon,21231,21000,Appartement,21.0,210000.0,10000.0,2024-09-23
Dijon,21231,21000,Appartement,15.0,210000.0,14000.0,2024-09-23
Esbarres,21249,21170,Maison,35.0,100000.0,2857.14,2024-06-21
Venarey-les-Laumes,21663,21150,Maison,150.0,383970.0,2559.8,2024-09-20
Venarey-les-Laumes,21663,21150,Appartement,100.0,383970.0,3839.7,2024-09-20
Venarey-les-Laumes,21663,21150,Appartement,95.0,383970.0,4041.79,2024-09-20
Venarey-les-Laumes,21663,21150,Appartement,100.0,383970.0,3839.7,2024-09-20
Venarey-les-Laumes,21663,21150,Appartement,95.0,383970.0,4041.79,2024-09-20
Longeault-Pluvault,21352,21110,Maison,127.0,329000.0,2590.55,2024-09-26
Saint-Apollinaire,21540,21850,Maison,88.0,257760.0,2929.09,2024-09-17
Dijon,21231,21000,Appartement,29.0,107000.0,3689.66,2024-09-13
Marsannay-la-Côte,21390,21160,Maison,82.0,205000.0,2500.0,2024-09-04
Foncegrive,21275,21260,Maison,115.0,136000.0,1182.61,2024-09-16
Dijon,21231,21000,Appartement,83.0,55000.0,662.65,2024-09-17
Chevigny-Saint-Sauveur,21171,21800,Maison,90.0,125471.0,1394.12,2024-09-04
Aiserey,21005,21110,Maison,117.0,155000.0,1324.79,2024-09-24
Chaume-et-Courchamp,21158,21610,Maison,115.0,167500.0,1456.52,2024-09-10
Chenôve,21166,21300,Appartement,32.0,134000.0,4187.5,2024-09-11
Échenon,21239,21170,Maison,250.0,249350.0,997.4,2024-09-11
Franxault,21285,21170,Maison,155.0,214850.0,1386.13,2024-09-02
Franxault,21285,21170,Maison,155.0,214850.0,1386.13,2024-09-02
Dijon,21231,21000,Appartement,52.0,126000.0,2423.08,2024-09-13
Bouilland,21092,21420,Maison,125.0,217000.0,1736.0,2024-09-09
Dijon,21231,21000,Appartement,42.0,119850.0,2853.57,2024-09-09
Dijon,21231,21000,Appartement,86.0,267250.0,3107.56,2024-08-28
Dijon,21231,21000,Appartement,30.0,80800.0,2693.33,2024-09-07
Ruffey-lès-Beaune,21534,21200,Maison,145.0,381000.0,2627.59,2024-09-09
Ruffey-lès-Beaune,21534,21200,Maison,145.0,381000.0,2627.59,2024-09-09
Fontaine-lès-Dijon,21278,21121,Maison,177.0,423500.0,2392.66,2024-09-10
Vielverge,21680,21270,Maison,223.0,160000.0,717.49,2024-08-30
Juilly,21329,21140,Maison,193.0,200000.0,1036.27,2024-09-14
Nuits-Saint-Georges,21464,21700,Appartement,100.0,163000.0,1630.0,2024-09-18
Dijon,21231,21000,Maison,144.0,642250.0,4460.07,2024-09-20
Dijon,21231,21000,Maison,144.0,642250.0,4460.07,2024-09-20
Nuits-Saint-Georges,21464,21700,Appartement,67.0,97100.0,1449.25,2024-09-17
Talant,21617,21240,Appartement,61.0,116300.0,1906.56,2024-09-25
Talant,21617,21240,Appartement,124.0,610000.0,4919.35,2024-09-23
Dijon,21231,21000,Appartement,58.0,161700.0,2787.93,2024-09-20
Dijon,21231,21000,Appartement,25.0,161700.0,6468.0,2024-09-20
Dijon,21231,21000,Appartement,35.0,161700.0,4620.0,2024-09-20
Dijon,21231,21000,Appartement,40.0,86000.0,2150.0,2024-09-16
Fixin,21265,21220,Maison,92.0,270000.0,2934.78,2024-09-05
Dijon,21231,21000,Appartement,48.0,152000.0,3166.67,2024-09-12
Montagny-lès-Seurre,21424,21250,Maison,184.0,228000.0,1239.13,2024-09-19
Plombières-lès-Dijon,21485,21370,Maison,72.0,376000.0,5222.22,2024-09-13
Dijon,21231,21000,Appartement,33.0,104000.0,3151.52,2024-09-09
Dijon,21231,21000,Appartement,75.0,297150.0,3962.0,2024-09-12
Dijon,21231,21000,Appartement,39.0,85000.0,2179.49,2024-02-21
Dijon,21231,21000,Appartement,22.0,85700.0,3895.45,2024-09-11
Dijon,21231,21000,Appartement,12.0,53000.0,4416.67,2024-09-09
Montigny-sur-Aube,21432,21520,Maison,24.0,29000.0,1208.33,2024-09-11
Perrigny-lès-Dijon,21481,21160,Maison,92.0,210000.0,2282.61,2024-09-10
Dijon,21231,21000,Appartement,76.0,232016.0,3052.84,2024-09-25
Dijon,21231,21000,Appartement,23.0,81100.0,3526.09,2024-09-05
Beaune,21054,21200,Appartement,89.0,118000.0,1325.84,2024-09-03
Dijon,21231,21000,Appartement,68.0,122900.0,1807.35,2024-09-11
Dijon,21231,21000,Appartement,160.0,713650.0,4460.31,2024-09-20
Morey-Saint-Denis,21442,21220,Maison,80.0,112500.0,1406.25,2024-09-20
Dijon,21231,21000,Appartement,54.0,89000.0,1648.15,2024-09-16
Montigny-sur-Aube,21432,21520,Maison,234.0,455000.0,1944.44,2024-09-23
Veuvey-sur-Ouche,21673,21360,Maison,80.0,74500.0,931.25,2024-09-02
Lignerolles,21350,21520,Maison,30.0,235000.0,7833.33,2024-09-17
Lignerolles,21350,21520,Maison,304.0,235000.0,773.03,2024-09-17
Lignerolles,21350,21520,Maison,304.0,235000.0,773.03,2024-09-17
Dijon,21231,21000,Appartement,69.0,120000.0,1739.13,2024-08-28
Cussey-les-Forges,21220,21580,Maison,144.0,17500.0,121.53,2024-09-27
Cussey-les-Forges,21220,21580,Maison,49.0,17500.0,357.14,2024-09-27
Dijon,21231,21000,Appartement,41.0,150000.0,3658.54,2024-09-19
Dijon,21231,21000,Appartement,67.0,110000.0,1641.79,2024-09-19
Marcilly-sur-Tille,21383,21120,Maison,101.0,236500.0,2341.58,2024-09-16
Dijon,21231,21000,Appartement,66.0,145000.0,2196.97,2024-09-13
Dijon,21231,21000,Appartement,85.0,221650.0,2607.65,2024-09-13
Dijon,21231,21000,Appartement,25.0,84000.0,3360.0,2024-09-02
Beire-le-Châtel,21056,21310,Appartement,91.0,213000.0,2340.66,2024-09-18
Molphey,21422,21210,Maison,75.0,168500.0,2246.67,2024-09-18
Dijon,21231,21000,Appartement,26.0,139001.0,5346.19,2024-09-24
Villecomte,21692,21120,Maison,85.0,147300.0,1732.94,2024-09-18
Courlon,21207,21580,Maison,90.0,80700.0,896.67,2024-09-20
Dijon,21231,21000,Appartement,106.0,215000.0,2028.3,2024-09-17
Saint-Martin-du-Mont,21561,21440,Maison,110.0,147000.0,1336.36,2024-09-20
Brion-sur-Ource,21109,21570,Maison,189.0,150000.0,793.65,2024-08-28
Dijon,21231,21000,Appartement,27.0,141001.0,5222.26,2024-09-25
Longvic,21355,21600,Maison,108.0,255500.0,2365.74,2024-08-30
Auxonne,21038,21130,Appartement,63.0,41000.0,650.79,2024-09-17
Is-sur-Tille,21317,21120,Maison,136.0,270420.0,1988.38,2024-09-16
Dijon,21231,21000,Appartement,85.0,215000.0,2529.41,2024-09-26
Pouilly-sur-Saône,21502,21250,Maison,23.0,40500.0,1760.87,2024-09-26
Ladoix-Serrigny,21606,21550,Maison,27.0,549000.0,20333.33,2024-08-30
Ladoix-Serrigny,21606,21550,Maison,136.0,549000.0,4036.76,2024-08-30
Saint-Apollinaire,21540,21850,Maison,76.0,215000.0,2828.95,2024-09-13
Dijon,21231,21000,Appartement,25.0,40000.0,1600.0,2024-09-19
Dijon,21231,21000,Appartement,38.0,86720.0,2282.11,2024-08-30
Dijon,21231,21000,Appartement,27.0,51000.0,1888.89,2024-09-19
Sombernon,21611,21540,Maison,91.0,120000.0,1318.68,2024-09-03
Dijon,21231,21000,Appartement,35.0,100000.0,2857.14,2024-09-06
Bissey-la-Côte,21077,21520,Maison,120.0,144600.0,1205.0,2024-08-30
Saint-Apollinaire,21540,21850,Maison,149.0,412900.0,2771.14,2024-09-17
Saint-Apollinaire,21540,21850,Maison,149.0,412900.0,2771.14,2024-09-17
Longvic,21355,21600,Maison,45.0,224390.0,4986.44,2024-09-06
Dijon,21231,21000,Appartement,53.0,161400.0,3045.28,2024-09-09
Montliot-et-Courcelles,21435,21400,Maison,85.0,200000.0,2352.94,2024-08-28
Montliot-et-Courcelles,21435,21400,Maison,85.0,200000.0,2352.94,2024-08-28
Dijon,21231,21000,Appartement,58.0,210240.0,3624.83,2024-09-13
Talant,21617,21240,Appartement,55.0,150000.0,2727.27,2024-09-26
Thorey-en-Plaine,21632,21110,Maison,92.0,230000.0,2500.0,2024-09-20
Dijon,21231,21000,Appartement,43.0,186000.0,4325.58,2024-08-29
Chenôve,21166,21300,Appartement,56.0,126100.0,2251.79,2024-09-30
Dijon,21231,21000,Appartement,81.0,205000.0,2530.86,2024-09-25
Talant,21617,21240,Maison,364.0,931000.0,2557.69,2024-09-12
Dijon,21231,21000,Appartement,56.0,276400.0,4935.71,2024-09-30
Dijon,21231,21000,Appartement,41.0,220001.0,5365.88,2024-09-24
Marsannay-la-Côte,21390,21160,Maison,82.0,210000.0,2560.98,2024-09-23
Dijon,21231,21000,Appartement,56.0,80000.0,1428.57,2024-09-12
Chevigny-Saint-Sauveur,21171,21800,Maison,93.0,235000.0,2526.88,2024-09-21
Quetigny,21515,21800,Maison,91.0,246000.0,2703.3,2024-09-18
Dijon,21231,21000,Appartement,76.0,111700.0,1469.74,2024-09-17
Beaune,21054,21200,Maison,115.0,305000.0,2652.17,2024-09-30
La Roche-Vanneau,21528,21150,Maison,46.0,40000.0,869.57,2024-09-27
Fleurey-sur-Ouche,21273,21410,Maison,53.0,63000.0,1188.68,2024-09-18
Dijon,21231,21000,Appartement,53.0,115000.0,2169.81,2024-09-06
Voudenay,21715,21230,Maison,73.0,111000.0,1520.55,2024-09-13
Bonnencontre,21089,21250,Maison,176.0,137000.0,778.41,2024-09-27
Beaune,21054,21200,Maison,93.0,278600.0,2995.7,2024-09-24
Dijon,21231,21000,Appartement,65.0,165400.0,2544.62,2024-09-13
Auxonne,21038,21130,Appartement,60.0,57500.0,958.33,2024-09-13
Gilly-lès-Cîteaux,21297,21640,Maison,138.0,393400.0,2850.72,2024-09-05
Dijon,21231,21000,Appartement,81.0,271100.0,3346.91,2024-09-18
Dijon,21231,21000,Appartement,57.0,185491.0,3254.23,2024-09-12
Dijon,21231,21000,Appartement,20.0,119001.0,5950.05,2024-09-24
Chenôve,21166,21300,Appartement,66.0,190000.0,2878.79,2024-09-16
Saint-Apollinaire,21540,21850,Appartement,61.0,144000.0,2360.66,2024-09-26
Saint-Apollinaire,21540,21850,Appartement,50.0,144000.0,2880.0,2024-09-26
Genlis,21292,21110,Appartement,31.0,71800.0,2316.13,2024-09-19
Dijon,21231,21000,Appartement,67.0,154500.0,2305.97,2024-09-19
Saint-Julien,21555,21490,Maison,110.0,180000.0,1636.36,2024-09-18
Saint-Julien,21555,21490,Maison,110.0,180000.0,1636.36,2024-09-18
Dijon,21231,21000,Appartement,30.0,127000.0,4233.33,2024-09-18
Dijon,21231,21000,Appartement,23.0,50500.0,2195.65,2024-09-09
Dijon,21231,21000,Appartement,20.0,62000.0,3100.0,2024-09-10
Saulieu,21584,21210,Maison,179.0,167000.0,932.96,2024-09-27
Dijon,21231,21000,Appartement,78.0,191200.0,2451.28,2024-09-27
Chevigny-Saint-Sauveur,21171,21800,Maison,147.0,297000.0,2020.41,2024-09-30
Dijon,21231,21000,Appartement,41.0,75000.0,1829.27,2024-09-27
Saulieu,21584,21210,Maison,76.0,65000.0,855.26,2024-09-26
Toutry,21642,21460,Maison,100.0,150000.0,1500.0,2024-09-20
Toutry,21642,21460,Maison,100.0,150000.0,1500.0,2024-09-20
Semur-en-Auxois,21603,21140,Maison,112.0,243000.0,2169.64,2024-09-25
Rouvray,21531,21530,Appartement,113.0,17500.0,154.87,2024-09-26
Dijon,21231,21000,Appartement,65.0,61623.0,948.05,2024-08-26
Dijon,21231,21000,Appartement,53.0,175000.0,3301.89,2024-09-27
Labergement-lès-Seurre,21332,21820,Maison,100.0,215000.0,2150.0,2024-09-24
Labergement-lès-Seurre,21332,21820,Maison,100.0,215000.0,2150.0,2024-09-24
Saint-Apollinaire,21540,21850,Maison,130.0,285000.0,2192.31,2024-09-23
Dijon,21231,21000,Appartement,70.0,293000.0,4185.71,2024-09-20
Dijon,21231,21000,Appartement,35.0,111570.0,3187.71,2024-09-23
Dijon,21231,21000,Appartement,30.0,84700.0,2823.33,2024-09-03
Dijon,21231,21000,Appartement,45.0,154000.0,3422.22,2024-09-27
Dijon,21231,21000,Appartement,47.0,80500.0,1712.77,2024-09-20
Chenôve,21166,21300,Appartement,56.0,85000.0,1517.86,2024-09-27
Quetigny,21515,21800,Appartement,58.0,228140.0,3933.45,2024-09-23
Dijon,21231,21000,Appartement,21.0,61750.0,2940.48,2024-09-19
Voudenay,21715,21230,Maison,72.0,71000.0,986.11,2024-09-17
Chenôve,21166,21300,Appartement,59.0,68400.0,1159.32,2024-09-19
Dijon,21231,21000,Appartement,39.0,86000.0,2205.13,2024-09-18
Selongey,21599,21260,Appartement,58.0,110700.0,1908.62,2024-09-26
Fontaine-lès-Dijon,21278,21121,Maison,183.0,887000.0,4846.99,2024-09-20
Marcilly-sur-Tille,21383,21120,Appartement,53.0,195000.0,3679.25,2024-09-26
Marcilly-sur-Tille,21383,21120,Appartement,82.0,195000.0,2378.05,2024-09-26
Til-Châtel,21638,21120,Maison,56.0,285150.0,5091.96,2024-09-27
Longvic,21355,21600,Appartement,76.0,135000.0,1776.32,2024-09-18
Ahuy,21003,21121,Maison,107.0,329000.0,3074.77,2024-09-13
Dijon,21231,21000,Appartement,64.0,148000.0,2312.5,2024-09-30
Dijon,21231,21000,Appartement,24.0,110000.0,4583.33,2024-09-19
Dijon,21231,21000,Appartement,47.0,110000.0,2340.43,2024-09-19
Dijon,21231,21000,Appartement,66.0,97000.0,1469.7,2024-09-16
Is-sur-Tille,21317,21120,Maison,96.0,284000.0,2958.33,2024-09-25
Clénay,21179,21490,Maison,127.0,348800.0,2746.46,2024-09-16
Fontaine-lès-Dijon,21278,21121,Appartement,44.0,102000.0,2318.18,2024-09-25
Beaune,21054,21200,Appartement,125.0,296000.0,2368.0,2024-09-11
Ménessaire,21403,21430,Maison,70.0,74000.0,1057.14,2024-09-12
Beaune,21054,21200,Maison,96.0,230000.0,2395.83,2024-09-17
Beaune,21054,21200,Appartement,50.0,130000.0,2600.0,2024-09-20
Lacanche,21334,21230,Maison,92.0,80500.0,875.0,2024-09-20
Corpeau,21196,21190,Maison,128.0,216770.0,1693.52,2024-09-20
Corpeau,21196,21190,Maison,128.0,216770.0,1693.52,2024-09-20
Dijon,21231,21000,Appartement,98.0,302500.0,3086.73,2024-09-30
Dijon,21231,21000,Appartement,76.0,184500.0,2427.63,2024-09-30
Saint-Apollinaire,21540,21850,Appartement,65.0,171330.0,2635.85,2024-09-30
Dijon,21231,21000,Appartement,77.0,159000.0,2064.94,2024-09-30
Marsannay-la-Côte,21390,21160,Maison,82.0,160000.0,1951.22,2024-09-27
Quetigny,21515,21800,Appartement,54.0,94200.0,1744.44,2024-10-01
Dijon,21231,21000,Appartement,81.0,249700.0,3082.72,2024-09-30
Dijon,21231,21000,Appartement,21.0,129001.0,6142.9,2024-09-27
Gevrey-Chambertin,21295,21220,Appartement,82.0,217000.0,2646.34,2024-09-12
Lamarche-sur-Saône,21337,21760,Maison,117.0,219700.0,1877.78,2024-09-16
Hauteville-lès-Dijon,21315,21121,Maison,151.0,430000.0,2847.68,2024-09-18
Dijon,21231,21000,Appartement,250.0,585000.0,2340.0,2024-09-23
Flavigny-sur-Ozerain,21271,21150,Maison,96.0,290000.0,3020.83,2024-09-23
Fontaine-lès-Dijon,21278,21121,Appartement,34.0,98200.0,2888.24,2024-09-23
Dijon,21231,21000,Appartement,45.0,128000.0,2844.44,2024-09-19
Ladoix-Serrigny,21606,21550,Maison,100.0,280000.0,2800.0,2024-09-02
Dijon,21231,21000,Appartement,155.0,300000.0,1935.48,2024-09-18
Franxault,21285,21170,Appartement,62.0,392779.0,6335.15,2024-10-01
Franxault,21285,21170,Appartement,82.0,392779.0,4789.99,2024-10-01
Franxault,21285,21170,Appartement,62.0,392779.0,6335.15,2024-10-01
Franxault,21285,21170,Appartement,82.0,392779.0,4789.99,2024-10-01
Flagey-lès-Auxonne,21268,21130,Appartement,53.0,50000.0,943.4,2024-09-30
Flagey-lès-Auxonne,21268,21130,Appartement,69.0,50000.0,724.64,2024-09-30
Dijon,21231,21000,Appartement,48.0,140000.0,2916.67,2024-09-24
Grancey-le-Château-Neuvelle,21304,21580,Maison,123.0,85000.0,691.06,2024-09-26
Vaux-Saules,21659,21440,Maison,106.0,290650.0,2741.98,2024-09-23
Vaux-Saules,21659,21440,Maison,106.0,290650.0,2741.98,2024-09-23
Quetigny,21515,21800,Appartement,85.0,248000.0,2917.65,2024-09-24
Perrigny-sur-l'Ognon,21482,21270,Maison,137.0,290000.0,2116.79,2024-09-18
Venarey-les-Laumes,21663,21150,Maison,66.0,135200.0,2048.48,2024-09-11
Ahuy,21003,21121,Maison,144.0,454000.0,3152.78,2024-09-18
Châtillon-sur-Seine,21154,21400,Maison,70.0,145000.0,2071.43,2024-09-03
Dijon,21231,21000,Appartement,20.0,72500.0,3625.0,2024-09-06
Perrigny-sur-l'Ognon,21482,21270,Maison,80.0,105000.0,1312.5,2024-09-23
Ahuy,21003,21121,Maison,81.0,234000.0,2888.89,2024-09-16
Dijon,21231,21000,Appartement,60.0,167300.0,2788.33,2024-09-26
Voudenay,21715,21230,Maison,53.0,15000.0,283.02,2024-01-19
Remilly-sur-Tille,21521,21560,Maison,91.0,302000.0,3318.68,2024-09-30
Savigny-le-Sec,21591,21380,Maison,84.0,310000.0,3690.48,2024-09-26
Talant,21617,21240,Appartement,92.0,350000.0,3804.35,2024-09-27
Dijon,21231,21000,Appartement,30.0,81000.0,2700.0,2024-09-26
Saint-Julien,21555,21490,Maison,240.0,567800.0,2365.83,2024-09-30
Corcelles-les-Monts,21192,21160,Maison,121.0,405300.0,3349.59,2024-09-30
Dijon,21231,21000,Appartement,44.0,390000.0,8863.64,2024-09-13
Dijon,21231,21000,Appartement,33.0,325000.0,9848.48,2024-09-30
Dijon,21231,21000,Appartement,43.0,325000.0,7558.14,2024-09-30
Saint-Apollinaire,21540,21850,Maison,64.0,190000.0,2968.75,2024-09-30
Mirebeau-sur-Bèze,21416,21310,Maison,110.0,278000.0,2527.27,2024-09-24
Couternon,21209,21560,Maison,146.0,350000.0,2397.26,2024-09-24
Dijon,21231,21000,Appartement,100.0,203500.0,2035.0,2024-09-27
Asnières-lès-Dijon,21027,21380,Maison,166.0,575000.0,3463.86,2024-09-30
Vic-sous-Thil,21678,21390,Maison,88.0,92000.0,1045.45,2024-09-24
Vic-sous-Thil,21678,21390,Maison,88.0,92000.0,1045.45,2024-09-24
Dijon,21231,21000,Appartement,64.0,211600.0,3306.25,2024-09-27
Chevigny-Saint-Sauveur,21171,21800,Appartement,46.0,130000.0,2826.09,2024-09-30
Lamarche-sur-Saône,21337,21760,Maison,108.0,231800.0,2146.3,2024-10-01
Chenôve,21166,21300,Appartement,68.0,99000.0,1455.88,2024-10-01
Cessey-sur-Tille,21126,21110,Maison,114.0,235300.0,2064.04,2024-10-01
Fontaine-lès-Dijon,21278,21121,Appartement,92.0,208000.0,2260.87,2024-09-20
Dijon,21231,21000,Appartement,45.0,215500.0,4788.89,2024-09-25
Darois,21227,21121,Maison,85.0,235000.0,2764.71,2024-09-26
Villey-sur-Tille,21702,21120,Maison,140.0,282000.0,2014.29,2024-10-02
Villeferry,21694,21350,Appartement,56.0,436000.0,7785.71,2024-09-12
Villeferry,21694,21350,Appartement,20.0,436000.0,21800.0,2024-09-12
Villeferry,21694,21350,Maison,130.0,436000.0,3353.85,2024-09-12
Villeferry,21694,21350,Maison,48.0,436000.0,9083.33,2024-09-12
Mâlain,21373,21410,Maison,100.0,280000.0,2800.0,2024-09-13
Is-sur-Tille,21317,21120,Maison,62.0,300000.0,4838.71,2024-09-11
Talant,21617,21240,Appartement,31.0,77500.0,2500.0,2024-09-23
Dijon,21231,21000,Appartement,55.0,105000.0,1909.09,2024-09-26
Dijon,21231,21000,Appartement,43.0,149000.0,3465.12,2024-09-26
Saint-Germain-lès-Senailly,21550,21500,Maison,75.0,60000.0,800.0,2024-09-27
Dijon,21231,21000,Maison,102.0,551000.0,5401.96,2024-09-24
Fontaine-lès-Dijon,21278,21121,Appartement,40.0,137400.0,3435.0,2024-09-23
Saint-Apollinaire,21540,21850,Appartement,49.0,159000.0,3244.9,2024-09-23
Dijon,21231,21000,Appartement,65.0,161100.0,2478.46,2024-09-25
Bretenière,21106,21110,Maison,149.0,409000.0,2744.97,2024-09-23
Dijon,21231,21000,Maison,106.0,205500.0,1938.68,2024-10-04
Chenôve,21166,21300,Maison,219.0,322000.0,1470.32,2024-03-06
Dijon,21231,21000,Appartement,68.0,247000.0,3632.35,2024-09-25
Chenôve,21166,21300,Maison,81.0,242500.0,2993.83,2024-09-30
Chenôve,21166,21300,Appartement,63.0,228950.0,3634.13,2024-10-01
Riel-les-Eaux,21524,21570,Maison,84.0,64000.0,761.9,2024-09-05
Clénay,21179,21490,Maison,106.0,273350.0,2578.77,2024-09-23
Quetigny,21515,21800,Maison,85.0,670000.0,7882.35,2024-09-19
Talant,21617,21240,Appartement,101.0,175000.0,1732.67,2024-09-20
Is-sur-Tille,21317,21120,Maison,117.0,227500.0,1944.44,2024-09-20
Arceau,21016,21310,Maison,90.0,207000.0,2300.0,2024-09-23
Dijon,21231,21000,Appartement,40.0,113000.0,2825.0,2024-09-27
Dijon,21231,21000,Appartement,63.0,135000.0,2142.86,2024-09-18
Dijon,21231,21000,Appartement,64.0,217000.0,3390.62,2024-09-19
Dijon,21231,21000,Appartement,79.0,185000.0,2341.77,2024-09-18
Dijon,21231,21000,Appartement,71.0,185000.0,2605.63,2024-09-18
Dijon,21231,21000,Appartement,64.0,180000.0,2812.5,2024-09-23
Seigny,21598,21150,Maison,129.0,194200.0,1505.43,2024-09-18
Chevigny-Saint-Sauveur,21171,21800,Maison,81.0,245700.0,3033.33,2024-09-26
Dijon,21231,21000,Appartement,53.0,116000.0,2188.68,2024-09-27
Venarey-les-Laumes,21663,21150,Appartement,54.0,79000.0,1462.96,2024-09-18
Venarey-les-Laumes,21663,21150,Appartement,78.0,79000.0,1012.82,2024-09-18
Talant,21617,21240,Appartement,75.0,180000.0,2400.0,2024-09-20
Beire-le-Châtel,21056,21310,Appartement,102.0,450000.0,4411.76,2024-09-25
Beire-le-Châtel,21056,21310,Appartement,95.0,450000.0,4736.84,2024-09-25
Chenôve,21166,21300,Appartement,42.0,112500.0,2678.57,2024-09-27
Venarey-les-Laumes,21663,21150,Maison,97.0,165000.0,1701.03,2024-09-18
Verrey-sous-Salmaise,21670,21690,Maison,87.0,140000.0,1609.2,2024-09-24
Longvic,21355,21600,Appartement,46.0,124000.0,2695.65,2024-09-19
Dijon,21231,21000,Appartement,42.0,620000.0,14761.9,2024-09-20
Dijon,21231,21000,Appartement,91.0,620000.0,6813.19,2024-09-20
Dijon,21231,21000,Appartement,42.0,620000.0,14761.9,2024-09-20
Dijon,21231,21000,Appartement,77.0,149900.0,1946.75,2024-09-16
Quetigny,21515,21800,Maison,94.0,258000.0,2744.68,2024-09-30
Dijon,21231,21000,Appartement,57.0,135000.0,2368.42,2024-09-16
Fontaine-lès-Dijon,21278,21121,Appartement,63.0,180900.0,2871.43,2024-09-16
Dijon,21231,21000,Appartement,50.0,95000.0,1900.0,2024-09-30
Châtillon-sur-Seine,21154,21400,Maison,115.0,120000.0,1043.48,2024-09-05
Dijon,21231,21000,Appartement,15.0,52000.0,3466.67,2024-10-04
Talant,21617,21240,Appartement,70.0,162500.0,2321.43,2024-09-25
Saint-Apollinaire,21540,21850,Appartement,106.0,275500.0,2599.06,2024-09-18
Lamarche-sur-Saône,21337,21760,Maison,90.0,165280.0,1836.44,2024-09-18
Lamarche-sur-Saône,21337,21760,Maison,90.0,165280.0,1836.44,2024-09-18
Monthelie,21428,21190,Maison,129.0,565500.0,4383.72,2024-09-28
Chevigny-Saint-Sauveur,21171,21800,Maison,84.0,240000.0,2857.14,2024-09-09
Talant,21617,21240,Appartement,49.0,144000.0,2938.78,2024-10-02
Agey,21002,21410,Maison,80.0,299482.0,3743.53,2024-09-26
Agey,21002,21410,Maison,80.0,299482.0,3743.53,2024-09-26
Dijon,21231,21000,Appartement,78.0,152250.0,1951.92,2024-10-01
Dijon,21231,21000,Appartement,46.0,100000.0,2173.91,2024-09-27
Dijon,21231,21000,Appartement,19.0,59000.0,3105.26,2024-09-27
Dijon,21231,21000,Appartement,41.0,135500.0,3304.88,2024-10-02
Dijon,21231,21000,Appartement,38.0,106000.0,2789.47,2024-10-01
Plombières-lès-Dijon,21485,21370,Maison,102.0,229000.0,2245.1,2024-10-01
Hauteville-lès-Dijon,21315,21121,Maison,90.0,265000.0,2944.44,2024-09-27
Dijon,21231,21000,Appartement,47.0,193000.0,4106.38,2024-09-25
Marsannay-la-Côte,21390,21160,Maison,82.0,236300.0,2881.71,2024-09-23
Bonnencontre,21089,21250,Maison,127.0,160000.0,1259.84,2024-09-26
Velars-sur-Ouche,21661,21370,Maison,104.0,108623.5,1044.46,2024-10-04
Lacanche,21334,21230,Maison,96.0,130000.0,1354.17,2024-09-27
Châtillon-sur-Seine,21154,21400,Appartement,36.0,19000.0,527.78,2024-10-01
Montagny-lès-Seurre,21424,21250,Maison,81.0,75450.0,931.48,2024-09-17
Montagny-lès-Seurre,21424,21250,Maison,81.0,75450.0,931.48,2024-09-17
Marsannay-la-Côte,21390,21160,Maison,82.0,171000.0,2085.37,2024-09-24
Gevrey-Chambertin,21295,21220,Appartement,95.0,47000.0,494.74,2024-09-18
Chevigny-Saint-Sauveur,21171,21800,Maison,130.0,198000.0,1523.08,2024-09-19
Époisses,21247,21460,Maison,85.0,138000.0,1623.53,2024-09-21
Dijon,21231,21000,Appartement,41.0,132000.0,3219.51,2024-09-26
Dijon,21231,21000,Appartement,70.0,221850.0,3169.29,2024-10-03
Marsannay-la-Côte,21390,21160,Maison,82.0,205000.0,2500.0,2024-09-23
Dijon,21231,21000,Appartement,42.0,96050.0,2286.9,2024-10-02
Dijon,21231,21000,Appartement,33.0,85000.0,2575.76,2024-10-07
Dijon,21231,21000,Appartement,66.0,154800.0,2345.45,2024-10-01
Genlis,21292,21110,Maison,189.0,83000.0,439.15,2024-05-25
Dijon,21231,21000,Appartement,63.0,215000.0,3412.7,2024-09-25
Quetigny,21515,21800,Appartement,37.0,145000.0,3918.92,2024-09-17
Dijon,21231,21000,Appartement,82.0,70000.0,853.66,2024-09-20
Beaune,21054,21200,Maison,91.0,234500.0,2576.92,2024-09-30
Marsannay-le-Bois,21391,21380,Maison,117.0,351500.0,3004.27,2024-09-20
Genlis,21292,21110,Appartement,55.0,88000.0,1600.0,2024-09-20
Laperrière-sur-Saône,21342,21170,Maison,110.0,198000.0,1800.0,2024-09-27
Dijon,21231,21000,Appartement,80.0,273000.0,3412.5,2024-10-01
Magny-Lambert,21364,21450,Maison,56.0,90000.0,1607.14,2024-09-30
Magny-Lambert,21364,21450,Maison,56.0,90000.0,1607.14,2024-09-30
Longvic,21355,21600,Maison,122.0,340000.0,2786.89,2024-10-04
Dijon,21231,21000,Appartement,31.0,108000.0,3483.87,2024-10-04
Dijon,21231,21000,Appartement,47.0,214700.0,4568.09,2024-10-04
Talant,21617,21240,Appartement,84.0,142100.0,1691.67,2024-10-01
Dijon,21231,21000,Appartement,45.0,152000.0,3377.78,2024-09-30
Dijon,21231,21000,Appartement,45.0,154000.0,3422.22,2024-10-08
Losne,21356,21170,Maison,120.0,206800.0,1723.33,2024-09-23
Dijon,21231,21000,Appartement,61.0,128100.0,2100.0,2024-09-12
Échenon,21239,21170,Maison,106.0,225000.0,2122.64,2024-09-26
Dijon,21231,21000,Appartement,26.0,92800.0,3569.23,2024-09-17
Dijon,21231,21000,Appartement,50.0,107000.0,2140.0,2024-10-01
Dijon,21231,21000,Appartement,27.0,137001.0,5074.11,2024-10-04
Dijon,21231,21000,Appartement,39.0,150491.0,3858.74,2024-09-27
Collonges-lès-Premières,21183,21110,Maison,90.0,237000.0,2633.33,2024-09-23
Dijon,21231,21000,Maison,87.0,282000.0,3241.38,2024-09-25
Grancey-sur-Ource,21305,21570,Maison,70.0,70755.0,1010.79,2024-09-27
Dijon,21231,21000,Appartement,29.0,88316.0,3045.38,2024-09-19
Marcheseuil,21379,21430,Maison,52.0,48000.0,923.08,2024-09-19
Dijon,21231,21000,Appartement,40.0,116000.0,2900.0,2024-09-26
Brazey-en-Plaine,21103,21470,Maison,121.0,246000.0,2033.06,2024-09-13
Essey,21251,21320,Maison,95.0,198000.0,2084.21,2024-09-30
Dijon,21231,21000,Appartement,47.0,100000.0,2127.66,2024-09-26
Beaune,21054,21200,Appartement,84.0,185000.0,2202.38,2024-09-27
Saint-Apollinaire,21540,21850,Maison,85.0,316500.0,3723.53,2024-10-02
Genlis,21292,21110,Appartement,33.0,40000.0,1212.12,2024-09-19
Longvic,21355,21600,Appartement,83.0,257000.0,3096.39,2024-09-20
Meursault,21412,21190,Maison,108.0,466000.0,4314.81,2024-10-01
Fontaine-lès-Dijon,21278,21121,Maison,137.0,447000.0,3262.77,2024-10-09
Dijon,21231,21000,Appartement,39.0,133500.0,3423.08,2024-10-04
Dijon,21231,21000,Appartement,18.0,133500.0,7416.67,2024-10-04
Dijon,21231,21000,Appartement,133.0,255000.0,1917.29,2024-10-04
Dijon,21231,21000,Appartement,50.0,186550.0,3731.0,2024-10-09
Puligny-Montrachet,21512,21190,Maison,60.0,87000.0,1450.0,2024-09-27
Dijon,21231,21000,Appartement,188.0,392000.0,2085.11,2024-10-01
Is-sur-Tille,21317,21120,Maison,88.0,162500.0,1846.59,2024-09-30
Messigny-et-Vantoux,21408,21380,Maison,56.0,124000.0,2214.29,2024-09-30
Dijon,21231,21000,Appartement,31.0,160000.0,5161.29,2024-10-01
Dijon,21231,21000,Appartement,21.0,160000.0,7619.05,2024-10-01
Lux,21361,21120,Maison,120.0,360000.0,3000.0,2024-09-30
Dijon,21231,21000,Appartement,53.0,110000.0,2075.47,2024-09-23
Chevigny-Saint-Sauveur,21171,21800,Maison,137.0,330000.0,2408.76,2024-10-07
Velars-sur-Ouche,21661,21370,Maison,95.0,260500.0,2742.11,2024-09-27
Dijon,21231,21000,Appartement,48.0,105000.0,2187.5,2024-10-01
Dijon,21231,21000,Appartement,132.0,532000.0,4030.3,2024-10-01
Marcilly-sur-Tille,21383,21120,Appartement,60.0,184800.0,3080.0,2024-09-24
Dijon,21231,21000,Maison,80.0,217000.0,2712.5,2024-09-20
Chamblanc,21131,21250,Maison,114.0,90000.0,789.47,2024-10-08
Arceau,21016,21310,Maison,107.0,195000.0,1822.43,2024-10-01
Bellefond,21059,21490,Maison,54.0,171650.0,3178.7,2024-09-06
Montbard,21425,21500,Maison,124.0,138000.0,1112.9,2024-10-08
Dijon,21231,21000,Appartement,75.0,55500.0,740.0,2024-10-02
Beaune,21054,21200,Appartement,165.0,460000.0,2787.88,2024-09-27
Selongey,21599,21260,Maison,70.0,170000.0,2428.57,2024-09-27
Dijon,21231,21000,Appartement,35.0,130500.0,3728.57,2024-10-02
Dijon,21231,21000,Appartement,53.0,200000.0,3773.58,2024-10-03
Dijon,21231,21000,Appartement,71.0,200000.0,2816.9,2024-10-03
Fontaine-lès-Dijon,21278,21121,Appartement,72.0,200000.0,2777.78,2024-10-03
Talant,21617,21240,Appartement,64.0,118000.0,1843.75,2024-09-25
Asnières-lès-Dijon,21027,21380,Maison,162.0,625000.0,3858.02,2024-10-02
Dijon,21231,21000,Appartement,36.0,85000.0,2361.11,2024-09-24
Dijon,21231,21000,Appartement,50.0,185000.0,3700.0,2024-09-20
Dijon,21231,21000,Appartement,62.0,78000.0,1258.06,2024-09-19
Recey-sur-Ource,21519,21290,Maison,96.0,130000.0,1354.17,2024-09-16
Asnières-lès-Dijon,21027,21380,Maison,162.0,910300.0,5619.14,2024-09-20
Dijon,21231,21000,Appartement,23.0,60000.0,2608.7,2024-09-23
Beaune,21054,21200,Maison,100.0,289000.0,2890.0,2024-09-30
Meursault,21412,21190,Maison,214.0,604480.0,2824.67,2024-09-30
Meursault,21412,21190,Maison,214.0,604480.0,2824.67,2024-09-30
Dijon,21231,21000,Appartement,86.0,233400.0,2713.95,2024-10-02
Nuits-Saint-Georges,21464,21700,Appartement,83.0,230000.0,2771.08,2024-10-01
Sincey-lès-Rouvray,21608,21530,Maison,90.0,152700.0,1696.67,2024-09-27
Sincey-lès-Rouvray,21608,21530,Maison,90.0,152700.0,1696.67,2024-09-27
Saint-Aubin,21541,21190,Maison,150.0,356785.0,2378.57,2024-10-07
Chevigny-Saint-Sauveur,21171,21800,Maison,103.0,226000.0,2194.17,2024-10-10
Dijon,21231,21000,Appartement,72.0,116000.0,1611.11,2024-09-24
Chevigny-Saint-Sauveur,21171,21800,Maison,169.0,254170.0,1503.96,2024-09-16
Dijon,21231,21000,Maison,69.0,342500.0,4963.77,2024-09-16
Dijon,21231,21000,Appartement,49.0,105000.0,2142.86,2024-09-23
Dijon,21231,21000,Maison,60.0,175000.0,2916.67,2024-09-30
Dijon,21231,21000,Maison,162.0,570000.0,3518.52,2024-09-30
Bretigny,21107,21490,Maison,120.0,275000.0,2291.67,2024-09-30
Dijon,21231,21000,Appartement,43.0,92000.0,2139.53,2024-09-25
Licey-sur-Vingeanne,21348,21610,Maison,76.0,49000.0,644.74,2024-09-20
Longvic,21355,21600,Maison,103.0,300000.0,2912.62,2024-10-02
Dijon,21231,21000,Maison,45.0,211000.0,4688.89,2024-09-26
Dijon,21231,21000,Appartement,18.0,61000.0,3388.89,2024-10-02
Varanges,21656,21110,Maison,133.0,197000.0,1481.2,2024-09-23
Jancigny,21323,21310,Maison,155.0,222000.0,1432.26,2024-09-26
Jancigny,21323,21310,Maison,155.0,222000.0,1432.26,2024-09-26
Dijon,21231,21000,Appartement,55.0,127500.0,2318.18,2024-09-20
Dijon,21231,21000,Appartement,92.0,226650.0,2463.59,2024-09-23
Dijon,21231,21000,Appartement,70.0,57000.0,814.29,2024-09-23
Trochères,21644,21310,Maison,101.0,246440.0,2440.0,2024-09-23
Mirebeau-sur-Bèze,21416,21310,Maison,120.0,135000.0,1125.0,2024-09-26
Genlis,21292,21110,Maison,72.0,185000.0,2569.44,2024-09-23
Nuits-Saint-Georges,21464,21700,Maison,110.0,291950.0,2654.09,2024-09-16
Quetigny,21515,21800,Appartement,34.0,82500.0,2426.47,2024-09-30
Nuits-Saint-Georges,21464,21700,Appartement,87.0,237410.0,2728.85,2024-10-04
Nuits-Saint-Georges,21464,21700,Maison,84.0,237410.0,2826.31,2024-10-04
Cheuge,21167,21310,Maison,128.0,174000.0,1359.38,2024-09-23
Cheuge,21167,21310,Maison,120.0,174000.0,1450.0,2024-09-23
Couchey,21200,21160,Appartement,30.0,82000.0,2733.33,2024-09-26
Magny-Saint-Médard,21369,21310,Maison,100.0,234050.0,2340.5,2024-09-09
Époisses,21247,21460,Maison,42.0,45000.0,1071.43,2024-10-10
Dijon,21231,21000,Appartement,118.0,220000.0,1864.41,2024-10-04
Pontailler-sur-Saône,21496,21270,Maison,132.0,241500.0,1829.55,2024-09-13
Remilly-sur-Tille,21521,21560,Maison,160.0,402400.0,2515.0,2024-09-27
Rougemont,21530,21500,Maison,232.0,545000.0,2349.14,2024-09-16
Saint-Andeux,21538,21530,Maison,58.0,31000.0,534.48,2024-09-16
Aiserey,21005,21110,Maison,68.0,179000.0,2632.35,2024-09-24
Quetigny,21515,21800,Maison,101.0,264000.0,2613.86,2024-09-30
Dijon,21231,21000,Appartement,50.0,150000.0,3000.0,2024-10-03
Saint-Euphrône,21547,21140,Maison,129.0,80000.0,620.16,2024-10-08
Genlis,21292,21110,Maison,87.0,97000.0,1114.94,2024-09-30
Dijon,21231,21000,Appartement,21.0,63000.0,3000.0,2024-10-09
Ladoix-Serrigny,21606,21550,Maison,143.0,363700.0,2543.36,2024-10-04
Dijon,21231,21000,Appartement,71.0,165000.0,2323.94,2024-10-11
Dijon,21231,21000,Appartement,21.0,69000.0,3285.71,2024-10-09
Dijon,21231,21000,Maison,80.0,277390.0,3467.38,2024-10-02
Chevigny-Saint-Sauveur,21171,21800,Maison,134.0,313000.0,2335.82,2024-09-23
Dijon,21231,21000,Maison,103.0,275000.0,2669.9,2024-10-04
Dijon,21231,21000,Appartement,68.0,170000.0,2500.0,2024-10-01
Dijon,21231,21000,Appartement,23.0,75350.0,3276.09,2024-10-01
Dijon,21231,21000,Appartement,39.0,255000.0,6538.46,2024-09-27
Dijon,21231,21000,Appartement,53.0,114000.0,2150.94,2024-09-30
Varois-et-Chaignot,21657,21490,Maison,140.0,405000.0,2892.86,2024-10-07
Bourberain,21094,21610,Maison,64.0,90000.0,1406.25,2024-09-13
Pont-et-Massène,21497,21140,Maison,69.0,140000.0,2028.99,2024-10-08
Pont-et-Massène,21497,21140,Maison,69.0,140000.0,2028.99,2024-10-08
Corcelles-les-Monts,21192,21160,Appartement,36.0,95850.0,2662.5,2024-10-07
Dijon,21231,21000,Appartement,58.0,150000.0,2586.21,2024-10-02
Dijon,21231,21000,Maison,78.0,442000.0,5666.67,2024-10-02
Dijon,21231,21000,Appartement,40.0,66000.0,1650.0,2024-09-30
Sennecey-lès-Dijon,21605,21800,Maison,113.0,391300.0,3462.83,2024-09-23
Dijon,21231,21000,Appartement,46.0,136200.0,2960.87,2024-10-03
Saint-Bernard,21542,21700,Maison,98.0,235000.0,2397.96,2024-09-17
Dijon,21231,21000,Appartement,57.0,195000.0,3421.05,2024-10-04
Dijon,21231,21000,Appartement,33.0,74990.0,2272.42,2024-10-09
Dijon,21231,21000,Appartement,62.0,183250.0,2955.65,2024-09-23
Dijon,21231,21000,Appartement,74.0,191000.0,2581.08,2024-10-14
Marigny-le-Cahouët,21386,21150,Maison,70.0,59000.0,842.86,2024-09-18
Dijon,21231,21000,Appartement,50.0,82000.0,1640.0,2024-10-08
Saulieu,21584,21210,Maison,110.0,190000.0,1727.27,2024-09-19
Saint-Martin-de-la-Mer,21560,21210,Maison,100.0,145000.0,1450.0,2024-09-30
Saint-Martin-de-la-Mer,21560,21210,Maison,100.0,145000.0,1450.0,2024-09-30
Neuilly-lès-Dijon,21452,21800,Appartement,89.0,251000.0,2820.22,2024-10-01
Saint-Apollinaire,21540,21850,Appartement,60.0,163000.0,2716.67,2024-09-30
Noiron-sous-Gevrey,21458,21910,Maison,93.0,248550.0,2672.58,2024-10-02
Auxonne,21038,21130,Maison,76.0,158000.0,2078.95,2024-10-02
Saint-Sauveur,21571,21270,Maison,199.0,222800.0,1119.6,2024-09-30
Talmay,21618,21270,Maison,58.0,90000.0,1551.72,2024-09-20
Arceau,21016,21310,Maison,149.0,290000.0,1946.31,2024-09-19
Auxonne,21038,21130,Maison,40.0,150000.0,3750.0,2024-09-20
Auxonne,21038,21130,Maison,83.0,150000.0,1807.23,2024-09-20
Mirebeau-sur-Bèze,21416,21310,Maison,60.0,146000.0,2433.33,2024-09-30
Labergement-lès-Seurre,21332,21820,Maison,317.0,238350.0,751.89,2024-10-11
Dijon,21231,21000,Appartement,35.0,172000.0,4914.29,2024-09-30
Quetigny,21515,21800,Maison,103.0,280000.0,2718.45,2024-10-07
Chevigny-Saint-Sauveur,21171,21800,Appartement,45.0,132500.0,2944.44,2024-10-10
Dijon,21231,21000,Appartement,80.0,149000.0,1862.5,2024-10-04
Marsannay-la-Côte,21390,21160,Maison,94.0,221240.0,2353.62,2024-10-03
Dijon,21231,21000,Appartement,80.0,135000.0,1687.5,2024-09-30
Venarey-les-Laumes,21663,21150,Maison,130.0,148000.0,1138.46,2024-10-08
Beaune,21054,21200,Appartement,97.0,233000.0,2402.06,2024-10-09
Venarey-les-Laumes,21663,21150,Maison,20.0,173000.0,8650.0,2024-10-08
Venarey-les-Laumes,21663,21150,Maison,122.0,173000.0,1418.03,2024-10-08
Dijon,21231,21000,Appartement,45.0,115000.0,2555.56,2024-09-30
Dijon,21231,21000,Appartement,91.0,182000.0,2000.0,2024-10-11
Beaune,21054,21200,Maison,92.0,283000.0,3076.09,2024-10-04
Quetigny,21515,21800,Appartement,76.0,208000.0,2736.84,2024-10-09
Meursault,21412,21190,Appartement,9.0,735850.0,81761.11,2024-10-09
Meursault,21412,21190,Appartement,12.0,735850.0,61320.83,2024-10-09
Meursault,21412,21190,Appartement,12.0,735850.0,61320.83,2024-10-09
Meursault,21412,21190,Appartement,12.0,735850.0,61320.83,2024-10-09
Meursault,21412,21190,Appartement,50.0,735850.0,14717.0,2024-10-09
Auxey-Duresses,21037,21190,Maison,91.0,259250.0,2848.9,2024-10-09
Dijon,21231,21000,Appartement,65.0,139000.0,2138.46,2024-10-07
Dijon,21231,21000,Appartement,47.0,70500.0,1500.0,2024-09-23
Ahuy,21003,21121,Maison,85.0,264750.0,3114.71,2024-09-18
Saint-Apollinaire,21540,21850,Maison,95.0,257000.0,2705.26,2024-09-23
Dijon,21231,21000,Appartement,30.0,76000.0,2533.33,2024-10-10
Lux,21361,21120,Maison,91.0,80000.0,879.12,2024-10-08
Dijon,21231,21000,Appartement,62.0,96000.0,1548.39,2024-10-10
Dijon,21231,21000,Appartement,29.0,64000.0,2206.9,2024-10-03
Dijon,21231,21000,Appartement,46.0,50000.0,1086.96,2024-09-30
Dijon,21231,21000,Appartement,51.0,185500.0,3637.25,2024-10-11
Talant,21617,21240,Appartement,53.0,60000.0,1132.08,2024-09-30
Dijon,21231,21000,Appartement,79.0,206980.0,2620.0,2024-10-08
Dijon,21231,21000,Appartement,30.0,79700.0,2656.67,2024-10-02
Bligny-lès-Beaune,21086,21200,Maison,48.0,159000.0,3312.5,2024-09-10
Bligny-lès-Beaune,21086,21200,Maison,48.0,159000.0,3312.5,2024-09-10
Beaune,21054,21200,Appartement,48.0,117500.0,2447.92,2024-09-27
Trouhans,21645,21170,Maison,107.0,40000.0,373.83,2024-10-11
Ancey,21013,21410,Maison,60.0,184000.0,3066.67,2024-10-07
Beaune,21054,21200,Appartement,25.0,67000.0,2680.0,2024-09-30
Dijon,21231,21000,Appartement,46.0,107000.0,2326.09,2024-09-17
Dijon,21231,21000,Appartement,66.0,133500.0,2022.73,2024-09-17
Dijon,21231,21000,Appartement,30.0,85000.0,2833.33,2024-09-25
Dijon,21231,21000,Appartement,95.0,145000.0,1526.32,2024-10-04
Villecomte,21692,21120,Maison,116.0,251000.0,2163.79,2024-10-08
Dijon,21231,21000,Appartement,90.0,167500.0,1861.11,2024-10-09
Chevigny-Saint-Sauveur,21171,21800,Appartement,61.0,158000.0,2590.16,2024-10-08
Marsannay-la-Côte,21390,21160,Maison,82.0,192800.0,2351.22,2024-10-14
Soirans,21609,21110,Maison,148.0,281000.0,1898.65,2024-09-26
Dijon,21231,21000,Appartement,33.0,120000.0,3636.36,2024-10-07
Dijon,21231,21000,Appartement,24.0,120000.0,5000.0,2024-10-07
Dijon,21231,21000,Appartement,29.0,120000.0,4137.93,2024-10-07
Dijon,21231,21000,Appartement,66.0,215500.0,3265.15,2024-10-11
Santenay,21582,21590,Maison,67.0,139000.0,2074.63,2024-10-08
Clénay,21179,21490,Maison,15.0,400000.0,26666.67,2024-09-16
Clénay,21179,21490,Maison,150.0,400000.0,2666.67,2024-09-16
Dijon,21231,21000,Appartement,66.0,245000.0,3712.12,2024-09-25
Dijon,21231,21000,Appartement,58.0,132000.0,2275.86,2024-10-11
Dijon,21231,21000,Appartement,43.0,216000.0,5023.26,2024-09-26
Dijon,21231,21000,Appartement,65.0,250470.0,3853.38,2024-09-27
Dijon,21231,21000,Appartement,66.0,245000.0,3712.12,2024-10-03
Dijon,21231,21000,Appartement,78.0,135000.0,1730.77,2024-09-30
Talmay,21618,21270,Maison,179.0,251650.0,1405.87,2024-10-14
Talmay,21618,21270,Maison,179.0,251650.0,1405.87,2024-10-14
Meursault,21412,21190,Maison,160.0,388000.0,2425.0,2024-10-07
Labergement-Foigney,21330,21110,Maison,92.0,185000.0,2010.87,2024-09-19
Quetigny,21515,21800,Maison,74.0,180900.0,2444.59,2024-10-09
Meursault,21412,21190,Maison,104.0,410000.0,3942.31,2024-10-07
Meursault,21412,21190,Maison,63.0,410000.0,6507.94,2024-10-07
Dijon,21231,21000,Maison,49.0,83000.0,1693.88,2024-09-26
Labruyère,21333,21250,Maison,56.0,95000.0,1696.43,2024-09-13
Dijon,21231,21000,Appartement,28.0,132000.0,4714.29,2024-09-30
Til-Châtel,21638,21120,Maison,65.0,97000.0,1492.31,2024-10-10
Selongey,21599,21260,Maison,84.0,133000.0,1583.33,2024-10-04
Bonnencontre,21089,21250,Maison,138.0,237500.0,1721.01,2024-10-15
Bonnencontre,21089,21250,Maison,138.0,237500.0,1721.01,2024-10-15
Barges,21048,21910,Maison,175.0,465260.0,2658.63,2024-09-26
Saint-Jean-de-Losne,21554,21170,Maison,70.0,456000.0,6514.29,2024-09-30
Beaune,21054,21200,Appartement,65.0,162000.0,2492.31,2024-10-15
Nuits-Saint-Georges,21464,21700,Maison,90.0,236000.0,2622.22,2024-10-11
Chenôve,21166,21300,Appartement,81.0,195000.0,2407.41,2024-10-12
Dijon,21231,21000,Appartement,47.0,300000.0,6382.98,2024-10-07
Dijon,21231,21000,Appartement,45.0,300000.0,6666.67,2024-10-07
Saint-Apollinaire,21540,21850,Maison,76.0,155700.0,2048.68,2024-10-04
Gevrey-Chambertin,21295,21220,Maison,81.0,265000.0,3271.6,2024-10-08
Talant,21617,21240,Appartement,57.0,125000.0,2192.98,2024-10-11
Marsannay-la-Côte,21390,21160,Maison,82.0,216000.0,2634.15,2024-09-25
Seurre,21607,21250,Maison,70.0,119000.0,1700.0,2024-10-16
Dijon,21231,21000,Appartement,81.0,165000.0,2037.04,2024-10-10
Dijon,21231,21000,Appartement,49.0,98000.0,2000.0,2024-09-26
Dijon,21231,21000,Appartement,50.0,148000.0,2960.0,2024-10-11
Dijon,21231,21000,Maison,88.0,275000.0,3125.0,2024-10-03
Chenôve,21166,21300,Appartement,76.0,63000.0,828.95,2024-10-07
Beaune,21054,21200,Maison,114.0,260000.0,2280.7,2024-10-16
Allerey,21009,21230,Maison,137.0,120000.0,875.91,2024-09-30
Nolay,21461,21340,Maison,68.0,11500.0,169.12,2024-10-17
Dijon,21231,21000,Appartement,73.0,180000.0,2465.75,2024-10-14
Dijon,21231,21000,Appartement,61.0,130000.0,2131.15,2024-10-10
Dijon,21231,21000,Appartement,70.0,229300.0,3275.71,2024-10-09
Dijon,21231,21000,Appartement,84.0,205000.0,2440.48,2024-10-10
Dijon,21231,21000,Appartement,12.0,47000.0,3916.67,2024-10-15
Dijon,21231,21000,Appartement,45.0,127000.0,2822.22,2024-10-04
Dijon,21231,21000,Appartement,78.0,160000.0,2051.28,2024-09-18
Nuits-Saint-Georges,21464,21700,Appartement,42.0,60912.0,1450.29,2024-10-11
Chevigny-Saint-Sauveur,21171,21800,Maison,88.0,300000.0,3409.09,2024-10-07
Dijon,21231,21000,Appartement,84.0,145000.0,1726.19,2024-10-16
Dijon,21231,21000,Appartement,53.0,165000.0,3113.21,2024-10-14
Dijon,21231,21000,Appartement,60.0,130000.0,2166.67,2024-10-08
Marcilly-Ogny,21382,21320,Maison,46.0,30000.0,652.17,2024-10-14
Mimeure,21414,21230,Maison,92.0,181100.0,1968.48,2024-09-25
Mimeure,21414,21230,Maison,92.0,181100.0,1968.48,2024-09-25
Dijon,21231,21000,Appartement,46.0,125000.0,2717.39,2024-09-24
Dijon,21231,21000,Appartement,37.0,176000.0,4756.76,2024-10-10
Renève,21522,21310,Maison,44.0,54000.0,1227.27,2024-10-02
Beaune,21054,21200,Maison,72.0,310000.0,4305.56,2024-10-11
Corgengoux,21193,21250,Maison,88.0,245300.0,2787.5,2024-10-11
Corgengoux,21193,21250,Maison,88.0,245300.0,2787.5,2024-10-11
Beaune,21054,21200,Maison,98.0,295000.0,3010.2,2024-10-14
Dijon,21231,21000,Appartement,20.0,105000.0,5250.0,2024-10-07
Dijon,21231,21000,Appartement,20.0,105000.0,5250.0,2024-10-07
Dijon,21231,21000,Appartement,66.0,250000.0,3787.88,2024-10-02
Beaune,21054,21200,Maison,198.0,755000.0,3813.13,2024-10-03
Nolay,21461,21340,Maison,68.0,149670.0,2201.03,2024-10-10
Labruyère,21333,21250,Maison,78.0,94000.0,1205.13,2024-10-16
Dijon,21231,21000,Maison,73.0,377500.0,5171.23,2024-09-30
Perrigny-sur-l'Ognon,21482,21270,Maison,73.0,90000.0,1232.88,2024-10-03
Perrigny-sur-l'Ognon,21482,21270,Maison,73.0,90000.0,1232.88,2024-10-03
Dijon,21231,21000,Appartement,36.0,115000.0,3194.44,2024-10-09
Dijon,21231,21000,Appartement,52.0,187000.0,3596.15,2024-10-08
Ladoix-Serrigny,21606,21550,Appartement,70.0,163000.0,2328.57,2024-09-19
Pouilly-en-Auxois,21501,21320,Maison,41.0,115000.0,2804.88,2024-10-09
Nolay,21461,21340,Maison,57.0,45000.0,789.47,2024-10-14
Fontaine-lès-Dijon,21278,21121,Maison,64.0,185000.0,2890.62,2024-09-24
Chaume-lès-Baigneux,21160,21450,Maison,150.0,263000.0,1753.33,2024-10-11
Dijon,21231,21000,Appartement,68.0,105000.0,1544.12,2024-09-24
Agencourt,21001,21700,Maison,101.0,266000.0,2633.66,2024-10-18
Dijon,21231,21000,Appartement,20.0,60000.0,3000.0,2024-10-11
Laignes,21336,21330,Maison,79.0,16500.0,208.86,2024-09-18
Quetigny,21515,21800,Appartement,83.0,233500.0,2813.25,2024-09-24
Dijon,21231,21000,Appartement,70.0,130100.0,1858.57,2024-09-30
Dijon,21231,21000,Appartement,35.0,223000.0,6371.43,2024-10-11
Dijon,21231,21000,Appartement,35.0,223000.0,6371.43,2024-10-11
Bretenière,21106,21110,Maison,98.0,255250.0,2604.59,2024-09-20
Longvic,21355,21600,Maison,159.0,374300.0,2354.09,2024-10-17
Nuits-Saint-Georges,21464,21700,Maison,75.0,85000.0,1133.33,2024-10-08
Saint-Apollinaire,21540,21850,Appartement,64.0,192000.0,3000.0,2024-10-15
Dijon,21231,21000,Appartement,39.0,112000.0,2871.79,2024-10-14
Châtillon-sur-Seine,21154,21400,Appartement,65.0,33500.0,515.38,2024-09-17
Dijon,21231,21000,Appartement,59.0,140500.0,2381.36,2024-10-15
Beaune,21054,21200,Appartement,64.0,138095.0,2157.73,2024-10-16
Beaune,21054,21200,Appartement,26.0,275000.0,10576.92,2024-10-11
Dijon,21231,21000,Appartement,50.0,360000.0,7200.0,2024-09-26
Dijon,21231,21000,Appartement,50.0,360000.0,7200.0,2024-09-26
Magny-sur-Tille,21370,21110,Maison,94.0,225000.0,2393.62,2024-10-02
Corcelles-lès-Cîteaux,21191,21910,Maison,77.0,272600.0,3540.26,2024-10-11
Corcelles-lès-Cîteaux,21191,21910,Maison,100.0,272600.0,2726.0,2024-10-11
Corcelles-lès-Cîteaux,21191,21910,Maison,77.0,272600.0,3540.26,2024-10-11
Corcelles-lès-Cîteaux,21191,21910,Maison,100.0,272600.0,2726.0,2024-10-11
Beaune,21054,21200,Appartement,36.0,103000.0,2861.11,2024-10-11
Dijon,21231,21000,Appartement,22.0,72000.0,3272.73,2024-10-02
Auxonne,21038,21130,Maison,97.0,180000.0,1855.67,2024-09-27
Dijon,21231,21000,Appartement,82.0,88400.0,1078.05,2024-10-08
Dijon,21231,21000,Appartement,30.0,125000.0,4166.67,2024-10-11
Dijon,21231,21000,Appartement,31.0,105030.0,3388.06,2024-10-15
Dijon,21231,21000,Appartement,46.0,114000.0,2478.26,2024-10-14
Talant,21617,21240,Appartement,68.0,147000.0,2161.76,2024-10-11
Dijon,21231,21000,Appartement,88.0,262250.0,2980.11,2024-10-07
Dijon,21231,21000,Maison,136.0,709450.0,5216.54,2024-09-27
Dijon,21231,21000,Appartement,91.0,350000.0,3846.15,2024-10-02
Voulaines-les-Templiers,21717,21290,Maison,190.0,83000.0,436.84,2024-09-23
Dijon,21231,21000,Appartement,22.0,70500.0,3204.55,2024-10-17
Longchamp,21351,21110,Maison,114.0,259970.0,2280.44,2024-10-11
Longchamp,21351,21110,Maison,114.0,259970.0,2280.44,2024-10-11
Montigny-sur-Aube,21432,21520,Maison,112.0,70000.0,625.0,2024-09-23
Couchey,21200,21160,Maison,86.0,180000.0,2093.02,2024-10-16
Saint-Thibault,21576,21350,Maison,96.0,114710.0,1194.9,2024-10-11
Dijon,21231,21000,Maison,103.0,640000.0,6213.59,2024-10-15
Dijon,21231,21000,Maison,103.0,640000.0,6213.59,2024-10-15
Merceuil,21405,21190,Maison,100.0,285000.0,2850.0,2024-10-18
Merceuil,21405,21190,Maison,100.0,285000.0,2850.0,2024-10-18
Varois-et-Chaignot,21657,21490,Maison,74.0,200000.0,2702.7,2024-10-18
Dijon,21231,21000,Appartement,59.0,191100.0,3238.98,2024-09-27
Dijon,21231,21000,Appartement,54.0,210000.0,3888.89,2024-10-15
Remilly-sur-Tille,21521,21560,Maison,143.0,518800.0,3627.97,2024-10-11
Dijon,21231,21000,Appartement,43.0,199000.0,4627.91,2024-09-27
Bligny-lès-Beaune,21086,21200,Appartement,60.0,140000.0,2333.33,2024-09-26
Genlis,21292,21110,Appartement,47.0,91000.0,1936.17,2024-09-27
Montbard,21425,21500,Appartement,34.0,14000.0,411.76,2024-09-23
Magny-Montarlot,21367,21130,Maison,75.0,190000.0,2533.33,2024-10-15
Dijon,21231,21000,Appartement,26.0,74500.0,2865.38,2024-10-16
Asnières-lès-Dijon,21027,21380,Maison,124.0,453000.0,3653.23,2024-10-07
Dijon,21231,21000,Appartement,50.0,145100.0,2902.0,2024-10-11
Gergueil,21293,21410,Maison,30.0,40000.0,1333.33,2024-10-16
Sennecey-lès-Dijon,21605,21800,Maison,104.0,236000.0,2269.23,2024-10-09
Beaune,21054,21200,Maison,19.0,70000.0,3684.21,2024-10-10
Dijon,21231,21000,Appartement,56.0,115000.0,2053.57,2024-10-03
Villey-sur-Tille,21702,21120,Maison,159.0,279500.0,1757.86,2024-10-16
Dijon,21231,21000,Appartement,22.0,87800.0,3990.91,2024-10-07
Épagny,21245,21380,Appartement,101.0,160000.0,1584.16,2024-10-17
Dijon,21231,21000,Maison,100.0,270000.0,2700.0,2024-10-14
Dijon,21231,21000,Appartement,65.0,154500.0,2376.92,2024-10-03
Lechâtelet,21344,21250,Maison,41.0,47300.0,1153.66,2024-10-18
Nuits-Saint-Georges,21464,21700,Maison,138.0,320000.0,2318.84,2024-10-11
Dijon,21231,21000,Appartement,53.0,95700.0,1805.66,2024-10-07
Plombières-lès-Dijon,21485,21370,Maison,77.0,207200.0,2690.91,2024-10-11
Grignon,21308,21150,Maison,86.0,165000.0,1918.6,2024-10-19
Grignon,21308,21150,Maison,86.0,165000.0,1918.6,2024-10-19
Beaune,21054,21200,Maison,100.0,400000.0,4000.0,2024-10-16
Daix,21223,21121,Maison,101.0,427000.0,4227.72,2024-10-22
Dijon,21231,21000,Appartement,41.0,200000.0,4878.05,2024-09-26
Semur-en-Auxois,21603,21140,Appartement,124.0,120000.0,967.74,2024-10-18
Semur-en-Auxois,21603,21140,Appartement,73.0,120000.0,1643.84,2024-10-18
Chenôve,21166,21300,Maison,76.0,160000.0,2105.26,2024-09-27
Longvic,21355,21600,Appartement,59.0,166000.0,2813.56,2024-10-14
Dijon,21231,21000,Appartement,64.0,134000.0,2093.75,2024-10-08
Longeault-Pluvault,21352,21110,Maison,118.0,157000.0,1330.51,2024-10-08
Saint-Nicolas-lès-Cîteaux,21564,21700,Appartement,82.0,14466.17,176.42,2024-10-07
Saint-Nicolas-lès-Cîteaux,21564,21700,Appartement,39.0,14466.17,370.93,2024-10-07
Saint-Nicolas-lès-Cîteaux,21564,21700,Appartement,62.0,14466.17,233.33,2024-10-07
Saint-Nicolas-lès-Cîteaux,21564,21700,Appartement,80.0,14466.17,180.83,2024-10-07
Chevigny-Saint-Sauveur,21171,21800,Appartement,66.0,154500.0,2340.91,2024-10-17
Dijon,21231,21000,Appartement,53.0,93000.0,1754.72,2024-10-18
Dijon,21231,21000,Appartement,99.0,295000.0,2979.8,2024-10-21
Dijon,21231,21000,Appartement,25.0,127001.0,5080.04,2024-10-18
Champignolles,21140,21230,Maison,90.0,123600.0,1373.33,2024-10-15
Dijon,21231,21000,Appartement,79.0,235000.0,2974.68,2024-10-14
Dijon,21231,21000,Appartement,85.0,227200.0,2672.94,2024-10-16
Auxonne,21038,21130,Appartement,49.0,43000.0,877.55,2024-10-15
Champdôtre,21138,21130,Maison,49.0,60000.0,1224.49,2024-10-15
Dijon,21231,21000,Appartement,28.0,58000.0,2071.43,2024-10-09
Velars-sur-Ouche,21661,21370,Maison,82.0,188300.0,2296.34,2024-10-08
Chevigny-Saint-Sauveur,21171,21800,Maison,117.0,338580.0,2893.85,2024-10-11
Dijon,21231,21000,Maison,165.0,330500.0,2003.03,2024-09-27
Dijon,21231,21000,Maison,165.0,330500.0,2003.03,2024-09-27
Talmay,21618,21270,Maison,118.0,150000.0,1271.19,2024-10-15
Dijon,21231,21000,Appartement,42.0,115500.0,2750.0,2024-10-01
Saint-Germain-de-Modéon,21548,21530,Maison,19.0,23800.0,1252.63,2024-09-27
Dijon,21231,21000,Appartement,69.0,185745.0,2691.96,2024-10-07
Longvic,21355,21600,Appartement,56.0,86000.0,1535.71,2024-10-08
Dijon,21231,21000,Appartement,30.0,110000.0,3666.67,2024-10-16
Dijon,21231,21000,Appartement,24.0,57500.0,2395.83,2024-10-17
Remilly-sur-Tille,21521,21560,Maison,132.0,355050.0,2689.77,2024-10-18
Dijon,21231,21000,Appartement,52.0,122780.0,2361.15,2024-10-17
Toutry,21642,21460,Maison,70.0,38500.0,550.0,2024-10-12
Losne,21356,21170,Maison,100.0,92500.0,925.0,2024-10-14
Dijon,21231,21000,Appartement,18.0,61450.0,3413.89,2024-10-03
Saint-Jean-de-Losne,21554,21170,Appartement,91.0,100000.0,1098.9,2024-10-03
Aiserey,21005,21110,Maison,92.0,220350.0,2395.11,2024-09-30
Semur-en-Auxois,21603,21140,Appartement,57.0,93000.0,1631.58,2024-09-27
Saint-Jean-de-Losne,21554,21170,Appartement,62.0,72500.0,1169.35,2024-10-10
Saint-Prix-lès-Arnay,21567,21230,Maison,53.0,9000.0,169.81,2024-10-15
Longecourt-en-Plaine,21353,21110,Maison,80.0,266000.0,3325.0,2024-10-11
Chenôve,21166,21300,Appartement,76.0,80000.0,1052.63,2024-10-14
Brémur-et-Vaurois,21104,21400,Maison,68.0,55000.0,808.82,2024-10-07
Dijon,21231,21000,Appartement,77.0,212000.0,2753.25,2024-10-07
Dijon,21231,21000,Appartement,13.0,98600.0,7584.62,2024-10-24
Dijon,21231,21000,Appartement,24.0,98600.0,4108.33,2024-10-24
Vic-des-Prés,21677,21360,Maison,56.0,80000.0,1428.57,2024-10-24
Pluvet,21487,21110,Maison,60.0,97000.0,1616.67,2024-10-18
Corcelles-les-Monts,21192,21160,Maison,123.0,282940.0,2300.33,2024-09-30
Agey,21002,21410,Maison,94.0,169500.0,1803.19,2024-10-17
Agey,21002,21410,Maison,94.0,169500.0,1803.19,2024-10-17
Dijon,21231,21000,Appartement,72.0,220000.0,3055.56,2024-10-17
Quetigny,21515,21800,Appartement,77.0,110000.0,1428.57,2024-09-24
Dijon,21231,21000,Appartement,35.0,86000.0,2457.14,2024-09-24
Recey-sur-Ource,21519,21290,Maison,123.0,39000.0,317.07,2024-10-22
Dijon,21231,21000,Appartement,20.0,85000.0,4250.0,2024-10-21
Ahuy,21003,21121,Maison,117.0,302000.0,2581.2,2024-10-07
Vougeot,21716,21640,Appartement,79.0,162800.0,2060.76,2024-10-18
Braux,21101,21390,Maison,175.0,260000.0,1485.71,2024-10-21
Corcelles-les-Arts,21190,21190,Maison,166.0,225000.0,1355.42,2024-10-09
Gilly-lès-Cîteaux,21297,21640,Maison,130.0,334271.0,2571.32,2024-10-15
Losne,21356,21170,Appartement,110.0,100000.0,909.09,2024-09-30
Dijon,21231,21000,Appartement,18.0,52000.0,2888.89,2024-09-30
Merceuil,21405,21190,Maison,170.0,521900.0,3070.0,2024-10-14
Bouhey,21091,21360,Maison,160.0,200000.0,1250.0,2024-10-07
Dijon,21231,21000,Appartement,22.0,63100.0,2868.18,2024-10-24
Bousselange,21095,21250,Maison,118.0,285000.0,2415.25,2024-10-07
Bousselange,21095,21250,Maison,118.0,285000.0,2415.25,2024-10-07
Dijon,21231,21000,Appartement,70.0,129800.0,1854.29,2024-10-15
Dijon,21231,21000,Appartement,86.0,228000.0,2651.16,2024-10-21
Heuilley-sur-Saône,21316,21270,Maison,52.0,22000.0,423.08,2024-10-09
Quetigny,21515,21800,Appartement,107.0,294000.0,2747.66,2024-10-22
Montbard,21425,21500,Appartement,86.0,115000.0,1337.21,2024-10-23
Glanon,21301,21250,Maison,118.0,243900.0,2066.95,2024-10-25
Glanon,21301,21250,Maison,118.0,243900.0,2066.95,2024-10-25
Dijon,21231,21000,Appartement,42.0,124000.0,2952.38,2024-10-11
Villiers-le-Duc,21704,21400,Maison,94.0,30000.0,319.15,2024-10-03
Messigny-et-Vantoux,21408,21380,Maison,121.0,413400.0,3416.53,2024-10-16
Laignes,21336,21330,Maison,78.0,20000.0,256.41,2024-10-04
Fontaine-lès-Dijon,21278,21121,Maison,57.0,150000.0,2631.58,2024-10-10
Mirebeau-sur-Bèze,21416,21310,Maison,76.0,80750.0,1062.5,2024-10-09
Varois-et-Chaignot,21657,21490,Maison,100.0,232700.0,2327.0,2024-10-02
Dijon,21231,21000,Appartement,27.0,38500.0,1425.93,2024-10-07
Pichanges,21483,21120,Maison,145.0,540000.0,3724.14,2024-10-23
Pichanges,21483,21120,Maison,145.0,540000.0,3724.14,2024-10-23
Magny-sur-Tille,21370,21110,Maison,144.0,419168.0,2910.89,2024-10-23
Blanot,21083,21430,Maison,45.0,17000.0,377.78,2024-10-04
Dijon,21231,21000,Appartement,63.0,266500.0,4230.16,2024-10-16
Til-Châtel,21638,21120,Maison,381.0,409750.0,1075.46,2024-10-10
Dijon,21231,21000,Appartement,50.0,170000.0,3400.0,2024-10-15
Dijon,21231,21000,Appartement,50.0,170000.0,3400.0,2024-10-15
Dijon,21231,21000,Appartement,50.0,70000.0,1400.0,2024-10-15
Ampilly-le-Sec,21012,21400,Maison,123.0,35000.0,284.55,2024-10-03
Châtillon-sur-Seine,21154,21400,Appartement,31.0,92000.0,2967.74,2024-09-30
Châtillon-sur-Seine,21154,21400,Appartement,31.0,92000.0,2967.74,2024-09-30
Châtillon-sur-Seine,21154,21400,Appartement,31.0,92000.0,2967.74,2024-09-30
Châtillon-sur-Seine,21154,21400,Appartement,31.0,92000.0,2967.74,2024-09-30
Pagny-le-Château,21475,21250,Maison,105.0,90000.0,857.14,2024-10-25
Châtillon-sur-Seine,21154,21400,Maison,102.0,140000.0,1372.55,2024-10-03
Chenôve,21166,21300,Appartement,76.0,26000.0,342.11,2024-02-07
Aiserey,21005,21110,Maison,118.0,250000.0,2118.64,2024-09-23
Dijon,21231,21000,Appartement,50.0,161500.0,3230.0,2024-09-27
Bouilland,21092,21420,Maison,105.0,263975.0,2514.05,2024-10-11
Beaune,21054,21200,Appartement,61.0,154000.0,2524.59,2024-10-04
Quetigny,21515,21800,Appartement,54.0,95000.0,1759.26,2024-10-28
Beaune,21054,21200,Appartement,92.0,280000.0,3043.48,2024-10-01
Levernois,21347,21200,Maison,97.0,309000.0,3185.57,2024-10-15
Sainte-Marie-la-Blanche,21558,21200,Maison,75.0,426370.0,5684.93,2024-10-18
Dijon,21231,21000,Appartement,38.0,122000.0,3210.53,2024-09-30
Nuits-Saint-Georges,21464,21700,Appartement,46.0,91200.0,1982.61,2024-10-15
Urcy,21650,21220,Maison,119.0,290000.0,2436.97,2024-10-14
Nuits-Saint-Georges,21464,21700,Appartement,37.0,95000.0,2567.57,2024-10-17
Montmançon,21437,21270,Maison,239.0,272500.0,1140.17,2024-10-14
Dijon,21231,21000,Maison,49.0,167200.0,3412.24,2024-10-15
Dijon,21231,21000,Appartement,53.0,100000.0,1886.79,2024-10-18
Ruffey-lès-Beaune,21534,21200,Maison,93.0,375000.0,4032.26,2024-10-09
Beaune,21054,21200,Appartement,42.0,117000.0,2785.71,2024-10-11
Dijon,21231,21000,Appartement,55.0,122500.0,2227.27,2024-10-04
Longvic,21355,21600,Appartement,77.0,126850.0,1647.4,2024-10-14
Dijon,21231,21000,Appartement,55.0,118400.0,2152.73,2024-10-07
Dijon,21231,21000,Appartement,61.0,124000.0,2032.79,2024-10-18
Beire-le-Châtel,21056,21310,Maison,230.0,350000.0,1521.74,2024-10-08
Nuits-Saint-Georges,21464,21700,Maison,202.0,466080.0,2307.33,2024-10-21
Chevigny-Saint-Sauveur,21171,21800,Maison,112.0,261300.0,2333.04,2024-10-15
Neuilly-lès-Dijon,21452,21800,Maison,65.0,237600.0,3655.38,2024-10-07
Dijon,21231,21000,Appartement,47.0,101010.0,2149.15,2024-10-04
Bouilland,21092,21420,Maison,65.0,124200.0,1910.77,2024-10-03
Dijon,21231,21000,Maison,142.0,355000.0,2500.0,2024-10-10
Sainte-Marie-la-Blanche,21558,21200,Maison,122.0,247400.0,2027.87,2024-10-25
Dijon,21231,21000,Appartement,49.0,110000.0,2244.9,2024-10-07
Pouilly-sur-Saône,21502,21250,Maison,64.0,90000.0,1406.25,2024-10-25
Dijon,21231,21000,Appartement,62.0,142000.0,2290.32,2024-10-17
Semur-en-Auxois,21603,21140,Maison,111.0,125000.0,1126.13,2024-10-14
Dijon,21231,21000,Appartement,28.0,145000.0,5178.57,2024-09-30
Montbard,21425,21500,Maison,73.0,35000.0,479.45,2024-10-11
Nuits-Saint-Georges,21464,21700,Appartement,60.0,185000.0,3083.33,2024-10-18
Lamarche-sur-Saône,21337,21760,Maison,89.0,168000.0,1887.64,2024-10-11
Lusigny-sur-Ouche,21360,21360,Maison,68.0,125000.0,1838.24,2024-10-28
Villaines-les-Prévôtes,21686,21500,Maison,82.0,76000.0,926.83,2024-10-15
Dijon,21231,21000,Appartement,81.0,251000.0,3098.77,2024-10-11
Longchamp,21351,21110,Maison,120.0,148000.0,1233.33,2024-10-15
Dijon,21231,21000,Appartement,53.0,105000.0,1981.13,2024-10-24
Dijon,21231,21000,Appartement,46.0,119975.0,2608.15,2024-10-29
Dijon,21231,21000,Appartement,43.0,65000.0,1511.63,2024-10-14
Dijon,21231,21000,Appartement,43.0,65000.0,1511.63,2024-10-14
Pouilly-sur-Saône,21502,21250,Maison,77.0,101800.0,1322.08,2024-10-24
Sainte-Marie-la-Blanche,21558,21200,Maison,92.0,210000.0,2282.61,2024-10-11
Beaune,21054,21200,Appartement,40.0,80000.0,2000.0,2024-10-25
Dijon,21231,21000,Appartement,77.0,125000.0,1623.38,2024-10-18
Dijon,21231,21000,Appartement,112.0,320000.0,2857.14,2024-10-15
Plombières-lès-Dijon,21485,21370,Appartement,20.0,270000.0,13500.0,2024-10-07
Plombières-lès-Dijon,21485,21370,Appartement,50.0,270000.0,5400.0,2024-10-07
Plombières-lès-Dijon,21485,21370,Appartement,60.0,270000.0,4500.0,2024-10-07
Plombières-lès-Dijon,21485,21370,Appartement,115.0,270000.0,2347.83,2024-10-07
Plombières-lès-Dijon,21485,21370,Appartement,41.0,270000.0,6585.37,2024-10-07
Plombières-lès-Dijon,21485,21370,Appartement,36.0,270000.0,7500.0,2024-10-07
Plombières-lès-Dijon,21485,21370,Appartement,36.0,270000.0,7500.0,2024-10-07
Dijon,21231,21000,Appartement,28.0,134500.0,4803.57,2024-10-21
Dijon,21231,21000,Appartement,51.0,79900.0,1566.67,2024-10-25
Arc-sur-Tille,21021,21560,Appartement,50.0,140000.0,2800.0,2024-10-14
Dijon,21231,21000,Appartement,62.0,201880.0,3256.13,2024-10-10
Dijon,21231,21000,Appartement,28.0,115000.0,4107.14,2024-10-17
Dijon,21231,21000,Appartement,14.0,115000.0,8214.29,2024-10-17
Plombières-lès-Dijon,21485,21370,Appartement,41.0,210000.0,5121.95,2024-10-07
Plombières-lès-Dijon,21485,21370,Appartement,36.0,210000.0,5833.33,2024-10-07
Plombières-lès-Dijon,21485,21370,Appartement,36.0,210000.0,5833.33,2024-10-07
Saint-Euphrône,21547,21140,Maison,183.0,267000.0,1459.02,2024-10-22
Saint-Euphrône,21547,21140,Maison,40.0,267000.0,6675.0,2024-10-22
Pouilly-sur-Saône,21502,21250,Maison,75.0,87000.0,1160.0,2024-10-24
Dijon,21231,21000,Appartement,63.0,175000.0,2777.78,2024-10-24
Rougemont,21530,21500,Maison,80.0,60000.0,750.0,2024-10-29
Corpeau,21196,21190,Appartement,63.0,300000.0,4761.9,2024-10-22
Corpeau,21196,21190,Appartement,79.0,300000.0,3797.47,2024-10-22
Corpeau,21196,21190,Appartement,50.0,300000.0,6000.0,2024-10-22
Dijon,21231,21000,Maison,140.0,550000.0,3928.57,2024-10-28
Dijon,21231,21000,Appartement,63.0,135000.0,2142.86,2024-10-23
Dijon,21231,21000,Appartement,54.0,106500.0,1972.22,2024-10-02
Dijon,21231,21000,Appartement,21.0,80000.0,3809.52,2024-10-24
Barbirey-sur-Ouche,21045,21410,Maison,60.0,50000.0,833.33,2024-10-24
Dijon,21231,21000,Appartement,28.0,49000.0,1750.0,2024-10-18
Dijon,21231,21000,Appartement,38.0,180000.0,4736.84,2024-10-23
Avot,21041,21580,Maison,82.0,133300.0,1625.61,2024-10-25
Neuilly-lès-Dijon,21452,21800,Appartement,67.0,194850.0,2908.21,2024-10-24
Ahuy,21003,21121,Appartement,68.0,290000.0,4264.71,2024-10-15
Dijon,21231,21000,Appartement,28.0,79500.0,2839.29,2024-10-23
Dijon,21231,21000,Appartement,105.0,272500.0,2595.24,2024-10-11
Dijon,21231,21000,Appartement,36.0,110000.0,3055.56,2024-10-29
Dijon,21231,21000,Appartement,62.0,105000.0,1693.55,2024-10-18
Dijon,21231,21000,Appartement,46.0,205000.0,4456.52,2024-10-23
Dijon,21231,21000,Appartement,62.0,157100.0,2533.87,2024-10-18
Nolay,21461,21340,Maison,132.0,380000.0,2878.79,2024-10-21
Dijon,21231,21000,Maison,88.0,298200.0,3388.64,2024-10-18
Dijon,21231,21000,Appartement,50.0,245000.0,4900.0,2024-10-25
Dijon,21231,21000,Appartement,62.0,245000.0,3951.61,2024-10-25
Dijon,21231,21000,Appartement,76.0,179500.0,2361.84,2024-10-25
Beaune,21054,21200,Maison,111.0,305000.0,2747.75,2024-10-25
Lacanche,21334,21230,Maison,120.0,90000.0,750.0,2024-10-18
Dijon,21231,21000,Appartement,78.0,89000.0,1141.03,2024-10-28
Dijon,21231,21000,Appartement,65.0,127000.0,1953.85,2024-10-17
Savolles,21595,21310,Maison,90.0,293600.0,3262.22,2024-10-22
Clénay,21179,21490,Maison,109.0,140000.0,1284.4,2024-10-22
Thoisy-la-Berchère,21629,21210,Maison,50.0,41000.0,820.0,2024-10-18
Bèze,21071,21310,Maison,142.0,336150.0,2367.25,2024-10-16
Dijon,21231,21000,Appartement,90.0,241000.0,2677.78,2024-10-18
Brain,21100,21350,Maison,100.0,130500.0,1305.0,2024-10-17
Saffres,21537,21350,Maison,72.0,55000.0,763.89,2024-10-19
Saffres,21537,21350,Maison,130.0,55000.0,423.08,2024-10-19
Larrey,21343,21330,Maison,36.0,15000.0,416.67,2024-10-26
Dijon,21231,21000,Maison,100.0,120000.0,1200.0,2024-10-25
Talant,21617,21240,Maison,67.0,220000.0,3283.58,2024-10-28
Belleneuve,21060,21310,Maison,82.0,191000.0,2329.27,2024-10-21
Talmay,21618,21270,Maison,150.0,126000.0,840.0,2024-10-23
Dijon,21231,21000,Appartement,65.0,120000.0,1846.15,2024-10-03
Beire-le-Châtel,21056,21310,Maison,200.0,347400.0,1737.0,2024-10-15
Belleneuve,21060,21310,Maison,104.0,200000.0,1923.08,2024-10-14
Bourberain,21094,21610,Maison,75.0,80000.0,1066.67,2024-10-11
Flavigny-sur-Ozerain,21271,21150,Maison,50.0,90000.0,1800.0,2024-10-24
Dijon,21231,21000,Appartement,39.0,142500.0,3653.85,2024-10-14
Beaune,21054,21200,Appartement,48.0,96000.0,2000.0,2024-10-30
Dijon,21231,21000,Appartement,57.0,138000.0,2421.05,2024-10-23
Allerey,21009,21230,Maison,62.0,88000.0,1419.35,2024-10-07
Arc-sur-Tille,21021,21560,Appartement,38.0,86000.0,2263.16,2024-10-31
Dijon,21231,21000,Appartement,80.0,211050.0,2638.12,2024-10-08
Dijon,21231,21000,Appartement,71.0,227000.0,3197.18,2024-11-04
Nuits-Saint-Georges,21464,21700,Maison,70.0,265000.0,3785.71,2024-10-24
Buncey,21115,21400,Maison,160.0,107000.0,668.75,2024-10-29
Censerey,21124,21430,Maison,60.0,30000.0,500.0,2024-10-08
Beurey-Bauguay,21068,21320,Maison,169.0,481800.0,2850.89,2024-10-09
Dijon,21231,21000,Maison,64.0,300000.0,4687.5,2024-10-28
Pontailler-sur-Saône,21496,21270,Maison,120.0,208325.0,1736.04,2024-10-28
Dijon,21231,21000,Appartement,64.0,163875.0,2560.55,2024-10-17
Dijon,21231,21000,Appartement,46.0,79000.0,1717.39,2024-10-22
Semur-en-Auxois,21603,21140,Appartement,27.0,43000.0,1592.59,2024-10-14
Longvic,21355,21600,Maison,88.0,264000.0,3000.0,2024-10-25
Dijon,21231,21000,Appartement,107.0,285000.0,2663.55,2024-10-21
Dijon,21231,21000,Appartement,64.0,125000.0,1953.12,2024-10-14
Montbard,21425,21500,Maison,200.0,158505.0,792.52,2024-10-25
Poiseul-la-Ville-et-Laperrière,21490,21450,Maison,139.0,120000.0,863.31,2024-10-31
Poiseul-la-Ville-et-Laperrière,21490,21450,Maison,139.0,120000.0,863.31,2024-10-31
Dijon,21231,21000,Appartement,53.0,136100.0,2567.92,2024-10-11
Dijon,21231,21000,Appartement,75.0,53000.0,706.67,2024-10-28
Longvic,21355,21600,Appartement,67.0,135000.0,2014.93,2024-10-24
Auxonne,21038,21130,Maison,74.0,215000.0,2905.41,2024-10-24
Dijon,21231,21000,Appartement,86.0,168500.0,1959.3,2024-10-23
Dijon,21231,21000,Appartement,66.0,286650.0,4343.18,2024-10-15
Dijon,21231,21000,Appartement,84.0,168000.0,2000.0,2024-10-25
Dijon,21231,21000,Appartement,20.0,57500.0,2875.0,2024-10-17
Talant,21617,21240,Appartement,85.0,128750.0,1514.71,2024-10-18
Bligny-sur-Ouche,21087,21360,Maison,90.0,100000.0,1111.11,2024-11-04
Izier,21320,21110,Maison,112.0,304850.0,2721.88,2024-10-28
Sennecey-lès-Dijon,21605,21800,Maison,95.0,237255.0,2497.42,2024-10-25
Dijon,21231,21000,Maison,56.0,300000.0,5357.14,2024-10-29
Maxilly-sur-Saône,21398,21270,Maison,128.0,122000.0,953.12,2024-10-15
Dijon,21231,21000,Appartement,65.0,279000.0,4292.31,2024-10-25
Minot,21415,21510,Maison,106.0,50000.0,471.7,2024-10-01
Châtillon-sur-Seine,21154,21400,Appartement,54.0,41000.0,759.26,2024-10-01
Nuits-Saint-Georges,21464,21700,Appartement,56.0,120000.0,2142.86,2024-10-04
Dijon,21231,21000,Appartement,49.0,115000.0,2346.94,2024-10-23
Dijon,21231,21000,Appartement,34.0,86000.0,2529.41,2024-10-25
Marsannay-la-Côte,21390,21160,Maison,100.0,228750.0,2287.5,2024-10-22
Dijon,21231,21000,Appartement,26.0,60000.0,2307.69,2024-10-22
Dijon,21231,21000,Maison,75.0,305000.0,4066.67,2024-10-18
Châtillon-sur-Seine,21154,21400,Appartement,76.0,77000.0,1013.16,2024-10-07
Châtillon-sur-Seine,21154,21400,Appartement,70.0,43000.0,614.29,2024-10-04
Châtillon-sur-Seine,21154,21400,Maison,71.0,110000.0,1549.3,2024-10-08
Velars-sur-Ouche,21661,21370,Maison,98.0,252000.0,2571.43,2024-10-31
Velars-sur-Ouche,21661,21370,Maison,98.0,252000.0,2571.43,2024-10-31
Thoires,21628,21570,Maison,94.0,60000.0,638.3,2024-10-15
Veuxhaulles-sur-Aube,21674,21520,Maison,125.0,55000.0,440.0,2024-10-14
Dijon,21231,21000,Appartement,51.0,136000.0,2666.67,2024-11-05
Sainte-Colombe-sur-Seine,21545,21400,Appartement,68.0,90000.0,1323.53,2024-10-07
Sainte-Colombe-sur-Seine,21545,21400,Appartement,32.0,90000.0,2812.5,2024-10-07
Dijon,21231,21000,Maison,88.0,283000.0,3215.91,2024-10-18
Dijon,21231,21000,Appartement,46.0,110000.0,2391.3,2024-10-11
Dijon,21231,21000,Maison,83.0,397600.0,4790.36,2024-10-28
Collonges-lès-Bévy,21182,21220,Maison,70.0,152140.0,2173.43,2024-10-25
Sacquenay,21536,21260,Maison,73.0,100000.0,1369.86,2024-10-25
Saint-Rémy,21568,21500,Maison,62.0,62500.0,1008.06,2024-10-22
Dijon,21231,21000,Appartement,20.0,74000.0,3700.0,2024-10-17
Santosse,21583,21340,Maison,90.0,136360.0,1515.11,2024-11-05
Selongey,21599,21260,Maison,99.0,234500.0,2368.69,2024-10-29
Dijon,21231,21000,Appartement,76.0,113800.0,1497.37,2024-11-05
Lamarche-sur-Saône,21337,21760,Maison,70.0,94750.0,1353.57,2024-11-05
Mirebeau-sur-Bèze,21416,21310,Maison,112.0,246015.0,2196.56,2024-10-30
Dijon,21231,21000,Appartement,80.0,165000.0,2062.5,2024-10-21
Dijon,21231,21000,Appartement,38.0,109000.0,2868.42,2024-10-30
Saint-Apollinaire,21540,21850,Maison,90.0,88000.0,977.78,2024-10-22
Gissey-sur-Ouche,21300,21410,Maison,74.0,146600.0,1981.08,2024-10-16
Frôlois,21288,21150,Maison,68.0,115000.0,1691.18,2024-10-21
Dijon,21231,21000,Appartement,42.0,109000.0,2595.24,2024-10-25
Dijon,21231,21000,Appartement,118.0,5500.0,46.61,2024-10-25
Losne,21356,21170,Maison,116.0,160000.0,1379.31,2024-10-28
Mirebeau-sur-Bèze,21416,21310,Maison,114.0,385000.0,3377.19,2024-10-28
Chevigny-Saint-Sauveur,21171,21800,Maison,83.0,279950.0,3372.89,2024-10-15
Détain-et-Bruant,21228,21220,Maison,115.0,222000.0,1930.43,2024-10-21
Détain-et-Bruant,21228,21220,Maison,115.0,222000.0,1930.43,2024-10-21
Beaune,21054,21200,Maison,67.0,256750.0,3832.09,2024-10-21
Dijon,21231,21000,Appartement,71.0,234000.0,3295.77,2024-10-31
Dijon,21231,21000,Appartement,74.0,161000.0,2175.68,2024-11-06
Beaune,21054,21200,Maison,84.0,190000.0,2261.9,2024-10-28
Savigny-le-Sec,21591,21380,Maison,116.0,378000.0,3258.62,2024-10-11
Dijon,21231,21000,Appartement,41.0,115000.0,2804.88,2024-10-24
Dijon,21231,21000,Appartement,55.0,105000.0,1909.09,2024-10-31
Gemeaux,21290,21120,Maison,100.0,214500.0,2145.0,2024-10-30
Marsannay-la-Côte,21390,21160,Maison,82.0,160000.0,1951.22,2024-10-29
Saint-Apollinaire,21540,21850,Maison,87.0,283500.0,3258.62,2024-10-30
Dijon,21231,21000,Appartement,72.0,220000.0,3055.56,2024-10-21
Saulon-la-Chapelle,21585,21910,Maison,70.0,200000.0,2857.14,2024-10-21
Mont-Saint-Jean,21441,21320,Maison,66.0,20000.0,303.03,2024-11-05
Dijon,21231,21000,Appartement,62.0,157300.0,2537.1,2024-10-14
Dijon,21231,21000,Appartement,88.0,176500.0,2005.68,2024-10-11
Dijon,21231,21000,Appartement,52.0,60000.0,1153.85,2024-10-10
Longvic,21355,21600,Maison,98.0,266000.0,2714.29,2024-10-29
Dijon,21231,21000,Appartement,44.0,65000.0,1477.27,2024-10-31
Dijon,21231,21000,Appartement,85.0,269740.0,3173.41,2024-10-29
Beaune,21054,21200,Maison,45.0,109500.0,2433.33,2024-11-05
Dijon,21231,21000,Maison,54.0,208000.0,3851.85,2024-11-06
Dijon,21231,21000,Appartement,39.0,112000.0,2871.79,2024-10-11
Esbarres,21249,21170,Maison,100.0,253900.0,2539.0,2024-11-05
Dijon,21231,21000,Appartement,25.0,128001.0,5120.04,2024-10-30
Dijon,21231,21000,Appartement,46.0,122000.0,2652.17,2024-10-30
Auxonne,21038,21130,Maison,90.0,350000.0,3888.89,2024-10-15
Ruffey-lès-Beaune,21534,21200,Maison,90.0,160000.0,1777.78,2024-10-28
Thenissey,21627,21150,Appartement,59.0,52000.0,881.36,2024-10-24
Thenissey,21627,21150,Appartement,177.0,52000.0,293.79,2024-10-24
Chenôve,21166,21300,Appartement,91.0,72000.0,791.21,2024-10-30
Dijon,21231,21000,Appartement,63.0,159800.0,2536.51,2024-11-04
Flavigny-sur-Ozerain,21271,21150,Maison,92.0,152000.0,1652.17,2024-10-29
Dijon,21231,21000,Appartement,116.0,470000.0,4051.72,2024-10-31
Fontaine-lès-Dijon,21278,21121,Maison,128.0,480300.0,3752.34,2024-10-22
Aignay-le-Duc,21004,21510,Appartement,120.0,115000.0,958.33,2024-10-25
Aignay-le-Duc,21004,21510,Appartement,100.0,115000.0,1150.0,2024-10-25
Beaune,21054,21200,Appartement,45.0,186700.0,4148.89,2024-10-25
Beaune,21054,21200,Maison,68.0,180000.0,2647.06,2024-10-24
Chenôve,21166,21300,Appartement,80.0,87650.0,1095.62,2024-10-22
Beaunotte,21055,21510,Maison,210.0,70000.0,333.33,2024-10-28
Montbard,21425,21500,Appartement,60.0,100000.0,1666.67,2024-11-04
Montbard,21425,21500,Appartement,30.0,100000.0,3333.33,2024-11-04
Dijon,21231,21000,Appartement,68.0,174000.0,2558.82,2024-10-31
Fixin,21265,21220,Appartement,93.0,199000.0,2139.78,2024-10-24
Fixin,21265,21220,Appartement,21.0,199000.0,9476.19,2024-10-24
Fixin,21265,21220,Appartement,83.0,199000.0,2397.59,2024-10-24
Volnay,21712,21190,Maison,127.0,120000.0,944.88,2024-10-28
Plombières-lès-Dijon,21485,21370,Maison,75.0,160000.0,2133.33,2024-11-05
Dijon,21231,21000,Appartement,90.0,200000.0,2222.22,2024-11-04
Dijon,21231,21000,Maison,80.0,212200.0,2652.5,2024-10-21
Dijon,21231,21000,Appartement,110.0,367000.0,3336.36,2024-10-25
Corcelles-les-Monts,21192,21160,Maison,152.0,490000.0,3223.68,2024-10-11
Dijon,21231,21000,Appartement,37.0,65000.0,1756.76,2024-11-04
Dijon,21231,21000,Appartement,64.0,36630.0,572.34,2024-10-17
Châtillon-sur-Seine,21154,21400,Maison,105.0,135000.0,1285.71,2024-10-17
Dijon,21231,21000,Maison,76.0,202222.0,2660.82,2024-10-14
Plombières-lès-Dijon,21485,21370,Maison,131.0,248000.0,1893.13,2024-11-05
Plombières-lès-Dijon,21485,21370,Maison,131.0,248000.0,1893.13,2024-11-05
Dijon,21231,21000,Appartement,43.0,90000.0,2093.02,2024-10-14
Dijon,21231,21000,Appartement,31.0,89000.0,2870.97,2024-10-22
Marcilly-sur-Tille,21383,21120,Appartement,61.0,188000.0,3081.97,2024-10-14
Meloisey,21401,21190,Maison,68.0,125000.0,1838.24,2024-10-31
Dijon,21231,21000,Appartement,24.0,109000.0,4541.67,2024-10-25
Dijon,21231,21000,Appartement,63.0,238000.0,3777.78,2024-10-31
Corcelles-les-Arts,21190,21190,Maison,159.0,355000.0,2232.7,2024-10-14
Dijon,21231,21000,Appartement,65.0,108300.0,1666.15,2024-10-29
Dijon,21231,21000,Appartement,70.0,200500.0,2864.29,2024-11-08
Chenôve,21166,21300,Appartement,112.0,268000.0,2392.86,2024-11-05
Dijon,21231,21000,Appartement,116.0,297700.0,2566.38,2024-11-07
Dijon,21231,21000,Appartement,48.0,147500.0,3072.92,2024-10-28
Varois-et-Chaignot,21657,21490,Appartement,88.0,256000.0,2909.09,2024-11-04
Saint-Apollinaire,21540,21850,Maison,88.0,88000.0,1000.0,2024-11-05
Dijon,21231,21000,Appartement,40.0,110000.0,2750.0,2024-11-06
Dijon,21231,21000,Appartement,85.0,223600.0,2630.59,2024-10-30
Dijon,21231,21000,Appartement,73.0,215000.0,2945.21,2024-10-23
Pontailler-sur-Saône,21496,21270,Appartement,100.0,60000.0,600.0,2024-10-18
Montbard,21425,21500,Maison,136.0,221000.0,1625.0,2024-10-25
Meursault,21412,21190,Maison,300.0,440000.0,1466.67,2024-10-21
Bellefond,21059,21490,Maison,90.0,477650.0,5307.22,2024-10-28
Nuits-Saint-Georges,21464,21700,Maison,89.0,238000.0,2674.16,2024-10-29
Corgoloin,21194,21700,Maison,120.0,235000.0,1958.33,2024-10-18
Savigny-le-Sec,21591,21380,Maison,88.0,296500.0,3369.32,2024-10-31
Talant,21617,21240,Appartement,53.0,122000.0,2301.89,2024-11-05
Précy-sous-Thil,21505,21390,Maison,106.0,91000.0,858.49,2024-10-21
Dijon,21231,21000,Appartement,80.0,139000.0,1737.5,2024-10-29
Quetigny,21515,21800,Appartement,78.0,115000.0,1474.36,2024-10-18
Dijon,21231,21000,Maison,88.0,305000.0,3465.91,2024-10-31
Dijon,21231,21000,Appartement,13.0,52870.0,4066.92,2024-10-21
Tart,21623,21110,Maison,110.0,280000.0,2545.45,2024-10-15
Tart,21623,21110,Maison,170.0,280000.0,1647.06,2024-10-15
Tart,21623,21110,Maison,110.0,280000.0,2545.45,2024-10-15
Tart,21623,21110,Maison,148.0,280000.0,1891.89,2024-10-15
Villecomte,21692,21120,Maison,52.0,320000.0,6153.85,2024-10-30
Villecomte,21692,21120,Maison,52.0,320000.0,6153.85,2024-10-30
Châtillon-sur-Seine,21154,21400,Maison,80.0,35000.0,437.5,2024-10-14
Châtillon-sur-Seine,21154,21400,Maison,80.0,35000.0,437.5,2024-10-14
Thury,21636,21340,Maison,103.0,45100.0,437.86,2024-10-30
Marsannay-la-Côte,21390,21160,Maison,82.0,180000.0,2195.12,2024-10-24
Saint-Jean-de-Losne,21554,21170,Appartement,55.0,165000.0,3000.0,2024-10-31
Saint-Jean-de-Losne,21554,21170,Appartement,55.0,165000.0,3000.0,2024-10-31
Chaignay,21127,21120,Maison,50.0,129000.0,2580.0,2024-10-30
Marandeuil,21376,21270,Maison,15.0,138700.0,9246.67,2024-10-31
Marandeuil,21376,21270,Maison,115.0,138700.0,1206.09,2024-10-31
Fontaine-lès-Dijon,21278,21121,Appartement,80.0,280350.0,3504.38,2024-10-22
Dijon,21231,21000,Appartement,55.0,143000.0,2600.0,2024-10-21
Saint-Apollinaire,21540,21850,Maison,66.0,231400.0,3506.06,2024-10-29
Soussey-sur-Brionne,21613,21350,Maison,110.0,148000.0,1345.45,2024-10-28
Dijon,21231,21000,Appartement,40.0,111000.0,2775.0,2024-10-31
Dijon,21231,21000,Appartement,106.0,368400.0,3475.47,2024-10-31
Dijon,21231,21000,Appartement,53.0,90010.0,1698.3,2024-10-25
Dijon,21231,21000,Appartement,42.0,93000.0,2214.29,2024-10-30
Fontaine-lès-Dijon,21278,21121,Maison,110.0,461500.0,4195.45,2024-11-08
Beaune,21054,21200,Maison,195.0,430700.0,2208.72,2024-10-29
Izeure,21319,21110,Maison,77.0,210000.0,2727.27,2024-10-30
Dijon,21231,21000,Appartement,82.0,225000.0,2743.9,2024-11-04
Dijon,21231,21000,Appartement,71.0,188000.0,2647.89,2024-11-05
Chevigny-Saint-Sauveur,21171,21800,Appartement,96.0,127900.0,1332.29,2024-10-30
Dijon,21231,21000,Appartement,47.0,115000.0,2446.81,2024-10-31
Premeaux-Prissey,21506,21700,Maison,180.0,422400.0,2346.67,2024-11-04
Premeaux-Prissey,21506,21700,Maison,180.0,422400.0,2346.67,2024-11-04
Dijon,21231,21000,Appartement,25.0,87000.0,3480.0,2024-11-05
Fontaine-lès-Dijon,21278,21121,Appartement,49.0,120000.0,2448.98,2024-11-06
Montbard,21425,21500,Maison,58.0,70000.0,1206.9,2024-11-06
Dijon,21231,21000,Appartement,26.0,65000.0,2500.0,2024-11-07
Arcenant,21017,21700,Maison,40.0,75000.0,1875.0,2024-11-04
Chevigny-Saint-Sauveur,21171,21800,Appartement,68.0,120000.0,1764.71,2024-10-28
Brazey-en-Plaine,21103,21470,Maison,84.0,170000.0,2023.81,2024-10-31
Dijon,21231,21000,Maison,70.0,159300.0,2275.71,2024-10-14
Chevigny-Saint-Sauveur,21171,21800,Appartement,60.0,158000.0,2633.33,2024-10-31
Dijon,21231,21000,Appartement,23.0,74040.0,3219.13,2024-10-31
Saulx-le-Duc,21587,21120,Maison,70.0,120000.0,1714.29,2024-10-29
Dijon,21231,21000,Appartement,42.0,155800.0,3709.52,2024-11-04
Bouze-lès-Beaune,21099,21200,Maison,58.0,138750.0,2392.24,2024-10-28
Brazey-en-Plaine,21103,21470,Maison,109.0,345000.0,3165.14,2024-10-25
Fontaine-lès-Dijon,21278,21121,Appartement,66.0,272667.0,4131.32,2024-10-21
Flavigny-sur-Ozerain,21271,21150,Maison,40.0,148000.0,3700.0,2024-11-07
Franxault,21285,21170,Maison,162.0,160300.0,989.51,2024-10-24
Dijon,21231,21000,Appartement,60.0,95000.0,1583.33,2024-11-07
Dijon,21231,21000,Maison,135.0,475000.0,3518.52,2024-10-28
Vielverge,21680,21270,Maison,100.0,188000.0,1880.0,2024-10-21
Saulx-le-Duc,21587,21120,Maison,98.0,186800.0,1906.12,2024-10-30
Arc-sur-Tille,21021,21560,Maison,124.0,245000.0,1975.81,2024-10-29
Lamarche-sur-Saône,21337,21760,Maison,70.0,177100.0,2530.0,2024-10-28
Sennecey-lès-Dijon,21605,21800,Maison,98.0,212550.0,2168.88,2024-11-04
Quetigny,21515,21800,Appartement,60.0,135735.0,2262.25,2024-11-06
Dijon,21231,21000,Appartement,36.0,103000.0,2861.11,2024-10-28
Dijon,21231,21000,Appartement,19.0,64200.0,3378.95,2024-10-28
Dijon,21231,21000,Appartement,44.0,94000.0,2136.36,2024-11-05
Saint-Apollinaire,21540,21850,Maison,82.0,230000.0,2804.88,2024-11-07
Dijon,21231,21000,Appartement,53.0,81000.0,1528.3,2024-10-31
Dijon,21231,21000,Appartement,16.0,55100.0,3443.75,2024-10-31
Lechâtelet,21344,21250,Maison,198.0,160500.0,810.61,2024-11-12
Labergement-Foigney,21330,21110,Maison,78.0,220000.0,2820.51,2024-10-25
Dijon,21231,21000,Appartement,78.0,49000.0,628.21,2024-11-06
Plombières-lès-Dijon,21485,21370,Appartement,110.0,264100.0,2400.91,2024-10-28
Dijon,21231,21000,Appartement,41.0,85500.0,2085.37,2024-10-31
Labergement-lès-Auxonne,21331,21130,Maison,96.0,145000.0,1510.42,2024-11-05
Hauteville-lès-Dijon,21315,21121,Appartement,59.0,143000.0,2423.73,2024-11-08
Dijon,21231,21000,Appartement,30.0,118500.0,3950.0,2024-11-05
Dijon,21231,21000,Appartement,52.0,42000.0,807.69,2024-11-07
Saulon-la-Chapelle,21585,21910,Maison,90.0,251000.0,2788.89,2024-10-29
Dijon,21231,21000,Appartement,52.0,127200.0,2446.15,2024-11-04
Dijon,21231,21000,Appartement,96.0,237000.0,2468.75,2024-10-29
Dijon,21231,21000,Appartement,18.0,70000.0,3888.89,2024-11-04
Quetigny,21515,21800,Maison,121.0,338000.0,2793.39,2024-11-04
Villers-les-Pots,21699,21130,Maison,100.0,239000.0,2390.0,2024-11-05
Arnay-le-Duc,21023,21230,Maison,65.0,127700.0,1964.62,2024-10-30
Dijon,21231,21000,Appartement,70.0,131000.0,1871.43,2024-11-07
Maisey-le-Duc,21372,21400,Maison,138.0,117500.0,851.45,2024-10-21
Beaune,21054,21200,Maison,71.0,180000.0,2535.21,2024-10-18
Busseaut,21117,21510,Maison,150.0,137850.0,919.0,2024-10-25
Saulon-la-Chapelle,21585,21910,Maison,101.0,284000.0,2811.88,2024-11-14
Selongey,21599,21260,Maison,91.0,180000.0,1978.02,2024-10-30
Dijon,21231,21000,Appartement,79.0,155000.0,1962.03,2024-10-24
Fontaine-lès-Dijon,21278,21121,Appartement,15.0,53650.0,3576.67,2024-10-28
Beaune,21054,21200,Appartement,86.0,234150.0,2722.67,2024-10-09
Pontailler-sur-Saône,21496,21270,Maison,34.0,83750.0,2463.24,2024-11-05
Merceuil,21405,21190,Maison,269.0,129110.0,479.96,2024-10-16
Dijon,21231,21000,Appartement,28.0,74000.0,2642.86,2024-10-31
Messigny-et-Vantoux,21408,21380,Maison,123.0,372000.0,3024.39,2024-11-08
Labergement-lès-Seurre,21332,21820,Maison,80.0,90000.0,1125.0,2024-11-15
La Roche-Vanneau,21528,21150,Maison,95.0,61800.0,650.53,2024-11-14
Fontaine-Française,21277,21610,Maison,190.0,196500.0,1034.21,2024-10-30
Tanay,21619,21310,Maison,90.0,95000.0,1055.56,2024-10-30
Dijon,21231,21000,Maison,65.0,228000.0,3507.69,2024-11-14
Fontaine-Française,21277,21610,Maison,113.0,188230.0,1665.75,2024-11-08
Dijon,21231,21000,Appartement,82.0,245000.0,2987.8,2024-10-28
Talant,21617,21240,Appartement,67.0,200000.0,2985.07,2024-11-12
Dijon,21231,21000,Appartement,73.0,130000.0,1780.82,2024-10-30
Talant,21617,21240,Maison,150.0,394000.0,2626.67,2024-11-12
Dijon,21231,21000,Appartement,28.0,86000.0,3071.43,2024-10-30
Dijon,21231,21000,Maison,98.0,336000.0,3428.57,2024-10-29
Dijon,21231,21000,Appartement,20.0,69000.0,3450.0,2024-10-18
Dijon,21231,21000,Appartement,49.0,147730.0,3014.9,2024-10-28
Bressey-sur-Tille,21105,21560,Maison,115.0,296850.0,2581.3,2024-11-15
Esbarres,21249,21170,Maison,93.0,149000.0,1602.15,2024-11-04
Dijon,21231,21000,Appartement,49.0,123700.0,2524.49,2024-11-08
Messanges,21407,21220,Maison,68.0,70000.0,1029.41,2024-11-08
Dijon,21231,21000,Appartement,54.0,124000.0,2296.3,2024-11-14
Dijon,21231,21000,Appartement,44.0,100000.0,2272.73,2024-10-30
Auxonne,21038,21130,Maison,144.0,170000.0,1180.56,2024-11-07
Dijon,21231,21000,Appartement,30.0,80000.0,2666.67,2024-10-24
Dijon,21231,21000,Appartement,115.0,576150.0,5010.0,2024-10-23
Dijon,21231,21000,Appartement,44.0,576150.0,13094.32,2024-10-23
Dijon,21231,21000,Appartement,33.0,89000.0,2696.97,2024-11-12
Dijon,21231,21000,Appartement,18.0,134500.0,7472.22,2024-10-25
Dijon,21231,21000,Appartement,15.0,134500.0,8966.67,2024-10-25
Pontailler-sur-Saône,21496,21270,Maison,97.0,143000.0,1474.23,2024-10-28
Brazey-en-Plaine,21103,21470,Maison,70.0,55000.0,785.71,2024-01-15
Dijon,21231,21000,Appartement,38.0,192900.0,5076.32,2024-10-31
Marcilly-sur-Tille,21383,21120,Appartement,60.0,179000.0,2983.33,2024-10-30
Auxonne,21038,21130,Appartement,54.0,150000.0,2777.78,2024-11-07
Auxonne,21038,21130,Appartement,85.0,150000.0,1764.71,2024-11-07
Nantoux,21450,21190,Maison,115.0,150000.0,1304.35,2024-11-06
Fontaine-lès-Dijon,21278,21121,Maison,130.0,401761.0,3090.47,2024-11-15
Dijon,21231,21000,Appartement,63.0,136000.0,2158.73,2024-11-06
Dijon,21231,21000,Appartement,90.0,152000.0,1688.89,2024-10-25
Chenôve,21166,21300,Appartement,113.0,69655.0,616.42,2024-11-13
Beaune,21054,21200,Maison,165.0,515000.0,3121.21,2024-10-24
Beaune,21054,21200,Maison,165.0,515000.0,3121.21,2024-10-24
Dijon,21231,21000,Maison,90.0,215000.0,2388.89,2024-11-08
Dijon,21231,21000,Appartement,26.0,92500.0,3557.69,2024-10-24
Beaune,21054,21200,Appartement,38.0,105000.0,2763.16,2024-10-21
Vitteaux,21710,21350,Maison,78.0,120000.0,1538.46,2024-10-22
Marcilly-Ogny,21382,21320,Maison,55.0,50000.0,909.09,2024-10-30
Vieilmoulin,21679,21540,Maison,29.0,15000.0,517.24,2024-10-23
Vieilmoulin,21679,21540,Maison,28.0,15000.0,535.71,2024-10-23
Dijon,21231,21000,Appartement,80.0,196850.0,2460.62,2024-11-14
Saulieu,21584,21210,Maison,142.0,85000.0,598.59,2024-10-30
Venarey-les-Laumes,21663,21150,Maison,139.0,145000.0,1043.17,2024-10-29
Venarey-les-Laumes,21663,21150,Maison,139.0,145000.0,1043.17,2024-10-29
Beaune,21054,21200,Maison,81.0,294000.0,3629.63,2024-11-04
Ladoix-Serrigny,21606,21550,Maison,112.0,395080.0,3527.5,2024-10-24
Beaune,21054,21200,Maison,58.0,1300000.0,22413.79,2024-11-04
Beaune,21054,21200,Maison,168.0,1300000.0,7738.1,2024-11-04
Dijon,21231,21000,Appartement,36.0,98300.0,2730.56,2024-11-12
Levernois,21347,21200,Appartement,96.0,203800.0,2122.92,2024-10-25
Dijon,21231,21000,Appartement,65.0,239400.0,3683.08,2024-10-31
Aloxe-Corton,21010,21420,Maison,100.0,187000.0,1870.0,2024-10-25
Monthelie,21428,21190,Maison,100.0,183000.0,1830.0,2024-10-30
Dijon,21231,21000,Appartement,21.0,130000.0,6190.48,2024-11-12
Dijon,21231,21000,Appartement,22.0,130000.0,5909.09,2024-11-12
Dijon,21231,21000,Appartement,28.0,69000.0,2464.29,2024-11-12
Dijon,21231,21000,Appartement,244.0,944400.0,3870.49,2024-11-05
Dijon,21231,21000,Appartement,51.0,180000.0,3529.41,2024-11-13
Beaune,21054,21200,Appartement,50.0,153100.0,3062.0,2024-10-30
Marigny-lès-Reullée,21387,21200,Maison,84.0,215000.0,2559.52,2024-11-08
Orville,21472,21260,Maison,39.0,150000.0,3846.15,2024-11-13
Dijon,21231,21000,Appartement,15.0,67500.0,4500.0,2024-11-13
Dijon,21231,21000,Appartement,20.0,68000.0,3400.0,2024-11-13
Dijon,21231,21000,Appartement,20.0,79650.0,3982.5,2024-11-07
Auxonne,21038,21130,Maison,130.0,190000.0,1461.54,2024-11-13
Véronnes,21667,21260,Maison,100.0,185000.0,1850.0,2024-10-28
Dijon,21231,21000,Appartement,65.0,117400.0,1806.15,2024-11-12
Dijon,21231,21000,Appartement,99.0,465000.0,4696.97,2024-10-31
Beaune,21054,21200,Appartement,67.0,150000.0,2238.81,2024-10-23
Dijon,21231,21000,Appartement,88.0,290000.0,3295.45,2024-11-15
Dijon,21231,21000,Appartement,40.0,137000.0,3425.0,2024-11-07
Beaune,21054,21200,Appartement,63.0,209000.0,3317.46,2024-11-04
Beaune,21054,21200,Appartement,81.0,150000.0,1851.85,2024-11-04
Beaune,21054,21200,Appartement,40.0,213904.0,5347.6,2024-11-04
Beaune,21054,21200,Appartement,53.0,213904.0,4035.92,2024-11-04
Beaune,21054,21200,Appartement,76.0,155000.0,2039.47,2024-11-08
Longvic,21355,21600,Appartement,64.0,230000.0,3593.75,2024-11-04
Agey,21002,21410,Maison,112.0,152000.0,1357.14,2024-10-31
Talant,21617,21240,Appartement,70.0,132900.0,1898.57,2024-10-31
Beaune,21054,21200,Appartement,72.0,157000.0,2180.56,2024-10-18
Merceuil,21405,21190,Appartement,53.0,121600.0,2294.34,2024-10-25
Fleurey-sur-Ouche,21273,21410,Maison,123.0,277500.0,2256.1,2024-11-18
Fleurey-sur-Ouche,21273,21410,Maison,123.0,277500.0,2256.1,2024-11-18
Longvic,21355,21600,Maison,94.0,264600.0,2814.89,2024-10-21
Chenôve,21166,21300,Appartement,72.0,70000.0,972.22,2024-11-04
Plombières-lès-Dijon,21485,21370,Appartement,111.0,210000.0,1891.89,2024-10-29
Dijon,21231,21000,Maison,168.0,530000.0,3154.76,2024-11-07
Dijon,21231,21000,Appartement,61.0,153800.0,2521.31,2024-11-04
Fontaine-lès-Dijon,21278,21121,Maison,125.0,799250.0,6394.0,2024-11-08
Fontaine-lès-Dijon,21278,21121,Maison,125.0,799250.0,6394.0,2024-11-08
Fontaine-lès-Dijon,21278,21121,Maison,125.0,580000.0,4640.0,2024-11-08
Dijon,21231,21000,Appartement,101.0,270000.0,2673.27,2024-11-07
Nolay,21461,21340,Maison,152.0,95000.0,625.0,2024-11-14
Baubigny,21050,21340,Maison,108.0,60000.0,555.56,2024-11-14
Baubigny,21050,21340,Maison,108.0,60000.0,555.56,2024-11-14
Aloxe-Corton,21010,21420,Maison,113.0,400000.0,3539.82,2024-11-06
Fontaine-lès-Dijon,21278,21121,Maison,78.0,243250.0,3118.59,2024-11-12
Dijon,21231,21000,Appartement,80.0,220000.0,2750.0,2024-11-04
Saint-Apollinaire,21540,21850,Maison,79.0,252500.0,3196.2,2024-11-18
Saint-Apollinaire,21540,21850,Appartement,94.0,156500.0,1664.89,2024-11-16
Fontaine-lès-Dijon,21278,21121,Appartement,68.0,130000.0,1911.76,2024-11-04
Dijon,21231,21000,Appartement,62.0,200000.0,3225.81,2024-11-15
Dijon,21231,21000,Maison,80.0,187000.0,2337.5,2024-11-08
Dijon,21231,21000,Appartement,76.0,159000.0,2092.11,2024-11-15
Soirans,21609,21110,Maison,96.0,160000.0,1666.67,2024-10-29
Norges-la-Ville,21462,21490,Maison,184.0,651200.0,3539.13,2024-10-29
Norges-la-Ville,21462,21490,Maison,184.0,651200.0,3539.13,2024-10-29
Neuilly-lès-Dijon,21452,21800,Maison,126.0,222800.0,1768.25,2024-11-15
Bretigny,21107,21490,Maison,102.0,369400.0,3621.57,2024-11-15
Bretigny,21107,21490,Maison,102.0,369400.0,3621.57,2024-11-15
Pouilly-en-Auxois,21501,21320,Maison,100.0,274850.0,2748.5,2024-11-14
Arc-sur-Tille,21021,21560,Maison,139.0,300500.0,2161.87,2024-11-15
Dijon,21231,21000,Appartement,46.0,115000.0,2500.0,2024-10-30
Dijon,21231,21000,Appartement,38.0,88500.0,2328.95,2024-11-04
Beaune,21054,21200,Appartement,38.0,110400.0,2905.26,2024-10-25
Chenôve,21166,21300,Appartement,73.0,60000.0,821.92,2024-11-14
Santenay,21582,21590,Maison,98.0,140000.0,1428.57,2024-11-14
Dijon,21231,21000,Appartement,59.0,209720.0,3554.58,2024-10-30
Dijon,21231,21000,Appartement,26.0,136001.0,5230.81,2024-11-14
Chevigny-Saint-Sauveur,21171,21800,Appartement,40.0,120000.0,3000.0,2024-10-31
Varois-et-Chaignot,21657,21490,Maison,72.0,227500.0,3159.72,2024-11-06
Pontailler-sur-Saône,21496,21270,Maison,92.0,165000.0,1793.48,2024-10-25
Dijon,21231,21000,Appartement,68.0,165000.0,2426.47,2024-11-15
Dijon,21231,21000,Appartement,64.0,110000.0,1718.75,2024-11-12
Dijon,21231,21000,Appartement,64.0,110000.0,1718.75,2024-11-12
Fontaine-Française,21277,21610,Maison,130.0,220000.0,1692.31,2024-10-29
Blagny-sur-Vingeanne,21079,21310,Maison,108.0,127400.0,1179.63,2024-10-25
Quetigny,21515,21800,Maison,106.0,304000.0,2867.92,2024-11-21
Pontailler-sur-Saône,21496,21270,Maison,68.0,161100.0,2369.12,2024-11-12
Vic-de-Chassenay,21676,21140,Maison,75.0,90000.0,1200.0,2024-11-14
Marsannay-la-Côte,21390,21160,Maison,82.0,215000.0,2621.95,2024-11-19
Pouilly-en-Auxois,21501,21320,Maison,96.0,171000.0,1781.25,2024-11-21
Dijon,21231,21000,Appartement,52.0,114900.0,2209.62,2024-11-07
Saint-Apollinaire,21540,21850,Maison,89.0,329388.8,3701.0,2024-11-14
Dijon,21231,21000,Appartement,36.0,75000.0,2083.33,2024-10-28
Quetigny,21515,21800,Appartement,63.0,169000.0,2682.54,2024-11-07
Ruffey-lès-Echirey,21535,21490,Maison,38.0,255000.0,6710.53,2024-11-06
Ruffey-lès-Echirey,21535,21490,Maison,108.0,255000.0,2361.11,2024-11-06
Dijon,21231,21000,Appartement,51.0,170570.0,3344.51,2024-10-30
Dijon,21231,21000,Appartement,74.0,170570.0,2305.0,2024-10-30
Villeneuve-sous-Charigny,21696,21140,Maison,124.0,195000.0,1572.58,2024-11-20
Chenôve,21166,21300,Maison,55.0,125000.0,2272.73,2024-11-12
Saint-Andeux,21538,21530,Maison,159.0,77600.0,488.05,2024-11-20
Dijon,21231,21000,Appartement,45.0,133750.0,2972.22,2024-11-12
Sacquenay,21536,21260,Maison,104.0,35000.0,336.54,2024-11-15
Dijon,21231,21000,Appartement,64.0,140000.0,2187.5,2024-11-14
Antheuil,21014,21360,Maison,67.0,22000.0,328.36,2024-11-13
Champdôtre,21138,21130,Maison,86.0,219000.0,2546.51,2024-11-14
Champdôtre,21138,21130,Maison,86.0,219000.0,2546.51,2024-11-14
Dijon,21231,21000,Appartement,44.0,465000.0,10568.18,2024-11-18
Beaune,21054,21200,Appartement,60.0,109000.0,1816.67,2024-11-12
Agey,21002,21410,Maison,95.0,180000.0,1894.74,2024-10-31
Is-sur-Tille,21317,21120,Maison,100.0,118500.0,1185.0,2024-11-15
Lamargelle,21338,21440,Maison,38.0,190000.0,5000.0,2024-11-18
Lamargelle,21338,21440,Maison,145.0,190000.0,1310.34,2024-11-18
Is-sur-Tille,21317,21120,Maison,76.0,100000.0,1315.79,2024-11-18
Neuilly-lès-Dijon,21452,21800,Maison,161.0,360800.0,2240.99,2024-11-21
Fontaine-lès-Dijon,21278,21121,Appartement,96.0,185000.0,1927.08,2024-11-14
Dijon,21231,21000,Appartement,60.0,117000.0,1950.0,2024-10-29
Nolay,21461,21340,Maison,136.0,233830.0,1719.34,2024-11-15
Venarey-les-Laumes,21663,21150,Maison,50.0,14000.0,280.0,2024-10-29
Venarey-les-Laumes,21663,21150,Maison,90.0,155800.0,1731.11,2024-10-28
Longecourt-en-Plaine,21353,21110,Maison,53.0,296500.0,5594.34,2024-11-12
Longecourt-en-Plaine,21353,21110,Maison,55.0,296500.0,5390.91,2024-11-12
Dijon,21231,21000,Appartement,44.0,111000.0,2522.73,2024-11-20
Mont-Saint-Jean,21441,21320,Maison,95.0,171000.0,1800.0,2024-11-08
Dijon,21231,21000,Appartement,61.0,134650.0,2207.38,2024-11-04
Dijon,21231,21000,Appartement,58.0,134650.0,2321.55,2024-11-04
Dijon,21231,21000,Appartement,39.0,55500.0,1423.08,2024-11-08
Dijon,21231,21000,Maison,16.0,44180.0,2761.25,2024-10-28
Savigny-le-Sec,21591,21380,Maison,110.0,246200.0,2238.18,2024-11-07
Ménétreux-le-Pitois,21404,21150,Maison,87.0,176000.0,2022.99,2024-11-18
Saint-Apollinaire,21540,21850,Maison,82.0,205500.0,2506.1,2024-11-12
Dijon,21231,21000,Appartement,34.0,100000.0,2941.18,2024-10-25
Dijon,21231,21000,Appartement,26.0,88500.0,3403.85,2024-11-22
Fontaine-lès-Dijon,21278,21121,Maison,144.0,516000.0,3583.33,2024-10-30
Couternon,21209,21560,Maison,155.0,615000.0,3967.74,2024-11-08
Bessey-lès-Cîteaux,21067,21110,Maison,81.0,215250.0,2657.41,2024-11-08
Dijon,21231,21000,Appartement,45.0,118900.0,2642.22,2024-10-31
Dijon,21231,21000,Appartement,48.0,134000.0,2791.67,2024-11-18
Quetigny,21515,21800,Appartement,52.0,126500.0,2432.69,2024-11-18
Dijon,21231,21000,Appartement,38.0,130000.0,3421.05,2024-11-12
Dijon,21231,21000,Maison,130.0,328190.0,2524.54,2024-11-05
Dijon,21231,21000,Appartement,33.0,125000.0,3787.88,2024-11-18
Beaune,21054,21200,Appartement,113.0,247000.0,2185.84,2024-11-05
Chevigny-Saint-Sauveur,21171,21800,Appartement,70.0,81500.0,1164.29,2024-11-06
La Chaume,21159,21520,Maison,109.0,30000.0,275.23,2024-11-08
Dijon,21231,21000,Appartement,74.0,184050.0,2487.16,2024-11-18
Magny-sur-Tille,21370,21110,Maison,105.0,237000.0,2257.14,2024-11-18
Chenôve,21166,21300,Appartement,46.0,56000.0,1217.39,2024-11-07
Dijon,21231,21000,Appartement,26.0,149001.0,5730.81,2024-11-18
Quetigny,21515,21800,Appartement,66.0,250000.0,3787.88,2024-10-29
Heuilley-sur-Saône,21316,21270,Maison,37.0,145000.0,3918.92,2024-11-04
Heuilley-sur-Saône,21316,21270,Maison,97.0,145000.0,1494.85,2024-11-04
Dijon,21231,21000,Appartement,23.0,121001.0,5260.91,2024-11-19
Dijon,21231,21000,Appartement,57.0,242500.0,4254.39,2024-11-08
Saint-Jean-de-Losne,21554,21170,Maison,56.0,140000.0,2500.0,2024-11-17
Saint-Jean-de-Losne,21554,21170,Appartement,90.0,140000.0,1555.56,2024-11-17
Saint-Jean-de-Losne,21554,21170,Appartement,114.0,140000.0,1228.07,2024-11-17
Vitteaux,21710,21350,Maison,82.0,83500.0,1018.29,2024-11-05
Fontangy,21280,21390,Maison,60.0,20000.0,333.33,2024-04-03
Dijon,21231,21000,Appartement,40.0,115000.0,2875.0,2024-11-25
Auxonne,21038,21130,Maison,130.0,259000.0,1992.31,2024-11-20
Morey-Saint-Denis,21442,21220,Maison,129.0,344350.0,2669.38,2024-11-04
Dijon,21231,21000,Appartement,16.0,57000.0,3562.5,2024-11-15
Dijon,21231,21000,Appartement,40.0,118500.0,2962.5,2024-11-12
Beaune,21054,21200,Maison,121.0,363000.0,3000.0,2024-10-25
Dijon,21231,21000,Appartement,40.0,117250.0,2931.25,2024-11-06
Chevigny-Saint-Sauveur,21171,21800,Appartement,63.0,165500.0,2626.98,2024-11-13
Neuilly-lès-Dijon,21452,21800,Maison,152.0,410550.0,2700.99,2024-11-08
Dijon,21231,21000,Appartement,34.0,103000.0,3029.41,2024-11-07
Plombières-lès-Dijon,21485,21370,Maison,70.0,275000.0,3928.57,2024-10-29
Dijon,21231,21000,Appartement,15.0,55000.0,3666.67,2024-11-14
Marcenay,21378,21330,Maison,108.0,105000.0,972.22,2024-11-25
Fontaine-lès-Dijon,21278,21121,Maison,106.0,456553.0,4307.1,2024-10-30
Chenôve,21166,21300,Appartement,81.0,57860.0,714.32,2024-11-13
Dijon,21231,21000,Appartement,21.0,60000.0,2857.14,2024-11-16
Dijon,21231,21000,Maison,73.0,269900.0,3697.26,2024-10-30
Fontaine-lès-Dijon,21278,21121,Appartement,52.0,133000.0,2557.69,2024-11-14
Dijon,21231,21000,Appartement,99.0,200000.0,2020.2,2024-11-14
Dijon,21231,21000,Appartement,74.0,116750.0,1577.7,2024-11-08
Marsannay-la-Côte,21390,21160,Maison,240.0,500000.0,2083.33,2024-11-14
Marsannay-la-Côte,21390,21160,Maison,240.0,500000.0,2083.33,2024-11-14
Époisses,21247,21460,Maison,94.0,133500.0,1420.21,2024-10-30
Dijon,21231,21000,Appartement,90.0,440000.0,4888.89,2024-10-31
Dijon,21231,21000,Appartement,49.0,134370.0,2742.24,2024-11-07
Dijon,21231,21000,Maison,65.0,269200.0,4141.54,2024-11-20
Dijon,21231,21000,Maison,32.0,269200.0,8412.5,2024-11-20
Châtillon-sur-Seine,21154,21400,Appartement,29.0,7000.0,241.38,2024-10-29
Dijon,21231,21000,Appartement,41.0,130000.0,3170.73,2024-11-22
Spoy,21614,21120,Maison,210.0,150000.0,714.29,2024-11-12
Marsannay-la-Côte,21390,21160,Maison,96.0,300510.0,3130.31,2024-11-15
Barbirey-sur-Ouche,21045,21410,Maison,109.0,310338.0,2847.14,2024-11-12
Dijon,21231,21000,Maison,76.0,203000.0,2671.05,2024-10-25
Dijon,21231,21000,Appartement,40.0,79500.0,1987.5,2024-11-15
Dijon,21231,21000,Appartement,18.0,57500.0,3194.44,2024-11-08
Dijon,21231,21000,Appartement,63.0,240000.0,3809.52,2024-10-23
Nuits-Saint-Georges,21464,21700,Appartement,26.0,59500.0,2288.46,2024-11-15
Seurre,21607,21250,Maison,80.0,115000.0,1437.5,2024-11-05
Grenant-lès-Sombernon,21306,21540,Maison,103.0,210000.0,2038.83,2024-10-28
Grenant-lès-Sombernon,21306,21540,Maison,69.0,210000.0,3043.48,2024-10-28
Dijon,21231,21000,Appartement,57.0,168000.0,2947.37,2024-11-12
Nicey,21454,21330,Maison,77.0,144820.0,1880.78,2024-10-29
Auxonne,21038,21130,Maison,118.0,288000.0,2440.68,2024-11-13
Dijon,21231,21000,Appartement,78.0,183280.0,2349.74,2024-11-08
Fontaine-lès-Dijon,21278,21121,Appartement,45.0,211470.0,4699.33,2024-11-20
Dijon,21231,21000,Appartement,29.0,105000.0,3620.69,2024-10-30
Dijon,21231,21000,Appartement,58.0,110000.0,1896.55,2024-10-31
Dijon,21231,21000,Maison,132.0,570000.0,4318.18,2024-10-28
Dijon,21231,21000,Appartement,72.0,165000.0,2291.67,2024-11-12
Curtil-Vergy,21219,21220,Maison,100.0,238000.0,2380.0,2024-11-13
La Rochepot,21527,21340,Maison,160.0,283000.0,1768.75,2024-11-13
La Rochepot,21527,21340,Maison,160.0,283000.0,1768.75,2024-11-13
Marcilly-Ogny,21382,21320,Maison,46.0,266666.0,5797.09,2024-11-13
Marcilly-Ogny,21382,21320,Maison,180.0,266666.0,1481.48,2024-11-13
Fontaine-lès-Dijon,21278,21121,Appartement,64.0,139500.0,2179.69,2024-11-21
Sacquenay,21536,21260,Maison,94.0,103800.0,1104.26,2024-11-20
Dijon,21231,21000,Appartement,87.0,132500.0,1522.99,2024-11-04
Longecourt-en-Plaine,21353,21110,Maison,84.0,260000.0,3095.24,2024-11-15
Dijon,21231,21000,Appartement,20.0,240200.0,12010.0,2024-11-20
Dijon,21231,21000,Appartement,29.0,240200.0,8282.76,2024-11-20
Dijon,21231,21000,Appartement,41.0,115000.0,2804.88,2024-11-13
Ruffey-lès-Echirey,21535,21490,Maison,113.0,330000.0,2920.35,2024-11-15
Ruffey-lès-Echirey,21535,21490,Maison,113.0,330000.0,2920.35,2024-11-15
Dompierre-en-Morvan,21232,21390,Maison,140.0,74200.0,530.0,2024-11-22
Dompierre-en-Morvan,21232,21390,Maison,194.0,66000.0,340.21,2024-11-13
Dompierre-en-Morvan,21232,21390,Maison,194.0,66000.0,340.21,2024-11-13
Dijon,21231,21000,Maison,70.0,225000.0,3214.29,2024-11-22
Dijon,21231,21000,Appartement,27.0,82000.0,3037.04,2024-11-20
Corcelles-les-Monts,21192,21160,Maison,140.0,471069.0,3364.78,2024-11-20
Semur-en-Auxois,21603,21140,Maison,60.0,40000.0,666.67,2024-11-07
Semur-en-Auxois,21603,21140,Maison,60.0,40000.0,666.67,2024-11-07
Dijon,21231,21000,Appartement,55.0,219000.0,3981.82,2024-11-14
Dijon,21231,21000,Appartement,28.0,120000.0,4285.71,2024-11-20
Dijon,21231,21000,Appartement,63.0,190000.0,3015.87,2024-11-06
Dijon,21231,21000,Maison,139.0,670000.0,4820.14,2024-11-13
Dijon,21231,21000,Appartement,46.0,196000.0,4260.87,2024-11-25
Tart-le-Bas,21622,21110,Maison,99.0,60000.0,606.06,2024-11-07
Talant,21617,21240,Appartement,73.0,179000.0,2452.05,2024-11-05
Champdôtre,21138,21130,Maison,64.0,160000.0,2500.0,2024-11-13
Dijon,21231,21000,Appartement,84.0,125000.0,1488.1,2024-11-08
Trouhans,21645,21170,Maison,118.0,199000.0,1686.44,2024-11-15
Brazey-en-Plaine,21103,21470,Maison,96.0,157000.0,1635.42,2024-11-18
Couchey,21200,21160,Maison,67.0,175000.0,2611.94,2024-11-08
Chenôve,21166,21300,Appartement,34.0,34000.0,1000.0,2024-11-20
Dijon,21231,21000,Appartement,47.0,205000.0,4361.7,2024-11-12
Beaune,21054,21200,Appartement,70.0,122000.0,1742.86,2024-11-25
Saint-Usage,21577,21170,Maison,126.0,260000.0,2063.49,2024-11-20
Losne,21356,21170,Maison,70.0,145000.0,2071.43,2024-11-21
Quincey,21517,21700,Maison,169.0,403530.0,2387.75,2024-11-06
Dijon,21231,21000,Maison,93.0,380925.0,4095.97,2024-11-27
Dijon,21231,21000,Appartement,39.0,170000.0,4358.97,2024-11-15
Dijon,21231,21000,Appartement,63.0,258000.0,4095.24,2024-11-06
Faverolles-lès-Lucey,21262,21290,Maison,115.0,35000.0,304.35,2024-11-22
Fontaine-lès-Dijon,21278,21121,Appartement,60.0,162000.0,2700.0,2024-11-22
Auxonne,21038,21130,Appartement,49.0,56500.0,1153.06,2024-11-21
Chevigny-Saint-Sauveur,21171,21800,Maison,132.0,443550.0,3360.23,2024-11-22
Dijon,21231,21000,Appartement,26.0,105000.0,4038.46,2024-11-25
Dijon,21231,21000,Appartement,23.0,260000.0,11304.35,2024-11-21
Dijon,21231,21000,Appartement,20.0,260000.0,13000.0,2024-11-21
Dijon,21231,21000,Appartement,16.0,260000.0,16250.0,2024-11-21
Dijon,21231,21000,Appartement,68.0,147000.0,2161.76,2024-11-20
Marsannay-la-Côte,21390,21160,Maison,91.0,355000.0,3901.1,2024-11-07
Montbard,21425,21500,Appartement,34.0,17500.0,514.71,2024-09-23
Roilly,21529,21390,Maison,91.0,90000.0,989.01,2024-11-12
Perrigny-sur-l'Ognon,21482,21270,Maison,160.0,237000.0,1481.25,2024-11-12
Perrigny-sur-l'Ognon,21482,21270,Maison,160.0,237000.0,1481.25,2024-11-12
Lamarche-sur-Saône,21337,21760,Maison,20.0,50000.0,2500.0,2024-11-08
Les Maillys,21371,21130,Maison,120.0,230000.0,1916.67,2024-11-26
Dijon,21231,21000,Appartement,62.0,148000.0,2387.1,2024-11-22
Gevrey-Chambertin,21295,21220,Maison,100.0,180000.0,1800.0,2024-11-04
Lechâtelet,21344,21250,Maison,60.0,120000.0,2000.0,2024-11-22
Laignes,21336,21330,Maison,184.0,160000.0,869.57,2024-10-29
Fleurey-sur-Ouche,21273,21410,Maison,126.0,294500.0,2337.3,2024-11-15
Fontenelle,21281,21610,Maison,118.0,178500.0,1512.71,2024-11-22
Dijon,21231,21000,Appartement,53.0,103000.0,1943.4,2024-11-21
Dijon,21231,21000,Appartement,54.0,118200.0,2188.89,2024-11-14
Is-sur-Tille,21317,21120,Maison,92.0,200000.0,2173.91,2024-11-25
Dijon,21231,21000,Appartement,23.0,71000.0,3086.96,2024-11-15
Nuits-Saint-Georges,21464,21700,Appartement,34.0,38691.0,1137.97,2024-11-21
Spoy,21614,21120,Maison,154.0,299200.0,1942.86,2024-11-25
Saulieu,21584,21210,Maison,40.0,20500.0,512.5,2024-11-21
Is-sur-Tille,21317,21120,Maison,80.0,80000.0,1000.0,2024-11-25
Lamarche-sur-Saône,21337,21760,Maison,123.0,130000.0,1056.91,2024-11-25
Marcilly-sur-Tille,21383,21120,Maison,85.0,181200.0,2131.76,2024-11-27
Fontaine-Française,21277,21610,Maison,101.0,205000.0,2029.7,2024-11-25
Is-sur-Tille,21317,21120,Maison,92.0,210000.0,2282.61,2024-11-26
Dijon,21231,21000,Appartement,86.0,165000.0,1918.6,2024-11-15
Chenôve,21166,21300,Appartement,91.0,90000.0,989.01,2024-11-18
Genlis,21292,21110,Maison,69.0,134000.0,1942.03,2024-11-13
Dijon,21231,21000,Appartement,47.0,47000.0,1000.0,2024-11-07
Dijon,21231,21000,Appartement,62.0,239700.0,3866.13,2024-11-22
Selongey,21599,21260,Maison,95.0,180000.0,1894.74,2024-11-12
Selongey,21599,21260,Maison,95.0,180000.0,1894.74,2024-11-12
Dijon,21231,21000,Appartement,57.0,109000.0,1912.28,2024-11-12
Verrey-sous-Salmaise,21670,21690,Maison,131.0,321000.0,2450.38,2024-11-20
Selongey,21599,21260,Maison,79.0,165000.0,2088.61,2024-11-07
Selongey,21599,21260,Maison,79.0,165000.0,2088.61,2024-11-07
Dijon,21231,21000,Maison,96.0,201000.0,2093.75,2024-11-21
Saint-Seine-sur-Vingeanne,21574,21610,Maison,93.0,118800.0,1277.42,2024-11-18
Fontaine-lès-Dijon,21278,21121,Appartement,71.0,180600.0,2543.66,2024-11-12
Asnières-lès-Dijon,21027,21380,Appartement,84.0,126000.0,1500.0,2024-11-06
Genlis,21292,21110,Maison,96.0,132700.0,1382.29,2024-10-22
Dijon,21231,21000,Appartement,66.0,194600.0,2948.48,2024-11-14
Corpeau,21196,21190,Maison,107.0,235000.0,2196.26,2024-11-18
Vosne-Romanée,21714,21700,Maison,12.0,30000.0,2500.0,2024-11-22
Dijon,21231,21000,Maison,127.0,255500.0,2011.81,2024-11-26
Dijon,21231,21000,Appartement,53.0,104000.0,1962.26,2024-11-27
Liernais,21349,21430,Maison,54.0,55000.0,1018.52,2024-10-31
Dijon,21231,21000,Appartement,90.0,550000.0,6111.11,2024-11-07
Essey,21251,21320,Maison,115.0,459220.0,3993.22,2024-11-29
Til-Châtel,21638,21120,Maison,90.0,192410.0,2137.89,2024-11-25
Dijon,21231,21000,Appartement,100.0,349800.0,3498.0,2024-11-13
Labergement-lès-Seurre,21332,21820,Maison,101.0,78000.0,772.28,2024-11-19
Labergement-lès-Seurre,21332,21820,Maison,101.0,78000.0,772.28,2024-11-19
Beaune,21054,21200,Appartement,12.0,49500.0,4125.0,2024-11-18
Montagny-lès-Beaune,21423,21200,Maison,88.0,255000.0,2897.73,2024-11-15
Montagny-lès-Beaune,21423,21200,Maison,88.0,255000.0,2897.73,2024-11-15
Dijon,21231,21000,Appartement,37.0,100000.0,2702.7,2024-11-14
Dijon,21231,21000,Appartement,65.0,175000.0,2692.31,2024-11-22
Dijon,21231,21000,Appartement,65.0,145000.0,2230.77,2024-11-13
Saint-Apollinaire,21540,21850,Maison,89.0,220000.0,2471.91,2024-11-13
Dijon,21231,21000,Appartement,33.0,73000.0,2212.12,2024-11-13
Dijon,21231,21000,Appartement,45.0,123000.0,2733.33,2024-11-27
Corgoloin,21194,21700,Maison,219.0,266000.0,1214.61,2024-11-25
Dijon,21231,21000,Appartement,48.0,98000.0,2041.67,2024-11-04
Sussey,21615,21430,Maison,70.0,15000.0,214.29,2024-11-14
Dijon,21231,21000,Appartement,19.0,1065000.0,56052.63,2024-10-30
Dijon,21231,21000,Appartement,26.0,1065000.0,40961.54,2024-10-30
Dijon,21231,21000,Appartement,30.0,1065000.0,35500.0,2024-10-30
Dijon,21231,21000,Appartement,20.0,1065000.0,53250.0,2024-10-30
Dijon,21231,21000,Appartement,21.0,1065000.0,50714.29,2024-10-30
Dijon,21231,21000,Appartement,15.0,1065000.0,71000.0,2024-10-30
Dijon,21231,21000,Appartement,21.0,1065000.0,50714.29,2024-10-30
Dijon,21231,21000,Appartement,19.0,1065000.0,56052.63,2024-10-30
Dijon,21231,21000,Appartement,21.0,1065000.0,50714.29,2024-10-30
Dijon,21231,21000,Appartement,16.0,1065000.0,66562.5,2024-10-30
Dijon,21231,21000,Appartement,60.0,1065000.0,17750.0,2024-10-30
Dijon,21231,21000,Appartement,24.0,1065000.0,44375.0,2024-10-30
Dijon,21231,21000,Appartement,15.0,1065000.0,71000.0,2024-10-30
Dijon,21231,21000,Appartement,18.0,1065000.0,59166.67,2024-10-30
Dijon,21231,21000,Appartement,24.0,1065000.0,44375.0,2024-10-30
Fontaine-lès-Dijon,21278,21121,Maison,138.0,442000.0,3202.9,2024-11-29
Dijon,21231,21000,Appartement,32.0,99200.0,3100.0,2024-11-15
Saint-Jean-de-Losne,21554,21170,Appartement,66.0,75000.0,1136.36,2024-11-26
Saint-Victor-sur-Ouche,21578,21410,Maison,71.0,125000.0,1760.56,2024-11-25
Verrey-sous-Salmaise,21670,21690,Appartement,50.0,20000.0,400.0,2024-11-14
Verrey-sous-Salmaise,21670,21690,Appartement,47.0,20000.0,425.53,2024-11-14
Aiserey,21005,21110,Maison,101.0,264000.0,2613.86,2024-12-02
Dijon,21231,21000,Appartement,68.0,175500.0,2580.88,2024-11-20
Fontaine-lès-Dijon,21278,21121,Maison,66.0,244000.0,3696.97,2024-11-27
Blaisy-Bas,21080,21540,Maison,130.0,55000.0,423.08,2024-11-26
Genlis,21292,21110,Maison,62.0,190000.0,3064.52,2024-11-27
Moloy,21421,21120,Maison,125.0,324160.0,2593.28,2024-11-27
Moloy,21421,21120,Maison,125.0,324160.0,2593.28,2024-11-27
Messigny-et-Vantoux,21408,21380,Maison,174.0,80040.0,460.0,2024-11-27
Champeau-en-Morvan,21139,21210,Maison,200.0,116600.0,583.0,2024-11-18
Chevigny-Saint-Sauveur,21171,21800,Maison,104.0,281800.0,2709.62,2024-11-26
Dijon,21231,21000,Appartement,16.0,49500.0,3093.75,2024-11-26
Bessey-lès-Cîteaux,21067,21110,Maison,116.0,167900.0,1447.41,2024-11-28
Talant,21617,21240,Maison,83.0,250000.0,3012.05,2024-11-15
Sombernon,21611,21540,Maison,82.0,150000.0,1829.27,2024-11-12
Brazey-en-Plaine,21103,21470,Maison,60.0,126000.0,2100.0,2024-12-02
Dijon,21231,21000,Appartement,65.0,134000.0,2061.54,2024-11-13
Dijon,21231,21000,Appartement,78.0,150000.0,1923.08,2024-11-28
Pouilly-en-Auxois,21501,21320,Maison,212.0,110000.0,518.87,2024-11-14
Pouilly-en-Auxois,21501,21320,Maison,16.0,110000.0,6875.0,2024-11-14
La Roche-en-Brenil,21525,21530,Maison,60.0,80000.0,1333.33,2024-11-26
Montagny-lès-Beaune,21423,21200,Maison,81.0,640000.0,7901.23,2024-12-02
Varois-et-Chaignot,21657,21490,Maison,69.0,188000.0,2724.64,2024-11-07
Dijon,21231,21000,Maison,143.0,295000.0,2062.94,2024-11-13
Dijon,21231,21000,Appartement,42.0,122000.0,2904.76,2024-11-29
Aisy-sous-Thil,21007,21390,Maison,180.0,170000.0,944.44,2024-11-26
Longvic,21355,21600,Appartement,64.0,162000.0,2531.25,2024-11-29
Pagny-le-Château,21475,21250,Maison,100.0,70000.0,700.0,2024-12-02
Pagny-le-Château,21475,21250,Maison,100.0,70000.0,700.0,2024-12-02
Fontaine-lès-Dijon,21278,21121,Maison,114.0,185000.0,1622.81,2024-11-26
Coulmier-le-Sec,21201,21400,Appartement,44.0,132000.0,3000.0,2024-11-13
Coulmier-le-Sec,21201,21400,Appartement,100.0,132000.0,1320.0,2024-11-13
Ruffey-lès-Beaune,21534,21200,Maison,106.0,440000.0,4150.94,2024-11-04
Chenôve,21166,21300,Appartement,78.0,278350.0,3568.59,2024-11-29
Fontaine-lès-Dijon,21278,21121,Appartement,44.0,214320.0,4870.91,2024-11-29
Vielverge,21680,21270,Maison,65.0,90000.0,1384.62,2024-11-13
Chamesson,21134,21400,Maison,85.0,21000.0,247.06,2024-11-05
Noiron-sur-Seine,21460,21400,Maison,100.0,59000.0,590.0,2024-11-25
Beaune,21054,21200,Maison,45.0,125000.0,2777.78,2024-11-21
Charrey-sur-Saône,21148,21170,Maison,67.0,145000.0,2164.18,2024-11-26
Échenon,21239,21170,Maison,187.0,144000.0,770.05,2024-11-29
Pagny-le-Château,21475,21250,Maison,116.0,180000.0,1551.72,2024-11-29
Saulon-la-Chapelle,21585,21910,Appartement,34.0,42000.0,1235.29,2024-03-06
Saulx-le-Duc,21587,21120,Maison,110.0,175000.0,1590.91,2024-11-29
Dijon,21231,21000,Appartement,80.0,255000.0,3187.5,2024-11-29
Chevigny-Saint-Sauveur,21171,21800,Maison,108.0,348000.0,3222.22,2024-11-28
Dijon,21231,21000,Appartement,69.0,232270.0,3366.23,2024-11-29
Dijon,21231,21000,Maison,85.0,240000.0,2823.53,2024-11-13
Époisses,21247,21460,Maison,131.0,235000.0,1793.89,2024-11-06
Dijon,21231,21000,Appartement,32.0,71000.0,2218.75,2024-11-29
Chevigny-Saint-Sauveur,21171,21800,Appartement,39.0,173000.0,4435.9,2024-11-12
Gilly-lès-Cîteaux,21297,21640,Maison,88.0,252000.0,2863.64,2024-11-15
Beaune,21054,21200,Maison,89.0,235000.0,2640.45,2024-11-15
Dijon,21231,21000,Appartement,36.0,87000.0,2416.67,2024-11-25
Brazey-en-Plaine,21103,21470,Maison,220.0,290000.0,1318.18,2024-11-20
Brazey-en-Plaine,21103,21470,Maison,220.0,290000.0,1318.18,2024-11-20
Chevigny-Saint-Sauveur,21171,21800,Appartement,96.0,191000.0,1989.58,2024-11-28
Dijon,21231,21000,Appartement,52.0,94000.0,1807.69,2024-12-03
Dijon,21231,21000,Appartement,65.0,97000.0,1492.31,2024-12-04
Velars-sur-Ouche,21661,21370,Maison,98.0,167000.0,1704.08,2024-11-21
Semur-en-Auxois,21603,21140,Appartement,23.0,40000.0,1739.13,2024-12-04
Dijon,21231,21000,Appartement,24.0,130000.0,5416.67,2024-11-20
Pouillenay,21500,21150,Maison,80.0,100500.0,1256.25,2024-12-03
Dijon,21231,21000,Appartement,30.0,60000.0,2000.0,2024-11-28
Dijon,21231,21000,Appartement,30.0,28000.0,933.33,2024-11-28
Thorey-en-Plaine,21632,21110,Maison,114.0,270000.0,2368.42,2024-11-28
Dijon,21231,21000,Appartement,63.0,118860.0,1886.67,2024-12-03
Dijon,21231,21000,Appartement,38.0,179000.0,4710.53,2024-11-22
Selongey,21599,21260,Maison,100.0,205500.0,2055.0,2024-11-28
Verdonnet,21664,21330,Maison,98.0,75000.0,765.31,2024-11-15
Dijon,21231,21000,Appartement,62.0,210000.0,3387.1,2024-11-28
Corrombles,21198,21460,Maison,15.0,24000.0,1600.0,2024-11-08
Corrombles,21198,21460,Maison,36.0,24000.0,666.67,2024-11-08
Moutiers-Saint-Jean,21446,21500,Maison,85.0,25000.0,294.12,2024-11-28
Dijon,21231,21000,Appartement,46.0,147500.0,3206.52,2024-11-29
Dijon,21231,21000,Appartement,67.0,164775.0,2459.33,2024-12-03
Dijon,21231,21000,Appartement,95.0,240000.0,2526.32,2024-11-28
Chenôve,21166,21300,Appartement,71.0,48000.0,676.06,2024-11-28
Dijon,21231,21000,Appartement,47.0,115850.0,2464.89,2024-11-28
Clamerey,21177,21390,Maison,35.0,124000.0,3542.86,2024-12-04
Clamerey,21177,21390,Maison,80.0,124000.0,1550.0,2024-12-04
Dijon,21231,21000,Maison,62.0,250000.0,4032.26,2024-11-22
Dijon,21231,21000,Appartement,61.0,192000.0,3147.54,2024-11-25
Fraignot-et-Vesvrotte,21283,21580,Maison,91.0,80000.0,879.12,2024-11-16
Beaune,21054,21200,Maison,190.0,355000.0,1868.42,2024-12-02
Savoisy,21594,21500,Maison,40.0,118000.0,2950.0,2024-12-04
Savoisy,21594,21500,Maison,140.0,118000.0,842.86,2024-12-04
Savoisy,21594,21500,Maison,140.0,118000.0,842.86,2024-12-04
Longvic,21355,21600,Appartement,22.0,50000.0,2272.73,2024-11-29
Longvic,21355,21600,Maison,92.0,320000.0,3478.26,2024-11-08
Arnay-sous-Vitteaux,21024,21350,Maison,108.0,150000.0,1388.89,2024-11-08
Dijon,21231,21000,Appartement,52.0,51250.0,985.58,2024-11-18
Barbirey-sur-Ouche,21045,21410,Maison,55.0,41000.0,745.45,2024-11-29
Auxonne,21038,21130,Maison,80.0,175000.0,2187.5,2024-11-29
Dijon,21231,21000,Maison,129.0,390000.0,3023.26,2024-12-04
Labergement-lès-Auxonne,21331,21130,Maison,88.0,155000.0,1761.36,2024-11-28
Labergement-lès-Auxonne,21331,21130,Maison,88.0,155000.0,1761.36,2024-11-28
Longvic,21355,21600,Maison,89.0,100000.0,1123.6,2024-11-27
Longvic,21355,21600,Maison,89.0,150000.0,1685.39,2024-12-02
Auxonne,21038,21130,Maison,118.0,189000.0,1601.69,2024-11-28
Auxonne,21038,21130,Maison,80.0,157700.0,1971.25,2024-11-21
Auxonne,21038,21130,Maison,81.0,212000.0,2617.28,2024-11-21
Villers-les-Pots,21699,21130,Maison,79.0,160000.0,2025.32,2024-11-22
Dijon,21231,21000,Appartement,53.0,171000.0,3226.42,2024-11-21
Dijon,21231,21000,Maison,60.0,266400.0,4440.0,2024-11-22
Auxonne,21038,21130,Maison,88.0,146000.0,1659.09,2024-11-21
Longvic,21355,21600,Appartement,33.0,81000.0,2454.55,2024-05-15
Dijon,21231,21000,Appartement,45.0,155400.0,3453.33,2024-12-03
Beaune,21054,21200,Maison,82.0,170000.0,2073.17,2024-11-27
Beaune,21054,21200,Appartement,89.0,170000.0,1910.11,2024-11-29
Sainte-Marie-la-Blanche,21558,21200,Maison,141.0,265000.0,1879.43,2024-11-27
Dijon,21231,21000,Appartement,62.0,361100.0,5824.19,2024-11-19
Dijon,21231,21000,Appartement,46.0,361100.0,7850.0,2024-11-19
Saulieu,21584,21210,Maison,85.0,100000.0,1176.47,2024-11-21
Dijon,21231,21000,Appartement,51.0,96500.0,1892.16,2024-11-26
Voulaines-les-Templiers,21717,21290,Maison,57.0,11000.0,192.98,2024-12-06
Autricourt,21034,21570,Maison,40.0,18000.0,450.0,2024-11-06
Autricourt,21034,21570,Maison,45.0,18000.0,400.0,2024-11-06
Vanvey,21655,21400,Maison,100.0,10000.0,100.0,2024-11-27
Dijon,21231,21000,Appartement,62.0,134000.0,2161.29,2024-12-02
Busseaut,21117,21510,Maison,34.0,30000.0,882.35,2024-11-05
Vix,21711,21400,Maison,74.0,126100.0,1704.05,2024-11-05
Châtillon-sur-Seine,21154,21400,Appartement,69.0,95000.0,1376.81,2024-12-04
Collonges-lès-Premières,21183,21110,Maison,104.0,132000.0,1269.23,2024-11-14
Mirebeau-sur-Bèze,21416,21310,Maison,66.0,172000.0,2606.06,2024-12-02
Dijon,21231,21000,Appartement,93.0,235000.0,2526.88,2024-11-22
Norges-la-Ville,21462,21490,Maison,120.0,440000.0,3666.67,2024-11-20
Norges-la-Ville,21462,21490,Maison,120.0,440000.0,3666.67,2024-11-20
Allerey,21009,21230,Maison,40.0,147700.0,3692.5,2024-11-22
Saint-Apollinaire,21540,21850,Maison,81.0,306000.0,3777.78,2024-11-28
Dijon,21231,21000,Appartement,47.0,156000.0,3319.15,2024-12-06
Semur-en-Auxois,21603,21140,Maison,46.0,156850.0,3409.78,2024-11-22
Dijon,21231,21000,Appartement,42.0,192000.0,4571.43,2024-12-05
Fontaine-lès-Dijon,21278,21121,Appartement,66.0,256000.0,3878.79,2024-12-02
Dijon,21231,21000,Appartement,66.0,142000.0,2151.52,2024-11-14
Dijon,21231,21000,Appartement,55.0,121000.0,2200.0,2024-11-28
Longeault-Pluvault,21352,21110,Maison,100.0,220000.0,2200.0,2024-11-15
Labergement-lès-Seurre,21332,21820,Maison,133.0,131000.0,984.96,2024-11-18
Dijon,21231,21000,Appartement,26.0,139501.0,5365.42,2024-11-13
Chenôve,21166,21300,Appartement,79.0,256025.0,3240.82,2024-12-04
Aiserey,21005,21110,Maison,82.0,150000.0,1829.27,2024-11-15
Darois,21227,21121,Maison,167.0,365000.0,2185.63,2024-11-29
Dijon,21231,21000,Appartement,14.0,73000.0,5214.29,2024-11-29
Messigny-et-Vantoux,21408,21380,Maison,156.0,300000.0,1923.08,2024-11-28
Messigny-et-Vantoux,21408,21380,Maison,60.0,800000.0,13333.33,2024-11-28
Messigny-et-Vantoux,21408,21380,Maison,84.0,800000.0,9523.81,2024-11-28
Messigny-et-Vantoux,21408,21380,Maison,260.0,800000.0,3076.92,2024-11-28
Fontaine-lès-Dijon,21278,21121,Appartement,55.0,165000.0,3000.0,2024-12-02
Dijon,21231,21000,Appartement,62.0,98200.0,1583.87,2024-11-29
Neuilly-lès-Dijon,21452,21800,Maison,102.0,306000.0,3000.0,2024-11-29
Daix,21223,21121,Maison,140.0,300000.0,2142.86,2024-11-25
Quetigny,21515,21800,Appartement,66.0,225000.0,3409.09,2024-11-21
Dijon,21231,21000,Appartement,33.0,98000.0,2969.7,2024-11-27
Dijon,21231,21000,Appartement,54.0,113000.0,2092.59,2024-11-07
Dijon,21231,21000,Appartement,37.0,109000.0,2945.95,2024-12-06
Dijon,21231,21000,Appartement,93.0,229000.0,2462.37,2024-12-06
Corcelles-les-Monts,21192,21160,Appartement,47.0,107900.0,2295.74,2024-12-02
Dijon,21231,21000,Appartement,20.0,46000.0,2300.0,2024-11-12
Montbard,21425,21500,Maison,134.0,252300.0,1882.84,2024-11-22
Chevigny-Saint-Sauveur,21171,21800,Appartement,56.0,214500.0,3830.36,2024-12-02
Gevrey-Chambertin,21295,21220,Appartement,102.0,1469782.0,14409.63,2024-11-25
Dijon,21231,21000,Maison,80.0,230000.0,2875.0,2024-12-06
Pouilly-en-Auxois,21501,21320,Maison,89.0,171000.0,1921.35,2024-12-09
Pontailler-sur-Saône,21496,21270,Maison,60.0,124000.0,2066.67,2024-12-05
Dijon,21231,21000,Appartement,43.0,99300.0,2309.3,2024-12-04
Savigny-le-Sec,21591,21380,Maison,84.0,185000.0,2202.38,2024-12-04
Dijon,21231,21000,Appartement,55.0,118600.0,2156.36,2024-12-06
Dijon,21231,21000,Appartement,33.0,114500.0,3469.7,2024-11-28
Beaune,21054,21200,Maison,98.0,320150.0,3266.84,2024-12-06
Saint-Apollinaire,21540,21850,Appartement,49.0,125000.0,2551.02,2024-12-06
Dijon,21231,21000,Appartement,18.0,67000.0,3722.22,2024-11-29
Chenôve,21166,21300,Maison,66.0,189000.0,2863.64,2024-11-29
Auxonne,21038,21130,Appartement,44.0,63000.0,1431.82,2024-12-05
Dijon,21231,21000,Appartement,107.0,292300.0,2731.78,2024-11-22
Saint-Apollinaire,21540,21850,Maison,118.0,372200.0,3154.24,2024-10-30
Dijon,21231,21000,Appartement,34.0,129000.0,3794.12,2024-12-03
Corcelles-les-Monts,21192,21160,Maison,115.0,300000.0,2608.7,2024-11-25
Corcelles-les-Monts,21192,21160,Maison,115.0,300000.0,2608.7,2024-11-25
Dijon,21231,21000,Appartement,70.0,227000.0,3242.86,2024-12-03
Dijon,21231,21000,Appartement,48.0,225500.0,4697.92,2024-11-27
Dijon,21231,21000,Appartement,88.0,273000.0,3102.27,2024-11-26
Dijon,21231,21000,Appartement,20.0,61000.0,3050.0,2024-06-05
Dijon,21231,21000,Appartement,18.0,61000.0,3388.89,2024-06-05
Dijon,21231,21000,Appartement,16.0,61000.0,3812.5,2024-06-05
Vandenesse-en-Auxois,21652,21320,Maison,71.0,89000.0,1253.52,2024-12-06
Saint-Apollinaire,21540,21850,Maison,120.0,293100.0,2442.5,2024-12-09
Dijon,21231,21000,Maison,113.0,365000.0,3230.09,2024-11-08
Dijon,21231,21000,Appartement,110.0,231700.0,2106.36,2024-12-02
Montbard,21425,21500,Maison,130.0,63333.34,487.18,2024-11-28
Dijon,21231,21000,Appartement,26.0,100000.0,3846.15,2024-12-04
Dijon,21231,21000,Appartement,57.0,185000.0,3245.61,2024-11-12
Dijon,21231,21000,Appartement,43.0,197000.0,4581.4,2024-11-18
Sainte-Colombe-en-Auxois,21544,21350,Maison,180.0,261000.0,1450.0,2024-11-23
Dijon,21231,21000,Appartement,20.0,123001.0,6150.05,2024-12-04
Chenôve,21166,21300,Appartement,41.0,125000.0,3048.78,2024-12-05
Dijon,21231,21000,Maison,95.0,342750.0,3607.89,2024-12-05
Dijon,21231,21000,Appartement,21.0,132001.0,6285.76,2024-12-04
Dijon,21231,21000,Appartement,27.0,85700.0,3174.07,2024-11-29
Talant,21617,21240,Appartement,26.0,68800.0,2646.15,2024-11-18
Dijon,21231,21000,Appartement,45.0,110000.0,2444.44,2024-11-29
Chenôve,21166,21300,Maison,84.0,155000.0,1845.24,2024-11-21
Dijon,21231,21000,Appartement,64.0,212660.0,3322.81,2024-11-18
Lantilly,21341,21140,Maison,128.0,85000.0,664.06,2024-12-04
Lantilly,21341,21140,Maison,128.0,85000.0,664.06,2024-12-04
Dijon,21231,21000,Maison,102.0,271500.0,2661.76,2024-11-28
Fénay,21263,21600,Maison,48.0,287600.0,5991.67,2024-12-09
Marsannay-la-Côte,21390,21160,Maison,80.0,145000.0,1812.5,2024-11-27
Grésigny-Sainte-Reine,21307,21150,Maison,120.0,180000.0,1500.0,2024-11-28
Dijon,21231,21000,Maison,85.0,310000.0,3647.06,2024-11-06
Dijon,21231,21000,Appartement,35.0,95000.0,2714.29,2024-12-10
Saint-Germain-de-Modéon,21548,21530,Maison,106.0,145000.0,1367.92,2024-11-16
Saint-Germain-de-Modéon,21548,21530,Maison,106.0,145000.0,1367.92,2024-11-16
Merceuil,21405,21190,Maison,25.0,90000.0,3600.0,2024-10-31
Plombières-lès-Dijon,21485,21370,Maison,129.0,330000.0,2558.14,2024-12-05
Dijon,21231,21000,Appartement,20.0,50000.0,2500.0,2024-12-05
Dijon,21231,21000,Appartement,20.0,47250.0,2362.5,2024-12-05
Dijon,21231,21000,Appartement,60.0,118250.0,1970.83,2024-12-06
Dijon,21231,21000,Appartement,37.0,71000.0,1918.92,2024-12-06
Corrombles,21198,21460,Maison,78.0,50000.0,641.03,2024-11-22
Corrombles,21198,21460,Maison,48.0,50000.0,1041.67,2024-11-22
Corrombles,21198,21460,Maison,39.0,50000.0,1282.05,2024-11-22
Chevigny-Saint-Sauveur,21171,21800,Appartement,88.0,209000.0,2375.0,2024-12-05
Gevrey-Chambertin,21295,21220,Maison,80.0,196000.0,2450.0,2024-12-04
Talant,21617,21240,Appartement,52.0,115000.0,2211.54,2024-12-10
Saint-Julien,21555,21490,Maison,120.0,370000.0,3083.33,2024-12-05
Daix,21223,21121,Maison,96.0,295500.0,3078.12,2024-12-05
Dijon,21231,21000,Appartement,52.0,83000.0,1596.15,2024-12-03
Civry-en-Montagne,21176,21320,Maison,40.0,27000.0,675.0,2024-11-25
Civry-en-Montagne,21176,21320,Maison,40.0,27000.0,675.0,2024-11-25
Dijon,21231,21000,Appartement,49.0,142500.0,2908.16,2024-12-02
Dijon,21231,21000,Appartement,63.0,95000.0,1507.94,2024-12-04
Marsannay-la-Côte,21390,21160,Maison,120.0,225000.0,1875.0,2024-12-02
Corcelles-lès-Cîteaux,21191,21910,Maison,119.0,255000.0,2142.86,2024-12-05
Dijon,21231,21000,Appartement,125.0,537100.0,4296.8,2024-11-25
Comblanchien,21186,21700,Maison,75.0,162100.0,2161.33,2024-11-28
Dijon,21231,21000,Appartement,36.0,110000.0,3055.56,2024-12-09
Dijon,21231,21000,Appartement,47.0,187000.0,3978.72,2024-12-06
Quetigny,21515,21800,Maison,115.0,319750.0,2780.43,2024-12-02
Talant,21617,21240,Maison,83.0,202900.0,2444.58,2024-11-22
Dijon,21231,21000,Appartement,40.0,85000.0,2125.0,2024-12-03
Quetigny,21515,21800,Appartement,78.0,200000.0,2564.1,2024-12-12
Dijon,21231,21000,Appartement,18.0,68800.0,3822.22,2024-11-28
Dijon,21231,21000,Appartement,77.0,152000.0,1974.03,2024-11-26
Dijon,21231,21000,Maison,58.0,145000.0,2500.0,2024-11-29
Dijon,21231,21000,Appartement,93.0,92000.0,989.25,2024-11-29
Chevigny-Saint-Sauveur,21171,21800,Appartement,47.0,170000.0,3617.02,2024-12-04
Lechâtelet,21344,21250,Maison,107.0,180000.0,1682.24,2024-12-11
Marliens,21388,21110,Maison,120.0,299250.0,2493.75,2024-12-03
Dijon,21231,21000,Appartement,118.0,319600.0,2708.47,2024-12-05
Montbard,21425,21500,Appartement,53.0,19500.0,367.92,2024-12-03
Poncey-lès-Athée,21493,21130,Maison,81.0,115000.0,1419.75,2024-12-06
Poncey-lès-Athée,21493,21130,Maison,35.0,115000.0,3285.71,2024-12-06
Poncey-lès-Athée,21493,21130,Maison,81.0,115000.0,1419.75,2024-12-06
Poncey-lès-Athée,21493,21130,Maison,35.0,115000.0,3285.71,2024-12-06
Fontaine-lès-Dijon,21278,21121,Appartement,86.0,175000.0,2034.88,2024-12-02
Saint-Bernard,21542,21700,Maison,120.0,269000.0,2241.67,2024-12-04
Saint-Bernard,21542,21700,Maison,120.0,269000.0,2241.67,2024-12-04
Villars-Fontaine,21688,21700,Maison,240.0,288000.0,1200.0,2024-12-05
Plombières-lès-Dijon,21485,21370,Appartement,49.0,135390.0,2763.06,2024-11-28
Beire-le-Châtel,21056,21310,Maison,56.0,179000.0,3196.43,2024-11-29
Dijon,21231,21000,Appartement,28.0,65000.0,2321.43,2024-12-11
Dijon,21231,21000,Appartement,51.0,98220.0,1925.88,2024-12-05
Lamarche-sur-Saône,21337,21760,Maison,60.0,139500.0,2325.0,2024-11-14
Saint-Apollinaire,21540,21850,Appartement,62.0,159000.0,2564.52,2024-12-06
Saint-Germain-de-Modéon,21548,21530,Maison,66.0,121154.0,1835.67,2024-12-03
Brion-sur-Ource,21109,21570,Maison,57.0,84875.0,1489.04,2024-11-18
Villy-en-Auxois,21707,21350,Maison,103.0,138000.0,1339.81,2024-11-26
Villy-en-Auxois,21707,21350,Maison,103.0,138000.0,1339.81,2024-11-26
Chevigny-Saint-Sauveur,21171,21800,Appartement,20.0,52000.0,2600.0,2024-11-28
Dijon,21231,21000,Appartement,74.0,187000.0,2527.03,2024-11-28
Fontaine-lès-Dijon,21278,21121,Appartement,84.0,200000.0,2380.95,2024-12-04
Fontaine-lès-Dijon,21278,21121,Appartement,60.0,120000.0,2000.0,2024-12-11
Dijon,21231,21000,Appartement,89.0,345000.0,3876.4,2024-12-10
Dijon,21231,21000,Appartement,41.0,107500.0,2621.95,2024-11-29
Magny-Saint-Médard,21369,21310,Maison,100.0,254100.0,2541.0,2024-12-02
Chenôve,21166,21300,Appartement,68.0,247000.0,3632.35,2024-12-11
Mirebeau-sur-Bèze,21416,21310,Maison,99.0,281400.0,2842.42,2024-12-06
Is-sur-Tille,21317,21120,Maison,80.0,151500.0,1893.75,2024-12-02
Dijon,21231,21000,Maison,117.0,450000.0,3846.15,2024-12-02
Orgeux,21469,21490,Maison,102.0,180000.0,1764.71,2024-12-11
Dijon,21231,21000,Appartement,78.0,178000.0,2282.05,2024-11-29
Mirebeau-sur-Bèze,21416,21310,Maison,74.0,107500.0,1452.7,2024-11-18
Dijon,21231,21000,Appartement,60.0,102000.0,1700.0,2024-12-10
Dijon,21231,21000,Appartement,59.0,160450.0,2719.49,2024-11-22
Chenôve,21166,21300,Maison,90.0,311500.0,3461.11,2024-11-18
Binges,21076,21270,Maison,81.0,151000.0,1864.2,2024-11-28
Vitteaux,21710,21350,Maison,70.0,14000.0,200.0,2024-11-28
Marcilly-Ogny,21382,21320,Maison,32.0,21000.0,656.25,2024-12-12
Marcilly-Ogny,21382,21320,Maison,118.0,21000.0,177.97,2024-12-12
Poncey-lès-Athée,21493,21130,Maison,50.0,77500.0,1550.0,2024-12-11
Chenôve,21166,21300,Appartement,29.0,120000.0,4137.93,2024-11-22
Dijon,21231,21000,Appartement,45.0,410250.0,9116.67,2024-11-22
Dijon,21231,21000,Appartement,63.0,410250.0,6511.9,2024-11-22
Dijon,21231,21000,Appartement,49.0,45000.0,918.37,2024-11-22
Longecourt-en-Plaine,21353,21110,Maison,124.0,399000.0,3217.74,2024-12-06
Dijon,21231,21000,Appartement,40.0,125000.0,3125.0,2024-12-09
Villers-les-Pots,21699,21130,Maison,91.0,219000.0,2406.59,2024-11-22
Dijon,21231,21000,Appartement,59.0,158316.11,2683.32,2024-12-09
Montbard,21425,21500,Appartement,34.0,18500.0,544.12,2024-09-23
Dijon,21231,21000,Appartement,49.0,140000.0,2857.14,2024-12-13
Pouillenay,21500,21150,Maison,50.0,55000.0,1100.0,2024-11-29
Dijon,21231,21000,Appartement,47.0,165000.0,3510.64,2024-12-11
Dijon,21231,21000,Appartement,52.0,166000.0,3192.31,2024-12-02
Fontaine-lès-Dijon,21278,21121,Maison,115.0,385000.0,3347.83,2024-12-10
Fénay,21263,21600,Maison,115.0,285000.0,2478.26,2024-12-10
Montbard,21425,21500,Maison,66.0,136500.0,2068.18,2024-12-10
Dijon,21231,21000,Appartement,63.0,185500.0,2944.44,2024-12-09
Bretenière,21106,21110,Maison,102.0,270000.0,2647.06,2024-12-10
Dijon,21231,21000,Appartement,87.0,282000.0,3241.38,2024-12-11
Montigny-Mornay-Villeneuve-sur-Vingeanne,21433,21610,Maison,80.0,205000.0,2562.5,2024-11-26
Dijon,21231,21000,Appartement,34.0,130000.0,3823.53,2024-12-09
Samerey,21581,21170,Maison,98.0,128000.0,1306.12,2024-12-12
Dijon,21231,21000,Appartement,81.0,134000.0,1654.32,2024-12-02
Dijon,21231,21000,Appartement,34.0,259000.0,7617.65,2024-12-09
Dijon,21231,21000,Appartement,33.0,259000.0,7848.48,2024-12-09
Jouey,21325,21230,Maison,45.0,18000.0,400.0,2024-11-26
Montbard,21425,21500,Maison,66.0,153000.0,2318.18,2024-12-06
Dijon,21231,21000,Maison,140.0,379000.0,2707.14,2024-11-26
Beaune,21054,21200,Maison,142.0,248250.0,1748.24,2024-12-05
Montbard,21425,21500,Maison,42.0,7000.0,166.67,2024-12-09
Dijon,21231,21000,Appartement,58.0,172400.0,2972.41,2024-12-11
Flagey-lès-Auxonne,21268,21130,Maison,158.0,315000.0,1993.67,2024-12-03
Fontaine-lès-Dijon,21278,21121,Appartement,44.0,210520.0,4784.55,2024-12-12
Fontaine-lès-Dijon,21278,21121,Appartement,44.0,217170.0,4935.68,2024-12-12
Beaune,21054,21200,Maison,89.0,600000.0,6741.57,2024-12-05
Thury,21636,21340,Maison,82.0,90000.0,1097.56,2024-12-10
Tart,21623,21110,Maison,216.0,352100.0,1630.09,2024-11-28
Tart,21623,21110,Maison,216.0,352100.0,1630.09,2024-11-28
Nolay,21461,21340,Maison,59.0,60000.0,1016.95,2024-12-10
Diancey,21229,21430,Maison,97.0,158000.0,1628.87,2024-11-30
Diancey,21229,21430,Maison,97.0,158000.0,1628.87,2024-11-30
Diancey,21229,21430,Maison,97.0,158000.0,1628.87,2024-11-30
Soussey-sur-Brionne,21613,21350,Maison,31.0,68500.0,2209.68,2024-11-12
Longeault-Pluvault,21352,21110,Maison,88.0,198000.0,2250.0,2024-11-27
Is-sur-Tille,21317,21120,Maison,102.0,125400.0,1229.41,2024-12-11
Arnay-le-Duc,21023,21230,Appartement,88.0,30000.0,340.91,2024-11-26
Arnay-le-Duc,21023,21230,Maison,100.0,120000.0,1200.0,2024-11-26
Trochères,21644,21310,Maison,196.0,335000.0,1709.18,2024-12-09
Marsannay-le-Bois,21391,21380,Maison,148.0,491450.0,3320.61,2024-12-11
Dijon,21231,21000,Appartement,74.0,150090.0,2028.24,2024-12-10
Couternon,21209,21560,Maison,80.0,382000.0,4775.0,2024-12-11
Dijon,21231,21000,Appartement,44.0,110000.0,2500.0,2024-12-03
Dijon,21231,21000,Appartement,50.0,97000.0,1940.0,2024-12-10
Chevigny-Saint-Sauveur,21171,21800,Appartement,47.0,178000.0,3787.23,2024-12-11
Quetigny,21515,21800,Maison,94.0,252500.0,2686.17,2024-12-12
Beaune,21054,21200,Appartement,54.0,120000.0,2222.22,2024-12-06
Ladoix-Serrigny,21606,21550,Maison,84.0,150000.0,1785.71,2024-12-09
Arc-sur-Tille,21021,21560,Maison,69.0,242000.0,3507.25,2024-12-09
Bligny-sur-Ouche,21087,21360,Maison,85.0,132000.0,1552.94,2024-12-06
Bligny-sur-Ouche,21087,21360,Maison,85.0,132000.0,1552.94,2024-12-06
Fontaine-lès-Dijon,21278,21121,Appartement,29.0,99000.0,3413.79,2024-12-10
Savigny-lès-Beaune,21590,21420,Maison,106.0,280000.0,2641.51,2024-12-05
Dijon,21231,21000,Maison,108.0,273000.0,2527.78,2024-12-11
Dijon,21231,21000,Appartement,80.0,149000.0,1862.5,2024-12-13
Bellenod-sur-Seine,21061,21510,Maison,66.0,25000.0,378.79,2024-12-04
Genlis,21292,21110,Appartement,70.0,125500.0,1792.86,2024-12-04
Dijon,21231,21000,Appartement,24.0,79000.0,3291.67,2024-12-11
Jallanges,21322,21250,Maison,100.0,124000.0,1240.0,2024-12-13
Jallanges,21322,21250,Maison,100.0,124000.0,1240.0,2024-12-13
Dijon,21231,21000,Appartement,28.0,67000.0,2392.86,2024-12-03
Dijon,21231,21000,Appartement,109.0,359000.0,3293.58,2024-12-02
Échevronne,21241,21420,Maison,132.0,301400.0,2283.33,2024-12-02
Échevronne,21241,21420,Maison,132.0,301400.0,2283.33,2024-12-02
Dijon,21231,21000,Appartement,78.0,140000.0,1794.87,2024-11-29
Trouhans,21645,21170,Maison,114.0,133800.0,1173.68,2024-12-10
Trouhans,21645,21170,Maison,114.0,133800.0,1173.68,2024-12-10
Meuilley,21409,21700,Maison,97.0,245000.0,2525.77,2024-12-09
Dijon,21231,21000,Appartement,84.0,118000.0,1404.76,2024-12-09
Maligny,21374,21230,Maison,44.0,30000.0,681.82,2024-12-06
Fleurey-sur-Ouche,21273,21410,Appartement,61.0,29791.66,488.39,2024-12-06
Dijon,21231,21000,Appartement,54.0,131700.0,2438.89,2024-12-09
Dijon,21231,21000,Appartement,58.0,159500.0,2750.0,2024-12-12
Perrigny-lès-Dijon,21481,21160,Maison,50.0,1235000.0,24700.0,2024-12-02
Perrigny-lès-Dijon,21481,21160,Maison,50.0,1235000.0,24700.0,2024-12-02
Perrigny-lès-Dijon,21481,21160,Maison,210.0,1235000.0,5880.95,2024-12-02
Écutigny,21243,21360,Maison,160.0,310000.0,1937.5,2024-12-02
Dijon,21231,21000,Appartement,43.0,120900.0,2811.63,2024-12-16
Marey-lès-Fussey,21384,21700,Maison,222.0,815000.0,3671.17,2024-12-11
Marey-lès-Fussey,21384,21700,Maison,222.0,815000.0,3671.17,2024-12-11
Dijon,21231,21000,Appartement,15.0,74000.0,4933.33,2024-12-16
Montbard,21425,21500,Maison,65.0,97000.0,1492.31,2024-12-13
Dijon,21231,21000,Appartement,30.0,100000.0,3333.33,2024-12-13
Beaune,21054,21200,Maison,35.0,298000.0,8514.29,2024-12-10
Beaune,21054,21200,Maison,35.0,298000.0,8514.29,2024-12-10
Beaune,21054,21200,Maison,99.0,298000.0,3010.1,2024-12-10
Beaune,21054,21200,Maison,99.0,298000.0,3010.1,2024-12-10
Beaune,21054,21200,Appartement,111.0,278000.0,2504.5,2024-12-12
Dijon,21231,21000,Appartement,29.0,89860.0,3098.62,2024-12-16
Dijon,21231,21000,Appartement,20.0,51000.0,2550.0,2024-12-12
Dijon,21231,21000,Appartement,24.0,123001.0,5125.04,2024-12-12
Til-Châtel,21638,21120,Maison,151.0,263200.0,1743.05,2024-12-13
Viévy,21683,21230,Maison,70.0,75000.0,1071.43,2024-12-04
Corgoloin,21194,21700,Maison,150.0,372400.0,2482.67,2024-12-13
Dijon,21231,21000,Appartement,108.0,370000.0,3425.93,2024-12-12
Gissey-le-Vieil,21298,21350,Maison,117.0,174000.0,1487.18,2024-12-11
Messigny-et-Vantoux,21408,21380,Appartement,96.0,379000.0,3947.92,2024-12-11
Asnières-lès-Dijon,21027,21380,Maison,75.0,230000.0,3066.67,2024-12-11
Dijon,21231,21000,Appartement,26.0,78250.0,3009.62,2024-12-09
Liernais,21349,21430,Maison,155.0,235000.0,1516.13,2024-12-07
Saint-Didier,21546,21210,Maison,90.0,84550.0,939.44,2024-12-09
Molphey,21422,21210,Maison,30.0,83500.0,2783.33,2024-12-09
Missery,21417,21210,Maison,115.0,160000.0,1391.3,2024-12-09
Chenôve,21166,21300,Appartement,86.0,232000.0,2697.67,2024-12-12
Is-sur-Tille,21317,21120,Maison,110.0,40600.0,369.09,2024-11-29
Noiron-sous-Gevrey,21458,21910,Maison,151.0,145000.0,960.26,2024-12-13
Bellenot-sous-Pouilly,21062,21320,Maison,120.0,115000.0,958.33,2024-12-06
Semur-en-Auxois,21603,21140,Maison,131.0,75000.0,572.52,2024-12-10
Marsannay-la-Côte,21390,21160,Maison,82.0,173000.0,2109.76,2024-12-17
Beaune,21054,21200,Appartement,71.0,163000.0,2295.77,2024-12-16
Buffon,21114,21500,Maison,100.0,110052.0,1100.52,2024-11-29
Chenôve,21166,21300,Appartement,89.0,105000.0,1179.78,2024-12-11
Dijon,21231,21000,Appartement,53.0,132056.0,2491.62,2024-12-12
Bretigny,21107,21490,Maison,103.0,282900.0,2746.6,2024-12-11
Dijon,21231,21000,Maison,91.0,229000.0,2516.48,2024-12-12
Dijon,21231,21000,Appartement,35.0,138060.0,3944.57,2024-12-12
Dijon,21231,21000,Appartement,50.0,125000.0,2500.0,2024-12-11
Ouges,21473,21600,Maison,164.0,71850.0,438.11,2024-12-04
Ouges,21473,21600,Maison,164.0,71850.0,438.11,2024-12-04
Pommard,21492,21630,Appartement,20.0,52000.0,2600.0,2024-11-22
Dijon,21231,21000,Appartement,42.0,137000.0,3261.9,2024-12-03
Corgoloin,21194,21700,Maison,87.0,155601.42,1788.52,2024-11-27
Avelanges,21039,21120,Maison,124.0,195000.0,1572.58,2024-12-13
Dijon,21231,21000,Maison,80.0,154000.0,1925.0,2024-12-16
Dijon,21231,21000,Appartement,29.0,31600.0,1089.66,2024-12-17
Selongey,21599,21260,Maison,90.0,80000.0,888.89,2024-12-16
Corpeau,21196,21190,Maison,60.0,65000.0,1083.33,2024-12-09
Is-sur-Tille,21317,21120,Appartement,74.0,144500.0,1952.7,2024-12-13
Segrois,21597,21220,Maison,120.0,212600.0,1771.67,2024-12-04
Gissey-sur-Ouche,21300,21410,Maison,112.0,206750.0,1845.98,2024-11-28
Gissey-sur-Ouche,21300,21410,Maison,112.0,206750.0,1845.98,2024-11-28
Fontaine-lès-Dijon,21278,21121,Appartement,45.0,189900.0,4220.0,2024-12-11
Is-sur-Tille,21317,21120,Appartement,89.0,172100.0,1933.71,2024-12-13
Dijon,21231,21000,Appartement,70.0,219000.0,3128.57,2024-12-16
Dijon,21231,21000,Maison,162.0,588650.0,3633.64,2024-12-16
Marcilly-sur-Tille,21383,21120,Appartement,67.0,1096107.0,16359.81,2024-12-16
Marcilly-sur-Tille,21383,21120,Appartement,80.0,1096107.0,13701.34,2024-12-16
Marcilly-sur-Tille,21383,21120,Appartement,61.0,1096107.0,17968.97,2024-12-16
Marcilly-sur-Tille,21383,21120,Appartement,77.0,1096107.0,14235.16,2024-12-16
Marcilly-sur-Tille,21383,21120,Appartement,81.0,1096107.0,13532.19,2024-12-16
Marcilly-sur-Tille,21383,21120,Appartement,64.0,1096107.0,17126.67,2024-12-16
Marcilly-sur-Tille,21383,21120,Appartement,65.0,1096107.0,16863.18,2024-12-16
Meursault,21412,21190,Maison,85.0,280000.0,3294.12,2024-12-10
Meursault,21412,21190,Maison,80.0,280000.0,3500.0,2024-12-10
Thury,21636,21340,Maison,65.0,69000.0,1061.54,2024-12-16
Dijon,21231,21000,Appartement,70.0,263000.0,3757.14,2024-12-18
Dijon,21231,21000,Appartement,74.0,69000.0,932.43,2024-12-13
Painblanc,21476,21360,Maison,202.0,293355.0,1452.25,2024-12-16
Dijon,21231,21000,Appartement,80.0,186000.0,2325.0,2024-12-12
Dijon,21231,21000,Maison,98.0,230000.0,2346.94,2024-12-13
Talant,21617,21240,Maison,168.0,525000.0,3125.0,2024-12-13
Bissey-la-Pierre,21078,21330,Maison,113.0,74000.0,654.87,2024-11-26
Châtillon-sur-Seine,21154,21400,Maison,86.0,63988.0,744.05,2024-11-22
Dijon,21231,21000,Appartement,58.0,189000.0,3258.62,2024-11-28
Gomméville,21302,21400,Maison,78.0,50000.0,641.03,2024-11-22
Couchey,21200,21160,Maison,90.0,333000.0,3700.0,2024-12-06
Marsannay-la-Côte,21390,21160,Maison,45.0,80000.0,1777.78,2024-11-27
Dijon,21231,21000,Appartement,64.0,277500.0,4335.94,2024-12-16
Talant,21617,21240,Appartement,105.0,235500.0,2242.86,2024-12-12
Montbard,21425,21500,Appartement,98.0,450000.0,4591.84,2024-12-13
Montbard,21425,21500,Appartement,111.0,450000.0,4054.05,2024-12-13
Dijon,21231,21000,Appartement,85.0,330000.0,3882.35,2024-11-22
Marsannay-la-Côte,21390,21160,Maison,84.0,213000.0,2535.71,2024-11-29
Saint-Apollinaire,21540,21850,Maison,101.0,307800.0,3047.52,2024-11-20
Collonges-lès-Bévy,21182,21220,Maison,78.0,135000.0,1730.77,2024-12-02
Marsannay-le-Bois,21391,21380,Maison,184.0,170000.0,923.91,2024-12-11
Saint-Sauveur,21571,21270,Maison,65.0,170000.0,2615.38,2024-12-06
Saint-Sauveur,21571,21270,Maison,100.0,170000.0,1700.0,2024-12-06
Poncey-lès-Athée,21493,21130,Maison,100.0,45000.0,450.0,2024-12-16
Saint-Thibault,21576,21350,Maison,110.0,213000.0,1936.36,2024-12-18
Vougeot,21716,21640,Maison,60.0,135000.0,2250.0,2024-03-20
Vougeot,21716,21640,Maison,25.0,135000.0,5400.0,2024-03-20
Vieilmoulin,21679,21540,Maison,78.0,115000.0,1474.36,2024-12-09
Chorey-les-Beaune,21173,21200,Maison,38.0,100000.0,2631.58,2024-12-03
Longvic,21355,21600,Maison,133.0,406000.0,3052.63,2024-12-13
Beaune,21054,21200,Maison,65.0,185000.0,2846.15,2024-12-05
Baubigny,21050,21340,Maison,65.0,100000.0,1538.46,2024-12-12
Dijon,21231,21000,Appartement,52.0,115000.0,2211.54,2024-11-22
Corberon,21189,21250,Maison,147.0,243800.0,1658.5,2024-12-02
Lusigny-sur-Ouche,21360,21360,Maison,83.0,68167.0,821.29,2024-11-25
Beaune,21054,21200,Appartement,95.0,410000.0,4315.79,2024-12-02
Beaune,21054,21200,Appartement,65.0,410000.0,6307.69,2024-12-02
Beaune,21054,21200,Appartement,55.0,410000.0,7454.55,2024-12-02
Beaune,21054,21200,Appartement,47.0,410000.0,8723.4,2024-12-02
Messanges,21407,21220,Maison,66.0,399000.0,6045.45,2024-12-11
Dijon,21231,21000,Appartement,66.0,192000.0,2909.09,2024-12-04
Arcenant,21017,21700,Maison,100.0,144000.0,1440.0,2024-11-27
Dijon,21231,21000,Maison,65.0,179000.0,2753.85,2024-12-04
Dijon,21231,21000,Appartement,35.0,50000.0,1428.57,2024-12-19
Dijon,21231,21000,Appartement,103.0,243800.0,2366.99,2024-12-17
Magny-sur-Tille,21370,21110,Maison,87.0,235000.0,2701.15,2024-11-28
Genlis,21292,21110,Maison,120.0,242750.0,2022.92,2024-11-29
Fleurey-sur-Ouche,21273,21410,Maison,148.0,333100.0,2250.68,2024-10-21
Villers-la-Faye,21698,21700,Maison,120.0,220000.0,1833.33,2024-12-11
Beaune,21054,21200,Maison,89.0,272000.0,3056.18,2024-11-28
Dijon,21231,21000,Appartement,36.0,169000.0,4694.44,2024-12-11
Dijon,21231,21000,Appartement,92.0,51500.0,559.78,2024-05-15
Dijon,21231,21000,Appartement,51.0,119000.0,2333.33,2024-12-13
Genlis,21292,21110,Maison,75.0,207400.0,2765.33,2024-12-13
Seurre,21607,21250,Appartement,65.0,85000.0,1307.69,2024-12-11
Seurre,21607,21250,Appartement,37.0,85000.0,2297.3,2024-12-11
Dijon,21231,21000,Appartement,170.0,150000.0,882.35,2024-12-17
Dijon,21231,21000,Appartement,58.0,150000.0,2586.21,2024-12-17
Losne,21356,21170,Maison,75.0,50000.0,666.67,2024-12-09
Brazey-en-Plaine,21103,21470,Appartement,57.0,95000.0,1666.67,2024-12-09
Brazey-en-Plaine,21103,21470,Appartement,45.0,95000.0,2111.11,2024-12-09
Châtillon-sur-Seine,21154,21400,Maison,80.0,92100.0,1151.25,2024-12-06
Tillenay,21639,21130,Maison,129.0,283000.0,2193.8,2024-12-06
Tillenay,21639,21130,Maison,129.0,283000.0,2193.8,2024-12-06
Saint-Usage,21577,21170,Maison,167.0,240000.0,1437.13,2024-12-09
Saint-Usage,21577,21170,Maison,167.0,240000.0,1437.13,2024-12-09
Échenon,21239,21170,Maison,114.0,190000.0,1666.67,2024-12-02
Dijon,21231,21000,Appartement,34.0,189000.0,5558.82,2024-12-04
Venarey-les-Laumes,21663,21150,Maison,117.0,165000.0,1410.26,2024-12-17
Venarey-les-Laumes,21663,21150,Maison,117.0,165000.0,1410.26,2024-12-17
Saint-Jean-de-Losne,21554,21170,Maison,135.0,214000.0,1585.19,2024-12-04
Talant,21617,21240,Maison,142.0,585000.0,4119.72,2024-12-05
Talant,21617,21240,Maison,142.0,585000.0,4119.72,2024-12-05
Bretigny,21107,21490,Maison,110.0,365000.0,3318.18,2024-12-02
Seurre,21607,21250,Maison,132.0,140000.0,1060.61,2024-12-17
Dijon,21231,21000,Appartement,43.0,135000.0,3139.53,2024-12-18
Dijon,21231,21000,Appartement,32.0,82000.0,2562.5,2024-12-20
Bussy-le-Grand,21122,21150,Maison,140.0,120000.0,857.14,2024-12-02
Bussy-le-Grand,21122,21150,Maison,60.0,120000.0,2000.0,2024-12-02
Bussy-le-Grand,21122,21150,Maison,100.0,120000.0,1200.0,2024-12-02
Beire-le-Fort,21057,21110,Maison,156.0,262000.0,1679.49,2024-12-02
Dijon,21231,21000,Appartement,34.0,127000.0,3735.29,2024-12-11
Dijon,21231,21000,Appartement,56.0,114990.0,2053.39,2024-12-12
Blaisy-Bas,21080,21540,Maison,120.0,143000.0,1191.67,2024-12-02
Dijon,21231,21000,Appartement,34.0,198000.0,5823.53,2024-12-12
Sennecey-lès-Dijon,21605,21800,Maison,98.0,207250.0,2114.8,2024-12-02
Dijon,21231,21000,Appartement,72.0,158400.0,2200.0,2024-12-12
Dijon,21231,21000,Maison,193.0,694600.0,3598.96,2024-12-10
Couchey,21200,21160,Maison,80.0,253450.0,3168.12,2024-12-09
Ahuy,21003,21121,Maison,95.0,298000.0,3136.84,2024-12-05
Selongey,21599,21260,Maison,124.0,199500.0,1608.87,2024-12-06
Aloxe-Corton,21010,21420,Maison,84.0,290000.0,3452.38,2024-12-19
Arc-sur-Tille,21021,21560,Maison,199.0,430000.0,2160.8,2024-12-04
Arc-sur-Tille,21021,21560,Maison,199.0,430000.0,2160.8,2024-12-04
Arc-sur-Tille,21021,21560,Maison,199.0,430000.0,2160.8,2024-12-04
Arc-sur-Tille,21021,21560,Maison,199.0,430000.0,2160.8,2024-12-04
Dijon,21231,21000,Maison,150.0,315000.0,2100.0,2024-11-28
Saint-Rémy,21568,21500,Maison,45.0,75000.0,1666.67,2024-12-17
Dijon,21231,21000,Appartement,60.0,740000.0,12333.33,2024-12-18
Dijon,21231,21000,Appartement,182.0,740000.0,4065.93,2024-12-18
Dijon,21231,21000,Appartement,45.0,740000.0,16444.44,2024-12-18
Dijon,21231,21000,Maison,42.0,740000.0,17619.05,2024-12-18
Dijon,21231,21000,Appartement,113.0,740000.0,6548.67,2024-12-18
Drée,21234,21540,Maison,136.0,157000.0,1154.41,2024-12-18
Tart-le-Bas,21622,21110,Maison,95.0,203600.0,2143.16,2024-12-18
Dijon,21231,21000,Appartement,46.0,126000.0,2739.13,2024-12-16
Dijon,21231,21000,Maison,67.0,200000.0,2985.07,2024-12-16
Dijon,21231,21000,Appartement,26.0,95000.0,3653.85,2024-12-16
Beaune,21054,21200,Appartement,39.0,160000.0,4102.56,2024-12-16
Dijon,21231,21000,Appartement,79.0,90000.0,1139.24,2024-12-11
Fontaine-lès-Dijon,21278,21121,Appartement,44.0,210520.0,4784.55,2024-12-18
Fontaine-lès-Dijon,21278,21121,Appartement,44.0,208620.0,4741.36,2024-12-17
Fontaine-lès-Dijon,21278,21121,Appartement,45.0,217170.0,4826.0,2024-12-18
Fontaine-lès-Dijon,21278,21121,Appartement,70.0,278270.0,3975.29,2024-12-17
Dijon,21231,21000,Maison,94.0,943066.6,10032.62,2024-12-17
Dijon,21231,21000,Appartement,81.0,180000.0,2222.22,2024-12-10
Pouilly-sur-Saône,21502,21250,Maison,106.0,200000.0,1886.79,2024-12-02
Pouilly-sur-Saône,21502,21250,Maison,106.0,200000.0,1886.79,2024-12-02
Dijon,21231,21000,Appartement,30.0,72000.0,2400.0,2024-12-06
Velars-sur-Ouche,21661,21370,Maison,139.0,212000.0,1525.18,2024-12-05
Dijon,21231,21000,Appartement,27.0,100000.0,3703.7,2024-12-13
Dijon,21231,21000,Appartement,80.0,265092.0,3313.65,2024-11-29
Veuxhaulles-sur-Aube,21674,21520,Maison,71.0,60000.0,845.07,2024-11-29
Chevigny-Saint-Sauveur,21171,21800,Maison,95.0,270000.0,2842.11,2024-12-10
Dijon,21231,21000,Appartement,53.0,184000.0,3471.7,2024-12-17
Soussey-sur-Brionne,21613,21350,Maison,56.0,125000.0,2232.14,2024-12-13
Genlis,21292,21110,Maison,122.0,110000.0,901.64,2024-12-02
Chevigny-Saint-Sauveur,21171,21800,Appartement,57.0,144700.0,2538.6,2024-12-17
Corgoloin,21194,21700,Maison,64.0,236000.0,3687.5,2024-12-17
Dijon,21231,21000,Appartement,69.0,150400.0,2179.71,2024-12-11
Merceuil,21405,21190,Maison,250.0,780000.0,3120.0,2024-12-16
Beaune,21054,21200,Appartement,33.0,121000.0,3666.67,2024-12-17
Dijon,21231,21000,Appartement,65.0,76500.0,1176.92,2024-12-05
Saint-Apollinaire,21540,21850,Maison,97.0,254000.0,2618.56,2024-12-18
Dijon,21231,21000,Maison,98.0,210000.0,2142.86,2024-12-19
Dijon,21231,21000,Appartement,24.0,139000.0,5791.67,2024-12-17
Flagey-Echézeaux,21267,21640,Appartement,36.0,323680.0,8991.11,2024-12-02
Flagey-Echézeaux,21267,21640,Maison,93.0,323680.0,3480.43,2024-12-02
Montbard,21425,21500,Maison,83.0,128000.0,1542.17,2024-12-17
Dijon,21231,21000,Appartement,16.0,65990.0,4124.38,2024-12-10
Dijon,21231,21000,Appartement,79.0,83000.0,1050.63,2024-12-02
Saint-Martin-du-Mont,21561,21440,Maison,125.0,277250.0,2218.0,2024-12-03
Bessey-en-Chaume,21065,21360,Maison,81.0,94900.0,1171.6,2024-11-26
Dijon,21231,21000,Appartement,62.0,215040.0,3468.39,2024-12-02
Chenôve,21166,21300,Appartement,59.0,223250.0,3783.9,2024-12-18
Châtillon-sur-Seine,21154,21400,Appartement,125.0,129000.0,1032.0,2024-11-28
Dijon,21231,21000,Appartement,44.0,97000.0,2204.55,2024-12-13
Viévy,21683,21230,Maison,43.0,76000.0,1767.44,2024-12-09
Corcelles-les-Monts,21192,21160,Maison,83.0,200000.0,2409.64,2024-12-09
Dijon,21231,21000,Appartement,35.0,67500.0,1928.57,2024-12-13
Montagny-lès-Beaune,21423,21200,Maison,147.0,348200.0,2368.71,2024-12-13
Dijon,21231,21000,Appartement,38.0,124600.0,3278.95,2024-12-13
Corcelles-lès-Cîteaux,21191,21910,Maison,127.0,268000.0,2110.24,2024-12-13
Laignes,21336,21330,Maison,140.0,20000.0,142.86,2024-12-09
Bligny-sur-Ouche,21087,21360,Maison,109.0,196500.0,1802.75,2024-12-20
Bligny-sur-Ouche,21087,21360,Maison,109.0,196500.0,1802.75,2024-12-20
Veuxhaulles-sur-Aube,21674,21520,Maison,93.0,86000.0,924.73,2024-12-03
Auxonne,21038,21130,Appartement,80.0,107500.0,1343.75,2024-12-20
Dijon,21231,21000,Appartement,61.0,128000.0,2098.36,2024-12-20
Dijon,21231,21000,Maison,47.0,205000.0,4361.7,2024-12-19
Châtillon-sur-Seine,21154,21400,Appartement,56.0,42000.0,750.0,2024-11-29
Athée,21028,21130,Maison,62.0,67500.0,1088.71,2024-11-26
Athée,21028,21130,Maison,60.0,67500.0,1125.0,2024-11-26
Athée,21028,21130,Maison,62.0,67500.0,1088.71,2024-11-26
Athée,21028,21130,Maison,60.0,67500.0,1125.0,2024-11-26
Beaune,21054,21200,Appartement,76.0,196000.0,2578.95,2024-12-17
Dijon,21231,21000,Appartement,39.0,50000.0,1282.05,2024-12-17
Dijon,21231,21000,Appartement,42.0,189000.0,4500.0,2024-11-29
Dijon,21231,21000,Appartement,59.0,100700.0,1706.78,2024-12-03
Nuits-Saint-Georges,21464,21700,Maison,176.0,535000.0,3039.77,2024-12-11
Châtillon-sur-Seine,21154,21400,Maison,100.0,140000.0,1400.0,2024-12-04
Dijon,21231,21000,Appartement,38.0,62000.0,1631.58,2024-12-11
Dijon,21231,21000,Maison,54.0,188000.0,3481.48,2024-12-20
Dijon,21231,21000,Appartement,44.0,181000.0,4113.64,2024-12-04
Saint-Apollinaire,21540,21850,Appartement,65.0,224300.0,3450.77,2024-12-20
Tréclun,21643,21130,Maison,73.0,165000.0,2260.27,2024-12-06
Pagny-la-Ville,21474,21250,Maison,40.0,7000.0,175.0,2024-12-11
Pouilly-en-Auxois,21501,21320,Maison,84.0,155000.0,1845.24,2024-12-23
Noiron-sous-Gevrey,21458,21910,Maison,149.0,309700.0,2078.52,2024-12-05
Dijon,21231,21000,Appartement,37.0,89000.0,2405.41,2024-12-19
Aiserey,21005,21110,Maison,125.0,243650.0,1949.2,2024-12-05
Norges-la-Ville,21462,21490,Maison,149.0,460300.0,3089.26,2024-12-19
Saint-Symphorien-sur-Saône,21575,21170,Appartement,55.0,8000.0,145.45,2024-12-17
Dijon,21231,21000,Appartement,88.0,287000.0,3261.36,2024-12-04
Dijon,21231,21000,Appartement,39.0,140000.0,3589.74,2024-12-17
Dijon,21231,21000,Appartement,28.0,80000.0,2857.14,2024-12-16
Ladoix-Serrigny,21606,21550,Maison,50.0,85000.0,1700.0,2024-12-06
Chevigny-Saint-Sauveur,21171,21800,Appartement,43.0,117500.0,2732.56,2024-12-05
Beaune,21054,21200,Appartement,45.0,126000.0,2800.0,2024-12-16
Villaines-en-Duesmois,21685,21450,Maison,61.0,55000.0,901.64,2024-12-20
Dijon,21231,21000,Appartement,65.0,155000.0,2384.62,2024-12-13
Quetigny,21515,21800,Maison,108.0,235000.0,2175.93,2024-12-19
Dijon,21231,21000,Appartement,28.0,82000.0,2928.57,2024-12-17
Pontailler-sur-Saône,21496,21270,Maison,90.0,90000.0,1000.0,2024-12-17
Dijon,21231,21000,Appartement,25.0,115000.0,4600.0,2024-12-17
Dijon,21231,21000,Appartement,25.0,115000.0,4600.0,2024-12-17
Genlis,21292,21110,Appartement,82.0,128000.0,1560.98,2024-12-05
Losne,21356,21170,Maison,105.0,210000.0,2000.0,2024-12-19
Puligny-Montrachet,21512,21190,Maison,101.0,280000.0,2772.28,2024-12-09
Villecomte,21692,21120,Maison,327.0,625000.0,1911.31,2024-11-29
Longchamp,21351,21110,Maison,115.0,245700.0,2136.52,2024-12-17
Chenôve,21166,21300,Appartement,79.0,53000.0,670.89,2024-12-06
Ruffey-lès-Beaune,21534,21200,Maison,183.0,664800.0,3632.79,2024-12-06
Beaune,21054,21200,Maison,77.0,237500.0,3084.42,2024-12-10
Sainte-Marie-la-Blanche,21558,21200,Maison,72.0,130000.0,1805.56,2024-12-11
Chenôve,21166,21300,Appartement,71.0,47740.0,672.39,2024-12-18
Beaune,21054,21200,Maison,140.0,300000.0,2142.86,2024-12-04
Dijon,21231,21000,Appartement,45.0,163600.0,3635.56,2024-12-09
Dijon,21231,21000,Maison,105.0,239000.0,2276.19,2024-12-11
Dijon,21231,21000,Appartement,23.0,106750.0,4641.3,2024-12-17
Dijon,21231,21000,Appartement,24.0,76500.0,3187.5,2024-12-20
Dijon,21231,21000,Appartement,21.0,76500.0,3642.86,2024-12-20
Dijon,21231,21000,Appartement,52.0,162000.0,3115.38,2024-12-09
Fontaine-lès-Dijon,21278,21121,Appartement,45.0,215270.0,4783.78,2024-12-20
Dijon,21231,21000,Appartement,96.0,347050.0,3615.1,2024-12-11
Billy-lès-Chanceaux,21075,21450,Maison,185.0,316653.0,1711.64,2024-12-11
Quetigny,21515,21800,Appartement,64.0,221000.0,3453.12,2024-12-10
Genlis,21292,21110,Maison,206.0,250000.0,1213.59,2024-12-09
Dijon,21231,21000,Appartement,91.0,345000.0,3791.21,2024-12-09
Poncey-lès-Athée,21493,21130,Maison,110.0,198000.0,1800.0,2024-12-13
Nuits-Saint-Georges,21464,21700,Appartement,181.0,1500000.0,8287.29,2024-12-19
Dijon,21231,21000,Appartement,67.0,105000.0,1567.16,2024-11-14
Saint-Apollinaire,21540,21850,Appartement,39.0,140000.0,3589.74,2024-11-27
Fontaine-lès-Dijon,21278,21121,Appartement,65.0,278445.0,4283.77,2024-12-26
Nuits-Saint-Georges,21464,21700,Appartement,60.0,336959.0,5615.98,2024-12-16
Fontaine-lès-Dijon,21278,21121,Appartement,45.0,211470.0,4699.33,2024-12-23
Fontaine-lès-Dijon,21278,21121,Appartement,45.0,218120.0,4847.11,2024-12-23
Fontaine-lès-Dijon,21278,21121,Appartement,45.0,211945.0,4709.89,2024-12-23
Dijon,21231,21000,Appartement,64.0,278500.0,4351.56,2024-12-17
Dijon,21231,21000,Appartement,25.0,98000.0,3920.0,2024-12-19
Dijon,21231,21000,Appartement,116.0,318000.0,2741.38,2024-12-16
Dijon,21231,21000,Maison,95.0,306000.0,3221.05,2024-12-18
Dijon,21231,21000,Appartement,15.0,125000.0,8333.33,2024-12-20
Dijon,21231,21000,Appartement,18.0,125000.0,6944.44,2024-12-20
Beaune,21054,21200,Maison,98.0,266200.0,2716.33,2024-12-18
Villers-les-Pots,21699,21130,Maison,51.0,110000.0,2156.86,2024-12-17
Villers-les-Pots,21699,21130,Maison,51.0,110000.0,2156.86,2024-12-17
Collonges-lès-Bévy,21182,21220,Maison,46.0,457400.0,9943.48,2024-12-16
Collonges-lès-Bévy,21182,21220,Maison,30.0,457400.0,15246.67,2024-12-16
Les Maillys,21371,21130,Appartement,36.0,165000.0,4583.33,2024-11-12
Les Maillys,21371,21130,Appartement,120.0,165000.0,1375.0,2024-11-12
Longvic,21355,21600,Appartement,56.0,125000.0,2232.14,2024-12-18
Lamarche-sur-Saône,21337,21760,Maison,72.0,79500.0,1104.17,2024-12-17
Lamarche-sur-Saône,21337,21760,Maison,37.0,21500.0,581.08,2024-12-16
Dijon,21231,21000,Appartement,20.0,33000.0,1650.0,2024-12-13
Dijon,21231,21000,Appartement,39.0,126300.0,3238.46,2024-12-19
Dijon,21231,21000,Appartement,44.0,184000.0,4181.82,2024-12-13
Fontaine-lès-Dijon,21278,21121,Appartement,45.0,216220.0,4804.89,2024-12-26
Combertault,21185,21200,Maison,200.0,463500.0,2317.5,2024-12-19
Combertault,21185,21200,Maison,200.0,463500.0,2317.5,2024-12-19
Chevigny-Saint-Sauveur,21171,21800,Appartement,66.0,139000.0,2106.06,2024-12-19
Dijon,21231,21000,Appartement,47.0,143800.0,3059.57,2024-12-13
Coulmier-le-Sec,21201,21400,Maison,58.0,90000.0,1551.72,2024-12-13
Châtillon-sur-Seine,21154,21400,Appartement,55.0,38000.0,690.91,2024-12-13
Châtillon-sur-Seine,21154,21400,Appartement,38.0,72000.0,1894.74,2024-12-12
Châtillon-sur-Seine,21154,21400,Appartement,56.0,72000.0,1285.71,2024-12-12
Châtillon-sur-Seine,21154,21400,Appartement,25.0,72000.0,2880.0,2024-12-12
Châtillon-sur-Seine,21154,21400,Appartement,32.0,72000.0,2250.0,2024-12-12
Vieilmoulin,21679,21540,Maison,83.0,184300.0,2220.48,2024-12-16
Orret,21471,21450,Maison,100.0,231481.0,2314.81,2024-11-28
Orret,21471,21450,Maison,150.0,231481.0,1543.21,2024-11-28
Dijon,21231,21000,Appartement,20.0,55000.0,2750.0,2024-12-16
Dijon,21231,21000,Appartement,10.0,55000.0,5500.0,2024-12-09
Le Val-Larrey,21272,21140,Maison,66.0,60000.0,909.09,2024-12-17
Dijon,21231,21000,Appartement,60.0,110000.0,1833.33,2024-12-11
Saint-Apollinaire,21540,21850,Maison,90.0,288000.0,3200.0,2024-12-12
Venarey-les-Laumes,21663,21150,Maison,140.0,255000.0,1821.43,2024-12-18
Longeault-Pluvault,21352,21110,Maison,80.0,185000.0,2312.5,2024-12-27
Dijon,21231,21000,Appartement,38.0,127000.0,3342.11,2024-12-23
Vertault,21671,21330,Maison,27.0,20000.0,740.74,2024-12-23
Saint-Apollinaire,21540,21850,Appartement,61.0,188000.0,3081.97,2024-12-23
Couchey,21200,21160,Maison,120.0,140444.44,1170.37,2024-12-11
Chenôve,21166,21300,Appartement,91.0,79100.0,869.23,2024-12-12
Pouilly-sur-Saône,21502,21250,Maison,195.0,215000.0,1102.56,2024-12-11
Pouilly-sur-Saône,21502,21250,Maison,195.0,215000.0,1102.56,2024-12-11
Pouilly-sur-Saône,21502,21250,Maison,195.0,215000.0,1102.56,2024-12-11
Chevigny-Saint-Sauveur,21171,21800,Appartement,76.0,145000.0,1907.89,2024-12-27
Asnières-lès-Dijon,21027,21380,Maison,140.0,557600.0,3982.86,2024-12-20
Brazey-en-Plaine,21103,21470,Maison,75.0,225000.0,3000.0,2024-12-23
Dijon,21231,21000,Appartement,72.0,134820.0,1872.5,2024-12-23
Marsannay-la-Côte,21390,21160,Maison,82.0,186000.0,2268.29,2024-12-20
Dijon,21231,21000,Appartement,46.0,197800.0,4300.0,2024-12-27
Dijon,21231,21000,Appartement,84.0,207200.0,2466.67,2024-12-02
Villotte-Saint-Seine,21705,21690,Maison,38.0,10000.0,263.16,2024-12-21
Dijon,21231,21000,Appartement,38.0,122000.0,3210.53,2024-12-26
Dijon,21231,21000,Appartement,67.0,254000.0,3791.04,2024-12-30
Châtillon-sur-Seine,21154,21400,Maison,165.0,167500.0,1015.15,2024-12-20
Dijon,21231,21000,Appartement,29.0,78000.0,2689.66,2024-12-26
Dijon,21231,21000,Appartement,65.0,96000.0,1476.92,2024-12-19
Chevigny-Saint-Sauveur,21171,21800,Appartement,72.0,45000.0,625.0,2024-12-19
Dijon,21231,21000,Appartement,16.0,47500.0,2968.75,2024-12-27
Pontailler-sur-Saône,21496,21270,Appartement,60.0,266000.0,4433.33,2024-12-13
Pontailler-sur-Saône,21496,21270,Maison,32.0,266000.0,8312.5,2024-12-13
Pontailler-sur-Saône,21496,21270,Appartement,50.0,266000.0,5320.0,2024-12-13
Vitteaux,21710,21350,Maison,34.0,47700.0,1402.94,2024-12-18
Dijon,21231,21000,Appartement,53.0,116900.0,2205.66,2024-12-23
Dijon,21231,21000,Appartement,48.0,88000.0,1833.33,2024-12-20
Talant,21617,21240,Appartement,137.0,219300.0,1600.73,2024-12-19
Dijon,21231,21000,Appartement,41.0,85000.0,2073.17,2024-12-13
Dijon,21231,21000,Appartement,36.0,50000.0,1388.89,2024-12-12
Dijon,21231,21000,Appartement,40.0,80000.0,2000.0,2024-12-23
Marey-sur-Tille,21385,21120,Maison,102.0,65000.0,637.25,2024-12-12
Dijon,21231,21000,Maison,58.0,210000.0,3620.69,2024-12-13
Dijon,21231,21000,Appartement,170.0,415000.0,2441.18,2024-12-16
Dijon,21231,21000,Appartement,50.0,276000.0,5520.0,2024-12-11
Dijon,21231,21000,Appartement,67.0,276000.0,4119.4,2024-12-11
Marsannay-la-Côte,21390,21160,Maison,80.0,150000.0,1875.0,2024-12-12
Mirebeau-sur-Bèze,21416,21310,Maison,131.0,234400.0,1789.31,2024-12-10
Dijon,21231,21000,Appartement,40.0,85000.0,2125.0,2024-12-12
Dijon,21231,21000,Appartement,36.0,75000.0,2083.33,2024-12-13
Saint-Apollinaire,21540,21850,Maison,98.0,270000.0,2755.1,2024-12-27
Fleurey-sur-Ouche,21273,21410,Maison,60.0,102000.0,1700.0,2024-12-16
Dijon,21231,21000,Appartement,30.0,78000.0,2600.0,2024-12-26
Dijon,21231,21000,Appartement,49.0,112000.0,2285.71,2024-12-18
Chenôve,21166,21300,Maison,60.0,180000.0,3000.0,2024-12-20
Pontailler-sur-Saône,21496,21270,Maison,54.0,142500.0,2638.89,2024-12-18
Saint-Apollinaire,21540,21850,Appartement,42.0,165000.0,3928.57,2024-12-23
Saint-Apollinaire,21540,21850,Appartement,62.0,170000.0,2741.94,2024-12-23
Dijon,21231,21000,Appartement,40.0,131000.0,3275.0,2024-12-17
Bessey-la-Cour,21066,21360,Maison,78.0,120000.0,1538.46,2024-12-31
Bessey-la-Cour,21066,21360,Maison,78.0,120000.0,1538.46,2024-12-31
Veuvey-sur-Ouche,21673,21360,Maison,100.0,65000.0,650.0,2024-12-20
Dijon,21231,21000,Appartement,18.0,62034.0,3446.33,2024-12-16
Pothières,21499,21400,Maison,200.0,230000.0,1150.0,2024-12-27
Léry,21345,21440,Maison,75.0,35615.0,474.87,2024-12-20
Dijon,21231,21000,Appartement,29.0,143900.0,4962.07,2024-12-20
Dijon,21231,21000,Appartement,50.0,158200.0,3164.0,2024-12-24
Marsannay-la-Côte,21390,21160,Maison,82.0,199000.0,2426.83,2024-12-19
Boussenois,21096,21260,Maison,144.0,180000.0,1250.0,2024-12-11
Lamarche-sur-Saône,21337,21760,Maison,66.0,170000.0,2575.76,2024-12-23
Flammerans,21269,21130,Maison,90.0,100000.0,1111.11,2024-12-20
Flammerans,21269,21130,Maison,90.0,100000.0,1111.11,2024-12-20
Auxonne,21038,21130,Appartement,77.0,87300.0,1133.77,2024-12-26
Dijon,21231,21000,Appartement,41.0,172000.0,4195.12,2024-12-17
Dijon,21231,21000,Appartement,72.0,175000.0,2430.56,2024-12-19
Dijon,21231,21000,Appartement,58.0,102000.0,1758.62,2024-12-23
Beaune,21054,21200,Appartement,85.0,263850.0,3104.12,2024-12-30
Dijon,21231,21000,Appartement,56.0,122000.0,2178.57,2024-12-19
Talant,21617,21240,Appartement,66.0,140000.0,2121.21,2024-12-20
Chevigny-Saint-Sauveur,21171,21800,Appartement,77.0,192000.0,2493.51,2024-12-26
Dijon,21231,21000,Appartement,28.0,65000.0,2321.43,2024-12-26
Tarsul,21620,21120,Maison,160.0,184500.0,1153.12,2024-12-27
Saint-Usage,21577,21170,Maison,111.0,230000.0,2072.07,2024-12-23
Larrey,21343,21330,Maison,25.0,30000.0,1200.0,2024-12-19
Larrey,21343,21330,Maison,25.0,30000.0,1200.0,2024-12-19
Dijon,21231,21000,Appartement,31.0,75000.0,2419.35,2024-12-30
Chenôve,21166,21300,Appartement,55.0,74000.0,1345.45,2024-12-30
Marcilly-sur-Tille,21383,21120,Maison,80.0,56000.0,700.0,2024-12-30
Marsannay-le-Bois,21391,21380,Maison,73.0,321000.0,4397.26,2024-12-27
Talant,21617,21240,Appartement,68.0,115000.0,1691.18,2024-12-23
Semur-en-Auxois,21603,21140,Maison,80.0,122000.0,1525.0,2024-12-19
Lux,21361,21120,Maison,100.0,139500.0,1395.0,2024-12-30
Marey-sur-Tille,21385,21120,Maison,100.0,60000.0,600.0,2024-12-23
Échevannes,21240,21120,Maison,195.0,1575300.0,8078.46,2024-12-27
Échevannes,21240,21120,Maison,25.0,1575300.0,63012.0,2024-12-27
Darois,21227,21121,Maison,101.0,248000.0,2455.45,2024-12-16
Dijon,21231,21000,Appartement,73.0,51000.0,698.63,2024-12-19
Dijon,21231,21000,Appartement,75.0,53000.0,706.67,2024-12-20
Dijon,21231,21000,Appartement,30.0,54000.0,1800.0,2024-12-12
Dijon,21231,21000,Appartement,63.0,175000.0,2777.78,2024-12-16
Dijon,21231,21000,Appartement,99.0,354000.0,3575.76,2024-12-16
Binges,21076,21270,Maison,94.0,199000.0,2117.02,2024-12-16
Dijon,21231,21000,Appartement,63.0,177000.0,2809.52,2024-12-18
Dijon,21231,21000,Appartement,15.0,32500.0,2166.67,2024-12-17
Dijon,21231,21000,Appartement,15.0,33500.0,2233.33,2024-12-17
Nuits-Saint-Georges,21464,21700,Maison,80.0,171400.0,2142.5,2024-12-17
Dijon,21231,21000,Maison,81.0,312400.0,3856.79,2024-12-24
Labergement-lès-Seurre,21332,21820,Maison,70.0,120000.0,1714.29,2024-12-27
Marmagne,21389,21500,Appartement,135.0,175000.0,1296.3,2024-12-19
Marmagne,21389,21500,Appartement,48.0,175000.0,3645.83,2024-12-19
Chenôve,21166,21300,Appartement,65.0,80000.0,1230.77,2024-12-27
Semur-en-Auxois,21603,21140,Maison,91.0,168000.0,1846.15,2024-12-21
Montbard,21425,21500,Maison,56.0,74000.0,1321.43,2024-12-20
Flavigny-sur-Ozerain,21271,21150,Maison,132.0,60000.0,454.55,2024-12-20
Dijon,21231,21000,Appartement,26.0,102800.0,3953.85,2024-12-20
Fontaine-lès-Dijon,21278,21121,Appartement,66.0,258112.0,3910.79,2024-12-31
Is-sur-Tille,21317,21120,Maison,113.0,222760.0,1971.33,2024-12-27
Seurre,21607,21250,Appartement,78.0,91450.0,1172.44,2024-12-20
Dijon,21231,21000,Appartement,49.0,109500.0,2234.69,2024-12-16
Agencourt,21001,21700,Maison,90.0,215000.0,2388.89,2024-12-13
Agencourt,21001,21700,Maison,90.0,215000.0,2388.89,2024-12-13
Beaune,21054,21200,Maison,86.0,190000.0,2209.3,2024-12-23
Beaune,21054,21200,Appartement,39.0,255000.0,6538.46,2024-12-17
Beaune,21054,21200,Appartement,77.0,255000.0,3311.69,2024-12-17
Dijon,21231,21000,Maison,36.0,80500.0,2236.11,2024-12-30
Mont-Saint-Jean,21441,21320,Maison,82.0,141500.0,1725.61,2024-12-16
Vitteaux,21710,21350,Maison,123.0,117200.0,952.85,2024-12-17
Beaune,21054,21200,Appartement,95.0,494173.6,5201.83,2024-12-17
Beaune,21054,21200,Appartement,109.0,494173.6,4533.7,2024-12-17
Saint-Apollinaire,21540,21850,Maison,76.0,175000.0,2302.63,2024-12-31
Ladoix-Serrigny,21606,21550,Appartement,66.0,93100.0,1410.61,2024-12-18
Chenôve,21166,21300,Maison,45.0,167000.0,3711.11,2024-12-11
Dijon,21231,21000,Appartement,53.0,125000.0,2358.49,2024-12-18
Couchey,21200,21160,Appartement,50.0,110000.0,2200.0,2024-12-23
Vitteaux,21710,21350,Maison,126.0,88000.0,698.41,2024-12-17
Talant,21617,21240,Appartement,53.0,133000.0,2509.43,2024-12-16
Dijon,21231,21000,Appartement,49.0,99000.0,2020.41,2024-12-27
Tart,21623,21110,Maison,88.0,260000.0,2954.55,2024-12-13
Gevrey-Chambertin,21295,21220,Appartement,62.0,100000.0,1612.9,2024-12-10
Arc-sur-Tille,21021,21560,Maison,150.0,475000.0,3166.67,2024-12-20
Châtillon-sur-Seine,21154,21400,Maison,70.0,108670.0,1552.43,2024-12-16
Marsannay-la-Côte,21390,21160,Maison,87.0,205000.0,2356.32,2024-12-17
Couchey,21200,21160,Maison,135.0,357500.0,2648.15,2024-11-06
Étrochey,21258,21400,Maison,93.0,103000.0,1107.53,2024-12-16
Dijon,21231,21000,Appartement,53.0,121000.0,2283.02,2024-12-30
Lamargelle,21338,21440,Maison,120.0,94000.0,783.33,2024-12-20
Dijon,21231,21000,Appartement,54.0,132000.0,2444.44,2024-12-27
Barbirey-sur-Ouche,21045,21410,Maison,96.0,227000.0,2364.58,2024-12-19
Barbirey-sur-Ouche,21045,21410,Maison,49.0,227000.0,4632.65,2024-12-19
Dijon,21231,21000,Maison,94.0,290000.0,3085.11,2024-12-26
Noiron-sous-Gevrey,21458,21910,Maison,67.0,166000.0,2477.61,2024-12-20
Izeure,21319,21110,Maison,171.0,295000.0,1725.15,2024-12-16
Izeure,21319,21110,Maison,171.0,295000.0,1725.15,2024-12-16
Dijon,21231,21000,Appartement,55.0,124000.0,2254.55,2024-12-18
Dijon,21231,21000,Appartement,65.0,275000.0,4230.77,2024-12-19
Dijon,21231,21000,Appartement,36.0,63000.0,1750.0,2024-12-18
Dijon,21231,21000,Appartement,27.0,65500.0,2425.93,2024-12-16
Plombières-lès-Dijon,21485,21370,Appartement,60.0,123500.0,2058.33,2024-12-20
Prenois,21508,21370,Maison,88.0,236000.0,2681.82,2024-12-23
Chevigny-Saint-Sauveur,21171,21800,Appartement,87.0,211600.0,2432.18,2024-12-23
Dijon,21231,21000,Appartement,58.0,148000.0,2551.72,2024-12-20
Plombières-lès-Dijon,21485,21370,Appartement,47.0,139700.0,2972.34,2024-12-16
Dijon,21231,21000,Appartement,62.0,95000.0,1532.26,2024-12-12
Chenôve,21166,21300,Appartement,86.0,108600.0,1262.79,2024-12-20
Dijon,21231,21000,Appartement,43.0,122700.0,2853.49,2024-12-27
Dijon,21231,21000,Appartement,89.0,142000.0,1595.51,2024-12-19
Dijon,21231,21000,Appartement,76.0,305000.0,4013.16,2024-12-18
Dijon,21231,21000,Appartement,66.0,170000.0,2575.76,2024-12-27
Dijon,21231,21000,Appartement,59.0,171000.0,2898.31,2024-12-20
Dijon,21231,21000,Appartement,119.0,456000.0,3831.93,2024-12-20
Dijon,21231,21000,Appartement,37.0,71700.0,1937.84,2024-12-27
Tarsul,21620,21120,Maison,158.0,97625.0,617.88,2024-12-06
Blagny-sur-Vingeanne,21079,21310,Maison,88.0,150000.0,1704.55,2024-12-20
Blagny-sur-Vingeanne,21079,21310,Maison,88.0,150000.0,1704.55,2024-12-20
Beaune,21054,21200,Appartement,27.0,66950.0,2479.63,2024-12-12
Alise-Sainte-Reine,21008,21150,Maison,46.0,20000.0,434.78,2024-12-20
Beaune,21054,21200,Appartement,71.0,160000.0,2253.52,2024-12-13
Fontaine-lès-Dijon,21278,21121,Appartement,80.0,284050.0,3550.62,2024-12-27
Dijon,21231,21000,Appartement,41.0,139000.0,3390.24,2024-12-19
Dijon,21231,21000,Appartement,30.0,97000.0,3233.33,2024-12-27
Chevigny-Saint-Sauveur,21171,21800,Maison,85.0,235000.0,2764.71,2024-12-20
Dijon,21231,21000,Appartement,99.0,400000.0,4040.4,2024-12-27
Merceuil,21405,21190,Maison,130.0,455000.0,3500.0,2024-12-30
Beaune,21054,21200,Appartement,31.0,69000.0,2225.81,2024-12-18
Beaune,21054,21200,Maison,118.0,160000.0,1355.93,2024-12-19
Dijon,21231,21000,Appartement,48.0,229500.0,4781.25,2024-12-24
Pernand-Vergelesses,21480,21420,Maison,102.0,267900.0,2626.47,2024-12-20
Dijon,21231,21000,Appartement,87.0,235550.0,2707.47,2024-12-26
Meursault,21412,21190,Maison,108.0,550000.0,5092.59,2024-12-30
Beaune,21054,21200,Maison,66.0,2000000.0,30303.03,2024-12-18
Corgengoux,21193,21250,Maison,163.0,370000.0,2269.94,2024-12-12
Mâlain,21373,21410,Maison,320.0,465000.0,1453.12,2024-12-27
Fontaine-lès-Dijon,21278,21121,Maison,64.0,250000.0,3906.25,2024-12-23
Dijon,21231,21000,Appartement,69.0,158300.0,2294.2,2024-12-26
Sombernon,21611,21540,Maison,100.0,240000.0,2400.0,2024-12-18
Neuilly-lès-Dijon,21452,21800,Maison,98.0,204000.0,2081.63,2024-12-19
Dijon,21231,21000,Appartement,17.0,54200.0,3188.24,2024-12-23
Viévigne,21682,21310,Maison,120.0,247000.0,2058.33,2024-12-23
Dijon,21231,21000,Maison,48.0,110000.0,2291.67,2024-12-19
Longvic,21355,21600,Maison,100.0,290000.0,2900.0,2024-12-20
Marcilly-sur-Tille,21383,21120,Maison,140.0,227000.0,1621.43,2024-12-26
Marcilly-sur-Tille,21383,21120,Maison,140.0,227000.0,1621.43,2024-12-26
Saint-Apollinaire,21540,21850,Maison,69.0,295313.1,4279.9,2024-12-23
Longvic,21355,21600,Appartement,59.0,89000.0,1508.47,2024-12-30
Dijon,21231,21000,Appartement,62.0,81400.0,1312.9,2024-12-27
Dijon,21231,21000,Appartement,65.0,125000.0,1923.08,2024-12-18
Auxonne,21038,21130,Appartement,69.0,227000.0,3289.86,2024-12-30
Auxonne,21038,21130,Appartement,47.0,227000.0,4829.79,2024-12-30
Auxonne,21038,21130,Appartement,49.0,227000.0,4632.65,2024-12-30
Auxonne,21038,21130,Appartement,76.0,227000.0,2986.84,2024-12-30
Fleurey-sur-Ouche,21273,21410,Maison,116.0,325850.0,2809.05,2024-12-30
Dijon,21231,21000,Appartement,85.0,235500.0,2770.59,2024-12-26
Dijon,21231,21000,Appartement,20.0,45000.0,2250.0,2024-12-30
Dijon,21231,21000,Appartement,30.0,62000.0,2066.67,2024-12-20
Comblanchien,21186,21700,Maison,77.0,170000.0,2207.79,2024-12-26
Dijon,21231,21000,Maison,93.0,150000.0,1612.9,2024-12-27
Chevigny-Saint-Sauveur,21171,21800,Appartement,40.0,118000.0,2950.0,2024-12-20
Dijon,21231,21000,Appartement,97.0,270000.0,2783.51,2024-12-20
Nuits-Saint-Georges,21464,21700,Maison,90.0,266500.0,2961.11,2024-12-26
Thorey-en-Plaine,21632,21110,Maison,173.0,420000.0,2427.75,2024-12-18
Thorey-en-Plaine,21632,21110,Maison,173.0,420000.0,2427.75,2024-12-18
Dijon,21231,21000,Appartement,42.0,165000.0,3928.57,2024-12-26
Velars-sur-Ouche,21661,21370,Maison,116.0,316000.0,2724.14,2024-12-27
Auxonne,21038,21130,Appartement,99.0,229000.0,2313.13,2024-12-27
Dijon,21231,21000,Appartement,44.0,185000.0,4204.55,2024-12-23
Auvillars-sur-Saône,21035,21250,Maison,76.0,50000.0,657.89,2024-12-18
Selongey,21599,21260,Maison,75.0,70000.0,933.33,2024-12-17
Semur-en-Auxois,21603,21140,Maison,56.0,60000.0,1071.43,2024-12-20
Chaux,21162,21700,Maison,100.0,275000.0,2750.0,2024-12-19
Is-sur-Tille,21317,21120,Maison,59.0,142200.0,2410.17,2024-12-23
Is-sur-Tille,21317,21120,Appartement,60.0,142200.0,2370.0,2024-12-23
Is-sur-Tille,21317,21120,Appartement,90.0,142200.0,1580.0,2024-12-23
Selongey,21599,21260,Maison,138.0,70000.0,507.25,2024-12-16
Dijon,21231,21000,Appartement,65.0,258000.0,3969.23,2024-12-20
Dijon,21231,21000,Appartement,18.0,30000.0,1666.67,2024-12-30
Marmagne,21389,21500,Maison,79.0,52000.0,658.23,2024-12-26
Dijon,21231,21000,Appartement,16.0,30000.0,1875.0,2024-12-30
Dijon,21231,21000,Appartement,52.0,111800.0,2150.0,2024-12-27
Dijon,21231,21000,Maison,82.0,255000.0,3109.76,2024-12-17
Talant,21617,21240,Maison,98.0,208000.0,2122.45,2024-12-30
Villey-sur-Tille,21702,21120,Maison,110.0,50000.0,454.55,2024-12-26
Dijon,21231,21000,Appartement,74.0,55000.0,743.24,2024-12-30
Dijon,21231,21000,Appartement,17.0,30000.0,1764.71,2024-12-23
Bèze,21071,21310,Maison,25.0,142100.0,5684.0,2024-12-19
Montbard,21425,21500,Maison,218.0,110000.0,504.59,2024-12-20
Dijon,21231,21000,Appartement,9.0,120000.0,13333.33,2024-12-21
Dijon,21231,21000,Appartement,11.0,120000.0,10909.09,2024-12-21
Dijon,21231,21000,Appartement,9.0,120000.0,13333.33,2024-12-21
Dijon,21231,21000,Appartement,22.0,79500.0,3613.64,2024-12-31
Chorey-les-Beaune,21173,21200,Maison,100.0,330000.0,3300.0,2024-12-30
Chorey-les-Beaune,21173,21200,Maison,100.0,330000.0,3300.0,2024-12-30
Venarey-les-Laumes,21663,21150,Maison,79.0,101000.0,1278.48,2024-12-23
Baigneux-les-Juifs,21043,21450,Maison,25.0,8000.0,320.0,2024-12-23
Chevigny-Saint-Sauveur,21171,21800,Appartement,41.0,128500.0,3134.15,2024-12-20
Sainte-Colombe-sur-Seine,21545,21400,Maison,100.0,83190.0,831.9,2024-12-11
Moitron,21418,21510,Maison,72.0,31000.0,430.56,2024-12-18
Châtillon-sur-Seine,21154,21400,Appartement,55.0,40000.0,727.27,2024-12-18
Aisy-sous-Thil,21007,21390,Maison,70.0,40000.0,571.43,2024-12-20
Dijon,21231,21000,Appartement,44.0,161041.0,3660.02,2024-12-18
Billy-lès-Chanceaux,21075,21450,Maison,50.0,49000.0,980.0,2024-11-28
Auxonne,21038,21130,Maison,45.0,45000.0,1000.0,2024-12-19
Dijon,21231,21000,Appartement,41.0,196000.0,4780.49,2024-12-27
Dijon,21231,21000,Appartement,98.0,291000.0,2969.39,2024-12-19
Saint-Apollinaire,21540,21850,Appartement,90.0,175000.0,1944.44,2024-12-20
Dijon,21231,21000,Appartement,71.0,110250.0,1552.82,2024-12-30
Velars-sur-Ouche,21661,21370,Maison,56.0,194250.0,3468.75,2024-12-23
Nuits-Saint-Georges,21464,21700,Appartement,73.0,135000.0,1849.32,2024-12-20
Beaune,21054,21200,Maison,218.0,1860200.0,8533.03,2024-11-29
Beaune,21054,21200,Maison,57.0,1860200.0,32635.09,2024-11-29
Beaune,21054,21200,Maison,218.0,1860200.0,8533.03,2024-11-29
Beaune,21054,21200,Maison,57.0,1860200.0,32635.09,2024-11-29
Beaune,21054,21200,Maison,218.0,1860200.0,8533.03,2024-11-29
Beaune,21054,21200,Maison,57.0,1860200.0,32635.09,2024-11-29
Dijon,21231,21000,Appartement,46.0,119150.0,2590.22,2024-12-30
Dijon,21231,21000,Appartement,14.0,119150.0,8510.71,2024-12-30
Couternon,21209,21560,Maison,80.0,170000.0,2125.0,2024-12-19
Couternon,21209,21560,Maison,80.0,156500.0,1956.25,2024-12-27
Saint-Apollinaire,21540,21850,Appartement,29.0,100735.0,3473.62,2024-12-23
Mirebeau-sur-Bèze,21416,21310,Maison,83.0,252000.0,3036.14,2024-12-23
Dijon,21231,21000,Maison,162.0,820000.0,5061.73,2024-12-23
Bézouotte,21072,21310,Maison,150.0,228000.0,1520.0,2024-12-31
Dijon,21231,21000,Appartement,88.0,186490.0,2119.2,2024-12-30
Lamarche-sur-Saône,21337,21760,Maison,62.0,51000.0,822.58,2024-12-30
Dijon,21231,21000,Maison,30.0,51000.0,1700.0,2024-12-26
Dijon,21231,21000,Appartement,35.0,69500.0,1985.71,2024-12-26
Dijon,21231,21000,Appartement,56.0,139159.0,2484.98,2024-12-27
Premeaux-Prissey,21506,21700,Maison,93.0,154998.0,1666.65,2024-12-18
Courtivron,21208,21120,Maison,96.0,273400.0,2847.92,2024-12-27
Dijon,21231,21000,Appartement,89.0,132000.0,1483.15,2024-12-27
Dijon,21231,21000,Appartement,65.0,216500.0,3330.77,2024-12-27
Dijon,21231,21000,Appartement,32.0,102000.0,3187.5,2024-12-19
Villers-les-Pots,21699,21130,Maison,100.0,235000.0,2350.0,2024-12-23
Beaune,21054,21200,Maison,100.0,413450.0,4134.5,2024-11-29
Dijon,21231,21000,Appartement,80.0,232750.0,2909.38,2024-12-19
Auxey-Duresses,21037,21190,Maison,140.0,140000.0,1000.0,2024-12-19
Lantenay,21339,21370,Maison,123.0,120000.0,975.61,2024-12-26
Lantenay,21339,21370,Maison,123.0,120000.0,975.61,2024-12-26
Clamerey,21177,21390,Maison,144.0,150000.0,1041.67,2024-12-20
Dijon,21231,21000,Appartement,65.0,117000.0,1800.0,2024-12-18
Auxonne,21038,21130,Maison,175.0,410000.0,2342.86,2024-12-19
Quetigny,21515,21800,Appartement,66.0,199570.83,3023.8,2024-12-19
Poncey-sur-l'Ignon,21494,21440,Maison,240.0,245000.0,1020.83,2024-12-20
Saint-Apollinaire,21540,21850,Maison,77.0,276600.0,3592.21,2024-12-20
Courcelles-Frémoy,21203,21460,Maison,140.0,230000.0,1642.86,2024-12-21
Dijon,21231,21000,Appartement,38.0,100650.0,2648.68,2024-12-23
Francheville,21284,21440,Maison,104.0,141550.0,1361.06,2024-12-19
Quetigny,21515,21800,Maison,88.0,234000.0,2659.09,2024-12-23
Dijon,21231,21000,Appartement,57.0,198000.0,3473.68,2024-12-20
Nuits-Saint-Georges,21464,21700,Maison,131.0,350000.0,2671.76,2024-12-30
Trouhans,21645,21170,Maison,114.0,233600.0,2049.12,2024-12-20
Pagny-le-Château,21475,21250,Maison,112.0,194500.0,1736.61,2024-12-20
Châtillon-sur-Seine,21154,21400,Maison,123.0,163000.0,1325.2,2024-12-30
Dijon,21231,21000,Appartement,68.0,166000.0,2441.18,2024-12-18
Dijon,21231,21000,Appartement,40.0,101000.0,2525.0,2024-12-23
Toutry,21642,21460,Maison,113.0,58000.0,513.27,2024-12-20
Dijon,21231,21000,Appartement,45.0,125000.0,2777.78,2024-12-13
Dijon,21231,21000,Appartement,17.0,47000.0,2764.71,2024-12-12
Dijon,21231,21000,Appartement,40.0,101500.0,2537.5,2024-12-27
Marsannay-la-Côte,21390,21160,Maison,93.0,130000.0,1397.85,2024-12-30
Marsannay-la-Côte,21390,21160,Maison,81.0,130000.0,1604.94,2024-12-30
Pouilly-en-Auxois,21501,21320,Appartement,75.0,54000.0,720.0,2024-12-20
Losne,21356,21170,Maison,149.0,311917.2,2093.4,2024-04-10
Dijon,21231,21000,Appartement,51.0,65000.0,1274.51,2024-12-16
Chenôve,21166,21300,Appartement,60.0,219325.0,3655.42,2024-12-23
Dijon,21231,21000,Appartement,43.0,92000.0,2139.53,2024-12-30
Nolay,21461,21340,Maison,80.0,38000.0,475.0,2024-12-19
Sennecey-lès-Dijon,21605,21800,Maison,150.0,250000.0,1666.67,2024-12-16
Puligny-Montrachet,21512,21190,Maison,102.0,200000.0,1960.78,2024-12-20
Semur-en-Auxois,21603,21140,Appartement,35.0,62000.0,1771.43,2024-12-18
Beaune,21054,21200,Appartement,40.0,152000.0,3800.0,2024-12-19
Châtillon-sur-Seine,21154,21400,Appartement,19.0,27000.0,1421.05,2024-12-17
Dijon,21231,21000,Appartement,84.0,248700.0,2960.71,2024-12-30
Dijon,21231,21000,Appartement,39.0,143000.0,3666.67,2024-12-30
Laignes,21336,21330,Maison,88.0,25000.0,284.09,2024-12-17
Aignay-le-Duc,21004,21510,Appartement,57.0,10000.0,175.44,2024-12-12
Aignay-le-Duc,21004,21510,Appartement,90.0,10000.0,111.11,2024-12-12
Meuilley,21409,21700,Maison,70.0,70000.0,1000.0,2024-12-23
Dijon,21231,21000,Appartement,58.0,104891.0,1808.47,2024-12-23
Longeault-Pluvault,21352,21110,Maison,102.0,267000.0,2617.65,2024-12-23
Auxey-Duresses,21037,21190,Maison,130.0,221300.0,1702.31,2024-12-19
Chevigny-Saint-Sauveur,21171,21800,Appartement,23.0,166650.0,7245.65,2024-12-10
Dijon,21231,21000,Appartement,67.0,133000.0,1985.07,2024-12-11
Dijon,21231,21000,Maison,73.0,190000.0,2602.74,2024-12-11
Fleurey-sur-Ouche,21273,21410,Maison,148.0,398700.0,2693.92,2024-12-20
Couchey,21200,21160,Maison,72.0,80000.0,1111.11,2024-12-18
Dijon,21231,21000,Appartement,89.0,259000.0,2910.11,2024-12-16
Varanges,21656,21110,Maison,73.0,235000.0,3219.18,2024-12-11
Longecourt-en-Plaine,21353,21110,Maison,111.0,237000.0,2135.14,2024-12-13
Genlis,21292,21110,Maison,72.0,89400.0,1241.67,2024-12-23
Dijon,21231,21000,Appartement,59.0,194000.0,3288.14,2024-12-16
Dijon,21231,21000,Appartement,62.0,219840.0,3545.81,2024-12-19
Dijon,21231,21000,Appartement,63.0,210240.0,3337.14,2024-12-16
Chenôve,21166,21300,Appartement,47.0,168000.0,3574.47,2024-12-13
Chamblanc,21131,21250,Maison,77.0,90000.0,1168.83,2024-12-11
Chamblanc,21131,21250,Maison,77.0,90000.0,1168.83,2024-12-11
Beaune,21054,21200,Maison,136.0,620000.0,4558.82,2024-12-30
Beaune,21054,21200,Maison,136.0,620000.0,4558.82,2024-12-30
Beaune,21054,21200,Maison,136.0,620000.0,4558.82,2024-12-30
Chenôve,21166,21300,Appartement,32.0,124000.0,3875.0,2024-12-10
Chevigny-Saint-Sauveur,21171,21800,Appartement,56.0,100000.0,1785.71,2024-12-16
Dijon,21231,21000,Appartement,62.0,182000.0,2935.48,2024-12-20
Hauteville-lès-Dijon,21315,21121,Maison,75.0,208641.0,2781.88,2024-12-22
Chenôve,21166,21300,Appartement,102.0,266000.0,2607.84,2024-12-17
Longecourt-en-Plaine,21353,21110,Maison,97.0,179000.0,1845.36,2024-12-17
Dijon,21231,21000,Maison,69.0,334800.0,4852.17,2024-12-16
Leuglay,21346,21290,Maison,84.0,32500.0,386.9,2024-12-18
Gilly-lès-Cîteaux,21297,21640,Maison,95.0,550000.0,5789.47,2024-12-20
Gilly-lès-Cîteaux,21297,21640,Maison,95.0,550000.0,5789.47,2024-12-20
Alise-Sainte-Reine,21008,21150,Maison,35.0,75000.0,2142.86,2024-12-11
Dijon,21231,21000,Appartement,140.0,330200.0,2358.57,2024-12-12
Dijon,21231,21000,Appartement,110.0,221910.0,2017.36,2024-12-20
Dijon,21231,21000,Appartement,72.0,213800.0,2969.44,2024-12-12
Villers-les-Pots,21699,21130,Maison,140.0,190000.0,1357.14,2024-12-12
Dijon,21231,21000,Appartement,33.0,90400.0,2739.39,2024-12-19
Dijon,21231,21000,Appartement,64.0,45000.0,703.12,2024-12-12
Izier,21320,21110,Maison,44.0,150000.0,3409.09,2024-12-23
Dijon,21231,21000,Appartement,20.0,136001.0,6800.05,2024-12-16
Chenôve,21166,21300,Appartement,111.0,255000.0,2297.3,2024-12-23
Dijon,21231,21000,Appartement,76.0,216000.0,2842.11,2024-12-20
Dijon,21231,21000,Appartement,28.0,92850.0,3316.07,2024-12-20
Marcilly-et-Dracy,21381,21350,Maison,55.0,25000.0,454.55,2024-12-26
Val-Mont,21327,21340,Maison,72.0,45000.0,625.0,2024-12-20
Dijon,21231,21000,Appartement,70.0,107000.0,1528.57,2024-12-16
Saulon-la-Chapelle,21585,21910,Maison,67.0,210000.0,3134.33,2024-12-16
Dijon,21231,21000,Appartement,34.0,101115.0,2973.97,2024-12-16
Beaune,21054,21200,Maison,82.0,246400.0,3004.88,2024-12-20
Dijon,21231,21000,Appartement,63.0,140000.0,2222.22,2024-12-19
Dijon,21231,21000,Appartement,83.0,159600.0,1922.89,2024-12-16
Chenôve,21166,21300,Appartement,60.0,294500.0,4908.33,2024-12-16
Chenôve,21166,21300,Appartement,60.0,294500.0,4908.33,2024-12-16
Liernais,21349,21430,Maison,110.0,65000.0,590.91,2024-11-28
Précy-sous-Thil,21505,21390,Maison,148.0,226200.0,1528.38,2024-12-17
Précy-sous-Thil,21505,21390,Maison,148.0,226200.0,1528.38,2024-12-17
Gevrey-Chambertin,21295,21220,Appartement,65.0,100750.0,1550.0,2024-12-06
Chenôve,21166,21300,Appartement,42.0,72000.0,1714.29,2024-12-20
Talant,21617,21240,Appartement,73.0,181600.0,2487.67,2024-12-27
Dijon,21231,21000,Appartement,61.0,100000.0,1639.34,2024-12-20
Argilly,21022,21700,Maison,74.0,161500.0,2182.43,2024-12-20
Dijon,21231,21000,Appartement,65.0,445964.0,6860.98,2024-12-22
Dijon,21231,21000,Appartement,40.0,445964.0,11149.1,2024-12-22
Dijon,21231,21000,Appartement,65.0,445964.0,6860.98,2024-12-22
Dijon,21231,21000,Appartement,65.0,445964.0,6860.98,2024-12-22
Dijon,21231,21000,Appartement,54.0,445964.0,8258.59,2024-12-22
Dijon,21231,21000,Appartement,39.0,283348.0,7265.33,2024-12-22
Dijon,21231,21000,Appartement,46.0,283348.0,6159.74,2024-12-22
Dijon,21231,21000,Appartement,46.0,283348.0,6159.74,2024-12-22
Dijon,21231,21000,Appartement,39.0,283348.0,7265.33,2024-12-22
Dijon,21231,21000,Appartement,45.0,283348.0,6296.62,2024-12-22
Dijon,21231,21000,Appartement,35.0,283348.0,8095.66,2024-12-22
Dijon,21231,21000,Appartement,21.0,100000.0,4761.9,2024-12-18
Dijon,21231,21000,Appartement,22.0,100000.0,4545.45,2024-12-18
Fleurey-sur-Ouche,21273,21410,Maison,88.0,257900.0,2930.68,2024-12-20
Dijon,21231,21000,Appartement,64.0,283960.0,4436.88,2024-12-20
Quetigny,21515,21800,Appartement,32.0,360000.0,11250.0,2024-12-30
Châtillon-sur-Seine,21154,21400,Maison,35.0,37000.0,1057.14,2024-12-19
Dijon,21231,21000,Appartement,90.0,195000.0,2166.67,2024-12-20
Courban,21202,21520,Maison,101.0,73000.0,722.77,2024-12-19
Courban,21202,21520,Maison,50.0,73000.0,1460.0,2024-12-19
Longchamp,21351,21110,Maison,102.0,240000.0,2352.94,2024-12-18
Dijon,21231,21000,Appartement,53.0,138000.0,2603.77,2024-12-20
Longeault-Pluvault,21352,21110,Maison,66.0,115000.0,1742.42,2024-12-19
Varanges,21656,21110,Maison,65.0,178000.0,2738.46,2024-12-18
Losne,21356,21170,Maison,70.0,145000.0,2071.43,2024-12-30
Vougeot,21716,21640,Appartement,33.0,400000.0,12121.21,2024-12-30
Vougeot,21716,21640,Appartement,19.0,400000.0,21052.63,2024-12-30
Vougeot,21716,21640,Appartement,35.0,400000.0,11428.57,2024-12-30
Vougeot,21716,21640,Appartement,29.0,400000.0,13793.1,2024-12-30
Vougeot,21716,21640,Appartement,45.0,400000.0,8888.89,2024-12-30
Nuits-Saint-Georges,21464,21700,Appartement,50.0,110500.0,2210.0,2024-12-30
Dijon,21231,21000,Appartement,87.0,195800.0,2250.57,2024-12-24
Longvic,21355,21600,Maison,88.0,195000.0,2215.91,2024-12-20
Dijon,21231,21000,Appartement,30.0,48000.0,1600.0,2024-12-19
Vannaire,21653,21400,Maison,299.0,325000.0,1086.96,2024-12-19
Dijon,21231,21000,Appartement,36.0,135000.0,3750.0,2024-12-27
Chanceaux,21142,21440,Maison,78.0,100378.0,1286.9,2024-12-30
Dijon,21231,21000,Appartement,31.0,92000.0,2967.74,2024-12-12
Beaune,21054,21200,Maison,260.0,951000.0,3657.69,2024-12-20
Selongey,21599,21260,Maison,84.0,102700.0,1222.62,2024-12-17
Dijon,21231,21000,Appartement,21.0,125001.0,5952.43,2024-12-18
Dijon,21231,21000,Appartement,40.0,192000.0,4800.0,2024-12-27
Chorey-les-Beaune,21173,21200,Maison,35.0,205000.0,5857.14,2024-12-26
Chorey-les-Beaune,21173,21200,Maison,74.0,205000.0,2770.27,2024-12-26
Dijon,21231,21000,Appartement,65.0,263250.0,4050.0,2024-12-19
Fontaine-lès-Dijon,21278,21121,Appartement,49.0,108000.0,2204.08,2024-12-11
Dijon,21231,21000,Appartement,23.0,120001.0,5217.43,2024-12-18
Dijon,21231,21000,Appartement,20.0,124001.0,6200.05,2024-12-19
Beaune,21054,21200,Appartement,33.0,480000.0,14545.45,2024-12-27
Beaune,21054,21200,Appartement,50.0,480000.0,9600.0,2024-12-27
Beaune,21054,21200,Appartement,42.0,480000.0,11428.57,2024-12-27
Beaune,21054,21200,Appartement,45.0,480000.0,10666.67,2024-12-27
Dijon,21231,21000,Appartement,80.0,153050.0,1913.12,2024-12-12
Quetigny,21515,21800,Appartement,60.0,140950.0,2349.17,2024-12-20
Dijon,21231,21000,Appartement,81.0,202400.0,2498.77,2024-12-19
Dijon,21231,21000,Appartement,46.0,154400.0,3356.52,2024-12-23
Genlis,21292,21110,Maison,71.0,192600.0,2712.68,2024-12-19
Genlis,21292,21110,Maison,72.0,125000.0,1736.11,2024-12-18
Gevrey-Chambertin,21295,21220,Maison,139.0,341711.0,2458.35,2024-12-17
Dijon,21231,21000,Maison,143.0,291137.0,2035.92,2024-12-18
Genlis,21292,21110,Appartement,81.0,86516.0,1068.1,2024-12-18
Dijon,21231,21000,Appartement,58.0,226000.0,3896.55,2024-12-17
Collonges-lès-Premières,21183,21110,Maison,140.0,289450.0,2067.5,2024-12-23
Dijon,21231,21000,Appartement,39.0,163000.0,4179.49,2024-12-27
Dijon,21231,21000,Maison,59.0,227442.0,3854.95,2024-12-18
Meursault,21412,21190,Appartement,127.0,350000.0,2755.91,2024-12-30
Meursault,21412,21190,Appartement,127.0,350000.0,2755.91,2024-12-30
Chassagne-Montrachet,21150,21190,Maison,98.0,180000.0,1836.73,2024-12-30
Beaune,21054,21200,Appartement,85.0,212600.0,2501.18,2024-12-17
Beaune,21054,21200,Maison,69.0,130000.0,1884.06,2024-12-26
Clénay,21179,21490,Maison,145.0,447000.0,3082.76,2024-12-27
Molphey,21422,21210,Maison,146.0,135000.0,924.66,2024-12-30
Molphey,21422,21210,Maison,146.0,135000.0,924.66,2024-12-30
Beaune,21054,21200,Appartement,29.0,150000.0,5172.41,2024-12-30
Beaune,21054,21200,Appartement,26.0,150000.0,5769.23,2024-12-30
Beaune,21054,21200,Appartement,38.0,150000.0,3947.37,2024-12-30
Longvic,21355,21600,Appartement,56.0,138000.0,2464.29,2024-12-30
Dijon,21231,21000,Maison,94.0,224000.0,2382.98,2024-12-20
Saint-Apollinaire,21540,21850,Appartement,50.0,159000.0,3180.0,2024-12-27
Dijon,21231,21000,Appartement,56.0,72445.0,1293.66,2024-12-27
Dijon,21231,21000,Appartement,67.0,136400.0,2035.82,2024-12-20
Marsannay-la-Côte,21390,21160,Maison,80.0,226350.0,2829.38,2024-12-20
Beaune,21054,21200,Appartement,99.0,265000.0,2676.77,2024-12-17
Dijon,21231,21000,Appartement,36.0,110000.0,3055.56,2024-12-20
Ahuy,21003,21121,Appartement,100.0,504000.0,5040.0,2024-12-11
Ahuy,21003,21121,Appartement,113.0,504000.0,4460.18,2024-12-11
Ahuy,21003,21121,Appartement,46.0,504000.0,10956.52,2024-12-11
Beaune,21054,21200,Maison,110.0,252400.0,2294.55,2024-12-09
Chenôve,21166,21300,Appartement,91.0,114500.0,1258.24,2024-12-26
Voulaines-les-Templiers,21717,21290,Maison,62.0,29500.0,475.81,2024-12-18
Dijon,21231,21000,Appartement,25.0,126001.0,5040.04,2024-12-20
Mirebeau-sur-Bèze,21416,21310,Maison,218.0,124500.0,571.1,2024-12-23
Dijon,21231,21000,Appartement,78.0,55500.0,711.54,2024-12-23
Magny-sur-Tille,21370,21110,Maison,189.0,449500.0,2378.31,2024-12-26
Magny-sur-Tille,21370,21110,Maison,189.0,449500.0,2378.31,2024-12-26
Chenôve,21166,21300,Appartement,64.0,206000.0,3218.75,2024-12-26
Fontaine-lès-Dijon,21278,21121,Appartement,20.0,60000.0,3000.0,2024-12-23
Beaune,21054,21200,Maison,73.0,217990.0,2986.16,2024-12-27
Beaune,21054,21200,Maison,260.0,875000.0,3365.38,2024-12-23
Messigny-et-Vantoux,21408,21380,Maison,209.0,520000.0,2488.04,2024-12-27
Dijon,21231,21000,Appartement,64.0,221760.0,3465.0,2024-12-26
Dijon,21231,21000,Appartement,27.0,140001.0,5185.22,2024-12-23
Dijon,21231,21000,Appartement,20.0,121001.0,6050.05,2024-12-23
Beaune,21054,21200,Maison,91.0,200000.0,2197.8,2024-12-27
Beaune,21054,21200,Maison,91.0,200000.0,2197.8,2024-12-27
Dijon,21231,21000,Appartement,50.0,80000.0,1600.0,2024-12-23
Villers-les-Pots,21699,21130,Maison,109.0,344000.0,3155.96,2024-12-16
Villers-les-Pots,21699,21130,Maison,109.0,344000.0,3155.96,2024-12-16
Montlay-en-Auxois,21434,21210,Maison,98.0,80000.0,816.33,2024-12-27
Panges,21477,21540,Maison,70.0,215000.0,3071.43,2024-12-30
Dijon,21231,21000,Appartement,19.0,250000.0,13157.89,2024-12-31
Is-sur-Tille,21317,21120,Appartement,81.0,203970.0,2518.15,2024-12-23
Beaune,21054,21200,Appartement,75.0,950000.0,12666.67,2024-12-30
Beaune,21054,21200,Appartement,75.0,950000.0,12666.67,2024-12-30
Dijon,21231,21000,Appartement,23.0,122501.0,5326.13,2024-12-23
Dijon,21231,21000,Appartement,19.0,134001.0,7052.68,2024-12-26
Dijon,21231,21000,Appartement,64.0,136000.0,2125.0,2024-12-30
Dijon,21231,21000,Appartement,41.0,205210.0,5005.12,2024-12-31
Dijon,21231,21000,Appartement,26.0,89500.0,3442.31,2024-12-20
Dijon,21231,21000,Appartement,77.0,205000.0,2662.34,2024-12-28
Dijon,21231,21000,Appartement,51.0,95000.0,1862.75,2024-12-23
Marsannay-la-Côte,21390,21160,Maison,195.0,500000.0,2564.1,2024-12-30
Dijon,21231,21000,Appartement,22.0,140000.0,6363.64,2024-12-23
Voudenay,21715,21230,Maison,85.0,125000.0,1470.59,2024-12-30
Dijon,21231,21000,Appartement,42.0,188500.0,4488.1,2024-12-23
Chevigny-en-Valière,21170,21200,Maison,110.0,160000.0,1454.55,2024-12-27
Dijon,21231,21000,Appartement,22.0,140000.0,6363.64,2024-12-26
Dijon,21231,21000,Appartement,22.0,140000.0,6363.64,2024-12-26
Dijon,21231,21000,Appartement,59.0,100000.0,1694.92,2024-12-23
Fontaine-lès-Dijon,21278,21121,Maison,82.0,311000.0,3792.68,2024-12-23
Dijon,21231,21000,Appartement,59.0,213120.0,3612.2,2024-12-27
Chevigny-Saint-Sauveur,21171,21800,Maison,85.0,265000.0,3117.65,2024-12-27
Dijon,21231,21000,Appartement,83.0,293664.0,3538.12,2024-12-27
Dijon,21231,21000,Appartement,57.0,227020.0,3982.81,2024-12-27
Dijon,21231,21000,Appartement,21.0,127001.0,6047.67,2024-12-27
Dijon,21231,21000,Appartement,44.0,139000.0,3159.09,2024-12-27
Dijon,21231,21000,Appartement,20.0,71000.0,3550.0,2024-12-27
Dijon,21231,21000,Appartement,10.0,37000.0,3700.0,2024-12-27
Aiserey,21005,21110,Maison,110.0,249000.0,2263.64,2024-12-23
Saint-Apollinaire,21540,21850,Maison,103.0,338000.0,3281.55,2024-12-26
Dijon,21231,21000,Appartement,58.0,242500.0,4181.03,2024-12-27
Dijon,21231,21000,Appartement,66.0,246000.0,3727.27,2024-12-23
Auxonne,21038,21130,Maison,63.0,103000.0,1634.92,2024-12-30
Fontaine-lès-Dijon,21278,21121,Maison,86.0,429500.0,4994.19,2024-12-27
Pommard,21492,21630,Maison,40.0,110000.0,2750.0,2024-12-23
Pommard,21492,21630,Maison,29.0,110000.0,3793.1,2024-12-23
Longvic,21355,21600,Appartement,40.0,122000.0,3050.0,2024-12-20
Créancey,21210,21320,Appartement,219.0,500000.0,2283.11,2024-12-27
Saint-Jean-de-Losne,21554,21170,Appartement,47.0,65000.0,1382.98,2024-12-20
Saint-Jean-de-Losne,21554,21170,Appartement,113.0,65000.0,575.22,2024-12-20
Dijon,21231,21000,Appartement,62.0,185000.0,2983.87,2024-12-27
Dijon,21231,21000,Maison,274.0,755000.0,2755.47,2024-12-31
Dijon,21231,21000,Maison,274.0,755000.0,2755.47,2024-12-31
Talant,21617,21240,Appartement,73.0,177900.0,2436.99,2024-12-27
Dijon,21231,21000,Appartement,60.0,168000.0,2800.0,2024-12-27
Dijon,21231,21000,Appartement,49.0,174500.0,3561.22,2024-12-26
Talant,21617,21240,Appartement,95.0,273200.0,2875.79,2024-12-27
Dijon,21231,21000,Appartement,44.0,214001.0,4863.66,2024-12-27
Beaune,21054,21200,Appartement,55.0,545000.0,9909.09,2024-12-19
Beaune,21054,21200,Appartement,96.0,545000.0,5677.08,2024-12-19
Beaune,21054,21200,Appartement,34.0,545000.0,16029.41,2024-12-19
Beaune,21054,21200,Appartement,83.0,545000.0,6566.27,2024-12-19
Beaune,21054,21200,Appartement,40.0,545000.0,13625.0,2024-12-19
Beaune,21054,21200,Appartement,56.0,545000.0,9732.14,2024-12-19
Dijon,21231,21000,Appartement,32.0,123760.0,3867.5,2024-12-30
Éguilly,21244,21320,Maison,105.0,300000.0,2857.14,2024-12-27
Éguilly,21244,21320,Maison,310.0,300000.0,967.74,2024-12-27
Talant,21617,21240,Appartement,66.0,291500.0,4416.67,2024-12-23
Chenôve,21166,21300,Appartement,39.0,147000.0,3769.23,2024-12-30
Dijon,21231,21000,Appartement,51.0,115000.0,2254.9,2024-12-27
Dijon,21231,21000,Appartement,33.0,74000.0,2242.42,2024-12-27
Izeure,21319,21110,Maison,102.0,236000.0,2313.73,2024-12-30
Courcelles-Frémoy,21203,21460,Maison,77.0,64000.0,831.17,2024-12-31
Genlis,21292,21110,Appartement,92.0,140000.0,1521.74,2024-12-30
Genlis,21292,21110,Appartement,70.0,140000.0,2000.0,2024-12-30
Arc-sur-Tille,21021,21560,Maison,176.0,810000.0,4602.27,2024-12-30
Arc-sur-Tille,21021,21560,Maison,18.0,810000.0,45000.0,2024-12-30
Arc-sur-Tille,21021,21560,Maison,28.0,810000.0,28928.57,2024-12-30
Arc-sur-Tille,21021,21560,Maison,176.0,810000.0,4602.27,2024-12-30
Arc-sur-Tille,21021,21560,Maison,18.0,810000.0,45000.0,2024-12-30
Arc-sur-Tille,21021,21560,Maison,28.0,810000.0,28928.57,2024-12-30
Gomméville,21302,21400,Maison,74.0,54000.0,729.73,2024-12-19
Gomméville,21302,21400,Maison,53.0,54000.0,1018.87,2024-12-19
Dijon,21231,21000,Appartement,22.0,140000.0,6363.64,2024-12-30
Dijon,21231,21000,Appartement,20.0,117001.0,5850.05,2024-12-30
Chenôve,21166,21300,Appartement,62.0,176000.0,2838.71,2024-12-30
Chenôve,21166,21300,Appartement,72.0,53500.0,743.06,2024-12-30
Chenôve,21166,21300,Appartement,59.0,218960.0,3711.19,2024-12-30
Dijon,21231,21000,Appartement,40.0,192000.0,4800.0,2024-12-27
Beaune,21054,21200,Appartement,66.0,250000.0,3787.88,2024-12-30
Beaune,21054,21200,Appartement,20.0,250000.0,12500.0,2024-12-30
Beaune,21054,21200,Appartement,90.0,216000.0,2400.0,2024-12-30
Nan-sous-Thil,21449,21390,Maison,56.0,66000.0,1178.57,2024-06-05
Chassagne-Montrachet,21150,21190,Maison,53.0,14100.0,266.04,2024-12-30
Dijon,21231,21000,Appartement,23.0,122001.0,5304.39,2024-12-31
Dijon,21231,21000,Appartement,18.0,60000.0,3333.33,2024-12-31
Marigny-lès-Reullée,21387,21200,Maison,152.0,333800.0,2196.05,2024-12-26
Beaune,21054,21200,Maison,138.0,285000.0,2065.22,2024-12-26
Beaune,21054,21200,Maison,138.0,285000.0,2065.22,2024-12-26
Échenon,21239,21170,Maison,98.0,267500.0,2729.59,2024-12-27
Dijon,21231,21000,Maison,53.0,190000.0,3584.91,2024-10-14
Dijon,21231,21000,Maison,119.0,350000.0,2941.18,2024-12-31
Savigny-lès-Beaune,21590,21420,Maison,53.0,175000.0,3301.89,2024-12-30
Dijon,21231,21000,Appartement,37.0,83000.0,2243.24,2024-06-05
Bellenod-sur-Seine,21061,21510,Maison,92.0,45000.0,489.13,2024-07-19
Ruffey-lès-Echirey,21535,21490,Maison,140.0,301000.0,2150.0,2024-10-16
Dijon,21231,21000,Appartement,49.0,105000.0,2142.86,2024-09-18
Beaune,21054,21200,Appartement,52.0,1295000.0,24903.85,2024-12-26
Saint-Euphrône,21547,21140,Maison,87.0,53000.0,609.2,2024-10-16
Saint-Martin-du-Mont,21561,21440,Maison,80.0,59000.0,737.5,2024-11-06
Châtillon-sur-Seine,21154,21400,Maison,120.0,173000.0,1441.67,2024-04-22
Montigny-sur-Armançon,21431,21140,Maison,103.0,80000.0,776.7,2024-12-04
Montigny-sur-Armançon,21431,21140,Maison,103.0,80000.0,776.7,2024-12-04
Nolay,21461,21340,Appartement,65.0,7000.0,107.69,2024-11-26
Dijon,21231,21000,Appartement,71.0,105000.0,1478.87,2024-12-18
Dijon,21231,21000,Appartement,31.0,75000.0,2419.35,2024-03-04
Bessey-lès-Cîteaux,21067,21110,Maison,163.0,380000.0,2331.29,2024-04-23
Bessey-lès-Cîteaux,21067,21110,Maison,163.0,380000.0,2331.29,2024-04-23
Beaunotte,21055,21510,Maison,100.0,14500.0,145.0,2024-08-27
Châtillon-sur-Seine,21154,21400,Maison,192.0,87000.0,453.12,2024-04-29
