commune,code_commune,code_postal,type_local,surface_m2,valeur_fonciere,prix_m2,date_mutation
Le Chambon-Feugerolles,42044,42500,Appartement,60.0,59500.0,991.67,2024-01-05
Saint-Chamond,42207,42400,Maison,100.0,295000.0,2950.0,2024-01-03
Saint-Étienne,42218,42100,Appartement,45.0,59500.0,1322.22,2024-01-03
Saint-Étienne,42218,42000,Appartement,85.0,127000.0,1494.12,2024-01-05
Saint-Étienne,42218,42000,Appartement,45.0,415000.0,9222.22,2024-01-03
Saint-Étienne,42218,42000,Appartement,60.0,415000.0,6916.67,2024-01-03
Saint-Étienne,42218,42000,Appartement,35.0,415000.0,11857.14,2024-01-03
Saint-Étienne,42218,42000,Appartement,40.0,415000.0,10375.0,2024-01-03
Saint-Étienne,42218,42000,Appartement,19.0,415000.0,21842.11,2024-01-03
Saint-Étienne,42218,42000,Appartement,35.0,415000.0,11857.14,2024-01-03
Saint-Étienne,42218,42000,Appartement,43.0,415000.0,9651.16,2024-01-03
Saint-Étienne,42218,42100,Appartement,85.0,102000.0,1200.0,2024-01-05
Saint-Étienne,42218,42100,Appartement,80.0,102000.0,1275.0,2024-01-05
Rive-de-Gier,42186,42800,Appartement,80.0,128000.0,1600.0,2024-01-04
Rive-de-Gier,42186,42800,Appartement,80.0,128000.0,1600.0,2024-01-04
Sury-le-Comtal,42304,42450,Maison,156.0,430000.0,2756.41,2024-01-02
Sury-le-Comtal,42304,42450,Maison,156.0,430000.0,2756.41,2024-01-02
Andrézieux-Bouthéon,42005,42160,Appartement,15.0,800000.0,53333.33,2024-01-04
Andrézieux-Bouthéon,42005,42160,Appartement,15.0,800000.0,53333.33,2024-01-04
Andrézieux-Bouthéon,42005,42160,Appartement,15.0,800000.0,53333.33,2024-01-04
Andrézieux-Bouthéon,42005,42160,Appartement,15.0,800000.0,53333.33,2024-01-04
Andrézieux-Bouthéon,42005,42160,Appartement,15.0,800000.0,53333.33,2024-01-04
Andrézieux-Bouthéon,42005,42160,Appartement,15.0,800000.0,53333.33,2024-01-04
Andrézieux-Bouthéon,42005,42160,Appartement,15.0,800000.0,53333.33,2024-01-04
Andrézieux-Bouthéon,42005,42160,Appartement,15.0,800000.0,53333.33,2024-01-04
Andrézieux-Bouthéon,42005,42160,Appartement,15.0,800000.0,53333.33,2024-01-04
Andrézieux-Bouthéon,42005,42160,Appartement,15.0,800000.0,53333.33,2024-01-04
Andrézieux-Bouthéon,42005,42160,Appartement,15.0,800000.0,53333.33,2024-01-04
Andrézieux-Bouthéon,42005,42160,Appartement,15.0,800000.0,53333.33,2024-01-04
Andrézieux-Bouthéon,42005,42160,Appartement,15.0,800000.0,53333.33,2024-01-04
Andrézieux-Bouthéon,42005,42160,Appartement,15.0,800000.0,53333.33,2024-01-04
Andrézieux-Bouthéon,42005,42160,Appartement,15.0,800000.0,53333.33,2024-01-04
Andrézieux-Bouthéon,42005,42160,Appartement,15.0,800000.0,53333.33,2024-01-04
Andrézieux-Bouthéon,42005,42160,Appartement,15.0,800000.0,53333.33,2024-01-04
Andrézieux-Bouthéon,42005,42160,Appartement,15.0,800000.0,53333.33,2024-01-04
Andrézieux-Bouthéon,42005,42160,Appartement,15.0,800000.0,53333.33,2024-01-04
Andrézieux-Bouthéon,42005,42160,Appartement,15.0,800000.0,53333.33,2024-01-04
Andrézieux-Bouthéon,42005,42160,Appartement,15.0,800000.0,53333.33,2024-01-04
Andrézieux-Bouthéon,42005,42160,Appartement,15.0,800000.0,53333.33,2024-01-04
Andrézieux-Bouthéon,42005,42160,Appartement,15.0,800000.0,53333.33,2024-01-04
Andrézieux-Bouthéon,42005,42160,Appartement,15.0,800000.0,53333.33,2024-01-04
Andrézieux-Bouthéon,42005,42160,Appartement,15.0,800000.0,53333.33,2024-01-04
Andrézieux-Bouthéon,42005,42160,Appartement,15.0,800000.0,53333.33,2024-01-04
Andrézieux-Bouthéon,42005,42160,Appartement,15.0,800000.0,53333.33,2024-01-04
Andrézieux-Bouthéon,42005,42160,Appartement,15.0,800000.0,53333.33,2024-01-04
Andrézieux-Bouthéon,42005,42160,Appartement,15.0,800000.0,53333.33,2024-01-04
Andrézieux-Bouthéon,42005,42160,Appartement,15.0,800000.0,53333.33,2024-01-04
Saint-Étienne,42218,42100,Appartement,67.0,80000.0,1194.03,2024-01-08
Saint-Étienne,42218,42000,Appartement,34.0,53400.0,1570.59,2024-01-05
Le Bessat,42017,42660,Maison,91.0,315000.0,3461.54,2024-01-08
Le Bessat,42017,42660,Maison,91.0,315000.0,3461.54,2024-01-08
Saint-Étienne,42218,42100,Maison,90.0,180000.0,2000.0,2024-01-05
Lorette,42123,42420,Maison,49.0,178500.0,3642.86,2024-01-04
Montrond-les-Bains,42149,42210,Maison,218.0,369700.0,1695.87,2024-01-08
Saint-Chamond,42207,42400,Maison,90.0,228500.0,2538.89,2024-01-04
Mornand-en-Forez,42151,42600,Appartement,98.0,842074.0,8592.59,2024-01-10
Mornand-en-Forez,42151,42600,Appartement,60.0,842074.0,14034.57,2024-01-10
Verrières-en-Forez,42328,42600,Maison,60.0,159000.0,2650.0,2024-01-09
L'Horme,42110,42152,Maison,99.0,230000.0,2323.23,2024-01-05
Saint-Chamond,42207,42400,Appartement,44.0,52000.0,1181.82,2024-01-10
Saint-Genest-Malifaux,42224,42660,Appartement,54.0,48000.0,888.89,2024-01-10
Saint-Étienne,42218,42100,Appartement,68.0,50000.0,735.29,2024-01-09
Saint-Étienne,42218,42000,Appartement,49.0,36000.0,734.69,2024-01-08
Sury-le-Comtal,42304,42450,Maison,107.0,310500.0,2901.87,2024-01-10
Saint-Étienne,42218,42000,Appartement,50.0,53000.0,1060.0,2024-01-09
Lérigneux,42121,42600,Maison,100.0,50000.0,500.0,2024-01-05
Saint-Just-Saint-Rambert,42279,42170,Appartement,54.0,210000.0,3888.89,2024-01-04
Andrézieux-Bouthéon,42005,42160,Appartement,90.0,237000.0,2633.33,2024-01-04
Saint-Étienne,42218,42100,Appartement,44.0,195000.0,4431.82,2024-01-09
Saint-Étienne,42218,42100,Appartement,83.0,195000.0,2349.4,2024-01-09
Saint-Étienne,42218,42100,Appartement,39.0,195000.0,5000.0,2024-01-09
Saint-Étienne,42218,42100,Appartement,44.0,195000.0,4431.82,2024-01-09
Bonson,42022,42160,Maison,191.0,440000.0,2303.66,2024-01-05
Bonson,42022,42160,Maison,191.0,440000.0,2303.66,2024-01-05
Lorette,42123,42420,Maison,68.0,170000.0,2500.0,2024-01-02
Saint-Étienne,42218,42000,Maison,97.0,203500.0,2097.94,2024-01-04
Pélussin,42168,42410,Maison,175.0,432770.0,2472.97,2024-01-08
Pélussin,42168,42410,Maison,175.0,432770.0,2472.97,2024-01-08
Montrond-les-Bains,42149,42210,Maison,87.0,245000.0,2816.09,2024-01-05
Le Chambon-Feugerolles,42044,42500,Appartement,124.0,167000.0,1346.77,2024-01-12
Unieux,42316,42240,Maison,82.0,102000.0,1243.9,2024-01-12
Saint-Étienne,42218,42100,Appartement,64.0,81000.0,1265.62,2024-01-03
Rive-de-Gier,42186,42800,Appartement,65.0,113000.0,1738.46,2024-01-05
Le Chambon-Feugerolles,42044,42500,Maison,55.0,140000.0,2545.45,2024-01-09
Firminy,42095,42700,Appartement,57.0,100000.0,1754.39,2024-01-12
Saint-Hilaire-Cusson-la-Valmitte,42235,42380,Maison,209.0,220000.0,1052.63,2024-01-02
Pélussin,42168,42410,Maison,70.0,122000.0,1742.86,2024-01-04
Saint-Étienne,42218,42100,Appartement,88.0,117500.0,1335.23,2024-01-05
Saint-Étienne,42218,42000,Appartement,118.0,251750.0,2133.47,2024-01-15
La Grand-Croix,42103,42320,Maison,132.0,233900.0,1771.97,2024-01-11
Saint-Étienne,42218,42000,Appartement,35.0,46000.0,1314.29,2024-01-03
Rozier-Côtes-d'Aurec,42192,42380,Maison,40.0,60000.0,1500.0,2024-01-05
Saint-Étienne,42218,42100,Appartement,45.0,39000.0,866.67,2024-01-05
Villars,42330,42390,Maison,103.0,275000.0,2669.9,2024-01-05
Saint-Étienne,42218,42000,Appartement,23.0,38500.0,1673.91,2024-01-09
Saint-Étienne,42218,42100,Appartement,80.0,90850.0,1135.62,2024-01-02
Saint-Étienne,42218,42230,Maison,88.0,157500.0,1789.77,2024-01-08
Saint-Chamond,42207,42400,Appartement,75.0,370000.0,4933.33,2024-01-08
Saint-Chamond,42207,42400,Appartement,68.0,370000.0,5441.18,2024-01-08
Saint-Chamond,42207,42400,Appartement,75.0,370000.0,4933.33,2024-01-08
Saint-Chamond,42207,42400,Appartement,75.0,370000.0,4933.33,2024-01-08
Saint-Chamond,42207,42400,Appartement,62.0,370000.0,5967.74,2024-01-08
Saint-Chamond,42207,42400,Appartement,60.0,370000.0,6166.67,2024-01-08
Saint-Chamond,42207,42400,Appartement,46.0,370000.0,8043.48,2024-01-08
Saint-Chamond,42207,42400,Appartement,26.0,370000.0,14230.77,2024-01-08
Saint-Étienne,42218,42100,Appartement,79.0,74000.0,936.71,2024-01-09
Saint-Étienne,42218,42000,Appartement,73.0,155000.0,2123.29,2024-01-05
Saint-Étienne,42218,42100,Appartement,80.0,85500.0,1068.75,2024-01-09
Rozier-Côtes-d'Aurec,42192,42380,Maison,110.0,230000.0,2090.91,2024-01-03
Montbrison,42147,42600,Appartement,56.0,112000.0,2000.0,2024-01-08
Saint-Just-Saint-Rambert,42279,42170,Maison,86.0,382100.0,4443.02,2024-01-11
Panissières,42165,42360,Maison,70.0,50000.0,714.29,2024-01-11
Saint-Étienne,42218,42100,Appartement,78.0,73000.0,935.9,2024-01-10
Saint-Étienne,42218,42100,Appartement,52.0,30000.0,576.92,2024-01-11
Saint-Étienne,42218,42230,Maison,94.0,361000.0,3840.43,2024-01-05
Unieux,42316,42240,Maison,96.0,253300.0,2638.54,2024-01-10
Saint-Maurice-en-Gourgois,42262,42240,Appartement,75.0,91650.0,1222.0,2024-01-05
Saint-Maurice-en-Gourgois,42262,42240,Appartement,75.0,91650.0,1222.0,2024-01-05
La Talaudière,42305,42350,Maison,94.0,290000.0,3085.11,2024-01-04
Saint-Étienne,42218,42100,Appartement,51.0,61135.1,1198.73,2024-01-10
Lorette,42123,42420,Maison,89.0,267000.0,3000.0,2024-01-12
Lézigneux,42122,42600,Maison,124.0,180000.0,1451.61,2024-01-04
Saint-Étienne,42218,42100,Appartement,42.0,44000.0,1047.62,2024-01-05
La Grand-Croix,42103,42320,Appartement,60.0,95000.0,1583.33,2024-01-15
Saint-Étienne,42218,42000,Appartement,40.0,52000.0,1300.0,2024-01-03
Villars,42330,42390,Appartement,59.0,65500.0,1110.17,2024-01-08
La Talaudière,42305,42350,Appartement,66.0,187700.0,2843.94,2024-01-16
L'Horme,42110,42152,Appartement,60.0,178500.0,2975.0,2024-01-12
Montbrison,42147,42600,Appartement,58.0,164500.0,2836.21,2024-01-12
Saint-Étienne,42218,42100,Appartement,51.0,41200.0,807.84,2024-01-12
Saint-Chamond,42207,42400,Appartement,77.0,85000.0,1103.9,2024-01-11
Saint-Chamond,42207,42400,Appartement,61.0,128250.0,2102.46,2024-01-10
Saint-Étienne,42218,42000,Appartement,63.0,105000.0,1666.67,2024-01-09
Saint-Étienne,42218,42000,Appartement,63.0,105000.0,1666.67,2024-01-09
Saint-Étienne,42218,42000,Appartement,34.0,45000.0,1323.53,2024-01-09
La Grand-Croix,42103,42320,Maison,104.0,261000.0,2509.62,2024-01-04
Saint-Jean-Bonnefonds,42237,42650,Appartement,43.0,270000.0,6279.07,2024-01-18
Saint-Jean-Bonnefonds,42237,42650,Appartement,45.0,270000.0,6000.0,2024-01-18
Saint-Jean-Bonnefonds,42237,42650,Appartement,47.0,270000.0,5744.68,2024-01-18
Saint-Régis-du-Coin,42280,42660,Maison,64.0,77000.0,1203.12,2024-01-05
La Grand-Croix,42103,42320,Appartement,74.0,92000.0,1243.24,2024-01-12
Pouilly-lès-Feurs,42175,42110,Maison,108.0,284000.0,2629.63,2024-01-15
Firminy,42095,42700,Appartement,82.0,107000.0,1304.88,2024-01-16
Saint-Étienne,42218,42000,Appartement,47.0,49000.0,1042.55,2024-01-12
Lorette,42123,42420,Appartement,57.0,85000.0,1491.23,2024-01-15
Firminy,42095,42700,Appartement,68.0,75000.0,1102.94,2024-01-10
Andrézieux-Bouthéon,42005,42160,Appartement,28.0,27100.0,967.86,2024-01-17
Savigneux,42299,42600,Maison,107.0,285000.0,2663.55,2024-01-12
Noirétable,42159,42440,Maison,180.0,425400.0,2363.33,2024-01-09
Montrond-les-Bains,42149,42210,Appartement,31.0,45000.0,1451.61,2024-01-17
Saint-Chamond,42207,42400,Appartement,84.0,101000.0,1202.38,2024-01-17
Roisey,42191,42520,Appartement,66.0,121800.0,1845.45,2024-01-19
Véranne,42326,42520,Maison,70.0,130000.0,1857.14,2024-01-16
Boisset-Saint-Priest,42021,42560,Maison,75.0,157300.0,2097.33,2024-01-10
Saint-Étienne,42218,42100,Appartement,74.0,37050.0,500.68,2024-01-19
Montbrison,42147,42600,Appartement,79.0,146000.0,1848.1,2024-01-05
Saint-Étienne,42218,42000,Appartement,64.0,73000.0,1140.62,2024-01-10
Firminy,42095,42700,Maison,92.0,203000.0,2206.52,2024-01-08
Andrézieux-Bouthéon,42005,42160,Maison,162.0,565170.0,3488.7,2024-01-15
Andrézieux-Bouthéon,42005,42160,Maison,162.0,565170.0,3488.7,2024-01-15
Noirétable,42159,42440,Maison,140.0,265000.0,1892.86,2024-01-09
Unieux,42316,42240,Appartement,66.0,75000.0,1136.36,2024-01-15
Saint-Romain-le-Puy,42285,42610,Maison,95.0,205000.0,2157.89,2024-01-05
Saint-Genest-Lerpt,42223,42530,Maison,126.0,300250.0,2382.94,2024-01-09
Firminy,42095,42700,Appartement,62.0,66500.0,1072.58,2024-01-17
Saint-Étienne,42218,42000,Appartement,86.0,90000.0,1046.51,2024-01-11
Saint-Étienne,42218,42000,Appartement,108.0,120000.0,1111.11,2024-01-12
Saint-Galmier,42222,42330,Maison,174.0,600000.0,3448.28,2024-01-08
Andrézieux-Bouthéon,42005,42160,Appartement,87.0,96000.0,1103.45,2024-01-18
Bellegarde-en-Forez,42013,42210,Appartement,70.0,98000.0,1400.0,2024-01-05
Bellegarde-en-Forez,42013,42210,Appartement,70.0,98000.0,1400.0,2024-01-05
Saint-Étienne,42218,42000,Appartement,40.0,128800.0,3220.0,2024-01-15
Le Chambon-Feugerolles,42044,42500,Maison,123.0,195000.0,1585.37,2024-01-10
Villars,42330,42390,Maison,127.0,304090.0,2394.41,2024-01-12
Unieux,42316,42240,Maison,70.0,75000.0,1071.43,2024-01-15
Saint-Étienne,42218,42100,Appartement,41.0,55000.0,1341.46,2024-01-10
La Talaudière,42305,42350,Appartement,78.0,243000.0,3115.38,2024-01-10
La Talaudière,42305,42350,Appartement,80.0,185000.0,2312.5,2024-01-12
Lézigneux,42122,42600,Maison,96.0,266000.0,2770.83,2024-01-15
Saint-Étienne,42218,42100,Appartement,58.0,79000.0,1362.07,2024-01-16
Saint-Jean-Bonnefonds,42237,42650,Appartement,81.0,115500.0,1425.93,2024-01-11
Saint-Étienne,42218,42000,Appartement,75.0,111200.0,1482.67,2024-01-16
Bonson,42022,42160,Appartement,103.0,234000.0,2271.84,2024-01-11
Saint-Chamond,42207,42400,Appartement,25.0,25000.0,1000.0,2024-01-18
Saint-Chamond,42207,42400,Appartement,90.0,95000.0,1055.56,2024-01-08
Saint-Chamond,42207,42400,Appartement,103.0,144000.0,1398.06,2024-01-08
Saint-Galmier,42222,42330,Maison,110.0,326000.0,2963.64,2024-01-04
Saint-Galmier,42222,42330,Maison,110.0,326000.0,2963.64,2024-01-04
Savigneux,42299,42600,Maison,110.0,100000.0,909.09,2024-01-15
Saint-Martin-la-Plaine,42259,42800,Maison,90.0,70000.0,777.78,2024-01-04
Farnay,42093,42320,Maison,58.0,378000.0,6517.24,2024-01-08
La Talaudière,42305,42350,Appartement,66.0,193232.0,2927.76,2024-01-03
Saint-Étienne,42218,42100,Appartement,71.0,76500.0,1077.46,2024-01-16
La Grand-Croix,42103,42320,Appartement,73.0,69834.5,956.64,2024-01-04
Veauche,42323,42340,Maison,53.0,171000.0,3226.42,2024-01-16
Saint-Étienne,42218,42000,Appartement,28.0,33000.0,1178.57,2024-01-10
Montbrison,42147,42600,Appartement,40.0,200000.0,5000.0,2024-01-10
Montbrison,42147,42600,Appartement,45.0,200000.0,4444.44,2024-01-10
Saint-Galmier,42222,42330,Maison,70.0,187300.0,2675.71,2024-01-18
Boisset-lès-Montrond,42020,42210,Maison,89.0,238000.0,2674.16,2024-01-23
Boisset-lès-Montrond,42020,42210,Maison,89.0,238000.0,2674.16,2024-01-23
Boisset-lès-Montrond,42020,42210,Maison,89.0,238000.0,2674.16,2024-01-23
Leigneux,42119,42130,Maison,34.0,30000.0,882.35,2024-01-12
Saint-Chamond,42207,42400,Maison,192.0,210000.0,1093.75,2024-01-16
Saint-Étienne,42218,42100,Appartement,54.0,81800.0,1514.81,2024-01-18
L'Étrat,42092,42580,Maison,93.0,229800.0,2470.97,2024-01-08
Saint-Étienne,42218,42000,Appartement,110.0,147500.0,1340.91,2024-01-17
La Côte-en-Couzan,42072,42111,Maison,240.0,110000.0,458.33,2024-01-10
Saint-Étienne,42218,42100,Appartement,33.0,45000.0,1363.64,2024-01-19
Leigneux,42119,42130,Maison,89.0,87500.0,983.15,2024-01-12
Leigneux,42119,42130,Maison,89.0,87500.0,983.15,2024-01-12
Saint-Étienne,42218,42100,Appartement,99.0,109000.0,1101.01,2024-01-19
Saint-Genest-Lerpt,42223,42530,Maison,88.0,268000.0,3045.45,2024-01-10
Saint-Étienne,42218,42000,Appartement,58.0,79000.0,1362.07,2024-01-19
Villars,42330,42390,Appartement,79.0,116000.0,1468.35,2024-01-18
Saint-Étienne,42218,42100,Appartement,20.0,115000.0,5750.0,2024-01-19
Saint-Étienne,42218,42100,Appartement,18.0,115000.0,6388.89,2024-01-19
Saint-Étienne,42218,42000,Appartement,22.0,48850.0,2220.45,2024-01-09
Saint-Étienne,42218,42000,Appartement,116.0,130000.0,1120.69,2024-01-19
Saint-Étienne,42218,42000,Appartement,70.0,129500.0,1850.0,2024-01-17
Saint-Étienne,42218,42100,Appartement,108.0,155700.0,1441.67,2024-01-22
Montbrison,42147,42600,Appartement,88.0,185000.0,2102.27,2024-01-12
Chambœuf,42043,42330,Maison,85.0,266950.0,3140.59,2024-01-10
Montchal,42148,42360,Maison,81.0,93000.0,1148.15,2024-01-08
Saint-Genest-Lerpt,42223,42530,Appartement,79.0,188550.0,2386.71,2024-01-18
L'Horme,42110,42152,Appartement,60.0,45000.0,750.0,2024-01-18
Saint-Étienne,42218,42000,Appartement,50.0,80000.0,1600.0,2024-01-12
Saint-Étienne,42218,42000,Appartement,55.0,175000.0,3181.82,2024-01-23
Saint-Étienne,42218,42000,Appartement,85.0,175000.0,2058.82,2024-01-23
Saint-Genest-Malifaux,42224,42660,Maison,53.0,150000.0,2830.19,2024-01-23
Rive-de-Gier,42186,42800,Appartement,74.0,140000.0,1891.89,2024-01-05
La Ricamarie,42183,42150,Appartement,72.0,51000.0,708.33,2024-01-05
Valfleury,42320,42320,Maison,76.0,100000.0,1315.79,2024-01-05
Saint-Étienne,42218,42000,Maison,78.0,95000.0,1217.95,2024-01-08
Saint-Genest-Lerpt,42223,42530,Appartement,51.0,126000.0,2470.59,2024-01-17
Saint-Étienne,42218,42000,Appartement,38.0,535000.0,14078.95,2024-01-08
Saint-Étienne,42218,42100,Appartement,91.0,104500.0,1148.35,2024-01-04
Saint-Étienne,42218,42230,Maison,81.0,219000.0,2703.7,2024-01-19
Viricelles,42335,42140,Maison,130.0,271100.0,2085.38,2024-01-18
Saint-Étienne,42218,42000,Appartement,104.0,259000.0,2490.38,2024-01-23
Montrond-les-Bains,42149,42210,Maison,67.0,176000.0,2626.87,2024-01-22
Saint-Étienne,42218,42000,Appartement,35.0,42500.0,1214.29,2024-01-08
Saint-Romain-le-Puy,42285,42610,Maison,45.0,92050.0,2045.56,2024-01-19
La Grand-Croix,42103,42320,Appartement,74.0,169000.0,2283.78,2024-01-04
Le Chambon-Feugerolles,42044,42500,Appartement,54.0,38000.0,703.7,2024-01-25
Saint-Genest-Malifaux,42224,42660,Appartement,39.0,46000.0,1179.49,2024-01-16
Saint-Étienne,42218,42100,Appartement,46.0,46000.0,1000.0,2024-01-19
Andrézieux-Bouthéon,42005,42160,Appartement,82.0,281800.0,3436.59,2024-01-22
Saint-Genest-Malifaux,42224,42660,Appartement,54.0,55000.0,1018.52,2024-01-24
Saint-Pierre-de-Bœuf,42272,42520,Maison,86.0,193000.0,2244.19,2024-01-11
Saint-Pierre-de-Bœuf,42272,42520,Maison,86.0,193000.0,2244.19,2024-01-11
Saint-Étienne,42218,42000,Appartement,40.0,70000.0,1750.0,2024-01-18
Cuzieu,42081,42330,Maison,60.0,184650.0,3077.5,2024-01-12
Saint-Galmier,42222,42330,Appartement,68.0,192000.0,2823.53,2024-01-24
Saint-Étienne,42218,42100,Maison,160.0,229500.0,1434.38,2024-01-08
Veauche,42323,42340,Maison,99.0,336000.0,3393.94,2024-01-22
Saint-Étienne,42218,42000,Appartement,81.0,70000.0,864.2,2024-01-22
Saint-Étienne,42218,42100,Appartement,55.0,76334.0,1387.89,2024-01-25
Rozier-en-Donzy,42193,42810,Maison,111.0,224500.0,2022.52,2024-01-08
Rozier-en-Donzy,42193,42810,Maison,111.0,224500.0,2022.52,2024-01-08
Magneux-Haute-Rive,42130,42600,Maison,73.0,22000.0,301.37,2024-01-22
Panissières,42165,42360,Maison,94.0,150000.0,1595.74,2024-01-26
Saint-Étienne,42218,42000,Appartement,32.0,37000.0,1156.25,2024-01-16
Saint-Étienne,42218,42100,Appartement,46.0,65500.0,1423.91,2024-01-18
Lorette,42123,42420,Appartement,69.0,161700.0,2343.48,2024-01-15
Lorette,42123,42420,Appartement,59.0,161700.0,2740.68,2024-01-15
Saint-Romain-le-Puy,42285,42610,Maison,112.0,245000.0,2187.5,2024-01-18
Montbrison,42147,42600,Appartement,70.0,121530.0,1736.14,2024-01-18
Panissières,42165,42360,Maison,55.0,127260.0,2313.82,2024-01-15
Saint-Pierre-de-Bœuf,42272,42520,Maison,96.0,202440.0,2108.75,2024-01-08
Saint-Étienne,42218,42000,Appartement,72.0,89000.0,1236.11,2024-01-09
Chalain-d'Uzore,42037,42600,Maison,70.0,130000.0,1857.14,2024-01-03
Saint-Étienne,42218,42100,Maison,75.0,190000.0,2533.33,2024-01-08
Saint-Étienne,42218,42100,Appartement,86.0,88850.0,1033.14,2024-01-22
Saint-Jean-Bonnefonds,42237,42650,Appartement,72.0,175500.0,2437.5,2024-01-18
La Talaudière,42305,42350,Appartement,78.0,140000.0,1794.87,2024-01-23
La Talaudière,42305,42350,Maison,99.0,165000.0,1666.67,2024-01-19
Saint-Étienne,42218,42100,Appartement,106.0,212000.0,2000.0,2024-01-08
Saint-Étienne,42218,42000,Appartement,86.0,107000.0,1244.19,2024-01-09
Saint-Étienne,42218,42100,Appartement,48.0,45000.0,937.5,2024-01-26
Saint-Étienne,42218,42000,Appartement,34.0,33800.0,994.12,2024-01-09
Saint-Étienne,42218,42100,Appartement,62.0,41000.0,661.29,2024-01-11
Saint-Étienne,42218,42000,Appartement,49.0,72300.0,1475.51,2024-01-25
Saint-Étienne,42218,42100,Appartement,82.0,125000.0,1524.39,2024-01-17
Saint-Étienne,42218,42100,Appartement,33.0,24000.0,727.27,2024-01-29
Chazelles-sur-Lyon,42059,42140,Maison,52.0,125000.0,2403.85,2024-01-11
Saint-Étienne,42218,42100,Appartement,126.0,216000.0,1714.29,2024-01-12
Fontanès,42096,42140,Maison,160.0,280000.0,1750.0,2024-01-05
L'Horme,42110,42152,Appartement,50.0,130000.0,2600.0,2024-01-08
Rive-de-Gier,42186,42800,Appartement,83.0,115000.0,1385.54,2024-01-19
Le Chambon-Feugerolles,42044,42500,Appartement,68.0,63000.0,926.47,2024-01-17
Rive-de-Gier,42186,42800,Maison,119.0,300000.0,2521.01,2024-01-18
Villars,42330,42390,Appartement,90.0,195500.0,2172.22,2024-01-12
Saint-Étienne,42218,42000,Appartement,35.0,58900.0,1682.86,2024-01-05
Saint-Étienne,42218,42100,Appartement,65.0,47000.0,723.08,2024-01-12
Saint-Bonnet-les-Oules,42206,42330,Maison,143.0,519000.0,3629.37,2024-01-12
Saint-Bonnet-les-Oules,42206,42330,Maison,143.0,519000.0,3629.37,2024-01-12
Usson-en-Forez,42318,42550,Appartement,85.0,70000.0,823.53,2024-01-11
Saint-Genest-Lerpt,42223,42530,Maison,115.0,380000.0,3304.35,2024-01-08
Saint-Paul-en-Jarez,42271,42740,Appartement,66.0,66700.0,1010.61,2024-01-08
Saint-Étienne,42218,42000,Appartement,75.0,92000.0,1226.67,2024-01-12
Saint-Étienne,42218,42000,Appartement,63.0,52000.0,825.4,2024-01-16
L'Horme,42110,42152,Appartement,50.0,175000.0,3500.0,2024-01-09
Estivareilles,42091,42380,Maison,70.0,35000.0,500.0,2024-01-04
Saint-Joseph,42242,42800,Maison,88.0,268950.0,3056.25,2024-01-29
Firminy,42095,42700,Appartement,94.0,105000.0,1117.02,2024-01-26
Montbrison,42147,42600,Maison,94.0,230000.0,2446.81,2024-01-26
Montbrison,42147,42600,Maison,94.0,230000.0,2446.81,2024-01-26
Chazelles-sur-Lyon,42059,42140,Maison,100.0,175800.0,1758.0,2024-01-17
Essertines-en-Châtelneuf,42089,42600,Maison,60.0,30000.0,500.0,2024-01-19
Saint-Étienne,42218,42000,Appartement,80.0,97900.0,1223.75,2024-01-18
Saint-Étienne,42218,42000,Appartement,60.0,72000.0,1200.0,2024-01-18
Montbrison,42147,42600,Maison,95.0,261610.0,2753.79,2024-01-11
Montbrison,42147,42600,Maison,95.0,261610.0,2753.79,2024-01-11
Chalmazel-Jeansagnière,42039,42920,Maison,41.0,67000.0,1634.15,2024-01-16
Saint-Étienne,42218,42100,Appartement,50.0,58000.0,1160.0,2024-01-30
Saint-Étienne,42218,42100,Appartement,109.0,138960.0,1274.86,2024-01-18
Saint-Étienne,42218,42100,Appartement,70.0,42000.0,600.0,2024-01-26
Genilac,42225,42800,Maison,117.0,393000.0,3358.97,2024-01-19
Genilac,42225,42800,Maison,117.0,393000.0,3358.97,2024-01-19
Lorette,42123,42420,Appartement,83.0,155925.0,1878.61,2024-01-18
Doizieux,42085,42740,Maison,50.0,290200.0,5804.0,2024-01-16
Doizieux,42085,42740,Maison,200.0,290200.0,1451.0,2024-01-16
Saint-Chamond,42207,42400,Appartement,37.0,48000.0,1297.3,2024-01-23
Saint-Priest-en-Jarez,42275,42270,Maison,88.0,273770.0,3111.02,2024-01-29
La Tour-en-Jarez,42311,42580,Maison,114.0,302500.0,2653.51,2024-01-18
Saint-Étienne,42218,42000,Appartement,66.0,53000.0,803.03,2024-01-23
Villars,42330,42390,Appartement,91.0,115000.0,1263.74,2024-01-22
Saint-Chamond,42207,42400,Appartement,78.0,90000.0,1153.85,2024-01-30
Villars,42330,42390,Maison,64.0,190000.0,2968.75,2024-01-26
Saint-Sauveur-en-Rue,42287,42220,Maison,70.0,84900.0,1212.86,2024-01-29
Rive-de-Gier,42186,42800,Appartement,58.0,40000.0,689.66,2024-01-29
L'Horme,42110,42152,Maison,104.0,180000.0,1730.77,2024-01-17
Malleval,42132,42520,Maison,70.0,190500.0,2721.43,2024-01-29
Saint-Étienne,42218,42000,Maison,99.0,235000.0,2373.74,2024-01-11
Saint-Étienne,42218,42000,Maison,99.0,235000.0,2373.74,2024-01-11
Aboën,42001,42380,Maison,67.0,225000.0,3358.21,2024-01-26
Saint-Étienne,42218,42100,Appartement,102.0,130100.0,1275.49,2024-01-12
Saint-Joseph,42242,42800,Maison,110.0,276200.0,2510.91,2024-01-26
Saint-Joseph,42242,42800,Maison,30.0,215000.0,7166.67,2024-01-30
Saint-Joseph,42242,42800,Maison,75.0,215000.0,2866.67,2024-01-30
Unieux,42316,42240,Maison,81.0,130480.0,1610.86,2024-01-24
Saint-Maurice-en-Gourgois,42262,42240,Maison,80.0,208000.0,2600.0,2024-01-26
Firminy,42095,42700,Appartement,78.0,78000.0,1000.0,2024-01-19
Saint-Genest-Lerpt,42223,42530,Appartement,48.0,310000.0,6458.33,2024-01-16
Saint-Genest-Lerpt,42223,42530,Appartement,39.0,310000.0,7948.72,2024-01-16
Saint-Genest-Lerpt,42223,42530,Appartement,48.0,310000.0,6458.33,2024-01-16
Saint-Genest-Lerpt,42223,42530,Appartement,53.0,310000.0,5849.06,2024-01-16
Fraisses,42099,42490,Appartement,82.0,115000.0,1402.44,2024-01-25
Firminy,42095,42700,Maison,120.0,210000.0,1750.0,2024-01-22
Firminy,42095,42700,Maison,120.0,210000.0,1750.0,2024-01-22
Firminy,42095,42700,Maison,120.0,210000.0,1750.0,2024-01-22
Saint-Étienne,42218,42100,Appartement,31.0,65000.0,2096.77,2024-01-17
Saint-Étienne,42218,42100,Maison,109.0,260000.0,2385.32,2024-01-08
Saint-Étienne,42218,42100,Appartement,75.0,241000.0,3213.33,2024-01-23
Sorbiers,42302,42290,Appartement,54.0,250000.0,4629.63,2024-01-16
Sorbiers,42302,42290,Appartement,62.0,250000.0,4032.26,2024-01-16
Sorbiers,42302,42290,Appartement,80.0,250000.0,3125.0,2024-01-16
Andrézieux-Bouthéon,42005,42160,Appartement,76.0,270500.0,3559.21,2024-01-18
Saint-Étienne,42218,42000,Appartement,88.0,122500.0,1392.05,2024-01-23
Feurs,42094,42110,Appartement,39.0,403000.0,10333.33,2024-01-08
Feurs,42094,42110,Appartement,39.0,403000.0,10333.33,2024-01-08
Montbrison,42147,42600,Appartement,54.0,75900.0,1405.56,2024-01-26
Saint-Étienne,42218,42000,Appartement,54.0,80800.0,1496.3,2024-01-12
Firminy,42095,42700,Appartement,72.0,68000.0,944.44,2024-01-30
Firminy,42095,42700,Appartement,56.0,68000.0,1214.29,2024-01-30
Saint-Étienne,42218,42000,Appartement,43.0,45000.0,1046.51,2024-01-19
Saint-Bonnet-le-Château,42204,42380,Maison,104.0,65000.0,625.0,2024-01-29
Saint-Étienne,42218,42000,Appartement,45.0,46500.0,1033.33,2024-01-26
La Tourette,42312,42380,Maison,133.0,97000.0,729.32,2024-02-01
La Tourette,42312,42380,Maison,133.0,97000.0,729.32,2024-02-01
Saint-Galmier,42222,42330,Maison,36.0,70000.0,1944.44,2024-01-26
Saint-Galmier,42222,42330,Maison,106.0,410000.0,3867.92,2024-01-26
Saint-Galmier,42222,42330,Maison,106.0,410000.0,3867.92,2024-01-26
Saint-Barthélemy-Lestra,42202,42110,Maison,137.0,319600.0,2332.85,2024-01-25
Saint-Barthélemy-Lestra,42202,42110,Maison,137.0,319600.0,2332.85,2024-01-25
Saint-Just-Saint-Rambert,42279,42170,Maison,86.0,168000.0,1953.49,2024-01-25
Saint-André-le-Puy,42200,42210,Maison,89.0,191300.0,2149.44,2024-01-23
Andrézieux-Bouthéon,42005,42160,Maison,84.0,150000.0,1785.71,2024-01-24
Veauche,42323,42340,Appartement,76.0,200200.0,2634.21,2024-01-12
Villars,42330,42390,Appartement,84.0,100000.0,1190.48,2024-01-30
Saint-Étienne,42218,42100,Appartement,95.0,59000.0,621.05,2024-01-29
Châteauneuf,42053,42800,Maison,116.0,222030.0,1914.05,2024-01-22
Châteauneuf,42053,42800,Maison,116.0,222030.0,1914.05,2024-01-22
Périgneux,42169,42380,Maison,133.0,356300.0,2678.95,2024-01-29
Saint-Romain-le-Puy,42285,42610,Maison,180.0,202550.0,1125.28,2024-01-26
La Fouillouse,42097,42480,Maison,135.0,414300.0,3068.89,2024-01-24
La Fouillouse,42097,42480,Maison,135.0,414300.0,3068.89,2024-01-24
Feurs,42094,42110,Maison,92.0,220000.0,2391.3,2024-01-19
Saint-Étienne,42218,42100,Appartement,37.0,40000.0,1081.08,2024-01-24
Saint-Étienne,42218,42100,Appartement,30.0,40000.0,1333.33,2024-01-24
Saint-Étienne,42218,42100,Appartement,24.0,40000.0,1666.67,2024-01-24
Saint-Étienne,42218,42100,Appartement,16.0,40000.0,2500.0,2024-01-24
Veauche,42323,42340,Maison,81.0,200000.0,2469.14,2024-01-24
Saint-Priest-en-Jarez,42275,42270,Maison,148.0,407670.0,2754.53,2024-01-22
Saint-Priest-en-Jarez,42275,42270,Maison,148.0,407670.0,2754.53,2024-01-22
Veauchette,42324,42340,Maison,150.0,495900.0,3306.0,2024-01-22
Veauchette,42324,42340,Maison,150.0,495900.0,3306.0,2024-01-22
Saint-Étienne,42218,42100,Maison,113.0,200000.0,1769.91,2024-02-02
Périgneux,42169,42380,Maison,110.0,205000.0,1863.64,2024-01-25
Cuzieu,42081,42330,Maison,164.0,205000.0,1250.0,2024-01-19
Cuzieu,42081,42330,Maison,73.0,205000.0,2808.22,2024-01-19
Saint-Étienne,42218,42100,Appartement,60.0,370000.0,6166.67,2024-01-24
Saint-Étienne,42218,42100,Appartement,62.0,48000.0,774.19,2024-01-31
La Talaudière,42305,42350,Maison,67.0,249000.0,3716.42,2024-01-19
Boën-sur-Lignon,42019,42130,Maison,162.0,198000.0,1222.22,2024-01-26
Saint-Étienne,42218,42100,Appartement,79.0,9000.0,113.92,2024-01-22
Pouilly-lès-Feurs,42175,42110,Maison,100.0,89000.0,890.0,2024-01-23
Saint-Étienne,42218,42000,Appartement,57.0,70000.0,1228.07,2024-01-31
Saint-Cyprien,42211,42160,Maison,100.0,500000.0,5000.0,2024-01-31
Savigneux,42299,42600,Appartement,50.0,131000.0,2620.0,2024-01-26
Saint-Héand,42234,42570,Maison,222.0,468000.0,2108.11,2024-02-02
Saint-Héand,42234,42570,Maison,222.0,468000.0,2108.11,2024-02-02
Saint-Héand,42234,42570,Maison,222.0,468000.0,2108.11,2024-02-02
Saint-Étienne,42218,42100,Appartement,49.0,97000.0,1979.59,2024-01-08
Saint-Just-Saint-Rambert,42279,42170,Maison,87.0,212500.0,2442.53,2024-01-30
Savigneux,42299,42600,Maison,91.0,253400.0,2784.62,2024-01-30
Montrond-les-Bains,42149,42210,Maison,107.0,245000.0,2289.72,2024-01-24
La Talaudière,42305,42350,Maison,79.0,215100.0,2722.78,2024-01-25
La Grand-Croix,42103,42320,Appartement,93.0,204000.0,2193.55,2024-01-31
Rive-de-Gier,42186,42800,Appartement,110.0,123500.0,1122.73,2024-01-29
Rive-de-Gier,42186,42800,Appartement,53.0,123500.0,2330.19,2024-01-29
Le Chambon-Feugerolles,42044,42500,Maison,89.0,202750.0,2278.09,2024-01-29
Veauchette,42324,42340,Maison,146.0,290000.0,1986.3,2024-01-15
Saint-Jean-Soleymieux,42240,42560,Appartement,115.0,41000.0,356.52,2024-01-25
Saint-Étienne,42218,42100,Appartement,28.0,17000.0,607.14,2024-01-29
Boisset-lès-Montrond,42020,42210,Maison,139.0,318500.0,2291.37,2024-01-30
Boisset-lès-Montrond,42020,42210,Maison,139.0,318500.0,2291.37,2024-01-30
Boisset-lès-Montrond,42020,42210,Maison,139.0,318500.0,2291.37,2024-01-30
Saint-Étienne,42218,42100,Appartement,147.0,198000.0,1346.94,2024-01-22
Veauche,42323,42340,Maison,126.0,250000.0,1984.13,2024-01-30
Firminy,42095,42700,Appartement,50.0,55000.0,1100.0,2024-01-24
Firminy,42095,42700,Appartement,49.0,51400.0,1048.98,2024-01-29
Saint-Genest-Lerpt,42223,42530,Maison,114.0,326300.0,2862.28,2024-01-25
Montbrison,42147,42600,Appartement,32.0,72500.0,2265.62,2024-01-30
Saint-Chamond,42207,42400,Appartement,56.0,70000.0,1250.0,2024-01-12
Saint-Étienne,42218,42000,Appartement,40.0,44500.0,1112.5,2024-02-01
Saint-Étienne,42218,42000,Appartement,39.0,60000.0,1538.46,2024-01-25
Saint-Galmier,42222,42330,Maison,96.0,325000.0,3385.42,2024-01-11
Saint-Galmier,42222,42330,Maison,96.0,325000.0,3385.42,2024-01-11
Andrézieux-Bouthéon,42005,42160,Appartement,64.0,130000.0,2031.25,2024-02-02
Saint-Étienne,42218,42100,Appartement,64.0,80000.0,1250.0,2024-01-26
Rozier-en-Donzy,42193,42810,Maison,200.0,233875.0,1169.38,2024-01-26
Apinac,42006,42550,Maison,128.0,202800.0,1584.38,2024-01-30
Boën-sur-Lignon,42019,42130,Maison,144.0,274190.0,1904.1,2024-01-31
Boën-sur-Lignon,42019,42130,Maison,144.0,274190.0,1904.1,2024-01-31
Viricelles,42335,42140,Appartement,68.0,135000.0,1985.29,2024-01-04
Le Chambon-Feugerolles,42044,42500,Maison,180.0,110000.0,611.11,2024-01-17
La Talaudière,42305,42350,Maison,139.0,577000.0,4151.08,2024-01-29
Boën-sur-Lignon,42019,42130,Maison,54.0,37000.0,685.19,2024-01-29
Pélussin,42168,42410,Maison,144.0,130000.0,902.78,2024-01-26
Saint-Pierre-de-Bœuf,42272,42520,Appartement,60.0,90000.0,1500.0,2024-01-26
Saint-Étienne,42218,42100,Appartement,85.0,160000.0,1882.35,2024-02-02
Saint-Étienne,42218,42000,Appartement,43.0,137929.0,3207.65,2024-01-17
Marcoux,42136,42130,Maison,160.0,170000.0,1062.5,2024-01-30
Lorette,42123,42420,Appartement,96.0,55000.0,572.92,2024-01-30
Andrézieux-Bouthéon,42005,42160,Appartement,73.0,177500.0,2431.51,2024-01-29
Saint-Étienne,42218,42000,Appartement,35.0,36000.0,1028.57,2024-01-25
Saint-Étienne,42218,42100,Appartement,56.0,52500.0,937.5,2024-02-02
Saint-Étienne,42218,42100,Appartement,76.0,80000.0,1052.63,2024-01-23
Saint-Étienne,42218,42000,Appartement,48.0,50000.0,1041.67,2024-02-02
Pavezin,42167,42410,Maison,48.0,178000.0,3708.33,2024-01-24
Saint-Romain-en-Jarez,42283,42800,Maison,107.0,319700.0,2987.85,2024-01-25
Sainte-Agathe-la-Bouteresse,42197,42130,Maison,80.0,176180.0,2202.25,2024-01-10
Saint-Étienne,42218,42000,Appartement,47.0,45000.0,957.45,2024-01-26
Villars,42330,42390,Maison,100.0,300000.0,3000.0,2024-01-23
Saint-Étienne,42218,42000,Appartement,100.0,84000.0,840.0,2024-02-05
Saint-Chamond,42207,42400,Appartement,71.0,50000.0,704.23,2024-02-01
Firminy,42095,42700,Maison,53.0,97500.0,1839.62,2024-02-02
La Grand-Croix,42103,42320,Appartement,40.0,95000.0,2375.0,2024-01-08
Boisset-Saint-Priest,42021,42560,Maison,123.0,299600.0,2435.77,2024-01-29
Boisset-Saint-Priest,42021,42560,Maison,123.0,299600.0,2435.77,2024-01-29
Saint-Galmier,42222,42330,Maison,89.0,313500.0,3522.47,2024-01-23
Saint-Étienne,42218,42100,Appartement,57.0,90700.0,1591.23,2024-01-31
Panissières,42165,42360,Maison,87.0,215000.0,2471.26,2024-01-16
Saint-Étienne,42218,42000,Appartement,65.0,62000.0,953.85,2024-01-16
Montrond-les-Bains,42149,42210,Appartement,79.0,138000.0,1746.84,2024-01-30
Saint-Étienne,42218,42100,Appartement,59.0,91000.0,1542.37,2024-01-11
Chazelles-sur-Lyon,42059,42140,Maison,116.0,480000.0,4137.93,2024-01-29
Sury-le-Comtal,42304,42450,Maison,48.0,58000.0,1208.33,2024-01-31
Firminy,42095,42700,Appartement,78.0,72000.0,923.08,2024-01-31
Maclas,42129,42520,Appartement,70.0,200000.0,2857.14,2024-01-26
Maclas,42129,42520,Appartement,40.0,200000.0,5000.0,2024-01-26
Maclas,42129,42520,Appartement,24.0,200000.0,8333.33,2024-01-26
Maclas,42129,42520,Appartement,60.0,200000.0,3333.33,2024-01-26
Saint-Étienne,42218,42000,Appartement,26.0,112100.0,4311.54,2024-01-15
Saint-Étienne,42218,42000,Appartement,36.0,112100.0,3113.89,2024-01-15
Saint-Étienne,42218,42000,Appartement,26.0,112100.0,4311.54,2024-01-15
Saint-Étienne,42218,42000,Appartement,58.0,112100.0,1932.76,2024-01-15
Saint-Étienne,42218,42000,Appartement,26.0,112100.0,4311.54,2024-01-15
Saint-Étienne,42218,42000,Appartement,30.0,112100.0,3736.67,2024-01-15
Saint-Romain-le-Puy,42285,42610,Maison,150.0,105000.0,700.0,2024-01-22
Saint-Étienne,42218,42000,Appartement,88.0,130000.0,1477.27,2024-01-16
Saint-Étienne,42218,42000,Appartement,120.0,252900.0,2107.5,2024-01-15
Savigneux,42299,42600,Maison,101.0,215000.0,2128.71,2024-01-19
L'Hôpital-sous-Rochefort,42109,42130,Maison,65.0,105000.0,1615.38,2024-01-22
Saint-Étienne,42218,42100,Appartement,71.0,119300.0,1680.28,2024-01-09
Saint-Étienne,42218,42100,Maison,99.0,240700.0,2431.31,2024-01-12
Saint-André-le-Puy,42200,42210,Maison,89.0,312000.0,3505.62,2024-01-30
Saint-André-le-Puy,42200,42210,Maison,89.0,312000.0,3505.62,2024-01-30
Firminy,42095,42700,Maison,71.0,207900.0,2928.17,2024-02-01
Saint-Étienne,42218,42100,Appartement,30.0,45000.0,1500.0,2024-02-01
Saint-Étienne,42218,42100,Appartement,60.0,65500.0,1091.67,2024-01-18
Unieux,42316,42240,Maison,93.0,222000.0,2387.1,2024-01-26
Saint-Étienne,42218,42000,Appartement,109.0,162500.0,1490.83,2024-01-16
Saint-Étienne,42218,42000,Appartement,57.0,50000.0,877.19,2024-01-24
Poncins,42174,42110,Maison,123.0,328900.0,2673.98,2024-02-07
Poncins,42174,42110,Maison,123.0,328900.0,2673.98,2024-02-07
Sury-le-Comtal,42304,42450,Maison,77.0,87000.0,1129.87,2024-01-31
Saint-Galmier,42222,42330,Maison,210.0,868698.0,4136.66,2024-01-16
Saint-Galmier,42222,42330,Maison,210.0,868698.0,4136.66,2024-01-16
Saint-Étienne,42218,42100,Appartement,96.0,108000.0,1125.0,2024-01-25
Saint-Étienne,42218,42100,Maison,93.0,280000.0,3010.75,2024-01-30
Saint-Étienne,42218,42100,Maison,93.0,280000.0,3010.75,2024-01-30
Saint-Étienne,42218,42000,Maison,80.0,185000.0,2312.5,2024-01-17
Unieux,42316,42240,Appartement,63.0,105390.0,1672.86,2024-02-01
Andrézieux-Bouthéon,42005,42160,Appartement,88.0,275000.0,3125.0,2024-02-02
Saint-Étienne,42218,42100,Appartement,76.0,58000.0,763.16,2024-01-31
Montbrison,42147,42600,Appartement,70.0,87000.0,1242.86,2024-01-26
Saint-Étienne,42218,42100,Appartement,78.0,122000.0,1564.1,2024-01-11
Champdieu,42046,42600,Maison,118.0,226000.0,1915.25,2024-01-25
La Fouillouse,42097,42480,Maison,102.0,320000.0,3137.25,2024-01-12
Fraisses,42099,42490,Maison,116.0,365000.0,3146.55,2024-02-02
La Ricamarie,42183,42150,Appartement,69.0,48000.0,695.65,2024-01-30
Saint-Étienne,42218,42100,Appartement,30.0,33000.0,1100.0,2024-01-31
Saint-Étienne,42218,42100,Appartement,48.0,30000.0,625.0,2024-01-11
Saint-Étienne,42218,42000,Appartement,58.0,82900.0,1429.31,2024-02-07
Feurs,42094,42110,Appartement,59.0,146400.0,2481.36,2024-01-29
Saint-Étienne,42218,42100,Appartement,33.0,40500.0,1227.27,2024-01-26
Saint-Chamond,42207,42400,Maison,16.0,340000.0,21250.0,2024-01-30
Unieux,42316,42240,Maison,125.0,105000.0,840.0,2024-01-30
Montrond-les-Bains,42149,42210,Maison,63.0,174000.0,2761.9,2024-01-31
Saint-Didier-sur-Rochefort,42217,42111,Maison,80.0,30000.0,375.0,2024-02-01
Saint-Étienne,42218,42000,Appartement,22.0,41400.0,1881.82,2024-01-30
Saint-Étienne,42218,42000,Appartement,18.0,41400.0,2300.0,2024-01-30
Saint-Étienne,42218,42000,Appartement,28.0,41400.0,1478.57,2024-01-30
Saint-Étienne,42218,42000,Appartement,16.0,41400.0,2587.5,2024-01-30
Andrézieux-Bouthéon,42005,42160,Maison,127.0,401300.0,3159.84,2024-01-08
Andrézieux-Bouthéon,42005,42160,Maison,127.0,401300.0,3159.84,2024-01-08
Roche-la-Molière,42189,42230,Appartement,75.0,137000.0,1826.67,2024-02-01
Boën-sur-Lignon,42019,42130,Maison,85.0,183000.0,2152.94,2024-02-09
Saint-Étienne,42218,42000,Appartement,35.0,46000.0,1314.29,2024-02-05
Firminy,42095,42700,Appartement,39.0,145000.0,3717.95,2024-01-29
Firminy,42095,42700,Appartement,37.0,145000.0,3918.92,2024-01-29
Firminy,42095,42700,Appartement,37.0,145000.0,3918.92,2024-01-29
Firminy,42095,42700,Appartement,24.0,145000.0,6041.67,2024-01-29
Saint-Étienne,42218,42000,Appartement,45.0,79000.0,1755.56,2024-01-30
La Talaudière,42305,42350,Maison,121.0,280000.0,2314.05,2024-01-19
Périgneux,42169,42380,Maison,90.0,238500.0,2650.0,2024-02-09
Valfleury,42320,42320,Maison,94.0,220400.0,2344.68,2024-01-29
Saint-Just-Saint-Rambert,42279,42170,Maison,104.0,428000.0,4115.38,2024-01-29
Saint-Just-Saint-Rambert,42279,42170,Maison,104.0,428000.0,4115.38,2024-01-29
Saint-Étienne,42218,42100,Appartement,31.0,95200.0,3070.97,2024-02-02
Saint-Étienne,42218,42100,Appartement,25.0,95200.0,3808.0,2024-02-02
Saint-Étienne,42218,42100,Appartement,31.0,95200.0,3070.97,2024-02-02
Vêtre-sur-Anzon,42245,42440,Maison,40.0,21000.0,525.0,2024-01-31
Villars,42330,42390,Appartement,67.0,88500.0,1320.9,2024-02-07
Saint-Bonnet-le-Courreau,42205,42940,Maison,67.0,118000.0,1761.19,2024-01-26
Saint-Étienne,42218,42000,Appartement,57.0,86000.0,1508.77,2024-01-17
Saint-Héand,42234,42570,Maison,42.0,210500.0,5011.9,2024-02-05
Saint-Romain-les-Atheux,42286,42660,Maison,104.0,96000.0,923.08,2024-01-29
Sorbiers,42302,42290,Maison,84.0,269000.0,3202.38,2024-02-07
Rive-de-Gier,42186,42800,Maison,121.0,338835.0,2800.29,2024-01-26
Saint-Héand,42234,42570,Maison,124.0,320000.0,2580.65,2024-02-06
Saint-Chamond,42207,42400,Maison,70.0,134550.0,1922.14,2024-01-30
La Talaudière,42305,42350,Maison,92.0,304000.0,3304.35,2024-01-31
Saint-Jean-Bonnefonds,42237,42650,Appartement,49.0,70990.0,1448.78,2024-01-25
Chavanay,42056,42410,Maison,100.0,194200.0,1942.0,2024-01-26
Saint-Étienne,42218,42000,Appartement,23.0,41500.0,1804.35,2024-02-05
Saint-Étienne,42218,42000,Appartement,72.0,94000.0,1305.56,2024-02-06
Saint-Étienne,42218,42100,Appartement,50.0,70000.0,1400.0,2024-01-24
Saint-Étienne,42218,42000,Appartement,130.0,210000.0,1615.38,2024-01-25
Saint-Étienne,42218,42000,Appartement,14.0,12800.0,914.29,2024-01-22
Saint-Étienne,42218,42100,Appartement,67.0,51500.0,768.66,2024-01-30
Saint-Étienne,42218,42100,Appartement,69.0,87400.0,1266.67,2024-01-24
Saint-Étienne,42218,42000,Appartement,71.0,85000.0,1197.18,2024-01-24
Saint-Étienne,42218,42000,Appartement,60.0,73650.0,1227.5,2024-02-01
Saint-Étienne,42218,42000,Maison,125.0,165000.0,1320.0,2024-01-30
Saint-Étienne,42218,42100,Maison,103.0,304300.0,2954.37,2024-01-24
Saint-Étienne,42218,42000,Appartement,49.0,45000.0,918.37,2024-01-30
Saint-Étienne,42218,42100,Appartement,45.0,77000.0,1711.11,2024-01-26
Saint-Étienne,42218,42100,Appartement,63.0,69500.0,1103.17,2024-01-26
La Talaudière,42305,42350,Appartement,50.0,118000.0,2360.0,2024-01-31
Saint-Étienne,42218,42000,Appartement,80.0,70000.0,875.0,2024-01-23
Saint-Étienne,42218,42000,Appartement,80.0,70000.0,875.0,2024-01-23
Saint-Étienne,42218,42100,Maison,80.0,200000.0,2500.0,2024-02-06
Saint-Étienne,42218,42100,Appartement,66.0,60000.0,909.09,2024-01-24
Sury-le-Comtal,42304,42450,Maison,50.0,160000.0,3200.0,2024-02-02
Rivas,42185,42340,Maison,119.0,305000.0,2563.03,2024-01-30
Saint-Jean-Soleymieux,42240,42560,Maison,62.0,62500.0,1008.06,2024-01-19
Feurs,42094,42110,Maison,87.0,228500.0,2626.44,2024-02-05
Saint-Étienne,42218,42100,Appartement,48.0,92000.0,1916.67,2024-01-19
Margerie-Chantagret,42137,42560,Maison,51.0,70000.0,1372.55,2024-01-20
Saint-Paul-en-Jarez,42271,42740,Maison,92.0,187000.0,2032.61,2024-01-16
Saint-Cyprien,42211,42160,Maison,65.0,141000.0,2169.23,2024-02-09
Sail-sous-Couzan,42195,42890,Maison,83.0,176300.0,2124.1,2024-01-16
Sail-sous-Couzan,42195,42890,Maison,83.0,176300.0,2124.1,2024-01-16
Unias,42315,42210,Maison,91.0,140000.0,1538.46,2024-01-29
La Chambonie,42045,42440,Maison,80.0,80000.0,1000.0,2024-02-08
Villars,42330,42390,Appartement,90.0,172000.0,1911.11,2024-01-18
Montrond-les-Bains,42149,42210,Appartement,68.0,133420.0,1962.06,2024-02-02
Rive-de-Gier,42186,42800,Appartement,80.0,155000.0,1937.5,2024-02-06
Rive-de-Gier,42186,42800,Appartement,74.0,155000.0,2094.59,2024-02-06
Saint-Étienne,42218,42000,Appartement,25.0,35500.0,1420.0,2024-02-01
Saint-Étienne,42218,42000,Appartement,50.0,37000.0,740.0,2024-02-01
Firminy,42095,42700,Appartement,110.0,104500.0,950.0,2024-02-07
Saint-Bonnet-les-Oules,42206,42330,Maison,64.0,250000.0,3906.25,2024-01-24
Saint-Étienne,42218,42000,Appartement,25.0,31000.0,1240.0,2024-01-31
Andrézieux-Bouthéon,42005,42160,Appartement,65.0,185000.0,2846.15,2024-02-01
Firminy,42095,42700,Maison,85.0,192500.0,2264.71,2024-02-07
Firminy,42095,42700,Maison,85.0,192500.0,2264.71,2024-02-07
Firminy,42095,42700,Maison,85.0,192500.0,2264.71,2024-02-07
Saint-Étienne,42218,42100,Appartement,36.0,37000.0,1027.78,2024-02-07
Saint-Étienne,42218,42000,Appartement,56.0,59000.0,1053.57,2024-02-01
Montbrison,42147,42600,Appartement,47.0,150000.0,3191.49,2024-01-29
Montbrison,42147,42600,Appartement,45.0,150000.0,3333.33,2024-01-29
Châtelneuf,42054,42940,Maison,170.0,205000.0,1205.88,2024-02-06
Montbrison,42147,42600,Maison,175.0,130000.0,742.86,2024-02-08
Saint-Étienne,42218,42100,Maison,99.0,211000.0,2131.31,2024-01-31
Le Chambon-Feugerolles,42044,42500,Appartement,75.0,120000.0,1600.0,2024-02-01
Le Chambon-Feugerolles,42044,42500,Appartement,75.0,120000.0,1600.0,2024-02-01
Saint-Étienne,42218,42100,Appartement,77.0,85700.0,1112.99,2024-02-01
Saint-Paul-en-Cornillon,42270,42240,Maison,135.0,326000.0,2414.81,2024-02-02
Saint-Paul-en-Cornillon,42270,42240,Maison,135.0,326000.0,2414.81,2024-02-02
Sury-le-Comtal,42304,42450,Maison,75.0,120000.0,1600.0,2024-01-26
La Chapelle-en-Lafaye,42050,42380,Maison,95.0,105000.0,1105.26,2024-02-12
Saint-Étienne,42218,42100,Appartement,91.0,95000.0,1043.96,2024-02-06
Montbrison,42147,42600,Appartement,50.0,98000.0,1960.0,2024-01-17
Saint-Étienne,42218,42000,Appartement,56.0,16000.0,285.71,2024-02-07
Pouilly-lès-Feurs,42175,42110,Maison,93.0,119000.0,1279.57,2024-02-13
Soleymieux,42301,42560,Maison,93.0,80500.0,865.59,2024-01-22
Boën-sur-Lignon,42019,42130,Appartement,54.0,75000.0,1388.89,2024-02-06
Saint-Étienne,42218,42100,Appartement,43.0,105500.0,2453.49,2024-02-08
Saint-Marcellin-en-Forez,42256,42680,Maison,86.0,240000.0,2790.7,2024-02-09
Saint-Étienne,42218,42100,Appartement,89.0,96000.0,1078.65,2024-02-08
Roche-la-Molière,42189,42230,Maison,143.0,345000.0,2412.59,2024-02-02
Roche-la-Molière,42189,42230,Maison,143.0,345000.0,2412.59,2024-02-02
Roche-la-Molière,42189,42230,Maison,85.0,177000.0,2082.35,2024-02-02
Saint-Étienne,42218,42100,Appartement,56.0,181477.88,3240.68,2024-01-26
Saint-Marcellin-en-Forez,42256,42680,Maison,101.0,200000.0,1980.2,2024-02-13
Saint-Marcellin-en-Forez,42256,42680,Maison,101.0,200000.0,1980.2,2024-02-13
Saint-Étienne,42218,42100,Appartement,90.0,136000.0,1511.11,2024-02-02
Saint-Étienne,42218,42000,Appartement,101.0,137000.0,1356.44,2024-02-05
Saint-Étienne,42218,42000,Appartement,101.0,75000.0,742.57,2024-02-07
Saint-Étienne,42218,42000,Appartement,35.0,23000.0,657.14,2024-02-06
Andrézieux-Bouthéon,42005,42160,Appartement,75.0,217000.0,2893.33,2024-01-26
Saint-Étienne,42218,42100,Appartement,88.0,110000.0,1250.0,2024-02-09
La Valla-en-Gier,42322,42131,Maison,90.0,60000.0,666.67,2024-02-05
Andrézieux-Bouthéon,42005,42160,Appartement,48.0,154000.0,3208.33,2024-01-25
Boën-sur-Lignon,42019,42130,Maison,24.0,159000.0,6625.0,2024-01-19
Saint-Étienne,42218,42100,Appartement,76.0,54000.0,710.53,2024-01-31
Saint-Étienne,42218,42100,Appartement,35.0,30000.0,857.14,2024-02-01
Saint-Étienne,42218,42000,Appartement,74.0,123500.0,1668.92,2024-02-02
Saint-Étienne,42218,42100,Appartement,166.0,40000.0,240.96,2024-02-02
L'Horme,42110,42152,Maison,129.0,508040.0,3938.29,2024-02-05
Saint-Priest-en-Jarez,42275,42270,Appartement,103.0,172870.0,1678.35,2024-01-19
La Fouillouse,42097,42480,Maison,102.0,342700.0,3359.8,2024-01-22
La Fouillouse,42097,42480,Maison,102.0,342700.0,3359.8,2024-01-22
Saint-Étienne,42218,42000,Appartement,20.0,45000.0,2250.0,2024-02-01
Saint-Étienne,42218,42000,Appartement,60.0,45000.0,750.0,2024-02-01
Usson-en-Forez,42318,42550,Maison,56.0,45000.0,803.57,2024-02-13
Saint-Étienne,42218,42000,Appartement,54.0,30000.0,555.56,2024-02-09
Saint-Étienne,42218,42100,Appartement,40.0,48000.0,1200.0,2024-01-26
Saint-Genest-Malifaux,42224,42660,Appartement,58.0,45000.0,775.86,2024-02-12
Unieux,42316,42240,Maison,80.0,195000.0,2437.5,2024-02-16
Saint-Barthélemy-Lestra,42202,42110,Maison,52.0,132000.0,2538.46,2024-02-08
Saint-Genest-Malifaux,42224,42660,Appartement,28.0,26000.0,928.57,2024-01-26
Roche-la-Molière,42189,42230,Maison,58.0,130000.0,2241.38,2024-01-29
La Ricamarie,42183,42150,Appartement,110.0,79000.0,718.18,2024-02-05
Saint-Étienne,42218,42100,Appartement,37.0,25000.0,675.68,2024-02-02
Saint-Chamond,42207,42400,Appartement,18.0,15000.0,833.33,2024-01-17
Saint-Étienne,42218,42100,Appartement,78.0,130000.0,1666.67,2024-01-16
Saint-Étienne,42218,42230,Maison,88.0,167000.0,1897.73,2024-02-12
Saint-Étienne,42218,42000,Appartement,85.0,127000.0,1494.12,2024-01-19
Lorette,42123,42420,Appartement,45.0,68000.0,1511.11,2024-01-18
Saint-Étienne,42218,42000,Appartement,31.0,28500.0,919.35,2024-01-04
Saint-Étienne,42218,42000,Appartement,39.0,38000.0,974.36,2024-01-30
Saint-Étienne,42218,42000,Maison,133.0,215000.0,1616.54,2024-02-09
Saint-Étienne,42218,42100,Appartement,78.0,72500.0,929.49,2024-02-13
Andrézieux-Bouthéon,42005,42160,Maison,120.0,418700.0,3489.17,2024-02-05
Sury-le-Comtal,42304,42450,Maison,88.0,146000.0,1659.09,2024-02-01
Saint-Étienne,42218,42000,Appartement,39.0,45300.0,1161.54,2024-01-22
Saint-Étienne,42218,42100,Appartement,74.0,79500.0,1074.32,2024-02-05
Saint-Étienne,42218,42100,Appartement,82.0,80000.0,975.61,2024-02-08
Saint-Étienne,42218,42000,Appartement,48.0,90000.0,1875.0,2024-01-10
Roche-la-Molière,42189,42230,Appartement,92.0,163300.0,1775.0,2024-01-05
Saint-Étienne,42218,42100,Appartement,58.0,64000.0,1103.45,2024-02-06
Firminy,42095,42700,Appartement,53.0,40000.0,754.72,2024-01-25
Saint-Joseph,42242,42800,Maison,82.0,180000.0,2195.12,2024-02-14
Saint-Étienne,42218,42000,Appartement,70.0,85000.0,1214.29,2024-01-31
Saint-Chamond,42207,42400,Appartement,97.0,95000.0,979.38,2024-01-31
Saint-Étienne,42218,42100,Appartement,73.0,57200.0,783.56,2024-02-13
Saint-Étienne,42218,42100,Appartement,74.0,105050.0,1419.59,2024-02-12
Saint-Étienne,42218,42100,Appartement,78.0,90000.0,1153.85,2024-01-29
Sorbiers,42302,42290,Maison,102.0,197000.0,1931.37,2024-02-05
Andrézieux-Bouthéon,42005,42160,Appartement,66.0,184000.0,2787.88,2024-02-08
Andrézieux-Bouthéon,42005,42160,Appartement,50.0,153000.0,3060.0,2024-02-08
Saint-Chamond,42207,42400,Appartement,53.0,53500.0,1009.43,2024-02-14
Saint-Étienne,42218,42100,Appartement,81.0,85000.0,1049.38,2024-02-02
Saint-Étienne,42218,42000,Appartement,71.0,65550.0,923.24,2024-02-09
Saint-Étienne,42218,42000,Appartement,76.0,87000.0,1144.74,2024-02-09
Villars,42330,42390,Appartement,73.0,102000.0,1397.26,2024-02-06
Saint-Étienne,42218,42100,Appartement,62.0,84000.0,1354.84,2024-01-22
Le Bessat,42017,42660,Maison,68.0,265000.0,3897.06,2024-02-08
Le Bessat,42017,42660,Maison,68.0,265000.0,3897.06,2024-02-08
Saint-Étienne,42218,42000,Appartement,74.0,25000.0,337.84,2024-01-26
Saint-Étienne,42218,42000,Appartement,75.0,50000.0,666.67,2024-02-09
Saint-Étienne,42218,42230,Appartement,130.0,270000.0,2076.92,2024-02-06
Saint-Étienne,42218,42230,Appartement,120.0,270000.0,2250.0,2024-02-06
Le Bessat,42017,42660,Maison,78.0,209100.0,2680.77,2024-02-05
Saint-Chamond,42207,42400,Appartement,66.0,60000.0,909.09,2024-02-13
Saint-Étienne,42218,42000,Appartement,29.0,22000.0,758.62,2024-02-05
Périgneux,42169,42380,Maison,60.0,120000.0,2000.0,2024-02-07
Saint-Étienne,42218,42100,Appartement,33.0,35000.0,1060.61,2024-02-13
Saint-Étienne,42218,42100,Appartement,85.0,35000.0,411.76,2024-02-13
Saint-Priest-en-Jarez,42275,42270,Appartement,60.0,114480.0,1908.0,2024-02-02
Saint-Étienne,42218,42100,Appartement,120.0,156600.0,1305.0,2024-02-09
Feurs,42094,42110,Appartement,59.0,120000.0,2033.9,2024-02-16
Andrézieux-Bouthéon,42005,42160,Maison,95.0,2322720.0,24449.68,2024-02-02
Cleppé,42066,42110,Maison,146.0,32000.0,219.18,2024-02-16
Saint-Étienne,42218,42100,Appartement,51.0,99971.0,1960.22,2024-01-26
Saint-Étienne,42218,42100,Appartement,40.0,99971.0,2499.28,2024-01-26
Cleppé,42066,42110,Maison,67.0,130000.0,1940.3,2024-02-12
Noirétable,42159,42440,Maison,92.0,130000.0,1413.04,2024-01-27
Feurs,42094,42110,Appartement,32.0,92470.0,2889.69,2024-02-01
Feurs,42094,42110,Appartement,32.0,92470.0,2889.69,2024-02-01
Saint-Étienne,42218,42100,Appartement,29.0,70000.0,2413.79,2024-02-16
Saint-Étienne,42218,42100,Appartement,66.0,70000.0,1060.61,2024-02-16
Lorette,42123,42420,Appartement,89.0,275300.0,3093.26,2024-02-14
Saint-Barthélemy-Lestra,42202,42110,Maison,83.0,155850.0,1877.71,2024-02-09
Civens,42065,42110,Maison,132.0,271700.0,2058.33,2024-02-16
Civens,42065,42110,Maison,132.0,271700.0,2058.33,2024-02-16
Saint-Étienne,42218,42000,Appartement,184.0,303400.0,1648.91,2024-02-06
Saint-Chamond,42207,42400,Appartement,76.0,81400.0,1071.05,2024-02-12
Feurs,42094,42110,Appartement,49.0,75000.0,1530.61,2024-02-12
Saint-Chamond,42207,42400,Maison,75.0,144000.0,1920.0,2024-02-12
Chuyer,42064,42410,Maison,95.0,368635.0,3880.37,2024-02-16
L'Horme,42110,42152,Maison,70.0,90000.0,1285.71,2024-02-13
Lorette,42123,42420,Appartement,81.0,218000.0,2691.36,2024-02-08
Saint-Chamond,42207,42400,Appartement,89.0,105000.0,1179.78,2024-02-06
Andrézieux-Bouthéon,42005,42160,Maison,102.0,241000.0,2362.75,2024-02-05
Le Chambon-Feugerolles,42044,42500,Maison,50.0,108000.0,2160.0,2024-02-15
Lorette,42123,42420,Maison,83.0,275000.0,3313.25,2024-01-31
Saint-Étienne,42218,42100,Appartement,19.0,39000.0,2052.63,2024-02-12
Saint-Étienne,42218,42000,Appartement,33.0,55000.0,1666.67,2024-02-06
Saint-Étienne,42218,42000,Appartement,30.0,55000.0,1833.33,2024-02-06
Savigneux,42299,42600,Appartement,138.0,443000.0,3210.14,2024-01-30
Saint-Pierre-de-Bœuf,42272,42520,Maison,100.0,178700.0,1787.0,2024-02-10
Montbrison,42147,42600,Maison,72.0,80000.0,1111.11,2024-02-15
Saint-Étienne,42218,42000,Appartement,44.0,57800.0,1313.64,2024-02-13
Précieux,42180,42600,Maison,170.0,342450.0,2014.41,2024-01-26
Précieux,42180,42600,Maison,170.0,342450.0,2014.41,2024-01-26
Saint-Priest-en-Jarez,42275,42270,Maison,160.0,362800.0,2267.5,2024-01-22
La Grand-Croix,42103,42320,Appartement,91.0,191060.0,2099.56,2024-01-23
Châtelneuf,42054,42940,Appartement,50.0,176000.0,3520.0,2024-01-25
Châtelneuf,42054,42940,Appartement,65.0,176000.0,2707.69,2024-01-25
Châtelneuf,42054,42940,Appartement,67.0,176000.0,2626.87,2024-01-25
Châtelneuf,42054,42940,Appartement,67.0,176000.0,2626.87,2024-01-25
Unieux,42316,42240,Appartement,73.0,85000.0,1164.38,2024-02-12
Maclas,42129,42520,Maison,173.0,240190.0,1388.38,2024-02-10
Maclas,42129,42520,Maison,80.0,240190.0,3002.38,2024-02-10
Andrézieux-Bouthéon,42005,42160,Appartement,65.0,169000.0,2600.0,2024-02-12
Saint-Héand,42234,42570,Maison,120.0,292600.0,2438.33,2024-02-12
Unieux,42316,42240,Appartement,39.0,39800.0,1020.51,2024-01-23
Saint-Étienne,42218,42100,Maison,155.0,175000.0,1129.03,2024-02-07
Montbrison,42147,42600,Maison,90.0,55000.0,611.11,2024-02-02
Saint-Étienne,42218,42100,Appartement,30.0,57000.0,1900.0,2024-02-12
Le Chambon-Feugerolles,42044,42500,Maison,97.0,212000.0,2185.57,2024-02-14
Saint-Étienne,42218,42000,Appartement,49.0,65500.0,1336.73,2024-02-13
Saint-Étienne,42218,42100,Appartement,45.0,38000.0,844.44,2024-02-09
Saint-Chamond,42207,42400,Maison,117.0,298250.0,2549.15,2024-02-09
Saint-Chamond,42207,42400,Maison,117.0,298250.0,2549.15,2024-02-09
Saint-Étienne,42218,42100,Appartement,86.0,175200.0,2037.21,2024-02-13
Panissières,42165,42360,Maison,123.0,250500.0,2036.59,2024-02-22
Chalain-le-Comtal,42038,42600,Maison,98.0,255000.0,2602.04,2024-02-21
Villars,42330,42390,Appartement,59.0,71000.0,1203.39,2024-02-12
Saint-Just-Saint-Rambert,42279,42170,Maison,80.0,170000.0,2125.0,2024-02-07
Arthun,42009,42130,Maison,100.0,215000.0,2150.0,2024-02-15
Arthun,42009,42130,Maison,100.0,215000.0,2150.0,2024-02-15
Saint-Étienne,42218,42000,Appartement,37.0,52100.0,1408.11,2024-02-08
Saint-Étienne,42218,42000,Appartement,80.0,92000.0,1150.0,2024-01-31
Unias,42315,42210,Maison,103.0,190000.0,1844.66,2024-02-08
Unias,42315,42210,Maison,103.0,190000.0,1844.66,2024-02-08
Saint-Étienne,42218,42000,Appartement,58.0,42000.0,724.14,2024-02-08
Margerie-Chantagret,42137,42560,Maison,106.0,170000.0,1603.77,2024-02-08
Saint-Étienne,42218,42000,Appartement,55.0,75000.0,1363.64,2024-02-13
Saint-Étienne,42218,42100,Appartement,66.0,60000.0,909.09,2024-02-05
Saint-Étienne,42218,42100,Appartement,49.0,63000.0,1285.71,2024-02-05
Unieux,42316,42240,Appartement,57.0,48000.0,842.11,2024-02-15
Boën-sur-Lignon,42019,42130,Appartement,78.0,206500.0,2647.44,2024-02-15
Boën-sur-Lignon,42019,42130,Appartement,100.0,206500.0,2065.0,2024-02-15
Boën-sur-Lignon,42019,42130,Appartement,81.0,206500.0,2549.38,2024-02-15
Andrézieux-Bouthéon,42005,42160,Maison,91.0,86000.0,945.05,2024-01-31
Andrézieux-Bouthéon,42005,42160,Maison,91.0,86000.0,945.05,2024-01-31
Andrézieux-Bouthéon,42005,42160,Maison,91.0,86000.0,945.05,2024-01-31
Maclas,42129,42520,Appartement,64.0,168500.0,2632.81,2024-02-09
Maclas,42129,42520,Appartement,60.0,168500.0,2808.33,2024-02-09
Maclas,42129,42520,Appartement,64.0,168500.0,2632.81,2024-02-09
Saint-Étienne,42218,42000,Appartement,47.0,38000.0,808.51,2024-01-26
Saint-Héand,42234,42570,Maison,75.0,235000.0,3133.33,2024-02-19
Montrond-les-Bains,42149,42210,Maison,97.0,150000.0,1546.39,2024-02-01
Saint-Étienne,42218,42100,Appartement,67.0,45000.0,671.64,2024-02-14
Roche-la-Molière,42189,42230,Appartement,83.0,220000.0,2650.6,2024-02-09
La Grand-Croix,42103,42320,Appartement,60.0,1696718.2,28278.64,2024-01-30
La Grand-Croix,42103,42320,Appartement,70.0,1696718.2,24238.83,2024-01-30
Saint-Étienne,42218,42000,Appartement,22.0,31350.0,1425.0,2024-02-14
Saint-Étienne,42218,42100,Appartement,38.0,74000.0,1947.37,2024-02-12
Saint-Étienne,42218,42000,Appartement,175.0,234900.0,1342.29,2024-02-21
La Grand-Croix,42103,42320,Appartement,70.0,100000.0,1428.57,2024-01-30
La Grand-Croix,42103,42320,Appartement,60.0,100000.0,1666.67,2024-01-30
Saint-Étienne,42218,42100,Appartement,57.0,204000.0,3578.95,2024-02-12
Bonson,42022,42160,Appartement,76.0,182000.0,2394.74,2024-02-15
Saint-Étienne,42218,42000,Appartement,30.0,40335.0,1344.5,2024-02-02
Saint-Étienne,42218,42100,Appartement,32.0,52000.0,1625.0,2024-02-16
Chevrières,42062,42140,Maison,101.0,165693.0,1640.52,2024-01-03
Saint-Chamond,42207,42400,Appartement,84.0,88000.0,1047.62,2024-01-26
Leigneux,42119,42130,Appartement,99.0,100000.0,1010.1,2024-02-16
Leigneux,42119,42130,Appartement,111.0,100000.0,900.9,2024-02-16
Leigneux,42119,42130,Appartement,98.0,100000.0,1020.41,2024-02-16
Saint-Étienne,42218,42100,Appartement,110.0,80750.0,734.09,2024-02-02
Saint-Étienne,42218,42100,Appartement,80.0,126500.0,1581.25,2024-01-26
Saint-Genest-Malifaux,42224,42660,Appartement,64.0,96000.0,1500.0,2024-02-16
Saint-Étienne,42218,42000,Appartement,52.0,32500.0,625.0,2024-02-15
Veauche,42323,42340,Maison,130.0,327000.0,2515.38,2024-01-30
Saint-Étienne,42218,42100,Appartement,74.0,81500.0,1101.35,2024-02-05
Saint-Chamond,42207,42400,Appartement,55.0,54000.0,981.82,2024-02-16
Saint-Étienne,42218,42000,Appartement,20.0,15000.0,750.0,2024-02-07
Saint-Georges-Haute-Ville,42228,42610,Maison,113.0,215000.0,1902.65,2024-02-16
Sorbiers,42302,42290,Maison,100.0,351250.0,3512.5,2024-02-16
Saint-Étienne,42218,42000,Appartement,64.0,80000.0,1250.0,2024-02-06
Chuyer,42064,42410,Maison,26.0,7000.0,269.23,2024-01-23
Saint-Étienne,42218,42100,Appartement,102.0,92000.0,901.96,2024-02-12
Boisset-lès-Montrond,42020,42210,Maison,121.0,316700.0,2617.36,2024-02-08
Saint-Étienne,42218,42000,Appartement,29.0,40000.0,1379.31,2024-02-22
Saint-Genest-Malifaux,42224,42660,Maison,90.0,150000.0,1666.67,2024-01-30
Saint-Genest-Malifaux,42224,42660,Maison,90.0,150000.0,1666.67,2024-01-30
Saint-Étienne,42218,42100,Appartement,25.0,15000.0,600.0,2024-02-15
Saint-Étienne,42218,42100,Appartement,75.0,266000.0,3546.67,2024-02-20
Saint-Étienne,42218,42100,Appartement,71.0,266000.0,3746.48,2024-02-20
Saint-Étienne,42218,42100,Appartement,27.0,266000.0,9851.85,2024-02-20
Saint-Étienne,42218,42100,Appartement,73.0,266000.0,3643.84,2024-02-20
Saint-Étienne,42218,42100,Appartement,73.0,266000.0,3643.84,2024-02-20
Saint-Étienne,42218,42000,Appartement,83.0,122000.0,1469.88,2024-02-02
Saint-Étienne,42218,42100,Appartement,69.0,51900.0,752.17,2024-02-02
Saint-Étienne,42218,42100,Appartement,99.0,160000.0,1616.16,2024-02-05
Savigneux,42299,42600,Appartement,60.0,144150.0,2402.5,2024-02-16
Saint-Genest-Lerpt,42223,42530,Maison,93.0,255900.0,2751.61,2024-02-22
Saint-Chamond,42207,42400,Appartement,62.0,85875.0,1385.08,2024-02-22
Saint-Étienne,42218,42000,Appartement,94.0,143200.0,1523.4,2024-01-30
Saint-Étienne,42218,42100,Appartement,77.0,98000.0,1272.73,2024-01-31
Saint-Étienne,42218,42000,Appartement,29.0,50000.0,1724.14,2024-02-07
Saint-Marcellin-en-Forez,42256,42680,Maison,70.0,92000.0,1314.29,2024-02-20
Saint-Marcellin-en-Forez,42256,42680,Maison,70.0,92000.0,1314.29,2024-02-20
Saint-Chamond,42207,42400,Appartement,141.0,76000.0,539.01,2024-02-09
Saint-Just-Saint-Rambert,42279,42170,Appartement,63.0,124400.0,1974.6,2024-01-24
Vêtre-sur-Anzon,42245,42440,Maison,66.0,22000.0,333.33,2024-02-21
Sorbiers,42302,42290,Maison,81.0,190000.0,2345.68,2024-02-19
Montrond-les-Bains,42149,42210,Appartement,49.0,130000.0,2653.06,2024-02-21
Saint-Priest-en-Jarez,42275,42270,Maison,85.0,190000.0,2235.29,2024-02-15
Sail-sous-Couzan,42195,42890,Maison,76.0,78000.0,1026.32,2024-02-14
Saint-Étienne,42218,42100,Appartement,66.0,92500.0,1401.52,2024-02-14
Andrézieux-Bouthéon,42005,42160,Maison,155.0,460450.0,2970.65,2024-02-15
Andrézieux-Bouthéon,42005,42160,Maison,155.0,460450.0,2970.65,2024-02-15
Saint-Just-Saint-Rambert,42279,42170,Maison,57.0,137000.0,2403.51,2024-02-16
Saint-Just-Saint-Rambert,42279,42170,Maison,57.0,137000.0,2403.51,2024-02-16
Montrond-les-Bains,42149,42210,Maison,74.0,225000.0,3040.54,2024-02-23
Saint-Just-Saint-Rambert,42279,42170,Maison,200.0,547500.0,2737.5,2024-02-15
Sury-le-Comtal,42304,42450,Maison,65.0,70000.0,1076.92,2024-02-14
Saint-Étienne,42218,42000,Appartement,74.0,43100.0,582.43,2024-02-22
Andrézieux-Bouthéon,42005,42160,Appartement,90.0,330000.0,3666.67,2024-02-13
Saint-Just-Saint-Rambert,42279,42170,Maison,310.0,865950.0,2793.39,2024-02-15
Saint-Just-Saint-Rambert,42279,42170,Maison,310.0,865950.0,2793.39,2024-02-15
Saint-Étienne,42218,42000,Maison,110.0,283500.0,2577.27,2024-02-09
Roche-la-Molière,42189,42230,Appartement,63.0,99000.0,1571.43,2024-02-14
Unieux,42316,42240,Appartement,73.0,110000.0,1506.85,2024-02-21
Unieux,42316,42240,Appartement,73.0,110000.0,1506.85,2024-02-21
Firminy,42095,42700,Appartement,95.0,180000.0,1894.74,2024-02-23
Firminy,42095,42700,Appartement,70.0,180000.0,2571.43,2024-02-23
Firminy,42095,42700,Appartement,41.0,180000.0,4390.24,2024-02-23
Saint-Étienne,42218,42000,Appartement,87.0,171000.0,1965.52,2024-02-08
Saint-Galmier,42222,42330,Appartement,63.0,198050.0,3143.65,2024-02-12
Saint-Étienne,42218,42000,Appartement,59.0,145000.0,2457.63,2024-02-21
Roche-la-Molière,42189,42230,Maison,71.0,154050.0,2169.72,2024-02-16
Saint-Étienne,42218,42100,Appartement,22.0,30000.0,1363.64,2024-02-06
Veauchette,42324,42340,Maison,89.0,279500.0,3140.45,2024-02-13
Sury-le-Comtal,42304,42450,Maison,70.0,43000.0,614.29,2024-02-19
Saint-Étienne,42218,42100,Appartement,39.0,33000.0,846.15,2024-02-12
L'Étrat,42092,42580,Maison,200.0,564000.0,2820.0,2024-02-08
L'Étrat,42092,42580,Maison,200.0,564000.0,2820.0,2024-02-08
Saint-Sauveur-en-Rue,42287,42220,Maison,88.0,210000.0,2386.36,2024-01-31
Saint-Étienne,42218,42100,Appartement,70.0,30000.0,428.57,2024-02-15
Rivas,42185,42340,Maison,40.0,78200.0,1955.0,2024-02-02
Saint-Étienne,42218,42000,Appartement,73.0,60000.0,821.92,2024-01-29
Saint-Étienne,42218,42000,Appartement,34.0,40000.0,1176.47,2024-02-02
Saint-Étienne,42218,42100,Appartement,140.0,185000.0,1321.43,2024-01-30
Maclas,42129,42520,Maison,103.0,282000.0,2737.86,2024-02-22
Saint-Étienne,42218,42100,Appartement,66.0,41200.0,624.24,2024-01-31
Saint-Étienne,42218,42000,Appartement,37.0,39200.0,1059.46,2024-02-05
Rive-de-Gier,42186,42800,Maison,88.0,97000.0,1102.27,2024-02-19
Saint-Étienne,42218,42100,Maison,86.0,193000.0,2244.19,2024-02-23
Sury-le-Comtal,42304,42450,Maison,133.0,245000.0,1842.11,2024-02-16
Saint-Étienne,42218,42100,Maison,46.0,119700.0,2602.17,2024-02-15
Saint-Étienne,42218,42100,Appartement,72.0,91250.0,1267.36,2024-02-16
Saint-Étienne,42218,42100,Appartement,43.0,44000.0,1023.26,2024-02-01
Saint-Étienne,42218,42100,Appartement,44.0,46000.0,1045.45,2024-02-20
Saint-Étienne,42218,42100,Appartement,35.0,39000.0,1114.29,2024-02-22
Saint-Étienne,42218,42100,Maison,61.0,130000.0,2131.15,2024-02-14
Saint-Étienne,42218,42100,Appartement,26.0,15000.0,576.92,2024-02-16
Rive-de-Gier,42186,42800,Maison,97.0,180000.0,1855.67,2024-02-02
Saint-Étienne,42218,42100,Appartement,60.0,55000.0,916.67,2024-02-08
Saint-Étienne,42218,42000,Appartement,115.0,80000.0,695.65,2024-02-21
L'Horme,42110,42152,Maison,138.0,510000.0,3695.65,2024-02-16
Rive-de-Gier,42186,42800,Appartement,66.0,90000.0,1363.64,2024-02-19
Rive-de-Gier,42186,42800,Appartement,41.0,180000.0,4390.24,2024-02-21
Rive-de-Gier,42186,42800,Appartement,42.0,180000.0,4285.71,2024-02-21
Rive-de-Gier,42186,42800,Appartement,67.0,180000.0,2686.57,2024-02-21
Saint-Chamond,42207,42400,Appartement,48.0,30000.0,625.0,2024-02-22
Saint-Étienne,42218,42100,Appartement,55.0,60000.0,1090.91,2024-02-22
Le Chambon-Feugerolles,42044,42500,Maison,90.0,175000.0,1944.44,2024-02-19
Saint-Bonnet-les-Oules,42206,42330,Maison,140.0,404798.0,2891.41,2024-02-08
Saint-Bonnet-les-Oules,42206,42330,Maison,140.0,404798.0,2891.41,2024-02-08
Saint-Étienne,42218,42100,Appartement,45.0,50000.0,1111.11,2024-01-29
Saint-Étienne,42218,42100,Appartement,65.0,79000.0,1215.38,2024-02-12
Jonzieux,42115,42660,Appartement,45.0,80000.0,1777.78,2024-02-20
Jonzieux,42115,42660,Appartement,138.0,80000.0,579.71,2024-02-20
Saint-Bonnet-les-Oules,42206,42330,Maison,100.0,273000.0,2730.0,2024-02-02
Saint-Bonnet-les-Oules,42206,42330,Maison,100.0,273000.0,2730.0,2024-02-02
Saint-Étienne,42218,42000,Appartement,45.0,145000.0,3222.22,2024-02-22
Saint-Étienne,42218,42000,Appartement,45.0,145000.0,3222.22,2024-02-22
Saint-Étienne,42218,42000,Appartement,49.0,145000.0,2959.18,2024-02-22
Saint-Romain-le-Puy,42285,42610,Maison,61.0,150000.0,2459.02,2024-02-06
Saint-Étienne,42218,42000,Appartement,30.0,23000.0,766.67,2024-02-15
Sury-le-Comtal,42304,42450,Maison,95.0,221510.0,2331.68,2024-02-13
Veauche,42323,42340,Appartement,77.0,180700.0,2346.75,2024-02-01
Saint-Étienne,42218,42100,Appartement,81.0,85000.0,1049.38,2024-02-13
Fraisses,42099,42490,Appartement,68.0,150700.0,2216.18,2024-02-16
Saint-Étienne,42218,42100,Appartement,68.0,105000.0,1544.12,2024-02-21
La Fouillouse,42097,42480,Appartement,60.0,192000.0,3200.0,2024-02-15
Roche-la-Molière,42189,42230,Appartement,69.0,125000.0,1811.59,2024-02-07
Saint-Étienne,42218,42000,Maison,87.0,240000.0,2758.62,2024-02-08
Saint-Étienne,42218,42000,Appartement,42.0,60000.0,1428.57,2024-02-01
Montbrison,42147,42600,Appartement,56.0,63000.0,1125.0,2024-02-21
Saint-Étienne,42218,42000,Appartement,30.0,33500.0,1116.67,2024-02-28
Saint-Étienne,42218,42100,Appartement,62.0,75900.0,1224.19,2024-02-07
Saint-Étienne,42218,42000,Appartement,55.0,77000.0,1400.0,2024-02-27
Chalain-d'Uzore,42037,42600,Maison,93.0,193730.0,2083.12,2024-02-09
Saint-Étienne,42218,42000,Appartement,107.0,79000.0,738.32,2024-01-29
Saint-Étienne,42218,42000,Appartement,42.0,20000.0,476.19,2024-01-29
Saint-Étienne,42218,42100,Appartement,80.0,124000.0,1550.0,2024-01-29
Saint-Étienne,42218,42000,Appartement,28.0,33000.0,1178.57,2024-01-26
Saint-Étienne,42218,42100,Appartement,118.0,170000.0,1440.68,2024-02-12
Mornand-en-Forez,42151,42600,Maison,137.0,197000.0,1437.96,2024-02-16
Saint-Étienne,42218,42000,Appartement,54.0,39000.0,722.22,2024-01-30
Veauche,42323,42340,Maison,86.0,335000.0,3895.35,2024-02-16
Saint-Chamond,42207,42400,Appartement,103.0,170100.0,1651.46,2024-02-23
Saint-Étienne,42218,42000,Appartement,32.0,27000.0,843.75,2024-02-14
Saint-Étienne,42218,42100,Appartement,65.0,184300.0,2835.38,2024-02-19
Saint-Étienne,42218,42000,Appartement,78.0,65000.0,833.33,2024-02-16
Saint-Marcellin-en-Forez,42256,42680,Appartement,56.0,106000.0,1892.86,2024-02-09
Saint-Étienne,42218,42000,Maison,196.0,735000.0,3750.0,2024-02-22
Saint-Étienne,42218,42000,Maison,196.0,735000.0,3750.0,2024-02-22
Saint-Étienne,42218,42000,Maison,196.0,735000.0,3750.0,2024-02-22
Saint-Étienne,42218,42100,Appartement,79.0,70000.0,886.08,2024-02-26
Saint-Étienne,42218,42100,Appartement,71.0,62000.0,873.24,2024-02-09
La Tour-en-Jarez,42311,42580,Maison,194.0,456000.0,2350.52,2024-02-22
La Tour-en-Jarez,42311,42580,Maison,194.0,456000.0,2350.52,2024-02-22
Saint-Chamond,42207,42400,Appartement,83.0,88000.0,1060.24,2024-02-02
Saint-Chamond,42207,42400,Maison,158.0,453000.0,2867.09,2024-02-07
Saint-Étienne,42218,42000,Appartement,68.0,106450.0,1565.44,2024-02-16
Maclas,42129,42520,Appartement,53.0,155000.0,2924.53,2024-02-29
Maclas,42129,42520,Appartement,55.0,155000.0,2818.18,2024-02-29
Lorette,42123,42420,Maison,73.0,185000.0,2534.25,2024-02-02
Unieux,42316,42240,Maison,73.0,132000.0,1808.22,2024-02-15
Saint-Étienne,42218,42100,Appartement,30.0,59000.0,1966.67,2024-02-28
Andrézieux-Bouthéon,42005,42160,Appartement,69.0,193700.0,2807.25,2024-02-19
Saint-Étienne,42218,42000,Appartement,153.0,135000.0,882.35,2024-02-23
Savigneux,42299,42600,Appartement,62.0,116850.0,1884.68,2024-02-05
Saint-Étienne,42218,42000,Appartement,99.0,218500.0,2207.07,2024-02-26
Le Chambon-Feugerolles,42044,42500,Maison,96.0,179500.0,1869.79,2024-02-23
Saint-Étienne,42218,42100,Appartement,32.0,32000.0,1000.0,2024-02-16
Boën-sur-Lignon,42019,42130,Appartement,100.0,55000.0,550.0,2024-02-19
Saint-Étienne,42218,42100,Appartement,76.0,86000.0,1131.58,2024-02-15
Saint-Étienne,42218,42100,Appartement,48.0,47000.0,979.17,2024-01-23
Saint-Étienne,42218,42000,Appartement,23.0,30000.0,1304.35,2024-02-16
Saint-Étienne,42218,42000,Appartement,87.0,128000.0,1471.26,2024-02-16
Saint-Étienne,42218,42000,Appartement,65.0,31350.0,482.31,2024-02-21
Montbrison,42147,42600,Maison,80.0,267000.0,3337.5,2024-02-08
Saint-Étienne,42218,42000,Appartement,64.0,33500.0,523.44,2024-02-22
Saint-Étienne,42218,42000,Appartement,56.0,50000.0,892.86,2024-02-20
Margerie-Chantagret,42137,42560,Maison,75.0,243000.0,3240.0,2024-02-16
Margerie-Chantagret,42137,42560,Maison,75.0,243000.0,3240.0,2024-02-16
Saint-Étienne,42218,42000,Appartement,63.0,125530.0,1992.54,2024-02-23
Roche-la-Molière,42189,42230,Appartement,79.0,120000.0,1518.99,2024-02-26
Saint-Étienne,42218,42100,Appartement,46.0,85000.0,1847.83,2024-02-28
Saint-Étienne,42218,42000,Appartement,65.0,84000.0,1292.31,2024-02-27
Saint-Étienne,42218,42000,Appartement,30.0,62770.0,2092.33,2024-02-13
Saint-Étienne,42218,42100,Appartement,68.0,72000.0,1058.82,2024-02-20
L'Horme,42110,42152,Maison,126.0,291500.0,2313.49,2024-02-16
Boisset-Saint-Priest,42021,42560,Maison,102.0,207800.0,2037.25,2024-02-09
Boisset-Saint-Priest,42021,42560,Maison,102.0,207800.0,2037.25,2024-02-09
Saint-Étienne,42218,42000,Appartement,50.0,52000.0,1040.0,2024-02-28
Saint-Étienne,42218,42000,Appartement,54.0,47000.0,870.37,2024-02-29
Boën-sur-Lignon,42019,42130,Maison,115.0,200000.0,1739.13,2024-02-09
Saint-Étienne,42218,42100,Appartement,9.0,402000.0,44666.67,2024-02-29
Saint-Étienne,42218,42100,Appartement,10.0,402000.0,40200.0,2024-02-29
Saint-Étienne,42218,42100,Appartement,35.0,402000.0,11485.71,2024-02-29
Saint-Étienne,42218,42100,Appartement,50.0,402000.0,8040.0,2024-02-29
Saint-Étienne,42218,42100,Appartement,35.0,402000.0,11485.71,2024-02-29
Saint-Étienne,42218,42100,Appartement,34.0,402000.0,11823.53,2024-02-29
Saint-Étienne,42218,42100,Appartement,85.0,402000.0,4729.41,2024-02-29
Saint-Georges-Haute-Ville,42228,42610,Maison,64.0,352000.0,5500.0,2024-02-09
Le Chambon-Feugerolles,42044,42500,Appartement,55.0,56000.0,1018.18,2024-02-15
Saint-Étienne,42218,42100,Appartement,77.0,57000.0,740.26,2024-02-29
Saint-Étienne,42218,42000,Appartement,46.0,37000.0,804.35,2024-02-12
Sainte-Agathe-la-Bouteresse,42197,42130,Maison,115.0,227950.0,1982.17,2024-03-04
Sainte-Agathe-la-Bouteresse,42197,42130,Maison,115.0,227950.0,1982.17,2024-03-04
Saint-Étienne,42218,42100,Appartement,115.0,275500.0,2395.65,2024-02-21
Saint-Étienne,42218,42000,Appartement,33.0,55000.0,1666.67,2024-02-20
Saint-Étienne,42218,42000,Appartement,78.0,90000.0,1153.85,2024-02-29
Saint-Étienne,42218,42000,Appartement,105.0,110000.0,1047.62,2024-02-20
Saint-Étienne,42218,42100,Appartement,55.0,72000.0,1309.09,2024-02-19
Andrézieux-Bouthéon,42005,42160,Maison,137.0,393150.0,2869.71,2024-02-27
Andrézieux-Bouthéon,42005,42160,Maison,137.0,393150.0,2869.71,2024-02-27
Saint-Étienne,42218,42100,Appartement,49.0,49391.0,1007.98,2024-02-13
Saint-Étienne,42218,42100,Appartement,78.0,108700.0,1393.59,2024-02-23
Saint-Étienne,42218,42000,Maison,116.0,387500.0,3340.52,2024-02-28
Saint-Chamond,42207,42400,Appartement,42.0,56000.0,1333.33,2024-02-16
Saint-Just-Saint-Rambert,42279,42170,Appartement,44.0,62000.0,1409.09,2024-02-29
Saint-Étienne,42218,42100,Appartement,55.0,77000.0,1400.0,2024-02-26
Firminy,42095,42700,Appartement,113.0,100000.0,884.96,2024-03-01
Saint-Étienne,42218,42000,Appartement,53.0,49400.0,932.08,2024-02-16
Saint-Étienne,42218,42100,Appartement,47.0,67000.0,1425.53,2024-02-29
Saint-Étienne,42218,42000,Appartement,78.0,53500.0,685.9,2024-02-29
Saint-Étienne,42218,42000,Appartement,75.0,58000.0,773.33,2024-02-26
Saint-Étienne,42218,42000,Appartement,66.0,70700.0,1071.21,2024-02-20
Saint-Étienne,42218,42000,Maison,76.0,210000.0,2763.16,2024-02-14
Saint-Étienne,42218,42000,Appartement,62.0,210000.0,3387.1,2024-02-14
Saint-Étienne,42218,42000,Appartement,62.0,210000.0,3387.1,2024-02-14
Firminy,42095,42700,Appartement,61.0,62700.0,1027.87,2024-02-26
Saint-Étienne,42218,42000,Appartement,36.0,30000.0,833.33,2024-02-13
Andrézieux-Bouthéon,42005,42160,Appartement,80.0,236000.0,2950.0,2024-02-19
Saint-Étienne,42218,42100,Appartement,73.0,59500.0,815.07,2024-02-26
Lorette,42123,42420,Maison,94.0,286600.0,3048.94,2024-02-20
Andrézieux-Bouthéon,42005,42160,Appartement,66.0,166000.0,2515.15,2024-02-20
Andrézieux-Bouthéon,42005,42160,Appartement,68.0,170000.0,2500.0,2024-02-20
La Talaudière,42305,42350,Maison,102.0,335950.0,3293.63,2024-02-15
Bonson,42022,42160,Maison,120.0,285000.0,2375.0,2024-02-22
Bonson,42022,42160,Maison,120.0,285000.0,2375.0,2024-02-22
Bonson,42022,42160,Maison,120.0,285000.0,2375.0,2024-02-22
Saint-Étienne,42218,42000,Appartement,74.0,51000.0,689.19,2024-01-30
Saint-Étienne,42218,42100,Appartement,67.0,45000.0,671.64,2024-02-26
Saint-Étienne,42218,42000,Maison,132.0,73000.0,553.03,2024-02-16
Saint-Étienne,42218,42100,Appartement,66.0,93000.0,1409.09,2024-02-22
Saint-Étienne,42218,42000,Appartement,75.0,120000.0,1600.0,2024-02-13
La Talaudière,42305,42350,Appartement,60.0,194127.0,3235.45,2024-02-12
Saint-Étienne,42218,42000,Appartement,45.0,33000.0,733.33,2024-01-25
Saint-Just-Saint-Rambert,42279,42170,Appartement,74.0,260630.9,3522.04,2024-02-22
Saint-Étienne,42218,42100,Appartement,31.0,30000.0,967.74,2024-02-26
Saint-Étienne,42218,42100,Appartement,56.0,30000.0,535.71,2024-02-26
Saint-Bonnet-le-Courreau,42205,42940,Appartement,52.0,108960.0,2095.38,2024-02-23
Saint-Bonnet-le-Courreau,42205,42940,Appartement,47.0,108960.0,2318.3,2024-02-23
Saint-Chamond,42207,42400,Maison,96.0,201200.0,2095.83,2024-02-16
Saint-Chamond,42207,42400,Appartement,102.0,120000.0,1176.47,2024-02-19
Saint-Chamond,42207,42400,Appartement,47.0,120000.0,2553.19,2024-02-19
Saint-Chamond,42207,42400,Appartement,70.0,120000.0,1714.29,2024-02-19
Saint-Chamond,42207,42400,Appartement,52.0,120000.0,2307.69,2024-02-19
Saint-Didier-sur-Rochefort,42217,42111,Maison,132.0,176000.0,1333.33,2024-02-09
Saint-Étienne,42218,42100,Appartement,78.0,107500.0,1378.21,2024-02-26
Saint-Étienne,42218,42100,Maison,71.0,170000.0,2394.37,2024-02-23
Maclas,42129,42520,Maison,88.0,295200.0,3354.55,2024-02-20
Saint-Chamond,42207,42400,Appartement,66.0,26500.0,401.52,2024-02-07
Genilac,42225,42800,Maison,180.0,390000.0,2166.67,2024-02-07
Rive-de-Gier,42186,42800,Maison,100.0,120000.0,1200.0,2024-02-28
Rive-de-Gier,42186,42800,Maison,100.0,120000.0,1200.0,2024-02-28
Saint-Étienne,42218,42100,Appartement,16.0,65000.0,4062.5,2024-02-14
Saint-Étienne,42218,42100,Appartement,82.0,65000.0,792.68,2024-02-14
Saint-Étienne,42218,42100,Appartement,76.0,113500.0,1493.42,2024-03-06
Saint-Étienne,42218,42100,Appartement,34.0,63000.0,1852.94,2024-02-26
Saint-Chamond,42207,42400,Appartement,97.0,70000.0,721.65,2024-03-01
Sainte-Agathe-la-Bouteresse,42197,42130,Maison,96.0,220000.0,2291.67,2024-02-20
Saint-Genest-Lerpt,42223,42530,Maison,119.0,249900.0,2100.0,2024-02-21
Saint-Étienne,42218,42000,Maison,100.0,223650.0,2236.5,2024-03-04
Saint-Étienne,42218,42000,Maison,120.0,167000.0,1391.67,2024-02-23
Saint-Étienne,42218,42000,Appartement,60.0,163801.0,2730.02,2024-02-19
Saint-Étienne,42218,42000,Appartement,65.0,45000.0,692.31,2024-02-21
La Ricamarie,42183,42150,Maison,122.0,231000.0,1893.44,2024-03-01
Cuzieu,42081,42330,Maison,111.0,310001.0,2792.8,2024-02-16
Saint-Chamond,42207,42400,Appartement,81.0,85000.0,1049.38,2024-01-25
Sury-le-Comtal,42304,42450,Maison,90.0,257000.0,2855.56,2024-02-12
Saint-Christo-en-Jarez,42208,42320,Maison,60.0,70000.0,1166.67,2024-03-05
Saint-Chamond,42207,42400,Appartement,76.0,93100.0,1225.0,2024-03-04
Sorbiers,42302,42290,Appartement,47.0,123670.0,2631.28,2024-03-05
Saint-Étienne,42218,42100,Appartement,69.0,51000.0,739.13,2024-02-28
Saint-Étienne,42218,42100,Appartement,88.0,115500.0,1312.5,2024-03-01
Saint-Héand,42234,42570,Maison,100.0,351500.0,3515.0,2024-03-06
Saint-Chamond,42207,42400,Appartement,115.0,335000.0,2913.04,2024-02-16
Saint-Genest-Lerpt,42223,42530,Appartement,63.0,94000.0,1492.06,2024-02-16
Montbrison,42147,42600,Appartement,59.0,140000.0,2372.88,2024-02-22
Montbrison,42147,42600,Appartement,59.0,149100.0,2527.12,2024-02-15
Saint-Étienne,42218,42230,Maison,105.0,399000.0,3800.0,2024-02-23
Saint-Étienne,42218,42230,Maison,105.0,399000.0,3800.0,2024-02-23
Saint-Étienne,42218,42100,Appartement,58.0,61410.0,1058.79,2024-02-29
Montbrison,42147,42600,Appartement,101.0,120000.0,1188.12,2024-02-15
Montbrison,42147,42600,Appartement,31.0,60000.0,1935.48,2024-02-09
Saint-Étienne,42218,42000,Appartement,43.0,214500.0,4988.37,2024-02-12
Saint-Étienne,42218,42000,Appartement,42.0,214500.0,5107.14,2024-02-12
Saint-Étienne,42218,42000,Appartement,72.0,214500.0,2979.17,2024-02-12
Saint-Étienne,42218,42100,Appartement,62.0,40000.0,645.16,2024-02-15
Saint-Étienne,42218,42100,Appartement,42.0,91700.0,2183.33,2024-03-04
Saint-Étienne,42218,42000,Appartement,44.0,45000.0,1022.73,2024-03-04
Saint-Étienne,42218,42000,Appartement,82.0,68000.0,829.27,2024-03-07
Saint-Étienne,42218,42100,Appartement,72.0,260000.0,3611.11,2024-03-06
Saint-Étienne,42218,42100,Appartement,63.0,260000.0,4126.98,2024-03-06
Saint-Étienne,42218,42100,Appartement,76.0,260000.0,3421.05,2024-03-06
Saint-Étienne,42218,42100,Appartement,72.0,260000.0,3611.11,2024-03-06
Saint-Étienne,42218,42100,Appartement,80.0,260000.0,3250.0,2024-03-06
Saint-Étienne,42218,42100,Appartement,72.0,260000.0,3611.11,2024-03-06
Saint-Étienne,42218,42100,Appartement,70.0,260000.0,3714.29,2024-03-06
Saint-Étienne,42218,42100,Appartement,30.0,260000.0,8666.67,2024-03-06
Montbrison,42147,42600,Appartement,74.0,105000.0,1418.92,2024-02-16
Saint-Étienne,42218,42100,Appartement,73.0,88200.0,1208.22,2024-02-23
Saint-Étienne,42218,42100,Appartement,102.0,110100.0,1079.41,2024-03-01
Saint-Chamond,42207,42400,Appartement,52.0,60000.0,1153.85,2024-02-27
Saint-Étienne,42218,42100,Appartement,39.0,31000.0,794.87,2024-03-05
Saint-Étienne,42218,42100,Appartement,68.0,80000.0,1176.47,2024-03-04
Saint-Étienne,42218,42000,Appartement,76.0,50000.0,657.89,2024-03-01
Sainte-Agathe-la-Bouteresse,42197,42130,Maison,98.0,170000.0,1734.69,2024-02-15
Sainte-Agathe-la-Bouteresse,42197,42130,Maison,98.0,170000.0,1734.69,2024-02-15
La Ricamarie,42183,42150,Appartement,81.0,75000.0,925.93,2024-03-06
La Ricamarie,42183,42150,Appartement,56.0,75000.0,1339.29,2024-03-06
Saint-Étienne,42218,42100,Appartement,55.0,74000.0,1345.45,2024-02-27
Saint-Chamond,42207,42400,Appartement,60.0,240000.0,4000.0,2024-02-13
Saint-Chamond,42207,42400,Appartement,76.0,240000.0,3157.89,2024-02-13
Saint-Romain-le-Puy,42285,42610,Maison,94.0,285000.0,3031.91,2024-02-12
Saint-Romain-le-Puy,42285,42610,Maison,94.0,285000.0,3031.91,2024-02-12
Saint-Romain-le-Puy,42285,42610,Maison,94.0,285000.0,3031.91,2024-02-12
Saint-Chamond,42207,42400,Appartement,120.0,317000.0,2641.67,2024-02-29
Saint-Chamond,42207,42400,Appartement,85.0,317000.0,3729.41,2024-02-29
Saint-Chamond,42207,42400,Appartement,85.0,317000.0,3729.41,2024-02-29
Saint-Étienne,42218,42100,Appartement,65.0,54000.0,830.77,2024-02-29
Saint-André-le-Puy,42200,42210,Maison,104.0,293000.0,2817.31,2024-02-21
Saint-André-le-Puy,42200,42210,Maison,104.0,293000.0,2817.31,2024-02-21
Fraisses,42099,42490,Maison,107.0,167000.0,1560.75,2024-02-27
Saint-Étienne,42218,42100,Appartement,81.0,77000.0,950.62,2024-02-29
Saint-Étienne,42218,42000,Appartement,62.0,69000.0,1112.9,2024-03-04
Saint-Étienne,42218,42100,Maison,85.0,360000.0,4235.29,2024-02-26
Saint-Étienne,42218,42100,Maison,85.0,360000.0,4235.29,2024-02-26
Le Bessat,42017,42660,Maison,70.0,102500.0,1464.29,2024-03-01
Boisset-lès-Montrond,42020,42210,Maison,52.0,225000.0,4326.92,2024-02-27
La Talaudière,42305,42350,Maison,160.0,100000.0,625.0,2024-02-22
Saint-Étienne,42218,42100,Appartement,75.0,70000.0,933.33,2024-03-01
Saint-Étienne,42218,42000,Appartement,108.0,148600.0,1375.93,2024-02-29
Saint-Chamond,42207,42400,Maison,173.0,485000.0,2803.47,2024-02-29
Chuyer,42064,42410,Appartement,123.0,280650.0,2281.71,2024-02-28
Bellegarde-en-Forez,42013,42210,Maison,65.0,76000.0,1169.23,2024-02-14
Firminy,42095,42700,Maison,64.0,85000.0,1328.12,2024-03-07
Andrézieux-Bouthéon,42005,42160,Appartement,87.0,119700.0,1375.86,2024-03-05
La Fouillouse,42097,42480,Appartement,113.0,346970.0,3070.53,2024-03-07
Saint-Bonnet-les-Oules,42206,42330,Maison,96.0,307750.0,3205.73,2024-03-04
La Ricamarie,42183,42150,Appartement,65.0,62000.0,953.85,2024-03-07
La Ricamarie,42183,42150,Appartement,65.0,62000.0,953.85,2024-03-07
Lorette,42123,42420,Appartement,80.0,265000.0,3312.5,2024-03-05
Saint-Étienne,42218,42000,Appartement,92.0,81900.0,890.22,2024-02-26
Saint-Just-Saint-Rambert,42279,42170,Maison,85.0,322150.0,3790.0,2024-02-27
Saint-Chamond,42207,42400,Maison,120.0,275500.0,2295.83,2024-02-16
La Valla-en-Gier,42322,42131,Appartement,82.0,90000.0,1097.56,2024-02-22
La Valla-en-Gier,42322,42131,Appartement,133.0,90000.0,676.69,2024-02-22
Saint-Romain-le-Puy,42285,42610,Maison,100.0,210000.0,2100.0,2024-03-05
Saint-Étienne,42218,42000,Appartement,56.0,130000.0,2321.43,2024-02-26
Rive-de-Gier,42186,42800,Maison,83.0,250000.0,3012.05,2024-03-07
Saint-Chamond,42207,42400,Appartement,91.0,158000.0,1736.26,2024-02-19
Feurs,42094,42110,Appartement,49.0,121000.0,2469.39,2024-02-28
Saint-Jean-Bonnefonds,42237,42650,Appartement,64.0,82000.0,1281.25,2024-02-16
Saint-Chamond,42207,42400,Maison,118.0,242300.0,2053.39,2024-02-20
Saint-Chamond,42207,42400,Maison,118.0,242300.0,2053.39,2024-02-20
La Ricamarie,42183,42150,Appartement,65.0,50000.0,769.23,2024-03-07
Lorette,42123,42420,Maison,90.0,276000.0,3066.67,2024-03-07
Lorette,42123,42420,Maison,90.0,276000.0,3066.67,2024-03-07
Saint-Priest-en-Jarez,42275,42270,Maison,38.0,161500.0,4250.0,2024-02-19
La Fouillouse,42097,42480,Appartement,63.0,111203.0,1765.13,2024-03-01
Lorette,42123,42420,Maison,68.0,177500.0,2610.29,2024-02-23
Saint-Étienne,42218,42000,Appartement,45.0,72620.0,1613.78,2024-02-15
Villars,42330,42390,Maison,86.0,140000.0,1627.91,2024-02-26
Lorette,42123,42420,Maison,103.0,235000.0,2281.55,2024-03-07
Lorette,42123,42420,Maison,103.0,235000.0,2281.55,2024-03-07
Roisey,42191,42520,Maison,124.0,473000.0,3814.52,2024-02-12
Roisey,42191,42520,Maison,124.0,473000.0,3814.52,2024-02-12
La Ricamarie,42183,42150,Appartement,71.0,52000.0,732.39,2024-03-08
Montbrison,42147,42600,Appartement,54.0,113200.0,2096.3,2024-02-15
Saint-Marcellin-en-Forez,42256,42680,Maison,75.0,115400.0,1538.67,2024-02-16
Lorette,42123,42420,Maison,116.0,257000.0,2215.52,2024-02-12
Saint-Étienne,42218,42000,Appartement,46.0,47000.0,1021.74,2024-02-28
Saint-Étienne,42218,42100,Appartement,23.0,30000.0,1304.35,2024-03-07
Saint-Étienne,42218,42000,Appartement,27.0,23000.0,851.85,2024-02-28
Saint-Étienne,42218,42100,Maison,78.0,196000.0,2512.82,2024-03-07
Firminy,42095,42700,Appartement,79.0,45000.0,569.62,2024-03-04
Feurs,42094,42110,Maison,115.0,175000.0,1521.74,2024-02-26
Feurs,42094,42110,Maison,115.0,175000.0,1521.74,2024-02-26
Rozier-en-Donzy,42193,42810,Appartement,53.0,40000.0,754.72,2024-02-27
Saint-Étienne,42218,42000,Appartement,86.0,125000.0,1453.49,2024-01-25
Montbrison,42147,42600,Maison,64.0,180000.0,2812.5,2024-02-19
Saint-Just-Saint-Rambert,42279,42170,Appartement,41.0,102000.0,2487.8,2024-02-26
Saint-Martin-la-Plaine,42259,42800,Maison,122.0,432300.0,3543.44,2024-02-26
Saint-Étienne,42218,42000,Appartement,72.0,100000.0,1388.89,2024-02-19
Saint-Étienne,42218,42000,Appartement,44.0,131100.0,2979.55,2024-02-28
Saint-Étienne,42218,42100,Appartement,78.0,98000.0,1256.41,2024-03-04
Saint-Étienne,42218,42100,Appartement,59.0,80000.0,1355.93,2024-03-08
Saint-Étienne,42218,42000,Appartement,64.0,70000.0,1093.75,2024-02-14
Chazelles-sur-Lyon,42059,42140,Maison,100.0,239000.0,2390.0,2024-03-07
Roche-la-Molière,42189,42230,Appartement,109.0,360000.0,3302.75,2024-02-28
Saint-Étienne,42218,42100,Appartement,33.0,40000.0,1212.12,2024-02-26
Saint-Étienne,42218,42100,Appartement,75.0,104000.0,1386.67,2024-03-04
La Fouillouse,42097,42480,Appartement,50.0,25000.0,500.0,2024-03-07
Saint-Étienne,42218,42100,Appartement,35.0,43500.0,1242.86,2024-02-21
Saint-Étienne,42218,42000,Appartement,49.0,87550.0,1786.73,2024-03-05
La Grand-Croix,42103,42320,Appartement,125.0,255000.0,2040.0,2024-02-12
Saint-Étienne,42218,42000,Appartement,77.0,204120.0,2650.91,2024-02-15
Saint-Étienne,42218,42000,Appartement,40.0,204120.0,5103.0,2024-02-15
Fontanès,42096,42140,Maison,120.0,202000.0,1683.33,2024-03-08
Saint-Étienne,42218,42000,Appartement,66.0,80000.0,1212.12,2024-03-04
Saint-Étienne,42218,42100,Appartement,40.0,66600.0,1665.0,2024-03-07
Panissières,42165,42360,Maison,138.0,138000.0,1000.0,2024-03-07
Saint-Étienne,42218,42000,Appartement,34.0,40000.0,1176.47,2024-02-22
Farnay,42093,42320,Maison,47.0,153500.0,3265.96,2024-03-08
Saint-Étienne,42218,42000,Maison,107.0,308950.0,2887.38,2024-03-07
Montbrison,42147,42600,Appartement,103.0,330000.0,3203.88,2024-02-16
Andrézieux-Bouthéon,42005,42160,Appartement,54.0,175000.0,3240.74,2024-03-11
Valeille,42319,42110,Maison,98.0,216750.0,2211.73,2024-02-23
Firminy,42095,42700,Maison,78.0,192850.0,2472.44,2024-03-05
Boisset-Saint-Priest,42021,42560,Maison,168.0,433300.0,2579.17,2024-02-29
Boisset-Saint-Priest,42021,42560,Maison,168.0,433300.0,2579.17,2024-02-29
Unieux,42316,42240,Maison,97.0,276000.0,2845.36,2024-02-21
Feurs,42094,42110,Appartement,64.0,86500.0,1351.56,2024-03-11
Saint-Étienne,42218,42100,Appartement,60.0,29500.0,491.67,2024-03-01
Chavanay,42056,42410,Maison,120.0,200650.0,1672.08,2024-02-29
Saint-Chamond,42207,42400,Appartement,50.0,48250.0,965.0,2024-03-07
Saint-Étienne,42218,42100,Appartement,47.0,45000.0,957.45,2024-02-29
Saint-Étienne,42218,42000,Appartement,50.0,28600.0,572.0,2024-03-01
Pralong,42179,42600,Maison,173.0,115817.0,669.46,2024-02-26
Firminy,42095,42700,Maison,320.0,341750.0,1067.97,2024-03-05
Roche-la-Molière,42189,42230,Maison,92.0,225200.0,2447.83,2024-03-07
Saint-Étienne,42218,42100,Appartement,25.0,35000.0,1400.0,2024-03-06
Jonzieux,42115,42660,Maison,84.0,160000.0,1904.76,2024-02-27
Savigneux,42299,42600,Maison,76.0,166650.0,2192.76,2024-02-20
Unieux,42316,42240,Maison,69.0,255550.0,3703.62,2024-03-08
Saint-Étienne,42218,42000,Appartement,73.0,130000.0,1780.82,2024-03-04
Saint-Étienne,42218,42100,Appartement,42.0,50000.0,1190.48,2024-03-06
Saint-Étienne,42218,42100,Appartement,89.0,228000.0,2561.8,2024-02-23
Bonson,42022,42160,Maison,82.0,207000.0,2524.39,2024-03-08
Bonson,42022,42160,Maison,82.0,207000.0,2524.39,2024-03-08
Saint-Étienne,42218,42100,Appartement,76.0,63000.0,828.95,2024-02-28
Saint-Chamond,42207,42400,Appartement,90.0,119000.0,1322.22,2024-03-06
Saint-Étienne,42218,42100,Maison,103.0,297500.0,2888.35,2024-02-26
Saint-Étienne,42218,42100,Maison,90.0,170500.0,1894.44,2024-02-26
Saint-Étienne,42218,42100,Appartement,35.0,41000.0,1171.43,2024-03-06
Saint-Étienne,42218,42000,Appartement,59.0,71700.0,1215.25,2024-03-01
Rive-de-Gier,42186,42800,Appartement,49.0,57000.0,1163.27,2024-03-06
Veauchette,42324,42340,Maison,80.0,342700.0,4283.75,2024-03-11
La Grand-Croix,42103,42320,Appartement,86.0,209000.0,2430.23,2024-03-04
Saint-Marcellin-en-Forez,42256,42680,Maison,37.0,88000.0,2378.38,2024-03-07
Saint-Étienne,42218,42000,Appartement,105.0,166900.0,1589.52,2024-02-29
Saint-Étienne,42218,42100,Maison,238.0,417550.0,1754.41,2024-02-26
Saint-Étienne,42218,42100,Maison,238.0,417550.0,1754.41,2024-02-26
Saint-Chamond,42207,42400,Appartement,44.0,51000.0,1159.09,2024-03-07
La Ricamarie,42183,42150,Maison,99.0,227000.0,2292.93,2024-03-01
Montrond-les-Bains,42149,42210,Maison,53.0,115000.0,2169.81,2024-03-13
Le Chambon-Feugerolles,42044,42500,Maison,94.0,70000.0,744.68,2024-03-11
Saint-Just-Saint-Rambert,42279,42170,Maison,80.0,264600.0,3307.5,2024-03-08
Saint-Chamond,42207,42400,Appartement,75.0,100000.0,1333.33,2024-03-04
Chevrières,42062,42140,Maison,83.0,174000.0,2096.39,2024-03-04
Chevrières,42062,42140,Maison,83.0,174000.0,2096.39,2024-03-04
Montbrison,42147,42600,Maison,100.0,265000.0,2650.0,2024-02-19
Veauche,42323,42340,Appartement,75.0,236500.0,3153.33,2024-03-07
Le Chambon-Feugerolles,42044,42500,Maison,88.0,220000.0,2500.0,2024-03-05
Saint-Chamond,42207,42400,Maison,120.0,268500.0,2237.5,2024-02-22
Saint-Chamond,42207,42400,Appartement,58.0,60000.0,1034.48,2024-03-07
Saint-Étienne,42218,42000,Appartement,28.0,37910.0,1353.93,2024-03-14
Rozier-en-Donzy,42193,42810,Maison,206.0,60000.0,291.26,2024-02-28
Salvizinet,42297,42110,Maison,63.0,277000.0,4396.83,2024-02-16
Salvizinet,42297,42110,Maison,208.0,277000.0,1331.73,2024-02-16
Saint-Étienne,42218,42000,Appartement,25.0,29000.0,1160.0,2024-02-26
Saint-Paul-en-Jarez,42271,42740,Maison,71.0,136000.0,1915.49,2024-02-16
Le Chambon-Feugerolles,42044,42500,Appartement,37.0,656000.0,17729.73,2024-02-16
Le Chambon-Feugerolles,42044,42500,Appartement,76.0,656000.0,8631.58,2024-02-16
Le Chambon-Feugerolles,42044,42500,Appartement,111.0,656000.0,5909.91,2024-02-16
Le Chambon-Feugerolles,42044,42500,Appartement,100.0,656000.0,6560.0,2024-02-16
Le Chambon-Feugerolles,42044,42500,Appartement,59.0,656000.0,11118.64,2024-02-16
Le Chambon-Feugerolles,42044,42500,Appartement,59.0,656000.0,11118.64,2024-02-16
Le Chambon-Feugerolles,42044,42500,Appartement,77.0,656000.0,8519.48,2024-02-16
Le Chambon-Feugerolles,42044,42500,Appartement,87.0,656000.0,7540.23,2024-02-16
Le Chambon-Feugerolles,42044,42500,Appartement,110.0,656000.0,5963.64,2024-02-16
Le Chambon-Feugerolles,42044,42500,Appartement,40.0,656000.0,16400.0,2024-02-16
Saint-Étienne,42218,42000,Appartement,56.0,71350.0,1274.11,2024-03-04
Saint-Étienne,42218,42100,Appartement,45.0,60000.0,1333.33,2024-03-07
Lorette,42123,42420,Appartement,81.0,161000.0,1987.65,2024-03-05
Saint-Étienne,42218,42100,Appartement,55.0,76000.0,1381.82,2024-03-11
Saint-Étienne,42218,42100,Appartement,58.0,60000.0,1034.48,2024-03-06
Saint-Chamond,42207,42400,Appartement,37.0,60000.0,1621.62,2024-03-07
Saint-Étienne,42218,42000,Appartement,174.0,100000.0,574.71,2024-03-11
Poncins,42174,42110,Maison,112.0,247150.0,2206.7,2024-03-06
Poncins,42174,42110,Maison,112.0,247150.0,2206.7,2024-03-06
Saint-Étienne,42218,42000,Appartement,78.0,37000.0,474.36,2024-03-08
Saint-Étienne,42218,42100,Appartement,50.0,35000.0,700.0,2024-03-08
Saint-Étienne,42218,42100,Appartement,31.0,45000.0,1451.61,2024-03-08
Saint-Cyr-les-Vignes,42214,42210,Maison,102.0,194000.0,1901.96,2024-02-29
Lupé,42124,42520,Maison,125.0,328530.0,2628.24,2024-02-20
Saint-Romain-le-Puy,42285,42610,Maison,80.0,100000.0,1250.0,2024-03-15
Saint-Martin-la-Plaine,42259,42800,Maison,128.0,230000.0,1796.88,2024-03-07
Saint-Martin-la-Plaine,42259,42800,Appartement,75.0,230000.0,3066.67,2024-03-07
Doizieux,42085,42740,Maison,80.0,160000.0,2000.0,2024-02-16
Saint-Jean-Soleymieux,42240,42560,Maison,100.0,116000.0,1160.0,2024-03-13
Saint-Régis-du-Coin,42280,42660,Maison,100.0,220000.0,2200.0,2024-02-20
Saint-Romain-le-Puy,42285,42610,Maison,116.0,231950.0,1999.57,2024-03-01
Saint-Romain-le-Puy,42285,42610,Maison,116.0,231950.0,1999.57,2024-03-01
Lorette,42123,42420,Appartement,40.0,40000.0,1000.0,2024-03-12
Colombier,42067,42220,Maison,101.0,73000.0,722.77,2024-03-01
La Talaudière,42305,42350,Maison,144.0,58720.0,407.78,2024-02-21
Rive-de-Gier,42186,42800,Appartement,74.0,55000.0,743.24,2024-03-11
Saint-Étienne,42218,42100,Appartement,19.0,27675.0,1456.58,2024-03-12
Montverdun,42150,42130,Maison,95.0,140000.0,1473.68,2024-03-13
Firminy,42095,42700,Maison,160.0,359000.0,2243.75,2024-03-08
Saint-Étienne,42218,42100,Appartement,134.0,215000.0,1604.48,2024-02-22
Saint-Étienne,42218,42100,Appartement,85.0,67700.0,796.47,2024-03-11
Saint-Étienne,42218,42100,Appartement,25.0,90500.0,3620.0,2024-02-28
Genilac,42225,42800,Maison,80.0,339000.0,4237.5,2024-02-13
Saint-Étienne,42218,42000,Appartement,38.0,53645.0,1411.71,2024-03-13
Saint-Chamond,42207,42400,Appartement,80.0,157300.0,1966.25,2024-03-14
Saint-Julien-Molin-Molette,42246,42220,Maison,103.0,165000.0,1601.94,2024-02-27
Essertines-en-Châtelneuf,42089,42600,Maison,66.0,105000.0,1590.91,2024-03-01
Saint-Étienne,42218,42000,Appartement,35.0,55000.0,1571.43,2024-03-14
Saint-Étienne,42218,42000,Appartement,48.0,44000.0,916.67,2024-03-11
Saint-Étienne,42218,42000,Appartement,60.0,44000.0,733.33,2024-03-11
Saint-Étienne,42218,42000,Appartement,30.0,44000.0,1466.67,2024-03-11
Rive-de-Gier,42186,42800,Appartement,75.0,85000.0,1133.33,2024-03-13
Pouilly-lès-Feurs,42175,42110,Maison,92.0,150000.0,1630.43,2024-03-14
Saint-Jean-Bonnefonds,42237,42650,Maison,100.0,340000.0,3400.0,2024-03-15
Saint-Jean-Bonnefonds,42237,42650,Maison,100.0,340000.0,3400.0,2024-03-15
Rive-de-Gier,42186,42800,Appartement,38.0,40000.0,1052.63,2024-03-04
Saint-Étienne,42218,42000,Appartement,48.0,60000.0,1250.0,2024-02-22
Saint-Étienne,42218,42000,Appartement,38.0,60000.0,1578.95,2024-02-22
Saint-Étienne,42218,42000,Appartement,45.0,60000.0,1333.33,2024-02-22
Saint-Étienne,42218,42000,Appartement,37.0,60000.0,1621.62,2024-02-22
Saint-Étienne,42218,42000,Appartement,25.0,103510.0,4140.4,2024-03-12
Saint-Étienne,42218,42000,Appartement,76.0,103510.0,1361.97,2024-03-12
Montbrison,42147,42600,Maison,72.0,142000.0,1972.22,2024-03-11
Saint-Étienne,42218,42000,Maison,90.0,250000.0,2777.78,2024-03-15
Saint-Étienne,42218,42100,Appartement,34.0,31500.0,926.47,2024-03-12
Saint-Just-Saint-Rambert,42279,42170,Appartement,55.0,157850.0,2870.0,2024-03-12
Saint-Marcellin-en-Forez,42256,42680,Maison,50.0,82350.0,1647.0,2024-03-07
Saint-André-le-Puy,42200,42210,Maison,91.0,187000.0,2054.95,2024-03-12
Saint-Étienne,42218,42100,Appartement,49.0,75000.0,1530.61,2024-03-11
Saint-Étienne,42218,42100,Appartement,37.0,75000.0,2027.03,2024-03-11
Sorbiers,42302,42290,Maison,92.0,75000.0,815.22,2024-03-18
Saint-Étienne,42218,42000,Appartement,90.0,99000.0,1100.0,2024-03-15
Verrières-en-Forez,42328,42600,Maison,62.0,133350.0,2150.81,2024-03-07
Saint-Étienne,42218,42000,Appartement,91.0,68000.0,747.25,2024-03-11
Saint-Étienne,42218,42100,Appartement,72.0,106573.0,1480.18,2024-03-15
Boisset-lès-Montrond,42020,42210,Appartement,87.0,130000.0,1494.25,2024-02-26
Saint-Étienne,42218,42000,Appartement,48.0,150500.0,3135.42,2024-03-14
Saint-Étienne,42218,42000,Appartement,50.0,150500.0,3010.0,2024-03-14
Les Salles,42295,42440,Maison,59.0,94650.0,1604.24,2024-03-13
Saint-Étienne,42218,42100,Appartement,19.0,37500.0,1973.68,2024-02-22
Saint-Chamond,42207,42400,Appartement,150.0,306500.0,2043.33,2024-03-14
Montbrison,42147,42600,Maison,150.0,368000.0,2453.33,2024-03-05
La Valla-en-Gier,42322,42131,Maison,54.0,70000.0,1296.3,2024-03-12
Saint-Étienne,42218,42000,Maison,102.0,192000.0,1882.35,2024-03-15
Firminy,42095,42700,Appartement,97.0,130000.0,1340.21,2024-02-27
Saint-Étienne,42218,42000,Appartement,78.0,89000.0,1141.03,2024-03-11
Saint-Étienne,42218,42000,Appartement,30.0,270000.0,9000.0,2024-03-08
Saint-Étienne,42218,42000,Appartement,30.0,270000.0,9000.0,2024-03-08
Saint-Étienne,42218,42000,Appartement,16.0,270000.0,16875.0,2024-03-08
Saint-Étienne,42218,42000,Appartement,64.0,270000.0,4218.75,2024-03-08
Saint-Étienne,42218,42000,Appartement,29.0,270000.0,9310.34,2024-03-08
Saint-Étienne,42218,42000,Appartement,20.0,270000.0,13500.0,2024-03-08
Saint-Étienne,42218,42000,Appartement,30.0,270000.0,9000.0,2024-03-08
Montbrison,42147,42600,Maison,97.0,279250.0,2878.87,2024-03-08
Veauche,42323,42340,Maison,163.0,322750.0,1980.06,2024-03-15
Saint-Étienne,42218,42100,Appartement,90.0,115000.0,1277.78,2024-02-20
Chavanay,42056,42410,Maison,90.0,277500.0,3083.33,2024-03-04
Chavanay,42056,42410,Maison,40.0,277500.0,6937.5,2024-03-04
Saint-Étienne,42218,42100,Appartement,54.0,55000.0,1018.52,2024-03-12
Saint-Étienne,42218,42100,Appartement,60.0,97750.0,1629.17,2024-03-07
Saint-Étienne,42218,42000,Appartement,80.0,40000.0,500.0,2024-02-22
Saint-Étienne,42218,42000,Appartement,25.0,40000.0,1600.0,2024-02-22
Saint-Étienne,42218,42100,Appartement,59.0,56960.0,965.42,2024-03-15
La Grand-Croix,42103,42320,Maison,87.0,230500.0,2649.43,2024-03-11
Saint-Étienne,42218,42100,Appartement,21.0,22000.0,1047.62,2024-03-12
Rive-de-Gier,42186,42800,Appartement,80.0,133655.0,1670.69,2024-03-08
Saint-Genest-Lerpt,42223,42530,Maison,107.0,280000.0,2616.82,2024-03-01
Saint-Étienne,42218,42100,Appartement,69.0,106000.0,1536.23,2024-03-13
Saint-Just-Saint-Rambert,42279,42170,Maison,99.0,185000.0,1868.69,2024-02-14
Saint-Étienne,42218,42000,Appartement,30.0,71000.0,2366.67,2024-03-14
Saint-Étienne,42218,42000,Appartement,26.0,71000.0,2730.77,2024-03-14
Saint-Étienne,42218,42000,Appartement,20.0,71000.0,3550.0,2024-03-14
Saint-Étienne,42218,42000,Appartement,26.0,71000.0,2730.77,2024-03-14
Saint-Étienne,42218,42000,Appartement,30.0,40000.0,1333.33,2024-03-13
Saint-Étienne,42218,42000,Appartement,26.0,40000.0,1538.46,2024-03-13
Savigneux,42299,42600,Appartement,85.0,200000.0,2352.94,2024-02-23
L'Horme,42110,42152,Appartement,69.0,157000.0,2275.36,2024-03-13
Bourg-Argental,42023,42220,Appartement,53.0,81000.0,1528.3,2024-03-08
Bourg-Argental,42023,42220,Appartement,73.0,81000.0,1109.59,2024-03-08
Saint-Étienne,42218,42100,Appartement,46.0,37500.0,815.22,2024-03-07
Saint-Étienne,42218,42100,Appartement,80.0,55000.0,687.5,2024-03-13
Saint-Étienne,42218,42000,Appartement,48.0,45500.0,947.92,2024-02-27
L'Hôpital-le-Grand,42108,42210,Maison,96.0,292400.0,3045.83,2024-03-15
Sorbiers,42302,42290,Maison,99.0,255000.0,2575.76,2024-03-15
Villars,42330,42390,Appartement,91.0,95000.0,1043.96,2024-03-18
Villars,42330,42390,Appartement,67.0,77000.0,1149.25,2024-03-08
Châteauneuf,42053,42800,Maison,100.0,349200.0,3492.0,2024-03-12
Châteauneuf,42053,42800,Maison,100.0,349200.0,3492.0,2024-03-12
Montbrison,42147,42600,Maison,119.0,123500.0,1037.82,2024-03-05
Verrières-en-Forez,42328,42600,Maison,80.0,95000.0,1187.5,2024-03-06
Saint-Étienne,42218,42100,Appartement,25.0,60000.0,2400.0,2024-03-08
Saint-Étienne,42218,42100,Appartement,18.0,30100.0,1672.22,2024-02-15
Roche-la-Molière,42189,42230,Appartement,51.0,137500.0,2696.08,2024-03-12
Villars,42330,42390,Appartement,73.0,69000.0,945.21,2024-03-05
Saint-Étienne,42218,42100,Appartement,120.0,194000.0,1616.67,2024-03-11
Saint-Appolinard,42201,42520,Maison,105.0,195980.0,1866.48,2024-02-28
Saint-Étienne,42218,42100,Appartement,55.0,57500.0,1045.45,2024-03-05
Saint-Étienne,42218,42000,Appartement,60.0,35000.0,583.33,2024-03-15
Saint-Chamond,42207,42400,Maison,72.0,221000.0,3069.44,2024-02-13
Chalain-d'Uzore,42037,42600,Maison,158.0,310000.0,1962.03,2024-03-04
Saint-Étienne,42218,42100,Appartement,76.0,85500.0,1125.0,2024-03-14
Saint-Bonnet-le-Château,42204,42380,Appartement,85.0,151000.0,1776.47,2024-03-14
Saint-Étienne,42218,42100,Appartement,62.0,57000.0,919.35,2024-02-20
Saint-Étienne,42218,42100,Appartement,45.0,22000.0,488.89,2024-03-06
L'Horme,42110,42152,Maison,120.0,352500.0,2937.5,2024-03-15
L'Horme,42110,42152,Maison,120.0,352500.0,2937.5,2024-03-15
Saint-Genest-Lerpt,42223,42530,Maison,92.0,201000.0,2184.78,2024-02-23
Le Chambon-Feugerolles,42044,42500,Maison,76.0,160500.0,2111.84,2024-03-15
Saint-Étienne,42218,42000,Appartement,110.0,124000.0,1127.27,2024-03-05
L'Hôpital-le-Grand,42108,42210,Maison,89.0,296900.0,3335.96,2024-03-11
Saint-Just-Saint-Rambert,42279,42170,Maison,130.0,284150.0,2185.77,2024-03-18
La Ricamarie,42183,42150,Appartement,88.0,72000.0,818.18,2024-03-05
Fraisses,42099,42490,Appartement,43.0,42700.0,993.02,2024-02-19
Saint-Étienne,42218,42100,Appartement,74.0,110000.0,1486.49,2024-03-06
Saint-Marcellin-en-Forez,42256,42680,Maison,112.0,207000.0,1848.21,2024-03-14
Saint-Chamond,42207,42400,Maison,70.0,163000.0,2328.57,2024-03-07
Sury-le-Comtal,42304,42450,Maison,60.0,111450.0,1857.5,2024-03-20
Saint-Étienne,42218,42000,Appartement,53.0,57000.0,1075.47,2024-03-05
Saint-Étienne,42218,42000,Appartement,30.0,39000.0,1300.0,2024-03-04
Andrézieux-Bouthéon,42005,42160,Appartement,91.0,232000.0,2549.45,2024-03-12
Saint-Just-Saint-Rambert,42279,42170,Maison,144.0,290000.0,2013.89,2024-02-23
Feurs,42094,42110,Appartement,60.0,102000.0,1700.0,2024-03-11
Chavanay,42056,42410,Maison,74.0,136000.0,1837.84,2024-02-23
Saint-Étienne,42218,42230,Maison,88.0,218000.0,2477.27,2024-03-05
Saint-Chamond,42207,42400,Appartement,60.0,65000.0,1083.33,2024-03-20
Saint-Étienne,42218,42100,Maison,87.0,304500.0,3500.0,2024-03-18
Saint-Étienne,42218,42100,Appartement,67.0,225000.0,3358.21,2024-02-13
Saint-Étienne,42218,42100,Appartement,105.0,225000.0,2142.86,2024-02-13
Saint-Étienne,42218,42100,Appartement,50.0,225000.0,4500.0,2024-02-13
Saint-Étienne,42218,42100,Appartement,78.0,225000.0,2884.62,2024-02-13
Saint-Étienne,42218,42100,Appartement,67.0,76500.0,1141.79,2024-03-07
Saint-Étienne,42218,42100,Appartement,105.0,76500.0,728.57,2024-03-07
Saint-Étienne,42218,42100,Appartement,50.0,76500.0,1530.0,2024-03-07
Boën-sur-Lignon,42019,42130,Appartement,94.0,76000.0,808.51,2024-03-15
Saint-Just-Saint-Rambert,42279,42170,Maison,105.0,250000.0,2380.95,2024-03-08
Saint-Just-Saint-Rambert,42279,42170,Maison,105.0,250000.0,2380.95,2024-03-08
Saint-Étienne,42218,42100,Appartement,78.0,68000.0,871.79,2024-03-07
Montbrison,42147,42600,Appartement,24.0,500000.0,20833.33,2024-03-01
Montbrison,42147,42600,Appartement,68.0,500000.0,7352.94,2024-03-01
Montbrison,42147,42600,Appartement,87.0,500000.0,5747.13,2024-03-01
Montbrison,42147,42600,Appartement,63.0,500000.0,7936.51,2024-03-01
La Grand-Croix,42103,42320,Appartement,73.0,133000.0,1821.92,2024-03-14
Saint-Étienne,42218,42100,Appartement,42.0,210000.0,5000.0,2024-03-15
Saint-Étienne,42218,42100,Appartement,42.0,210000.0,5000.0,2024-03-15
Saint-Étienne,42218,42100,Appartement,42.0,210000.0,5000.0,2024-03-15
Saint-Étienne,42218,42100,Appartement,42.0,210000.0,5000.0,2024-03-15
Saint-Étienne,42218,42100,Maison,94.0,232000.0,2468.09,2024-03-15
Maringes,42138,42140,Maison,110.0,216500.0,1968.18,2024-03-12
Saint-Étienne,42218,42100,Appartement,71.0,55000.0,774.65,2024-03-06
Saint-Étienne,42218,42000,Appartement,33.0,22000.0,666.67,2024-03-12
Saint-Étienne,42218,42000,Appartement,62.0,79900.0,1288.71,2024-03-05
Saint-Étienne,42218,42100,Appartement,30.0,329000.0,10966.67,2024-03-07
Saint-Étienne,42218,42100,Appartement,30.0,329000.0,10966.67,2024-03-07
Saint-Étienne,42218,42100,Appartement,48.0,329000.0,6854.17,2024-03-07
Saint-Étienne,42218,42100,Appartement,48.0,329000.0,6854.17,2024-03-07
Saint-Étienne,42218,42100,Appartement,48.0,329000.0,6854.17,2024-03-07
Saint-Étienne,42218,42100,Appartement,30.0,329000.0,10966.67,2024-03-07
Saint-Étienne,42218,42100,Appartement,30.0,329000.0,10966.67,2024-03-07
Saint-Étienne,42218,42100,Appartement,110.0,329000.0,2990.91,2024-03-07
Saint-Étienne,42218,42000,Appartement,28.0,34000.0,1214.29,2024-03-13
Saint-Étienne,42218,42000,Appartement,56.0,53000.0,946.43,2024-03-19
Saint-Étienne,42218,42000,Appartement,20.0,39000.0,1950.0,2024-03-04
Saint-Étienne,42218,42000,Appartement,20.0,32000.0,1600.0,2024-03-04
Villars,42330,42390,Appartement,115.0,340100.0,2957.39,2024-03-19
Villars,42330,42390,Appartement,57.0,59500.0,1043.86,2024-03-01
Saint-Bonnet-le-Château,42204,42380,Appartement,88.0,75000.0,852.27,2024-03-08
Saint-Héand,42234,42570,Maison,130.0,294050.0,2261.92,2024-03-15
Saint-Étienne,42218,42100,Appartement,93.0,75000.0,806.45,2024-03-12
Saint-Étienne,42218,42000,Appartement,44.0,50000.0,1136.36,2024-03-08
Saint-Étienne,42218,42100,Appartement,67.0,70000.0,1044.78,2024-03-14
Saint-Étienne,42218,42000,Appartement,167.0,257800.0,1543.71,2024-03-15
Saint-Étienne,42218,42000,Appartement,29.0,26600.0,917.24,2024-03-14
Montbrison,42147,42600,Maison,116.0,195800.0,1687.93,2024-03-13
Saint-Étienne,42218,42100,Appartement,69.0,70000.0,1014.49,2024-03-13
Jonzieux,42115,42660,Maison,200.0,295000.0,1475.0,2024-02-23
Saint-Étienne,42218,42100,Appartement,39.0,84000.0,2153.85,2024-03-11
Saint-Étienne,42218,42100,Appartement,39.0,84000.0,2153.85,2024-03-11
Saint-Étienne,42218,42100,Appartement,24.0,84000.0,3500.0,2024-03-11
Saint-Christo-en-Jarez,42208,42320,Appartement,89.0,167500.0,1882.02,2024-03-07
Saint-Étienne,42218,42000,Appartement,76.0,45000.0,592.11,2024-03-11
Saint-Étienne,42218,42000,Appartement,45.0,68000.0,1511.11,2024-03-11
Saint-Étienne,42218,42000,Maison,142.0,128000.0,901.41,2024-03-08
Saint-Étienne,42218,42100,Maison,81.0,150000.0,1851.85,2024-03-15
Saint-Étienne,42218,42100,Appartement,108.0,123000.0,1138.89,2024-03-20
Saint-André-le-Puy,42200,42210,Maison,55.0,80000.0,1454.55,2024-03-12
Saint-André-le-Puy,42200,42210,Appartement,35.0,80000.0,2285.71,2024-03-12
Saint-Étienne,42218,42000,Appartement,59.0,40000.0,677.97,2024-03-15
Saint-Étienne,42218,42100,Appartement,120.0,149000.0,1241.67,2024-03-01
Saint-Étienne,42218,42000,Appartement,65.0,84000.0,1292.31,2024-03-07
Saint-Chamond,42207,42400,Appartement,188.0,90161.89,479.58,2024-03-14
Saint-Just-Saint-Rambert,42279,42170,Appartement,60.0,219705.0,3661.75,2024-03-15
Firminy,42095,42700,Appartement,63.0,130000.0,2063.49,2024-03-18
Saint-Étienne,42218,42100,Appartement,86.0,80000.0,930.23,2024-03-14
Saint-Étienne,42218,42100,Appartement,105.0,87500.0,833.33,2024-03-07
Saint-Genest-Lerpt,42223,42530,Maison,78.0,203220.0,2605.38,2024-03-08
Saint-Étienne,42218,42000,Appartement,127.0,41209.0,324.48,2024-03-20
Saint-Chamond,42207,42400,Appartement,70.0,400000.0,5714.29,2024-03-07
Saint-Chamond,42207,42400,Appartement,70.0,400000.0,5714.29,2024-03-07
Saint-Chamond,42207,42400,Appartement,70.0,400000.0,5714.29,2024-03-07
Saint-Étienne-le-Molard,42219,42130,Maison,121.0,104250.0,861.57,2024-03-15
Roche-la-Molière,42189,42230,Maison,74.0,232000.0,3135.14,2024-03-22
La Fouillouse,42097,42480,Appartement,51.0,101000.0,1980.39,2024-03-20
Montrond-les-Bains,42149,42210,Maison,59.0,164000.0,2779.66,2024-03-11
Unieux,42316,42240,Maison,119.0,189000.0,1588.24,2024-03-14
Firminy,42095,42700,Appartement,90.0,155000.0,1722.22,2024-03-20
Firminy,42095,42700,Appartement,90.0,155000.0,1722.22,2024-03-20
Firminy,42095,42700,Appartement,90.0,155000.0,1722.22,2024-03-20
Rive-de-Gier,42186,42800,Maison,80.0,148000.0,1850.0,2024-03-11
Saint-Étienne,42218,42100,Maison,101.0,156000.0,1544.55,2024-03-18
L'Horme,42110,42152,Appartement,67.0,133000.0,1985.07,2024-03-18
Montbrison,42147,42600,Appartement,94.0,142500.0,1515.96,2024-02-29
Montbrison,42147,42600,Appartement,99.0,142500.0,1439.39,2024-02-29
Montbrison,42147,42600,Appartement,44.0,142500.0,3238.64,2024-02-29
Saint-Just-Saint-Rambert,42279,42170,Appartement,100.0,121300.0,1213.0,2024-03-08
Villars,42330,42390,Appartement,77.0,213000.0,2766.23,2024-03-12
Rive-de-Gier,42186,42800,Appartement,38.0,35000.0,921.05,2024-03-19
Saint-Galmier,42222,42330,Maison,93.0,228000.0,2451.61,2024-03-18
Champdieu,42046,42600,Maison,110.0,248850.0,2262.27,2024-03-22
Champdieu,42046,42600,Maison,110.0,248850.0,2262.27,2024-03-22
Saint-Étienne,42218,42000,Appartement,32.0,32000.0,1000.0,2024-03-20
Saint-Héand,42234,42570,Maison,143.0,472850.0,3306.64,2024-03-26
Saint-Héand,42234,42570,Maison,143.0,472850.0,3306.64,2024-03-26
Veauche,42323,42340,Appartement,102.0,232285.0,2277.3,2024-03-20
Saint-Chamond,42207,42400,Maison,130.0,231000.0,1776.92,2024-03-13
Boën-sur-Lignon,42019,42130,Maison,90.0,81665.0,907.39,2024-03-26
Saint-Héand,42234,42570,Maison,30.0,50000.0,1666.67,2024-03-26
Saint-Martin-la-Plaine,42259,42800,Maison,88.0,25000.0,284.09,2024-03-22
Saint-Chamond,42207,42400,Appartement,81.0,93000.0,1148.15,2024-03-06
Saint-Étienne,42218,42000,Appartement,64.0,55000.0,859.38,2024-03-21
Saint-Étienne,42218,42100,Appartement,16.0,95000.0,5937.5,2024-03-15
Saint-Étienne,42218,42100,Appartement,82.0,95000.0,1158.54,2024-03-15
Firminy,42095,42700,Appartement,52.0,48000.0,923.08,2024-03-20
Saint-Chamond,42207,42400,Maison,137.0,327580.0,2391.09,2024-03-07
Saint-Étienne,42218,42100,Appartement,108.0,115000.0,1064.81,2024-03-21
Rive-de-Gier,42186,42800,Appartement,98.0,85000.0,867.35,2024-03-22
Saint-Étienne,42218,42000,Maison,89.0,254000.0,2853.93,2024-03-21
Saint-Priest-en-Jarez,42275,42270,Appartement,96.0,187250.0,1950.52,2024-03-11
Saint-Étienne,42218,42100,Appartement,100.0,218500.0,2185.0,2024-03-19
Sorbiers,42302,42290,Appartement,120.0,311350.0,2594.58,2024-03-08
Saint-Chamond,42207,42400,Appartement,45.0,113520.0,2522.67,2024-03-14
Saint-Chamond,42207,42400,Maison,56.0,159000.0,2839.29,2024-03-12
Saint-Chamond,42207,42400,Maison,56.0,159000.0,2839.29,2024-03-12
Roche-la-Molière,42189,42230,Maison,144.0,100000.0,694.44,2024-03-21
Veauchette,42324,42340,Maison,95.0,295700.0,3112.63,2024-03-11
Saint-Étienne,42218,42000,Appartement,42.0,45000.0,1071.43,2024-03-11
Cellieu,42032,42320,Appartement,70.0,75000.0,1071.43,2024-02-29
Cellieu,42032,42320,Maison,50.0,75000.0,1500.0,2024-02-29
Cervières,42034,42440,Maison,55.0,79000.0,1436.36,2024-03-25
Saint-Chamond,42207,42400,Appartement,30.0,240000.0,8000.0,2024-03-20
Saint-Chamond,42207,42400,Appartement,79.0,240000.0,3037.97,2024-03-20
Saint-Chamond,42207,42400,Appartement,35.0,240000.0,6857.14,2024-03-20
Saint-Chamond,42207,42400,Appartement,79.0,240000.0,3037.97,2024-03-20
Saint-Chamond,42207,42400,Appartement,35.0,240000.0,6857.14,2024-03-20
Saint-Chamond,42207,42400,Appartement,37.0,240000.0,6486.49,2024-03-20
Genilac,42225,42800,Maison,85.0,234000.0,2752.94,2024-02-28
Montbrison,42147,42600,Appartement,68.0,130000.0,1911.76,2024-03-15
Saint-Étienne,42218,42100,Maison,93.0,322000.0,3462.37,2024-03-12
Saint-Priest-en-Jarez,42275,42270,Appartement,43.0,165400.0,3846.51,2024-03-08
Saint-Sauveur-en-Rue,42287,42220,Maison,107.0,256680.0,2398.88,2024-03-01
Montbrison,42147,42600,Appartement,31.0,47000.0,1516.13,2024-03-22
Saint-Étienne,42218,42100,Appartement,55.0,55000.0,1000.0,2024-03-15
Saint-Étienne,42218,42000,Appartement,61.0,85840.0,1407.21,2024-03-22
Saint-Priest-en-Jarez,42275,42270,Maison,93.0,302000.0,3247.31,2024-03-18
Saint-Étienne,42218,42000,Appartement,48.0,335000.0,6979.17,2024-03-07
Saint-Étienne,42218,42000,Appartement,111.0,335000.0,3018.02,2024-03-07
Saint-Étienne,42218,42000,Appartement,50.0,335000.0,6700.0,2024-03-07
Saint-Étienne,42218,42000,Appartement,66.0,335000.0,5075.76,2024-03-07
Saint-Étienne,42218,42000,Appartement,75.0,335000.0,4466.67,2024-03-07
Savigneux,42299,42600,Maison,139.0,365000.0,2625.9,2024-03-07
Saint-Étienne,42218,42100,Appartement,74.0,118000.0,1594.59,2024-03-07
La Talaudière,42305,42350,Appartement,28.0,150000.0,5357.14,2024-03-15
La Ricamarie,42183,42150,Appartement,29.0,23000.0,793.1,2024-03-11
Marcenod,42133,42140,Maison,59.0,170000.0,2881.36,2024-02-29
Saint-Étienne,42218,42100,Maison,100.0,150000.0,1500.0,2024-03-15
Saint-Étienne,42218,42100,Maison,100.0,150000.0,1500.0,2024-03-15
Saint-Marcellin-en-Forez,42256,42680,Maison,127.0,411300.0,3238.58,2024-03-18
Saint-Marcellin-en-Forez,42256,42680,Maison,127.0,411300.0,3238.58,2024-03-18
Saint-Étienne,42218,42000,Appartement,27.0,43000.0,1592.59,2024-03-01
Saint-Étienne,42218,42100,Appartement,48.0,60000.0,1250.0,2024-03-20
Saint-Maurice-en-Gourgois,42262,42240,Maison,70.0,45000.0,642.86,2024-03-22
Saint-Étienne,42218,42100,Appartement,46.0,49000.0,1065.22,2024-03-21
Feurs,42094,42110,Appartement,53.0,159000.0,3000.0,2024-03-15
Andrézieux-Bouthéon,42005,42160,Appartement,26.0,34000.0,1307.69,2024-03-14
Saint-Georges-en-Couzan,42227,42990,Maison,180.0,175000.0,972.22,2024-03-25
Saint-Georges-en-Couzan,42227,42990,Maison,100.0,175000.0,1750.0,2024-03-25
Saint-Étienne,42218,42100,Appartement,54.0,90000.0,1666.67,2024-03-22
Saint-Étienne,42218,42000,Appartement,61.0,58500.0,959.02,2024-03-20
Saint-Étienne,42218,42100,Maison,93.0,185000.0,1989.25,2024-03-18
Sury-le-Comtal,42304,42450,Maison,117.0,306600.0,2620.51,2024-03-26
Andrézieux-Bouthéon,42005,42160,Appartement,79.0,60000.0,759.49,2024-03-19
Firminy,42095,42700,Appartement,83.0,86000.0,1036.14,2024-03-15
Le Chambon-Feugerolles,42044,42500,Maison,90.0,200000.0,2222.22,2024-03-15
Saint-Marcellin-en-Forez,42256,42680,Maison,109.0,152000.0,1394.5,2024-03-22
Saint-Priest-en-Jarez,42275,42270,Maison,265.0,725000.0,2735.85,2024-03-07
Sury-le-Comtal,42304,42450,Maison,102.0,139550.0,1368.14,2024-03-27
Aboën,42001,42380,Maison,160.0,145000.0,906.25,2024-03-15
Grézieux-le-Fromental,42105,42600,Maison,160.0,275000.0,1718.75,2024-03-14
Feurs,42094,42110,Maison,81.0,165000.0,2037.04,2024-03-18
Rive-de-Gier,42186,42800,Maison,86.0,281300.0,3270.93,2024-03-05
Fraisses,42099,42490,Appartement,77.0,60000.0,779.22,2024-03-25
Andrézieux-Bouthéon,42005,42160,Appartement,28.0,18000.0,642.86,2024-02-29
Saint-Étienne,42218,42000,Appartement,66.0,85000.0,1287.88,2024-03-05
Firminy,42095,42700,Appartement,43.0,27000.0,627.91,2024-03-25
Firminy,42095,42700,Appartement,58.0,28000.0,482.76,2024-03-28
Saint-Chamond,42207,42400,Appartement,63.0,60000.0,952.38,2024-03-11
Le Chambon-Feugerolles,42044,42500,Appartement,65.0,615000.0,9461.54,2024-03-27
Le Chambon-Feugerolles,42044,42500,Appartement,89.0,615000.0,6910.11,2024-03-27
Le Chambon-Feugerolles,42044,42500,Appartement,59.0,615000.0,10423.73,2024-03-27
Le Chambon-Feugerolles,42044,42500,Appartement,40.0,615000.0,15375.0,2024-03-27
Le Chambon-Feugerolles,42044,42500,Appartement,89.0,615000.0,6910.11,2024-03-27
Le Chambon-Feugerolles,42044,42500,Appartement,54.0,615000.0,11388.89,2024-03-27
Le Chambon-Feugerolles,42044,42500,Appartement,54.0,615000.0,11388.89,2024-03-27
Le Chambon-Feugerolles,42044,42500,Appartement,65.0,615000.0,9461.54,2024-03-27
Le Chambon-Feugerolles,42044,42500,Appartement,82.0,615000.0,7500.0,2024-03-27
Le Chambon-Feugerolles,42044,42500,Appartement,54.0,615000.0,11388.89,2024-03-27
Saint-Étienne,42218,42000,Appartement,113.0,128500.0,1137.17,2024-02-28
Saint-Just-Saint-Rambert,42279,42170,Appartement,67.0,119000.0,1776.12,2024-02-27
Saint-Cyprien,42211,42160,Maison,73.0,155500.0,2130.14,2024-03-18
Firminy,42095,42700,Appartement,87.0,90000.0,1034.48,2024-03-28
Firminy,42095,42700,Appartement,32.0,90000.0,2812.5,2024-03-28
Maringes,42138,42140,Maison,132.0,299000.0,2265.15,2024-03-18
Firminy,42095,42700,Appartement,49.0,47500.0,969.39,2024-03-26
Saint-Étienne,42218,42100,Appartement,62.0,61000.0,983.87,2024-03-22
Saint-Étienne,42218,42000,Appartement,85.0,78600.0,924.71,2024-03-15
Le Chambon-Feugerolles,42044,42500,Appartement,80.0,149000.0,1862.5,2024-03-26
Le Chambon-Feugerolles,42044,42500,Appartement,80.0,149000.0,1862.5,2024-03-26
Le Chambon-Feugerolles,42044,42500,Appartement,29.0,149000.0,5137.93,2024-03-26
Saint-Étienne,42218,42100,Appartement,60.0,62000.0,1033.33,2024-03-25
Saint-Étienne,42218,42100,Appartement,42.0,51000.0,1214.29,2024-03-25
Bonson,42022,42160,Maison,165.0,56000.0,339.39,2024-03-22
Bonson,42022,42160,Maison,165.0,56000.0,339.39,2024-03-22
Saint-Genest-Malifaux,42224,42660,Appartement,36.0,35000.0,972.22,2024-03-04
Jonzieux,42115,42660,Appartement,102.0,50000.0,490.2,2024-03-22
Jonzieux,42115,42660,Appartement,81.0,50000.0,617.28,2024-03-22
Montbrison,42147,42600,Maison,97.0,280500.0,2891.75,2024-03-18
La Ricamarie,42183,42150,Appartement,61.0,35000.0,573.77,2024-03-28
Saint-Étienne,42218,42100,Appartement,113.0,70000.0,619.47,2024-03-13
Saint-Étienne,42218,42000,Appartement,84.0,92000.0,1095.24,2024-03-14
Saint-Étienne,42218,42100,Appartement,19.0,45500.0,2394.74,2024-03-27
Saint-Just-Saint-Rambert,42279,42170,Maison,95.0,178500.0,1878.95,2024-03-11
Saint-Étienne,42218,42100,Appartement,51.0,51000.0,1000.0,2024-03-20
Fraisses,42099,42490,Appartement,92.0,223050.0,2424.46,2024-03-21
Saint-Étienne,42218,42100,Appartement,50.0,65000.0,1300.0,2024-03-22
Saint-Galmier,42222,42330,Maison,118.0,381900.0,3236.44,2024-03-22
Saint-Galmier,42222,42330,Maison,118.0,381900.0,3236.44,2024-03-22
Lorette,42123,42420,Maison,103.0,309000.0,3000.0,2024-03-07
Saint-Étienne,42218,42000,Appartement,49.0,86000.0,1755.1,2024-03-26
Le Chambon-Feugerolles,42044,42500,Appartement,64.0,59000.0,921.88,2024-03-22
Saint-Étienne,42218,42100,Appartement,50.0,73800.0,1476.0,2024-03-25
Saint-Étienne,42218,42100,Appartement,80.0,68000.0,850.0,2024-03-21
Saint-Étienne,42218,42100,Appartement,19.0,15000.0,789.47,2024-03-22
Montbrison,42147,42600,Maison,131.0,334470.0,2553.21,2024-03-21
Saint-Étienne,42218,42100,Appartement,58.0,71500.0,1232.76,2024-03-22
Saint-Just-Saint-Rambert,42279,42170,Appartement,75.0,279626.06,3728.35,2024-03-22
Thélis-la-Combe,42310,42220,Maison,86.0,185000.0,2151.16,2024-03-05
Saint-Étienne,42218,42100,Appartement,67.0,54500.0,813.43,2024-03-28
Saint-Étienne,42218,42100,Appartement,53.0,49500.0,933.96,2024-03-29
Saint-Étienne,42218,42100,Appartement,67.0,75100.0,1120.9,2024-03-29
Saint-Étienne,42218,42000,Appartement,140.0,240100.0,1715.0,2024-03-27
Saint-Étienne,42218,42100,Appartement,77.0,78000.0,1012.99,2024-03-20
Saint-Étienne,42218,42000,Appartement,68.0,43800.0,644.12,2024-03-15
Montrond-les-Bains,42149,42210,Maison,110.0,234000.0,2127.27,2024-03-20
Firminy,42095,42700,Appartement,68.0,120000.0,1764.71,2024-03-27
Saint-André-le-Puy,42200,42210,Maison,123.0,225000.0,1829.27,2024-03-21
Saint-Priest-en-Jarez,42275,42270,Maison,96.0,220000.0,2291.67,2024-03-21
Saint-Étienne,42218,42100,Appartement,106.0,124000.0,1169.81,2024-03-25
Saint-Étienne,42218,42100,Appartement,95.0,128350.0,1351.05,2024-03-18
Veauche,42323,42340,Maison,90.0,463680.0,5152.0,2024-03-27
Saint-Étienne,42218,42000,Appartement,42.0,69500.0,1654.76,2024-03-15
Saint-Étienne,42218,42100,Appartement,65.0,45000.0,692.31,2024-03-29
Saint-Galmier,42222,42330,Maison,45.0,312000.0,6933.33,2024-03-27
Saint-Chamond,42207,42400,Maison,86.0,350500.0,4075.58,2024-03-19
Saint-Étienne,42218,42100,Appartement,33.0,215000.0,6515.15,2024-03-22
Saint-Étienne,42218,42100,Appartement,38.0,215000.0,5657.89,2024-03-22
Saint-Étienne,42218,42100,Appartement,52.0,215000.0,4134.62,2024-03-22
Saint-Étienne,42218,42100,Appartement,39.0,215000.0,5512.82,2024-03-22
Saint-Étienne,42218,42100,Appartement,45.0,215000.0,4777.78,2024-03-22
Saint-Étienne,42218,42100,Appartement,49.0,215000.0,4387.76,2024-03-22
L'Horme,42110,42152,Appartement,28.0,34330.0,1226.07,2024-03-15
L'Étrat,42092,42580,Appartement,205.0,100000.0,487.8,2024-03-13
Saint-Étienne,42218,42100,Maison,110.0,302000.0,2745.45,2024-03-15
Saint-Étienne,42218,42100,Appartement,103.0,75000.0,728.16,2024-03-18
Saint-Étienne,42218,42100,Appartement,22.0,29000.0,1318.18,2024-03-12
Saint-Étienne,42218,42000,Appartement,47.0,59000.0,1255.32,2024-03-20
La Ricamarie,42183,42150,Appartement,62.0,48000.0,774.19,2024-03-05
Saint-Étienne,42218,42100,Appartement,95.0,140900.0,1483.16,2024-03-25
Roche-la-Molière,42189,42230,Maison,99.0,110000.0,1111.11,2024-03-19
Andrézieux-Bouthéon,42005,42160,Appartement,76.0,247000.0,3250.0,2024-03-07
Sorbiers,42302,42290,Maison,171.0,324000.0,1894.74,2024-03-20
Sorbiers,42302,42290,Maison,171.0,324000.0,1894.74,2024-03-20
Andrézieux-Bouthéon,42005,42160,Appartement,111.0,400000.0,3603.6,2024-03-13
Firminy,42095,42700,Maison,90.0,54000.0,600.0,2024-03-25
Andrézieux-Bouthéon,42005,42160,Appartement,61.0,202000.0,3311.48,2024-03-14
Saint-Étienne,42218,42100,Appartement,23.0,40000.0,1739.13,2024-03-22
Andrézieux-Bouthéon,42005,42160,Appartement,62.0,228000.0,3677.42,2024-03-14
Saint-Étienne,42218,42100,Appartement,57.0,125050.0,2193.86,2024-03-25
Andrézieux-Bouthéon,42005,42160,Appartement,54.0,175000.0,3240.74,2024-03-25
Saint-Étienne,42218,42100,Appartement,39.0,42000.0,1076.92,2024-03-26
Andrézieux-Bouthéon,42005,42160,Appartement,56.0,218000.0,3892.86,2024-03-08
Andrézieux-Bouthéon,42005,42160,Appartement,47.0,182000.0,3872.34,2024-03-22
Saint-Étienne,42218,42000,Appartement,46.0,47000.0,1021.74,2024-03-05
Villars,42330,42390,Appartement,99.0,115000.0,1161.62,2024-03-04
Rive-de-Gier,42186,42800,Appartement,65.0,80000.0,1230.77,2024-03-28
Rive-de-Gier,42186,42800,Appartement,65.0,80000.0,1230.77,2024-03-28
Panissières,42165,42360,Maison,62.0,41000.0,661.29,2024-03-12
Saint-Étienne,42218,42000,Appartement,36.0,47000.0,1305.56,2024-03-25
Montbrison,42147,42600,Maison,159.0,230000.0,1446.54,2024-03-20
Saint-Martin-Lestra,42261,42110,Maison,88.0,118000.0,1340.91,2024-03-15
Saint-Étienne,42218,42000,Appartement,111.0,373000.0,3360.36,2024-03-25
Firminy,42095,42700,Appartement,54.0,66500.0,1231.48,2024-03-21
Saint-Étienne,42218,42000,Appartement,27.0,57650.0,2135.19,2024-03-07
Unieux,42316,42240,Appartement,79.0,70000.0,886.08,2024-03-08
Saint-Just-Saint-Rambert,42279,42170,Maison,89.0,255000.0,2865.17,2024-03-20
Saint-Just-Saint-Rambert,42279,42170,Maison,30.0,255000.0,8500.0,2024-03-20
Saint-Étienne,42218,42000,Appartement,67.0,64000.0,955.22,2024-03-21
Saint-Étienne,42218,42100,Appartement,60.0,99750.0,1662.5,2024-03-06
Saint-Étienne,42218,42100,Appartement,90.0,63000.0,700.0,2024-03-08
Mizérieux,42143,42110,Maison,85.0,137000.0,1611.76,2024-03-29
Mizérieux,42143,42110,Maison,85.0,137000.0,1611.76,2024-03-29
Saint-Étienne,42218,42000,Appartement,25.0,45600.0,1824.0,2024-03-22
Roisey,42191,42520,Maison,110.0,282000.0,2563.64,2024-03-05
Saint-Étienne,42218,42000,Appartement,31.0,52850.0,1704.84,2024-03-22
Saint-Étienne,42218,42000,Appartement,101.0,210000.0,2079.21,2024-03-22
Saint-Étienne,42218,42000,Appartement,67.0,210000.0,3134.33,2024-03-22
Saint-Étienne,42218,42000,Appartement,81.0,210000.0,2592.59,2024-03-22
Saint-Étienne,42218,42230,Maison,90.0,160000.0,1777.78,2024-03-28
Villars,42330,42390,Appartement,79.0,84000.0,1063.29,2024-03-29
L'Horme,42110,42152,Appartement,73.0,208300.0,2853.42,2024-03-26
Rive-de-Gier,42186,42800,Appartement,80.0,119500.0,1493.75,2024-03-21
Saint-Étienne,42218,42100,Appartement,35.0,34000.0,971.43,2024-03-27
L'Horme,42110,42152,Appartement,90.0,244000.0,2711.11,2024-03-26
L'Horme,42110,42152,Appartement,77.0,216700.0,2814.29,2024-03-26
Le Chambon-Feugerolles,42044,42500,Appartement,73.0,143000.0,1958.9,2024-03-11
Unieux,42316,42240,Appartement,95.0,86867.0,914.39,2024-03-12
Feurs,42094,42110,Appartement,102.0,125000.0,1225.49,2024-03-21
Saint-Étienne,42218,42100,Appartement,90.0,78000.0,866.67,2024-03-18
Saint-Chamond,42207,42400,Appartement,116.0,50000.0,431.03,2024-03-27
Saint-Joseph,42242,42800,Maison,139.0,305000.0,2194.24,2024-03-29
Saint-Joseph,42242,42800,Maison,139.0,305000.0,2194.24,2024-03-29
La Ricamarie,42183,42150,Appartement,54.0,44000.0,814.81,2024-03-27
Saint-Just-Saint-Rambert,42279,42170,Maison,83.0,182000.0,2192.77,2024-03-15
Saint-Étienne,42218,42000,Appartement,136.0,237530.0,1746.54,2024-03-14
Saint-Étienne,42218,42000,Appartement,27.0,38000.0,1407.41,2024-03-27
Unieux,42316,42240,Appartement,62.0,74100.0,1195.16,2024-03-26
Saint-Chamond,42207,42400,Appartement,74.0,75000.0,1013.51,2024-03-29
Rive-de-Gier,42186,42800,Appartement,60.0,141000.0,2350.0,2024-03-29
Panissières,42165,42360,Maison,90.0,283270.0,3147.44,2024-03-19
Saint-Étienne,42218,42100,Appartement,112.0,70000.0,625.0,2024-03-13
Saint-Chamond,42207,42400,Appartement,73.0,55000.0,753.42,2024-03-25
L'Horme,42110,42152,Appartement,103.0,277000.0,2689.32,2024-03-26
Saint-Chamond,42207,42400,Maison,86.0,192000.0,2232.56,2024-03-28
L'Étrat,42092,42580,Appartement,80.0,110000.0,1375.0,2024-03-13
Panissières,42165,42360,Maison,99.0,177800.0,1795.96,2024-03-20
Firminy,42095,42700,Appartement,119.0,212000.0,1781.51,2024-03-28
Pélussin,42168,42410,Appartement,75.0,153000.0,2040.0,2024-03-25
Pélussin,42168,42410,Maison,64.0,220000.0,3437.5,2024-03-26
Saint-Étienne,42218,42000,Appartement,26.0,36000.0,1384.62,2024-03-26
Saint-Étienne,42218,42100,Appartement,25.0,110000.0,4400.0,2024-03-28
Saint-Étienne,42218,42100,Appartement,48.0,110000.0,2291.67,2024-03-28
Saint-Étienne,42218,42100,Appartement,79.0,110000.0,1392.41,2024-03-28
Saint-Georges-en-Couzan,42227,42990,Maison,161.0,55000.0,341.61,2024-03-29
La Ricamarie,42183,42150,Maison,93.0,210000.0,2258.06,2024-03-15
Malleval,42132,42520,Maison,101.0,262230.0,2596.34,2024-03-11
Malleval,42132,42520,Maison,101.0,262230.0,2596.34,2024-03-11
Veauche,42323,42340,Appartement,40.0,56000.0,1400.0,2024-03-13
Villars,42330,42390,Maison,230.0,424500.0,1845.65,2024-03-13
Saint-Étienne,42218,42000,Appartement,162.0,330000.0,2037.04,2024-03-29
Fraisses,42099,42490,Maison,52.0,95000.0,1826.92,2024-03-27
Unieux,42316,42240,Appartement,102.0,180000.0,1764.71,2024-03-22
Unieux,42316,42240,Appartement,91.0,180000.0,1978.02,2024-03-22
Unieux,42316,42240,Appartement,91.0,180000.0,1978.02,2024-03-22
Roche-la-Molière,42189,42230,Appartement,57.0,90500.0,1587.72,2024-03-26
Saint-Just-Saint-Rambert,42279,42170,Appartement,67.0,173000.0,2582.09,2024-04-02
Saint-Étienne,42218,42100,Maison,72.0,70000.0,972.22,2024-03-27
Le Chambon-Feugerolles,42044,42500,Appartement,95.0,70000.0,736.84,2024-03-27
Montrond-les-Bains,42149,42210,Appartement,72.0,138000.0,1916.67,2024-03-13
Chambles,42042,42170,Maison,95.0,113000.0,1189.47,2024-03-28
Unieux,42316,42240,Maison,58.0,119000.0,2051.72,2024-03-26
Saint-Cyprien,42211,42160,Maison,175.0,361250.0,2064.29,2024-03-27
Saint-Cyprien,42211,42160,Maison,175.0,361250.0,2064.29,2024-03-27
Saint-Cyprien,42211,42160,Maison,175.0,361250.0,2064.29,2024-03-27
Feurs,42094,42110,Maison,73.0,145000.0,1986.3,2024-03-22
Saint-Étienne,42218,42100,Appartement,76.0,55100.0,725.0,2024-03-28
Saint-Étienne,42218,42100,Appartement,129.0,149300.0,1157.36,2024-03-28
Tarentaise,42306,42660,Maison,81.0,245000.0,3024.69,2024-04-02
Villars,42330,42390,Appartement,73.0,82000.0,1123.29,2024-04-03
Saint-Étienne,42218,42000,Appartement,15.0,54000.0,3600.0,2024-04-02
Saint-Étienne,42218,42000,Appartement,34.0,54000.0,1588.24,2024-04-02
Saint-Étienne,42218,42100,Appartement,31.0,35000.0,1129.03,2024-03-27
Saint-Étienne,42218,42100,Appartement,39.0,55000.0,1410.26,2024-03-19
Unieux,42316,42240,Appartement,79.0,75000.0,949.37,2024-03-20
Saint-Étienne,42218,42000,Appartement,78.0,140000.0,1794.87,2024-04-04
Saint-Chamond,42207,42400,Appartement,36.0,50000.0,1388.89,2024-03-07
Saint-Marcellin-en-Forez,42256,42680,Maison,40.0,20700.0,517.5,2024-03-11
Saint-Chamond,42207,42400,Appartement,82.0,139000.0,1695.12,2024-03-25
Rive-de-Gier,42186,42800,Maison,94.0,280000.0,2978.72,2024-03-25
Montbrison,42147,42600,Maison,80.0,140000.0,1750.0,2024-03-11
Marcoux,42136,42130,Maison,113.0,70000.0,619.47,2024-03-19
Marcoux,42136,42130,Maison,113.0,70000.0,619.47,2024-03-19
Saint-Étienne,42218,42000,Appartement,73.0,72000.0,986.3,2024-03-28
Unias,42315,42210,Maison,118.0,386000.0,3271.19,2024-03-11
Unias,42315,42210,Maison,118.0,386000.0,3271.19,2024-03-11
Saint-Jean-Bonnefonds,42237,42650,Maison,111.0,251400.0,2264.86,2024-03-15
Saint-Étienne,42218,42000,Appartement,35.0,72999.0,2085.69,2024-03-19
Saint-Étienne,42218,42000,Appartement,90.0,72999.0,811.1,2024-03-19
Sury-le-Comtal,42304,42450,Maison,106.0,320547.0,3024.03,2024-03-26
Saint-Étienne,42218,42100,Appartement,64.0,84550.0,1321.09,2024-03-13
Veauche,42323,42340,Maison,77.0,215000.0,2792.21,2024-03-19
Saint-Étienne,42218,42230,Maison,121.0,506050.0,4182.23,2024-03-25
Virigneux,42336,42140,Maison,130.0,75000.0,576.92,2024-03-18
La Fouillouse,42097,42480,Maison,80.0,173000.0,2162.5,2024-03-14
Saint-Étienne,42218,42000,Appartement,179.0,226000.0,1262.57,2024-03-08
Apinac,42006,42550,Maison,116.0,150000.0,1293.1,2024-03-29
Bonson,42022,42160,Maison,135.0,328500.0,2433.33,2024-03-26
Saint-Paul-en-Jarez,42271,42740,Maison,94.0,210300.0,2237.23,2024-03-11
Veauche,42323,42340,Appartement,51.0,81000.0,1588.24,2024-03-22
Saint-Étienne,42218,42000,Appartement,73.0,85000.0,1164.38,2024-03-15
Saint-Just-Saint-Rambert,42279,42170,Maison,89.0,303800.0,3413.48,2024-03-26
Saint-Just-Saint-Rambert,42279,42170,Maison,89.0,303800.0,3413.48,2024-03-26
Pélussin,42168,42410,Appartement,46.0,95000.0,2065.22,2024-03-15
Saint-Étienne,42218,42000,Appartement,70.0,87000.0,1242.86,2024-03-28
Saint-Étienne,42218,42100,Appartement,70.0,58000.0,828.57,2024-03-27
Saint-Étienne,42218,42100,Appartement,44.0,68000.0,1545.45,2024-03-28
La Talaudière,42305,42350,Appartement,86.0,248690.0,2891.74,2024-03-28
Saint-Étienne,42218,42100,Appartement,55.0,62000.0,1127.27,2024-03-28
Champdieu,42046,42600,Maison,60.0,104000.0,1733.33,2024-04-02
L'Étrat,42092,42580,Appartement,95.0,332500.0,3500.0,2024-03-28
Montbrison,42147,42600,Appartement,106.0,216000.0,2037.74,2024-03-28
Montbrison,42147,42600,Appartement,63.0,109000.0,1730.16,2024-03-29
Boisset-lès-Montrond,42020,42210,Maison,98.0,213000.0,2173.47,2024-04-04
Boisset-lès-Montrond,42020,42210,Maison,98.0,213000.0,2173.47,2024-04-04
Cuzieu,42081,42330,Maison,180.0,549600.0,3053.33,2024-03-29
Cuzieu,42081,42330,Maison,180.0,549600.0,3053.33,2024-03-29
Saint-Étienne,42218,42000,Appartement,38.0,38000.0,1000.0,2024-03-12
Saint-Christo-en-Jarez,42208,42320,Maison,93.0,290000.0,3118.28,2024-03-29
Saint-Paul-en-Jarez,42271,42740,Maison,126.0,384750.0,3053.57,2024-03-28
La Fouillouse,42097,42480,Maison,65.0,156000.0,2400.0,2024-03-27
Lézigneux,42122,42600,Maison,105.0,250000.0,2380.95,2024-04-05
Lézigneux,42122,42600,Maison,105.0,250000.0,2380.95,2024-04-05
Saint-Étienne,42218,42000,Appartement,69.0,188645.0,2733.99,2024-03-25
Saint-Étienne,42218,42100,Appartement,73.0,71000.0,972.6,2024-03-28
Saint-Étienne,42218,42100,Appartement,49.0,33300.0,679.59,2024-03-29
Saint-Étienne,42218,42100,Appartement,68.0,84200.0,1238.24,2024-03-29
Estivareilles,42091,42380,Maison,70.0,89000.0,1271.43,2024-03-27
Saint-Étienne,42218,42000,Appartement,22.0,89000.0,4045.45,2024-03-22
Montbrison,42147,42600,Maison,80.0,204000.0,2550.0,2024-03-26
Saint-Étienne,42218,42100,Appartement,29.0,38950.0,1343.1,2024-04-04
Saint-Étienne,42218,42000,Appartement,18.0,164000.0,9111.11,2024-03-25
Saint-Étienne,42218,42000,Appartement,18.0,164000.0,9111.11,2024-03-25
Saint-Étienne,42218,42100,Appartement,70.0,101000.0,1442.86,2024-04-03
Saint-Étienne,42218,42100,Appartement,21.0,43500.0,2071.43,2024-03-27
Saint-Étienne,42218,42000,Appartement,82.0,365000.0,4451.22,2024-03-29
Saint-Étienne,42218,42000,Appartement,70.0,365000.0,5214.29,2024-03-29
Saint-Étienne,42218,42000,Appartement,80.0,365000.0,4562.5,2024-03-29
Saint-Étienne,42218,42000,Appartement,68.0,365000.0,5367.65,2024-03-29
Saint-Étienne,42218,42000,Appartement,66.0,365000.0,5530.3,2024-03-29
Saint-Étienne,42218,42000,Appartement,68.0,365000.0,5367.65,2024-03-29
Saint-Étienne,42218,42000,Appartement,82.0,365000.0,4451.22,2024-03-29
Saint-Étienne,42218,42000,Appartement,80.0,365000.0,4562.5,2024-03-29
Précieux,42180,42600,Maison,92.0,204500.0,2222.83,2024-03-14
Saint-Étienne,42218,42100,Appartement,70.0,113000.0,1614.29,2024-04-02
Saint-Étienne,42218,42100,Appartement,40.0,36000.0,900.0,2024-04-03
Saint-Étienne,42218,42100,Appartement,18.0,39000.0,2166.67,2024-04-03
La Grand-Croix,42103,42320,Maison,97.0,250000.0,2577.32,2024-03-28
La Fouillouse,42097,42480,Appartement,27.0,52000.0,1925.93,2024-03-28
Saint-Étienne,42218,42100,Appartement,47.0,49000.0,1042.55,2024-03-28
Sorbiers,42302,42290,Appartement,74.0,330000.0,4459.46,2024-03-26
Sorbiers,42302,42290,Appartement,74.0,330000.0,4459.46,2024-03-26
Sorbiers,42302,42290,Appartement,74.0,330000.0,4459.46,2024-03-26
Sorbiers,42302,42290,Appartement,74.0,330000.0,4459.46,2024-03-26
Saint-Étienne,42218,42000,Appartement,75.0,74000.0,986.67,2024-03-28
Montbrison,42147,42600,Maison,140.0,220000.0,1571.43,2024-03-29
Andrézieux-Bouthéon,42005,42160,Appartement,48.0,191000.0,3979.17,2024-03-14
Saint-Chamond,42207,42400,Appartement,88.0,75000.0,852.27,2024-04-05
Villars,42330,42390,Appartement,85.0,75000.0,882.35,2024-04-03
Saint-Étienne,42218,42000,Appartement,42.0,43000.0,1023.81,2024-03-28
Saint-Just-Saint-Rambert,42279,42170,Maison,88.0,253000.0,2875.0,2024-04-09
Saint-Étienne,42218,42100,Appartement,61.0,68400.0,1121.31,2024-04-09
Saint-Étienne,42218,42100,Appartement,170.0,199450.0,1173.24,2024-04-09
Saint-Étienne,42218,42000,Appartement,60.0,61000.0,1016.67,2024-03-14
Villars,42330,42390,Appartement,79.0,80000.0,1012.66,2024-04-08
Saint-Étienne,42218,42000,Appartement,202.0,130000.0,643.56,2024-04-08
Saint-Étienne,42218,42100,Appartement,56.0,50000.0,892.86,2024-03-25
Saint-Étienne,42218,42100,Appartement,63.0,49500.0,785.71,2024-04-02
Feurs,42094,42110,Maison,78.0,165000.0,2115.38,2024-03-29
Saint-Étienne,42218,42100,Appartement,44.0,70000.0,1590.91,2024-03-28
Saint-Étienne,42218,42100,Appartement,40.0,115000.0,2875.0,2024-03-29
Rozier-en-Donzy,42193,42810,Maison,152.0,268000.0,1763.16,2024-03-21
Saint-Étienne,42218,42000,Appartement,49.0,19500.0,397.96,2024-03-26
Panissières,42165,42360,Appartement,74.0,212000.0,2864.86,2024-04-05
Saint-Chamond,42207,42400,Appartement,42.0,40000.0,952.38,2024-04-03
La Talaudière,42305,42350,Maison,79.0,220400.0,2789.87,2024-04-04
Saint-Just-Saint-Rambert,42279,42170,Maison,185.0,563350.0,3045.14,2024-04-04
La Grand-Croix,42103,42320,Appartement,49.0,56000.0,1142.86,2024-04-03
Montbrison,42147,42600,Appartement,68.0,95000.0,1397.06,2024-04-02
L'Horme,42110,42152,Appartement,66.0,141500.0,2143.94,2024-04-05
L'Horme,42110,42152,Appartement,66.0,170000.0,2575.76,2024-04-08
Andrézieux-Bouthéon,42005,42160,Appartement,49.0,160000.0,3265.31,2024-03-27
Rive-de-Gier,42186,42800,Appartement,64.0,93900.0,1467.19,2024-04-04
L'Étrat,42092,42580,Appartement,173.0,494000.0,2855.49,2024-03-28
Saint-Étienne,42218,42000,Appartement,126.0,349500.0,2773.81,2024-03-29
Pouilly-lès-Feurs,42175,42110,Maison,108.0,257500.0,2384.26,2024-03-22
Pouilly-lès-Feurs,42175,42110,Maison,108.0,257500.0,2384.26,2024-03-22
Saint-Galmier,42222,42330,Maison,164.0,430000.0,2621.95,2024-03-25
Saint-Galmier,42222,42330,Maison,164.0,430000.0,2621.95,2024-03-25
Montrond-les-Bains,42149,42210,Maison,55.0,171000.0,3109.09,2024-03-28
Saint-Pierre-de-Bœuf,42272,42520,Maison,242.0,192250.0,794.42,2024-04-10
Chavanay,42056,42410,Maison,220.0,650000.0,2954.55,2024-04-03
Chavanay,42056,42410,Appartement,28.0,650000.0,23214.29,2024-04-03
Chavanay,42056,42410,Appartement,80.0,650000.0,8125.0,2024-04-03
Chavanay,42056,42410,Appartement,50.0,650000.0,13000.0,2024-04-03
Chavanay,42056,42410,Appartement,28.0,650000.0,23214.29,2024-04-03
Chavanay,42056,42410,Appartement,50.0,650000.0,13000.0,2024-04-03
Chavanay,42056,42410,Appartement,80.0,650000.0,8125.0,2024-04-03
Chavanay,42056,42410,Maison,220.0,650000.0,2954.55,2024-04-03
Chambœuf,42043,42330,Maison,132.0,428200.0,3243.94,2024-03-14
Saint-Étienne,42218,42100,Appartement,48.0,59500.0,1239.58,2024-03-14
Saint-Étienne,42218,42100,Appartement,27.0,80000.0,2962.96,2024-03-22
Saint-Étienne,42218,42100,Appartement,36.0,80000.0,2222.22,2024-03-22
Saint-Étienne,42218,42000,Appartement,75.0,87000.0,1160.0,2024-04-02
Saint-Chamond,42207,42400,Appartement,40.0,163000.0,4075.0,2024-03-28
Saint-Chamond,42207,42400,Appartement,58.0,163000.0,2810.34,2024-03-28
Unieux,42316,42240,Maison,69.0,222800.0,3228.99,2024-04-03
Firminy,42095,42700,Appartement,80.0,100000.0,1250.0,2024-04-03
Saint-Priest-en-Jarez,42275,42270,Appartement,75.0,200000.0,2666.67,2024-04-02
Roisey,42191,42520,Appartement,77.0,130765.0,1698.25,2024-04-05
Sail-sous-Couzan,42195,42890,Maison,79.0,30000.0,379.75,2024-03-26
Saint-Genest-Malifaux,42224,42660,Maison,108.0,279600.0,2588.89,2024-03-15
Écotay-l'Olme,42087,42600,Maison,133.0,180000.0,1353.38,2024-04-09
Pélussin,42168,42410,Appartement,87.0,103000.0,1183.91,2024-04-09
Saint-Chamond,42207,42400,Maison,100.0,65000.0,650.0,2024-03-21
Saint-Étienne,42218,42000,Appartement,79.0,65000.0,822.78,2024-04-02
Saint-Étienne,42218,42000,Appartement,45.0,24000.0,533.33,2024-04-09
Saint-Étienne,42218,42000,Appartement,72.0,35000.0,486.11,2024-04-04
Saint-Étienne,42218,42000,Appartement,70.0,82300.0,1175.71,2024-04-02
Sury-le-Comtal,42304,42450,Maison,98.0,260500.0,2658.16,2024-03-19
Sury-le-Comtal,42304,42450,Maison,98.0,260500.0,2658.16,2024-03-19
Saint-Étienne,42218,42100,Appartement,71.0,61000.0,859.15,2024-04-02
Montbrison,42147,42600,Maison,105.0,226150.0,2153.81,2024-03-29
Saint-André-le-Puy,42200,42210,Maison,70.0,206000.0,2942.86,2024-03-27
Boisset-Saint-Priest,42021,42560,Maison,63.0,200000.0,3174.6,2024-03-25
Feurs,42094,42110,Appartement,91.0,160000.0,1758.24,2024-04-11
Saint-Étienne,42218,42000,Appartement,69.0,179273.0,2598.16,2024-03-26
Saint-Étienne,42218,42100,Appartement,82.0,96500.0,1176.83,2024-03-28
Saint-Étienne,42218,42000,Appartement,67.0,63000.0,940.3,2024-04-04
Marols,42140,42560,Maison,66.0,188000.0,2848.48,2024-04-02
Marols,42140,42560,Maison,66.0,188000.0,2848.48,2024-04-02
Saint-Étienne,42218,42100,Appartement,20.0,33000.0,1650.0,2024-04-05
Montrond-les-Bains,42149,42210,Maison,87.0,180000.0,2068.97,2024-04-08
Montrond-les-Bains,42149,42210,Maison,87.0,180000.0,2068.97,2024-04-08
Saint-Étienne,42218,42000,Appartement,212.0,200000.0,943.4,2024-04-10
Montrond-les-Bains,42149,42210,Appartement,46.0,206000.0,4478.26,2024-03-25
Saint-Étienne,42218,42000,Appartement,27.0,46000.0,1703.7,2024-04-08
Saint-Étienne,42218,42100,Appartement,69.0,96000.0,1391.3,2024-03-15
Saint-Bonnet-les-Oules,42206,42330,Maison,92.0,315500.0,3429.35,2024-04-03
Villars,42330,42390,Appartement,67.0,74000.0,1104.48,2024-03-29
Andrézieux-Bouthéon,42005,42160,Appartement,47.0,147500.0,3138.3,2024-03-29
Saint-Étienne,42218,42000,Appartement,20.0,80000.0,4000.0,2024-03-27
Cellieu,42032,42320,Maison,86.0,540000.0,6279.07,2024-04-05
Saint-Étienne,42218,42100,Appartement,27.0,45000.0,1666.67,2024-04-09
Saint-Étienne,42218,42100,Appartement,52.0,49500.0,951.92,2024-04-04
Marcilly-le-Châtel,42134,42130,Maison,65.0,123000.0,1892.31,2024-03-29
L'Horme,42110,42152,Maison,90.0,228000.0,2533.33,2024-03-29
Montbrison,42147,42600,Maison,85.0,200000.0,2352.94,2024-04-09
Villars,42330,42390,Appartement,85.0,94000.0,1105.88,2024-03-21
Saint-Étienne,42218,42100,Appartement,82.0,85000.0,1036.59,2024-04-05
Saint-Chamond,42207,42400,Appartement,100.0,90000.0,900.0,2024-04-03
Saint-Étienne,42218,42100,Appartement,57.0,55000.0,964.91,2024-04-09
Saint-Étienne,42218,42000,Appartement,102.0,49000.0,480.39,2024-03-20
Saint-Étienne,42218,42000,Appartement,55.0,49000.0,890.91,2024-03-20
Saint-Étienne,42218,42000,Appartement,140.0,163000.0,1164.29,2024-03-08
Montbrison,42147,42600,Maison,182.0,620500.0,3409.34,2024-04-09
Vêtre-sur-Anzon,42245,42440,Maison,52.0,13000.0,250.0,2024-03-14
Vêtre-sur-Anzon,42245,42440,Maison,90.0,28000.0,311.11,2024-03-26
La Ricamarie,42183,42150,Maison,141.0,134000.0,950.35,2024-03-08
Saint-Étienne,42218,42000,Maison,76.0,150000.0,1973.68,2024-04-05
Saint-Thomas-la-Garde,42290,42600,Maison,143.0,300100.0,2098.6,2024-03-29
Saint-Thomas-la-Garde,42290,42600,Maison,143.0,300100.0,2098.6,2024-03-29
Saint-Étienne,42218,42100,Appartement,77.0,81700.0,1061.04,2024-04-09
Saint-Étienne,42218,42100,Maison,121.0,215000.0,1776.86,2024-04-10
Saint-Cyprien,42211,42160,Maison,155.0,376170.0,2426.9,2024-04-04
Saint-Étienne,42218,42000,Appartement,75.0,144000.0,1920.0,2024-03-26
Saint-Étienne,42218,42000,Appartement,95.0,184000.0,1936.84,2024-04-11
Saint-Étienne,42218,42000,Appartement,51.0,184000.0,3607.84,2024-04-11
La Ricamarie,42183,42150,Appartement,76.0,45000.0,592.11,2024-03-20
L'Étrat,42092,42580,Appartement,110.0,125000.0,1136.36,2024-03-25
Saint-Chamond,42207,42400,Appartement,95.0,210000.0,2210.53,2024-03-25
Saint-Chamond,42207,42400,Appartement,85.0,210000.0,2470.59,2024-03-25
Saint-Genest-Lerpt,42223,42530,Appartement,31.0,45000.0,1451.61,2024-03-26
Saint-Étienne,42218,42100,Appartement,67.0,54150.0,808.21,2024-04-11
La Talaudière,42305,42350,Appartement,83.0,103000.0,1240.96,2024-03-20
Saint-Étienne,42218,42100,Appartement,82.0,71000.0,865.85,2024-04-10
Saint-Just-Saint-Rambert,42279,42170,Maison,93.0,175000.0,1881.72,2024-04-08
Saint-Étienne,42218,42100,Appartement,120.0,174500.0,1454.17,2024-04-09
L'Horme,42110,42152,Appartement,77.0,209700.0,2723.38,2024-04-12
Saint-Chamond,42207,42400,Maison,60.0,10000.0,166.67,2024-03-27
Bussy-Albieux,42030,42260,Maison,76.0,120000.0,1578.95,2024-04-04
Saint-Étienne,42218,42000,Appartement,156.0,190000.0,1217.95,2024-04-10
Saint-Étienne,42218,42000,Appartement,62.0,59000.0,951.61,2024-04-10
Saint-Étienne,42218,42100,Appartement,77.0,90000.0,1168.83,2024-04-04
Savigneux,42299,42600,Maison,170.0,225500.0,1326.47,2024-04-09
Montbrison,42147,42600,Appartement,148.0,100500.0,679.05,2024-03-28
Chalmazel-Jeansagnière,42039,42920,Maison,156.0,152160.0,975.38,2024-04-05
Feurs,42094,42110,Appartement,85.0,236300.0,2780.0,2024-03-27
Rive-de-Gier,42186,42800,Maison,83.0,196900.0,2372.29,2024-04-09
Lavieu,42117,42560,Maison,73.0,80000.0,1095.89,2024-03-28
Saint-Étienne,42218,42100,Appartement,45.0,50000.0,1111.11,2024-04-09
Boisset-lès-Montrond,42020,42210,Appartement,65.0,120000.0,1846.15,2024-04-09
Saint-Étienne,42218,42100,Appartement,50.0,29000.0,580.0,2024-04-09
La Grand-Croix,42103,42320,Appartement,89.0,145800.0,1638.2,2024-04-09
Écotay-l'Olme,42087,42600,Maison,65.0,27000.0,415.38,2024-03-29
Saint-Chamond,42207,42400,Maison,90.0,112332.0,1248.13,2024-04-11
Saint-Priest-en-Jarez,42275,42270,Appartement,78.0,125000.0,1602.56,2024-04-09
Villars,42330,42390,Appartement,73.0,82600.0,1131.51,2024-04-09
Saint-Étienne,42218,42100,Appartement,70.0,38000.0,542.86,2024-03-20
Saint-Sixte,42288,42130,Maison,140.0,320000.0,2285.71,2024-04-15
Saint-Sixte,42288,42130,Maison,140.0,320000.0,2285.71,2024-04-15
Saint-Étienne,42218,42100,Appartement,64.0,42000.0,656.25,2024-04-15
Lorette,42123,42420,Appartement,64.0,55000.0,859.38,2024-03-26
Saint-Priest-en-Jarez,42275,42270,Appartement,67.0,80000.0,1194.03,2024-04-04
Feurs,42094,42110,Maison,130.0,244000.0,1876.92,2024-04-11
Saint-Étienne,42218,42100,Appartement,52.0,59500.0,1144.23,2024-04-05
Saint-Étienne,42218,42100,Appartement,76.0,48000.0,631.58,2024-04-11
Saint-Priest-en-Jarez,42275,42270,Appartement,68.0,175000.0,2573.53,2024-04-11
Saint-Étienne,42218,42100,Appartement,45.0,52085.0,1157.44,2024-03-22
Saint-Étienne,42218,42000,Appartement,70.0,25000.0,357.14,2024-04-10
Saint-Étienne,42218,42100,Appartement,74.0,80000.0,1081.08,2024-03-21
L'Étrat,42092,42580,Maison,143.0,400000.0,2797.2,2024-03-21
Firminy,42095,42700,Appartement,61.0,49000.0,803.28,2024-04-05
Saint-Thomas-la-Garde,42290,42600,Maison,52.0,180500.0,3471.15,2024-04-10
Essertines-en-Châtelneuf,42089,42600,Maison,118.0,283500.0,2402.54,2024-04-15
Andrézieux-Bouthéon,42005,42160,Appartement,65.0,234000.0,3600.0,2024-04-08
Veauche,42323,42340,Maison,52.0,133971.0,2576.37,2024-03-27
Veauche,42323,42340,Maison,52.0,133971.0,2576.37,2024-03-27
Andrézieux-Bouthéon,42005,42160,Appartement,56.0,195000.0,3482.14,2024-03-27
Saint-Étienne,42218,42100,Appartement,38.0,48000.0,1263.16,2024-04-02
Andrézieux-Bouthéon,42005,42160,Appartement,47.0,173000.0,3680.85,2024-03-27
Montbrison,42147,42600,Maison,40.0,105000.0,2625.0,2024-03-29
Merle-Leignec,42142,42380,Maison,50.0,15000.0,300.0,2024-04-10
Saint-Étienne,42218,42000,Appartement,40.0,47950.0,1198.75,2024-04-03
Saint-Just-Saint-Rambert,42279,42170,Appartement,91.0,115000.0,1263.74,2024-03-22
Roche-la-Molière,42189,42230,Maison,95.0,275000.0,2894.74,2024-04-05
La Talaudière,42305,42350,Maison,99.0,269000.0,2717.17,2024-04-15
Veauche,42323,42340,Appartement,47.0,120000.0,2553.19,2024-03-22
Veauche,42323,42340,Appartement,70.0,120000.0,1714.29,2024-03-22
Saint-Chamond,42207,42400,Maison,118.0,220500.0,1868.64,2024-04-16
Saint-Étienne,42218,42000,Appartement,46.0,54200.0,1178.26,2024-04-02
Périgneux,42169,42380,Maison,110.0,115000.0,1045.45,2024-04-16
Gumières,42107,42560,Maison,50.0,60350.0,1207.0,2024-04-08
Saint-Étienne,42218,42000,Appartement,56.0,40000.0,714.29,2024-04-16
Saint-Étienne,42218,42100,Appartement,67.0,128400.0,1916.42,2024-04-05
Saint-Maurice-en-Gourgois,42262,42240,Maison,130.0,270500.0,2080.77,2024-04-17
Saint-Sauveur-en-Rue,42287,42220,Appartement,35.0,14000.0,400.0,2024-03-21
Saint-Sauveur-en-Rue,42287,42220,Appartement,35.0,14000.0,400.0,2024-03-21
Saint-Romain-le-Puy,42285,42610,Maison,90.0,227000.0,2522.22,2024-04-16
Montbrison,42147,42600,Appartement,61.0,98190.0,1609.67,2024-03-27
Le Chambon-Feugerolles,42044,42500,Appartement,48.0,137000.0,2854.17,2024-03-29
Saint-Étienne,42218,42100,Appartement,77.0,65000.0,844.16,2024-04-12
Lorette,42123,42420,Appartement,83.0,161500.0,1945.78,2024-04-15
Châteauneuf,42053,42800,Maison,77.0,120000.0,1558.44,2024-04-12
Châteauneuf,42053,42800,Maison,77.0,120000.0,1558.44,2024-04-12
Châteauneuf,42053,42800,Maison,77.0,120000.0,1558.44,2024-04-12
Veauche,42323,42340,Maison,136.0,338800.0,2491.18,2024-04-08
Saint-Étienne,42218,42100,Appartement,63.0,95000.0,1507.94,2024-04-12
Firminy,42095,42700,Maison,50.0,155000.0,3100.0,2024-03-29
Saint-Cyprien,42211,42160,Maison,104.0,275000.0,2644.23,2024-04-16
Saint-Étienne,42218,42000,Appartement,58.0,30000.0,517.24,2024-04-12
Saint-Étienne,42218,42100,Appartement,61.0,81000.0,1327.87,2024-03-26
Le Chambon-Feugerolles,42044,42500,Appartement,78.0,39000.0,500.0,2024-04-09
Sury-le-Comtal,42304,42450,Maison,73.0,140000.0,1917.81,2024-04-12
Saint-Étienne,42218,42100,Appartement,76.0,100000.0,1315.79,2024-03-29
Saint-Étienne,42218,42100,Appartement,35.0,48100.0,1374.29,2024-04-09
Lorette,42123,42420,Maison,75.0,196000.0,2613.33,2024-04-11
Saint-Just-Saint-Rambert,42279,42170,Maison,145.0,397250.0,2739.66,2024-04-16
Saint-Just-Saint-Rambert,42279,42170,Maison,145.0,397250.0,2739.66,2024-04-16
Saint-Étienne,42218,42100,Appartement,105.0,189000.0,1800.0,2024-04-12
Saint-Étienne,42218,42000,Appartement,18.0,79000.0,4388.89,2024-03-29
Saint-Étienne,42218,42000,Appartement,70.0,210505.0,3007.21,2024-03-29
L'Horme,42110,42152,Appartement,42.0,70000.0,1666.67,2024-04-15
La Valla-en-Gier,42322,42131,Maison,120.0,45000.0,375.0,2024-03-07
Craintilleux,42075,42210,Maison,93.0,314050.0,3376.88,2024-04-12
Craintilleux,42075,42210,Maison,93.0,314050.0,3376.88,2024-04-12
Saint-Étienne,42218,42000,Appartement,64.0,57500.0,898.44,2024-03-18
Saint-Étienne,42218,42100,Appartement,75.0,61000.0,813.33,2024-04-08
Saint-Chamond,42207,42400,Appartement,76.0,85000.0,1118.42,2024-03-29
Roche-la-Molière,42189,42230,Appartement,126.0,553402.0,4392.08,2024-04-08
Roche-la-Molière,42189,42230,Appartement,71.0,553402.0,7794.39,2024-04-08
Pélussin,42168,42410,Appartement,80.0,112416.27,1405.2,2024-04-08
Unieux,42316,42240,Appartement,95.0,70107.0,737.97,2024-04-05
Saint-Chamond,42207,42400,Appartement,77.0,115000.0,1493.51,2024-04-02
Saint-Étienne,42218,42000,Appartement,34.0,72000.0,2117.65,2024-04-11
Saint-Étienne,42218,42000,Appartement,93.0,72000.0,774.19,2024-04-11
Saint-Étienne,42218,42000,Appartement,62.0,72000.0,1161.29,2024-04-11
Saint-Étienne,42218,42100,Appartement,36.0,58700.0,1630.56,2024-04-09
Saint-Étienne,42218,42100,Appartement,79.0,110000.0,1392.41,2024-03-21
Saint-Étienne,42218,42000,Appartement,33.0,41800.0,1266.67,2024-03-20
L'Horme,42110,42152,Appartement,68.0,110000.0,1617.65,2024-04-17
Saint-Étienne,42218,42000,Appartement,61.0,105000.0,1721.31,2024-04-09
Saint-Bonnet-le-Château,42204,42380,Appartement,140.0,270590.0,1932.79,2024-04-09
Saint-Étienne,42218,42000,Appartement,84.0,35000.0,416.67,2024-04-02
Jonzieux,42115,42660,Maison,89.0,140000.0,1573.03,2024-03-25
Jonzieux,42115,42660,Maison,89.0,140000.0,1573.03,2024-03-25
Unieux,42316,42240,Maison,115.0,63000.0,547.83,2024-04-04
Panissières,42165,42360,Maison,105.0,35000.0,333.33,2024-03-29
Montbrison,42147,42600,Appartement,78.0,155000.0,1987.18,2024-03-29
Rive-de-Gier,42186,42800,Appartement,102.0,222000.0,2176.47,2024-04-18
Sorbiers,42302,42290,Appartement,70.0,229000.0,3271.43,2024-04-11
Saint-Sixte,42288,42130,Maison,80.0,73500.0,918.75,2024-04-17
Épercieux-Saint-Paul,42088,42110,Maison,97.0,88500.0,912.37,2024-03-29
Saint-Étienne,42218,42000,Appartement,234.0,640000.0,2735.04,2024-03-28
Le Chambon-Feugerolles,42044,42500,Maison,84.0,120000.0,1428.57,2024-04-11
Tartaras,42307,42800,Maison,90.0,209000.0,2322.22,2024-04-10
Tartaras,42307,42800,Maison,90.0,209000.0,2322.22,2024-04-10
Rive-de-Gier,42186,42800,Appartement,48.0,44000.0,916.67,2024-04-16
Saint-Jean-Bonnefonds,42237,42650,Appartement,79.0,82500.0,1044.3,2024-04-16
Saint-Étienne,42218,42000,Appartement,56.0,35000.0,625.0,2024-04-02
Le Chambon-Feugerolles,42044,42500,Appartement,67.0,58000.0,865.67,2024-04-04
Saint-Priest-en-Jarez,42275,42270,Appartement,79.0,181950.0,2303.16,2024-04-17
Saint-Étienne,42218,42000,Appartement,55.0,140000.0,2545.45,2024-04-08
Saint-Étienne,42218,42000,Appartement,55.0,140000.0,2545.45,2024-04-08
Saint-Étienne,42218,42000,Appartement,84.0,50000.0,595.24,2024-04-15
Fontanès,42096,42140,Maison,40.0,62000.0,1550.0,2024-04-11
Saint-Étienne,42218,42100,Appartement,44.0,70000.0,1590.91,2024-03-28
Saint-Étienne,42218,42100,Appartement,66.0,70000.0,1060.61,2024-03-28
Saint-Chamond,42207,42400,Appartement,67.0,98000.0,1462.69,2024-04-10
Saint-Étienne,42218,42100,Appartement,73.0,112000.0,1534.25,2024-04-02
Lorette,42123,42420,Appartement,121.0,154030.0,1272.98,2024-04-04
Saint-Étienne,42218,42000,Appartement,65.0,353200.0,5433.85,2024-04-16
Saint-Étienne,42218,42000,Appartement,41.0,353200.0,8614.63,2024-04-16
Saint-Étienne,42218,42000,Appartement,47.0,353200.0,7514.89,2024-04-16
Saint-Étienne,42218,42000,Appartement,33.0,353200.0,10703.03,2024-04-16
Saint-Étienne,42218,42000,Appartement,43.0,353200.0,8213.95,2024-04-16
Saint-Étienne,42218,42000,Appartement,45.0,353200.0,7848.89,2024-04-16
Saint-Étienne,42218,42100,Appartement,39.0,27000.0,692.31,2024-04-11
Saint-Étienne,42218,42100,Appartement,51.0,67000.0,1313.73,2024-04-22
Cuzieu,42081,42330,Maison,188.0,150000.0,797.87,2024-04-19
Cuzieu,42081,42330,Maison,188.0,150000.0,797.87,2024-04-19
Lorette,42123,42420,Maison,73.0,235600.0,3227.4,2024-04-11
Saint-Étienne,42218,42000,Appartement,20.0,100000.0,5000.0,2024-03-29
Saint-Étienne,42218,42000,Appartement,18.0,100000.0,5555.56,2024-03-29
Saint-Étienne,42218,42000,Appartement,21.0,100000.0,4761.9,2024-03-29
Salvizinet,42297,42110,Maison,90.0,170000.0,1888.89,2024-04-15
Salvizinet,42297,42110,Maison,90.0,170000.0,1888.89,2024-04-15
Saint-Genest-Lerpt,42223,42530,Maison,100.0,283000.0,2830.0,2024-03-27
Saint-Étienne,42218,42100,Appartement,67.0,66500.0,992.54,2024-04-09
Saint-Étienne,42218,42100,Appartement,78.0,66500.0,852.56,2024-04-09
Saint-Étienne,42218,42100,Appartement,60.0,52300.0,871.67,2024-04-11
Firminy,42095,42700,Appartement,75.0,107500.0,1433.33,2024-04-05
Saint-Just-Saint-Rambert,42279,42170,Appartement,74.0,155000.0,2094.59,2024-04-11
Saint-Denis-sur-Coise,42216,42140,Maison,86.0,220870.0,2568.26,2024-03-22
La Talaudière,42305,42350,Appartement,89.0,193100.0,2169.66,2024-04-16
Saint-Étienne,42218,42000,Appartement,66.0,115000.0,1742.42,2024-04-18
Saint-Étienne,42218,42000,Appartement,65.0,125000.0,1923.08,2024-03-29
Villars,42330,42390,Appartement,42.0,67700.0,1611.9,2024-04-05
Roche-la-Molière,42189,42230,Appartement,70.0,98900.0,1412.86,2024-04-02
Chuyer,42064,42410,Maison,98.0,87000.0,887.76,2024-03-22
Sorbiers,42302,42290,Appartement,80.0,199000.0,2487.5,2024-04-08
Saint-Étienne,42218,42100,Maison,110.0,283000.0,2572.73,2024-03-28
Saint-Étienne,42218,42000,Maison,74.0,213770.0,2888.78,2024-04-17
L'Étrat,42092,42580,Appartement,62.0,110000.0,1774.19,2024-04-11
Roche-la-Molière,42189,42230,Maison,125.0,250000.0,2000.0,2024-03-26
Roche-la-Molière,42189,42230,Maison,87.0,199800.0,2296.55,2024-03-26
Saint-Étienne,42218,42100,Appartement,55.0,65000.0,1181.82,2024-04-22
La Fouillouse,42097,42480,Appartement,50.0,165000.0,3300.0,2024-04-12
La Fouillouse,42097,42480,Appartement,55.0,165000.0,3000.0,2024-04-12
La Fouillouse,42097,42480,Appartement,40.0,165000.0,4125.0,2024-04-12
Saint-Étienne,42218,42100,Appartement,21.0,40000.0,1904.76,2024-03-27
Sorbiers,42302,42290,Maison,113.0,380000.0,3362.83,2024-04-18
Saint-Étienne,42218,42100,Appartement,85.0,83000.0,976.47,2024-04-05
Chazelles-sur-Lyon,42059,42140,Maison,75.0,147930.0,1972.4,2024-03-28
Bourg-Argental,42023,42220,Maison,247.0,135000.0,546.56,2024-04-22
Saint-Étienne,42218,42100,Appartement,93.0,128000.0,1376.34,2024-04-04
Saint-Étienne,42218,42100,Appartement,108.0,205600.0,1903.7,2024-04-17
Saint-Priest-en-Jarez,42275,42270,Appartement,51.0,149900.0,2939.22,2024-04-17
Sury-le-Comtal,42304,42450,Maison,92.0,228000.0,2478.26,2024-04-18
Genilac,42225,42800,Appartement,70.0,274500.0,3921.43,2024-04-16
Genilac,42225,42800,Appartement,70.0,274500.0,3921.43,2024-04-16
Sury-le-Comtal,42304,42450,Maison,105.0,222000.0,2114.29,2024-03-15
Saint-Étienne,42218,42000,Appartement,9.0,28000.0,3111.11,2024-04-03
Saint-Étienne,42218,42000,Appartement,40.0,58500.0,1462.5,2024-04-03
Andrézieux-Bouthéon,42005,42160,Appartement,67.0,85870.0,1281.64,2024-04-10
Saint-Étienne,42218,42100,Appartement,27.0,47000.0,1740.74,2024-04-17
Saint-Romain-le-Puy,42285,42610,Maison,100.0,163000.0,1630.0,2024-04-08
Civens,42065,42110,Maison,96.0,200000.0,2083.33,2024-04-11
Civens,42065,42110,Maison,96.0,200000.0,2083.33,2024-04-11
Saint-Étienne,42218,42000,Appartement,24.0,30000.0,1250.0,2024-03-29
Saint-Étienne,42218,42000,Appartement,107.0,200000.0,1869.16,2024-04-05
Saint-Étienne,42218,42000,Appartement,28.0,200000.0,7142.86,2024-04-05
Saint-Étienne,42218,42000,Appartement,31.0,200000.0,6451.61,2024-04-05
Saint-Étienne,42218,42000,Appartement,17.0,200000.0,11764.71,2024-04-05
Saint-Étienne,42218,42000,Appartement,30.0,200000.0,6666.67,2024-04-05
Saint-Étienne,42218,42000,Appartement,24.0,200000.0,8333.33,2024-04-05
Saint-Étienne,42218,42000,Appartement,165.0,125000.0,757.58,2024-04-17
Saint-Étienne,42218,42000,Appartement,25.0,34550.0,1382.0,2024-04-17
Saint-Étienne,42218,42100,Appartement,53.0,91620.0,1728.68,2024-03-27
Saint-Chamond,42207,42400,Appartement,80.0,95236.0,1190.45,2024-04-12
Saint-Étienne,42218,42100,Maison,102.0,221050.0,2167.16,2024-04-16
Veauche,42323,42340,Maison,68.0,400000.0,5882.35,2024-04-02
Veauche,42323,42340,Maison,68.0,400000.0,5882.35,2024-04-02
Saint-Étienne,42218,42100,Appartement,62.0,40000.0,645.16,2024-04-12
La Talaudière,42305,42350,Maison,79.0,122000.0,1544.3,2024-04-04
La Talaudière,42305,42350,Appartement,70.0,120000.0,1714.29,2024-03-29
Firminy,42095,42700,Maison,130.0,125000.0,961.54,2024-04-11
Saint-Étienne,42218,42230,Maison,88.0,202300.0,2298.86,2024-04-18
Le Chambon-Feugerolles,42044,42500,Maison,76.0,148000.0,1947.37,2024-04-05
Saint-Étienne,42218,42000,Appartement,17.0,55000.0,3235.29,2024-04-18
Saint-Pierre-de-Bœuf,42272,42520,Maison,107.0,179000.0,1672.9,2024-04-23
Saint-Étienne,42218,42100,Appartement,66.0,65000.0,984.85,2024-04-11
Saint-Paul-en-Jarez,42271,42740,Maison,89.0,182375.0,2049.16,2024-04-15
Savigneux,42299,42600,Maison,86.0,195600.0,2274.42,2024-04-04
Saint-Chamond,42207,42400,Maison,180.0,169000.0,938.89,2024-04-19
Feurs,42094,42110,Maison,76.0,240300.0,3161.84,2024-04-19
Saint-Genest-Lerpt,42223,42530,Maison,73.0,209250.0,2866.44,2024-04-19
Saint-Just-Saint-Rambert,42279,42170,Appartement,71.0,139000.0,1957.75,2024-04-05
Maclas,42129,42520,Maison,120.0,129500.0,1079.17,2024-04-22
Saint-Étienne,42218,42100,Appartement,82.0,72000.0,878.05,2024-04-08
Saint-Étienne,42218,42000,Appartement,69.0,74000.0,1072.46,2024-04-17
Saint-Étienne,42218,42000,Appartement,36.0,675000.0,18750.0,2024-04-10
Saint-Étienne,42218,42000,Appartement,35.0,675000.0,19285.71,2024-04-10
Saint-Étienne,42218,42000,Appartement,78.0,675000.0,8653.85,2024-04-10
Saint-Étienne,42218,42000,Appartement,150.0,675000.0,4500.0,2024-04-10
Saint-Étienne,42218,42000,Appartement,78.0,675000.0,8653.85,2024-04-10
Saint-Étienne,42218,42000,Appartement,35.0,675000.0,19285.71,2024-04-10
Saint-Étienne,42218,42000,Appartement,25.0,675000.0,27000.0,2024-04-10
Saint-Étienne,42218,42000,Appartement,38.0,675000.0,17763.16,2024-04-10
Saint-Étienne,42218,42000,Appartement,40.0,675000.0,16875.0,2024-04-10
Saint-Étienne,42218,42000,Appartement,78.0,675000.0,8653.85,2024-04-10
Saint-Étienne,42218,42000,Appartement,37.0,675000.0,18243.24,2024-04-10
Saint-Galmier,42222,42330,Maison,175.0,365750.0,2090.0,2024-04-05
Nervieux,42155,42510,Maison,110.0,81000.0,736.36,2024-04-18
Pélussin,42168,42410,Maison,96.0,244700.0,2548.96,2024-04-22
Firminy,42095,42700,Maison,98.0,198500.0,2025.51,2024-04-19
Firminy,42095,42700,Maison,98.0,198500.0,2025.51,2024-04-19
Saint-Étienne,42218,42100,Appartement,53.0,33000.0,622.64,2024-04-09
Bourg-Argental,42023,42220,Maison,40.0,80000.0,2000.0,2024-04-12
Bourg-Argental,42023,42220,Maison,120.0,80000.0,666.67,2024-04-12
Saint-Étienne,42218,42100,Appartement,69.0,82000.0,1188.41,2024-04-15
Saint-Étienne,42218,42000,Appartement,67.0,51500.0,768.66,2024-04-18
Le Chambon-Feugerolles,42044,42500,Maison,108.0,229000.0,2120.37,2024-04-15
Firminy,42095,42700,Appartement,107.0,111000.0,1037.38,2024-04-17
Chavanay,42056,42410,Appartement,53.0,159000.0,3000.0,2024-03-29
Maclas,42129,42520,Maison,140.0,290000.0,2071.43,2024-04-17
Saint-Genest-Lerpt,42223,42530,Appartement,70.0,125000.0,1785.71,2024-04-16
Veauche,42323,42340,Appartement,57.0,150000.0,2631.58,2024-04-18
Veauche,42323,42340,Appartement,55.0,150000.0,2727.27,2024-04-18
Saint-Étienne,42218,42100,Appartement,34.0,35000.0,1029.41,2024-04-16
Saint-Genest-Lerpt,42223,42530,Maison,128.0,150000.0,1171.88,2024-04-16
Veauche,42323,42340,Maison,80.0,260000.0,3250.0,2024-04-18
Rive-de-Gier,42186,42800,Appartement,51.0,133551.0,2618.65,2024-04-03
Rive-de-Gier,42186,42800,Appartement,52.0,133551.0,2568.29,2024-04-03
Rive-de-Gier,42186,42800,Appartement,45.0,133551.0,2967.8,2024-04-03
Saint-Étienne,42218,42100,Appartement,32.0,35000.0,1093.75,2024-04-16
Saint-Chamond,42207,42400,Appartement,40.0,42500.0,1062.5,2024-04-10
Saint-Étienne,42218,42000,Appartement,70.0,71500.0,1021.43,2024-04-23
Saint-Héand,42234,42570,Maison,125.0,120000.0,960.0,2024-04-25
Saint-Sauveur-en-Rue,42287,42220,Maison,70.0,128800.0,1840.0,2024-04-26
Saint-Étienne,42218,42000,Appartement,54.0,101000.0,1870.37,2024-04-24
Graix,42101,42220,Maison,135.0,227000.0,1681.48,2024-04-10
Saint-Étienne,42218,42100,Appartement,36.0,40000.0,1111.11,2024-04-25
Vérin,42327,42410,Maison,102.0,285000.0,2794.12,2024-04-23
Vérin,42327,42410,Maison,102.0,285000.0,2794.12,2024-04-23
Maclas,42129,42520,Maison,92.0,182000.0,1978.26,2024-04-23
Saint-Étienne,42218,42000,Appartement,36.0,38000.0,1055.56,2024-04-19
Saint-Étienne,42218,42000,Appartement,47.0,57000.0,1212.77,2024-04-22
Saint-Étienne,42218,42100,Appartement,50.0,60000.0,1200.0,2024-04-18
Le Chambon-Feugerolles,42044,42500,Appartement,90.0,152350.0,1692.78,2024-04-22
Saint-Étienne,42218,42100,Appartement,96.0,90000.0,937.5,2024-04-19
La Talaudière,42305,42350,Appartement,73.0,183000.0,2506.85,2024-04-25
Saint-Étienne,42218,42100,Appartement,38.0,138000.0,3631.58,2024-04-19
Saint-Étienne,42218,42000,Appartement,36.0,39000.0,1083.33,2024-04-23
La Talaudière,42305,42350,Maison,84.0,162500.0,1934.52,2024-04-19
Cleppé,42066,42110,Maison,52.0,190000.0,3653.85,2024-04-19
Firminy,42095,42700,Appartement,99.0,118000.0,1191.92,2024-04-07
Saint-Étienne,42218,42100,Appartement,62.0,89000.0,1435.48,2024-04-22
Saint-Étienne,42218,42000,Appartement,66.0,59000.0,893.94,2024-04-15
Veauche,42323,42340,Maison,75.0,206000.0,2746.67,2024-04-05
Saint-Étienne,42218,42000,Appartement,125.0,145000.0,1160.0,2024-04-24
Andrézieux-Bouthéon,42005,42160,Appartement,76.0,277000.0,3644.74,2024-04-18
Saint-Pierre-de-Bœuf,42272,42520,Appartement,69.0,123000.0,1782.61,2024-04-09
Saint-Étienne,42218,42000,Appartement,70.0,135000.0,1928.57,2024-04-19
Saint-Étienne,42218,42100,Appartement,71.0,105000.0,1478.87,2024-04-19
Firminy,42095,42700,Maison,117.0,199900.0,1708.55,2024-04-26
Firminy,42095,42700,Maison,117.0,199900.0,1708.55,2024-04-26
Saint-Genest-Malifaux,42224,42660,Maison,70.0,244150.0,3487.86,2024-04-02
Saint-Étienne,42218,42100,Appartement,95.0,141000.0,1484.21,2024-04-23
Andrézieux-Bouthéon,42005,42160,Appartement,51.0,39000.0,764.71,2024-04-25
Sury-le-Comtal,42304,42450,Appartement,24.0,42000.0,1750.0,2024-04-25
Saint-Étienne,42218,42100,Appartement,62.0,54900.0,885.48,2024-04-25
Unieux,42316,42240,Appartement,36.0,39000.0,1083.33,2024-04-23
Feurs,42094,42110,Appartement,45.0,85000.0,1888.89,2024-04-11
Feurs,42094,42110,Maison,85.0,141000.0,1658.82,2024-04-17
Feurs,42094,42110,Maison,67.0,170000.0,2537.31,2024-04-18
Saint-Étienne,42218,42000,Appartement,29.0,35000.0,1206.9,2024-04-19
Saint-Chamond,42207,42400,Appartement,61.0,81810.0,1341.15,2024-04-18
Villars,42330,42390,Appartement,85.0,88000.0,1035.29,2024-04-17
Saint-Étienne,42218,42100,Appartement,53.0,23000.0,433.96,2024-04-30
Pouilly-lès-Feurs,42175,42110,Maison,90.0,251350.0,2792.78,2024-04-18
Saint-Étienne,42218,42000,Appartement,53.0,65000.0,1226.42,2024-04-26
Saint-Étienne,42218,42100,Appartement,39.0,105000.0,2692.31,2024-04-26
Saint-Étienne,42218,42100,Appartement,44.0,105000.0,2386.36,2024-04-26
Saint-Chamond,42207,42400,Appartement,50.0,117000.0,2340.0,2024-04-17
Saint-Just-Saint-Rambert,42279,42170,Maison,76.0,205000.0,2697.37,2024-04-24
Saint-Genest-Malifaux,42224,42660,Appartement,68.0,158000.0,2323.53,2024-04-23
Saint-Étienne,42218,42100,Maison,81.0,175000.0,2160.49,2024-04-12
L'Horme,42110,42152,Maison,182.0,279000.0,1532.97,2024-04-18
Saint-Étienne,42218,42000,Appartement,64.0,75000.0,1171.88,2024-04-09
Saint-Chamond,42207,42400,Appartement,45.0,49000.0,1088.89,2024-04-25
Feurs,42094,42110,Appartement,60.0,84000.0,1400.0,2024-04-09
Firminy,42095,42700,Appartement,76.0,52000.0,684.21,2024-04-12
Saint-Chamond,42207,42400,Maison,50.0,173100.0,3462.0,2024-04-26
Saint-Étienne,42218,42100,Appartement,92.0,79825.0,867.66,2024-04-18
Saint-Paul-en-Jarez,42271,42740,Maison,77.0,229300.0,2977.92,2024-04-18
Saint-Étienne,42218,42000,Appartement,75.0,66000.0,880.0,2024-04-18
La Ricamarie,42183,42150,Appartement,57.0,34000.0,596.49,2024-04-25
Saint-Jean-Bonnefonds,42237,42650,Maison,58.0,102000.0,1758.62,2024-04-24
Le Chambon-Feugerolles,42044,42500,Appartement,58.0,42000.0,724.14,2024-04-10
Saint-Étienne,42218,42100,Appartement,68.0,72700.0,1069.12,2024-04-12
Firminy,42095,42700,Appartement,94.0,95000.0,1010.64,2024-04-19
Bourg-Argental,42023,42220,Appartement,90.0,91000.0,1011.11,2024-04-19
Veauche,42323,42340,Maison,89.0,290000.0,3258.43,2024-04-11
Veauche,42323,42340,Maison,89.0,290000.0,3258.43,2024-04-11
Saint-Étienne,42218,42000,Appartement,100.0,95000.0,950.0,2024-04-30
La Ricamarie,42183,42150,Appartement,75.0,30000.0,400.0,2024-04-26
Chazelles-sur-Lyon,42059,42140,Appartement,49.0,56500.0,1153.06,2024-04-10
Firminy,42095,42700,Appartement,84.0,245000.0,2916.67,2024-04-23
Firminy,42095,42700,Appartement,67.0,245000.0,3656.72,2024-04-23
Firminy,42095,42700,Appartement,39.0,245000.0,6282.05,2024-04-23
Firminy,42095,42700,Appartement,62.0,245000.0,3951.61,2024-04-23
Firminy,42095,42700,Appartement,40.0,245000.0,6125.0,2024-04-23
Firminy,42095,42700,Appartement,39.0,245000.0,6282.05,2024-04-23
Saint-Sauveur-en-Rue,42287,42220,Maison,106.0,304000.0,2867.92,2024-04-04
Saint-Jean-Bonnefonds,42237,42650,Appartement,68.0,216000.0,3176.47,2024-04-30
Fraisses,42099,42490,Appartement,76.0,109650.0,1442.76,2024-04-26
Saint-Étienne,42218,42100,Appartement,33.0,160000.0,4848.48,2024-04-15
Saint-Étienne,42218,42100,Appartement,33.0,160000.0,4848.48,2024-04-15
Saint-Étienne,42218,42100,Appartement,33.0,160000.0,4848.48,2024-04-15
Saint-Étienne,42218,42100,Appartement,30.0,160000.0,5333.33,2024-04-15
Saint-Priest-en-Jarez,42275,42270,Appartement,74.0,65301.15,882.45,2024-04-12
Roche-la-Molière,42189,42230,Maison,88.0,350650.0,3984.66,2024-04-30
Saint-Étienne,42218,42000,Appartement,94.0,127000.0,1351.06,2024-04-23
Saint-Genest-Lerpt,42223,42530,Appartement,76.0,194750.0,2562.5,2024-04-26
Saint-Étienne,42218,42000,Appartement,55.0,58000.0,1054.55,2024-04-29
Saint-Étienne,42218,42000,Appartement,61.0,49000.0,803.28,2024-04-18
Saint-Étienne,42218,42100,Appartement,35.0,180000.0,5142.86,2024-04-03
Saint-Étienne,42218,42100,Appartement,53.0,180000.0,3396.23,2024-04-03
Saint-Étienne,42218,42100,Appartement,34.0,180000.0,5294.12,2024-04-03
Saint-Étienne,42218,42000,Appartement,63.0,164318.0,2608.22,2024-04-16
Colombier,42067,42220,Maison,74.0,40000.0,540.54,2024-04-03
Colombier,42067,42220,Maison,30.0,40000.0,1333.33,2024-04-03
Colombier,42067,42220,Maison,72.0,40000.0,555.56,2024-04-03
Saint-Priest-en-Jarez,42275,42270,Appartement,19.0,54000.0,2842.11,2024-04-26
Unieux,42316,42240,Appartement,58.0,116000.0,2000.0,2024-04-18
Unieux,42316,42240,Maison,67.0,320000.0,4776.12,2024-04-26
Saint-Étienne,42218,42100,Appartement,59.0,20000.0,338.98,2024-04-03
Saint-Étienne,42218,42100,Maison,50.0,262300.0,5246.0,2024-04-24
Saint-Étienne,42218,42100,Maison,102.0,262300.0,2571.57,2024-04-24
Chazelles-sur-Lavieu,42058,42560,Maison,70.0,10000.0,142.86,2024-04-11
Saint-Étienne,42218,42100,Appartement,42.0,51425.0,1224.4,2024-04-26
Montbrison,42147,42600,Maison,119.0,238770.0,2006.47,2024-04-18
La Ricamarie,42183,42150,Appartement,44.0,28000.0,636.36,2024-04-18
Veauche,42323,42340,Appartement,77.0,178000.0,2311.69,2024-04-09
Saint-Étienne,42218,42100,Appartement,70.0,61000.0,871.43,2024-04-29
Saint-Étienne,42218,42100,Appartement,85.0,152000.0,1788.24,2024-05-02
Saint-Étienne,42218,42100,Appartement,76.0,120650.0,1587.5,2024-04-10
Saint-Chamond,42207,42400,Maison,116.0,190500.0,1642.24,2024-04-29
Saint-Étienne,42218,42100,Appartement,41.0,36000.0,878.05,2024-04-15
Saint-Genest-Lerpt,42223,42530,Maison,74.0,245000.0,3310.81,2024-04-10
Saint-Genest-Lerpt,42223,42530,Maison,74.0,245000.0,3310.81,2024-04-10
Saint-Étienne,42218,42100,Appartement,55.0,55000.0,1000.0,2024-04-22
Saint-Étienne,42218,42100,Appartement,63.0,60000.0,952.38,2024-04-17
Saint-Étienne,42218,42000,Appartement,39.0,52000.0,1333.33,2024-04-26
Saint-Chamond,42207,42400,Appartement,67.0,70250.0,1048.51,2024-04-17
Saint-Étienne,42218,42000,Appartement,73.0,79000.0,1082.19,2024-04-15
Saint-Chamond,42207,42400,Maison,94.0,268795.0,2859.52,2024-04-05
Saint-Étienne,42218,42100,Appartement,120.0,110000.0,916.67,2024-04-12
Saint-Étienne,42218,42000,Appartement,70.0,49500.0,707.14,2024-04-04
Saint-Étienne,42218,42000,Appartement,130.0,130000.0,1000.0,2024-04-29
Bourg-Argental,42023,42220,Maison,58.0,75000.0,1293.1,2024-04-25
Saint-Chamond,42207,42400,Appartement,79.0,160000.0,2025.32,2024-04-24
Saint-Étienne,42218,42100,Appartement,91.0,225000.0,2472.53,2024-04-30
Châteauneuf,42053,42800,Maison,89.0,295000.0,3314.61,2024-04-10
Châteauneuf,42053,42800,Maison,89.0,295000.0,3314.61,2024-04-10
Lorette,42123,42420,Appartement,61.0,108000.0,1770.49,2024-04-09
Saint-Genest-Malifaux,42224,42660,Maison,115.0,220000.0,1913.04,2024-04-30
Saint-Étienne,42218,42000,Appartement,77.0,128400.0,1667.53,2024-05-02
La Grand-Croix,42103,42320,Appartement,147.0,180000.0,1224.49,2024-04-18
Saint-Nizier-de-Fornas,42266,42380,Maison,149.0,257000.0,1724.83,2024-04-30
Saint-Nizier-de-Fornas,42266,42380,Maison,149.0,257000.0,1724.83,2024-04-30
Saint-Étienne,42218,42000,Appartement,113.0,310000.0,2743.36,2024-04-22
Saint-Hilaire-Cusson-la-Valmitte,42235,42380,Maison,110.0,126490.0,1149.91,2024-04-23
Saint-Étienne,42218,42100,Appartement,53.0,60900.0,1149.06,2024-04-16
Saint-Étienne,42218,42100,Appartement,18.0,35000.0,1944.44,2024-04-12
Saint-Étienne,42218,42100,Appartement,24.0,35000.0,1458.33,2024-04-12
Pélussin,42168,42410,Maison,61.0,150000.0,2459.02,2024-04-25
Saint-Étienne,42218,42000,Appartement,96.0,150000.0,1562.5,2024-04-11
Saint-Étienne,42218,42000,Appartement,79.0,150000.0,1898.73,2024-04-11
Rive-de-Gier,42186,42800,Maison,95.0,216800.0,2282.11,2024-04-17
Saint-Étienne,42218,42000,Appartement,32.0,45000.0,1406.25,2024-04-12
Saint-Étienne,42218,42000,Appartement,67.0,45000.0,671.64,2024-04-12
Firminy,42095,42700,Maison,96.0,202600.0,2110.42,2024-04-29
Firminy,42095,42700,Maison,96.0,202600.0,2110.42,2024-04-29
Firminy,42095,42700,Maison,150.0,325000.0,2166.67,2024-04-18
Saint-Étienne,42218,42000,Appartement,39.0,52000.0,1333.33,2024-04-17
Saint-Chamond,42207,42400,Appartement,53.0,56000.0,1056.6,2024-04-30
Saint-Étienne,42218,42100,Maison,260.0,1000000.0,3846.15,2024-04-26
Roche-la-Molière,42189,42230,Maison,108.0,312970.0,2897.87,2024-04-29
Saint-Didier-sur-Rochefort,42217,42111,Maison,40.0,35500.0,887.5,2024-04-26
Saint-Étienne,42218,42100,Appartement,60.0,72000.0,1200.0,2024-04-23
Saint-Romain-le-Puy,42285,42610,Maison,59.0,189000.0,3203.39,2024-04-11
Saint-Étienne,42218,42100,Maison,95.0,154520.0,1626.53,2024-04-23
La Grand-Croix,42103,42320,Appartement,80.0,155000.0,1937.5,2024-04-02
La Grand-Croix,42103,42320,Appartement,80.0,155000.0,1937.5,2024-04-02
La Talaudière,42305,42350,Appartement,95.0,253500.0,2668.42,2024-04-29
Saint-Étienne,42218,42000,Appartement,75.0,75000.0,1000.0,2024-04-09
Saint-Étienne,42218,42000,Maison,98.0,169500.0,1729.59,2024-04-22
Saint-Étienne,42218,42100,Appartement,61.0,66000.0,1081.97,2024-04-29
Villars,42330,42390,Appartement,85.0,62000.0,729.41,2024-04-17
Veauchette,42324,42340,Maison,138.0,420000.0,3043.48,2024-04-11
Veauchette,42324,42340,Maison,138.0,420000.0,3043.48,2024-04-11
Saint-Étienne,42218,42100,Appartement,97.0,98000.0,1010.31,2024-04-29
Saint-Étienne,42218,42000,Appartement,56.0,68000.0,1214.29,2024-04-30
La Fouillouse,42097,42480,Maison,112.0,452000.0,4035.71,2024-04-30
La Fouillouse,42097,42480,Maison,112.0,452000.0,4035.71,2024-04-30
Saint-Étienne,42218,42000,Maison,88.0,185000.0,2102.27,2024-04-29
Saint-Jean-la-Vêtre,42238,42440,Maison,129.0,180000.0,1395.35,2024-04-29
Saint-Jean-la-Vêtre,42238,42440,Maison,129.0,180000.0,1395.35,2024-04-29
Saint-Étienne,42218,42100,Appartement,79.0,71500.0,905.06,2024-04-30
La Talaudière,42305,42350,Appartement,78.0,298087.0,3821.63,2024-04-29
Saint-Étienne,42218,42100,Maison,120.0,307000.0,2558.33,2024-04-16
Saint-Marcellin-en-Forez,42256,42680,Maison,80.0,16631.21,207.89,2024-04-30
Saint-Étienne,42218,42100,Appartement,43.0,38416.0,893.4,2024-04-18
Saint-Étienne,42218,42000,Appartement,80.0,320000.0,4000.0,2024-04-22
Saint-Étienne,42218,42000,Appartement,75.0,320000.0,4266.67,2024-04-22
Saint-Étienne,42218,42000,Appartement,75.0,320000.0,4266.67,2024-04-22
Saint-Étienne,42218,42000,Appartement,112.0,101500.0,906.25,2024-04-29
Saint-Étienne,42218,42000,Appartement,58.0,78000.0,1344.83,2024-04-30
Montrond-les-Bains,42149,42210,Appartement,84.0,179000.0,2130.95,2024-05-02
Saint-Étienne,42218,42100,Appartement,62.0,71000.0,1145.16,2024-04-29
Panissières,42165,42360,Appartement,74.0,224000.0,3027.03,2024-04-19
Montbrison,42147,42600,Appartement,70.0,140000.0,2000.0,2024-04-15
Montbrison,42147,42600,Appartement,57.0,230000.0,4035.09,2024-04-16
Saint-Chamond,42207,42400,Appartement,76.0,131950.0,1736.18,2024-04-30
Chevrières,42062,42140,Maison,112.0,280000.0,2500.0,2024-05-03
Chevrières,42062,42140,Maison,112.0,280000.0,2500.0,2024-05-03
Chevrières,42062,42140,Maison,112.0,280000.0,2500.0,2024-05-03
La Talaudière,42305,42350,Appartement,140.0,378050.0,2700.36,2024-04-30
Montbrison,42147,42600,Appartement,99.0,433500.0,4378.79,2024-04-16
Saint-Étienne,42218,42100,Appartement,44.0,38000.0,863.64,2024-04-25
Montbrison,42147,42600,Appartement,64.0,115000.0,1796.88,2024-04-18
Saint-Étienne,42218,42100,Appartement,57.0,58000.0,1017.54,2024-04-24
La Grand-Croix,42103,42320,Appartement,82.0,136000.0,1658.54,2024-04-09
Saint-Genest-Lerpt,42223,42530,Appartement,79.0,250000.0,3164.56,2024-04-25
Chazelles-sur-Lyon,42059,42140,Maison,50.0,41000.0,820.0,2024-04-23
Saint-Étienne,42218,42000,Appartement,34.0,10000.0,294.12,2024-04-29
Montbrison,42147,42600,Appartement,53.0,206500.0,3896.23,2024-04-16
Firminy,42095,42700,Appartement,72.0,50000.0,694.44,2024-04-30
Saint-Étienne,42218,42100,Appartement,41.0,39000.0,951.22,2024-04-25
Saint-André-le-Puy,42200,42210,Maison,114.0,276020.0,2421.23,2024-05-03
Montbrison,42147,42600,Maison,86.0,20420.0,237.44,2024-04-13
Usson-en-Forez,42318,42550,Maison,40.0,141000.0,3525.0,2024-04-17
Saint-Étienne,42218,42100,Appartement,42.0,55000.0,1309.52,2024-04-10
Montbrison,42147,42600,Appartement,42.0,66425.0,1581.55,2024-04-15
Villars,42330,42390,Appartement,84.0,102500.0,1220.24,2024-04-23
Saint-Étienne,42218,42100,Appartement,91.0,116000.0,1274.73,2024-04-25
Saint-Romain-en-Jarez,42283,42800,Maison,87.0,215000.0,2471.26,2024-04-12
Usson-en-Forez,42318,42550,Maison,100.0,220000.0,2200.0,2024-04-17
Usson-en-Forez,42318,42550,Maison,100.0,220000.0,2200.0,2024-04-17
Firminy,42095,42700,Appartement,78.0,80000.0,1025.64,2024-04-12
La Grand-Croix,42103,42320,Maison,104.0,156800.0,1507.69,2024-04-02
Montbrison,42147,42600,Appartement,72.0,186400.0,2588.89,2024-04-19
Montbrison,42147,42600,Maison,102.0,200000.0,1960.78,2024-04-24
Aveizieux,42010,42330,Maison,86.0,180000.0,2093.02,2024-04-09
Lérigneux,42121,42600,Maison,124.0,560000.0,4516.13,2024-04-30
Lérigneux,42121,42600,Maison,124.0,560000.0,4516.13,2024-04-30
Villars,42330,42390,Maison,92.0,365000.0,3967.39,2024-04-29
Saint-Cyr-les-Vignes,42214,42210,Maison,92.0,176000.0,1913.04,2024-05-02
Saint-Cyr-les-Vignes,42214,42210,Maison,92.0,176000.0,1913.04,2024-05-02
Saint-Étienne,42218,42100,Appartement,90.0,96000.0,1066.67,2024-04-24
Saint-Chamond,42207,42400,Appartement,96.0,95000.0,989.58,2024-04-26
Saint-Étienne,42218,42100,Maison,108.0,240000.0,2222.22,2024-05-02
Saint-Just-en-Bas,42247,42990,Maison,77.0,120000.0,1558.44,2024-04-26
Saint-Just-en-Bas,42247,42990,Maison,53.0,120000.0,2264.15,2024-04-26
Saint-Étienne,42218,42100,Appartement,96.0,34376.0,358.08,2024-04-25
Saint-Étienne,42218,42000,Appartement,75.0,75000.0,1000.0,2024-04-18
Saint-Étienne,42218,42100,Appartement,106.0,102000.0,962.26,2024-04-29
Cottance,42073,42360,Maison,95.0,100000.0,1052.63,2024-05-02
La Fouillouse,42097,42480,Maison,105.0,278500.0,2652.38,2024-04-30
Saint-Étienne,42218,42100,Appartement,47.0,79500.0,1691.49,2024-04-18
Sainte-Agathe-la-Bouteresse,42197,42130,Maison,121.0,263000.0,2173.55,2024-04-23
Sainte-Agathe-la-Bouteresse,42197,42130,Maison,121.0,263000.0,2173.55,2024-04-23
La Fouillouse,42097,42480,Maison,142.0,339000.0,2387.32,2024-04-30
La Fouillouse,42097,42480,Maison,142.0,339000.0,2387.32,2024-04-30
Saint-Étienne,42218,42000,Appartement,89.0,91000.0,1022.47,2024-05-02
Saint-Étienne,42218,42000,Appartement,99.0,127300.0,1285.86,2024-04-30
Saint-Pierre-de-Bœuf,42272,42520,Appartement,65.0,83000.0,1276.92,2024-05-06
Vérin,42327,42410,Maison,103.0,175600.0,1704.85,2024-04-22
Saint-Romain-le-Puy,42285,42610,Maison,94.0,135000.0,1436.17,2024-04-22
Saint-Étienne,42218,42000,Appartement,105.0,110000.0,1047.62,2024-05-02
Chazelles-sur-Lyon,42059,42140,Maison,110.0,200000.0,1818.18,2024-04-10
Bourg-Argental,42023,42220,Appartement,50.0,145000.0,2900.0,2024-04-18
Bourg-Argental,42023,42220,Appartement,110.0,145000.0,1318.18,2024-04-18
Saint-Étienne,42218,42000,Appartement,57.0,65000.0,1140.35,2024-05-03
Saint-Priest-en-Jarez,42275,42270,Appartement,64.0,190000.0,2968.75,2024-05-03
Saint-Étienne,42218,42100,Appartement,33.0,93000.0,2818.18,2024-04-23
Saint-Étienne,42218,42100,Appartement,39.0,93000.0,2384.62,2024-04-23
Boën-sur-Lignon,42019,42130,Maison,99.0,90000.0,909.09,2024-04-23
Noirétable,42159,42440,Maison,45.0,33000.0,733.33,2024-05-07
Noirétable,42159,42440,Maison,36.0,33000.0,916.67,2024-05-07
Saint-Étienne,42218,42100,Appartement,67.0,55300.0,825.37,2024-05-07
Saint-Étienne,42218,42100,Appartement,84.0,75000.0,892.86,2024-04-25
Saint-Étienne,42218,42000,Appartement,81.0,80000.0,987.65,2024-05-03
Saint-Étienne,42218,42000,Appartement,69.0,49000.0,710.14,2024-04-19
Andrézieux-Bouthéon,42005,42160,Appartement,65.0,252000.0,3876.92,2024-05-02
Trelins,42313,42130,Maison,102.0,255000.0,2500.0,2024-04-23
Trelins,42313,42130,Maison,102.0,255000.0,2500.0,2024-04-23
Trelins,42313,42130,Maison,102.0,255000.0,2500.0,2024-04-23
Saint-Marcellin-en-Forez,42256,42680,Maison,110.0,319900.0,2908.18,2024-05-07
Saint-Étienne,42218,42000,Appartement,54.0,65000.0,1203.7,2024-05-03
Saint-Étienne,42218,42000,Appartement,41.0,54000.0,1317.07,2024-05-03
Sainte-Agathe-la-Bouteresse,42197,42130,Maison,97.0,215000.0,2216.49,2024-04-30
Sainte-Agathe-la-Bouteresse,42197,42130,Maison,97.0,215000.0,2216.49,2024-04-30
Andrézieux-Bouthéon,42005,42160,Appartement,61.0,230000.0,3770.49,2024-04-30
Lorette,42123,42420,Appartement,67.0,145000.0,2164.18,2024-05-02
Saint-Étienne,42218,42100,Appartement,38.0,95000.0,2500.0,2024-04-23
Saint-Étienne,42218,42100,Appartement,49.0,95000.0,1938.78,2024-04-23
Veauche,42323,42340,Appartement,105.0,269000.0,2561.9,2024-04-29
Saint-Pierre-de-Bœuf,42272,42520,Appartement,82.0,170000.0,2073.17,2024-04-18
Saint-Étienne,42218,42100,Appartement,25.0,65500.0,2620.0,2024-04-29
Saint-Étienne,42218,42100,Appartement,23.0,65500.0,2847.83,2024-04-29
La Ricamarie,42183,42150,Appartement,84.0,194000.0,2309.52,2024-04-24
La Ricamarie,42183,42150,Appartement,140.0,194000.0,1385.71,2024-04-24
Saint-Étienne,42218,42000,Appartement,60.0,70300.0,1171.67,2024-04-12
Villars,42330,42390,Appartement,91.0,95000.0,1043.96,2024-04-30
Saint-Paul-en-Jarez,42271,42740,Maison,110.0,269700.0,2451.82,2024-04-24
Saint-Étienne,42218,42000,Appartement,36.0,78000.0,2166.67,2024-04-30
Saint-Chamond,42207,42400,Maison,75.0,85000.0,1133.33,2024-04-18
Saint-Étienne,42218,42000,Appartement,64.0,71000.0,1109.38,2024-04-23
Saint-Étienne,42218,42000,Appartement,58.0,59450.0,1025.0,2024-04-25
Saint-Étienne,42218,42100,Appartement,45.0,49900.0,1108.89,2024-05-03
Saint-Étienne,42218,42000,Appartement,79.0,138990.0,1759.37,2024-05-03
Saint-Étienne,42218,42000,Appartement,27.0,25000.0,925.93,2024-04-25
Saint-Étienne,42218,42000,Appartement,46.0,62000.0,1347.83,2024-04-26
Farnay,42093,42320,Maison,90.0,255000.0,2833.33,2024-05-06
Saint-Chamond,42207,42400,Appartement,74.0,200000.0,2702.7,2024-05-07
Roche-la-Molière,42189,42230,Maison,73.0,106666.66,1461.19,2024-05-13
Roche-la-Molière,42189,42230,Maison,73.0,106666.66,1461.19,2024-05-13
Sury-le-Comtal,42304,42450,Maison,83.0,220000.0,2650.6,2024-04-19
Saint-Chamond,42207,42400,Appartement,103.0,187500.0,1820.39,2024-04-25
Saint-Étienne,42218,42000,Appartement,50.0,112300.0,2246.0,2024-04-26
Saint-Étienne,42218,42000,Appartement,72.0,46500.0,645.83,2024-04-23
Lorette,42123,42420,Appartement,45.0,100000.0,2222.22,2024-04-17
Lorette,42123,42420,Appartement,55.0,100000.0,1818.18,2024-04-17
Saint-Chamond,42207,42400,Appartement,70.0,50000.0,714.29,2024-04-30
Saint-Chamond,42207,42400,Maison,73.0,247000.0,3383.56,2024-05-02
Saint-Joseph,42242,42800,Maison,82.0,315000.0,3841.46,2024-04-25
Saint-Joseph,42242,42800,Maison,82.0,315000.0,3841.46,2024-04-25
Saint-Étienne,42218,42000,Appartement,68.0,101000.0,1485.29,2024-05-02
Saint-Étienne,42218,42000,Appartement,37.0,57000.0,1540.54,2024-04-08
Saint-Étienne,42218,42000,Appartement,27.0,57000.0,2111.11,2024-04-08
Saint-Étienne,42218,42000,Appartement,44.0,57000.0,1295.45,2024-04-08
Saint-Paul-en-Jarez,42271,42740,Appartement,125.0,149200.0,1193.6,2024-05-03
Roche,42188,42600,Maison,144.0,35250.0,244.79,2024-04-18
Rive-de-Gier,42186,42800,Maison,90.0,302000.0,3355.56,2024-05-02
Saint-Étienne,42218,42000,Appartement,36.0,53500.0,1486.11,2024-05-16
Saint-Étienne,42218,42100,Appartement,51.0,326600.0,6403.92,2024-04-30
Saint-Étienne,42218,42100,Appartement,67.0,326600.0,4874.63,2024-04-30
Boisset-lès-Montrond,42020,42210,Appartement,64.0,107000.0,1671.88,2024-04-25
Saint-Étienne,42218,42000,Appartement,58.0,48650.0,838.79,2024-04-15
Montbrison,42147,42600,Maison,88.0,173415.0,1970.62,2024-04-22
La Talaudière,42305,42350,Maison,48.0,270000.0,5625.0,2024-05-13
La Talaudière,42305,42350,Maison,90.0,270000.0,3000.0,2024-05-13
Saint-Étienne,42218,42100,Appartement,35.0,25000.0,714.29,2024-04-26
Andrézieux-Bouthéon,42005,42160,Appartement,91.0,250000.0,2747.25,2024-05-07
Andrézieux-Bouthéon,42005,42160,Maison,91.0,235100.0,2583.52,2024-04-29
Sorbiers,42302,42290,Maison,95.0,260000.0,2736.84,2024-05-02
Saint-Chamond,42207,42400,Appartement,281.0,110000.0,391.46,2024-04-18
Saint-Étienne,42218,42000,Appartement,56.0,65000.0,1160.71,2024-05-06
Rive-de-Gier,42186,42800,Appartement,76.0,105000.0,1381.58,2024-05-07
Saint-Paul-en-Cornillon,42270,42240,Appartement,65.0,350000.0,5384.62,2024-04-30
Saint-Paul-en-Cornillon,42270,42240,Appartement,24.0,350000.0,14583.33,2024-04-30
Sorbiers,42302,42290,Maison,75.0,210000.0,2800.0,2024-05-06
Saint-Étienne,42218,42100,Appartement,88.0,88500.0,1005.68,2024-04-30
Saint-Chamond,42207,42400,Appartement,281.0,25000.0,88.97,2024-04-18
Saint-Héand,42234,42570,Maison,194.0,155546.52,801.79,2024-04-30
Saint-Héand,42234,42570,Maison,194.0,155546.52,801.79,2024-04-30
Montbrison,42147,42600,Appartement,10.0,9000.0,900.0,2024-04-29
Villars,42330,42390,Appartement,73.0,80000.0,1095.89,2024-05-06
Unieux,42316,42240,Maison,83.0,171500.0,2066.27,2024-04-23
Rive-de-Gier,42186,42800,Maison,103.0,226700.0,2200.97,2024-04-22
Montbrison,42147,42600,Appartement,100.0,96950.0,969.5,2024-04-23
Saint-Genest-Lerpt,42223,42530,Appartement,66.0,234080.0,3546.67,2024-04-11
Saint-Jean-Bonnefonds,42237,42650,Maison,97.0,167670.0,1728.56,2024-05-07
La Tour-en-Jarez,42311,42580,Maison,93.0,325630.0,3501.4,2024-05-03
La Tour-en-Jarez,42311,42580,Maison,93.0,325630.0,3501.4,2024-05-03
La Tour-en-Jarez,42311,42580,Maison,88.0,166800.0,1895.45,2024-05-07
Sorbiers,42302,42290,Maison,88.0,230000.0,2613.64,2024-05-03
La Talaudière,42305,42350,Appartement,97.0,298200.0,3074.23,2024-05-06
Essertines-en-Donzy,42090,42360,Maison,101.0,160000.0,1584.16,2024-04-26
Essertines-en-Donzy,42090,42360,Maison,101.0,160000.0,1584.16,2024-04-26
Villars,42330,42390,Appartement,92.0,240000.0,2608.7,2024-04-26
Saint-Étienne,42218,42100,Appartement,38.0,110000.0,2894.74,2024-04-19
Saint-Étienne,42218,42000,Appartement,44.0,110000.0,2500.0,2024-04-19
Saint-Étienne,42218,42000,Appartement,88.0,124000.0,1409.09,2024-05-06
Unieux,42316,42240,Maison,67.0,190000.0,2835.82,2024-04-26
Unieux,42316,42240,Maison,67.0,190000.0,2835.82,2024-04-26
Unieux,42316,42240,Maison,107.0,206000.0,1925.23,2024-05-02
Aveizieux,42010,42330,Maison,99.0,215000.0,2171.72,2024-04-26
Villars,42330,42390,Appartement,85.0,87000.0,1023.53,2024-05-14
Saint-Étienne,42218,42000,Appartement,61.0,78100.0,1280.33,2024-05-03
Saint-Just-Saint-Rambert,42279,42170,Maison,57.0,275000.0,4824.56,2024-05-03
Champdieu,42046,42600,Appartement,44.0,61150.0,1389.77,2024-05-07
Fraisses,42099,42490,Appartement,79.0,177650.0,2248.73,2024-04-30
Saint-Étienne,42218,42000,Maison,108.0,99000.0,916.67,2024-05-15
Saint-Paul-en-Cornillon,42270,42240,Appartement,67.0,61000.0,910.45,2024-04-29
Vêtre-sur-Anzon,42245,42440,Maison,100.0,159500.0,1595.0,2024-04-18
Saint-Étienne,42218,42000,Appartement,34.0,40000.0,1176.47,2024-04-29
Saint-Étienne,42218,42000,Appartement,66.0,40000.0,606.06,2024-04-29
Saint-Étienne,42218,42000,Appartement,25.0,40000.0,1600.0,2024-04-29
Montbrison,42147,42600,Appartement,84.0,115135.0,1370.65,2024-05-06
Saint-Étienne,42218,42000,Maison,52.0,55000.0,1057.69,2024-05-13
Unieux,42316,42240,Appartement,46.0,25000.0,543.48,2024-04-29
Saint-Étienne,42218,42000,Appartement,45.0,42000.0,933.33,2024-04-29
Saint-Étienne,42218,42000,Appartement,42.0,78500.0,1869.05,2024-04-18
Saint-Étienne,42218,42000,Appartement,30.0,78500.0,2616.67,2024-04-18
Saint-Cyr-les-Vignes,42214,42210,Maison,101.0,133000.0,1316.83,2024-04-26
Lorette,42123,42420,Appartement,75.0,112000.0,1493.33,2024-03-28
Saint-Étienne,42218,42000,Appartement,72.0,148000.0,2055.56,2024-04-19
Saint-Étienne,42218,42000,Appartement,30.0,148000.0,4933.33,2024-04-19
Saint-Étienne,42218,42000,Appartement,72.0,148000.0,2055.56,2024-04-19
Sorbiers,42302,42290,Appartement,111.0,233250.0,2101.35,2024-05-02
La Fouillouse,42097,42480,Maison,166.0,456000.0,2746.99,2024-05-07
Saint-Étienne,42218,42000,Appartement,79.0,83000.0,1050.63,2024-05-07
Saint-Étienne,42218,42100,Appartement,107.0,139000.0,1299.07,2024-05-07
Chazelles-sur-Lyon,42059,42140,Maison,50.0,140000.0,2800.0,2024-04-25
Firminy,42095,42700,Appartement,46.0,49400.0,1073.91,2024-04-25
Saint-Étienne,42218,42100,Appartement,39.0,61000.0,1564.1,2024-05-15
Saint-Étienne,42218,42100,Appartement,71.0,62500.0,880.28,2024-04-29
Rive-de-Gier,42186,42800,Maison,104.0,255000.0,2451.92,2024-04-30
Saint-Étienne,42218,42100,Appartement,72.0,95500.0,1326.39,2024-05-03
Périgneux,42169,42380,Maison,78.0,57000.0,730.77,2024-05-07
La Ricamarie,42183,42150,Maison,98.0,226000.0,2306.12,2024-05-03
Saint-Chamond,42207,42400,Appartement,95.0,118000.0,1242.11,2024-05-07
Saint-Étienne,42218,42100,Appartement,70.0,93000.0,1328.57,2024-05-02
Saint-Jean-Bonnefonds,42237,42650,Appartement,62.0,90000.0,1451.61,2024-04-29
Bonson,42022,42160,Appartement,71.0,152648.1,2149.97,2024-04-25
Bonson,42022,42160,Appartement,71.0,152648.1,2149.97,2024-04-25
Saint-Cyprien,42211,42160,Appartement,72.0,152648.1,2120.11,2024-04-25
Saint-Just-Saint-Rambert,42279,42170,Appartement,68.0,152648.1,2244.83,2024-04-25
L'Étrat,42092,42580,Appartement,54.0,110000.0,2037.04,2024-04-30
Genilac,42225,42800,Maison,80.0,219321.0,2741.51,2024-04-30
Saint-Étienne,42218,42000,Appartement,64.0,65000.0,1015.62,2024-04-26
Saint-Étienne,42218,42000,Appartement,42.0,53000.0,1261.9,2024-05-07
Lorette,42123,42420,Appartement,62.0,105000.0,1693.55,2024-04-23
Saint-Appolinard,42201,42520,Maison,153.0,327935.0,2143.37,2024-04-24
Saint-Étienne,42218,42100,Appartement,77.0,92000.0,1194.81,2024-04-29
Saint-Étienne,42218,42100,Appartement,64.0,65000.0,1015.62,2024-04-30
Saint-Étienne,42218,42000,Appartement,78.0,79400.0,1017.95,2024-04-30
Bourg-Argental,42023,42220,Maison,133.0,258835.0,1946.13,2024-04-23
Montbrison,42147,42600,Appartement,40.0,66000.0,1650.0,2024-05-03
Saint-Étienne,42218,42100,Appartement,28.0,50500.0,1803.57,2024-05-14
Chuyer,42064,42410,Maison,86.0,217200.0,2525.58,2024-05-17
Saint-Étienne,42218,42100,Appartement,100.0,122500.0,1225.0,2024-04-29
Rive-de-Gier,42186,42800,Appartement,90.0,230000.0,2555.56,2024-04-29
Rive-de-Gier,42186,42800,Appartement,100.0,230000.0,2300.0,2024-04-29
Saint-Étienne,42218,42100,Appartement,51.0,38000.0,745.1,2024-04-29
Saint-Étienne,42218,42100,Appartement,50.0,50000.0,1000.0,2024-04-29
Saint-Étienne,42218,42000,Appartement,86.0,80000.0,930.23,2024-05-17
Saint-Étienne,42218,42000,Appartement,73.0,56000.0,767.12,2024-05-02
Roche-la-Molière,42189,42230,Maison,97.0,216500.0,2231.96,2024-05-03
Saint-Étienne,42218,42000,Maison,75.0,261550.0,3487.33,2024-04-30
Saint-Genest-Malifaux,42224,42660,Maison,117.0,260000.0,2222.22,2024-04-30
Saint-Étienne,42218,42100,Appartement,67.0,64000.0,955.22,2024-04-22
Montbrison,42147,42600,Appartement,50.0,75000.0,1500.0,2024-04-30
Bessey,42018,42520,Maison,113.0,335000.0,2964.6,2024-05-03
Saint-Étienne,42218,42000,Appartement,126.0,123500.0,980.16,2024-04-30
Montbrison,42147,42600,Maison,84.0,178000.0,2119.05,2024-04-24
Champdieu,42046,42600,Appartement,40.0,40900.0,1022.5,2024-05-07
Saint-Genest-Lerpt,42223,42530,Maison,137.0,475000.0,3467.15,2024-04-30
Saint-Genest-Lerpt,42223,42530,Maison,137.0,475000.0,3467.15,2024-04-30
Saint-Étienne,42218,42100,Appartement,101.0,80000.0,792.08,2024-05-14
Saint-Étienne,42218,42100,Appartement,39.0,145000.0,3717.95,2024-05-07
Saint-Romain-en-Jarez,42283,42800,Maison,72.0,114000.0,1583.33,2024-05-17
Saint-Étienne,42218,42100,Appartement,55.0,75000.0,1363.64,2024-05-03
Firminy,42095,42700,Appartement,69.0,50000.0,724.64,2024-05-17
Saint-Étienne,42218,42000,Appartement,79.0,88000.0,1113.92,2024-04-23
Roche-la-Molière,42189,42230,Maison,130.0,355000.0,2730.77,2024-04-29
Roche-la-Molière,42189,42230,Maison,130.0,355000.0,2730.77,2024-04-29
Aveizieux,42010,42330,Maison,140.0,204000.0,1457.14,2024-05-06
Saint-Étienne,42218,42100,Appartement,53.0,45000.0,849.06,2024-05-13
Saint-Jean-Bonnefonds,42237,42650,Maison,93.0,265000.0,2849.46,2024-05-17
Saint-Étienne,42218,42000,Appartement,66.0,64000.0,969.7,2024-05-16
Saint-Romain-le-Puy,42285,42610,Maison,83.0,148800.0,1792.77,2024-05-02
Saint-Just-Saint-Rambert,42279,42170,Maison,74.0,235000.0,3175.68,2024-05-03
Saint-Just-Saint-Rambert,42279,42170,Maison,156.0,359400.0,2303.85,2024-04-12
Jonzieux,42115,42660,Maison,119.0,97000.0,815.13,2024-04-15
Saint-Chamond,42207,42400,Appartement,77.0,145000.0,1883.12,2024-04-29
Saint-Chamond,42207,42400,Appartement,75.0,145000.0,1933.33,2024-04-29
Saint-Chamond,42207,42400,Appartement,83.0,145000.0,1746.99,2024-04-29
Saint-Étienne,42218,42100,Appartement,80.0,87000.0,1087.5,2024-04-25
Vêtre-sur-Anzon,42245,42440,Maison,52.0,103900.0,1998.08,2024-05-21
Aveizieux,42010,42330,Maison,69.0,115000.0,1666.67,2024-04-30
Saint-Étienne,42218,42100,Appartement,53.0,50000.0,943.4,2024-05-03
Montbrison,42147,42600,Appartement,60.0,134350.0,2239.17,2024-05-14
Saint-Chamond,42207,42400,Appartement,35.0,24000.0,685.71,2024-05-03
Roche-la-Molière,42189,42230,Maison,110.0,51000.0,463.64,2024-04-26
Saint-Étienne,42218,42100,Appartement,19.0,64600.0,3400.0,2024-04-10
Saint-Étienne,42218,42100,Appartement,17.0,64600.0,3800.0,2024-04-10
Veauche,42323,42340,Maison,104.0,247200.0,2376.92,2024-04-25
Veauche,42323,42340,Maison,104.0,247200.0,2376.92,2024-04-25
Firminy,42095,42700,Appartement,67.0,80000.0,1194.03,2024-05-13
Saint-Étienne,42218,42100,Appartement,53.0,44250.0,834.91,2024-05-17
Firminy,42095,42700,Appartement,71.0,62400.0,878.87,2024-05-03
Firminy,42095,42700,Maison,117.0,50000.0,427.35,2024-04-22
Saint-Étienne,42218,42000,Appartement,26.0,14400.0,553.85,2024-05-07
Saint-Étienne,42218,42100,Appartement,41.0,52500.0,1280.49,2024-05-02
Saint-Étienne,42218,42000,Maison,90.0,230000.0,2555.56,2024-05-06
Saint-Étienne,42218,42000,Appartement,110.0,80000.0,727.27,2024-05-13
Le Chambon-Feugerolles,42044,42500,Appartement,75.0,64000.0,853.33,2024-05-21
Saint-Étienne,42218,42000,Appartement,32.0,67300.0,2103.12,2024-05-13
Rive-de-Gier,42186,42800,Appartement,65.0,100800.0,1550.77,2024-05-15
Saint-Étienne,42218,42100,Appartement,65.0,66000.0,1015.38,2024-04-29
Veauche,42323,42340,Appartement,45.0,387000.0,8600.0,2024-04-30
Veauche,42323,42340,Appartement,46.0,387000.0,8413.04,2024-04-30
Veauche,42323,42340,Appartement,33.0,387000.0,11727.27,2024-04-30
Saint-Étienne,42218,42100,Appartement,77.0,93000.0,1207.79,2024-05-16
Saint-Romain-le-Puy,42285,42610,Maison,203.0,395200.0,1946.8,2024-05-03
Saint-Romain-le-Puy,42285,42610,Maison,203.0,395200.0,1946.8,2024-05-03
Saint-Étienne,42218,42100,Appartement,88.0,90500.0,1028.41,2024-04-29
La Talaudière,42305,42350,Appartement,90.0,361000.0,4011.11,2024-04-29
Saint-Étienne,42218,42100,Appartement,37.0,47400.0,1281.08,2024-05-17
Saint-Étienne,42218,42100,Appartement,89.0,108000.0,1213.48,2024-04-25
Saint-Étienne,42218,42000,Appartement,63.0,44000.0,698.41,2024-05-06
Saint-Paul-en-Jarez,42271,42740,Maison,74.0,178000.0,2405.41,2024-04-18
Saint-Just-Saint-Rambert,42279,42170,Maison,70.0,100000.0,1428.57,2024-04-04
Andrézieux-Bouthéon,42005,42160,Appartement,87.0,120000.0,1379.31,2024-04-19
Saint-Chamond,42207,42400,Maison,97.0,255450.0,2633.51,2024-04-09
Marlhes,42139,42660,Maison,82.0,590000.0,7195.12,2024-05-03
Marlhes,42139,42660,Maison,320.0,590000.0,1843.75,2024-05-03
Saint-Étienne,42218,42100,Appartement,26.0,43700.0,1680.77,2024-04-12
Saint-Étienne,42218,42100,Appartement,68.0,77300.0,1136.76,2024-04-25
Saint-Bonnet-les-Oules,42206,42330,Appartement,44.0,210000.0,4772.73,2024-04-11
Saint-Bonnet-les-Oules,42206,42330,Appartement,66.0,210000.0,3181.82,2024-04-11
Saint-Bonnet-les-Oules,42206,42330,Appartement,44.0,210000.0,4772.73,2024-04-11
Saint-Bonnet-les-Oules,42206,42330,Appartement,66.0,210000.0,3181.82,2024-04-11
La Fouillouse,42097,42480,Appartement,70.0,75000.0,1071.43,2024-04-29
Saint-Étienne,42218,42100,Appartement,59.0,58000.0,983.05,2024-04-30
Savigneux,42299,42600,Appartement,53.0,115000.0,2169.81,2024-05-17
Saint-Étienne,42218,42000,Appartement,106.0,179300.0,1691.51,2024-05-15
Rive-de-Gier,42186,42800,Appartement,70.0,228765.0,3268.07,2024-05-03
Rive-de-Gier,42186,42800,Appartement,86.0,84000.0,976.74,2024-05-02
Saint-Étienne,42218,42100,Appartement,84.0,87000.0,1035.71,2024-05-17
Saint-Étienne,42218,42100,Appartement,72.0,78000.0,1083.33,2024-05-07
Saint-Étienne,42218,42000,Maison,105.0,151700.0,1444.76,2024-05-14
Feurs,42094,42110,Maison,96.0,162300.0,1690.62,2024-04-30
Saint-Étienne,42218,42100,Appartement,97.0,90000.0,927.84,2024-05-13
Saint-Just-Saint-Rambert,42279,42170,Maison,58.0,88000.0,1517.24,2024-04-30
Saint-Étienne,42218,42100,Maison,167.0,612800.0,3669.46,2024-05-07
Saint-Étienne,42218,42100,Maison,167.0,612800.0,3669.46,2024-05-07
Villars,42330,42390,Appartement,99.0,111600.0,1127.27,2024-05-07
Panissières,42165,42360,Appartement,196.0,250000.0,1275.51,2024-04-30
Panissières,42165,42360,Appartement,196.0,250000.0,1275.51,2024-04-30
Savigneux,42299,42600,Maison,74.0,370000.0,5000.0,2024-04-29
Essertines-en-Châtelneuf,42089,42600,Maison,98.0,150000.0,1530.61,2024-05-06
Feurs,42094,42110,Maison,85.0,169300.0,1991.76,2024-05-13
Maringes,42138,42140,Appartement,51.0,200000.0,3921.57,2024-05-03
Maringes,42138,42140,Appartement,101.0,200000.0,1980.2,2024-05-03
Saint-Galmier,42222,42330,Maison,75.0,240000.0,3200.0,2024-05-16
Saint-Jean-Soleymieux,42240,42560,Maison,130.0,165000.0,1269.23,2024-04-25
Saint-Étienne,42218,42100,Appartement,31.0,150000.0,4838.71,2024-05-14
Saint-Étienne,42218,42100,Appartement,30.0,150000.0,5000.0,2024-05-14
Saint-Étienne,42218,42100,Appartement,29.0,150000.0,5172.41,2024-05-14
Saint-Étienne,42218,42100,Appartement,52.0,43000.0,826.92,2024-05-13
Saint-Étienne,42218,42000,Appartement,66.0,50000.0,757.58,2024-05-13
Saint-Étienne,42218,42000,Appartement,56.0,40000.0,714.29,2024-05-14
Firminy,42095,42700,Appartement,38.0,42000.0,1105.26,2024-05-03
Saint-Étienne,42218,42100,Maison,115.0,182300.0,1585.22,2024-05-17
Saint-Étienne,42218,42000,Appartement,75.0,118500.0,1580.0,2024-05-03
Civens,42065,42110,Maison,130.0,224000.0,1723.08,2024-04-29
Feurs,42094,42110,Maison,242.0,250000.0,1033.06,2024-04-26
Saint-Étienne,42218,42000,Appartement,90.0,121100.0,1345.56,2024-05-07
Saint-Étienne,42218,42100,Appartement,40.0,44000.0,1100.0,2024-05-03
Châteauneuf,42053,42800,Maison,90.0,136450.0,1516.11,2024-05-03
La Ricamarie,42183,42150,Appartement,81.0,67000.0,827.16,2024-05-15
Saint-Étienne,42218,42000,Appartement,27.0,11000.0,407.41,2024-05-14
Saint-Étienne,42218,42100,Appartement,74.0,62000.0,837.84,2024-05-16
Saint-Étienne,42218,42000,Appartement,56.0,32500.0,580.36,2024-05-16
Panissières,42165,42360,Maison,53.0,115000.0,2169.81,2024-04-26
Saint-Étienne,42218,42100,Appartement,66.0,78000.0,1181.82,2024-05-03
Épercieux-Saint-Paul,42088,42110,Maison,94.0,243000.0,2585.11,2024-05-06
Épercieux-Saint-Paul,42088,42110,Maison,94.0,243000.0,2585.11,2024-05-06
Graix,42101,42220,Maison,222.0,22000.0,99.1,2024-05-15
Bourg-Argental,42023,42220,Maison,300.0,268000.0,893.33,2024-05-02
Saint-Bonnet-le-Château,42204,42380,Maison,90.0,245000.0,2722.22,2024-05-15
Saint-Étienne,42218,42000,Appartement,105.0,127800.0,1217.14,2024-05-03
Saint-Chamond,42207,42400,Maison,140.0,345000.0,2464.29,2024-05-06
La Talaudière,42305,42350,Maison,85.0,260000.0,3058.82,2024-05-15
La Talaudière,42305,42350,Maison,85.0,260000.0,3058.82,2024-05-15
Saint-Just-Saint-Rambert,42279,42170,Maison,92.0,269000.0,2923.91,2024-05-03
Saint-Étienne,42218,42100,Appartement,105.0,166000.0,1580.95,2024-05-21
Saint-Étienne,42218,42000,Appartement,44.0,46000.0,1045.45,2024-05-21
Sorbiers,42302,42290,Maison,79.0,200257.8,2534.91,2024-05-13
Saint-Étienne,42218,42100,Appartement,96.0,56000.0,583.33,2024-04-25
Saint-Étienne,42218,42000,Appartement,34.0,69000.0,2029.41,2024-05-06
Saint-Étienne,42218,42000,Appartement,33.0,69000.0,2090.91,2024-05-06
Saint-Étienne,42218,42000,Appartement,30.0,222000.0,7400.0,2024-05-06
Saint-Étienne,42218,42000,Appartement,25.0,222000.0,8880.0,2024-05-06
Saint-Étienne,42218,42000,Appartement,35.0,222000.0,6342.86,2024-05-06
Saint-Étienne,42218,42000,Appartement,35.0,222000.0,6342.86,2024-05-06
Saint-Étienne,42218,42000,Appartement,26.0,222000.0,8538.46,2024-05-06
Saint-Étienne,42218,42000,Appartement,35.0,222000.0,6342.86,2024-05-06
Saint-Étienne,42218,42000,Appartement,35.0,39000.0,1114.29,2024-05-06
Saint-Étienne,42218,42000,Appartement,33.0,69000.0,2090.91,2024-05-06
Saint-Étienne,42218,42000,Appartement,33.0,69000.0,2090.91,2024-05-06
Veauche,42323,42340,Appartement,28.0,343000.0,12250.0,2024-04-30
Veauche,42323,42340,Appartement,28.0,343000.0,12250.0,2024-04-30
Veauche,42323,42340,Appartement,28.0,343000.0,12250.0,2024-04-30
Veauche,42323,42340,Appartement,28.0,343000.0,12250.0,2024-04-30
Veauche,42323,42340,Appartement,57.0,343000.0,6017.54,2024-04-30
Veauche,42323,42340,Appartement,28.0,343000.0,12250.0,2024-04-30
La Tourette,42312,42380,Maison,60.0,124000.0,2066.67,2024-04-29
Saint-Étienne,42218,42000,Appartement,35.0,46000.0,1314.29,2024-05-06
Saint-Étienne,42218,42000,Appartement,51.0,38000.0,745.1,2024-05-21
Cottance,42073,42360,Maison,152.0,25000.0,164.47,2024-05-13
Saint-Étienne,42218,42000,Appartement,34.0,102500.0,3014.71,2024-05-07
Saint-Étienne,42218,42000,Appartement,30.0,102500.0,3416.67,2024-05-07
Saint-Étienne,42218,42000,Appartement,58.0,102500.0,1767.24,2024-05-07
Périgneux,42169,42380,Maison,72.0,183000.0,2541.67,2024-05-13
Saint-Étienne,42218,42100,Appartement,62.0,70500.0,1137.1,2024-05-16
Saint-Étienne,42218,42000,Appartement,30.0,30000.0,1000.0,2024-05-06
Saint-Chamond,42207,42400,Appartement,66.0,72000.0,1090.91,2024-05-03
Saint-Étienne,42218,42100,Appartement,68.0,68800.0,1011.76,2024-05-15
Pélussin,42168,42410,Appartement,75.0,107000.0,1426.67,2024-05-21
Pélussin,42168,42410,Appartement,25.0,107000.0,4280.0,2024-05-21
Saint-Genest-Lerpt,42223,42530,Maison,82.0,260950.0,3182.32,2024-05-15
Usson-en-Forez,42318,42550,Appartement,25.0,50000.0,2000.0,2024-05-27
Usson-en-Forez,42318,42550,Appartement,22.0,50000.0,2272.73,2024-05-27
Usson-en-Forez,42318,42550,Appartement,65.0,50000.0,769.23,2024-05-27
Usson-en-Forez,42318,42550,Appartement,60.0,50000.0,833.33,2024-05-27
Saint-Just-Saint-Rambert,42279,42170,Maison,107.0,478350.0,4470.56,2024-05-13
Saint-Étienne,42218,42000,Appartement,180.0,215000.0,1194.44,2024-04-29
Saint-Chamond,42207,42400,Appartement,72.0,66650.0,925.69,2024-05-22
Montbrison,42147,42600,Appartement,98.0,160000.0,1632.65,2024-05-02
Marcilly-le-Châtel,42134,42130,Maison,90.0,202000.0,2244.44,2024-05-16
Saint-Étienne,42218,42100,Appartement,127.0,222100.0,1748.82,2024-05-16
Jonzieux,42115,42660,Appartement,81.0,89200.0,1101.23,2024-05-07
Jonzieux,42115,42660,Appartement,102.0,89200.0,874.51,2024-05-07
Saint-Étienne,42218,42100,Appartement,55.0,148000.0,2690.91,2024-05-23
Chazelles-sur-Lyon,42059,42140,Appartement,39.0,70000.0,1794.87,2024-05-17
Montbrison,42147,42600,Maison,156.0,394250.0,2527.24,2024-04-30
Margerie-Chantagret,42137,42560,Maison,78.0,76000.0,974.36,2024-04-30
Saint-Martin-la-Plaine,42259,42800,Maison,101.0,80000.0,792.08,2024-05-13
Le Bessat,42017,42660,Maison,140.0,206700.0,1476.43,2024-05-13
Saint-Just-Saint-Rambert,42279,42170,Maison,118.0,390300.0,3307.63,2024-05-21
Saint-Étienne,42218,42000,Appartement,125.0,140000.0,1120.0,2024-05-17
La Talaudière,42305,42350,Maison,81.0,205000.0,2530.86,2024-05-14
Saint-Étienne,42218,42100,Appartement,41.0,281000.0,6853.66,2024-05-07
Saint-Étienne,42218,42100,Appartement,42.0,281000.0,6690.48,2024-05-07
Saint-Étienne,42218,42100,Appartement,34.0,281000.0,8264.71,2024-05-07
Saint-Étienne,42218,42100,Appartement,37.0,281000.0,7594.59,2024-05-07
Saint-Étienne,42218,42100,Appartement,67.0,281000.0,4194.03,2024-05-07
Saint-Chamond,42207,42400,Maison,132.0,220000.0,1666.67,2024-05-15
Villars,42330,42390,Appartement,105.0,100000.0,952.38,2024-05-02
Saint-Étienne,42218,42100,Appartement,52.0,106690.0,2051.73,2024-05-13
Montbrison,42147,42600,Appartement,68.0,103000.0,1514.71,2024-05-15
Saint-Marcellin-en-Forez,42256,42680,Maison,80.0,46592.89,582.41,2024-05-13
Saint-Étienne,42218,42100,Appartement,53.0,80000.0,1509.43,2024-05-21
Saint-Étienne,42218,42100,Appartement,25.0,80000.0,3200.0,2024-05-21
Bard,42012,42600,Maison,100.0,216200.0,2162.0,2024-05-07
Bard,42012,42600,Maison,100.0,216200.0,2162.0,2024-05-07
Saint-Étienne,42218,42000,Appartement,31.0,380000.0,12258.06,2024-05-17
Saint-Étienne,42218,42000,Appartement,14.0,380000.0,27142.86,2024-05-17
Saint-Étienne,42218,42000,Appartement,31.0,380000.0,12258.06,2024-05-17
Saint-Étienne,42218,42000,Appartement,14.0,380000.0,27142.86,2024-05-17
Saint-Étienne,42218,42000,Appartement,17.0,380000.0,22352.94,2024-05-17
Saint-Étienne,42218,42000,Appartement,46.0,380000.0,8260.87,2024-05-17
Saint-Étienne,42218,42000,Appartement,19.0,380000.0,20000.0,2024-05-17
Saint-Étienne,42218,42000,Appartement,46.0,380000.0,8260.87,2024-05-17
Saint-Étienne,42218,42000,Appartement,74.0,155500.0,2101.35,2024-05-17
Saint-Étienne,42218,42000,Appartement,39.0,155500.0,3987.18,2024-05-17
La Talaudière,42305,42350,Appartement,79.0,136000.0,1721.52,2024-05-13
Saint-Étienne,42218,42000,Maison,87.0,210000.0,2413.79,2024-05-16
Saint-Galmier,42222,42330,Maison,187.0,495512.0,2649.8,2024-05-21
Saint-Galmier,42222,42330,Maison,187.0,495512.0,2649.8,2024-05-21
Saint-Étienne,42218,42100,Appartement,19.0,39000.0,2052.63,2024-05-22
Craintilleux,42075,42210,Maison,128.0,240950.0,1882.42,2024-05-16
Saint-Étienne,42218,42000,Appartement,86.0,157443.0,1830.73,2024-05-21
Villars,42330,42390,Maison,62.0,165000.0,2661.29,2024-04-29
Andrézieux-Bouthéon,42005,42160,Maison,132.0,366000.0,2772.73,2024-05-21
Vérin,42327,42410,Maison,120.0,495000.0,4125.0,2024-04-29
Vérin,42327,42410,Maison,120.0,495000.0,4125.0,2024-04-29
Saint-Étienne,42218,42100,Appartement,29.0,97705.0,3369.14,2024-05-14
Saint-Étienne,42218,42100,Appartement,29.0,97705.0,3369.14,2024-05-14
La Talaudière,42305,42350,Appartement,114.0,456000.0,4000.0,2024-04-30
Saint-Étienne,42218,42100,Appartement,50.0,151050.0,3021.0,2024-05-27
Saint-Bonnet-le-Courreau,42205,42940,Maison,20.0,120000.0,6000.0,2024-05-16
Saint-Étienne,42218,42000,Appartement,77.0,77000.0,1000.0,2024-05-23
Dargoire,42083,42800,Maison,46.0,225000.0,4891.3,2024-05-15
Montbrison,42147,42600,Appartement,65.0,540000.0,8307.69,2024-05-14
Montbrison,42147,42600,Appartement,65.0,540000.0,8307.69,2024-05-14
Montbrison,42147,42600,Appartement,65.0,540000.0,8307.69,2024-05-14
Montbrison,42147,42600,Appartement,46.0,540000.0,11739.13,2024-05-14
Montbrison,42147,42600,Appartement,49.0,540000.0,11020.41,2024-05-14
Montbrison,42147,42600,Appartement,65.0,540000.0,8307.69,2024-05-14
Montbrison,42147,42600,Appartement,65.0,540000.0,8307.69,2024-05-14
Montbrison,42147,42600,Appartement,65.0,540000.0,8307.69,2024-05-14
La Ricamarie,42183,42150,Maison,70.0,119000.0,1700.0,2024-05-22
Montbrison,42147,42600,Appartement,72.0,190000.0,2638.89,2024-04-29
Saint-Just-en-Bas,42247,42990,Maison,108.0,75000.0,694.44,2024-05-15
Saint-Étienne,42218,42000,Appartement,42.0,91000.0,2166.67,2024-05-07
Chazelles-sur-Lyon,42059,42140,Maison,72.0,235000.0,3263.89,2024-04-30
Saint-Étienne,42218,42000,Appartement,42.0,8000.0,190.48,2024-05-15
Jonzieux,42115,42660,Maison,180.0,220000.0,1222.22,2024-05-17
Saint-Étienne,42218,42100,Appartement,32.0,37000.0,1156.25,2024-05-27
Unieux,42316,42240,Maison,50.0,147000.0,2940.0,2024-05-24
Marlhes,42139,42660,Maison,130.0,190000.0,1461.54,2024-05-03
Saint-Galmier,42222,42330,Maison,129.0,406100.0,3148.06,2024-05-27
Bellegarde-en-Forez,42013,42210,Maison,150.0,378000.0,2520.0,2024-05-22
Saint-Just-Saint-Rambert,42279,42170,Maison,105.0,146500.0,1395.24,2024-05-21
Saint-Étienne,42218,42100,Maison,83.0,157050.0,1892.17,2024-05-13
Saint-Étienne,42218,42100,Maison,83.0,157050.0,1892.17,2024-05-13
Unieux,42316,42240,Appartement,39.0,33000.0,846.15,2024-05-24
Saint-Étienne,42218,42000,Appartement,101.0,138000.0,1366.34,2024-05-17
Saint-Galmier,42222,42330,Appartement,88.0,294500.0,3346.59,2024-05-22
Saint-Étienne,42218,42100,Appartement,77.0,99000.0,1285.71,2024-05-16
Saint-Marcellin-en-Forez,42256,42680,Appartement,62.0,211000.0,3403.23,2024-05-16
Saint-Marcellin-en-Forez,42256,42680,Appartement,38.0,211000.0,5552.63,2024-05-16
Saint-Marcellin-en-Forez,42256,42680,Appartement,38.0,211000.0,5552.63,2024-05-16
Saint-Étienne,42218,42000,Appartement,37.0,63500.0,1716.22,2024-05-13
Saint-Étienne,42218,42100,Appartement,51.0,74000.0,1450.98,2024-05-21
Le Chambon-Feugerolles,42044,42500,Maison,110.0,190000.0,1727.27,2024-05-24
Andrézieux-Bouthéon,42005,42160,Appartement,116.0,145000.0,1250.0,2024-05-17
Saint-Étienne,42218,42100,Maison,76.0,151570.0,1994.34,2024-05-14
Saint-Maurice-en-Gourgois,42262,42240,Maison,136.0,279000.0,2051.47,2024-05-16
Chambœuf,42043,42330,Maison,101.0,370000.0,3663.37,2024-05-27
Firminy,42095,42700,Appartement,91.0,46340.0,509.23,2024-05-13
Roche-la-Molière,42189,42230,Maison,98.0,249000.0,2540.82,2024-05-22
Unieux,42316,42240,Appartement,28.0,23000.0,821.43,2024-05-28
Saint-Étienne,42218,42000,Appartement,69.0,55000.0,797.1,2024-05-16
Villars,42330,42390,Appartement,73.0,83000.0,1136.99,2024-05-16
Saint-Étienne,42218,42000,Appartement,52.0,135000.0,2596.15,2024-05-14
Saint-Étienne,42218,42000,Appartement,29.0,55000.0,1896.55,2024-05-24
Saint-Étienne,42218,42000,Appartement,175.0,55000.0,314.29,2024-05-24
Saint-Étienne,42218,42000,Appartement,140.0,55000.0,392.86,2024-05-24
Saint-Étienne,42218,42000,Appartement,94.0,90000.0,957.45,2024-05-21
Le Chambon-Feugerolles,42044,42500,Appartement,81.0,73000.0,901.23,2024-05-24
Saint-Étienne,42218,42100,Appartement,114.0,150000.0,1315.79,2024-05-17
Saint-Étienne,42218,42000,Appartement,36.0,36500.0,1013.89,2024-05-28
Sury-le-Comtal,42304,42450,Maison,75.0,95000.0,1266.67,2024-05-06
Sury-le-Comtal,42304,42450,Maison,45.0,255800.0,5684.44,2024-05-14
Sury-le-Comtal,42304,42450,Maison,83.0,255800.0,3081.93,2024-05-14
Saint-Chamond,42207,42400,Appartement,62.0,65180.0,1051.29,2024-05-15
Saint-Étienne,42218,42100,Appartement,89.0,161700.0,1816.85,2024-05-21
Aveizieux,42010,42330,Maison,150.0,412600.0,2750.67,2024-05-27
Aveizieux,42010,42330,Maison,150.0,412600.0,2750.67,2024-05-27
Saint-Étienne,42218,42100,Appartement,110.0,138000.0,1254.55,2024-05-16
Saint-Étienne,42218,42100,Appartement,87.0,136000.0,1563.22,2024-05-07
Saint-Étienne,42218,42100,Appartement,69.0,136000.0,1971.01,2024-05-07
Rive-de-Gier,42186,42800,Appartement,75.0,166290.0,2217.2,2024-05-17
Savigneux,42299,42600,Maison,150.0,185000.0,1233.33,2024-05-03
Saint-André-le-Puy,42200,42210,Maison,140.0,316000.0,2257.14,2024-05-27
Panissières,42165,42360,Maison,56.0,15000.0,267.86,2024-05-17
Saint-Priest-en-Jarez,42275,42270,Maison,164.0,601950.0,3670.43,2024-05-21
Saint-Étienne-le-Molard,42219,42130,Maison,200.0,420310.0,2101.55,2024-05-17
Saint-Étienne-le-Molard,42219,42130,Maison,200.0,420310.0,2101.55,2024-05-17
Unieux,42316,42240,Appartement,40.0,162500.0,4062.5,2024-05-17
Unieux,42316,42240,Appartement,90.0,162500.0,1805.56,2024-05-17
Graix,42101,42220,Maison,136.0,386000.0,2838.24,2024-05-21
Genilac,42225,42800,Appartement,70.0,157850.0,2255.0,2024-05-15
Saint-Étienne,42218,42100,Appartement,50.0,53000.0,1060.0,2024-05-16
Saint-Étienne,42218,42100,Appartement,74.0,185250.0,2503.38,2024-05-17
Unieux,42316,42240,Maison,109.0,357120.0,3276.33,2024-05-21
Saint-Priest-en-Jarez,42275,42270,Appartement,72.0,177900.0,2470.83,2024-05-16
Villars,42330,42390,Appartement,100.0,145000.0,1450.0,2024-05-16
Montbrison,42147,42600,Appartement,60.0,114500.0,1908.33,2024-05-03
Saint-Chamond,42207,42400,Appartement,60.0,87000.0,1450.0,2024-05-28
Saint-Chamond,42207,42400,Appartement,65.0,55500.0,853.85,2024-05-17
Saint-Chamond,42207,42400,Appartement,39.0,112650.0,2888.46,2024-05-23
Le Chambon-Feugerolles,42044,42500,Maison,108.0,199000.0,1842.59,2024-05-27
Saint-Étienne,42218,42000,Maison,218.0,737000.0,3380.73,2024-05-27
Saint-Étienne,42218,42000,Appartement,174.0,225000.0,1293.1,2024-04-18
Montbrison,42147,42600,Appartement,83.0,316500.0,3813.25,2024-05-06
Saint-Just-Saint-Rambert,42279,42170,Maison,80.0,260000.0,3250.0,2024-05-24
Saint-Just-Saint-Rambert,42279,42170,Maison,80.0,260000.0,3250.0,2024-05-24
Savigneux,42299,42600,Appartement,48.0,100000.0,2083.33,2024-05-06
Montbrison,42147,42600,Appartement,57.0,227500.0,3991.23,2024-05-06
Saint-Just-Saint-Rambert,42279,42170,Appartement,126.0,333000.0,2642.86,2024-05-21
Saint-Just-Saint-Rambert,42279,42170,Appartement,49.0,333000.0,6795.92,2024-05-21
Saint-Just-Saint-Rambert,42279,42170,Appartement,126.0,333000.0,2642.86,2024-05-21
Saint-Just-Saint-Rambert,42279,42170,Appartement,49.0,333000.0,6795.92,2024-05-21
Saint-Just-Saint-Rambert,42279,42170,Appartement,126.0,333000.0,2642.86,2024-05-21
Saint-Just-Saint-Rambert,42279,42170,Appartement,49.0,333000.0,6795.92,2024-05-21
Rozier-en-Donzy,42193,42810,Maison,105.0,163410.0,1556.29,2024-05-17
Rozier-en-Donzy,42193,42810,Maison,105.0,163410.0,1556.29,2024-05-17
Saint-Étienne,42218,42000,Appartement,42.0,55000.0,1309.52,2024-05-02
La Grand-Croix,42103,42320,Appartement,62.0,161000.0,2596.77,2024-05-24
La Grand-Croix,42103,42320,Appartement,90.0,161000.0,1788.89,2024-05-24
La Grand-Croix,42103,42320,Appartement,90.0,161000.0,1788.89,2024-05-24
Saint-Étienne,42218,42100,Appartement,55.0,70000.0,1272.73,2024-05-06
Doizieux,42085,42740,Maison,40.0,265000.0,6625.0,2024-05-28
Saint-Étienne,42218,42100,Appartement,33.0,43450.0,1316.67,2024-05-27
Saint-Chamond,42207,42400,Appartement,114.0,100000.0,877.19,2024-05-27
Saint-Étienne,42218,42000,Appartement,32.0,6000.0,187.5,2024-05-27
Andrézieux-Bouthéon,42005,42160,Appartement,77.0,212500.0,2759.74,2024-05-03
Saint-Romain-le-Puy,42285,42610,Maison,136.0,282000.0,2073.53,2024-05-22
Saint-Romain-le-Puy,42285,42610,Maison,136.0,282000.0,2073.53,2024-05-22
Cervières,42034,42440,Maison,67.0,28000.0,417.91,2024-05-02
Firminy,42095,42700,Appartement,67.0,55000.0,820.9,2024-05-15
Andrézieux-Bouthéon,42005,42160,Appartement,57.0,215000.0,3771.93,2024-05-14
Saint-Priest-en-Jarez,42275,42270,Appartement,67.0,132000.0,1970.15,2024-05-06
Marcilly-le-Châtel,42134,42130,Maison,81.0,220000.0,2716.05,2024-05-21
Saint-Priest-en-Jarez,42275,42270,Maison,94.0,375000.0,3989.36,2024-05-16
Saint-Étienne,42218,42100,Appartement,68.0,124000.0,1823.53,2024-05-06
Saint-André-le-Puy,42200,42210,Maison,137.0,140900.0,1028.47,2024-05-15
Épercieux-Saint-Paul,42088,42110,Maison,97.0,233000.0,2402.06,2024-05-17
Saint-Chamond,42207,42400,Appartement,60.0,36000.0,600.0,2024-05-24
La Grand-Croix,42103,42320,Appartement,106.0,109000.0,1028.3,2024-05-02
Noirétable,42159,42440,Maison,60.0,85000.0,1416.67,2024-05-15
Saint-Just-Saint-Rambert,42279,42170,Maison,118.0,375000.0,3177.97,2024-05-17
Saint-Just-Saint-Rambert,42279,42170,Maison,118.0,375000.0,3177.97,2024-05-17
Sorbiers,42302,42290,Maison,99.0,305450.0,3085.35,2024-05-27
Saint-Sauveur-en-Rue,42287,42220,Maison,70.0,107000.0,1528.57,2024-05-17
La Talaudière,42305,42350,Appartement,70.0,277000.0,3957.14,2024-05-02
Saint-Étienne,42218,42100,Appartement,49.0,166000.0,3387.76,2024-05-14
Saint-Étienne,42218,42100,Maison,101.0,234650.0,2323.27,2024-05-30
Roche-la-Molière,42189,42230,Appartement,110.0,150000.0,1363.64,2024-05-16
Roche-la-Molière,42189,42230,Appartement,45.0,150000.0,3333.33,2024-05-16
Roche-la-Molière,42189,42230,Appartement,59.0,150000.0,2542.37,2024-05-16
Saint-Galmier,42222,42330,Appartement,80.0,333333.0,4166.66,2024-05-14
Saint-Galmier,42222,42330,Appartement,240.0,333333.0,1388.89,2024-05-14
Saint-Galmier,42222,42330,Appartement,240.0,333333.0,1388.89,2024-05-14
Saint-Galmier,42222,42330,Appartement,80.0,333333.0,4166.66,2024-05-14
Saint-Étienne,42218,42100,Appartement,56.0,74000.0,1321.43,2024-05-14
Saint-Étienne,42218,42100,Appartement,56.0,74000.0,1321.43,2024-05-14
Roche-la-Molière,42189,42230,Appartement,77.0,62500.0,811.69,2024-05-03
Roche-la-Molière,42189,42230,Appartement,99.0,62500.0,631.31,2024-05-03
Panissières,42165,42360,Maison,96.0,41000.0,427.08,2024-05-22
Soleymieux,42301,42560,Maison,158.0,140000.0,886.08,2024-05-14
Unieux,42316,42240,Appartement,63.0,103000.0,1634.92,2024-05-28
Saint-Bonnet-le-Courreau,42205,42940,Maison,120.0,205000.0,1708.33,2024-05-22
Saint-Étienne,42218,42000,Appartement,32.0,60962.0,1905.06,2024-05-30
Montbrison,42147,42600,Appartement,77.0,163800.0,2127.27,2024-05-22
Villars,42330,42390,Appartement,78.0,87500.0,1121.79,2024-05-27
Saint-Étienne,42218,42000,Appartement,75.0,92000.0,1226.67,2024-05-03
Saint-Étienne,42218,42000,Appartement,64.0,92000.0,1437.5,2024-05-03
Rive-de-Gier,42186,42800,Appartement,112.0,202680.0,1809.64,2024-05-29
Saint-Étienne,42218,42100,Appartement,67.0,71000.0,1059.7,2024-05-24
Saint-Étienne,42218,42100,Appartement,114.0,84000.0,736.84,2024-05-16
Unieux,42316,42240,Appartement,38.0,193000.0,5078.95,2024-05-24
Unieux,42316,42240,Appartement,88.0,193000.0,2193.18,2024-05-24
Unieux,42316,42240,Appartement,65.0,193000.0,2969.23,2024-05-24
Unieux,42316,42240,Appartement,65.0,193000.0,2969.23,2024-05-24
Unieux,42316,42240,Appartement,88.0,193000.0,2193.18,2024-05-24
Unieux,42316,42240,Appartement,38.0,193000.0,5078.95,2024-05-24
Unieux,42316,42240,Appartement,115.0,193000.0,1678.26,2024-05-24
Saint-Priest-en-Jarez,42275,42270,Appartement,67.0,171000.0,2552.24,2024-05-30
Saint-Étienne,42218,42100,Appartement,62.0,77000.0,1241.94,2024-05-22
Andrézieux-Bouthéon,42005,42160,Appartement,64.0,155000.0,2421.88,2024-05-06
Saint-Étienne,42218,42100,Appartement,60.0,65000.0,1083.33,2024-05-16
Saint-Martin-la-Plaine,42259,42800,Maison,110.0,45000.0,409.09,2024-05-24
Genilac,42225,42800,Appartement,60.0,97000.0,1616.67,2024-05-06
Saint-Étienne,42218,42100,Appartement,20.0,43700.0,2185.0,2024-05-06
Unieux,42316,42240,Appartement,39.0,200000.0,5128.21,2024-05-27
Unieux,42316,42240,Appartement,82.0,200000.0,2439.02,2024-05-27
Unieux,42316,42240,Appartement,39.0,200000.0,5128.21,2024-05-27
Andrézieux-Bouthéon,42005,42160,Maison,89.0,262000.0,2943.82,2024-05-07
Rive-de-Gier,42186,42800,Maison,80.0,90000.0,1125.0,2024-05-21
La Tourette,42312,42380,Maison,114.0,300000.0,2631.58,2024-05-21
Villars,42330,42390,Maison,56.0,231000.0,4125.0,2024-05-24
Feurs,42094,42110,Appartement,62.0,179000.0,2887.1,2024-05-14
Feurs,42094,42110,Appartement,66.0,107000.0,1621.21,2024-05-31
Sorbiers,42302,42290,Appartement,60.0,156072.0,2601.2,2024-05-17
Saint-Étienne,42218,42100,Appartement,50.0,45000.0,900.0,2024-05-27
Saint-Étienne,42218,42000,Maison,45.0,95000.0,2111.11,2024-05-30
Saint-Étienne,42218,42000,Appartement,90.0,152000.0,1688.89,2024-05-22
La Talaudière,42305,42350,Appartement,58.0,134500.0,2318.97,2024-05-16
Saint-Étienne,42218,42100,Appartement,82.0,129000.0,1573.17,2024-05-27
La Talaudière,42305,42350,Maison,60.0,270000.0,4500.0,2024-05-15
La Talaudière,42305,42350,Maison,60.0,270000.0,4500.0,2024-05-15
Lézigneux,42122,42600,Maison,44.0,68500.0,1556.82,2024-05-30
Civens,42065,42110,Maison,140.0,270000.0,1928.57,2024-05-14
Civens,42065,42110,Maison,140.0,270000.0,1928.57,2024-05-14
La Ricamarie,42183,42150,Appartement,55.0,45500.0,827.27,2024-05-31
Chuyer,42064,42410,Appartement,123.0,299000.0,2430.89,2024-05-06
Saint-Paul-en-Cornillon,42270,42240,Maison,72.0,185000.0,2569.44,2024-05-24
Saint-Paul-en-Cornillon,42270,42240,Maison,72.0,185000.0,2569.44,2024-05-24
Saint-Étienne,42218,42000,Appartement,77.0,60000.0,779.22,2024-05-22
Saint-Étienne,42218,42100,Appartement,81.0,108000.0,1333.33,2024-05-22
Saint-Étienne,42218,42000,Appartement,90.0,109000.0,1211.11,2024-06-04
Saint-Étienne,42218,42100,Appartement,32.0,54000.0,1687.5,2024-05-30
Le Chambon-Feugerolles,42044,42500,Maison,94.0,273250.0,2906.91,2024-05-17
Valeille,42319,42110,Maison,103.0,259000.0,2514.56,2024-05-17
Valeille,42319,42110,Maison,103.0,259000.0,2514.56,2024-05-17
Saint-Étienne,42218,42100,Appartement,55.0,65000.0,1181.82,2024-05-21
Saint-Étienne,42218,42000,Appartement,66.0,56000.0,848.48,2024-05-22
Saint-Étienne,42218,42100,Appartement,60.0,42000.0,700.0,2024-05-28
Saint-Étienne,42218,42000,Appartement,48.0,57000.0,1187.5,2024-05-30
Saint-Étienne,42218,42100,Appartement,26.0,23500.0,903.85,2024-05-21
Saint-Étienne,42218,42100,Appartement,52.0,62310.0,1198.27,2024-05-23
Saint-Cyr-les-Vignes,42214,42210,Maison,95.0,218500.0,2300.0,2024-05-31
Saint-Étienne,42218,42100,Appartement,65.0,48000.0,738.46,2024-05-22
Saint-Étienne,42218,42000,Appartement,75.0,44000.0,586.67,2024-05-23
Saint-Étienne,42218,42000,Appartement,101.0,138000.0,1366.34,2024-05-24
Veauche,42323,42340,Appartement,82.0,168000.0,2048.78,2024-05-28
Saint-Jean-Bonnefonds,42237,42650,Maison,87.0,259000.0,2977.01,2024-05-24
Saint-Étienne,42218,42000,Appartement,76.0,75000.0,986.84,2024-05-22
Saint-Étienne,42218,42100,Appartement,56.0,18000.0,321.43,2024-05-28
Saint-Étienne,42218,42100,Appartement,41.0,71000.0,1731.71,2024-05-27
Saint-Michel-sur-Rhône,42265,42410,Maison,140.0,249700.0,1783.57,2024-05-29
Unieux,42316,42240,Appartement,58.0,200000.0,3448.28,2024-05-24
Unieux,42316,42240,Appartement,89.0,200000.0,2247.19,2024-05-24
Saint-Étienne,42218,42100,Appartement,69.0,141250.0,2047.1,2024-05-27
Feurs,42094,42110,Maison,152.0,285540.0,1878.55,2024-05-29
Feurs,42094,42110,Maison,152.0,285540.0,1878.55,2024-05-29
Saint-Étienne,42218,42100,Appartement,86.0,92000.0,1069.77,2024-05-21
Lupé,42124,42520,Maison,165.0,82000.0,496.97,2024-05-31
Lorette,42123,42420,Appartement,59.0,106500.0,1805.08,2024-05-22
Saint-Étienne,42218,42000,Appartement,185.0,110000.0,594.59,2024-05-17
Saint-André-le-Puy,42200,42210,Maison,77.0,205375.0,2667.21,2024-06-03
Unias,42315,42210,Maison,190.0,475020.0,2500.11,2024-05-16
Unias,42315,42210,Maison,190.0,475020.0,2500.11,2024-05-16
Saint-Christo-en-Jarez,42208,42320,Maison,76.0,140000.0,1842.11,2024-05-15
Feurs,42094,42110,Maison,98.0,192000.0,1959.18,2024-05-21
Feurs,42094,42110,Maison,95.0,150000.0,1578.95,2024-05-24
Roche-la-Molière,42189,42230,Maison,98.0,242000.0,2469.39,2024-05-29
Veauche,42323,42340,Maison,92.0,263940.0,2868.91,2024-06-03
Saint-Chamond,42207,42400,Appartement,28.0,33000.0,1178.57,2024-05-29
Saint-Étienne,42218,42000,Appartement,65.0,58000.0,892.31,2024-05-24
Le Chambon-Feugerolles,42044,42500,Appartement,75.0,70000.0,933.33,2024-05-29
Saint-Chamond,42207,42400,Appartement,80.0,520000.0,6500.0,2024-05-29
Saint-Chamond,42207,42400,Maison,60.0,520000.0,8666.67,2024-05-29
Saint-Chamond,42207,42400,Appartement,60.0,520000.0,8666.67,2024-05-29
Saint-Chamond,42207,42400,Appartement,60.0,520000.0,8666.67,2024-05-29
Saint-Étienne,42218,42000,Appartement,29.0,50000.0,1724.14,2024-05-24
Saint-Étienne,42218,42000,Appartement,45.0,50000.0,1111.11,2024-05-24
Roche-la-Molière,42189,42230,Maison,180.0,124000.0,688.89,2024-05-17
Saint-Étienne,42218,42000,Maison,83.0,194700.0,2345.78,2024-05-31
Montbrison,42147,42600,Maison,65.0,182000.0,2800.0,2024-05-13
Sainte-Foy-Saint-Sulpice,42221,42110,Maison,95.0,190000.0,2000.0,2024-05-13
Sainte-Agathe-la-Bouteresse,42197,42130,Maison,120.0,244500.0,2037.5,2024-05-21
Saint-Étienne,42218,42000,Appartement,43.0,55500.0,1290.7,2024-05-16
Sorbiers,42302,42290,Maison,101.0,315150.0,3120.3,2024-06-03
Saint-Étienne,42218,42100,Appartement,57.0,180000.0,3157.89,2024-05-17
Saint-Étienne,42218,42100,Appartement,64.0,180000.0,2812.5,2024-05-17
Saint-Étienne,42218,42100,Appartement,60.0,180000.0,3000.0,2024-05-17
Saint-Étienne,42218,42100,Appartement,57.0,180000.0,3157.89,2024-05-17
Saint-Étienne,42218,42100,Appartement,57.0,180000.0,3157.89,2024-05-17
Montbrison,42147,42600,Appartement,72.0,110000.0,1527.78,2024-05-27
Champdieu,42046,42600,Maison,62.0,120000.0,1935.48,2024-04-15
Firminy,42095,42700,Appartement,64.0,143450.0,2241.41,2024-05-29
Firminy,42095,42700,Appartement,69.0,143450.0,2078.99,2024-05-29
Firminy,42095,42700,Appartement,69.0,143450.0,2078.99,2024-05-29
Montbrison,42147,42600,Appartement,82.0,104000.0,1268.29,2024-05-17
Saint-Chamond,42207,42400,Appartement,99.0,102618.0,1036.55,2024-05-23
Saint-Priest-en-Jarez,42275,42270,Maison,82.0,226110.0,2757.44,2024-05-16
Le Chambon-Feugerolles,42044,42500,Appartement,118.0,125000.0,1059.32,2024-05-17
Le Chambon-Feugerolles,42044,42500,Appartement,75.0,125000.0,1666.67,2024-05-17
Saint-Étienne,42218,42000,Appartement,22.0,205000.0,9318.18,2024-06-05
Saint-Étienne,42218,42000,Appartement,15.0,205000.0,13666.67,2024-06-05
Saint-Étienne,42218,42000,Appartement,15.0,205000.0,13666.67,2024-06-05
Saint-Étienne,42218,42000,Appartement,15.0,205000.0,13666.67,2024-06-05
Saint-Étienne,42218,42000,Appartement,22.0,205000.0,9318.18,2024-06-05
Saint-Étienne,42218,42000,Appartement,22.0,205000.0,9318.18,2024-06-05
Andrézieux-Bouthéon,42005,42160,Appartement,61.0,157200.0,2577.05,2024-05-31
Saint-Étienne,42218,42100,Appartement,32.0,55000.0,1718.75,2024-05-23
Saint-Marcellin-en-Forez,42256,42680,Maison,80.0,267000.0,3337.5,2024-05-30
Saint-Étienne,42218,42000,Appartement,45.0,108000.0,2400.0,2024-05-15
Saint-Romain-le-Puy,42285,42610,Maison,91.0,170000.0,1868.13,2024-05-22
Saint-Romain-le-Puy,42285,42610,Maison,91.0,170000.0,1868.13,2024-05-22
Saint-Julien-Molin-Molette,42246,42220,Maison,157.0,127000.0,808.92,2024-06-04
La Tourette,42312,42380,Maison,150.0,280000.0,1866.67,2024-05-31
Saint-Didier-sur-Rochefort,42217,42111,Maison,140.0,94500.0,675.0,2024-05-24
Saint-Genest-Lerpt,42223,42530,Appartement,77.0,112000.0,1454.55,2024-05-29
Unieux,42316,42240,Appartement,58.0,49000.0,844.83,2024-05-22
Rive-de-Gier,42186,42800,Maison,76.0,185000.0,2434.21,2024-06-05
Malleval,42132,42520,Maison,90.0,97000.0,1077.78,2024-06-03
Savigneux,42299,42600,Appartement,62.0,264000.0,4258.06,2024-05-24
Saint-Étienne,42218,42100,Appartement,71.0,83000.0,1169.01,2024-05-30
La Fouillouse,42097,42480,Maison,90.0,249000.0,2766.67,2024-05-31
Saint-Étienne,42218,42100,Maison,74.0,235000.0,3175.68,2024-05-29
Saint-Priest-en-Jarez,42275,42270,Appartement,78.0,295000.0,3782.05,2024-05-30
Saint-Étienne,42218,42100,Appartement,29.0,27500.0,948.28,2024-05-21
Saint-Étienne,42218,42000,Appartement,33.0,80000.0,2424.24,2024-05-30
Saint-Étienne,42218,42000,Appartement,42.0,80000.0,1904.76,2024-05-30
Saint-Étienne,42218,42000,Appartement,42.0,80000.0,1904.76,2024-05-30
Cellieu,42032,42320,Maison,75.0,60000.0,800.0,2024-05-17
Boën-sur-Lignon,42019,42130,Appartement,45.0,22500.0,500.0,2024-05-14
Boën-sur-Lignon,42019,42130,Appartement,90.0,22500.0,250.0,2024-05-14
Saint-Chamond,42207,42400,Maison,70.0,168850.0,2412.14,2024-05-27
Saint-Priest-en-Jarez,42275,42270,Maison,325.0,500400.0,1539.69,2024-05-31
Bonson,42022,42160,Maison,94.0,220000.0,2340.43,2024-05-31
Saint-Étienne,42218,42000,Appartement,69.0,70000.0,1014.49,2024-05-31
Sorbiers,42302,42290,Maison,86.0,150000.0,1744.19,2024-05-31
Saint-Étienne,42218,42100,Appartement,89.0,108000.0,1213.48,2024-05-24
Saint-Étienne,42218,42100,Appartement,80.0,95000.0,1187.5,2024-06-07
Saint-Étienne,42218,42000,Appartement,64.0,65000.0,1015.62,2024-05-27
Saint-Étienne,42218,42000,Maison,105.0,189000.0,1800.0,2024-06-05
Saint-Étienne,42218,42100,Appartement,95.0,139500.0,1468.42,2024-05-31
Saint-Étienne,42218,42100,Appartement,42.0,45000.0,1071.43,2024-05-30
Unieux,42316,42240,Appartement,90.0,70494.0,783.27,2024-05-22
Saint-Genest-Lerpt,42223,42530,Appartement,95.0,180500.0,1900.0,2024-05-31
Saint-Étienne,42218,42000,Appartement,80.0,70000.0,875.0,2024-05-31
Feurs,42094,42110,Appartement,84.0,94000.0,1119.05,2024-05-13
Feurs,42094,42110,Appartement,49.0,59000.0,1204.08,2024-05-16
Saint-Étienne,42218,42000,Appartement,47.0,90000.0,1914.89,2024-05-27
Le Chambon-Feugerolles,42044,42500,Maison,97.0,120000.0,1237.11,2024-06-07
Saint-Étienne,42218,42100,Appartement,68.0,82170.0,1208.38,2024-05-29
Le Chambon-Feugerolles,42044,42500,Maison,96.0,65000.0,677.08,2024-05-31
Le Chambon-Feugerolles,42044,42500,Maison,20.0,65000.0,3250.0,2024-05-31
Montbrison,42147,42600,Appartement,75.0,85000.0,1133.33,2024-05-30
Saint-Étienne,42218,42000,Appartement,96.0,32500.0,338.54,2024-05-31
Montbrison,42147,42600,Appartement,90.0,185000.0,2055.56,2024-05-13
Saint-Étienne,42218,42100,Appartement,51.0,48000.0,941.18,2024-05-28
Saint-Étienne,42218,42100,Appartement,71.0,59000.0,830.99,2024-05-28
Saint-Bonnet-les-Oules,42206,42330,Maison,30.0,254000.0,8466.67,2024-05-31
Saint-Bonnet-les-Oules,42206,42330,Maison,30.0,254000.0,8466.67,2024-05-31
Saint-Bonnet-les-Oules,42206,42330,Maison,81.0,254000.0,3135.8,2024-05-31
Saint-Bonnet-les-Oules,42206,42330,Maison,81.0,254000.0,3135.8,2024-05-31
Saint-Étienne,42218,42100,Appartement,46.0,67000.0,1456.52,2024-06-03
Salt-en-Donzy,42296,42110,Maison,99.0,145000.0,1464.65,2024-05-31
Lézigneux,42122,42600,Maison,109.0,213000.0,1954.13,2024-05-31
Lézigneux,42122,42600,Maison,96.0,213000.0,2218.75,2024-05-31
Panissières,42165,42360,Appartement,110.0,131000.0,1190.91,2024-05-13
Panissières,42165,42360,Appartement,110.0,131000.0,1190.91,2024-05-13
Saint-Étienne,42218,42000,Appartement,69.0,85000.0,1231.88,2024-05-28
Saint-Étienne,42218,42000,Appartement,116.0,100000.0,862.07,2024-06-05
Sorbiers,42302,42290,Maison,83.0,325100.0,3916.87,2024-05-30
Saint-Étienne,42218,42000,Appartement,60.0,55000.0,916.67,2024-05-29
Saint-Étienne,42218,42000,Appartement,78.0,63500.0,814.1,2024-05-27
Saint-Étienne,42218,42100,Appartement,105.0,152600.0,1453.33,2024-05-27
Le Chambon-Feugerolles,42044,42500,Appartement,82.0,70000.0,853.66,2024-06-07
Chambœuf,42043,42330,Maison,91.0,181250.0,1991.76,2024-05-27
Saint-Étienne,42218,42100,Appartement,68.0,69700.0,1025.0,2024-06-03
Montbrison,42147,42600,Maison,97.0,219000.0,2257.73,2024-05-17
Saint-Étienne,42218,42000,Appartement,68.0,145000.0,2132.35,2024-05-30
Chalain-le-Comtal,42038,42600,Maison,26.0,900000.0,34615.38,2024-05-17
Chalain-le-Comtal,42038,42600,Maison,209.0,900000.0,4306.22,2024-05-17
Chalain-le-Comtal,42038,42600,Maison,26.0,900000.0,34615.38,2024-05-17
Chalain-le-Comtal,42038,42600,Maison,209.0,900000.0,4306.22,2024-05-17
Chalain-le-Comtal,42038,42600,Maison,26.0,900000.0,34615.38,2024-05-17
Chalain-le-Comtal,42038,42600,Maison,209.0,900000.0,4306.22,2024-05-17
Saint-Étienne,42218,42000,Appartement,53.0,69000.0,1301.89,2024-05-30
Saint-Étienne,42218,42100,Appartement,65.0,53000.0,815.38,2024-05-30
Saint-Genest-Lerpt,42223,42530,Appartement,102.0,136000.0,1333.33,2024-05-22
Saint-Étienne,42218,42000,Appartement,41.0,32000.0,780.49,2024-06-03
Saint-Étienne,42218,42100,Appartement,54.0,52800.0,977.78,2024-06-04
Saint-Genest-Malifaux,42224,42660,Appartement,43.0,120000.0,2790.7,2024-06-10
Saint-Étienne,42218,42000,Appartement,140.0,33000.0,235.71,2024-05-24
Montbrison,42147,42600,Appartement,74.0,142000.0,1918.92,2024-05-22
Chazelles-sur-Lyon,42059,42140,Appartement,84.0,150000.0,1785.71,2024-05-30
Bourg-Argental,42023,42220,Appartement,99.0,70000.0,707.07,2024-05-31
Chavanay,42056,42410,Maison,106.0,232700.0,2195.28,2024-05-13
Saint-Étienne,42218,42100,Appartement,55.0,55000.0,1000.0,2024-05-28
Saint-Étienne,42218,42000,Appartement,77.0,46000.0,597.4,2024-05-27
Saint-Étienne,42218,42000,Appartement,110.0,200000.0,1818.18,2024-05-27
Saint-Étienne,42218,42000,Appartement,140.0,32000.0,228.57,2024-05-24
Saint-Étienne,42218,42000,Appartement,28.0,105000.0,3750.0,2024-05-24
Saint-Étienne,42218,42000,Appartement,37.0,105000.0,2837.84,2024-05-24
Saint-Étienne,42218,42000,Appartement,47.0,105000.0,2234.04,2024-05-24
Saint-Étienne,42218,42000,Appartement,35.0,105000.0,3000.0,2024-05-24
Saint-Étienne,42218,42000,Appartement,40.0,150000.0,3750.0,2024-05-24
Saint-Étienne,42218,42000,Appartement,32.0,100000.0,3125.0,2024-05-31
Saint-Chamond,42207,42400,Appartement,110.0,60000.0,545.45,2024-05-22
Saint-Chamond,42207,42400,Maison,122.0,333600.0,2734.43,2024-06-05
La Tour-en-Jarez,42311,42580,Maison,168.0,612000.0,3642.86,2024-06-07
La Tour-en-Jarez,42311,42580,Maison,168.0,612000.0,3642.86,2024-06-07
Salt-en-Donzy,42296,42110,Maison,140.0,163750.0,1169.64,2024-06-07
Rive-de-Gier,42186,42800,Appartement,64.0,38000.0,593.75,2024-06-03
Villars,42330,42390,Appartement,59.0,100000.0,1694.92,2024-06-05
Bonson,42022,42160,Maison,90.0,211000.0,2344.44,2024-06-12
Villars,42330,42390,Appartement,73.0,92000.0,1260.27,2024-05-31
Marcilly-le-Châtel,42134,42130,Maison,86.0,182000.0,2116.28,2024-06-05
Saint-Chamond,42207,42400,Appartement,95.0,170000.0,1789.47,2024-05-29
Montbrison,42147,42600,Appartement,72.0,155000.0,2152.78,2024-05-21
Saint-Romain-le-Puy,42285,42610,Maison,59.0,132050.0,2238.14,2024-05-29
Saint-Étienne,42218,42000,Appartement,45.0,350000.0,7777.78,2024-06-05
Saint-Étienne,42218,42000,Appartement,70.0,350000.0,5000.0,2024-06-05
Saint-Étienne,42218,42000,Appartement,120.0,350000.0,2916.67,2024-06-05
Saint-Étienne,42218,42000,Appartement,120.0,350000.0,2916.67,2024-06-05
Montbrison,42147,42600,Maison,110.0,241000.0,2190.91,2024-05-17
Savigneux,42299,42600,Appartement,74.0,190000.0,2567.57,2024-05-17
Savigneux,42299,42600,Appartement,51.0,196000.0,3843.14,2024-05-31
Saint-Chamond,42207,42400,Appartement,35.0,15000.0,428.57,2024-05-30
Rive-de-Gier,42186,42800,Appartement,52.0,130000.0,2500.0,2024-06-04
Rive-de-Gier,42186,42800,Appartement,60.0,130000.0,2166.67,2024-06-04
Rive-de-Gier,42186,42800,Appartement,50.0,130000.0,2600.0,2024-06-04
Rive-de-Gier,42186,42800,Appartement,37.0,130000.0,3513.51,2024-06-04
Saint-Étienne,42218,42100,Appartement,84.0,190000.0,2261.9,2024-05-29
Montbrison,42147,42600,Maison,80.0,211850.0,2648.12,2024-05-27
Saint-Étienne,42218,42000,Appartement,32.0,60000.0,1875.0,2024-05-29
Saint-Étienne,42218,42000,Appartement,46.0,60000.0,1304.35,2024-05-29
Villars,42330,42390,Appartement,85.0,87400.0,1028.24,2024-06-06
Chazelles-sur-Lyon,42059,42140,Maison,171.0,302425.0,1768.57,2024-05-28
Chambœuf,42043,42330,Maison,109.0,283000.0,2596.33,2024-06-05
Chambœuf,42043,42330,Maison,109.0,283000.0,2596.33,2024-06-05
Chevrières,42062,42140,Maison,86.0,180000.0,2093.02,2024-06-06
Chevrières,42062,42140,Maison,86.0,180000.0,2093.02,2024-06-06
Sury-le-Comtal,42304,42450,Maison,90.0,220000.0,2444.44,2024-05-15
Saint-Étienne,42218,42100,Appartement,93.0,85000.0,913.98,2024-05-27
Villars,42330,42390,Maison,74.0,210000.0,2837.84,2024-06-07
Veauche,42323,42340,Maison,89.0,260000.0,2921.35,2024-06-10
Saint-Étienne,42218,42100,Appartement,147.0,190000.0,1292.52,2024-05-22
Aveizieux,42010,42330,Maison,86.0,260000.0,3023.26,2024-06-03
Saint-Médard-en-Forez,42264,42330,Maison,110.0,243500.0,2213.64,2024-06-10
Saint-Chamond,42207,42400,Maison,79.0,260800.0,3301.27,2024-06-10
Saint-Chamond,42207,42400,Maison,88.0,275000.0,3125.0,2024-05-15
Firminy,42095,42700,Appartement,55.0,46000.0,836.36,2024-05-27
Montrond-les-Bains,42149,42210,Maison,67.0,215850.0,3221.64,2024-05-30
Saint-Chamond,42207,42400,Appartement,67.0,85000.0,1268.66,2024-05-14
Villars,42330,42390,Maison,132.0,283300.0,2146.21,2024-05-30
Chuyer,42064,42410,Maison,44.0,148180.0,3367.73,2024-05-31
Saint-Priest-en-Jarez,42275,42270,Appartement,87.0,224900.0,2585.06,2024-05-22
La Grand-Croix,42103,42320,Maison,112.0,393630.0,3514.55,2024-06-12
La Grand-Croix,42103,42320,Maison,112.0,393630.0,3514.55,2024-06-12
Margerie-Chantagret,42137,42560,Maison,120.0,271000.0,2258.33,2024-05-28
Villars,42330,42390,Appartement,77.0,223300.0,2900.0,2024-05-30
Feurs,42094,42110,Maison,53.0,125000.0,2358.49,2024-06-03
La Fouillouse,42097,42480,Maison,80.0,80000.0,1000.0,2024-06-10
Saint-Barthélemy-Lestra,42202,42110,Maison,112.0,125000.0,1116.07,2024-06-04
L'Horme,42110,42152,Maison,148.0,433400.0,2928.38,2024-06-10
L'Horme,42110,42152,Maison,148.0,433400.0,2928.38,2024-06-10
Pouilly-lès-Feurs,42175,42110,Maison,100.0,208875.0,2088.75,2024-06-13
Saint-Pierre-de-Bœuf,42272,42520,Maison,140.0,359000.0,2564.29,2024-05-16
Saint-Paul-en-Jarez,42271,42740,Maison,125.0,200000.0,1600.0,2024-05-16
Saint-Sixte,42288,42130,Maison,103.0,130000.0,1262.14,2024-06-04
Saint-Sixte,42288,42130,Maison,103.0,130000.0,1262.14,2024-06-04
Unieux,42316,42240,Maison,74.0,159500.0,2155.41,2024-06-03
Rive-de-Gier,42186,42800,Appartement,66.0,86000.0,1303.03,2024-05-29
Montrond-les-Bains,42149,42210,Maison,106.0,230000.0,2169.81,2024-06-05
Montrond-les-Bains,42149,42210,Maison,106.0,230000.0,2169.81,2024-06-05
La Fouillouse,42097,42480,Maison,143.0,329000.0,2300.7,2024-05-28
La Fouillouse,42097,42480,Maison,143.0,329000.0,2300.7,2024-05-28
Saint-Héand,42234,42570,Maison,84.0,178200.0,2121.43,2024-05-30
Saint-Héand,42234,42570,Maison,84.0,178200.0,2121.43,2024-05-30
Veauche,42323,42340,Maison,354.0,1340000.0,3785.31,2024-05-31
Montbrison,42147,42600,Appartement,44.0,47000.0,1068.18,2024-06-05
Panissières,42165,42360,Maison,80.0,154000.0,1925.0,2024-05-15
Savigneux,42299,42600,Maison,94.0,231700.0,2464.89,2024-05-27
Veauche,42323,42340,Maison,134.0,301000.0,2246.27,2024-06-07
Veauche,42323,42340,Maison,134.0,301000.0,2246.27,2024-06-07
Chevrières,42062,42140,Maison,138.0,300000.0,2173.91,2024-06-05
Saint-Étienne,42218,42100,Appartement,49.0,45190.0,922.24,2024-05-31
Saint-Étienne,42218,42100,Appartement,24.0,310000.0,12916.67,2024-05-31
Saint-Étienne,42218,42100,Appartement,40.0,310000.0,7750.0,2024-05-31
Saint-Étienne,42218,42100,Appartement,22.0,310000.0,14090.91,2024-05-31
Saint-Étienne,42218,42100,Appartement,42.0,310000.0,7380.95,2024-05-31
Saint-Étienne,42218,42100,Appartement,24.0,310000.0,12916.67,2024-05-31
Saint-Étienne,42218,42100,Appartement,40.0,310000.0,7750.0,2024-05-31
Saint-Étienne,42218,42100,Appartement,83.0,68000.0,819.28,2024-05-29
Saint-Priest-en-Jarez,42275,42270,Appartement,56.0,152500.0,2723.21,2024-06-07
Saint-Étienne,42218,42100,Appartement,56.0,57960.0,1035.0,2024-05-28
Saint-Genest-Lerpt,42223,42530,Maison,118.0,312050.0,2644.49,2024-05-29
Aboën,42001,42380,Maison,34.0,35000.0,1029.41,2024-06-05
Saint-Étienne,42218,42100,Appartement,18.0,47000.0,2611.11,2024-05-29
Villars,42330,42390,Appartement,99.0,83500.0,843.43,2024-05-30
L'Horme,42110,42152,Maison,107.0,260000.0,2429.91,2024-05-31
Saint-Priest-en-Jarez,42275,42270,Appartement,71.0,132050.0,1859.86,2024-06-03
Saint-Étienne,42218,42000,Appartement,77.0,138500.0,1798.7,2024-05-29
Saint-Étienne,42218,42100,Appartement,49.0,78850.0,1609.18,2024-06-04
Saint-Romain-le-Puy,42285,42610,Maison,110.0,185000.0,1681.82,2024-05-17
Rozier-Côtes-d'Aurec,42192,42380,Maison,50.0,15000.0,300.0,2024-05-31
Saint-Genest-Lerpt,42223,42530,Maison,152.0,401000.0,2638.16,2024-05-24
Saint-Étienne,42218,42100,Maison,60.0,40000.0,666.67,2024-05-28
Villars,42330,42390,Appartement,85.0,74000.0,870.59,2024-05-24
Cellieu,42032,42320,Maison,97.0,309000.0,3185.57,2024-06-10
Firminy,42095,42700,Maison,92.0,249590.0,2712.93,2024-05-31
Saint-Chamond,42207,42400,Appartement,99.0,83000.0,838.38,2024-06-03
Chavanay,42056,42410,Maison,100.0,188650.0,1886.5,2024-06-10
Montbrison,42147,42600,Maison,100.0,200000.0,2000.0,2024-05-16
Thélis-la-Combe,42310,42220,Maison,150.0,140000.0,933.33,2024-05-28
Saint-Étienne,42218,42000,Appartement,36.0,42000.0,1166.67,2024-05-31
Saint-Étienne,42218,42100,Appartement,77.0,81600.0,1059.74,2024-06-10
Saint-Étienne,42218,42100,Appartement,56.0,57000.0,1017.86,2024-05-30
Saint-Étienne,42218,42000,Appartement,77.0,118000.0,1532.47,2024-05-27
Saint-Jean-Bonnefonds,42237,42650,Maison,75.0,150000.0,2000.0,2024-05-17
Saint-Étienne,42218,42100,Appartement,85.0,134000.0,1576.47,2024-05-30
Saint-Étienne,42218,42100,Appartement,63.0,72200.0,1146.03,2024-05-14
Saint-Étienne,42218,42000,Appartement,83.0,249000.0,3000.0,2024-05-16
Rive-de-Gier,42186,42800,Appartement,35.0,139000.0,3971.43,2024-06-13
Rive-de-Gier,42186,42800,Appartement,35.0,139000.0,3971.43,2024-06-13
Rive-de-Gier,42186,42800,Appartement,74.0,139000.0,1878.38,2024-06-13
Rive-de-Gier,42186,42800,Appartement,74.0,139000.0,1878.38,2024-06-13
Saint-Étienne,42218,42100,Appartement,65.0,120000.0,1846.15,2024-06-14
Saint-Étienne,42218,42100,Appartement,67.0,90000.0,1343.28,2024-06-07
Boisset-Saint-Priest,42021,42560,Maison,80.0,240000.0,3000.0,2024-06-12
Boisset-Saint-Priest,42021,42560,Maison,80.0,240000.0,3000.0,2024-06-12
Saint-Just-Saint-Rambert,42279,42170,Maison,96.0,240000.0,2500.0,2024-06-07
Le Chambon-Feugerolles,42044,42500,Appartement,42.0,45000.0,1071.43,2024-05-17
Saint-Étienne,42218,42100,Appartement,73.0,80000.0,1095.89,2024-06-14
Saint-Étienne,42218,42000,Appartement,140.0,115000.0,821.43,2024-06-06
Saint-Genest-Lerpt,42223,42530,Appartement,125.0,314800.0,2518.4,2024-06-12
Saint-Michel-sur-Rhône,42265,42410,Maison,130.0,250500.0,1926.92,2024-06-10
Saint-Marcellin-en-Forez,42256,42680,Maison,54.0,207200.0,3837.04,2024-06-11
Sainte-Agathe-la-Bouteresse,42197,42130,Maison,100.0,180000.0,1800.0,2024-06-11
L'Étrat,42092,42580,Maison,89.0,325900.0,3661.8,2024-06-07
Veauche,42323,42340,Maison,179.0,413000.0,2307.26,2024-06-10
Saint-Étienne,42218,42000,Appartement,140.0,64000.0,457.14,2024-05-28
Saint-Étienne,42218,42100,Appartement,22.0,42000.0,1909.09,2024-06-12
Épercieux-Saint-Paul,42088,42110,Maison,325.0,318900.0,981.23,2024-06-14
Saint-Étienne,42218,42100,Appartement,68.0,63000.0,926.47,2024-05-28
Saint-Étienne,42218,42230,Maison,157.0,463400.0,2951.59,2024-06-07
Saint-Étienne,42218,42230,Maison,157.0,463400.0,2951.59,2024-06-07
Saint-Étienne,42218,42000,Appartement,140.0,78000.0,557.14,2024-06-04
Firminy,42095,42700,Appartement,76.0,82700.0,1088.16,2024-05-27
La Ricamarie,42183,42150,Maison,65.0,125000.0,1923.08,2024-05-23
La Ricamarie,42183,42150,Appartement,134.0,125000.0,932.84,2024-05-23
Roche-la-Molière,42189,42230,Appartement,47.0,134000.0,2851.06,2024-06-11
Saint-Genest-Lerpt,42223,42530,Appartement,73.0,239900.0,3286.3,2024-05-16
Aboën,42001,42380,Appartement,102.0,150000.0,1470.59,2024-05-16
Aboën,42001,42380,Appartement,42.0,150000.0,3571.43,2024-05-16
Aboën,42001,42380,Appartement,78.0,150000.0,1923.08,2024-05-16
Firminy,42095,42700,Appartement,75.0,75000.0,1000.0,2024-06-05
Saint-Chamond,42207,42400,Appartement,85.0,183000.0,2152.94,2024-05-24
Saint-Chamond,42207,42400,Appartement,75.0,183000.0,2440.0,2024-05-24
Saint-Genest-Lerpt,42223,42530,Appartement,66.0,242000.0,3666.67,2024-05-16
Saint-Étienne,42218,42000,Appartement,102.0,152230.0,1492.45,2024-06-10
Andrézieux-Bouthéon,42005,42160,Appartement,66.0,240000.0,3636.36,2024-06-03
Andrézieux-Bouthéon,42005,42160,Maison,146.0,1260000.0,8630.14,2024-06-03
Andrézieux-Bouthéon,42005,42160,Maison,146.0,1260000.0,8630.14,2024-06-03
Andrézieux-Bouthéon,42005,42160,Maison,146.0,1260000.0,8630.14,2024-06-03
Andrézieux-Bouthéon,42005,42160,Maison,146.0,1260000.0,8630.14,2024-06-03
Andrézieux-Bouthéon,42005,42160,Maison,146.0,1260000.0,8630.14,2024-06-03
Andrézieux-Bouthéon,42005,42160,Maison,146.0,1260000.0,8630.14,2024-06-03
Andrézieux-Bouthéon,42005,42160,Maison,120.0,1260000.0,10500.0,2024-06-03
Andrézieux-Bouthéon,42005,42160,Maison,120.0,1260000.0,10500.0,2024-06-03
Lorette,42123,42420,Maison,74.0,215000.0,2905.41,2024-06-11
Lorette,42123,42420,Maison,74.0,215000.0,2905.41,2024-06-11
Saint-Étienne,42218,42100,Appartement,39.0,66500.0,1705.13,2024-06-10
Saint-Étienne,42218,42100,Appartement,30.0,41500.0,1383.33,2024-06-07
Trelins,42313,42130,Maison,100.0,238854.2,2388.54,2024-06-11
Saint-Georges-en-Couzan,42227,42990,Appartement,80.0,96000.0,1200.0,2024-05-29
Saint-Étienne,42218,42100,Appartement,49.0,39350.0,803.06,2024-06-07
Chagnon,42036,42800,Maison,45.0,313650.0,6970.0,2024-06-06
Saint-Jean-Bonnefonds,42237,42650,Appartement,67.0,90000.0,1343.28,2024-06-10
Chazelles-sur-Lyon,42059,42140,Appartement,80.0,140000.0,1750.0,2024-06-07
Saint-Marcellin-en-Forez,42256,42680,Maison,77.0,224400.0,2914.29,2024-05-27
Saint-Marcellin-en-Forez,42256,42680,Maison,77.0,224400.0,2914.29,2024-05-27
Sury-le-Comtal,42304,42450,Appartement,138.0,76700.0,555.8,2024-06-07
Saint-Chamond,42207,42400,Maison,86.0,365000.0,4244.19,2024-06-10
Saint-Étienne,42218,42100,Appartement,31.0,47500.0,1532.26,2024-05-27
Saint-Étienne,42218,42100,Appartement,20.0,41500.0,2075.0,2024-06-06
Saint-Étienne,42218,42100,Maison,93.0,185000.0,1989.25,2024-06-07
Saint-Chamond,42207,42400,Appartement,99.0,137000.0,1383.84,2024-06-12
Montrond-les-Bains,42149,42210,Maison,54.0,138350.0,2562.04,2024-06-11
Villars,42330,42390,Appartement,73.0,104900.0,1436.99,2024-06-11
Sail-sous-Couzan,42195,42890,Maison,45.0,30000.0,666.67,2024-05-24
Saint-Nizier-de-Fornas,42266,42380,Maison,110.0,170000.0,1545.45,2024-06-06
Veauche,42323,42340,Appartement,52.0,154800.0,2976.92,2024-06-04
Firminy,42095,42700,Appartement,74.0,110500.0,1493.24,2024-05-31
Rive-de-Gier,42186,42800,Appartement,55.0,90000.0,1636.36,2024-06-06
Sail-sous-Couzan,42195,42890,Maison,60.0,15000.0,250.0,2024-05-24
Saint-Étienne,42218,42000,Appartement,28.0,43000.0,1535.71,2024-06-05
Montbrison,42147,42600,Maison,121.0,223250.0,1845.04,2024-05-27
Saint-Étienne,42218,42000,Appartement,60.0,115000.0,1916.67,2024-06-07
Saint-Étienne,42218,42100,Appartement,65.0,55000.0,846.15,2024-05-24
Pouilly-lès-Feurs,42175,42110,Maison,124.0,275000.0,2217.74,2024-06-14
Pouilly-lès-Feurs,42175,42110,Maison,124.0,275000.0,2217.74,2024-06-14
Veauche,42323,42340,Appartement,71.0,270000.0,3802.82,2024-05-29
Saint-Étienne,42218,42100,Appartement,39.0,79000.0,2025.64,2024-06-05
La Ricamarie,42183,42150,Maison,70.0,96000.0,1371.43,2024-06-14
La Ricamarie,42183,42150,Maison,70.0,96000.0,1371.43,2024-06-14
Veauche,42323,42340,Appartement,93.0,339000.0,3645.16,2024-06-12
Saint-Étienne,42218,42000,Appartement,34.0,40000.0,1176.47,2024-06-07
Le Chambon-Feugerolles,42044,42500,Maison,65.0,25000.0,384.62,2024-05-30
Saint-Marcellin-en-Forez,42256,42680,Maison,131.0,327900.0,2503.05,2024-06-06
Veauche,42323,42340,Appartement,52.0,169000.0,3250.0,2024-06-12
Saint-Étienne,42218,42000,Appartement,55.0,60000.0,1090.91,2024-06-05
Veauche,42323,42340,Maison,140.0,428300.0,3059.29,2024-06-05
Veauche,42323,42340,Maison,140.0,428300.0,3059.29,2024-06-05
Saint-Priest-en-Jarez,42275,42270,Appartement,73.0,70000.0,958.9,2024-06-07
Saint-Étienne,42218,42100,Appartement,57.0,81750.0,1434.21,2024-06-12
Saint-Priest-la-Vêtre,42278,42440,Maison,133.0,265174.0,1993.79,2024-06-13
Saint-Priest-la-Vêtre,42278,42440,Maison,133.0,265174.0,1993.79,2024-06-13
Saint-Priest-la-Vêtre,42278,42440,Maison,133.0,265174.0,1993.79,2024-06-13
Bonson,42022,42160,Appartement,71.0,150000.0,2112.68,2024-06-07
Feurs,42094,42110,Appartement,49.0,57000.0,1163.27,2024-06-04
Saint-Étienne,42218,42100,Appartement,103.0,120000.0,1165.05,2024-06-10
Saint-Étienne,42218,42100,Maison,70.0,80000.0,1142.86,2024-06-06
Sail-sous-Couzan,42195,42890,Maison,122.0,135000.0,1106.56,2024-05-17
Firminy,42095,42700,Appartement,30.0,35000.0,1166.67,2024-06-07
Saint-Étienne,42218,42100,Appartement,63.0,80000.0,1269.84,2024-06-12
Pavezin,42167,42410,Appartement,91.0,237000.0,2604.4,2024-06-17
Saint-Just-Saint-Rambert,42279,42170,Maison,28.0,215000.0,7678.57,2024-06-13
Saint-Just-Saint-Rambert,42279,42170,Maison,80.0,215000.0,2687.5,2024-06-13
Le Chambon-Feugerolles,42044,42500,Maison,112.0,212500.0,1897.32,2024-06-14
Saint-Étienne,42218,42000,Appartement,70.0,42500.0,607.14,2024-05-22
Unieux,42316,42240,Maison,81.0,190000.0,2345.68,2024-05-30
Saint-Étienne,42218,42100,Appartement,51.0,49000.0,960.78,2024-05-23
La Ricamarie,42183,42150,Appartement,28.0,95000.0,3392.86,2024-06-07
La Ricamarie,42183,42150,Appartement,45.0,95000.0,2111.11,2024-06-07
Savigneux,42299,42600,Maison,105.0,214250.0,2040.48,2024-06-14
Saint-Chamond,42207,42400,Maison,168.0,102000.0,607.14,2024-06-12
La Grand-Croix,42103,42320,Maison,68.0,187500.0,2757.35,2024-06-10
Saint-Pierre-de-Bœuf,42272,42520,Maison,63.0,84000.0,1333.33,2024-06-07
Veauche,42323,42340,Appartement,63.0,181800.0,2885.71,2024-06-14
Montrond-les-Bains,42149,42210,Appartement,78.0,163251.0,2092.96,2024-06-11
Saint-Étienne,42218,42000,Appartement,61.0,68000.0,1114.75,2024-06-13
Sorbiers,42302,42290,Maison,154.0,417100.0,2708.44,2024-05-31
Sorbiers,42302,42290,Maison,154.0,417100.0,2708.44,2024-05-31
Saint-Étienne,42218,42000,Appartement,77.0,130000.0,1688.31,2024-06-14
Sury-le-Comtal,42304,42450,Maison,90.0,385000.0,4277.78,2024-06-13
Champdieu,42046,42600,Maison,100.0,195250.0,1952.5,2024-06-12
Le Chambon-Feugerolles,42044,42500,Appartement,60.0,31000.0,516.67,2024-06-06
La Talaudière,42305,42350,Appartement,91.0,346000.0,3802.2,2024-05-31
Saint-Étienne,42218,42000,Appartement,42.0,15000.0,357.14,2024-06-13
Firminy,42095,42700,Appartement,91.0,68000.0,747.25,2024-06-14
Firminy,42095,42700,Appartement,112.0,159564.0,1424.68,2024-06-10
Saint-Étienne,42218,42000,Appartement,55.0,64500.0,1172.73,2024-06-03
Chambles,42042,42170,Maison,40.0,141850.0,3546.25,2024-06-11
Chambles,42042,42170,Maison,25.0,141850.0,5674.0,2024-06-11
Saint-Étienne,42218,42000,Appartement,66.0,133000.0,2015.15,2024-06-10
Genilac,42225,42800,Maison,50.0,100000.0,2000.0,2024-05-24
Saint-Étienne,42218,42000,Appartement,85.0,109000.0,1282.35,2024-06-03
Marcoux,42136,42130,Maison,172.0,65000.0,377.91,2024-06-05
Saint-Étienne,42218,42000,Appartement,77.0,110000.0,1428.57,2024-05-28
Saint-Étienne,42218,42000,Appartement,77.0,89585.0,1163.44,2024-06-04
Veauche,42323,42340,Appartement,79.0,267500.0,3386.08,2024-06-03
Saint-Étienne,42218,42000,Appartement,55.0,62000.0,1127.27,2024-06-13
Saint-Étienne,42218,42100,Appartement,70.0,90000.0,1285.71,2024-06-11
Saint-Étienne,42218,42000,Appartement,45.0,20000.0,444.44,2024-06-17
Saint-Étienne,42218,42100,Appartement,78.0,100000.0,1282.05,2024-06-10
Saint-Étienne,42218,42100,Appartement,55.0,69000.0,1254.55,2024-06-17
Bourg-Argental,42023,42220,Maison,51.0,105000.0,2058.82,2024-05-23
Saint-Étienne,42218,42100,Appartement,75.0,43000.0,573.33,2024-06-12
Feurs,42094,42110,Appartement,41.0,180000.0,4390.24,2024-06-11
Feurs,42094,42110,Appartement,41.0,180000.0,4390.24,2024-06-11
Feurs,42094,42110,Appartement,20.0,180000.0,9000.0,2024-06-11
Saint-Étienne,42218,42100,Appartement,77.0,58000.0,753.25,2024-06-13
Boën-sur-Lignon,42019,42130,Maison,45.0,35000.0,777.78,2024-05-24
Andrézieux-Bouthéon,42005,42160,Appartement,60.0,100000.0,1666.67,2024-05-21
Saint-Étienne,42218,42100,Appartement,135.0,253000.0,1874.07,2024-06-18
Saint-Étienne,42218,42100,Appartement,102.0,156000.0,1529.41,2024-05-30
Chazelles-sur-Lyon,42059,42140,Appartement,80.0,340000.0,4250.0,2024-06-12
Chazelles-sur-Lyon,42059,42140,Appartement,80.0,340000.0,4250.0,2024-06-12
Saint-Priest-en-Jarez,42275,42270,Maison,110.0,177000.0,1609.09,2024-06-07
Savigneux,42299,42600,Appartement,77.0,294000.0,3818.18,2024-06-11
Fraisses,42099,42490,Appartement,69.0,89000.0,1289.86,2024-06-11
Le Chambon-Feugerolles,42044,42500,Appartement,115.0,135000.0,1173.91,2024-06-14
Saint-Étienne,42218,42100,Appartement,77.0,45000.0,584.42,2024-06-17
Panissières,42165,42360,Maison,111.0,146000.0,1315.32,2024-05-23
Saint-Étienne,42218,42000,Appartement,28.0,52000.0,1857.14,2024-06-06
Pélussin,42168,42410,Maison,42.0,150000.0,3571.43,2024-05-22
Pélussin,42168,42410,Maison,42.0,150000.0,3571.43,2024-05-22
Maclas,42129,42520,Maison,107.0,172000.0,1607.48,2024-06-19
Panissières,42165,42360,Maison,62.0,110000.0,1774.19,2024-06-12
Andrézieux-Bouthéon,42005,42160,Appartement,58.0,90000.0,1551.72,2024-06-18
Saint-Étienne,42218,42000,Appartement,73.0,40000.0,547.95,2024-06-04
Saint-Genest-Lerpt,42223,42530,Maison,130.0,200000.0,1538.46,2024-06-14
Saint-Priest-en-Jarez,42275,42270,Appartement,85.0,175680.0,2066.82,2024-06-03
Saint-Étienne,42218,42100,Appartement,78.0,86000.0,1102.56,2024-06-12
Saint-Chamond,42207,42400,Appartement,64.0,63000.0,984.38,2024-06-18
Sorbiers,42302,42290,Maison,74.0,247500.0,3344.59,2024-05-24
Saint-Chamond,42207,42400,Appartement,47.0,78000.0,1659.57,2024-06-13
Saint-Paul-en-Jarez,42271,42740,Maison,68.0,95000.0,1397.06,2024-06-18
Saint-Étienne,42218,42100,Appartement,62.0,77500.0,1250.0,2024-06-14
Chambœuf,42043,42330,Maison,111.0,233000.0,2099.1,2024-05-29
Chambœuf,42043,42330,Maison,111.0,233000.0,2099.1,2024-05-29
Saint-Étienne,42218,42000,Appartement,80.0,114000.0,1425.0,2024-06-17
Saint-Étienne,42218,42100,Maison,100.0,222000.0,2220.0,2024-06-17
Précieux,42180,42600,Maison,120.0,10000.0,83.33,2024-05-27
Saint-Étienne,42218,42000,Appartement,65.0,64000.0,984.62,2024-06-10
Sorbiers,42302,42290,Maison,73.0,235000.0,3219.18,2024-06-14
Chazelles-sur-Lyon,42059,42140,Maison,95.0,290300.0,3055.79,2024-05-29
Lorette,42123,42420,Maison,88.0,309050.0,3511.93,2024-06-07
Saint-Chamond,42207,42400,Maison,92.0,139000.0,1510.87,2024-06-19
Saint-Étienne,42218,42000,Appartement,30.0,80000.0,2666.67,2024-05-23
Saint-Étienne,42218,42000,Appartement,40.0,80000.0,2000.0,2024-05-23
Saint-Romain-le-Puy,42285,42610,Maison,99.0,179000.0,1808.08,2024-06-14
Saint-Romain-le-Puy,42285,42610,Maison,99.0,179000.0,1808.08,2024-06-14
Firminy,42095,42700,Appartement,63.0,104900.0,1665.08,2024-06-18
La Ricamarie,42183,42150,Appartement,54.0,53000.0,981.48,2024-06-21
Saint-Étienne,42218,42100,Maison,153.0,198000.0,1294.12,2024-06-03
Saint-Étienne,42218,42100,Maison,102.0,170000.0,1666.67,2024-06-18
Montbrison,42147,42600,Maison,93.0,256000.0,2752.69,2024-06-05
Saint-Étienne,42218,42100,Appartement,19.0,170000.0,8947.37,2024-06-18
Saint-Étienne,42218,42100,Appartement,95.0,170000.0,1789.47,2024-06-18
La Talaudière,42305,42350,Maison,100.0,313500.0,3135.0,2024-06-18
Saint-Étienne,42218,42000,Appartement,100.0,239000.0,2390.0,2024-05-31
Saint-Étienne,42218,42000,Appartement,36.0,239000.0,6638.89,2024-05-31
Saint-Étienne,42218,42000,Appartement,120.0,239000.0,1991.67,2024-05-31
Saint-Étienne,42218,42000,Appartement,52.0,239000.0,4596.15,2024-05-31
Firminy,42095,42700,Appartement,51.0,51000.0,1000.0,2024-06-19
Montrond-les-Bains,42149,42210,Maison,101.0,208460.0,2063.96,2024-06-07
Saint-Étienne,42218,42100,Appartement,68.0,62155.0,914.04,2024-06-20
Saint-Étienne,42218,42000,Appartement,80.0,146000.0,1825.0,2024-06-13
Saint-Étienne,42218,42000,Appartement,64.0,146000.0,2281.25,2024-06-13
Firminy,42095,42700,Appartement,38.0,28000.0,736.84,2024-06-17
Saint-Étienne,42218,42100,Appartement,61.0,55000.0,901.64,2024-06-17
Saint-Étienne,42218,42100,Appartement,62.0,38000.0,612.9,2024-06-14
Saint-Just-Saint-Rambert,42279,42170,Maison,82.0,220000.0,2682.93,2024-06-18
Saint-Étienne,42218,42100,Appartement,80.0,113700.0,1421.25,2024-06-14
Panissières,42165,42360,Maison,54.0,25740.0,476.67,2024-06-20
Panissières,42165,42360,Maison,48.0,25740.0,536.25,2024-06-20
Pélussin,42168,42410,Appartement,52.0,75000.0,1442.31,2024-06-20
Chenereilles,42060,42560,Maison,112.0,219000.0,1955.36,2024-06-17
Saint-Étienne,42218,42000,Appartement,39.0,100000.0,2564.1,2024-06-07
Saint-Étienne,42218,42000,Appartement,50.0,100000.0,2000.0,2024-06-07
Saint-Étienne,42218,42000,Appartement,35.0,100000.0,2857.14,2024-06-07
Saint-Étienne,42218,42000,Appartement,50.0,100000.0,2000.0,2024-06-07
Saint-Étienne,42218,42000,Appartement,45.0,100000.0,2222.22,2024-06-07
Saint-Étienne,42218,42000,Appartement,50.0,100000.0,2000.0,2024-06-07
Saint-Étienne,42218,42000,Appartement,46.0,100000.0,2173.91,2024-06-07
Saint-Paul-en-Jarez,42271,42740,Appartement,71.0,68350.0,962.68,2024-06-11
Boën-sur-Lignon,42019,42130,Appartement,62.0,140000.0,2258.06,2024-03-17
Panissières,42165,42360,Maison,120.0,30000.0,250.0,2024-05-29
Saint-Étienne,42218,42000,Appartement,80.0,74000.0,925.0,2024-06-05
Saint-Bonnet-le-Château,42204,42380,Maison,66.0,179000.0,2712.12,2024-06-11
Saint-Bonnet-le-Courreau,42205,42940,Maison,105.0,200000.0,1904.76,2024-05-27
Saint-Galmier,42222,42330,Appartement,49.0,98000.0,2000.0,2024-05-28
Saint-Étienne,42218,42000,Appartement,40.0,59000.0,1475.0,2024-06-11
Savigneux,42299,42600,Maison,95.0,270000.0,2842.11,2024-06-06
Saint-Héand,42234,42570,Maison,80.0,239000.0,2987.5,2024-06-06
Saint-Étienne,42218,42000,Appartement,49.0,50150.0,1023.47,2024-06-20
Saint-Chamond,42207,42400,Appartement,69.0,78000.0,1130.43,2024-06-13
Rive-de-Gier,42186,42800,Appartement,48.0,60000.0,1250.0,2024-06-05
Andrézieux-Bouthéon,42005,42160,Appartement,79.0,170800.0,2162.03,2024-06-05
Saint-Étienne,42218,42100,Appartement,18.0,46000.0,2555.56,2024-06-13
Saint-Étienne,42218,42100,Appartement,31.0,46000.0,1483.87,2024-06-13
Saint-Chamond,42207,42400,Maison,97.0,217300.0,2240.21,2024-05-31
Saint-Étienne,42218,42000,Appartement,44.0,33000.0,750.0,2024-06-10
Saint-Étienne,42218,42100,Appartement,58.0,43650.0,752.59,2024-06-11
Saint-Étienne,42218,42000,Appartement,57.0,95000.0,1666.67,2024-05-28
Saint-Chamond,42207,42400,Maison,116.0,395000.0,3405.17,2024-06-07
Montbrison,42147,42600,Maison,72.0,190000.0,2638.89,2024-05-29
L'Horme,42110,42152,Maison,89.0,247500.0,2780.9,2024-06-04
Saint-Sauveur-en-Rue,42287,42220,Maison,78.0,30000.0,384.62,2024-05-24
Roche-la-Molière,42189,42230,Appartement,79.0,149000.0,1886.08,2024-06-10
Saint-Étienne,42218,42000,Appartement,98.0,70000.0,714.29,2024-06-20
Saint-Étienne,42218,42000,Appartement,94.0,70000.0,744.68,2024-06-20
Saint-Étienne,42218,42000,Appartement,68.0,70000.0,1029.41,2024-06-20
Saint-Étienne,42218,42000,Appartement,53.0,20000.0,377.36,2024-06-13
Andrézieux-Bouthéon,42005,42160,Appartement,56.0,668050.0,11929.46,2024-06-03
Andrézieux-Bouthéon,42005,42160,Maison,120.0,668050.0,5567.08,2024-06-03
Andrézieux-Bouthéon,42005,42160,Maison,120.0,668050.0,5567.08,2024-06-03
Andrézieux-Bouthéon,42005,42160,Appartement,56.0,668050.0,11929.46,2024-06-03
Saint-Héand,42234,42570,Appartement,50.0,85000.0,1700.0,2024-06-03
Saint-Étienne,42218,42100,Appartement,95.0,114000.0,1200.0,2024-06-21
Saint-Just-Saint-Rambert,42279,42170,Maison,108.0,346000.0,3203.7,2024-06-14
Saint-Étienne,42218,42100,Appartement,139.0,176600.0,1270.5,2024-06-10
Bard,42012,42600,Maison,88.0,106000.0,1204.55,2024-06-17
Chavanay,42056,42410,Maison,121.0,306200.0,2530.58,2024-06-11
Saint-Étienne,42218,42000,Appartement,52.0,53000.0,1019.23,2024-06-10
Saint-Thomas-la-Garde,42290,42600,Maison,89.0,180000.0,2022.47,2024-05-28
Saint-Thomas-la-Garde,42290,42600,Maison,89.0,180000.0,2022.47,2024-05-28
Saint-Thomas-la-Garde,42290,42600,Maison,89.0,180000.0,2022.47,2024-05-28
La Fouillouse,42097,42480,Maison,84.0,190000.0,2261.9,2024-06-14
Saint-Étienne,42218,42000,Appartement,76.0,57000.0,750.0,2024-06-18
Saint-Étienne,42218,42230,Maison,104.0,175000.0,1682.69,2024-06-13
Villars,42330,42390,Maison,230.0,470050.0,2043.7,2024-06-13
Villars,42330,42390,Maison,230.0,470050.0,2043.7,2024-06-13
Villars,42330,42390,Maison,230.0,470050.0,2043.7,2024-06-13
Roche-la-Molière,42189,42230,Appartement,65.0,170000.0,2615.38,2024-06-19
Roche-la-Molière,42189,42230,Appartement,56.0,170000.0,3035.71,2024-06-19
Pélussin,42168,42410,Maison,91.0,161807.0,1778.1,2024-06-10
Saint-Chamond,42207,42400,Appartement,70.0,74000.0,1057.14,2024-06-14
Saint-Étienne,42218,42000,Appartement,54.0,79900.0,1479.63,2024-06-13
Saint-Étienne,42218,42100,Appartement,45.0,43000.0,955.56,2024-06-12
Saint-Étienne,42218,42000,Appartement,95.0,114000.0,1200.0,2024-06-06
Saint-Étienne,42218,42100,Maison,129.0,384000.0,2976.74,2024-05-30
Saint-Maurice-en-Gourgois,42262,42240,Maison,96.0,245000.0,2552.08,2024-06-10
Saint-Étienne,42218,42100,Maison,146.0,259500.0,1777.4,2024-06-12
La Fouillouse,42097,42480,Maison,89.0,246445.5,2769.05,2024-05-29
Saint-Étienne,42218,42000,Appartement,76.0,70000.0,921.05,2024-06-10
Montrond-les-Bains,42149,42210,Appartement,82.0,166000.0,2024.39,2024-06-17
Pélussin,42168,42410,Maison,90.0,259500.0,2883.33,2024-06-20
Chazelles-sur-Lyon,42059,42140,Maison,106.0,199500.0,1882.08,2024-06-05
Marcilly-le-Châtel,42134,42130,Maison,90.0,130000.0,1444.44,2024-06-19
Veauche,42323,42340,Appartement,69.0,157700.0,2285.51,2024-06-20
Saint-Étienne,42218,42100,Appartement,62.0,43000.0,693.55,2024-06-14
Veauche,42323,42340,Appartement,28.0,44000.0,1571.43,2024-06-21
Saint-Étienne,42218,42000,Appartement,76.0,70000.0,921.05,2024-06-24
Pélussin,42168,42410,Maison,69.0,100000.0,1449.28,2024-06-17
Andrézieux-Bouthéon,42005,42160,Appartement,80.0,246000.0,3075.0,2024-06-19
Saint-Étienne,42218,42000,Appartement,178.0,270000.0,1516.85,2024-06-10
Saint-Étienne,42218,42000,Appartement,60.0,162790.0,2713.17,2024-05-31
Saint-Étienne,42218,42000,Appartement,67.0,86000.0,1283.58,2024-06-06
Veauche,42323,42340,Maison,78.0,251450.0,3223.72,2024-06-21
Saint-Étienne,42218,42100,Appartement,73.0,94500.0,1294.52,2024-06-19
Saint-Étienne,42218,42100,Appartement,58.0,70000.0,1206.9,2024-06-04
Saint-Étienne,42218,42100,Appartement,98.0,135000.0,1377.55,2024-06-12
Rive-de-Gier,42186,42800,Maison,97.0,180000.0,1855.67,2024-05-28
L'Étrat,42092,42580,Maison,181.0,745800.0,4120.44,2024-06-12
L'Étrat,42092,42580,Maison,181.0,745800.0,4120.44,2024-06-12
Firminy,42095,42700,Appartement,60.0,47500.0,791.67,2024-06-18
Saint-Romain-le-Puy,42285,42610,Maison,185.0,361100.0,1951.89,2024-06-13
Saint-Étienne,42218,42100,Appartement,111.0,210000.0,1891.89,2024-06-04
Saint-Genest-Lerpt,42223,42530,Appartement,89.0,91000.0,1022.47,2024-06-13
Saint-Étienne,42218,42000,Appartement,42.0,150000.0,3571.43,2024-06-17
Saint-Étienne,42218,42000,Appartement,42.0,150000.0,3571.43,2024-06-17
Saint-Étienne,42218,42100,Appartement,52.0,176500.0,3394.23,2024-06-17
Saint-Étienne,42218,42100,Appartement,27.0,176500.0,6537.04,2024-06-17
Saint-Étienne,42218,42100,Appartement,53.0,176500.0,3330.19,2024-06-17
Mizérieux,42143,42110,Maison,105.0,243000.0,2314.29,2024-06-14
Mizérieux,42143,42110,Maison,105.0,243000.0,2314.29,2024-06-14
Veauche,42323,42340,Appartement,46.0,59000.0,1282.61,2024-06-17
Veauche,42323,42340,Appartement,57.0,87000.0,1526.32,2024-06-10
Veauche,42323,42340,Appartement,28.0,32000.0,1142.86,2024-06-17
Veauche,42323,42340,Appartement,28.0,108000.0,3857.14,2024-06-20
Veauche,42323,42340,Appartement,28.0,108000.0,3857.14,2024-06-20
Veauche,42323,42340,Appartement,33.0,108000.0,3272.73,2024-06-20
Saint-Héand,42234,42570,Maison,155.0,420000.0,2709.68,2024-05-30
Saint-Héand,42234,42570,Maison,155.0,420000.0,2709.68,2024-05-30
Montbrison,42147,42600,Appartement,70.0,295000.0,4214.29,2024-05-31
Montbrison,42147,42600,Appartement,34.0,295000.0,8676.47,2024-05-31
Montbrison,42147,42600,Appartement,75.0,295000.0,3933.33,2024-05-31
Saint-Étienne,42218,42100,Appartement,49.0,41500.0,846.94,2024-05-30
Saint-Étienne,42218,42100,Appartement,68.0,59000.0,867.65,2024-06-26
Saint-Étienne,42218,42100,Appartement,49.0,45000.0,918.37,2024-06-14
Saint-Étienne,42218,42100,Appartement,52.0,56000.0,1076.92,2024-06-20
Saint-Étienne,42218,42000,Appartement,44.0,45000.0,1022.73,2024-05-24
Saint-Étienne,42218,42000,Appartement,63.0,60500.0,960.32,2024-05-28
Feurs,42094,42110,Maison,84.0,170000.0,2023.81,2024-06-24
La Ricamarie,42183,42150,Appartement,83.0,170000.0,2048.19,2024-05-27
La Ricamarie,42183,42150,Appartement,71.0,170000.0,2394.37,2024-05-27
La Ricamarie,42183,42150,Appartement,64.0,170000.0,2656.25,2024-05-27
La Ricamarie,42183,42150,Appartement,83.0,170000.0,2048.19,2024-05-27
Saint-Étienne,42218,42100,Maison,114.0,170000.0,1491.23,2024-06-21
Saint-Étienne,42218,42100,Appartement,67.0,78000.0,1164.18,2024-06-14
Saint-Étienne,42218,42000,Appartement,20.0,200000.0,10000.0,2024-06-20
Saint-Étienne,42218,42000,Appartement,49.0,200000.0,4081.63,2024-06-20
Saint-Étienne,42218,42000,Appartement,49.0,200000.0,4081.63,2024-06-20
Saint-Étienne,42218,42000,Appartement,50.0,200000.0,4000.0,2024-06-20
Saint-Étienne,42218,42000,Appartement,102.0,200000.0,1960.78,2024-06-20
Savigneux,42299,42600,Appartement,68.0,205900.0,3027.94,2024-05-31
Saint-Étienne,42218,42000,Appartement,47.0,127000.0,2702.13,2024-06-14
Saint-Étienne,42218,42000,Appartement,55.0,127000.0,2309.09,2024-06-14
Unieux,42316,42240,Appartement,56.0,136000.0,2428.57,2024-06-25
Unieux,42316,42240,Appartement,56.0,136000.0,2428.57,2024-06-25
Saint-Étienne,42218,42100,Appartement,69.0,79000.0,1144.93,2024-05-28
Saint-Genest-Lerpt,42223,42530,Appartement,65.0,222000.0,3415.38,2024-05-24
Maclas,42129,42520,Maison,90.0,123500.0,1372.22,2024-06-05
Saint-Étienne,42218,42100,Appartement,67.0,94500.0,1410.45,2024-05-24
Feurs,42094,42110,Maison,83.0,76800.0,925.3,2024-06-14
Firminy,42095,42700,Appartement,85.0,89350.0,1051.18,2024-06-24
Saint-Étienne,42218,42000,Appartement,71.0,76000.0,1070.42,2024-06-21
Saint-Étienne,42218,42100,Appartement,39.0,44000.0,1128.21,2024-06-26
Roche-la-Molière,42189,42230,Maison,68.0,190600.0,2802.94,2024-06-19
La Fouillouse,42097,42480,Maison,140.0,532000.0,3800.0,2024-06-27
La Fouillouse,42097,42480,Maison,140.0,532000.0,3800.0,2024-06-27
Rive-de-Gier,42186,42800,Maison,88.0,321500.0,3653.41,2024-06-26
Rive-de-Gier,42186,42800,Maison,88.0,321500.0,3653.41,2024-06-26
L'Étrat,42092,42580,Maison,125.0,305000.0,2440.0,2024-06-26
L'Étrat,42092,42580,Maison,125.0,305000.0,2440.0,2024-06-26
Andrézieux-Bouthéon,42005,42160,Maison,145.0,552700.0,3811.72,2024-06-19
Rive-de-Gier,42186,42800,Maison,170.0,230000.0,1352.94,2024-06-21
Saint-Étienne,42218,42000,Appartement,101.0,185000.0,1831.68,2024-06-14
Saint-Étienne,42218,42100,Appartement,112.0,120000.0,1071.43,2024-06-27
Saint-Étienne,42218,42000,Appartement,64.0,82240.0,1285.0,2024-06-18
Saint-Étienne,42218,42100,Maison,99.0,205460.0,2075.35,2024-06-24
Rive-de-Gier,42186,42800,Appartement,85.0,100000.0,1176.47,2024-06-25
Saint-Étienne,42218,42100,Appartement,98.0,128500.0,1311.22,2024-06-28
Usson-en-Forez,42318,42550,Maison,69.0,81000.0,1173.91,2024-05-30
Sainte-Croix-en-Jarez,42210,42800,Maison,75.0,220000.0,2933.33,2024-06-24
Saint-Étienne,42218,42100,Appartement,35.0,37000.0,1057.14,2024-06-27
Saint-Genest-Malifaux,42224,42660,Appartement,75.0,85500.0,1140.0,2024-05-31
Le Chambon-Feugerolles,42044,42500,Maison,62.0,105000.0,1693.55,2024-06-21
Saint-Cyr-les-Vignes,42214,42210,Maison,183.0,321500.0,1756.83,2024-06-21
Saint-Cyr-les-Vignes,42214,42210,Maison,183.0,321500.0,1756.83,2024-06-21
Firminy,42095,42700,Appartement,73.0,158000.0,2164.38,2024-06-20
Firminy,42095,42700,Appartement,70.0,158000.0,2257.14,2024-06-20
Firminy,42095,42700,Appartement,70.0,158000.0,2257.14,2024-06-20
Firminy,42095,42700,Appartement,73.0,158000.0,2164.38,2024-06-20
Chalain-d'Uzore,42037,42600,Maison,97.0,230000.0,2371.13,2024-06-19
Chalain-d'Uzore,42037,42600,Maison,97.0,230000.0,2371.13,2024-06-19
Saint-Just-Saint-Rambert,42279,42170,Appartement,90.0,450000.0,5000.0,2024-06-20
Saint-Just-Saint-Rambert,42279,42170,Appartement,45.0,450000.0,10000.0,2024-06-20
Saint-Just-Saint-Rambert,42279,42170,Appartement,52.0,181000.0,3480.77,2024-06-20
Saint-Paul-en-Cornillon,42270,42240,Appartement,42.0,285000.0,6785.71,2024-06-24
Saint-Paul-en-Cornillon,42270,42240,Appartement,54.0,285000.0,5277.78,2024-06-24
Saint-Étienne,42218,42100,Appartement,76.0,123000.0,1618.42,2024-06-04
Saint-Étienne,42218,42100,Appartement,45.0,78000.0,1733.33,2024-06-25
Vêtre-sur-Anzon,42245,42440,Maison,70.0,5200.0,74.29,2024-06-19
Saint-Étienne,42218,42000,Appartement,156.0,223250.0,1431.09,2024-06-05
Saint-Étienne,42218,42100,Appartement,21.0,41000.0,1952.38,2024-06-12
Saint-Chamond,42207,42400,Maison,96.0,90000.0,937.5,2024-06-24
Luriecq,42126,42380,Maison,80.0,117000.0,1462.5,2024-06-18
La Ricamarie,42183,42150,Appartement,59.0,34500.0,584.75,2024-06-14
Lorette,42123,42420,Appartement,98.0,207000.0,2112.24,2024-06-20
Saint-Étienne,42218,42100,Appartement,37.0,57000.0,1540.54,2024-06-18
Boën-sur-Lignon,42019,42130,Maison,80.0,155000.0,1937.5,2024-06-26
Sail-sous-Couzan,42195,42890,Maison,54.0,15000.0,277.78,2024-06-25
Saint-Étienne,42218,42100,Appartement,83.0,70000.0,843.37,2024-06-06
Saint-Bonnet-le-Courreau,42205,42940,Maison,102.0,206250.0,2022.06,2024-06-19
Saint-Bonnet-le-Courreau,42205,42940,Maison,102.0,206250.0,2022.06,2024-06-19
Saint-Jean-la-Vêtre,42238,42440,Maison,81.0,164420.0,2029.88,2024-06-10
Bellegarde-en-Forez,42013,42210,Maison,112.0,145000.0,1294.64,2024-06-03
Saint-Étienne,42218,42100,Appartement,53.0,92600.0,1747.17,2024-06-24
Saint-Chamond,42207,42400,Maison,98.0,200000.0,2040.82,2024-06-26
Montrond-les-Bains,42149,42210,Appartement,88.0,168000.0,1909.09,2024-06-19
Boën-sur-Lignon,42019,42130,Maison,65.0,84000.0,1292.31,2024-06-03
Unieux,42316,42240,Maison,86.0,98000.0,1139.53,2024-06-12
Saint-Étienne,42218,42100,Appartement,27.0,41000.0,1518.52,2024-06-18
Périgneux,42169,42380,Maison,80.0,171500.0,2143.75,2024-06-14
Saint-Étienne,42218,42000,Maison,118.0,165000.0,1398.31,2024-06-11
Lorette,42123,42420,Appartement,52.0,112200.0,2157.69,2024-06-19
Saint-Chamond,42207,42400,Appartement,140.0,105000.0,750.0,2024-06-19
Apinac,42006,42550,Maison,106.0,181500.0,1712.26,2024-05-31
Apinac,42006,42550,Maison,106.0,181500.0,1712.26,2024-05-31
Apinac,42006,42550,Maison,106.0,181500.0,1712.26,2024-05-31
Saint-Étienne,42218,42100,Appartement,25.0,37000.0,1480.0,2024-06-28
Vêtre-sur-Anzon,42245,42440,Maison,73.0,15000.0,205.48,2024-06-17
Saint-Hilaire-Cusson-la-Valmitte,42235,42380,Maison,160.0,161000.0,1006.25,2024-06-21
Saint-Chamond,42207,42400,Maison,98.0,255000.0,2602.04,2024-06-21
Boën-sur-Lignon,42019,42130,Appartement,71.0,49000.0,690.14,2024-06-13
Saint-Genest-Lerpt,42223,42530,Appartement,73.0,247600.0,3391.78,2024-05-30
Sainte-Agathe-la-Bouteresse,42197,42130,Maison,108.0,210000.0,1944.44,2024-06-10
Saint-Étienne,42218,42100,Appartement,93.0,93000.0,1000.0,2024-05-31
Saint-Étienne,42218,42100,Appartement,30.0,41800.0,1393.33,2024-06-12
Saint-Priest-en-Jarez,42275,42270,Appartement,18.0,60000.0,3333.33,2024-06-17
Saint-Étienne,42218,42000,Appartement,37.0,51000.0,1378.38,2024-06-07
Saint-Jean-Bonnefonds,42237,42650,Maison,60.0,135000.0,2250.0,2024-06-20
Saint-Jean-Bonnefonds,42237,42650,Maison,60.0,135000.0,2250.0,2024-06-20
Saint-Jean-Bonnefonds,42237,42650,Maison,60.0,135000.0,2250.0,2024-06-20
Saint-Étienne,42218,42000,Appartement,106.0,100000.0,943.4,2024-06-21
Saint-Étienne,42218,42000,Appartement,54.0,50000.0,925.93,2024-06-20
Saint-Étienne,42218,42000,Appartement,38.0,105000.0,2763.16,2024-06-06
Saint-Étienne,42218,42000,Appartement,35.0,105000.0,3000.0,2024-06-06
Saint-Étienne,42218,42100,Appartement,69.0,75000.0,1086.96,2024-06-20
Saint-Étienne,42218,42000,Appartement,52.0,63650.0,1224.04,2024-06-18
Saint-Étienne,42218,42000,Appartement,180.0,251000.0,1394.44,2024-06-18
Saint-Étienne,42218,42000,Appartement,85.0,275000.0,3235.29,2024-06-21
Saint-Étienne,42218,42000,Appartement,71.0,275000.0,3873.24,2024-06-21
Saint-Étienne,42218,42000,Appartement,75.0,275000.0,3666.67,2024-06-21
Saint-Étienne,42218,42000,Appartement,92.0,275000.0,2989.13,2024-06-21
La Grand-Croix,42103,42320,Maison,120.0,172000.0,1433.33,2024-06-14
Montbrison,42147,42600,Maison,75.0,205000.0,2733.33,2024-06-28
Le Chambon-Feugerolles,42044,42500,Appartement,95.0,195000.0,2052.63,2024-06-17
Le Chambon-Feugerolles,42044,42500,Appartement,90.0,195000.0,2166.67,2024-06-17
Le Chambon-Feugerolles,42044,42500,Appartement,35.0,195000.0,5571.43,2024-06-17
Le Chambon-Feugerolles,42044,42500,Appartement,58.0,195000.0,3362.07,2024-06-17
Le Chambon-Feugerolles,42044,42500,Appartement,55.0,195000.0,3545.45,2024-06-17
Le Chambon-Feugerolles,42044,42500,Appartement,85.0,195000.0,2294.12,2024-06-17
Le Chambon-Feugerolles,42044,42500,Appartement,63.0,195000.0,3095.24,2024-06-17
Bonson,42022,42160,Maison,109.0,299000.0,2743.12,2024-06-21
Saint-Thomas-la-Garde,42290,42600,Maison,30.0,72000.0,2400.0,2024-06-24
Saint-Étienne,42218,42100,Appartement,107.0,165200.0,1543.93,2024-06-24
L'Étrat,42092,42580,Maison,120.0,437000.0,3641.67,2024-06-20
L'Étrat,42092,42580,Maison,120.0,437000.0,3641.67,2024-06-20
Saint-Étienne,42218,42000,Appartement,169.0,7000.0,41.42,2024-06-28
Saint-Étienne,42218,42100,Appartement,66.0,66500.0,1007.58,2024-06-21
La Fouillouse,42097,42480,Maison,95.0,197170.0,2075.47,2024-06-12
Saint-Étienne,42218,42100,Appartement,32.0,34300.0,1071.88,2024-06-20
Châteauneuf,42053,42800,Maison,72.0,236850.0,3289.58,2024-06-21
Firminy,42095,42700,Maison,71.0,147500.0,2077.46,2024-06-19
Saint-Chamond,42207,42400,Maison,205.0,477700.0,2330.24,2024-06-28
Saint-Chamond,42207,42400,Maison,205.0,477700.0,2330.24,2024-06-28
Saint-Étienne,42218,42100,Maison,124.0,279000.0,2250.0,2024-06-27
Saint-Étienne,42218,42100,Appartement,57.0,66300.0,1163.16,2024-06-20
Saint-Étienne,42218,42000,Appartement,51.0,58000.0,1137.25,2024-06-21
Saint-Étienne,42218,42100,Appartement,67.0,176000.0,2626.87,2024-06-13
Saint-Étienne,42218,42000,Appartement,149.0,274000.0,1838.93,2024-06-13
Bard,42012,42600,Maison,112.0,352500.0,3147.32,2024-06-13
Saint-Étienne,42218,42100,Appartement,73.0,138000.0,1890.41,2024-06-20
Villars,42330,42390,Appartement,85.0,70000.0,823.53,2024-06-28
Saint-Étienne,42218,42100,Appartement,115.0,213000.0,1852.17,2024-07-01
Andrézieux-Bouthéon,42005,42160,Appartement,65.0,235000.0,3615.38,2024-06-25
Saint-Étienne,42218,42100,Appartement,36.0,59700.0,1658.33,2024-06-25
Saint-Étienne,42218,42100,Maison,150.0,230000.0,1533.33,2024-06-18
Saint-Étienne,42218,42100,Appartement,67.0,65000.0,970.15,2024-06-27
Saint-Chamond,42207,42400,Appartement,42.0,229400.0,5461.9,2024-06-14
Saint-Chamond,42207,42400,Appartement,52.0,229400.0,4411.54,2024-06-14
Saint-Chamond,42207,42400,Maison,85.0,229400.0,2698.82,2024-06-14
Saint-Chamond,42207,42400,Maison,187.0,237650.0,1270.86,2024-06-18
L'Hôpital-le-Grand,42108,42210,Maison,90.0,45000.0,500.0,2024-06-11
Chambéon,42041,42110,Maison,60.0,142575.0,2376.25,2024-06-17
Chambéon,42041,42110,Maison,42.0,142575.0,3394.64,2024-06-17
Planfoy,42172,42660,Maison,110.0,258000.0,2345.45,2024-06-19
Veauche,42323,42340,Maison,103.0,195000.0,1893.2,2024-06-26
Veauche,42323,42340,Maison,103.0,195000.0,1893.2,2024-06-26
Saint-Étienne,42218,42000,Appartement,45.0,61000.0,1355.56,2024-06-25
Saint-Étienne,42218,42100,Appartement,24.0,30000.0,1250.0,2024-06-24
Saint-Chamond,42207,42400,Maison,140.0,418620.0,2990.14,2024-06-24
Firminy,42095,42700,Appartement,47.0,41550.0,884.04,2024-06-26
Saint-Étienne,42218,42100,Appartement,60.0,38000.0,633.33,2024-07-01
Saint-Étienne,42218,42000,Appartement,99.0,178000.0,1797.98,2024-06-26
Saint-Étienne,42218,42100,Appartement,19.0,32000.0,1684.21,2024-06-21
Craintilleux,42075,42210,Maison,87.0,282450.0,3246.55,2024-06-27
Saint-Étienne,42218,42000,Appartement,39.0,48000.0,1230.77,2024-06-27
Saint-Étienne,42218,42100,Appartement,38.0,52700.0,1386.84,2024-06-26
Saint-Étienne,42218,42000,Appartement,39.0,37500.0,961.54,2024-06-20
Montbrison,42147,42600,Appartement,148.0,74000.0,500.0,2024-06-20
Saint-Georges-Haute-Ville,42228,42610,Maison,173.0,346000.0,2000.0,2024-06-17
Saint-Georges-Haute-Ville,42228,42610,Maison,173.0,346000.0,2000.0,2024-06-17
Saint-Étienne,42218,42000,Appartement,66.0,108500.0,1643.94,2024-06-25
Saint-Étienne,42218,42100,Appartement,66.0,106000.0,1606.06,2024-06-13
La Talaudière,42305,42350,Maison,70.0,282000.0,4028.57,2024-06-26
La Talaudière,42305,42350,Maison,70.0,282000.0,4028.57,2024-06-26
Saint-Chamond,42207,42400,Appartement,62.0,85000.0,1370.97,2024-06-25
Montbrison,42147,42600,Maison,90.0,237050.0,2633.89,2024-06-18
Montbrison,42147,42600,Maison,90.0,237050.0,2633.89,2024-06-18
Saint-Chamond,42207,42400,Maison,116.0,210000.0,1810.34,2024-06-28
Saint-Chamond,42207,42400,Maison,116.0,210000.0,1810.34,2024-06-28
Saint-Étienne,42218,42100,Appartement,56.0,29000.0,517.86,2024-06-14
Saint-Étienne,42218,42100,Appartement,71.0,75000.0,1056.34,2024-06-21
Saint-Jean-Bonnefonds,42237,42650,Maison,82.0,163000.0,1987.8,2024-06-17
Saint-Étienne,42218,42100,Appartement,60.0,55000.0,916.67,2024-06-25
Saint-Étienne,42218,42100,Maison,70.0,150000.0,2142.86,2024-06-24
Saint-Romain-le-Puy,42285,42610,Maison,91.0,186600.0,2050.55,2024-06-25
Saint-Étienne,42218,42000,Appartement,67.0,45420.0,677.91,2024-06-19
Saint-Étienne,42218,42000,Appartement,79.0,45420.0,574.94,2024-06-19
Saint-Étienne,42218,42000,Appartement,67.0,45420.0,677.91,2024-06-19
Saint-Étienne,42218,42000,Appartement,79.0,45420.0,574.94,2024-06-19
Saint-Étienne,42218,42000,Appartement,67.0,45420.0,677.91,2024-06-19
Saint-Étienne,42218,42000,Appartement,79.0,45420.0,574.94,2024-06-19
Saint-Étienne,42218,42000,Appartement,67.0,45420.0,677.91,2024-06-19
Saint-Étienne,42218,42000,Appartement,79.0,45420.0,574.94,2024-06-19
Saint-Étienne,42218,42000,Appartement,67.0,45420.0,677.91,2024-06-19
Saint-Étienne,42218,42000,Appartement,79.0,45420.0,574.94,2024-06-19
Saint-Étienne,42218,42000,Appartement,79.0,45420.0,574.94,2024-06-19
Saint-Étienne,42218,42000,Appartement,67.0,45420.0,677.91,2024-06-19
Saint-Étienne,42218,42000,Appartement,79.0,45420.0,574.94,2024-06-19
Saint-Étienne,42218,42000,Appartement,67.0,45420.0,677.91,2024-06-19
Saint-Étienne,42218,42000,Appartement,79.0,45420.0,574.94,2024-06-19
Saint-Étienne,42218,42000,Appartement,67.0,45420.0,677.91,2024-06-19
Saint-Étienne,42218,42000,Appartement,79.0,45420.0,574.94,2024-06-19
Saint-Étienne,42218,42000,Appartement,79.0,45420.0,574.94,2024-06-19
Saint-Étienne,42218,42000,Appartement,67.0,45420.0,677.91,2024-06-19
Saint-Étienne,42218,42000,Appartement,67.0,45420.0,677.91,2024-06-19
Saint-Étienne,42218,42000,Appartement,67.0,45420.0,677.91,2024-06-19
Saint-Étienne,42218,42000,Appartement,79.0,45420.0,574.94,2024-06-19
Saint-Étienne,42218,42000,Appartement,67.0,45420.0,677.91,2024-06-19
Saint-Étienne,42218,42000,Appartement,79.0,45420.0,574.94,2024-06-19
Saint-Étienne,42218,42000,Appartement,67.0,45420.0,677.91,2024-06-19
Saint-Étienne,42218,42000,Appartement,79.0,45420.0,574.94,2024-06-19
Saint-Étienne,42218,42000,Appartement,67.0,45420.0,677.91,2024-06-19
Saint-Étienne,42218,42000,Appartement,79.0,45420.0,574.94,2024-06-19
Saint-Étienne,42218,42000,Appartement,67.0,45420.0,677.91,2024-06-19
Saint-Étienne,42218,42000,Appartement,79.0,45420.0,574.94,2024-06-19
Saint-Étienne,42218,42000,Appartement,67.0,45420.0,677.91,2024-06-19
Saint-Étienne,42218,42000,Appartement,58.0,65200.0,1124.14,2024-06-14
Feurs,42094,42110,Appartement,51.0,60000.0,1176.47,2024-06-12
Rive-de-Gier,42186,42800,Appartement,130.0,80000.0,615.38,2024-06-25
Rive-de-Gier,42186,42800,Appartement,130.0,80000.0,615.38,2024-06-25
Saint-Étienne,42218,42000,Appartement,146.0,323000.0,2212.33,2024-06-20
Chazelles-sur-Lyon,42059,42140,Maison,142.0,266000.0,1873.24,2024-06-17
Vêtre-sur-Anzon,42245,42440,Maison,140.0,170000.0,1214.29,2024-06-13
Saint-Étienne,42218,42000,Appartement,89.0,93000.0,1044.94,2024-06-25
Boën-sur-Lignon,42019,42130,Maison,74.0,95000.0,1283.78,2024-06-21
Savigneux,42299,42600,Maison,150.0,180000.0,1200.0,2024-06-07
Savigneux,42299,42600,Maison,150.0,180000.0,1200.0,2024-06-07
Luriecq,42126,42380,Maison,72.0,152000.0,2111.11,2024-06-20
Saint-Bonnet-le-Château,42204,42380,Appartement,65.0,60000.0,923.08,2024-06-27
Saint-Martin-la-Plaine,42259,42800,Maison,38.0,100000.0,2631.58,2024-06-18
Villars,42330,42390,Maison,67.0,91000.0,1358.21,2024-06-20
Saint-Romain-en-Jarez,42283,42800,Maison,139.0,220750.0,1588.13,2024-06-07
Firminy,42095,42700,Appartement,96.0,100000.0,1041.67,2024-06-26
Le Chambon-Feugerolles,42044,42500,Maison,50.0,60000.0,1200.0,2024-06-26
Saint-Étienne,42218,42100,Appartement,40.0,58000.0,1450.0,2024-06-17
Montbrison,42147,42600,Appartement,110.0,250000.0,2272.73,2024-06-13
Montbrison,42147,42600,Appartement,74.0,250000.0,3378.38,2024-06-13
Saint-Étienne,42218,42100,Appartement,25.0,47700.0,1908.0,2024-07-02
Aboën,42001,42380,Maison,100.0,135500.0,1355.0,2024-06-28
Pélussin,42168,42410,Appartement,71.0,86000.0,1211.27,2024-06-28
Saint-Étienne,42218,42100,Appartement,61.0,60000.0,983.61,2024-06-24
Marlhes,42139,42660,Appartement,82.0,70000.0,853.66,2024-06-24
Jonzieux,42115,42660,Maison,64.0,138000.0,2156.25,2024-06-27
Jonzieux,42115,42660,Maison,64.0,138000.0,2156.25,2024-06-27
Le Chambon-Feugerolles,42044,42500,Maison,109.0,262000.0,2403.67,2024-06-27
Jonzieux,42115,42660,Maison,104.0,90000.0,865.38,2024-06-27
Tarentaise,42306,42660,Appartement,40.0,48000.0,1200.0,2024-06-21
Saint-Étienne,42218,42100,Appartement,47.0,82000.0,1744.68,2024-06-26
Marcilly-le-Châtel,42134,42130,Maison,92.0,235000.0,2554.35,2024-07-04
Marcilly-le-Châtel,42134,42130,Maison,92.0,235000.0,2554.35,2024-07-04
Saint-Étienne,42218,42100,Maison,188.0,447000.0,2377.66,2024-06-27
Unieux,42316,42240,Maison,71.0,172000.0,2422.54,2024-06-28
Bessey,42018,42520,Maison,95.0,299000.0,3147.37,2024-06-21
Veauche,42323,42340,Maison,104.0,285180.0,2742.12,2024-06-14
Veauche,42323,42340,Maison,104.0,285180.0,2742.12,2024-06-14
Aveizieux,42010,42330,Maison,103.0,272300.0,2643.69,2024-06-18
Saint-Étienne,42218,42100,Appartement,80.0,115000.0,1437.5,2024-06-25
Saint-Étienne,42218,42100,Appartement,52.0,67000.0,1288.46,2024-06-26
Marlhes,42139,42660,Maison,80.0,111400.0,1392.5,2024-06-24
Chazelles-sur-Lavieu,42058,42560,Maison,78.0,65000.0,833.33,2024-06-24
Vérin,42327,42410,Maison,89.0,239850.0,2694.94,2024-06-20
Saint-Étienne,42218,42100,Appartement,78.0,96000.0,1230.77,2024-06-19
Saint-Martin-Lestra,42261,42110,Maison,125.0,185000.0,1480.0,2024-06-28
Unieux,42316,42240,Appartement,64.0,59148.0,924.19,2024-06-28
Saint-Étienne,42218,42100,Appartement,71.0,48000.0,676.06,2024-06-26
Saint-Étienne,42218,42000,Appartement,31.0,120000.0,3870.97,2024-06-25
Saint-Étienne,42218,42000,Appartement,20.0,120000.0,6000.0,2024-06-25
Saint-Étienne,42218,42000,Appartement,20.0,120000.0,6000.0,2024-06-25
Saint-Étienne,42218,42000,Appartement,23.0,120000.0,5217.39,2024-06-25
Saint-Étienne,42218,42000,Appartement,60.0,120000.0,2000.0,2024-06-25
Saint-Étienne,42218,42000,Appartement,23.0,120000.0,5217.39,2024-06-25
Saint-Étienne,42218,42000,Appartement,16.0,120000.0,7500.0,2024-06-25
Saint-Étienne,42218,42000,Appartement,60.0,120000.0,2000.0,2024-06-25
Saint-Étienne,42218,42000,Appartement,24.0,120000.0,5000.0,2024-06-25
Saint-Étienne,42218,42000,Appartement,27.0,120000.0,4444.44,2024-06-25
Saint-Étienne,42218,42000,Appartement,25.0,120000.0,4800.0,2024-06-25
Tartaras,42307,42800,Maison,114.0,421050.0,3693.42,2024-06-10
Genilac,42225,42800,Maison,131.0,313700.0,2394.66,2024-07-03
Firminy,42095,42700,Appartement,94.0,97000.0,1031.91,2024-07-03
Sainte-Agathe-la-Bouteresse,42197,42130,Maison,76.0,198000.0,2605.26,2024-06-26
Chambœuf,42043,42330,Maison,106.0,390000.0,3679.25,2024-07-01
Chambœuf,42043,42330,Maison,106.0,390000.0,3679.25,2024-07-01
Sury-le-Comtal,42304,42450,Maison,83.0,94000.0,1132.53,2024-07-02
Panissières,42165,42360,Maison,79.0,166000.0,2101.27,2024-06-10
Thélis-la-Combe,42310,42220,Maison,95.0,149000.0,1568.42,2024-06-11
Saint-Étienne,42218,42100,Maison,265.0,264460.0,997.96,2024-06-20
Saint-Étienne,42218,42100,Maison,265.0,264460.0,997.96,2024-06-20
Saint-Joseph,42242,42800,Appartement,131.0,164000.0,1251.91,2024-07-03
Montrond-les-Bains,42149,42210,Appartement,79.0,148000.0,1873.42,2024-06-11
Saint-Romain-le-Puy,42285,42610,Maison,126.0,179606.0,1425.44,2024-07-01
Saint-Romain-le-Puy,42285,42610,Maison,100.0,235000.0,2350.0,2024-06-14
Montrond-les-Bains,42149,42210,Appartement,36.0,103000.0,2861.11,2024-06-19
Le Chambon-Feugerolles,42044,42500,Appartement,78.0,95000.0,1217.95,2024-07-01
Le Chambon-Feugerolles,42044,42500,Appartement,101.0,61000.0,603.96,2024-07-02
Saint-Étienne,42218,42000,Appartement,45.0,54000.0,1200.0,2024-07-02
Saint-Just-Saint-Rambert,42279,42170,Maison,30.0,77000.0,2566.67,2024-07-02
Saint-Étienne,42218,42100,Appartement,76.0,96000.0,1263.16,2024-06-28
Saint-Romain-le-Puy,42285,42610,Maison,133.0,185410.0,1394.06,2024-06-20
Saint-Bonnet-les-Oules,42206,42330,Maison,220.0,655000.0,2977.27,2024-06-25
Saint-Bonnet-les-Oules,42206,42330,Maison,220.0,655000.0,2977.27,2024-06-25
Veauche,42323,42340,Appartement,45.0,62000.0,1377.78,2024-06-28
Saint-Étienne,42218,42000,Appartement,79.0,114000.0,1443.04,2024-06-27
Chazelles-sur-Lyon,42059,42140,Maison,77.0,140000.0,1818.18,2024-06-26
Saint-Étienne,42218,42100,Appartement,66.0,75000.0,1136.36,2024-07-01
Saint-Étienne,42218,42000,Appartement,82.0,142900.0,1742.68,2024-06-26
Saint-Priest-en-Jarez,42275,42270,Appartement,71.0,158300.0,2229.58,2024-06-26
La Talaudière,42305,42350,Appartement,57.0,55000.0,964.91,2024-06-27
Saint-Genest-Lerpt,42223,42530,Maison,79.0,356800.0,4516.46,2024-06-26
Saint-Paul-en-Cornillon,42270,42240,Appartement,68.0,61000.0,897.06,2024-07-01
Saint-Étienne,42218,42000,Appartement,32.0,33400.0,1043.75,2024-06-27
Veauche,42323,42340,Appartement,28.0,32000.0,1142.86,2024-06-28
Saint-Étienne,42218,42100,Appartement,74.0,86350.0,1166.89,2024-06-27
Saint-Étienne,42218,42000,Appartement,55.0,70000.0,1272.73,2024-06-26
Saint-Étienne,42218,42000,Appartement,89.0,124000.0,1393.26,2024-07-01
Firminy,42095,42700,Maison,120.0,289000.0,2408.33,2024-06-27
Saint-Étienne,42218,42000,Maison,77.0,172000.0,2233.77,2024-07-02
Saint-Étienne,42218,42100,Appartement,52.0,54000.0,1038.46,2024-06-25
Saint-Étienne,42218,42000,Appartement,136.0,187500.0,1378.68,2024-06-27
Saint-Étienne,42218,42100,Appartement,77.0,65000.0,844.16,2024-06-25
Saint-Étienne,42218,42000,Appartement,30.0,52300.0,1743.33,2024-06-26
Veauche,42323,42340,Appartement,75.0,215800.0,2877.33,2024-07-01
Saint-Étienne,42218,42100,Appartement,42.0,127000.0,3023.81,2024-06-26
Saint-Étienne,42218,42100,Appartement,32.0,127000.0,3968.75,2024-06-26
Saint-Étienne,42218,42100,Appartement,42.0,127000.0,3023.81,2024-06-26
Saint-Étienne,42218,42100,Appartement,35.0,127000.0,3628.57,2024-06-26
Saint-Étienne,42218,42100,Appartement,32.0,127000.0,3968.75,2024-06-26
Saint-Étienne,42218,42100,Appartement,65.0,127000.0,1953.85,2024-06-26
Saint-Étienne,42218,42100,Appartement,54.0,127000.0,2351.85,2024-06-26
Saint-Étienne,42218,42000,Appartement,64.0,120000.0,1875.0,2024-06-25
Saint-Étienne,42218,42100,Appartement,172.0,352000.0,2046.51,2024-07-01
Saint-Étienne,42218,42100,Appartement,98.0,352000.0,3591.84,2024-07-01
Saint-Étienne,42218,42100,Maison,130.0,220000.0,1692.31,2024-06-27
Montrond-les-Bains,42149,42210,Appartement,89.0,262500.0,2949.44,2024-06-28
Saint-Priest-en-Jarez,42275,42270,Maison,95.0,208000.0,2189.47,2024-06-28
Saint-Étienne,42218,42100,Appartement,62.0,90000.0,1451.61,2024-06-27
Saint-Étienne,42218,42100,Appartement,86.0,90000.0,1046.51,2024-06-27
Saint-Étienne,42218,42100,Appartement,25.0,250000.0,10000.0,2024-06-28
Saint-Étienne,42218,42100,Appartement,50.0,250000.0,5000.0,2024-06-28
Saint-Étienne,42218,42100,Appartement,37.0,250000.0,6756.76,2024-06-28
Saint-Étienne,42218,42100,Appartement,38.0,250000.0,6578.95,2024-06-28
Saint-Jean-Bonnefonds,42237,42650,Maison,130.0,290000.0,2230.77,2024-06-28
Fontanès,42096,42140,Appartement,92.0,140000.0,1521.74,2024-06-24
Veauche,42323,42340,Appartement,67.0,111000.0,1656.72,2024-06-27
Saint-Étienne,42218,42000,Appartement,28.0,62500.0,2232.14,2024-06-27
Saint-Chamond,42207,42400,Maison,96.0,145000.0,1510.42,2024-07-01
Saint-Étienne,42218,42100,Appartement,39.0,70000.0,1794.87,2024-06-18
Saint-Étienne,42218,42100,Appartement,48.0,48000.0,1000.0,2024-06-21
Fraisses,42099,42490,Maison,150.0,275000.0,1833.33,2024-07-08
La Terrasse-sur-Dorlay,42308,42740,Appartement,73.0,98500.0,1349.32,2024-07-01
Montbrison,42147,42600,Appartement,15.0,70000.0,4666.67,2024-06-10
Saint-Étienne,42218,42100,Appartement,27.0,52000.0,1925.93,2024-06-27
Montbrison,42147,42600,Maison,91.0,180000.0,1978.02,2024-06-14
Veauche,42323,42340,Appartement,102.0,260500.0,2553.92,2024-06-26
Saint-Étienne,42218,42100,Maison,116.0,213000.0,1836.21,2024-07-03
Saint-Étienne,42218,42000,Appartement,54.0,114220.0,2115.19,2024-06-26
Saint-Étienne,42218,42000,Appartement,45.0,114220.0,2538.22,2024-06-26
Veauche,42323,42340,Appartement,93.0,312500.0,3360.22,2024-06-26
Saint-Étienne,42218,42100,Appartement,27.0,52000.0,1925.93,2024-06-27
Veauche,42323,42340,Appartement,71.0,270000.0,3802.82,2024-06-27
Le Chambon-Feugerolles,42044,42500,Appartement,70.0,63000.0,900.0,2024-06-25
Boën-sur-Lignon,42019,42130,Maison,69.0,142620.0,2066.96,2024-06-12
Veauche,42323,42340,Appartement,67.0,249600.0,3725.37,2024-07-03
Lorette,42123,42420,Maison,60.0,226000.0,3766.67,2024-06-24
La Talaudière,42305,42350,Appartement,113.0,444000.0,3929.2,2024-06-07
Saint-Barthélemy-Lestra,42202,42110,Maison,60.0,170000.0,2833.33,2024-06-28
Andrézieux-Bouthéon,42005,42160,Appartement,83.0,255000.0,3072.29,2024-06-27
Saint-Étienne,42218,42000,Appartement,87.0,150350.0,1728.16,2024-06-10
Saint-Étienne,42218,42000,Appartement,49.0,47500.0,969.39,2024-07-03
Veauche,42323,42340,Appartement,71.0,250000.0,3521.13,2024-07-01
Saint-Étienne,42218,42000,Appartement,36.0,56050.0,1556.94,2024-06-25
Rive-de-Gier,42186,42800,Maison,100.0,131000.0,1310.0,2024-06-20
Bonson,42022,42160,Maison,135.0,206100.0,1526.67,2024-06-07
Boisset-Saint-Priest,42021,42560,Maison,119.0,146500.0,1231.09,2024-06-21
Saint-Just-Saint-Rambert,42279,42170,Appartement,66.0,93000.0,1409.09,2024-06-26
Villars,42330,42390,Appartement,57.0,75000.0,1315.79,2024-07-02
Saint-Étienne,42218,42100,Appartement,62.0,72000.0,1161.29,2024-06-28
Saint-Cyprien,42211,42160,Maison,120.0,320375.0,2669.79,2024-06-21
Saint-Chamond,42207,42400,Maison,89.0,180000.0,2022.47,2024-06-18
Saint-Cyprien,42211,42160,Maison,86.0,222350.0,2585.47,2024-07-03
Boën-sur-Lignon,42019,42130,Maison,109.0,110000.0,1009.17,2024-06-28
Saint-Étienne,42218,42100,Appartement,50.0,56000.0,1120.0,2024-06-18
Saint-Étienne,42218,42000,Maison,84.0,170000.0,2023.81,2024-07-03
Aveizieux,42010,42330,Maison,160.0,190000.0,1187.5,2024-06-20
Saint-Étienne,42218,42000,Appartement,63.0,65000.0,1031.75,2024-06-19
Saint-Martin-la-Plaine,42259,42800,Maison,86.0,265000.0,3081.4,2024-06-26
Lézigneux,42122,42600,Maison,133.0,240500.0,1808.27,2024-06-14
Villars,42330,42390,Maison,103.0,250000.0,2427.18,2024-06-24
Saint-Étienne,42218,42100,Appartement,33.0,24000.0,727.27,2024-06-27
Saint-Étienne,42218,42100,Appartement,62.0,69350.0,1118.55,2024-06-26
Saint-Étienne,42218,42000,Appartement,130.0,105000.0,807.69,2024-01-19
Lorette,42123,42420,Appartement,90.0,103450.0,1149.44,2024-06-24
Saint-Étienne,42218,42100,Appartement,66.0,61000.0,924.24,2024-06-26
Rive-de-Gier,42186,42800,Maison,103.0,255000.0,2475.73,2024-06-28
Saint-Genest-Lerpt,42223,42530,Maison,115.0,234000.0,2034.78,2024-06-21
Saint-Étienne,42218,42100,Appartement,77.0,80000.0,1038.96,2024-06-14
Andrézieux-Bouthéon,42005,42160,Maison,187.0,447000.0,2390.37,2024-06-13
Andrézieux-Bouthéon,42005,42160,Maison,187.0,447000.0,2390.37,2024-06-13
Saint-Étienne,42218,42100,Appartement,84.0,152000.0,1809.52,2024-06-25
La Valla-en-Gier,42322,42131,Maison,123.0,254000.0,2065.04,2024-07-05
Pouilly-lès-Feurs,42175,42110,Maison,100.0,50000.0,500.0,2024-07-01
Pouilly-lès-Feurs,42175,42110,Maison,100.0,50000.0,500.0,2024-07-01
Feurs,42094,42110,Appartement,107.0,290000.0,2710.28,2024-06-28
Feurs,42094,42110,Appartement,107.0,290000.0,2710.28,2024-06-28
Feurs,42094,42110,Appartement,107.0,290000.0,2710.28,2024-06-28
Nervieux,42155,42510,Maison,93.0,194000.0,2086.02,2024-07-01
Nervieux,42155,42510,Maison,93.0,194000.0,2086.02,2024-07-01
Montrond-les-Bains,42149,42210,Maison,100.0,150000.0,1500.0,2024-06-06
Montrond-les-Bains,42149,42210,Maison,100.0,150000.0,1500.0,2024-06-06
Saint-Chamond,42207,42400,Appartement,76.0,110000.0,1447.37,2024-06-21
Rive-de-Gier,42186,42800,Appartement,91.0,190000.0,2087.91,2024-06-25
Panissières,42165,42360,Maison,74.0,55000.0,743.24,2024-06-17
Saint-Étienne,42218,42100,Appartement,19.0,41000.0,2157.89,2024-07-04
Saint-Étienne-le-Molard,42219,42130,Maison,149.0,75000.0,503.36,2024-06-27
Panissières,42165,42360,Maison,120.0,112500.0,937.5,2024-06-17
Saint-Chamond,42207,42400,Appartement,81.0,144000.0,1777.78,2024-06-28
Saint-Étienne,42218,42100,Appartement,52.0,25000.0,480.77,2024-06-27
Sury-le-Comtal,42304,42450,Appartement,80.0,70000.0,875.0,2024-06-17
Bourg-Argental,42023,42220,Appartement,70.0,122000.0,1742.86,2024-06-26
Bourg-Argental,42023,42220,Appartement,101.0,122000.0,1207.92,2024-06-26
Saint-Pierre-de-Bœuf,42272,42520,Maison,50.0,208000.0,4160.0,2024-07-09
Andrézieux-Bouthéon,42005,42160,Appartement,80.0,233000.0,2912.5,2024-07-01
Saint-Chamond,42207,42400,Appartement,54.0,61000.0,1129.63,2024-06-21
Épercieux-Saint-Paul,42088,42110,Maison,100.0,260000.0,2600.0,2024-06-25
Saint-Étienne,42218,42100,Appartement,84.0,90000.0,1071.43,2024-06-25
Chambéon,42041,42110,Maison,81.0,212000.0,2617.28,2024-05-04
Chambéon,42041,42110,Maison,81.0,212000.0,2617.28,2024-05-04
Nervieux,42155,42510,Maison,53.0,110000.0,2075.47,2024-07-04
Saint-Étienne,42218,42100,Appartement,26.0,39000.0,1500.0,2024-07-04
Châteauneuf,42053,42800,Maison,77.0,150000.0,1948.05,2024-06-14
Châteauneuf,42053,42800,Maison,77.0,150000.0,1948.05,2024-06-14
Châteauneuf,42053,42800,Maison,77.0,150000.0,1948.05,2024-06-14
Villars,42330,42390,Maison,127.0,275000.0,2165.35,2024-06-25
Saint-Chamond,42207,42400,Appartement,137.0,135000.0,985.4,2024-06-25
Saint-Étienne,42218,42000,Appartement,50.0,385000.0,7700.0,2024-07-01
Saint-Étienne,42218,42000,Appartement,35.0,385000.0,11000.0,2024-07-01
Saint-Étienne,42218,42000,Appartement,47.0,385000.0,8191.49,2024-07-01
Saint-Étienne,42218,42000,Appartement,50.0,385000.0,7700.0,2024-07-01
Saint-Étienne,42218,42000,Appartement,30.0,385000.0,12833.33,2024-07-01
Saint-Étienne,42218,42000,Appartement,35.0,385000.0,11000.0,2024-07-01
Saint-Étienne,42218,42000,Appartement,35.0,385000.0,11000.0,2024-07-01
Saint-Étienne,42218,42000,Appartement,35.0,385000.0,11000.0,2024-07-01
Saint-Étienne,42218,42000,Appartement,30.0,385000.0,12833.33,2024-07-01
Saint-Étienne,42218,42100,Appartement,26.0,50000.0,1923.08,2024-07-03
Saint-Étienne,42218,42100,Maison,100.0,326030.0,3260.3,2024-07-01
Roche-la-Molière,42189,42230,Maison,94.0,311900.0,3318.09,2024-07-09
Roche-la-Molière,42189,42230,Maison,94.0,311900.0,3318.09,2024-07-09
Saint-Étienne,42218,42000,Maison,95.0,222000.0,2336.84,2024-07-09
Rive-de-Gier,42186,42800,Maison,97.0,318870.0,3287.32,2024-06-28
Saint-Étienne,42218,42000,Appartement,84.0,127300.0,1515.48,2024-06-21
Montbrison,42147,42600,Appartement,97.0,184000.0,1896.91,2024-07-05
Montbrison,42147,42600,Appartement,35.0,184000.0,5257.14,2024-07-05
Saint-Genest-Lerpt,42223,42530,Maison,90.0,208000.0,2311.11,2024-06-20
Saint-Étienne,42218,42100,Appartement,103.0,55000.0,533.98,2024-07-03
Saint-Étienne,42218,42100,Appartement,60.0,55000.0,916.67,2024-07-03
Saint-Étienne,42218,42100,Appartement,52.0,97000.0,1865.38,2024-06-26
Villars,42330,42390,Maison,119.0,235650.0,1980.25,2024-07-01
Saint-Étienne,42218,42100,Appartement,105.0,165000.0,1571.43,2024-06-28
Saint-Étienne,42218,42000,Maison,100.0,256500.0,2565.0,2024-07-03
Saint-Étienne,42218,42100,Maison,94.0,125000.0,1329.79,2024-06-04
Saint-Étienne,42218,42000,Appartement,108.0,272000.0,2518.52,2024-06-20
Saint-Étienne,42218,42000,Appartement,29.0,272000.0,9379.31,2024-06-20
Saint-Étienne,42218,42100,Appartement,50.0,52400.0,1048.0,2024-07-02
Saint-Étienne,42218,42000,Appartement,30.0,40000.0,1333.33,2024-06-14
Saint-Étienne,42218,42100,Appartement,21.0,29000.0,1380.95,2024-07-03
Saint-Étienne,42218,42000,Appartement,71.0,91000.0,1281.69,2024-07-04
La Ricamarie,42183,42150,Appartement,68.0,78480.0,1154.12,2024-06-28
La Ricamarie,42183,42150,Maison,75.0,143000.0,1906.67,2024-06-28
Saint-Chamond,42207,42400,Maison,102.0,349000.0,3421.57,2024-07-01
Saint-Chamond,42207,42400,Maison,27.0,349000.0,12925.93,2024-07-01
Saint-Étienne,42218,42100,Appartement,66.0,62000.0,939.39,2024-07-02
Roche-la-Molière,42189,42230,Maison,89.0,237000.0,2662.92,2024-07-09
Le Chambon-Feugerolles,42044,42500,Maison,94.0,265100.0,2820.21,2024-07-04
Saint-Étienne,42218,42000,Appartement,60.0,25500.0,425.0,2024-06-27
Unieux,42316,42240,Appartement,95.0,197200.0,2075.79,2024-07-02
Chazelles-sur-Lyon,42059,42140,Maison,96.0,230000.0,2395.83,2024-06-12
Saint-Étienne,42218,42100,Maison,150.0,277400.0,1849.33,2024-07-01
Roche-la-Molière,42189,42230,Appartement,56.0,146600.0,2617.86,2024-06-18
La Grand-Croix,42103,42320,Appartement,71.0,169000.0,2380.28,2024-06-28
Sury-le-Comtal,42304,42450,Maison,100.0,446000.0,4460.0,2024-06-27
Saint-Étienne,42218,42100,Appartement,87.0,93000.0,1068.97,2024-07-03
Saint-Étienne,42218,42100,Appartement,81.0,101500.0,1253.09,2024-06-25
Andrézieux-Bouthéon,42005,42160,Appartement,80.0,100000.0,1250.0,2024-07-05
Saint-Chamond,42207,42400,Maison,90.0,199000.0,2211.11,2024-06-24
Saint-Chamond,42207,42400,Maison,87.0,223177.0,2565.25,2024-06-14
Saint-Étienne,42218,42000,Appartement,107.0,121400.0,1134.58,2024-07-04
Saint-Étienne,42218,42100,Maison,116.0,300000.0,2586.21,2024-07-02
Saint-Étienne,42218,42100,Maison,137.0,312000.0,2277.37,2024-06-25
Saint-Étienne,42218,42100,Maison,137.0,312000.0,2277.37,2024-06-25
Saint-Jean-Bonnefonds,42237,42650,Maison,95.0,218000.0,2294.74,2024-07-03
Saint-Étienne,42218,42100,Appartement,90.0,179500.0,1994.44,2024-07-01
Saint-Étienne,42218,42100,Appartement,23.0,25500.0,1108.7,2024-07-09
Saint-Étienne,42218,42100,Appartement,35.0,60000.0,1714.29,2024-06-24
Saint-Étienne,42218,42100,Appartement,30.0,60000.0,2000.0,2024-06-24
Saint-Étienne,42218,42000,Appartement,60.0,520000.0,8666.67,2024-07-02
Saint-Étienne,42218,42000,Appartement,25.0,520000.0,20800.0,2024-07-02
Saint-Étienne,42218,42000,Appartement,23.0,520000.0,22608.7,2024-07-02
Saint-Étienne,42218,42000,Appartement,23.0,520000.0,22608.7,2024-07-02
Saint-Étienne,42218,42000,Appartement,60.0,520000.0,8666.67,2024-07-02
Saint-Étienne,42218,42000,Appartement,60.0,520000.0,8666.67,2024-07-02
Saint-Chamond,42207,42400,Maison,60.0,185000.0,3083.33,2024-05-31
Saint-Chamond,42207,42400,Maison,60.0,185000.0,3083.33,2024-05-31
Saint-Étienne,42218,42000,Appartement,72.0,68000.0,944.44,2024-07-02
Saint-Étienne,42218,42100,Maison,80.0,130000.0,1625.0,2024-06-27
Saint-Étienne,42218,42100,Appartement,83.0,100000.0,1204.82,2024-07-01
Saint-Étienne,42218,42100,Appartement,50.0,100000.0,2000.0,2024-07-01
Saint-Étienne,42218,42100,Appartement,59.0,54084.0,916.68,2024-07-01
Saint-Étienne,42218,42000,Appartement,35.0,51500.0,1471.43,2024-06-27
Boisset-lès-Montrond,42020,42210,Maison,100.0,179000.0,1790.0,2024-07-02
Boisset-lès-Montrond,42020,42210,Maison,100.0,179000.0,1790.0,2024-07-02
Saint-Étienne,42218,42100,Appartement,52.0,69000.0,1326.92,2024-07-02
Saint-Georges-Haute-Ville,42228,42610,Maison,90.0,215000.0,2388.89,2024-06-28
La Talaudière,42305,42350,Appartement,46.0,128000.0,2782.61,2024-06-27
Viricelles,42335,42140,Maison,126.0,316000.0,2507.94,2024-06-18
Viricelles,42335,42140,Maison,126.0,316000.0,2507.94,2024-06-18
Saint-Étienne,42218,42100,Appartement,58.0,85500.0,1474.14,2024-07-01
Saint-Étienne,42218,42100,Appartement,84.0,85500.0,1017.86,2024-07-01
La Fouillouse,42097,42480,Maison,140.0,434200.0,3101.43,2024-06-28
La Fouillouse,42097,42480,Maison,140.0,434200.0,3101.43,2024-06-28
Saint-Just-Saint-Rambert,42279,42170,Maison,149.0,350000.0,2348.99,2024-06-14
Saint-Just-Saint-Rambert,42279,42170,Maison,149.0,350000.0,2348.99,2024-06-14
Saint-Étienne,42218,42100,Appartement,67.0,67000.0,1000.0,2024-07-02
Marclopt,42135,42210,Maison,99.0,170000.0,1717.17,2024-07-04
Marclopt,42135,42210,Maison,99.0,170000.0,1717.17,2024-07-04
Saint-Étienne,42218,42000,Appartement,75.0,115050.0,1534.0,2024-06-14
Montrond-les-Bains,42149,42210,Appartement,62.0,117000.0,1887.1,2024-07-04
Villars,42330,42390,Appartement,73.0,98000.0,1342.47,2024-06-24
Saint-Étienne,42218,42100,Appartement,65.0,44500.0,684.62,2024-07-04
Saint-Étienne,42218,42100,Appartement,37.0,2600000.0,70270.27,2024-07-03
Saint-Étienne,42218,42100,Appartement,32.0,2600000.0,81250.0,2024-07-03
Saint-Étienne,42218,42100,Appartement,30.0,2600000.0,86666.67,2024-07-03
Saint-Étienne,42218,42100,Appartement,20.0,2600000.0,130000.0,2024-07-03
Saint-Étienne,42218,42100,Appartement,33.0,2600000.0,78787.88,2024-07-03
Saint-Étienne,42218,42100,Appartement,30.0,2600000.0,86666.67,2024-07-03
Saint-Étienne,42218,42100,Appartement,20.0,2600000.0,130000.0,2024-07-03
Saint-Étienne,42218,42100,Appartement,70.0,2600000.0,37142.86,2024-07-03
Saint-Étienne,42218,42100,Appartement,37.0,2600000.0,70270.27,2024-07-03
Saint-Étienne,42218,42100,Appartement,36.0,2600000.0,72222.22,2024-07-03
Saint-Étienne,42218,42100,Appartement,22.0,2600000.0,118181.82,2024-07-03
Saint-Étienne,42218,42100,Appartement,36.0,2600000.0,72222.22,2024-07-03
Saint-Étienne,42218,42100,Appartement,36.0,2600000.0,72222.22,2024-07-03
Saint-Étienne,42218,42100,Appartement,36.0,2600000.0,72222.22,2024-07-03
Saint-Étienne,42218,42100,Appartement,37.0,2600000.0,70270.27,2024-07-03
Saint-Étienne,42218,42100,Appartement,36.0,2600000.0,72222.22,2024-07-03
Saint-Étienne,42218,42100,Appartement,35.0,2600000.0,74285.71,2024-07-03
Saint-Étienne,42218,42100,Appartement,20.0,2600000.0,130000.0,2024-07-03
Saint-Étienne,42218,42100,Appartement,30.0,2600000.0,86666.67,2024-07-03
Saint-Étienne,42218,42100,Appartement,33.0,2600000.0,78787.88,2024-07-03
Saint-Étienne,42218,42100,Appartement,32.0,2600000.0,81250.0,2024-07-03
Saint-Étienne,42218,42100,Appartement,34.0,2600000.0,76470.59,2024-07-03
Saint-Étienne,42218,42100,Appartement,22.0,2600000.0,118181.82,2024-07-03
Saint-Étienne,42218,42100,Appartement,36.0,2600000.0,72222.22,2024-07-03
Saint-Étienne,42218,42100,Appartement,69.0,2600000.0,37681.16,2024-07-03
Saint-Étienne,42218,42100,Appartement,39.0,2600000.0,66666.67,2024-07-03
Saint-Étienne,42218,42100,Appartement,34.0,2600000.0,76470.59,2024-07-03
Saint-Étienne,42218,42100,Appartement,36.0,2600000.0,72222.22,2024-07-03
Saint-Étienne,42218,42100,Appartement,39.0,2600000.0,66666.67,2024-07-03
Saint-Étienne,42218,42100,Appartement,33.0,2600000.0,78787.88,2024-07-03
Saint-Étienne,42218,42100,Appartement,39.0,2600000.0,66666.67,2024-07-03
Saint-Étienne,42218,42100,Appartement,22.0,2600000.0,118181.82,2024-07-03
Saint-Étienne,42218,42100,Appartement,36.0,2600000.0,72222.22,2024-07-03
Saint-Étienne,42218,42100,Appartement,36.0,2600000.0,72222.22,2024-07-03
Saint-Étienne,42218,42100,Appartement,36.0,2600000.0,72222.22,2024-07-03
Saint-Étienne,42218,42100,Appartement,37.0,2600000.0,70270.27,2024-07-03
Saint-Étienne,42218,42100,Appartement,36.0,2600000.0,72222.22,2024-07-03
Saint-Étienne,42218,42100,Appartement,35.0,2600000.0,74285.71,2024-07-03
Saint-Étienne,42218,42100,Appartement,20.0,2600000.0,130000.0,2024-07-03
Saint-Étienne,42218,42100,Appartement,33.0,2600000.0,78787.88,2024-07-03
Saint-Étienne,42218,42100,Appartement,32.0,2600000.0,81250.0,2024-07-03
Saint-Étienne,42218,42100,Appartement,37.0,2600000.0,70270.27,2024-07-03
Saint-Étienne,42218,42100,Appartement,39.0,2600000.0,66666.67,2024-07-03
Saint-Étienne,42218,42100,Appartement,34.0,2600000.0,76470.59,2024-07-03
Saint-Étienne,42218,42100,Appartement,36.0,2600000.0,72222.22,2024-07-03
Saint-Étienne,42218,42100,Appartement,39.0,2600000.0,66666.67,2024-07-03
Saint-Étienne,42218,42100,Appartement,35.0,2600000.0,74285.71,2024-07-03
Saint-Étienne,42218,42100,Appartement,36.0,2600000.0,72222.22,2024-07-03
Saint-Étienne,42218,42100,Appartement,37.0,2600000.0,70270.27,2024-07-03
Saint-Étienne,42218,42100,Appartement,36.0,2600000.0,72222.22,2024-07-03
Saint-Étienne,42218,42100,Appartement,24.0,2600000.0,108333.33,2024-07-03
Saint-Étienne,42218,42100,Appartement,34.0,2600000.0,76470.59,2024-07-03
Saint-Étienne,42218,42100,Appartement,33.0,2600000.0,78787.88,2024-07-03
Saint-Étienne,42218,42100,Appartement,36.0,2600000.0,72222.22,2024-07-03
Saint-Étienne,42218,42100,Appartement,39.0,2600000.0,66666.67,2024-07-03
Saint-Étienne,42218,42100,Appartement,22.0,2600000.0,118181.82,2024-07-03
Saint-Étienne,42218,42100,Appartement,37.0,2600000.0,70270.27,2024-07-03
Saint-Étienne,42218,42100,Appartement,39.0,2600000.0,66666.67,2024-07-03
Saint-Étienne,42218,42100,Appartement,34.0,2600000.0,76470.59,2024-07-03
Saint-Étienne,42218,42100,Appartement,34.0,2600000.0,76470.59,2024-07-03
Saint-Étienne,42218,42100,Appartement,30.0,2600000.0,86666.67,2024-07-03
Saint-Étienne,42218,42100,Appartement,35.0,2600000.0,74285.71,2024-07-03
Saint-Étienne,42218,42100,Appartement,39.0,2600000.0,66666.67,2024-07-03
Saint-Étienne,42218,42100,Appartement,36.0,2600000.0,72222.22,2024-07-03
Saint-Étienne,42218,42100,Appartement,37.0,2600000.0,70270.27,2024-07-03
Saint-Étienne,42218,42100,Appartement,24.0,2600000.0,108333.33,2024-07-03
Saint-Étienne,42218,42100,Appartement,36.0,2600000.0,72222.22,2024-07-03
Saint-Étienne,42218,42100,Appartement,36.0,2600000.0,72222.22,2024-07-03
Saint-Étienne,42218,42100,Appartement,34.0,2600000.0,76470.59,2024-07-03
Saint-Étienne,42218,42100,Appartement,39.0,2600000.0,66666.67,2024-07-03
Saint-Étienne,42218,42100,Appartement,33.0,2600000.0,78787.88,2024-07-03
Saint-Étienne,42218,42100,Appartement,34.0,2600000.0,76470.59,2024-07-03
Saint-Étienne,42218,42100,Appartement,24.0,2600000.0,108333.33,2024-07-03
Saint-Étienne,42218,42100,Appartement,36.0,2600000.0,72222.22,2024-07-03
Saint-Étienne,42218,42100,Appartement,22.0,2600000.0,118181.82,2024-07-03
Saint-Étienne,42218,42100,Appartement,33.0,2600000.0,78787.88,2024-07-03
Saint-Étienne,42218,42100,Appartement,39.0,2600000.0,66666.67,2024-07-03
Saint-Étienne,42218,42100,Appartement,24.0,2600000.0,108333.33,2024-07-03
Saint-Étienne,42218,42100,Appartement,39.0,2600000.0,66666.67,2024-07-03
Saint-Étienne,42218,42100,Appartement,36.0,2600000.0,72222.22,2024-07-03
Saint-Étienne,42218,42100,Appartement,39.0,2600000.0,66666.67,2024-07-03
Saint-Étienne,42218,42100,Appartement,36.0,2600000.0,72222.22,2024-07-03
Saint-Étienne,42218,42100,Appartement,33.0,2600000.0,78787.88,2024-07-03
Saint-Étienne,42218,42100,Appartement,32.0,2600000.0,81250.0,2024-07-03
Saint-Étienne,42218,42100,Appartement,29.0,49150.0,1694.83,2024-07-05
Saint-Paul-en-Jarez,42271,42740,Maison,167.0,337100.0,2018.56,2024-06-07
Saint-Chamond,42207,42400,Appartement,95.0,160000.0,1684.21,2024-07-03
Saint-Chamond,42207,42400,Appartement,60.0,160000.0,2666.67,2024-07-03
Saint-Chamond,42207,42400,Appartement,37.0,160000.0,4324.32,2024-07-03
Saint-Étienne,42218,42100,Appartement,64.0,56000.0,875.0,2024-07-03
Saint-Étienne,42218,42100,Appartement,36.0,56000.0,1555.56,2024-07-03
Saint-Étienne,42218,42100,Appartement,76.0,85000.0,1118.42,2024-07-11
Saint-Just-Saint-Rambert,42279,42170,Maison,126.0,395000.0,3134.92,2024-07-04
Saint-Just-Saint-Rambert,42279,42170,Maison,126.0,395000.0,3134.92,2024-07-04
Veauche,42323,42340,Maison,91.0,191100.0,2100.0,2024-07-02
Saint-Étienne,42218,42100,Appartement,66.0,81500.0,1234.85,2024-07-10
Jonzieux,42115,42660,Maison,144.0,281000.0,1951.39,2024-07-03
Doizieux,42085,42740,Appartement,60.0,135000.0,2250.0,2024-07-04
Bonson,42022,42160,Maison,102.0,249000.0,2441.18,2024-07-10
Bonson,42022,42160,Maison,102.0,249000.0,2441.18,2024-07-10
Saint-Étienne,42218,42100,Appartement,69.0,55000.0,797.1,2024-07-02
Bonson,42022,42160,Maison,95.0,244500.0,2573.68,2024-06-28
Saint-Étienne,42218,42100,Appartement,85.0,140000.0,1647.06,2024-07-03
Saint-Chamond,42207,42400,Appartement,110.0,119000.0,1081.82,2024-07-01
L'Horme,42110,42152,Appartement,71.0,100000.0,1408.45,2024-07-09
L'Horme,42110,42152,Appartement,47.0,100000.0,2127.66,2024-07-09
L'Horme,42110,42152,Appartement,70.0,100000.0,1428.57,2024-07-09
Villars,42330,42390,Appartement,85.0,87500.0,1029.41,2024-07-12
Saint-Just-Saint-Rambert,42279,42170,Maison,84.0,241000.0,2869.05,2024-07-11
Saint-Romain-le-Puy,42285,42610,Maison,72.0,204900.0,2845.83,2024-07-01
Marlhes,42139,42660,Maison,191.0,190000.0,994.76,2024-07-08
Saint-Étienne,42218,42100,Maison,92.0,235000.0,2554.35,2024-07-08
Firminy,42095,42700,Maison,120.0,241000.0,2008.33,2024-07-08
Montbrison,42147,42600,Maison,75.0,160000.0,2133.33,2024-06-26
Saint-Étienne,42218,42100,Appartement,64.0,64900.0,1014.06,2024-07-10
Roisey,42191,42520,Maison,89.0,60000.0,674.16,2024-06-27
Roisey,42191,42520,Maison,89.0,60000.0,674.16,2024-06-27
Saint-Étienne,42218,42000,Appartement,30.0,43650.0,1455.0,2024-06-28
Saint-Étienne,42218,42100,Appartement,80.0,87000.0,1087.5,2024-07-09
Saint-Jean-Bonnefonds,42237,42650,Appartement,76.0,117000.0,1539.47,2024-07-09
Saint-Étienne,42218,42100,Appartement,67.0,72000.0,1074.63,2024-07-09
Saint-Priest-en-Jarez,42275,42270,Appartement,90.0,259000.0,2877.78,2024-07-04
Sury-le-Comtal,42304,42450,Appartement,52.0,63500.0,1221.15,2024-07-10
Saint-Étienne,42218,42000,Appartement,33.0,66243.0,2007.36,2024-07-09
Saint-Étienne,42218,42100,Appartement,19.0,37000.0,1947.37,2024-07-01
Saint-Just-Saint-Rambert,42279,42170,Maison,57.0,177000.0,3105.26,2024-07-02
Saint-Just-Saint-Rambert,42279,42170,Maison,117.0,345000.0,2948.72,2024-07-10
La Talaudière,42305,42350,Maison,148.0,420000.0,2837.84,2024-07-03
Saint-Étienne,42218,42000,Appartement,130.0,200000.0,1538.46,2024-07-02
Saint-Étienne,42218,42100,Appartement,19.0,37000.0,1947.37,2024-07-01
Bellegarde-en-Forez,42013,42210,Maison,165.0,300600.0,1821.82,2024-07-02
Andrézieux-Bouthéon,42005,42160,Maison,69.0,148000.0,2144.93,2024-07-02
Veauche,42323,42340,Maison,74.0,215000.0,2905.41,2024-07-08
Veauche,42323,42340,Maison,74.0,215000.0,2905.41,2024-07-08
Saint-Étienne,42218,42100,Appartement,50.0,52500.0,1050.0,2024-07-01
Saint-Étienne,42218,42100,Appartement,53.0,44800.0,845.28,2024-07-04
Montbrison,42147,42600,Maison,93.0,130000.0,1397.85,2024-07-08
Marlhes,42139,42660,Maison,183.0,190000.0,1038.25,2024-07-08
Saint-Bonnet-les-Oules,42206,42330,Maison,80.0,667300.0,8341.25,2024-06-20
Saint-Bonnet-les-Oules,42206,42330,Maison,80.0,667300.0,8341.25,2024-06-20
Montbrison,42147,42600,Appartement,26.0,39000.0,1500.0,2024-07-04
Chavanay,42056,42410,Maison,89.0,48481.52,544.74,2024-07-08
Chavanay,42056,42410,Maison,89.0,48481.52,544.74,2024-07-08
Andrézieux-Bouthéon,42005,42160,Appartement,80.0,70000.0,875.0,2024-06-21
Sorbiers,42302,42290,Maison,122.0,321900.0,2638.52,2024-06-18
Montbrison,42147,42600,Maison,83.0,215400.0,2595.18,2024-07-01
Montbrison,42147,42600,Maison,83.0,215400.0,2595.18,2024-07-01
Veauche,42323,42340,Appartement,81.0,145000.0,1790.12,2024-07-11
L'Horme,42110,42152,Appartement,81.0,125000.0,1543.21,2024-07-02
Saint-Étienne,42218,42000,Appartement,103.0,133000.0,1291.26,2024-07-09
Montrond-les-Bains,42149,42210,Appartement,58.0,143000.0,2465.52,2024-07-08
Saint-Étienne,42218,42100,Maison,150.0,201150.0,1341.0,2024-07-04
Firminy,42095,42700,Maison,90.0,224740.0,2497.11,2024-07-03
Saint-Étienne,42218,42100,Appartement,74.0,86750.0,1172.3,2024-07-09
Saint-Étienne,42218,42100,Appartement,64.0,75000.0,1171.88,2024-07-04
Saint-Étienne,42218,42100,Maison,135.0,350000.0,2592.59,2024-07-09
Roche-la-Molière,42189,42230,Maison,98.0,232000.0,2367.35,2024-07-08
Lorette,42123,42420,Appartement,128.0,170000.0,1328.12,2024-07-08
Saint-Jean-Bonnefonds,42237,42650,Maison,88.0,242500.0,2755.68,2024-07-05
Villars,42330,42390,Appartement,87.0,210000.0,2413.79,2024-06-17
Saint-Christo-en-Jarez,42208,42320,Maison,102.0,328000.0,3215.69,2024-07-10
Saint-Étienne,42218,42100,Appartement,28.0,47000.0,1678.57,2024-07-09
La Talaudière,42305,42350,Appartement,70.0,289000.0,4128.57,2024-06-19
La Talaudière,42305,42350,Maison,90.0,255000.0,2833.33,2024-07-04
Saint-Étienne,42218,42100,Appartement,44.0,32000.0,727.27,2024-06-28
Saint-Étienne,42218,42100,Appartement,44.0,30000.0,681.82,2024-06-28
Chambles,42042,42170,Maison,194.0,362650.0,1869.33,2024-07-05
Saint-Étienne,42218,42000,Appartement,84.0,96000.0,1142.86,2024-07-11
Sorbiers,42302,42290,Maison,68.0,264500.0,3889.71,2024-07-01
Saint-Chamond,42207,42400,Appartement,31.0,222000.0,7161.29,2024-07-09
Saint-Chamond,42207,42400,Appartement,31.0,222000.0,7161.29,2024-07-09
Saint-Chamond,42207,42400,Appartement,31.0,222000.0,7161.29,2024-07-09
Saint-Chamond,42207,42400,Appartement,24.0,222000.0,9250.0,2024-07-09
Saint-Étienne,42218,42100,Appartement,53.0,59000.0,1113.21,2024-07-05
Bourg-Argental,42023,42220,Appartement,59.0,90000.0,1525.42,2024-06-22
La Fouillouse,42097,42480,Maison,98.0,234148.0,2389.27,2024-07-04
Périgneux,42169,42380,Maison,60.0,212450.0,3540.83,2024-07-04
Saint-Galmier,42222,42330,Maison,60.0,117000.0,1950.0,2024-07-08
Montbrison,42147,42600,Maison,88.0,160000.0,1818.18,2024-06-25
Saint-Paul-en-Jarez,42271,42740,Maison,77.0,335000.0,4350.65,2024-07-10
Saint-Romain-les-Atheux,42286,42660,Maison,100.0,190000.0,1900.0,2024-07-11
Saint-Étienne,42218,42000,Appartement,72.0,30200.0,419.44,2024-07-12
Chazelles-sur-Lyon,42059,42140,Maison,85.0,130000.0,1529.41,2024-07-04
Saint-Étienne,42218,42100,Appartement,121.0,106000.0,876.03,2024-07-15
La Talaudière,42305,42350,Maison,125.0,333400.0,2667.2,2024-07-04
Cuzieu,42081,42330,Maison,176.0,70000.0,397.73,2024-06-27
Saint-Étienne,42218,42000,Appartement,83.0,64800.0,780.72,2024-07-08
Saint-Étienne,42218,42000,Appartement,82.0,110000.0,1341.46,2024-07-10
Saint-Étienne,42218,42000,Appartement,79.0,110000.0,1392.41,2024-07-10
La Talaudière,42305,42350,Appartement,79.0,175000.0,2215.19,2024-07-08
Sorbiers,42302,42290,Appartement,74.0,350000.0,4729.73,2024-07-08
Sorbiers,42302,42290,Appartement,74.0,350000.0,4729.73,2024-07-08
Sorbiers,42302,42290,Appartement,74.0,350000.0,4729.73,2024-07-08
Sorbiers,42302,42290,Appartement,74.0,350000.0,4729.73,2024-07-08
Saint-Étienne,42218,42000,Maison,57.0,110000.0,1929.82,2024-07-09
Saint-Étienne,42218,42000,Appartement,115.0,420000.0,3652.17,2024-07-04
Saint-Étienne,42218,42000,Appartement,75.0,420000.0,5600.0,2024-07-04
Sury-le-Comtal,42304,42450,Maison,78.0,181000.0,2320.51,2024-06-24
Sury-le-Comtal,42304,42450,Maison,78.0,181000.0,2320.51,2024-06-24
Saint-Maurice-en-Gourgois,42262,42240,Maison,40.0,45000.0,1125.0,2024-07-03
Saint-Étienne,42218,42100,Appartement,69.0,106000.0,1536.23,2024-07-05
Saint-Étienne,42218,42100,Appartement,62.0,54900.0,885.48,2024-07-08
Saint-Galmier,42222,42330,Maison,135.0,287500.0,2129.63,2024-06-24
Saint-Galmier,42222,42330,Maison,135.0,287500.0,2129.63,2024-06-24
Le Bessat,42017,42660,Maison,109.0,220000.0,2018.35,2024-07-10
Saint-Just-Saint-Rambert,42279,42170,Maison,114.0,260000.0,2280.7,2024-06-21
Saint-Galmier,42222,42330,Maison,90.0,263000.0,2922.22,2024-07-09
Saint-Galmier,42222,42330,Maison,90.0,263000.0,2922.22,2024-07-09
Saint-Étienne,42218,42100,Appartement,27.0,48200.0,1785.19,2024-07-08
Saint-Thomas-la-Garde,42290,42600,Maison,87.0,183000.0,2103.45,2024-07-08
Saint-Étienne,42218,42100,Maison,98.0,277200.0,2828.57,2024-07-12
Saint-Étienne,42218,42000,Appartement,55.0,61000.0,1109.09,2024-07-09
Saint-Étienne,42218,42000,Appartement,110.0,112000.0,1018.18,2024-07-09
Saint-Étienne,42218,42000,Appartement,99.0,99000.0,1000.0,2024-07-01
Roche-la-Molière,42189,42230,Appartement,79.0,139000.0,1759.49,2024-07-08
Saint-Étienne,42218,42100,Appartement,65.0,50000.0,769.23,2024-07-12
Sorbiers,42302,42290,Maison,163.0,445000.0,2730.06,2024-07-12
Sorbiers,42302,42290,Maison,163.0,445000.0,2730.06,2024-07-12
Saint-Étienne,42218,42100,Appartement,67.0,90000.0,1343.28,2024-07-09
Saint-Étienne,42218,42100,Appartement,96.0,111150.0,1157.81,2024-07-08
Saint-Joseph,42242,42800,Maison,148.0,369550.0,2496.96,2024-07-12
Saint-Joseph,42242,42800,Maison,148.0,369550.0,2496.96,2024-07-12
Saint-Étienne,42218,42100,Appartement,35.0,36300.0,1037.14,2024-07-11
Fraisses,42099,42490,Appartement,69.0,60658.0,879.1,2024-07-10
Saint-Étienne,42218,42100,Appartement,67.0,112000.0,1671.64,2024-07-11
Saint-Joseph,42242,42800,Maison,99.0,135000.0,1363.64,2024-07-15
Saint-Étienne,42218,42100,Maison,125.0,260000.0,2080.0,2024-07-11
Saint-Étienne,42218,42100,Maison,125.0,260000.0,2080.0,2024-07-11
Saint-Étienne,42218,42100,Appartement,42.0,56500.0,1345.24,2024-06-21
Montbrison,42147,42600,Appartement,76.0,141000.0,1855.26,2024-06-28
L'Étrat,42092,42580,Appartement,77.0,120000.0,1558.44,2024-07-02
Villars,42330,42390,Appartement,85.0,97000.0,1141.18,2024-07-10
Montbrison,42147,42600,Maison,64.0,143000.0,2234.38,2024-07-02
Saint-Paul-en-Jarez,42271,42740,Maison,120.0,203000.0,1691.67,2024-07-15
Rive-de-Gier,42186,42800,Appartement,80.0,450000.0,5625.0,2024-07-15
Rive-de-Gier,42186,42800,Appartement,62.0,450000.0,7258.06,2024-07-15
Rive-de-Gier,42186,42800,Appartement,57.0,450000.0,7894.74,2024-07-15
Rive-de-Gier,42186,42800,Appartement,98.0,450000.0,4591.84,2024-07-15
Rive-de-Gier,42186,42800,Appartement,51.0,450000.0,8823.53,2024-07-15
Rive-de-Gier,42186,42800,Appartement,86.0,450000.0,5232.56,2024-07-15
Rive-de-Gier,42186,42800,Appartement,84.0,450000.0,5357.14,2024-07-15
Rive-de-Gier,42186,42800,Appartement,67.0,450000.0,6716.42,2024-07-15
Villars,42330,42390,Appartement,85.0,97000.0,1141.18,2024-06-24
Tartaras,42307,42800,Maison,108.0,211500.0,1958.33,2024-07-12
Saint-Étienne,42218,42100,Appartement,82.0,70000.0,853.66,2024-07-04
Boën-sur-Lignon,42019,42130,Appartement,89.0,75000.0,842.7,2024-07-09
Saint-Étienne,42218,42000,Appartement,65.0,76000.0,1169.23,2024-07-10
Rive-de-Gier,42186,42800,Maison,84.0,95000.0,1130.95,2024-06-24
Saint-Georges-Haute-Ville,42228,42610,Maison,110.0,200000.0,1818.18,2024-07-05
Saint-Georges-Haute-Ville,42228,42610,Maison,110.0,200000.0,1818.18,2024-07-05
Saint-Étienne,42218,42100,Appartement,47.0,65600.0,1395.74,2024-06-20
Chalmazel-Jeansagnière,42039,42920,Maison,76.0,108000.0,1421.05,2024-07-01
Saint-Chamond,42207,42400,Appartement,60.0,90000.0,1500.0,2024-07-05
Saint-Bonnet-les-Oules,42206,42330,Maison,93.0,100000.0,1075.27,2024-07-03
Saint-Étienne,42218,42100,Appartement,26.0,42000.0,1615.38,2024-07-05
Montbrison,42147,42600,Maison,99.0,449550.0,4540.91,2024-07-12
Montbrison,42147,42600,Maison,99.0,449550.0,4540.91,2024-07-12
Saint-Étienne,42218,42100,Appartement,74.0,54000.0,729.73,2024-07-11
Saint-Jean-Bonnefonds,42237,42650,Maison,108.0,254500.0,2356.48,2024-07-01
Saint-Étienne,42218,42000,Appartement,90.0,80000.0,888.89,2024-07-01
Luriecq,42126,42380,Maison,61.0,16250.0,266.39,2024-07-12
Luriecq,42126,42380,Maison,61.0,16250.0,266.39,2024-07-12
Chenereilles,42060,42560,Maison,65.0,37250.0,573.08,2024-07-12
Chenereilles,42060,42560,Maison,65.0,37250.0,573.08,2024-07-12
Savigneux,42299,42600,Maison,88.0,249000.0,2829.55,2024-06-26
Saint-Étienne,42218,42000,Appartement,74.0,108500.0,1466.22,2024-07-09
Saint-Étienne,42218,42000,Appartement,58.0,72000.0,1241.38,2024-07-02
Saint-Étienne,42218,42000,Appartement,45.0,139816.0,3107.02,2024-06-25
Saint-Étienne,42218,42000,Appartement,76.0,102850.0,1353.29,2024-07-09
Saint-Étienne,42218,42000,Appartement,62.0,61500.0,991.94,2024-07-04
Saint-Étienne,42218,42100,Appartement,57.0,100000.0,1754.39,2024-06-25
Saint-Étienne,42218,42100,Appartement,67.0,102000.0,1522.39,2024-07-05
Chuyer,42064,42410,Maison,100.0,710000.0,7100.0,2024-07-17
Saint-Chamond,42207,42400,Appartement,64.0,120000.0,1875.0,2024-07-16
Andrézieux-Bouthéon,42005,42160,Maison,153.0,444300.0,2903.92,2024-07-05
Bonson,42022,42160,Maison,120.0,289000.0,2408.33,2024-07-15
Montbrison,42147,42600,Appartement,40.0,165000.0,4125.0,2024-07-03
Montbrison,42147,42600,Appartement,38.0,165000.0,4342.11,2024-07-03
Montbrison,42147,42600,Appartement,38.0,165000.0,4342.11,2024-07-03
Saint-Étienne,42218,42000,Appartement,53.0,70000.0,1320.75,2024-07-09
Saint-Étienne,42218,42100,Appartement,113.0,164500.0,1455.75,2024-07-04
Mornand-en-Forez,42151,42600,Maison,145.0,366000.0,2524.14,2024-06-27
Mornand-en-Forez,42151,42600,Maison,145.0,366000.0,2524.14,2024-06-27
Saint-Pierre-de-Bœuf,42272,42520,Maison,63.0,101500.0,1611.11,2024-06-27
Saint-Étienne,42218,42000,Appartement,106.0,141300.0,1333.02,2024-07-11
Lézigneux,42122,42600,Maison,98.0,165000.0,1683.67,2024-07-08
Lézigneux,42122,42600,Maison,86.0,165000.0,1918.6,2024-07-08
Boën-sur-Lignon,42019,42130,Maison,83.0,144000.0,1734.94,2024-07-02
Marcilly-le-Châtel,42134,42130,Maison,80.0,127000.0,1587.5,2024-07-12
Saint-Étienne,42218,42000,Appartement,121.0,143500.0,1185.95,2024-07-01
Bonson,42022,42160,Maison,88.0,160000.0,1818.18,2024-07-15
Feurs,42094,42110,Appartement,90.0,112000.0,1244.44,2024-07-10
Montverdun,42150,42130,Maison,150.0,170000.0,1133.33,2024-07-11
Montbrison,42147,42600,Maison,171.0,383800.0,2244.44,2024-06-27
Saint-Romain-le-Puy,42285,42610,Maison,101.0,258500.0,2559.41,2024-07-12
Bard,42012,42600,Maison,99.0,234000.0,2363.64,2024-06-26
Bard,42012,42600,Maison,99.0,234000.0,2363.64,2024-06-26
Montbrison,42147,42600,Maison,105.0,115000.0,1095.24,2024-06-26
Châtelneuf,42054,42940,Maison,85.0,104000.0,1223.53,2024-06-28
Saint-Étienne,42218,42000,Appartement,28.0,16000.0,571.43,2024-07-15
Bonson,42022,42160,Maison,93.0,290000.0,3118.28,2024-07-17
Bonson,42022,42160,Maison,93.0,290000.0,3118.28,2024-07-17
Saint-Étienne,42218,42000,Appartement,25.0,40850.0,1634.0,2024-07-05
Saint-Étienne,42218,42000,Appartement,23.0,40850.0,1776.09,2024-07-05
Saint-Pierre-de-Bœuf,42272,42520,Maison,60.0,122200.0,2036.67,2024-06-28
Montbrison,42147,42600,Appartement,44.0,255000.0,5795.45,2024-06-24
Montbrison,42147,42600,Appartement,55.0,255000.0,4636.36,2024-06-24
Saint-Genest-Lerpt,42223,42530,Appartement,84.0,153000.0,1821.43,2024-07-12
Montbrison,42147,42600,Appartement,20.0,340000.0,17000.0,2024-07-05
Montbrison,42147,42600,Appartement,20.0,340000.0,17000.0,2024-07-05
Montbrison,42147,42600,Appartement,42.0,340000.0,8095.24,2024-07-05
Montbrison,42147,42600,Appartement,42.0,340000.0,8095.24,2024-07-05
Saint-Just-Saint-Rambert,42279,42170,Appartement,38.0,70000.0,1842.11,2024-07-16
Andrézieux-Bouthéon,42005,42160,Appartement,78.0,146000.0,1871.79,2024-07-12
Saint-Étienne,42218,42000,Appartement,25.0,41850.0,1674.0,2024-07-10
Saint-Étienne,42218,42000,Appartement,72.0,75000.0,1041.67,2024-07-15
Chalain-le-Comtal,42038,42600,Maison,87.0,180000.0,2068.97,2024-07-12
Saint-Étienne,42218,42100,Appartement,108.0,95490.0,884.17,2024-07-17
Saint-Étienne,42218,42000,Appartement,45.0,59000.0,1311.11,2024-07-10
Sorbiers,42302,42290,Maison,28.0,90000.0,3214.29,2024-07-16
Le Chambon-Feugerolles,42044,42500,Appartement,56.0,60000.0,1071.43,2024-07-17
Châteauneuf,42053,42800,Maison,82.0,294600.0,3592.68,2024-07-15
Saint-Étienne,42218,42000,Appartement,66.0,109800.0,1663.64,2024-07-11
Saint-Étienne,42218,42230,Maison,94.0,543000.0,5776.6,2024-07-18
Saint-Étienne,42218,42230,Appartement,46.0,543000.0,11804.35,2024-07-18
Saint-Étienne,42218,42230,Maison,55.0,543000.0,9872.73,2024-07-18
Saint-Étienne,42218,42230,Maison,55.0,543000.0,9872.73,2024-07-18
Saint-Étienne,42218,42230,Appartement,46.0,543000.0,11804.35,2024-07-18
Saint-Étienne,42218,42230,Maison,94.0,543000.0,5776.6,2024-07-18
Saint-Étienne,42218,42230,Appartement,46.0,543000.0,11804.35,2024-07-18
Saint-Étienne,42218,42230,Maison,55.0,543000.0,9872.73,2024-07-18
Saint-Étienne,42218,42230,Maison,94.0,543000.0,5776.6,2024-07-18
Saint-Étienne,42218,42000,Appartement,69.0,103580.0,1501.16,2024-07-05
Veauche,42323,42340,Maison,122.0,239950.0,1966.8,2024-07-16
Saint-Étienne,42218,42100,Appartement,85.0,85000.0,1000.0,2024-07-04
Villars,42330,42390,Appartement,80.0,113000.0,1412.5,2024-07-11
Saint-Chamond,42207,42400,Appartement,107.0,93000.0,869.16,2024-07-02
Saint-Chamond,42207,42400,Appartement,100.0,93000.0,930.0,2024-07-02
Saint-Étienne,42218,42100,Appartement,88.0,91000.0,1034.09,2024-07-09
Feurs,42094,42110,Appartement,95.0,220000.0,2315.79,2024-07-12
Saint-Joseph,42242,42800,Maison,74.0,205000.0,2770.27,2024-07-08
Saint-Laurent-la-Conche,42251,42210,Maison,124.0,251000.0,2024.19,2024-07-03
Saint-Étienne,42218,42000,Appartement,90.0,120060.0,1334.0,2024-07-15
Saint-Étienne,42218,42100,Appartement,156.0,150000.0,961.54,2024-06-28
Saint-Étienne,42218,42100,Appartement,39.0,45000.0,1153.85,2024-07-16
Saint-Étienne,42218,42000,Appartement,113.0,143000.0,1265.49,2024-07-12
Unieux,42316,42240,Maison,130.0,227000.0,1746.15,2024-07-10
Saint-Étienne,42218,42100,Appartement,44.0,44200.0,1004.55,2024-07-08
Saint-Chamond,42207,42400,Appartement,41.0,77000.0,1878.05,2024-07-11
Roche-la-Molière,42189,42230,Appartement,78.0,190000.0,2435.9,2024-07-02
Le Chambon-Feugerolles,42044,42500,Maison,100.0,89000.0,890.0,2024-07-10
Firminy,42095,42700,Maison,80.0,176000.0,2200.0,2024-07-15
Saint-Étienne,42218,42100,Maison,90.0,145000.0,1611.11,2024-07-11
Saint-Étienne,42218,42000,Appartement,65.0,54000.0,830.77,2024-07-08
Saint-Étienne,42218,42100,Maison,96.0,135000.0,1406.25,2024-07-09
Saint-Priest-en-Jarez,42275,42270,Appartement,18.0,57786.54,3210.36,2024-07-10
Lorette,42123,42420,Appartement,144.0,105000.0,729.17,2024-03-01
Saint-Étienne,42218,42000,Appartement,25.0,62000.0,2480.0,2024-07-15
Saint-Étienne,42218,42000,Appartement,30.0,62000.0,2066.67,2024-07-15
Saint-Étienne,42218,42100,Appartement,97.0,162000.0,1670.1,2024-07-15
Saint-Étienne,42218,42100,Maison,30.0,210000.0,7000.0,2024-07-11
Saint-Étienne,42218,42100,Maison,170.0,210000.0,1235.29,2024-07-11
Saint-Étienne,42218,42000,Appartement,59.0,275000.0,4661.02,2024-06-27
Saint-Étienne,42218,42000,Appartement,53.0,275000.0,5188.68,2024-06-27
Saint-Étienne,42218,42000,Appartement,71.0,275000.0,3873.24,2024-06-27
Saint-Étienne,42218,42000,Appartement,74.0,275000.0,3716.22,2024-06-27
Sury-le-Comtal,42304,42450,Maison,116.0,240000.0,2068.97,2024-06-28
Saint-Étienne,42218,42000,Appartement,68.0,132246.9,1944.81,2024-07-10
Saint-Étienne,42218,42100,Appartement,49.0,76000.0,1551.02,2024-07-15
Saint-Priest-en-Jarez,42275,42270,Appartement,66.0,112950.0,1711.36,2024-07-10
Saint-Martin-la-Plaine,42259,42800,Maison,110.0,249540.28,2268.55,2024-06-27
Précieux,42180,42600,Maison,118.0,163000.0,1381.36,2024-06-26
Firminy,42095,42700,Appartement,83.0,89000.0,1072.29,2024-07-04
Veauche,42323,42340,Appartement,102.0,228000.0,2235.29,2024-07-04
Saint-Étienne,42218,42100,Appartement,71.0,262600.0,3698.59,2024-07-10
Saint-Étienne,42218,42100,Appartement,95.0,262600.0,2764.21,2024-07-10
Saint-Étienne,42218,42000,Appartement,53.0,70000.0,1320.75,2024-07-08
Le Chambon-Feugerolles,42044,42500,Appartement,85.0,230870.0,2716.12,2024-07-08
Le Chambon-Feugerolles,42044,42500,Appartement,93.0,230870.0,2482.47,2024-07-08
Saint-Étienne,42218,42100,Appartement,61.0,67000.0,1098.36,2024-07-10
Saint-Étienne,42218,42100,Appartement,37.0,45000.0,1216.22,2024-07-08
Sail-sous-Couzan,42195,42890,Appartement,67.0,47000.0,701.49,2024-06-21
Feurs,42094,42110,Maison,85.0,155000.0,1823.53,2024-06-18
Saint-Étienne,42218,42000,Appartement,40.0,62000.0,1550.0,2024-06-27
Saint-Jean-Bonnefonds,42237,42650,Maison,95.0,259150.0,2727.89,2024-07-12
Saint-Étienne,42218,42100,Appartement,94.0,119700.0,1273.4,2024-06-21
Virigneux,42336,42140,Maison,141.0,218850.0,1552.13,2024-07-03
Saint-Étienne,42218,42000,Maison,107.0,325000.0,3037.38,2024-07-01
Saint-Étienne,42218,42100,Appartement,60.0,40000.0,666.67,2024-07-12
Saint-Étienne,42218,42100,Appartement,55.0,78000.0,1418.18,2024-07-11
Roche-la-Molière,42189,42230,Maison,188.0,333000.0,1771.28,2024-07-08
Saint-Étienne,42218,42100,Appartement,47.0,61000.0,1297.87,2024-06-24
Saint-Chamond,42207,42400,Appartement,70.0,120000.0,1714.29,2024-06-27
Saint-Étienne,42218,42000,Appartement,83.0,98000.0,1180.72,2024-07-09
Saint-Étienne,42218,42000,Appartement,35.0,29000.0,828.57,2024-07-11
Firminy,42095,42700,Maison,89.0,228000.0,2561.8,2024-07-12
Firminy,42095,42700,Maison,89.0,228000.0,2561.8,2024-07-12
Chazelles-sur-Lyon,42059,42140,Maison,80.0,155300.0,1941.25,2024-06-29
Saint-Genest-Lerpt,42223,42530,Maison,123.0,353000.0,2869.92,2024-07-15
Saint-Étienne,42218,42100,Appartement,45.0,68400.0,1520.0,2024-07-17
Saint-Just-Saint-Rambert,42279,42170,Appartement,69.0,170000.0,2463.77,2024-07-16
Saint-Étienne,42218,42100,Appartement,77.0,64000.0,831.17,2024-07-18
Unieux,42316,42240,Maison,116.0,183000.0,1577.59,2024-07-18
Saint-Priest-la-Vêtre,42278,42440,Maison,27.0,25000.0,925.93,2024-07-10
Chazelles-sur-Lyon,42059,42140,Appartement,55.0,145000.0,2636.36,2024-07-10
Chazelles-sur-Lyon,42059,42140,Appartement,34.0,145000.0,4264.71,2024-07-10
Saint-Chamond,42207,42400,Appartement,52.0,204000.0,3923.08,2024-07-08
Fraisses,42099,42490,Maison,75.0,168000.0,2240.0,2024-06-28
Saint-Étienne,42218,42000,Appartement,57.0,79000.0,1385.96,2024-07-01
Saint-Marcellin-en-Forez,42256,42680,Maison,60.0,232000.0,3866.67,2024-07-09
Saint-Marcellin-en-Forez,42256,42680,Appartement,58.0,232000.0,4000.0,2024-07-09
Saint-Pierre-de-Bœuf,42272,42520,Maison,52.0,126000.0,2423.08,2024-07-18
Saint-Étienne,42218,42100,Appartement,71.0,79100.0,1114.08,2024-07-15
Roche-la-Molière,42189,42230,Appartement,70.0,166400.0,2377.14,2024-07-02
Montbrison,42147,42600,Appartement,88.0,193000.0,2193.18,2024-07-11
Montbrison,42147,42600,Appartement,80.0,193000.0,2412.5,2024-07-11
Saint-Étienne,42218,42000,Appartement,83.0,230890.0,2781.81,2024-06-27
La Chamba,42040,42440,Maison,55.0,95000.0,1727.27,2024-06-20
Pélussin,42168,42410,Maison,44.0,132000.0,3000.0,2024-07-03
Saint-Étienne,42218,42100,Appartement,34.0,35000.0,1029.41,2024-07-16
Saint-Étienne,42218,42100,Appartement,36.0,66000.0,1833.33,2024-07-01
Saint-Étienne,42218,42000,Appartement,23.0,24000.0,1043.48,2024-07-16
La Grand-Croix,42103,42320,Appartement,91.0,122600.0,1347.25,2024-07-19
La Grand-Croix,42103,42320,Appartement,93.0,122600.0,1318.28,2024-07-19
Veauche,42323,42340,Maison,91.0,166000.0,1824.18,2024-07-04
Boisset-Saint-Priest,42021,42560,Maison,100.0,166500.0,1665.0,2024-07-18
Saint-Michel-sur-Rhône,42265,42410,Appartement,78.0,145000.0,1858.97,2024-06-25
Boën-sur-Lignon,42019,42130,Maison,65.0,68000.0,1046.15,2024-07-22
Saint-Étienne,42218,42000,Appartement,184.0,268700.0,1460.33,2024-07-11
Saint-Genest-Lerpt,42223,42530,Maison,80.0,281500.0,3518.75,2024-07-10
Firminy,42095,42700,Appartement,77.0,95000.0,1233.77,2024-07-19
Montbrison,42147,42600,Appartement,60.0,99820.0,1663.67,2024-07-17
Saint-Étienne,42218,42000,Appartement,93.0,114450.0,1230.65,2024-07-19
Saint-Étienne,42218,42000,Maison,77.0,184000.0,2389.61,2024-07-17
Le Chambon-Feugerolles,42044,42500,Appartement,38.0,460000.0,12105.26,2024-07-12
Le Chambon-Feugerolles,42044,42500,Appartement,108.0,460000.0,4259.26,2024-07-12
Le Chambon-Feugerolles,42044,42500,Appartement,108.0,460000.0,4259.26,2024-07-12
Le Chambon-Feugerolles,42044,42500,Appartement,77.0,460000.0,5974.03,2024-07-12
Le Chambon-Feugerolles,42044,42500,Appartement,50.0,460000.0,9200.0,2024-07-12
Saint-Martin-la-Plaine,42259,42800,Maison,90.0,319650.0,3551.67,2024-07-19
Apinac,42006,42550,Maison,75.0,521570.0,6954.27,2024-07-19
Saint-Joseph,42242,42800,Maison,110.0,290000.0,2636.36,2024-07-19
Le Chambon-Feugerolles,42044,42500,Maison,108.0,208870.0,1933.98,2024-07-17
Marcoux,42136,42130,Maison,80.0,146030.0,1825.38,2024-07-15
Marcoux,42136,42130,Maison,78.0,146030.0,1872.18,2024-07-15
Unieux,42316,42240,Appartement,95.0,66769.0,702.83,2024-07-15
Saint-Étienne,42218,42100,Maison,155.0,310700.0,2004.52,2024-06-28
Bonson,42022,42160,Maison,90.0,155825.0,1731.39,2024-07-17
Saint-Étienne,42218,42100,Appartement,75.0,40000.0,533.33,2024-07-22
Chazelles-sur-Lyon,42059,42140,Appartement,68.0,143000.0,2102.94,2024-07-19
Saint-Étienne,42218,42000,Appartement,49.0,48330.0,986.33,2024-07-15
Sorbiers,42302,42290,Maison,80.0,90000.0,1125.0,2024-07-18
La Talaudière,42305,42350,Maison,58.0,52000.0,896.55,2024-07-11
Noirétable,42159,42440,Appartement,50.0,55000.0,1100.0,2024-07-19
Noirétable,42159,42440,Appartement,40.0,55000.0,1375.0,2024-07-19
Montbrison,42147,42600,Maison,115.0,280000.0,2434.78,2024-07-11
Saint-Chamond,42207,42400,Appartement,67.0,176000.0,2626.87,2024-07-16
Panissières,42165,42360,Maison,154.0,132000.0,857.14,2024-07-09
Sorbiers,42302,42290,Maison,173.0,469000.0,2710.98,2024-07-15
Boën-sur-Lignon,42019,42130,Maison,75.0,154250.0,2056.67,2024-07-22
Saint-Étienne,42218,42100,Appartement,64.0,104000.0,1625.0,2024-07-17
Firminy,42095,42700,Maison,92.0,228650.0,2485.33,2024-07-08
Saint-Étienne,42218,42000,Appartement,129.0,189000.0,1465.12,2024-07-17
Saint-Priest-en-Jarez,42275,42270,Appartement,88.0,248800.0,2827.27,2024-07-12
Saint-Étienne,42218,42000,Appartement,50.0,68000.0,1360.0,2024-07-04
Saint-Étienne,42218,42100,Appartement,70.0,68500.0,978.57,2024-07-19
Saint-Étienne,42218,42100,Appartement,45.0,68500.0,1522.22,2024-07-19
Le Chambon-Feugerolles,42044,42500,Maison,106.0,215000.0,2028.3,2024-07-16
Saint-Étienne,42218,42100,Appartement,19.0,39000.0,2052.63,2024-07-18
Bonson,42022,42160,Maison,100.0,238990.0,2389.9,2024-07-16
Saint-Étienne,42218,42000,Appartement,92.0,251750.0,2736.41,2024-07-17
Saint-Étienne,42218,42100,Appartement,37.0,42000.0,1135.14,2024-07-03
Saint-Étienne,42218,42100,Appartement,73.0,49900.0,683.56,2024-07-09
Véranne,42326,42520,Maison,51.0,29388.0,576.24,2024-07-16
Saint-Étienne,42218,42000,Appartement,18.0,179000.0,9944.44,2024-06-27
Saint-Étienne,42218,42000,Appartement,18.0,179000.0,9944.44,2024-06-27
Saint-Étienne,42218,42100,Appartement,105.0,75000.0,714.29,2024-07-16
Saint-Chamond,42207,42400,Maison,91.0,210000.0,2307.69,2024-07-09
Saint-Étienne,42218,42100,Appartement,42.0,41000.0,976.19,2024-07-11
L'Horme,42110,42152,Maison,103.0,245700.0,2385.44,2024-07-01
Saint-Chamond,42207,42400,Appartement,73.0,74000.0,1013.7,2024-07-19
L'Horme,42110,42152,Maison,87.0,271345.0,3118.91,2024-07-11
Boën-sur-Lignon,42019,42130,Maison,85.0,88000.0,1035.29,2024-07-10
Boën-sur-Lignon,42019,42130,Maison,85.0,88000.0,1035.29,2024-07-10
Saint-Étienne,42218,42100,Appartement,35.0,20000.0,571.43,2024-07-19
Saint-Chamond,42207,42400,Maison,104.0,234400.0,2253.85,2024-07-03
Saint-Étienne,42218,42100,Appartement,182.0,519800.0,2856.04,2024-07-11
Saint-Étienne,42218,42100,Appartement,92.0,519800.0,5650.0,2024-07-11
La Talaudière,42305,42350,Maison,87.0,140000.0,1609.2,2024-07-15
Saint-Chamond,42207,42400,Appartement,80.0,290000.0,3625.0,2024-07-22
Saint-Chamond,42207,42400,Appartement,75.0,290000.0,3866.67,2024-07-22
Saint-Chamond,42207,42400,Appartement,81.0,290000.0,3580.25,2024-07-22
Saint-Genest-Malifaux,42224,42660,Maison,127.0,342000.0,2692.91,2024-07-01
Saint-Étienne,42218,42000,Appartement,32.0,85000.0,2656.25,2024-07-23
Saint-Étienne,42218,42000,Appartement,67.0,85000.0,1268.66,2024-07-23
Bellegarde-en-Forez,42013,42210,Maison,110.0,216175.0,1965.23,2024-07-08
Saint-Genest-Lerpt,42223,42530,Appartement,63.0,107500.0,1706.35,2024-07-18
Villars,42330,42390,Appartement,84.0,120000.0,1428.57,2024-07-08
Firminy,42095,42700,Appartement,90.0,108000.0,1200.0,2024-07-09
Andrézieux-Bouthéon,42005,42160,Appartement,89.0,163000.0,1831.46,2024-07-12
Roche-la-Molière,42189,42230,Maison,80.0,166000.0,2075.0,2024-07-10
Vêtre-sur-Anzon,42245,42440,Appartement,40.0,140000.0,3500.0,2024-06-25
Vêtre-sur-Anzon,42245,42440,Maison,100.0,140000.0,1400.0,2024-06-25
Saint-Romain-le-Puy,42285,42610,Maison,95.0,210000.0,2210.53,2024-07-05
Saint-Romain-le-Puy,42285,42610,Maison,60.0,210000.0,3500.0,2024-07-05
Marcilly-le-Châtel,42134,42130,Maison,66.0,112400.0,1703.03,2024-07-12
Andrézieux-Bouthéon,42005,42160,Appartement,63.0,147515.0,2341.51,2024-07-05
Saint-Étienne,42218,42000,Appartement,57.0,55000.0,964.91,2024-07-16
Montbrison,42147,42600,Appartement,90.0,109500.0,1216.67,2024-07-11
Montbrison,42147,42600,Maison,60.0,94000.0,1566.67,2024-07-19
Firminy,42095,42700,Appartement,80.0,80750.0,1009.38,2024-06-14
Saint-Étienne,42218,42100,Appartement,85.0,167000.0,1964.71,2024-07-16
Veauche,42323,42340,Maison,106.0,281300.0,2653.77,2024-07-05
Veauche,42323,42340,Maison,106.0,281300.0,2653.77,2024-07-05
Veauche,42323,42340,Maison,120.0,280700.0,2339.17,2024-07-15
Saint-Étienne,42218,42000,Appartement,90.0,103100.0,1145.56,2024-07-12
Saint-Priest-en-Jarez,42275,42270,Maison,240.0,922700.0,3844.58,2024-07-16
Saint-Priest-en-Jarez,42275,42270,Maison,240.0,922700.0,3844.58,2024-07-16
Lézigneux,42122,42600,Maison,109.0,190000.0,1743.12,2024-07-08
Lézigneux,42122,42600,Maison,96.0,190000.0,1979.17,2024-07-08
Veauche,42323,42340,Appartement,76.0,183400.0,2413.16,2024-07-17
Saint-Étienne,42218,42100,Appartement,53.0,30500.0,575.47,2024-07-10
Estivareilles,42091,42380,Maison,32.0,52500.0,1640.62,2024-07-19
Estivareilles,42091,42380,Maison,32.0,52500.0,1640.62,2024-07-19
Saint-Étienne,42218,42100,Appartement,18.0,56750.0,3152.78,2024-07-18
Chambœuf,42043,42330,Maison,101.0,361765.0,3581.83,2024-07-11
Sury-le-Comtal,42304,42450,Maison,78.0,169050.0,2167.31,2024-07-19
Fraisses,42099,42490,Maison,121.0,215000.0,1776.86,2024-07-12
Valfleury,42320,42320,Maison,100.0,208000.0,2080.0,2024-07-17
Valfleury,42320,42320,Maison,100.0,208000.0,2080.0,2024-07-17
Saint-Laurent-la-Conche,42251,42210,Maison,94.0,315000.0,3351.06,2024-07-02
Saint-Laurent-la-Conche,42251,42210,Maison,94.0,315000.0,3351.06,2024-07-02
Mizérieux,42143,42110,Maison,102.0,197200.0,1933.33,2024-07-11
Mizérieux,42143,42110,Maison,102.0,197200.0,1933.33,2024-07-11
Saint-Étienne,42218,42100,Maison,101.0,126275.0,1250.25,2024-07-10
Saint-Étienne,42218,42000,Appartement,57.0,53000.0,929.82,2024-07-15
Saint-Chamond,42207,42400,Maison,101.0,250130.0,2476.53,2024-07-16
Saint-Maurice-en-Gourgois,42262,42240,Maison,86.0,190000.0,2209.3,2024-07-15
Saint-Maurice-en-Gourgois,42262,42240,Maison,86.0,190000.0,2209.3,2024-07-15
Saint-Étienne,42218,42100,Appartement,146.0,242400.0,1660.27,2024-05-28
Saint-Étienne,42218,42100,Appartement,34.0,50000.0,1470.59,2024-07-22
Périgneux,42169,42380,Maison,111.0,140000.0,1261.26,2024-07-03
Périgneux,42169,42380,Maison,111.0,140000.0,1261.26,2024-07-03
Saint-Étienne,42218,42000,Maison,100.0,120000.0,1200.0,2024-07-12
Veauchette,42324,42340,Maison,76.0,110000.0,1447.37,2024-07-10
Veauchette,42324,42340,Maison,76.0,110000.0,1447.37,2024-07-10
Saint-Chamond,42207,42400,Maison,90.0,155000.0,1722.22,2024-07-08
La Talaudière,42305,42350,Maison,74.0,315000.0,4256.76,2024-07-18
La Talaudière,42305,42350,Maison,74.0,315000.0,4256.76,2024-07-18
La Talaudière,42305,42350,Maison,74.0,315000.0,4256.76,2024-07-18
Saint-Étienne,42218,42100,Appartement,52.0,620000.0,11923.08,2024-07-19
Saint-Étienne,42218,42100,Appartement,90.0,620000.0,6888.89,2024-07-19
Saint-Étienne,42218,42100,Appartement,84.0,620000.0,7380.95,2024-07-19
Saint-Étienne,42218,42100,Appartement,52.0,620000.0,11923.08,2024-07-19
Saint-Étienne,42218,42100,Appartement,44.0,620000.0,14090.91,2024-07-19
Saint-Étienne,42218,42100,Appartement,38.0,620000.0,16315.79,2024-07-19
Saint-Étienne,42218,42100,Appartement,109.0,620000.0,5688.07,2024-07-19
Saint-Étienne,42218,42100,Appartement,62.0,620000.0,10000.0,2024-07-19
Saint-Étienne,42218,42100,Appartement,84.0,620000.0,7380.95,2024-07-19
Saint-Étienne,42218,42100,Appartement,62.0,620000.0,10000.0,2024-07-19
Saint-Étienne,42218,42100,Appartement,42.0,620000.0,14761.9,2024-07-19
Saint-Étienne,42218,42100,Appartement,42.0,620000.0,14761.9,2024-07-19
Chazelles-sur-Lyon,42059,42140,Maison,119.0,105000.0,882.35,2024-07-03
Montbrison,42147,42600,Appartement,81.0,68000.0,839.51,2024-07-16
Saint-Étienne,42218,42100,Appartement,59.0,72000.0,1220.34,2024-07-17
Saint-Julien-Molin-Molette,42246,42220,Maison,115.0,203800.0,1772.17,2024-06-28
Chazelles-sur-Lyon,42059,42140,Appartement,60.0,74000.0,1233.33,2024-07-01
Chazelles-sur-Lyon,42059,42140,Appartement,30.0,74000.0,2466.67,2024-07-01
Saint-Étienne,42218,42100,Appartement,30.0,52000.0,1733.33,2024-07-04
Saint-Romain-le-Puy,42285,42610,Maison,130.0,307100.0,2362.31,2024-07-05
Saint-Étienne,42218,42000,Maison,100.0,125000.0,1250.0,2024-07-04
Feurs,42094,42110,Maison,84.0,203200.0,2419.05,2024-06-18
Saint-Just-Saint-Rambert,42279,42170,Maison,90.0,135000.0,1500.0,2024-07-22
Saint-Just-Saint-Rambert,42279,42170,Maison,90.0,135000.0,1500.0,2024-07-22
Saint-Étienne,42218,42100,Appartement,52.0,58000.0,1115.38,2024-07-16
Veauchette,42324,42340,Maison,95.0,276000.0,2905.26,2024-06-28
Saint-Étienne,42218,42100,Appartement,74.0,79000.0,1067.57,2024-07-15
Saint-Étienne,42218,42000,Appartement,170.0,229700.0,1351.18,2024-07-15
Châteauneuf,42053,42800,Maison,140.0,140000.0,1000.0,2024-07-16
Saint-Étienne,42218,42000,Appartement,85.0,141900.0,1669.41,2024-07-08
Saint-Étienne,42218,42100,Maison,67.0,196500.0,2932.84,2024-07-18
Saint-Étienne,42218,42100,Appartement,20.0,30000.0,1500.0,2024-07-16
Saint-Étienne,42218,42000,Appartement,70.0,106000.0,1514.29,2024-07-08
Saint-Étienne,42218,42000,Appartement,30.0,28000.0,933.33,2024-07-02
Saint-Galmier,42222,42330,Maison,219.0,340000.0,1552.51,2024-07-10
Saint-Galmier,42222,42330,Maison,165.0,340000.0,2060.61,2024-07-10
Saint-Étienne,42218,42000,Appartement,101.0,171960.0,1702.57,2024-06-11
Villars,42330,42390,Appartement,116.0,99000.0,853.45,2024-07-15
Veauche,42323,42340,Appartement,57.0,99000.0,1736.84,2024-07-02
Rive-de-Gier,42186,42800,Maison,76.0,185380.0,2439.21,2024-07-11
Fraisses,42099,42490,Appartement,47.0,210000.0,4468.09,2024-07-17
Saint-Étienne,42218,42100,Maison,155.0,344870.0,2224.97,2024-07-03
Feurs,42094,42110,Appartement,84.0,76120.0,906.19,2024-07-04
Saint-Étienne,42218,42000,Appartement,63.0,54000.0,857.14,2024-07-16
Saint-Étienne,42218,42000,Appartement,47.0,69000.0,1468.09,2024-07-17
Andrézieux-Bouthéon,42005,42160,Appartement,86.0,199000.0,2313.95,2024-07-19
Saint-Étienne,42218,42100,Appartement,64.0,105000.0,1640.62,2024-06-13
Saint-Julien-Molin-Molette,42246,42220,Maison,142.0,109900.0,773.94,2024-06-26
Veauche,42323,42340,Maison,90.0,282550.0,3139.44,2024-07-19
Saint-Étienne,42218,42000,Appartement,45.0,314400.0,6986.67,2024-06-25
Saint-Étienne,42218,42000,Appartement,136.0,314400.0,2311.76,2024-06-25
Saint-Étienne,42218,42000,Appartement,70.0,123300.0,1761.43,2024-07-22
Bourg-Argental,42023,42220,Maison,80.0,135000.0,1687.5,2024-06-28
Panissières,42165,42360,Maison,166.0,176000.0,1060.24,2024-07-23
Firminy,42095,42700,Maison,115.0,200000.0,1739.13,2024-07-25
Firminy,42095,42700,Maison,115.0,200000.0,1739.13,2024-07-25
Saint-Étienne,42218,42100,Appartement,66.0,52500.0,795.45,2024-07-19
Le Bessat,42017,42660,Maison,126.0,290000.0,2301.59,2024-07-22
Roche-la-Molière,42189,42230,Maison,85.0,132500.0,1558.82,2024-07-22
Saint-Genest-Malifaux,42224,42660,Appartement,59.0,104500.0,1771.19,2024-07-18
Saint-Médard-en-Forez,42264,42330,Maison,123.0,267500.0,2174.8,2024-07-18
Saint-Étienne,42218,42100,Appartement,14.0,35000.0,2500.0,2024-07-22
Saint-Étienne,42218,42100,Appartement,45.0,57000.0,1266.67,2024-07-12
Saint-Maurice-en-Gourgois,42262,42240,Maison,50.0,40000.0,800.0,2024-07-23
Saint-Étienne,42218,42100,Appartement,46.0,49500.0,1076.09,2024-07-22
Pélussin,42168,42410,Maison,140.0,155000.0,1107.14,2024-07-17
Saint-Romain-le-Puy,42285,42610,Maison,81.0,218000.0,2691.36,2024-07-12
Le Bessat,42017,42660,Maison,96.0,229495.0,2390.57,2024-07-23
Roche-la-Molière,42189,42230,Appartement,67.0,159600.0,2382.09,2024-07-24
Saint-Étienne,42218,42000,Appartement,87.0,117500.0,1350.57,2024-07-17
Firminy,42095,42700,Appartement,71.0,66000.0,929.58,2024-07-23
Saint-Sauveur-en-Rue,42287,42220,Maison,125.0,197965.0,1583.72,2024-07-05
Saint-Sauveur-en-Rue,42287,42220,Maison,125.0,197965.0,1583.72,2024-07-05
Saint-Étienne,42218,42000,Appartement,53.0,69500.0,1311.32,2024-07-22
Jonzieux,42115,42660,Appartement,60.0,136000.0,2266.67,2024-07-09
Jonzieux,42115,42660,Appartement,35.0,136000.0,3885.71,2024-07-09
Jonzieux,42115,42660,Appartement,60.0,136000.0,2266.67,2024-07-09
Saint-Étienne,42218,42100,Appartement,115.0,229900.0,1999.13,2024-07-18
Saint-Étienne,42218,42100,Appartement,59.0,40000.0,677.97,2024-07-09
Jonzieux,42115,42660,Maison,72.0,195000.0,2708.33,2024-07-23
Rozier-Côtes-d'Aurec,42192,42380,Maison,30.0,30000.0,1000.0,2024-07-09
Unieux,42316,42240,Maison,120.0,150000.0,1250.0,2024-07-25
Saint-Genest-Malifaux,42224,42660,Maison,115.0,355000.0,3086.96,2024-07-05
Saint-Priest-en-Jarez,42275,42270,Appartement,126.0,385000.0,3055.56,2024-07-01
Nervieux,42155,42510,Maison,93.0,230000.0,2473.12,2024-07-16
Montrond-les-Bains,42149,42210,Maison,99.0,285700.0,2885.86,2024-07-01
Rive-de-Gier,42186,42800,Maison,98.0,242600.0,2475.51,2024-07-23
Montbrison,42147,42600,Maison,70.0,55000.0,785.71,2024-07-16
Firminy,42095,42700,Appartement,90.0,107000.0,1188.89,2024-07-18
Saint-Just-Saint-Rambert,42279,42170,Maison,40.0,123000.0,3075.0,2024-07-17
Montbrison,42147,42600,Maison,85.0,227100.0,2671.76,2024-07-24
Roche-la-Molière,42189,42230,Maison,88.0,251500.0,2857.95,2024-07-18
Andrézieux-Bouthéon,42005,42160,Appartement,72.0,240000.0,3333.33,2024-07-25
Saint-Priest-en-Jarez,42275,42270,Maison,135.0,160000.0,1185.19,2024-07-19
Saint-Étienne,42218,42000,Appartement,118.0,162600.0,1377.97,2024-07-22
Saint-Étienne,42218,42000,Appartement,53.0,68000.0,1283.02,2024-07-25
Saint-Martin-Lestra,42261,42110,Maison,163.0,240000.0,1472.39,2024-07-19
Saint-Pierre-de-Bœuf,42272,42520,Maison,50.0,202870.0,4057.4,2024-07-16
Saint-Étienne,42218,42000,Appartement,193.0,221160.0,1145.91,2024-07-24
Saint-Étienne,42218,42000,Appartement,30.0,29500.0,983.33,2024-07-24
Saint-Chamond,42207,42400,Maison,100.0,100000.0,1000.0,2024-07-23
Véranne,42326,42520,Maison,34.0,30000.0,882.35,2024-07-25
Saint-Galmier,42222,42330,Maison,200.0,608150.0,3040.75,2024-07-08
Saint-Galmier,42222,42330,Maison,200.0,608150.0,3040.75,2024-07-08
Roisey,42191,42520,Maison,84.0,165000.0,1964.29,2024-07-09
Roche-la-Molière,42189,42230,Appartement,57.0,93400.0,1638.6,2024-07-16
Le Chambon-Feugerolles,42044,42500,Appartement,41.0,49000.0,1195.12,2024-07-26
Saint-Étienne,42218,42000,Appartement,35.0,28000.0,800.0,2024-07-09
Saint-Étienne,42218,42000,Appartement,73.0,220000.0,3013.7,2024-07-23
Montbrison,42147,42600,Maison,88.0,216750.0,2463.07,2024-07-22
Saint-Paul-en-Jarez,42271,42740,Maison,40.0,127000.0,3175.0,2024-07-18
Saint-André-le-Puy,42200,42210,Maison,93.0,233000.0,2505.38,2024-07-22
Andrézieux-Bouthéon,42005,42160,Maison,146.0,416295.0,2851.34,2024-07-23
Andrézieux-Bouthéon,42005,42160,Maison,146.0,416295.0,2851.34,2024-07-23
Saint-Étienne,42218,42000,Appartement,71.0,63000.0,887.32,2024-07-24
La Ricamarie,42183,42150,Appartement,80.0,78000.0,975.0,2024-07-08
Saint-Étienne,42218,42100,Maison,143.0,230000.0,1608.39,2024-07-16
Saint-Pierre-de-Bœuf,42272,42520,Appartement,79.0,136000.0,1721.52,2024-07-03
Chambéon,42041,42110,Maison,113.0,71688.19,634.41,2024-07-10
Chambéon,42041,42110,Maison,113.0,71688.19,634.41,2024-07-10
Saint-Martin-la-Plaine,42259,42800,Maison,78.0,225000.0,2884.62,2024-07-17
Rive-de-Gier,42186,42800,Appartement,112.0,210000.0,1875.0,2024-07-18
Saint-André-le-Puy,42200,42210,Maison,106.0,205150.0,1935.38,2024-07-23
Saint-André-le-Puy,42200,42210,Maison,106.0,205150.0,1935.38,2024-07-23
Pélussin,42168,42410,Maison,96.0,125000.0,1302.08,2024-07-23
Saint-Julien-Molin-Molette,42246,42220,Maison,86.0,52300.0,608.14,2024-07-17
Pélussin,42168,42410,Maison,75.0,206500.0,2753.33,2024-07-23
Pélussin,42168,42410,Maison,75.0,206500.0,2753.33,2024-07-23
Pélussin,42168,42410,Maison,75.0,206500.0,2753.33,2024-07-23
Saint-Galmier,42222,42330,Maison,83.0,178435.0,2149.82,2024-07-25
Saint-Just-Saint-Rambert,42279,42170,Maison,99.0,300000.0,3030.3,2024-07-25
Cottance,42073,42360,Maison,104.0,157000.0,1509.62,2024-06-28
Boën-sur-Lignon,42019,42130,Maison,366.0,356320.0,973.55,2024-07-19
Boën-sur-Lignon,42019,42130,Maison,66.0,356320.0,5398.79,2024-07-19
Boën-sur-Lignon,42019,42130,Maison,66.0,356320.0,5398.79,2024-07-19
Boën-sur-Lignon,42019,42130,Maison,366.0,356320.0,973.55,2024-07-19
Bessey,42018,42520,Maison,114.0,240000.0,2105.26,2024-07-25
Saint-Paul-en-Jarez,42271,42740,Maison,105.0,177650.0,1691.9,2024-07-25
Saint-Genest-Lerpt,42223,42530,Maison,263.0,690000.0,2623.57,2024-07-12
Saint-Genest-Lerpt,42223,42530,Maison,263.0,690000.0,2623.57,2024-07-12
La Ricamarie,42183,42150,Maison,123.0,195000.0,1585.37,2024-07-22
Le Chambon-Feugerolles,42044,42500,Appartement,68.0,170000.0,2500.0,2024-07-25
Le Chambon-Feugerolles,42044,42500,Appartement,68.0,170000.0,2500.0,2024-07-25
Saint-Étienne,42218,42100,Appartement,56.0,65000.0,1160.71,2024-07-23
Chavanay,42056,42410,Maison,113.0,264500.0,2340.71,2024-07-26
Soleymieux,42301,42560,Maison,210.0,348100.0,1657.62,2024-07-16
Saint-Étienne,42218,42100,Appartement,68.0,72000.0,1058.82,2024-07-17
Saint-Étienne,42218,42000,Appartement,52.0,50500.0,971.15,2024-07-22
Firminy,42095,42700,Appartement,90.0,34000.0,377.78,2024-07-22
Unieux,42316,42240,Appartement,50.0,116475.0,2329.5,2024-07-22
Saint-Étienne,42218,42000,Appartement,26.0,49000.0,1884.62,2024-07-12
Saint-Chamond,42207,42400,Maison,67.0,212000.0,3164.18,2024-07-24
Saint-Jean-Bonnefonds,42237,42650,Appartement,48.0,120000.0,2500.0,2024-07-15
Saint-Jean-Bonnefonds,42237,42650,Appartement,48.0,120000.0,2500.0,2024-07-15
Saint-Marcellin-en-Forez,42256,42680,Maison,120.0,336250.0,2802.08,2024-07-05
Saint-Étienne,42218,42000,Appartement,110.0,60000.0,545.45,2024-06-27
Saint-Just-Saint-Rambert,42279,42170,Maison,165.0,513000.0,3109.09,2024-07-19
Saint-Just-Saint-Rambert,42279,42170,Maison,165.0,513000.0,3109.09,2024-07-19
Saint-Priest-en-Jarez,42275,42270,Maison,80.0,248200.0,3102.5,2024-07-11
Saint-Chamond,42207,42400,Appartement,108.0,140150.0,1297.69,2024-06-26
Saint-Étienne,42218,42100,Appartement,30.0,58000.0,1933.33,2024-07-18
Saint-Christo-en-Jarez,42208,42320,Maison,230.0,840200.0,3653.04,2024-07-23
Saint-Christo-en-Jarez,42208,42320,Maison,230.0,840200.0,3653.04,2024-07-23
Saint-Paul-en-Cornillon,42270,42240,Maison,108.0,310000.0,2870.37,2024-06-26
Saint-Étienne,42218,42100,Appartement,52.0,70000.0,1346.15,2024-07-18
Saint-Étienne,42218,42100,Appartement,85.0,70000.0,823.53,2024-07-17
Saint-Étienne,42218,42100,Appartement,53.0,25000.0,471.7,2024-07-26
Villars,42330,42390,Maison,130.0,465820.0,3583.23,2024-07-24
Veauchette,42324,42340,Maison,90.0,277000.0,3077.78,2024-07-18
Saint-Étienne,42218,42000,Appartement,22.0,52000.0,2363.64,2024-07-19
Saint-Étienne,42218,42100,Appartement,67.0,140000.0,2089.55,2024-07-22
Saint-Étienne,42218,42000,Appartement,71.0,78800.0,1109.86,2024-07-19
Saint-Étienne,42218,42000,Appartement,69.0,78800.0,1142.03,2024-07-19
La Valla-en-Gier,42322,42131,Maison,96.0,155000.0,1614.58,2024-07-18
Firminy,42095,42700,Appartement,78.0,60000.0,769.23,2024-07-15
Saint-Étienne,42218,42100,Appartement,76.0,90000.0,1184.21,2024-07-25
Saint-Étienne,42218,42100,Appartement,48.0,65000.0,1354.17,2024-07-23
Saint-Chamond,42207,42400,Maison,89.0,155000.0,1741.57,2024-07-29
Saint-Étienne,42218,42100,Appartement,30.0,103000.0,3433.33,2024-07-24
Saint-Étienne,42218,42100,Appartement,31.0,103000.0,3322.58,2024-07-24
Unieux,42316,42240,Maison,43.0,165000.0,3837.21,2024-07-05
Firminy,42095,42700,Appartement,79.0,41000.0,518.99,2024-07-25
Saint-Étienne,42218,42230,Maison,107.0,345000.0,3224.3,2024-07-25
Saint-Étienne,42218,42230,Maison,107.0,345000.0,3224.3,2024-07-25
Saint-Étienne,42218,42230,Maison,90.0,180000.0,2000.0,2024-07-11
Firminy,42095,42700,Appartement,280.0,171000.0,610.71,2024-07-15
Saint-Étienne,42218,42100,Appartement,85.0,133500.0,1570.59,2024-07-22
Montbrison,42147,42600,Appartement,45.0,141500.0,3144.44,2024-07-22
Saint-Étienne,42218,42100,Appartement,23.0,60000.0,2608.7,2024-07-18
Firminy,42095,42700,Appartement,140.0,160000.0,1142.86,2024-07-18
Firminy,42095,42700,Appartement,85.0,160000.0,1882.35,2024-07-18
Firminy,42095,42700,Appartement,15.0,160000.0,10666.67,2024-07-18
Firminy,42095,42700,Appartement,45.0,160000.0,3555.56,2024-07-18
Firminy,42095,42700,Appartement,45.0,160000.0,3555.56,2024-07-18
Firminy,42095,42700,Appartement,45.0,160000.0,3555.56,2024-07-18
Saint-Étienne,42218,42000,Appartement,42.0,72100.0,1716.67,2024-07-25
Saint-Étienne,42218,42000,Appartement,43.0,60450.0,1405.81,2024-07-29
Saint-Étienne,42218,42000,Appartement,25.0,44500.0,1780.0,2024-07-17
Saint-Étienne,42218,42000,Appartement,25.0,44500.0,1780.0,2024-07-17
Saint-Priest-en-Jarez,42275,42270,Appartement,68.0,140000.0,2058.82,2024-07-22
Saint-Étienne,42218,42000,Appartement,37.0,44500.0,1202.7,2024-07-17
La Talaudière,42305,42350,Appartement,57.0,98100.0,1721.05,2024-07-04
Sorbiers,42302,42290,Appartement,62.0,75000.0,1209.68,2024-07-19
Feurs,42094,42110,Maison,119.0,330000.0,2773.11,2024-07-26
La Talaudière,42305,42350,Appartement,53.0,193000.0,3641.51,2024-07-24
Saint-Héand,42234,42570,Maison,222.0,481550.0,2169.14,2024-07-24
Saint-Héand,42234,42570,Maison,222.0,481550.0,2169.14,2024-07-24
Saint-Étienne,42218,42000,Appartement,60.0,155000.0,2583.33,2024-07-05
Saint-Étienne,42218,42000,Appartement,90.0,226000.0,2511.11,2024-07-22
Saint-Étienne,42218,42000,Appartement,69.0,86200.0,1249.28,2024-07-19
Saint-Étienne,42218,42000,Appartement,71.0,86200.0,1214.08,2024-07-19
Rive-de-Gier,42186,42800,Maison,78.0,260000.0,3333.33,2024-07-18
Saint-Étienne,42218,42100,Appartement,65.0,71500.0,1100.0,2024-07-05
Saint-Sauveur-en-Rue,42287,42220,Maison,96.0,197500.0,2057.29,2024-07-19
Saint-Chamond,42207,42400,Maison,89.0,342000.0,3842.7,2024-07-22
La Valla-en-Gier,42322,42131,Maison,137.0,227000.0,1656.93,2024-07-23
Saint-Chamond,42207,42400,Appartement,151.0,176000.0,1165.56,2024-07-26
Feurs,42094,42110,Appartement,43.0,130000.0,3023.26,2024-07-26
Saint-Étienne,42218,42000,Maison,98.0,210000.0,2142.86,2024-07-23
Bourg-Argental,42023,42220,Maison,72.0,103000.0,1430.56,2024-07-18
Saint-Étienne,42218,42000,Appartement,55.0,255000.0,4636.36,2024-07-24
Saint-Étienne,42218,42000,Appartement,60.0,255000.0,4250.0,2024-07-24
Saint-Étienne,42218,42000,Appartement,55.0,255000.0,4636.36,2024-07-24
Chavanay,42056,42410,Maison,101.0,275000.0,2722.77,2024-07-29
Chazelles-sur-Lyon,42059,42140,Maison,179.0,379316.0,2119.08,2024-07-16
Chazelles-sur-Lyon,42059,42140,Maison,179.0,379316.0,2119.08,2024-07-16
Firminy,42095,42700,Appartement,76.0,359000.0,4723.68,2024-07-12
Firminy,42095,42700,Appartement,42.0,359000.0,8547.62,2024-07-12
Firminy,42095,42700,Appartement,47.0,359000.0,7638.3,2024-07-12
Firminy,42095,42700,Appartement,76.0,359000.0,4723.68,2024-07-12
Firminy,42095,42700,Appartement,76.0,359000.0,4723.68,2024-07-12
Firminy,42095,42700,Appartement,42.0,359000.0,8547.62,2024-07-12
Firminy,42095,42700,Appartement,42.0,359000.0,8547.62,2024-07-12
Firminy,42095,42700,Appartement,78.0,359000.0,4602.56,2024-07-12
Firminy,42095,42700,Appartement,47.0,359000.0,7638.3,2024-07-12
Firminy,42095,42700,Appartement,75.0,359000.0,4786.67,2024-07-12
Saint-Étienne,42218,42100,Appartement,88.0,123120.0,1399.09,2024-07-25
Saint-Just-Saint-Rambert,42279,42170,Maison,125.0,345000.0,2760.0,2024-07-17
La Grand-Croix,42103,42320,Appartement,49.0,79330.0,1618.98,2024-07-26
Saint-Étienne,42218,42100,Appartement,51.0,37000.0,725.49,2024-07-15
Saint-Étienne,42218,42000,Appartement,48.0,37000.0,770.83,2024-07-15
Saint-Étienne,42218,42000,Appartement,78.0,76200.0,976.92,2024-07-22
Saint-Étienne,42218,42000,Appartement,79.0,76000.0,962.03,2024-07-18
Saint-Étienne,42218,42100,Appartement,76.0,53000.0,697.37,2024-07-26
La Talaudière,42305,42350,Maison,80.0,224500.0,2806.25,2024-07-12
Saint-Étienne,42218,42000,Appartement,94.0,228450.0,2430.32,2024-07-18
Rive-de-Gier,42186,42800,Maison,90.0,235000.0,2611.11,2024-07-24
Saint-Julien-Molin-Molette,42246,42220,Maison,120.0,50000.0,416.67,2024-07-01
Saint-Étienne,42218,42100,Appartement,24.0,42900.0,1787.5,2024-07-24
Saint-Étienne,42218,42100,Appartement,76.0,66000.0,868.42,2024-07-25
Montbrison,42147,42600,Maison,80.0,159375.0,1992.19,2024-07-25
Saint-Étienne,42218,42000,Appartement,27.0,27500.0,1018.52,2024-07-10
Montbrison,42147,42600,Maison,98.0,175000.0,1785.71,2024-07-25
Saint-Étienne,42218,42000,Appartement,33.0,74800.0,2266.67,2024-07-29
Saint-Étienne,42218,42000,Appartement,70.0,74800.0,1068.57,2024-07-29
Saint-Genest-Lerpt,42223,42530,Appartement,63.0,156000.0,2476.19,2024-07-15
Saint-Étienne,42218,42230,Maison,93.0,275000.0,2956.99,2024-07-11
Saint-Étienne,42218,42230,Maison,93.0,275000.0,2956.99,2024-07-11
Saint-Étienne,42218,42100,Appartement,126.0,143000.0,1134.92,2024-07-23
Saint-Étienne,42218,42100,Appartement,63.0,84000.0,1333.33,2024-07-25
Saint-Étienne,42218,42100,Appartement,42.0,41500.0,988.1,2024-07-26
Saint-Étienne,42218,42000,Appartement,33.0,35000.0,1060.61,2024-07-15
Saint-Étienne,42218,42230,Maison,90.0,224000.0,2488.89,2024-07-17
Panissières,42165,42360,Appartement,108.0,43000.0,398.15,2024-07-12
Panissières,42165,42360,Appartement,54.0,43000.0,796.3,2024-07-12
Saint-Héand,42234,42570,Maison,100.0,302900.0,3029.0,2024-07-22
Saint-Étienne,42218,42100,Appartement,70.0,80000.0,1142.86,2024-07-16
Saint-Étienne,42218,42000,Appartement,43.0,55000.0,1279.07,2024-07-22
Saint-Étienne,42218,42000,Appartement,101.0,219000.0,2168.32,2024-07-01
Saint-Appolinard,42201,42520,Maison,69.0,269000.0,3898.55,2024-07-17
Saint-Étienne,42218,42100,Appartement,78.0,144000.0,1846.15,2024-07-12
Andrézieux-Bouthéon,42005,42160,Appartement,80.0,65000.0,812.5,2024-07-05
Saint-Chamond,42207,42400,Appartement,96.0,148000.0,1541.67,2024-07-15
L'Horme,42110,42152,Appartement,58.0,65000.0,1120.69,2024-07-29
Saint-Étienne,42218,42000,Appartement,69.0,315317.0,4569.81,2024-07-29
Saint-Étienne,42218,42000,Appartement,59.0,315317.0,5344.36,2024-07-29
Andrézieux-Bouthéon,42005,42160,Maison,99.0,150000.0,1515.15,2024-07-11
Andrézieux-Bouthéon,42005,42160,Appartement,67.0,35000.0,522.39,2024-07-11
Saint-Étienne,42218,42000,Appartement,85.0,150000.0,1764.71,2024-07-29
Saint-Étienne,42218,42100,Appartement,58.0,59500.0,1025.86,2024-07-03
Saint-Genest-Lerpt,42223,42530,Maison,170.0,606700.0,3568.82,2024-07-15
Montbrison,42147,42600,Maison,62.0,190000.0,3064.52,2024-07-22
Boisset-lès-Montrond,42020,42210,Maison,73.0,120000.0,1643.84,2024-07-23
Montbrison,42147,42600,Maison,94.0,172000.0,1829.79,2024-07-26
Saint-Étienne,42218,42100,Appartement,64.0,110500.0,1726.56,2024-07-29
Viricelles,42335,42140,Maison,90.0,280970.0,3121.89,2024-07-08
Cuzieu,42081,42330,Maison,74.0,140000.0,1891.89,2024-07-05
Lorette,42123,42420,Maison,104.0,287550.0,2764.9,2024-07-29
Saint-Étienne,42218,42100,Appartement,71.0,45000.0,633.8,2024-07-30
Saint-Just-Saint-Rambert,42279,42170,Appartement,80.0,165000.0,2062.5,2024-07-23
Saint-Just-Saint-Rambert,42279,42170,Appartement,65.0,165000.0,2538.46,2024-07-23
Saint-Bonnet-les-Oules,42206,42330,Maison,40.0,80000.0,2000.0,2024-07-05
Saint-Chamond,42207,42400,Appartement,75.0,45000.0,600.0,2024-07-26
Boën-sur-Lignon,42019,42130,Appartement,73.0,115000.0,1575.34,2024-07-29
Boën-sur-Lignon,42019,42130,Appartement,42.0,115000.0,2738.1,2024-07-29
Boën-sur-Lignon,42019,42130,Appartement,36.0,115000.0,3194.44,2024-07-29
Boën-sur-Lignon,42019,42130,Appartement,73.0,115000.0,1575.34,2024-07-29
Boën-sur-Lignon,42019,42130,Appartement,47.0,115000.0,2446.81,2024-07-29
Boën-sur-Lignon,42019,42130,Appartement,27.0,115000.0,4259.26,2024-07-29
Saint-Étienne,42218,42100,Appartement,96.0,110000.0,1145.83,2024-07-30
Fraisses,42099,42490,Maison,139.0,334650.0,2407.55,2024-07-29
Saint-Étienne,42218,42000,Appartement,52.0,54000.0,1038.46,2024-07-26
Saint-Joseph,42242,42800,Maison,130.0,358000.0,2753.85,2024-07-23
Chalmazel-Jeansagnière,42039,42920,Maison,100.0,68400.0,684.0,2024-07-25
Rive-de-Gier,42186,42800,Maison,117.0,318100.0,2718.8,2024-07-26
Saint-Chamond,42207,42400,Appartement,72.0,160000.0,2222.22,2024-07-05
Saint-Chamond,42207,42400,Maison,84.0,260000.0,3095.24,2024-07-05
L'Horme,42110,42152,Appartement,93.0,90500.0,973.12,2024-07-29
Saint-Étienne,42218,42000,Appartement,36.0,64900.0,1802.78,2024-07-30
Saint-Étienne,42218,42000,Appartement,48.0,65000.0,1354.17,2024-07-29
Andrézieux-Bouthéon,42005,42160,Maison,91.0,225000.0,2472.53,2024-07-26
L'Étrat,42092,42580,Appartement,94.0,215000.0,2287.23,2024-07-23
Rive-de-Gier,42186,42800,Appartement,59.0,59000.0,1000.0,2024-07-25
Rive-de-Gier,42186,42800,Maison,89.0,155000.0,1741.57,2024-07-18
Andrézieux-Bouthéon,42005,42160,Appartement,74.0,273000.0,3689.19,2024-07-18
Fraisses,42099,42490,Maison,81.0,220000.0,2716.05,2024-07-19
Saint-Just-Saint-Rambert,42279,42170,Appartement,111.0,369500.0,3328.83,2024-07-24
Genilac,42225,42800,Maison,79.0,260000.0,3291.14,2024-07-26
Saint-Étienne,42218,42100,Appartement,98.0,160000.0,1632.65,2024-07-26
Grammond,42102,42140,Maison,113.0,240000.0,2123.89,2024-07-17
Saint-Étienne,42218,42100,Appartement,35.0,35000.0,1000.0,2024-07-24
Genilac,42225,42800,Maison,94.0,208000.0,2212.77,2024-07-25
Feurs,42094,42110,Maison,130.0,292000.0,2246.15,2024-07-22
Montbrison,42147,42600,Appartement,78.0,228000.0,2923.08,2024-07-23
Saint-Just-Saint-Rambert,42279,42170,Maison,89.0,145000.0,1629.21,2024-07-25
La Terrasse-sur-Dorlay,42308,42740,Appartement,116.0,188300.0,1623.28,2024-08-01
Saint-Chamond,42207,42400,Appartement,85.0,157000.0,1847.06,2024-07-30
Saint-Étienne,42218,42100,Appartement,63.0,34500.0,547.62,2024-07-25
Lupé,42124,42520,Maison,60.0,100000.0,1666.67,2024-07-30
Bussy-Albieux,42030,42260,Maison,130.0,110000.0,846.15,2024-07-31
Salt-en-Donzy,42296,42110,Maison,98.0,38000.0,387.76,2024-06-27
Salt-en-Donzy,42296,42110,Maison,160.0,38000.0,237.5,2024-06-27
Saint-Chamond,42207,42400,Appartement,56.0,175000.0,3125.0,2024-07-30
Saint-Chamond,42207,42400,Appartement,86.0,175000.0,2034.88,2024-07-30
Saint-Chamond,42207,42400,Appartement,77.0,175000.0,2272.73,2024-07-30
Saint-Chamond,42207,42400,Appartement,86.0,175000.0,2034.88,2024-07-30
Saint-Chamond,42207,42400,Appartement,23.0,175000.0,7608.7,2024-07-30
Champdieu,42046,42600,Maison,60.0,135000.0,2250.0,2024-07-26
Tartaras,42307,42800,Maison,89.0,230000.0,2584.27,2024-07-31
Saint-Genest-Lerpt,42223,42530,Appartement,77.0,134400.0,1745.45,2024-07-24
Roisey,42191,42520,Maison,84.0,180900.0,2153.57,2024-07-31
Roisey,42191,42520,Maison,84.0,180900.0,2153.57,2024-07-31
Saint-Étienne,42218,42100,Appartement,19.0,38000.0,2000.0,2024-07-30
Saint-Bonnet-les-Oules,42206,42330,Appartement,71.0,228500.0,3218.31,2024-07-24
Saint-Étienne,42218,42100,Appartement,74.0,77000.0,1040.54,2024-07-25
Saint-Étienne,42218,42000,Appartement,78.0,125130.0,1604.23,2024-07-26
La Fouillouse,42097,42480,Appartement,78.0,255600.0,3276.92,2024-07-22
Roisey,42191,42520,Maison,91.0,130000.0,1428.57,2024-07-26
Roisey,42191,42520,Maison,91.0,130000.0,1428.57,2024-07-26
Unieux,42316,42240,Maison,102.0,90000.0,882.35,2024-07-25
Saint-Étienne,42218,42000,Appartement,78.0,85000.0,1089.74,2024-07-29
Saint-Étienne,42218,42100,Appartement,61.0,84550.0,1386.07,2024-07-18
Bourg-Argental,42023,42220,Maison,98.0,161500.0,1647.96,2024-07-03
Saint-Étienne,42218,42000,Appartement,60.0,28500.0,475.0,2024-07-19
Saint-Étienne,42218,42100,Appartement,42.0,45000.0,1071.43,2024-07-24
Saint-Romain-les-Atheux,42286,42660,Maison,105.0,204500.0,1947.62,2024-07-11
Sainte-Foy-Saint-Sulpice,42221,42110,Maison,118.0,300000.0,2542.37,2024-07-26
Sainte-Foy-Saint-Sulpice,42221,42110,Maison,118.0,300000.0,2542.37,2024-07-26
Saint-Étienne,42218,42000,Appartement,36.0,120000.0,3333.33,2024-07-26
Boën-sur-Lignon,42019,42130,Maison,115.0,220000.0,1913.04,2024-07-30
Boën-sur-Lignon,42019,42130,Maison,115.0,220000.0,1913.04,2024-07-30
Boën-sur-Lignon,42019,42130,Maison,115.0,220000.0,1913.04,2024-07-30
Saint-Étienne,42218,42000,Appartement,79.0,130000.0,1645.57,2024-07-23
Rozier-en-Donzy,42193,42810,Maison,130.0,230000.0,1769.23,2024-07-26
Saint-Étienne,42218,42100,Appartement,62.0,65000.0,1048.39,2024-07-19
Saint-Genest-Malifaux,42224,42660,Maison,76.0,240000.0,3157.89,2024-07-31
Saint-Just-Saint-Rambert,42279,42170,Maison,93.0,289100.0,3108.6,2024-07-29
Saint-Just-Saint-Rambert,42279,42170,Maison,93.0,289100.0,3108.6,2024-07-29
Saint-Étienne,42218,42100,Appartement,102.0,218500.0,2142.16,2024-07-25
Saint-Étienne,42218,42100,Appartement,52.0,218500.0,4201.92,2024-07-25
Saint-Chamond,42207,42400,Maison,82.0,210000.0,2560.98,2024-07-30
Saint-Étienne,42218,42000,Appartement,88.0,15000.0,170.45,2024-07-19
Saint-Chamond,42207,42400,Appartement,38.0,138000.0,3631.58,2024-07-03
Saint-Chamond,42207,42400,Appartement,41.0,138000.0,3365.85,2024-07-03
Saint-Martin-la-Plaine,42259,42800,Appartement,89.0,230000.0,2584.27,2024-07-23
Chalmazel-Jeansagnière,42039,42920,Appartement,47.0,64000.0,1361.7,2024-07-24
Chalmazel-Jeansagnière,42039,42920,Appartement,61.0,64000.0,1049.18,2024-07-24
Saint-Chamond,42207,42400,Maison,97.0,226500.0,2335.05,2024-08-01
Saint-Héand,42234,42570,Appartement,144.0,362600.0,2518.06,2024-07-24
Montbrison,42147,42600,Appartement,71.0,79000.0,1112.68,2024-07-22
Saint-Marcellin-en-Forez,42256,42680,Appartement,53.0,115000.0,2169.81,2024-07-29
Panissières,42165,42360,Maison,110.0,95000.0,863.64,2024-07-30
Saint-Étienne,42218,42000,Appartement,85.0,115000.0,1352.94,2024-07-25
Roche-la-Molière,42189,42230,Maison,115.0,405500.0,3526.09,2024-07-30
Saint-Étienne,42218,42000,Appartement,67.0,87500.0,1305.97,2024-07-29
Cottance,42073,42360,Maison,48.0,75000.0,1562.5,2024-07-25
Usson-en-Forez,42318,42550,Appartement,20.0,55000.0,2750.0,2024-07-31
Usson-en-Forez,42318,42550,Appartement,20.0,55000.0,2750.0,2024-07-31
Usson-en-Forez,42318,42550,Appartement,20.0,55000.0,2750.0,2024-07-31
Usson-en-Forez,42318,42550,Appartement,20.0,55000.0,2750.0,2024-07-31
Usson-en-Forez,42318,42550,Appartement,150.0,55000.0,366.67,2024-07-31
Usson-en-Forez,42318,42550,Appartement,20.0,55000.0,2750.0,2024-07-31
Usson-en-Forez,42318,42550,Appartement,20.0,55000.0,2750.0,2024-07-31
Usson-en-Forez,42318,42550,Appartement,20.0,55000.0,2750.0,2024-07-31
Usson-en-Forez,42318,42550,Appartement,20.0,55000.0,2750.0,2024-07-31
Chazelles-sur-Lyon,42059,42140,Maison,108.0,145800.0,1350.0,2024-07-24
Lézigneux,42122,42600,Maison,124.0,298000.0,2403.23,2024-07-26
Lézigneux,42122,42600,Maison,124.0,298000.0,2403.23,2024-07-26
Saint-Étienne,42218,42100,Appartement,44.0,63000.0,1431.82,2024-07-31
Chalain-d'Uzore,42037,42600,Maison,94.0,241900.0,2573.4,2024-07-22
Chalain-d'Uzore,42037,42600,Maison,94.0,241900.0,2573.4,2024-07-22
Saint-Étienne,42218,42100,Maison,126.0,420000.0,3333.33,2024-07-26
Saint-Étienne,42218,42000,Appartement,51.0,84990.0,1666.47,2024-07-31
Saint-Jean-Bonnefonds,42237,42650,Appartement,77.0,144250.0,1873.38,2024-07-31
Saint-Priest-en-Jarez,42275,42270,Appartement,46.0,79000.0,1717.39,2024-07-23
Boën-sur-Lignon,42019,42130,Appartement,96.0,115000.0,1197.92,2024-07-30
Saint-Étienne,42218,42000,Appartement,85.0,120000.0,1411.76,2024-07-24
Saint-Étienne,42218,42000,Appartement,90.0,120000.0,1333.33,2024-07-24
Saint-Étienne,42218,42100,Appartement,80.0,55000.0,687.5,2024-07-29
Montrond-les-Bains,42149,42210,Appartement,72.0,248000.0,3444.44,2024-07-23
Saint-Étienne,42218,42000,Appartement,31.0,42750.0,1379.03,2024-07-31
Saint-Priest-en-Jarez,42275,42270,Appartement,63.0,185000.0,2936.51,2024-07-31
Saint-Étienne,42218,42100,Appartement,66.0,113000.0,1712.12,2024-07-08
Villars,42330,42390,Appartement,77.0,205000.0,2662.34,2024-07-23
Unieux,42316,42240,Maison,90.0,229000.0,2544.44,2024-07-31
Saint-Étienne,42218,42000,Appartement,85.0,71000.0,835.29,2024-07-19
Saint-Étienne,42218,42100,Appartement,26.0,40000.0,1538.46,2024-07-24
Roche-la-Molière,42189,42230,Maison,107.0,190000.0,1775.7,2024-07-22
Saint-Étienne,42218,42100,Appartement,52.0,61000.0,1173.08,2024-07-24
Saint-Étienne,42218,42000,Appartement,33.0,57000.0,1727.27,2024-07-24
Saint-Étienne,42218,42000,Appartement,37.0,57000.0,1540.54,2024-07-24
Saint-Étienne,42218,42100,Appartement,17.0,50500.0,2970.59,2024-07-31
Saint-Étienne,42218,42100,Appartement,70.0,50500.0,721.43,2024-07-31
Saint-Étienne,42218,42100,Appartement,63.0,50500.0,801.59,2024-07-31
Saint-Étienne,42218,42000,Appartement,59.0,109300.0,1852.54,2024-07-29
Panissières,42165,42360,Maison,70.0,32600.0,465.71,2024-08-01
Saint-Cyprien,42211,42160,Maison,104.0,238200.0,2290.38,2024-07-26
Chambœuf,42043,42330,Maison,90.0,327300.0,3636.67,2024-07-26
Chambœuf,42043,42330,Maison,90.0,327300.0,3636.67,2024-07-26
Chambles,42042,42170,Maison,60.0,160700.0,2678.33,2024-07-30
Saint-Étienne,42218,42000,Appartement,63.0,100000.0,1587.3,2024-07-26
Saint-Marcellin-en-Forez,42256,42680,Maison,60.0,162500.0,2708.33,2024-07-25
La Fouillouse,42097,42480,Appartement,69.0,125000.0,1811.59,2024-07-26
La Fouillouse,42097,42480,Appartement,70.0,135000.0,1928.57,2024-07-23
Saint-Étienne,42218,42100,Maison,120.0,255000.0,2125.0,2024-07-23
Saint-Michel-sur-Rhône,42265,42410,Maison,160.0,487000.0,3043.75,2024-07-26
Saint-Michel-sur-Rhône,42265,42410,Maison,160.0,487000.0,3043.75,2024-07-26
Sainte-Agathe-la-Bouteresse,42197,42130,Maison,120.0,70000.0,583.33,2024-07-25
Saint-Just-Saint-Rambert,42279,42170,Appartement,59.0,109000.0,1847.46,2024-07-24
Saint-Just-Saint-Rambert,42279,42170,Maison,60.0,70000.0,1166.67,2024-07-31
Saint-Just-Saint-Rambert,42279,42170,Appartement,80.0,244000.0,3050.0,2024-07-04
Saint-Cyprien,42211,42160,Maison,90.0,235000.0,2611.11,2024-07-31
Saint-Étienne,42218,42000,Appartement,42.0,450000.0,10714.29,2024-07-31
Saint-Étienne,42218,42000,Appartement,37.0,450000.0,12162.16,2024-07-31
Saint-Étienne,42218,42000,Appartement,34.0,450000.0,13235.29,2024-07-31
Saint-Étienne,42218,42000,Appartement,58.0,450000.0,7758.62,2024-07-31
Saint-Étienne,42218,42000,Appartement,62.0,450000.0,7258.06,2024-07-31
Saint-Étienne,42218,42000,Appartement,44.0,450000.0,10227.27,2024-07-31
Saint-Étienne,42218,42000,Appartement,40.0,450000.0,11250.0,2024-07-31
Saint-Étienne,42218,42000,Appartement,39.0,450000.0,11538.46,2024-07-31
Saint-Étienne,42218,42000,Appartement,39.0,450000.0,11538.46,2024-07-31
Saint-Étienne,42218,42000,Appartement,62.0,450000.0,7258.06,2024-07-31
Saint-Étienne,42218,42000,Appartement,60.0,450000.0,7500.0,2024-07-31
Saint-Étienne,42218,42000,Appartement,39.0,450000.0,11538.46,2024-07-31
Saint-Étienne,42218,42000,Appartement,62.0,450000.0,7258.06,2024-07-31
Saint-Étienne,42218,42000,Appartement,60.0,450000.0,7500.0,2024-07-31
Saint-Étienne,42218,42000,Appartement,39.0,450000.0,11538.46,2024-07-31
Bonson,42022,42160,Maison,82.0,230000.0,2804.88,2024-07-31
Saint-Just-Saint-Rambert,42279,42170,Maison,84.0,169000.0,2011.9,2024-07-25
Sorbiers,42302,42290,Maison,118.0,359250.0,3044.49,2024-07-25
Saint-Chamond,42207,42400,Appartement,88.0,85000.0,965.91,2024-06-25
Saint-Étienne,42218,42100,Appartement,70.0,134000.0,1914.29,2024-07-22
Saint-Chamond,42207,42400,Appartement,92.0,107900.0,1172.83,2024-07-29
Saint-Just-Saint-Rambert,42279,42170,Appartement,57.0,103000.0,1807.02,2024-08-01
Saint-Just-Saint-Rambert,42279,42170,Appartement,56.0,114000.0,2035.71,2024-08-01
Saint-Étienne,42218,42000,Appartement,34.0,258000.0,7588.24,2024-07-25
Saint-Étienne,42218,42000,Appartement,83.0,258000.0,3108.43,2024-07-25
Saint-Étienne,42218,42000,Appartement,62.0,258000.0,4161.29,2024-07-25
Saint-Étienne,42218,42000,Appartement,62.0,258000.0,4161.29,2024-07-25
Saint-Paul-en-Jarez,42271,42740,Maison,83.0,235800.0,2840.96,2024-07-05
Saint-Priest-en-Jarez,42275,42270,Appartement,71.0,223200.0,3143.66,2024-07-29
Villars,42330,42390,Maison,171.0,458200.0,2679.53,2024-07-23
Rive-de-Gier,42186,42800,Appartement,90.0,139270.0,1547.44,2024-07-31
Saint-Priest-en-Jarez,42275,42270,Appartement,187.0,291000.0,1556.15,2024-07-19
Saint-Étienne,42218,42000,Appartement,38.0,390000.0,10263.16,2024-08-01
Saint-Étienne,42218,42000,Appartement,37.0,390000.0,10540.54,2024-08-01
Saint-Étienne,42218,42000,Appartement,40.0,74500.0,1862.5,2024-07-29
Saint-Étienne,42218,42100,Appartement,61.0,43000.0,704.92,2024-07-25
Noirétable,42159,42440,Maison,72.0,190000.0,2638.89,2024-07-29
Noirétable,42159,42440,Maison,133.0,190000.0,1428.57,2024-07-29
Saint-Étienne,42218,42100,Appartement,46.0,75300.0,1636.96,2024-07-22
Le Chambon-Feugerolles,42044,42500,Maison,60.0,133000.0,2216.67,2024-07-30
Saint-Pierre-de-Bœuf,42272,42520,Maison,90.0,264000.0,2933.33,2024-08-02
Saint-Pierre-de-Bœuf,42272,42520,Maison,90.0,264000.0,2933.33,2024-08-02
Montbrison,42147,42600,Appartement,63.0,157000.0,2492.06,2024-07-18
Feurs,42094,42110,Appartement,76.0,129600.0,1705.26,2024-07-30
Lézigneux,42122,42600,Maison,112.0,349500.0,3120.54,2024-07-16
Lézigneux,42122,42600,Maison,112.0,349500.0,3120.54,2024-07-16
Saint-Étienne,42218,42000,Appartement,250.0,314000.0,1256.0,2024-07-31
Saint-Étienne,42218,42100,Appartement,66.0,64000.0,969.7,2024-07-29
Ailleux,42002,42130,Maison,84.0,135000.0,1607.14,2024-08-01
Ailleux,42002,42130,Maison,84.0,135000.0,1607.14,2024-08-01
Saint-Étienne,42218,42100,Appartement,69.0,115000.0,1666.67,2024-07-31
Saint-Jean-Soleymieux,42240,42560,Appartement,62.0,225000.0,3629.03,2024-07-06
Saint-Jean-Soleymieux,42240,42560,Appartement,64.0,225000.0,3515.62,2024-07-06
Saint-Jean-Soleymieux,42240,42560,Appartement,63.0,225000.0,3571.43,2024-07-06
Saint-Jean-Soleymieux,42240,42560,Appartement,63.0,225000.0,3571.43,2024-07-06
Cottance,42073,42360,Maison,127.0,230000.0,1811.02,2024-07-18
Saint-Étienne,42218,42000,Appartement,71.0,129500.0,1823.94,2024-08-01
Feurs,42094,42110,Appartement,60.0,75000.0,1250.0,2024-07-30
Feurs,42094,42110,Appartement,16.0,75000.0,4687.5,2024-07-30
Chambéon,42041,42110,Maison,114.0,262000.0,2298.25,2024-07-30
Sorbiers,42302,42290,Maison,93.0,292100.0,3140.86,2024-07-30
Firminy,42095,42700,Appartement,66.0,39500.0,598.48,2024-07-29
Montbrison,42147,42600,Appartement,70.0,140000.0,2000.0,2024-07-15
Montbrison,42147,42600,Appartement,50.0,140000.0,2800.0,2024-07-15
Roche-la-Molière,42189,42230,Maison,83.0,175000.0,2108.43,2024-07-30
Périgneux,42169,42380,Maison,90.0,254900.0,2832.22,2024-07-29
Périgneux,42169,42380,Maison,101.0,255900.0,2533.66,2024-07-29
Pouilly-lès-Feurs,42175,42110,Maison,160.0,151000.0,943.75,2024-08-02
Saint-Étienne,42218,42000,Appartement,58.0,68500.0,1181.03,2024-07-26
Saint-Étienne,42218,42100,Maison,83.0,247000.0,2975.9,2024-07-30
La Talaudière,42305,42350,Maison,96.0,220000.0,2291.67,2024-07-15
Maclas,42129,42520,Maison,63.0,210000.0,3333.33,2024-07-05
Unieux,42316,42240,Maison,114.0,250000.0,2192.98,2024-07-30
Périgneux,42169,42380,Maison,90.0,223000.0,2477.78,2024-07-05
Saint-Étienne,42218,42100,Appartement,64.0,129900.0,2029.69,2024-07-31
Saint-Étienne,42218,42100,Appartement,73.0,104500.0,1431.51,2024-07-29
Saint-Étienne,42218,42000,Appartement,49.0,82000.0,1673.47,2024-07-29
Saint-Étienne,42218,42100,Appartement,60.0,80000.0,1333.33,2024-08-01
Saint-Étienne,42218,42100,Maison,79.0,120000.0,1518.99,2024-08-02
Saint-Étienne,42218,42100,Appartement,77.0,95000.0,1233.77,2024-08-01
Saint-Étienne,42218,42100,Appartement,67.0,121600.0,1814.93,2024-07-18
Saint-Étienne,42218,42000,Appartement,75.0,75000.0,1000.0,2024-07-25
Saint-Étienne,42218,42000,Appartement,56.0,67500.0,1205.36,2024-07-29
Saint-Étienne,42218,42100,Appartement,74.0,101750.0,1375.0,2024-07-26
Saint-Étienne,42218,42000,Appartement,79.0,73000.0,924.05,2024-07-25
Firminy,42095,42700,Appartement,94.0,122800.0,1306.38,2024-07-25
Saint-Bonnet-le-Château,42204,42380,Appartement,73.0,62000.0,849.32,2024-07-17
Saint-Étienne,42218,42100,Appartement,45.0,60000.0,1333.33,2024-07-26
Rive-de-Gier,42186,42800,Appartement,35.0,140000.0,4000.0,2024-07-25
Rive-de-Gier,42186,42800,Appartement,30.0,140000.0,4666.67,2024-07-25
Rive-de-Gier,42186,42800,Appartement,36.0,140000.0,3888.89,2024-07-25
Rive-de-Gier,42186,42800,Appartement,30.0,140000.0,4666.67,2024-07-25
Saint-Étienne,42218,42000,Maison,120.0,130000.0,1083.33,2024-07-31
Saint-Genest-Malifaux,42224,42660,Appartement,54.0,122000.0,2259.26,2024-07-24
Saint-Étienne,42218,42000,Appartement,60.0,68000.0,1133.33,2024-08-01
Saint-Étienne,42218,42100,Appartement,80.0,90500.0,1131.25,2024-08-01
Marcilly-le-Châtel,42134,42130,Maison,181.0,263500.0,1455.8,2024-07-17
Marcilly-le-Châtel,42134,42130,Maison,181.0,263500.0,1455.8,2024-07-17
Saint-Étienne,42218,42000,Appartement,42.0,52490.0,1249.76,2024-07-24
La Ricamarie,42183,42150,Maison,98.0,228000.0,2326.53,2024-08-02
Saint-Étienne,42218,42000,Appartement,70.0,119000.0,1700.0,2024-07-30
Saint-Étienne,42218,42000,Appartement,41.0,66200.0,1614.63,2024-08-01
Saint-Étienne,42218,42100,Appartement,72.0,80000.0,1111.11,2024-08-02
Saint-Étienne,42218,42000,Appartement,17.0,130000.0,7647.06,2024-07-25
Saint-Étienne,42218,42000,Appartement,17.0,130000.0,7647.06,2024-07-25
Saint-Étienne,42218,42000,Appartement,60.0,60000.0,1000.0,2024-08-01
Saint-Étienne,42218,42100,Appartement,58.0,40000.0,689.66,2024-07-29
Feurs,42094,42110,Appartement,75.0,83000.0,1106.67,2024-07-25
Saint-Étienne,42218,42000,Appartement,64.0,60000.0,937.5,2024-07-31
Saint-Héand,42234,42570,Maison,55.0,85000.0,1545.45,2024-07-24
Saint-Étienne,42218,42000,Appartement,28.0,40000.0,1428.57,2024-08-05
Saint-Étienne,42218,42000,Appartement,70.0,125000.0,1785.71,2024-07-11
Saint-Étienne,42218,42000,Appartement,105.0,120000.0,1142.86,2024-07-12
Saint-Chamond,42207,42400,Appartement,135.0,107317.0,794.94,2024-08-01
Saint-Étienne,42218,42100,Appartement,65.0,66000.0,1015.38,2024-07-25
Saint-Étienne,42218,42100,Appartement,39.0,62750.0,1608.97,2024-08-02
Saint-Chamond,42207,42400,Appartement,82.0,191250.0,2332.32,2024-07-31
Bonson,42022,42160,Maison,40.0,140000.0,3500.0,2024-08-02
Périgneux,42169,42380,Maison,77.0,159790.0,2075.19,2024-07-29
Saint-Étienne,42218,42100,Appartement,62.0,53300.0,859.68,2024-07-30
Chazelles-sur-Lyon,42059,42140,Maison,90.0,223000.0,2477.78,2024-07-31
Chazelles-sur-Lyon,42059,42140,Maison,90.0,223000.0,2477.78,2024-07-31
Saint-Étienne,42218,42100,Appartement,64.0,53000.0,828.12,2024-08-02
Saint-Étienne,42218,42100,Appartement,67.0,109500.0,1634.33,2024-07-29
Saint-Étienne,42218,42000,Appartement,97.0,92000.0,948.45,2024-07-18
Fraisses,42099,42490,Maison,99.0,255000.0,2575.76,2024-07-26
Fraisses,42099,42490,Maison,99.0,255000.0,2575.76,2024-07-26
Saint-Étienne,42218,42100,Appartement,79.0,115000.0,1455.7,2024-07-29
Saint-Étienne,42218,42100,Appartement,51.0,30000.0,588.24,2024-07-29
Usson-en-Forez,42318,42550,Maison,50.0,223000.0,4460.0,2024-07-30
Roche-la-Molière,42189,42230,Maison,80.0,165000.0,2062.5,2024-07-19
Saint-Étienne,42218,42100,Maison,99.0,276000.0,2787.88,2024-07-24
Saint-Étienne,42218,42100,Appartement,33.0,40500.0,1227.27,2024-07-11
Saint-Étienne,42218,42100,Maison,70.0,91000.0,1300.0,2024-07-18
Saint-Étienne,42218,42100,Appartement,93.0,73500.0,790.32,2024-07-25
Saint-Étienne,42218,42100,Appartement,95.0,141550.0,1490.0,2024-07-26
Saint-Étienne,42218,42100,Appartement,94.0,210000.0,2234.04,2024-07-30
Saint-Étienne,42218,42000,Appartement,53.0,50000.0,943.4,2024-07-29
Saint-Étienne,42218,42100,Appartement,52.0,62800.0,1207.69,2024-07-25
Saint-Étienne,42218,42100,Appartement,42.0,23000.0,547.62,2024-07-19
L'Étrat,42092,42580,Maison,92.0,288500.0,3135.87,2024-07-29
Roche-la-Molière,42189,42230,Appartement,59.0,105000.0,1779.66,2024-07-19
La Talaudière,42305,42350,Appartement,65.0,212000.0,3261.54,2024-07-26
Chazelles-sur-Lyon,42059,42140,Maison,220.0,284500.0,1293.18,2024-08-01
Saint-Étienne,42218,42100,Appartement,32.0,26600.0,831.25,2024-07-19
Saint-Étienne,42218,42000,Appartement,97.0,58000.0,597.94,2024-08-02
Villars,42330,42390,Appartement,38.0,75000.0,1973.68,2024-07-26
Véranne,42326,42520,Maison,130.0,333850.0,2568.08,2024-07-25
Saint-Étienne,42218,42100,Appartement,53.0,58000.0,1094.34,2024-08-06
Saint-Étienne,42218,42000,Appartement,60.0,72000.0,1200.0,2024-07-31
Saint-Étienne,42218,42100,Appartement,130.0,185600.0,1427.69,2024-07-30
Panissières,42165,42360,Maison,105.0,245000.0,2333.33,2024-07-25
Saint-Étienne,42218,42100,Appartement,78.0,118000.0,1512.82,2024-07-29
Cottance,42073,42360,Maison,86.0,118000.0,1372.09,2024-07-30
Saint-Étienne,42218,42100,Appartement,80.0,89280.0,1116.0,2024-08-02
Saint-Just-Saint-Rambert,42279,42170,Appartement,48.0,125000.0,2604.17,2024-08-05
Saint-Just-Saint-Rambert,42279,42170,Maison,54.0,125000.0,2314.81,2024-08-05
Saint-Just-Saint-Rambert,42279,42170,Appartement,50.0,125000.0,2500.0,2024-08-05
Unieux,42316,42240,Maison,66.0,164000.0,2484.85,2024-07-26
Andrézieux-Bouthéon,42005,42160,Maison,138.0,405000.0,2934.78,2024-07-10
Andrézieux-Bouthéon,42005,42160,Maison,138.0,405000.0,2934.78,2024-07-10
Unieux,42316,42240,Maison,122.0,190000.0,1557.38,2024-07-31
Unieux,42316,42240,Maison,55.0,65000.0,1181.82,2024-07-22
Unieux,42316,42240,Maison,105.0,271200.0,2582.86,2024-08-01
Unieux,42316,42240,Maison,105.0,271200.0,2582.86,2024-08-01
Andrézieux-Bouthéon,42005,42160,Appartement,70.0,191000.0,2728.57,2024-07-31
Saint-Étienne,42218,42000,Appartement,112.0,250000.0,2232.14,2024-07-26
Saint-Romain-en-Jarez,42283,42800,Maison,111.0,306020.0,2756.94,2024-07-11
Saint-Étienne,42218,42100,Appartement,46.0,131750.0,2864.13,2024-08-01
Rive-de-Gier,42186,42800,Appartement,93.0,120000.0,1290.32,2024-07-12
Lorette,42123,42420,Maison,85.0,246210.0,2896.59,2024-07-22
Saint-Étienne,42218,42000,Appartement,77.0,33600.0,436.36,2024-07-31
Feurs,42094,42110,Maison,130.0,160000.0,1230.77,2024-07-30
Saint-Étienne,42218,42100,Appartement,19.0,39000.0,2052.63,2024-07-30
L'Hôpital-le-Grand,42108,42210,Maison,102.0,180000.0,1764.71,2024-08-01
L'Hôpital-le-Grand,42108,42210,Maison,102.0,180000.0,1764.71,2024-08-01
Feurs,42094,42110,Maison,80.0,120420.0,1505.25,2024-08-02
Saint-Romain-le-Puy,42285,42610,Maison,86.0,195000.0,2267.44,2024-08-02
Saint-Romain-le-Puy,42285,42610,Maison,86.0,195000.0,2267.44,2024-08-02
Firminy,42095,42700,Appartement,59.0,58000.0,983.05,2024-07-19
Saint-Chamond,42207,42400,Appartement,48.0,85000.0,1770.83,2024-07-23
Rive-de-Gier,42186,42800,Maison,100.0,256200.0,2562.0,2024-07-12
Panissières,42165,42360,Maison,82.0,163000.0,1987.8,2024-07-19
Saint-Étienne,42218,42100,Appartement,33.0,36400.0,1103.03,2024-08-01
Roche-la-Molière,42189,42230,Maison,125.0,215000.0,1720.0,2024-08-01
Saint-Étienne,42218,42100,Appartement,35.0,46000.0,1314.29,2024-07-30
Saint-Paul-en-Jarez,42271,42740,Maison,131.0,284200.0,2169.47,2024-07-29
Saint-Chamond,42207,42400,Appartement,130.0,163000.0,1253.85,2024-07-29
Saint-Romain-le-Puy,42285,42610,Appartement,90.0,156000.0,1733.33,2024-07-26
L'Horme,42110,42152,Appartement,63.0,61080.0,969.52,2024-08-01
La Ricamarie,42183,42150,Appartement,67.0,59000.0,880.6,2024-08-01
La Talaudière,42305,42350,Maison,104.0,280000.0,2692.31,2024-07-30
Savigneux,42299,42600,Maison,84.0,129500.0,1541.67,2024-08-01
Saint-Chamond,42207,42400,Maison,63.0,160366.0,2545.49,2024-07-31
Saint-Étienne,42218,42000,Appartement,62.0,38000.0,612.9,2024-07-30
Bonson,42022,42160,Maison,121.0,295450.0,2441.74,2024-08-05
Saint-Laurent-la-Conche,42251,42210,Maison,85.0,320000.0,3764.71,2024-07-26
La Valla-en-Gier,42322,42131,Maison,32.0,36483.0,1140.09,2024-08-01
Saint-Georges-Haute-Ville,42228,42610,Maison,72.0,187736.0,2607.44,2024-08-02
Saint-Georges-Haute-Ville,42228,42610,Maison,72.0,187736.0,2607.44,2024-08-02
Saint-Just-Saint-Rambert,42279,42170,Appartement,72.0,167000.0,2319.44,2024-07-12
Saint-Marcellin-en-Forez,42256,42680,Maison,88.0,180000.0,2045.45,2024-08-05
Saint-Étienne,42218,42100,Appartement,61.0,52200.0,855.74,2024-07-29
Saint-Étienne,42218,42100,Appartement,61.0,52200.0,855.74,2024-07-29
Saint-Étienne,42218,42000,Appartement,49.0,72260.0,1474.69,2024-08-05
Saint-Étienne,42218,42000,Appartement,83.0,116700.0,1406.02,2024-07-25
Saint-Étienne,42218,42000,Appartement,49.0,59500.0,1214.29,2024-07-26
Roche-la-Molière,42189,42230,Maison,77.0,110000.0,1428.57,2024-07-26
Saint-Étienne,42218,42100,Appartement,45.0,54000.0,1200.0,2024-08-07
Saint-Étienne,42218,42100,Appartement,50.0,55000.0,1100.0,2024-07-19
La Talaudière,42305,42350,Appartement,83.0,226115.0,2724.28,2024-07-29
Saint-Étienne,42218,42000,Appartement,70.0,90000.0,1285.71,2024-08-01
Saint-Étienne,42218,42000,Appartement,58.0,90000.0,1551.72,2024-08-01
Saint-Étienne,42218,42000,Appartement,102.0,110000.0,1078.43,2024-08-02
Saint-Étienne,42218,42000,Appartement,74.0,54000.0,729.73,2024-07-31
Saint-Étienne,42218,42000,Appartement,54.0,78600.0,1455.56,2024-07-29
Veauche,42323,42340,Appartement,80.0,202000.0,2525.0,2024-07-26
Saint-Étienne,42218,42000,Appartement,47.0,60000.0,1276.6,2024-08-05
Saint-Étienne,42218,42100,Appartement,65.0,48500.0,746.15,2024-08-02
Leigneux,42119,42130,Maison,112.0,172500.0,1540.18,2024-07-29
Saint-Étienne,42218,42100,Appartement,75.0,37000.0,493.33,2024-07-26
Boisset-Saint-Priest,42021,42560,Maison,149.0,80000.0,536.91,2024-08-02
Montbrison,42147,42600,Appartement,80.0,230000.0,2875.0,2024-07-26
Saint-Étienne,42218,42100,Appartement,66.0,270000.0,4090.91,2024-07-29
Saint-Étienne,42218,42100,Appartement,29.0,270000.0,9310.34,2024-07-29
Champdieu,42046,42600,Maison,100.0,329890.0,3298.9,2024-07-29
Champdieu,42046,42600,Maison,100.0,329890.0,3298.9,2024-07-29
Saint-Martin-la-Plaine,42259,42800,Maison,79.0,60000.0,759.49,2024-07-30
Saint-Étienne,42218,42000,Appartement,54.0,36200.0,670.37,2024-07-30
Saint-Romain-le-Puy,42285,42610,Maison,85.0,243310.0,2862.47,2024-08-05
Saint-Étienne,42218,42000,Appartement,69.0,59700.0,865.22,2024-08-06
Saint-Étienne,42218,42000,Appartement,40.0,145000.0,3625.0,2024-07-31
Saint-Étienne,42218,42000,Appartement,20.0,145000.0,7250.0,2024-07-31
Saint-Étienne,42218,42000,Appartement,20.0,145000.0,7250.0,2024-07-31
Saint-Étienne,42218,42000,Appartement,40.0,145000.0,3625.0,2024-07-31
L'Étrat,42092,42580,Maison,170.0,446000.0,2623.53,2024-07-15
Saint-Priest-en-Jarez,42275,42270,Appartement,107.0,246000.0,2299.07,2024-07-22
Unieux,42316,42240,Appartement,75.0,179000.0,2386.67,2024-08-01
Unieux,42316,42240,Appartement,75.0,179000.0,2386.67,2024-08-01
Saint-Priest-en-Jarez,42275,42270,Maison,130.0,271000.0,2084.62,2024-07-31
Saint-Étienne,42218,42100,Maison,110.0,158000.0,1436.36,2024-08-02
Roche-la-Molière,42189,42230,Maison,50.0,112800.0,2256.0,2024-08-01
Valeille,42319,42110,Maison,98.0,120000.0,1224.49,2024-08-05
Montarcher,42146,42380,Maison,150.0,160000.0,1066.67,2024-07-22
Champdieu,42046,42600,Maison,50.0,90000.0,1800.0,2024-08-02
Champdieu,42046,42600,Maison,50.0,90000.0,1800.0,2024-08-02
Apinac,42006,42550,Maison,90.0,60000.0,666.67,2024-08-02
Sury-le-Comtal,42304,42450,Maison,102.0,235000.0,2303.92,2024-08-01
Saint-Étienne,42218,42000,Appartement,66.0,32000.0,484.85,2024-08-06
Saint-Étienne,42218,42100,Appartement,135.0,154000.0,1140.74,2024-07-23
Saint-Romain-le-Puy,42285,42610,Maison,96.0,270000.0,2812.5,2024-07-30
Saint-Étienne,42218,42000,Appartement,33.0,50000.0,1515.15,2024-08-05
Saint-Étienne,42218,42100,Appartement,200.0,99900.0,499.5,2024-07-22
Saint-Étienne,42218,42100,Appartement,102.0,69000.0,676.47,2024-02-16
Chavanay,42056,42410,Maison,75.0,179000.0,2386.67,2024-07-11
Saint-Étienne,42218,42000,Appartement,66.0,66000.0,1000.0,2024-07-30
Valeille,42319,42110,Maison,30.0,75000.0,2500.0,2024-07-19
Saint-Paul-en-Jarez,42271,42740,Maison,115.0,310000.0,2695.65,2024-08-06
Saint-Paul-en-Jarez,42271,42740,Maison,115.0,310000.0,2695.65,2024-08-06
Saint-Étienne,42218,42000,Appartement,13.0,182000.0,14000.0,2024-08-02
Saint-Étienne,42218,42000,Appartement,17.0,182000.0,10705.88,2024-08-02
Saint-Étienne,42218,42000,Appartement,16.0,182000.0,11375.0,2024-08-02
Saint-Étienne,42218,42000,Appartement,21.0,182000.0,8666.67,2024-08-02
Saint-Étienne,42218,42000,Appartement,14.0,182000.0,13000.0,2024-08-02
Saint-Étienne,42218,42000,Appartement,17.0,182000.0,10705.88,2024-08-02
Saint-Étienne,42218,42100,Appartement,82.0,86150.0,1050.61,2024-07-22
Saint-Georges-Haute-Ville,42228,42610,Maison,215.0,351500.0,1634.88,2024-07-23
Saint-Just-Saint-Rambert,42279,42170,Maison,103.0,240000.0,2330.1,2024-07-22
Montbrison,42147,42600,Appartement,54.0,219000.0,4055.56,2024-07-18
Saint-Genest-Lerpt,42223,42530,Appartement,90.0,218600.0,2428.89,2024-07-30
Villars,42330,42390,Maison,108.0,237000.0,2194.44,2024-07-16
Montbrison,42147,42600,Maison,100.0,125000.0,1250.0,2024-08-06
Saint-Georges-Haute-Ville,42228,42610,Maison,95.0,253000.0,2663.16,2024-07-16
Saint-Georges-Haute-Ville,42228,42610,Maison,95.0,253000.0,2663.16,2024-07-16
Montbrison,42147,42600,Appartement,72.0,202000.0,2805.56,2024-07-26
Sury-le-Comtal,42304,42450,Maison,50.0,28000.0,560.0,2024-07-26
Sury-le-Comtal,42304,42450,Maison,28.0,28000.0,1000.0,2024-07-26
Saint-Étienne,42218,42100,Appartement,48.0,61750.0,1286.46,2024-08-02
Bellegarde-en-Forez,42013,42210,Maison,30.0,25270.0,842.33,2024-07-25
Le Chambon-Feugerolles,42044,42500,Maison,121.0,228000.0,1884.3,2024-07-25
Saint-Étienne,42218,42000,Appartement,36.0,54000.0,1500.0,2024-08-05
Saint-Étienne,42218,42000,Appartement,48.0,54000.0,1125.0,2024-08-05
Saint-Étienne,42218,42100,Appartement,78.0,64600.0,828.21,2024-08-01
Saint-Cyprien,42211,42160,Appartement,74.0,153000.0,2067.57,2024-07-16
Saint-Étienne,42218,42230,Maison,102.0,205000.0,2009.8,2024-08-06
Firminy,42095,42700,Appartement,70.0,72000.0,1028.57,2024-08-08
Pouilly-lès-Feurs,42175,42110,Maison,109.0,249250.0,2286.7,2024-08-06
Unieux,42316,42240,Appartement,37.0,150000.0,4054.05,2024-08-08
Unieux,42316,42240,Appartement,63.0,150000.0,2380.95,2024-08-08
Unieux,42316,42240,Appartement,88.0,150000.0,1704.55,2024-08-08
Saint-Étienne,42218,42100,Appartement,32.0,17000.0,531.25,2024-08-01
Unieux,42316,42240,Appartement,92.0,209000.0,2271.74,2024-08-08
Montbrison,42147,42600,Appartement,43.0,232000.0,5395.35,2024-07-29
Montbrison,42147,42600,Appartement,45.0,232000.0,5155.56,2024-07-29
Montbrison,42147,42600,Appartement,79.0,232000.0,2936.71,2024-07-29
Saint-Bonnet-les-Oules,42206,42330,Maison,196.0,657050.0,3352.3,2024-08-05
Saint-Étienne,42218,42000,Appartement,35.0,57000.0,1628.57,2024-08-01
Saint-Étienne,42218,42000,Appartement,49.0,65000.0,1326.53,2024-07-18
Saint-Étienne,42218,42100,Appartement,71.0,110000.0,1549.3,2024-07-22
Saint-Étienne,42218,42100,Appartement,64.0,110000.0,1718.75,2024-07-22
Veauchette,42324,42340,Maison,156.0,389500.0,2496.79,2024-07-26
Veauchette,42324,42340,Maison,156.0,389500.0,2496.79,2024-07-26
Saint-Bonnet-les-Oules,42206,42330,Maison,58.0,170000.0,2931.03,2024-08-01
Le Bessat,42017,42660,Maison,95.0,100000.0,1052.63,2024-07-16
La Fouillouse,42097,42480,Maison,90.0,266986.0,2966.51,2024-08-01
Veauche,42323,42340,Maison,140.0,228000.0,1628.57,2024-08-08
Villars,42330,42390,Appartement,44.0,75500.0,1715.91,2024-07-19
Saint-Étienne,42218,42100,Appartement,107.0,250000.0,2336.45,2024-07-24
Veauche,42323,42340,Appartement,50.0,36000.0,720.0,2024-08-01
Veauche,42323,42340,Appartement,52.0,36000.0,692.31,2024-08-01
Veauche,42323,42340,Appartement,55.0,36000.0,654.55,2024-08-01
Veauche,42323,42340,Maison,62.0,36000.0,580.65,2024-08-01
Veauche,42323,42340,Appartement,54.0,36000.0,666.67,2024-08-01
Veauche,42323,42340,Appartement,74.0,36000.0,486.49,2024-08-01
Veauche,42323,42340,Appartement,63.0,36000.0,571.43,2024-08-01
Veauche,42323,42340,Appartement,60.0,36000.0,600.0,2024-08-01
Veauche,42323,42340,Appartement,36.0,36000.0,1000.0,2024-08-01
Veauche,42323,42340,Appartement,25.0,36000.0,1440.0,2024-08-01
Veauche,42323,42340,Appartement,47.0,36000.0,765.96,2024-08-01
Veauche,42323,42340,Appartement,39.0,36000.0,923.08,2024-08-01
Veauche,42323,42340,Appartement,62.0,36000.0,580.65,2024-08-01
Veauche,42323,42340,Appartement,45.0,36000.0,800.0,2024-08-01
Saint-Étienne,42218,42000,Appartement,100.0,85500.0,855.0,2024-07-30
Saint-Étienne,42218,42000,Appartement,102.0,89300.0,875.49,2024-08-02
Saint-Étienne,42218,42000,Appartement,39.0,52000.0,1333.33,2024-07-30
Saint-Étienne,42218,42000,Appartement,63.0,132600.0,2104.76,2024-07-30
Montrond-les-Bains,42149,42210,Appartement,72.0,926000.0,12861.11,2024-07-31
Montrond-les-Bains,42149,42210,Appartement,78.0,926000.0,11871.79,2024-07-31
Montrond-les-Bains,42149,42210,Appartement,78.0,926000.0,11871.79,2024-07-31
Montrond-les-Bains,42149,42210,Appartement,78.0,926000.0,11871.79,2024-07-31
Montrond-les-Bains,42149,42210,Appartement,78.0,926000.0,11871.79,2024-07-31
Montrond-les-Bains,42149,42210,Appartement,78.0,926000.0,11871.79,2024-07-31
Montrond-les-Bains,42149,42210,Appartement,72.0,926000.0,12861.11,2024-07-31
Montrond-les-Bains,42149,42210,Appartement,78.0,926000.0,11871.79,2024-07-31
La Fouillouse,42097,42480,Appartement,60.0,107520.0,1792.0,2024-07-29
Saint-Sauveur-en-Rue,42287,42220,Maison,90.0,170000.0,1888.89,2024-08-02
Andrézieux-Bouthéon,42005,42160,Maison,81.0,232000.0,2864.2,2024-08-02
Andrézieux-Bouthéon,42005,42160,Maison,35.0,200000.0,5714.29,2024-08-02
Saint-Étienne,42218,42000,Appartement,109.0,115000.0,1055.05,2024-07-19
Saint-Jean-Bonnefonds,42237,42650,Appartement,65.0,125000.0,1923.08,2024-07-26
Sorbiers,42302,42290,Maison,87.0,260000.0,2988.51,2024-07-29
Saint-Étienne,42218,42000,Appartement,68.0,119700.0,1760.29,2024-07-29
Saint-Étienne,42218,42000,Appartement,98.0,105000.0,1071.43,2024-07-30
Saint-Étienne,42218,42100,Appartement,29.0,47500.0,1637.93,2024-08-01
Saint-Étienne,42218,42100,Appartement,39.0,47500.0,1217.95,2024-08-01
Saint-Étienne,42218,42100,Appartement,33.0,47500.0,1439.39,2024-08-01
Sorbiers,42302,42290,Maison,84.0,243500.0,2898.81,2024-07-26
Saint-Chamond,42207,42400,Appartement,50.0,84630.0,1692.6,2024-07-23
Saint-Étienne,42218,42100,Appartement,58.0,56600.0,975.86,2024-07-26
Marols,42140,42560,Appartement,48.0,94620.0,1971.25,2024-07-24
Marols,42140,42560,Appartement,68.0,94620.0,1391.47,2024-07-24
Lézigneux,42122,42600,Maison,86.0,40000.0,465.12,2024-07-29
Montbrison,42147,42600,Appartement,96.0,108913.0,1134.51,2024-08-06
Champdieu,42046,42600,Maison,168.0,390450.0,2324.11,2024-08-02
Champdieu,42046,42600,Maison,168.0,390450.0,2324.11,2024-08-02
Saint-Étienne,42218,42000,Appartement,73.0,94000.0,1287.67,2024-07-25
Chalain-d'Uzore,42037,42600,Maison,154.0,290000.0,1883.12,2024-07-08
Chalain-d'Uzore,42037,42600,Maison,154.0,290000.0,1883.12,2024-07-08
Chalain-d'Uzore,42037,42600,Maison,154.0,290000.0,1883.12,2024-07-08
Pélussin,42168,42410,Maison,110.0,230000.0,2090.91,2024-08-05
Saint-Étienne,42218,42000,Appartement,52.0,32000.0,615.38,2024-07-31
Saint-Étienne,42218,42000,Appartement,41.0,31000.0,756.1,2024-07-31
Saint-Étienne,42218,42000,Appartement,87.0,192500.0,2212.64,2024-07-31
Saint-Étienne,42218,42000,Appartement,45.0,192500.0,4277.78,2024-07-31
Saint-Étienne,42218,42000,Appartement,43.0,192500.0,4476.74,2024-07-31
Saint-Étienne,42218,42000,Appartement,38.0,192500.0,5065.79,2024-07-31
Saint-Étienne,42218,42000,Appartement,45.0,192500.0,4277.78,2024-07-31
Saint-Étienne,42218,42000,Appartement,67.0,74900.0,1117.91,2024-08-02
Saint-Étienne,42218,42000,Appartement,113.0,289000.0,2557.52,2024-08-07
Saint-Étienne,42218,42100,Appartement,98.0,156000.0,1591.84,2024-08-08
La Fouillouse,42097,42480,Appartement,60.0,71000.0,1183.33,2024-08-02
Saint-Étienne,42218,42100,Appartement,155.0,165000.0,1064.52,2024-07-31
Unieux,42316,42240,Maison,144.0,293000.0,2034.72,2024-07-31
Unieux,42316,42240,Maison,144.0,293000.0,2034.72,2024-07-31
Leigneux,42119,42130,Maison,123.0,224000.0,1821.14,2024-07-30
Burdignes,42028,42220,Maison,83.0,210000.0,2530.12,2024-07-29
Saint-Martin-Lestra,42261,42110,Maison,98.0,175000.0,1785.71,2024-08-02
Saint-André-le-Puy,42200,42210,Maison,109.0,235000.0,2155.96,2024-08-16
Saint-Barthélemy-Lestra,42202,42110,Maison,130.0,149000.0,1146.15,2024-08-14
Montrond-les-Bains,42149,42210,Maison,92.0,278000.0,3021.74,2024-08-02
Andrézieux-Bouthéon,42005,42160,Maison,77.0,325330.0,4225.06,2024-08-01
Châteauneuf,42053,42800,Maison,131.0,440000.0,3358.78,2024-08-02
Châteauneuf,42053,42800,Maison,131.0,440000.0,3358.78,2024-08-02
Sainte-Foy-Saint-Sulpice,42221,42110,Maison,76.0,185000.0,2434.21,2024-07-26
Bourg-Argental,42023,42220,Maison,68.0,160190.0,2355.74,2024-08-02
Farnay,42093,42320,Maison,105.0,335000.0,3190.48,2024-08-01
Farnay,42093,42320,Maison,105.0,335000.0,3190.48,2024-08-01
Saint-Étienne,42218,42000,Appartement,69.0,105000.0,1521.74,2024-08-05
Saint-Étienne,42218,42100,Appartement,76.0,74000.0,973.68,2024-08-08
Poncins,42174,42110,Maison,77.0,124200.0,1612.99,2024-08-01
Saint-Bonnet-le-Courreau,42205,42940,Maison,142.0,125000.0,880.28,2024-08-08
Saint-Chamond,42207,42400,Appartement,75.0,105000.0,1400.0,2024-07-31
Feurs,42094,42110,Maison,154.0,252000.0,1636.36,2024-07-30
Saint-Étienne,42218,42100,Appartement,35.0,36200.0,1034.29,2024-07-23
Saint-Martin-la-Plaine,42259,42800,Appartement,75.0,123500.0,1646.67,2024-08-02
Saint-Martin-la-Plaine,42259,42800,Appartement,75.0,123500.0,1646.67,2024-08-02
Saint-Martin-la-Plaine,42259,42800,Appartement,60.0,123500.0,2058.33,2024-08-02
Saint-Étienne,42218,42000,Appartement,89.0,138000.0,1550.56,2024-07-31
Boën-sur-Lignon,42019,42130,Maison,95.0,250000.0,2631.58,2024-08-02
Véranne,42326,42520,Maison,90.0,200000.0,2222.22,2024-07-31
Saint-Appolinard,42201,42520,Maison,160.0,359540.0,2247.12,2024-08-09
Apinac,42006,42550,Maison,110.0,219940.0,1999.45,2024-08-02
Apinac,42006,42550,Maison,60.0,219940.0,3665.67,2024-08-02
Grammond,42102,42140,Maison,72.0,160000.0,2222.22,2024-08-01
Boën-sur-Lignon,42019,42130,Appartement,50.0,35000.0,700.0,2024-07-29
Saint-Nizier-de-Fornas,42266,42380,Maison,74.0,128000.0,1729.73,2024-08-02
Périgneux,42169,42380,Maison,40.0,50000.0,1250.0,2024-08-02
Périgneux,42169,42380,Maison,40.0,50000.0,1250.0,2024-08-02
Rive-de-Gier,42186,42800,Appartement,60.0,55000.0,916.67,2024-07-30
Usson-en-Forez,42318,42550,Maison,69.0,80000.0,1159.42,2024-08-01
Colombier,42067,42220,Maison,84.0,207000.0,2464.29,2024-08-08
Colombier,42067,42220,Maison,84.0,207000.0,2464.29,2024-08-08
Saint-Étienne,42218,42000,Appartement,40.0,190000.0,4750.0,2024-08-01
Saint-Étienne,42218,42000,Appartement,61.0,190000.0,3114.75,2024-08-01
Les Salles,42295,42440,Maison,113.0,134400.0,1189.38,2024-08-02
Saint-Étienne,42218,42000,Appartement,54.0,70500.0,1305.56,2024-08-21
Marcenod,42133,42140,Maison,84.0,70000.0,833.33,2024-07-30
Saint-Étienne,42218,42100,Appartement,67.0,99500.0,1485.07,2024-08-20
Saint-Étienne,42218,42100,Maison,75.0,190000.0,2533.33,2024-08-20
Saint-Étienne,42218,42000,Appartement,43.0,65550.0,1524.42,2024-08-21
Pélussin,42168,42410,Maison,82.0,227000.0,2768.29,2024-08-08
Saint-Étienne,42218,42000,Appartement,232.0,254000.0,1094.83,2024-08-19
Saint-Étienne,42218,42100,Appartement,63.0,85000.0,1349.21,2024-08-20
Saint-Chamond,42207,42400,Maison,89.0,205400.0,2307.87,2024-08-02
La Ricamarie,42183,42150,Maison,97.0,250000.0,2577.32,2024-08-07
Andrézieux-Bouthéon,42005,42160,Maison,102.0,275500.0,2700.98,2024-08-01
Saint-Galmier,42222,42330,Appartement,62.0,56000.0,903.23,2024-07-31
Saint-Étienne,42218,42000,Appartement,40.0,57000.0,1425.0,2024-08-22
Saint-Chamond,42207,42400,Appartement,92.0,148000.0,1608.7,2024-07-30
Saint-Étienne,42218,42000,Appartement,132.0,140000.0,1060.61,2024-07-17
Saint-Étienne,42218,42100,Appartement,63.0,65000.0,1031.75,2024-07-31
L'Horme,42110,42152,Maison,131.0,285000.0,2175.57,2024-08-08
Saint-Julien-Molin-Molette,42246,42220,Maison,49.0,65000.0,1326.53,2024-07-29
Saint-Étienne,42218,42000,Appartement,50.0,46000.0,920.0,2024-08-05
Saint-Étienne,42218,42100,Appartement,60.0,64000.0,1066.67,2024-08-02
Saint-Étienne,42218,42100,Appartement,18.0,43500.0,2416.67,2024-08-02
Saint-Étienne,42218,42000,Appartement,43.0,46000.0,1069.77,2024-08-02
Saint-Étienne,42218,42100,Appartement,62.0,49900.0,804.84,2024-08-05
Saint-Étienne,42218,42100,Maison,150.0,160000.0,1066.67,2024-07-30
Saint-Chamond,42207,42400,Appartement,42.0,121000.0,2880.95,2024-08-07
Saint-Étienne,42218,42100,Appartement,21.0,39500.0,1880.95,2024-07-30
Saint-Étienne,42218,42100,Maison,99.0,215000.0,2171.72,2024-08-02
Saint-Étienne,42218,42100,Appartement,118.0,109200.0,925.42,2024-07-31
Saint-Étienne,42218,42000,Maison,108.0,86000.0,796.3,2024-08-02
Saint-Chamond,42207,42400,Appartement,43.0,298000.0,6930.23,2024-08-02
Saint-Chamond,42207,42400,Appartement,52.0,298000.0,5730.77,2024-08-02
Saint-Chamond,42207,42400,Appartement,43.0,298000.0,6930.23,2024-08-02
Saint-Chamond,42207,42400,Appartement,52.0,298000.0,5730.77,2024-08-02
Saint-Chamond,42207,42400,Appartement,52.0,298000.0,5730.77,2024-08-02
Montrond-les-Bains,42149,42210,Maison,80.0,215000.0,2687.5,2024-08-05
Saint-Étienne,42218,42000,Appartement,48.0,70300.0,1464.58,2024-08-13
Saint-Étienne,42218,42000,Appartement,75.0,112400.0,1498.67,2024-08-02
Rive-de-Gier,42186,42800,Appartement,145.0,165000.0,1137.93,2024-08-02
Luriecq,42126,42380,Maison,78.0,160000.0,2051.28,2024-08-07
Saint-Étienne,42218,42000,Appartement,70.0,193509.0,2764.41,2024-08-06
Maclas,42129,42520,Maison,125.0,232000.0,1856.0,2024-08-01
Saint-Étienne,42218,42100,Appartement,59.0,115000.0,1949.15,2024-08-22
Nervieux,42155,42510,Maison,90.0,157000.0,1744.44,2024-08-08
Nervieux,42155,42510,Maison,101.0,152000.0,1504.95,2024-08-09
Nervieux,42155,42510,Maison,101.0,152000.0,1504.95,2024-08-09
Genilac,42225,42800,Maison,96.0,279200.0,2908.33,2024-08-28
Saint-Paul-en-Jarez,42271,42740,Maison,109.0,266500.0,2444.95,2024-08-02
Saint-Chamond,42207,42400,Appartement,15.0,49000.0,3266.67,2024-08-08
Saint-Chamond,42207,42400,Appartement,75.0,49000.0,653.33,2024-08-08
Saint-Étienne,42218,42000,Appartement,78.0,76500.0,980.77,2024-08-06
Saint-Étienne,42218,42100,Appartement,62.0,54000.0,870.97,2024-08-23
Saint-Marcellin-en-Forez,42256,42680,Maison,120.0,258373.0,2153.11,2024-08-27
Saint-Marcellin-en-Forez,42256,42680,Maison,100.0,258373.0,2583.73,2024-08-27
Saint-Étienne,42218,42100,Appartement,52.0,60000.0,1153.85,2024-08-26
Saint-Étienne,42218,42100,Appartement,65.0,105000.0,1615.38,2024-08-29
Saint-Jean-Bonnefonds,42237,42650,Appartement,62.0,170000.0,2741.94,2024-08-06
Saint-Chamond,42207,42400,Maison,190.0,313500.0,1650.0,2024-08-26
La Talaudière,42305,42350,Appartement,44.0,60000.0,1363.64,2024-08-23
Unieux,42316,42240,Maison,64.0,170000.0,2656.25,2024-08-20
Jonzieux,42115,42660,Maison,87.0,200000.0,2298.85,2024-08-02
Saint-Étienne,42218,42100,Appartement,70.0,91500.0,1307.14,2024-08-02
Saint-Étienne,42218,42000,Appartement,89.0,52500.0,589.89,2024-08-29
Saint-Étienne,42218,42000,Appartement,36.0,52500.0,1458.33,2024-08-29
Veauchette,42324,42340,Maison,89.0,233050.0,2618.54,2024-08-06
Saint-Étienne,42218,42100,Appartement,83.0,115000.0,1385.54,2024-08-02
Saint-Étienne,42218,42000,Appartement,32.0,77000.0,2406.25,2024-08-26
La Fouillouse,42097,42480,Maison,110.0,360990.0,3281.73,2024-08-29
Saint-Étienne,42218,42100,Appartement,45.0,54600.0,1213.33,2024-08-28
Saint-Étienne,42218,42230,Maison,81.0,290000.0,3580.25,2024-08-19
Saint-Étienne,42218,42000,Appartement,94.0,231000.0,2457.45,2024-08-02
Saint-Cyprien,42211,42160,Maison,112.0,260600.0,2326.79,2024-08-05
L'Étrat,42092,42580,Appartement,67.0,159000.0,2373.13,2024-08-29
Saint-Étienne,42218,42100,Appartement,73.0,220000.0,3013.7,2024-08-26
Saint-Étienne,42218,42000,Appartement,95.0,103000.0,1084.21,2024-08-02
La Talaudière,42305,42350,Maison,216.0,750000.0,3472.22,2024-08-06
La Talaudière,42305,42350,Maison,76.0,750000.0,9868.42,2024-08-06
La Talaudière,42305,42350,Appartement,99.0,215000.0,2171.72,2024-08-06
Firminy,42095,42700,Appartement,99.0,99000.0,1000.0,2024-08-06
Saint-Christo-en-Jarez,42208,42320,Maison,120.0,150000.0,1250.0,2024-08-02
Saint-Christo-en-Jarez,42208,42320,Maison,371.0,659000.0,1776.28,2024-08-06
Firminy,42095,42700,Appartement,63.0,55500.0,880.95,2024-08-06
Firminy,42095,42700,Maison,133.0,137000.0,1030.08,2024-08-05
Firminy,42095,42700,Appartement,66.0,35000.0,530.3,2024-08-09
Boisset-lès-Montrond,42020,42210,Maison,116.0,269900.0,2326.72,2024-08-13
Saint-Étienne,42218,42100,Appartement,70.0,79000.0,1128.57,2024-08-08
Estivareilles,42091,42380,Maison,49.0,83000.0,1693.88,2024-08-22
Feurs,42094,42110,Maison,125.0,325200.0,2601.6,2024-08-26
L'Horme,42110,42152,Appartement,48.0,125000.0,2604.17,2024-08-28
L'Horme,42110,42152,Appartement,92.0,125000.0,1358.7,2024-08-28
Tartaras,42307,42800,Maison,198.0,583903.0,2949.01,2024-08-05
Saint-Chamond,42207,42400,Appartement,66.0,109000.0,1651.52,2024-08-29
Saint-Martin-la-Plaine,42259,42800,Maison,90.0,125000.0,1388.89,2024-08-05
Saint-Étienne,42218,42100,Appartement,64.0,68000.0,1062.5,2024-08-06
Rive-de-Gier,42186,42800,Maison,83.0,210000.0,2530.12,2024-07-24
Rive-de-Gier,42186,42800,Maison,64.0,115000.0,1796.88,2024-08-05
Saint-Étienne,42218,42000,Maison,89.0,200000.0,2247.19,2024-08-27
Saint-Étienne,42218,42000,Appartement,57.0,39500.0,692.98,2024-08-29
Saint-Joseph,42242,42800,Maison,116.0,212000.0,1827.59,2024-08-22
Saint-Joseph,42242,42800,Appartement,70.0,190000.0,2714.29,2024-08-05
Saint-Étienne,42218,42000,Appartement,30.0,42000.0,1400.0,2024-08-28
Saint-Étienne,42218,42100,Appartement,96.0,163350.0,1701.56,2024-08-27
Virigneux,42336,42140,Maison,71.0,98000.0,1380.28,2024-08-26
Saint-Étienne,42218,42100,Appartement,68.0,53000.0,779.41,2024-08-08
Saint-Étienne,42218,42100,Appartement,24.0,59500.0,2479.17,2024-08-29
Saint-Étienne,42218,42000,Appartement,90.0,35000.0,388.89,2024-08-28
Montchal,42148,42360,Maison,95.0,90000.0,947.37,2024-08-02
Saint-Étienne,42218,42230,Maison,76.0,295900.0,3893.42,2024-08-20
Unieux,42316,42240,Maison,70.0,178170.0,2545.29,2024-08-08
Saint-Étienne,42218,42100,Appartement,65.0,85460.0,1314.77,2024-08-07
Roche-la-Molière,42189,42230,Maison,97.0,329000.0,3391.75,2024-08-26
Saint-Étienne-le-Molard,42219,42130,Maison,68.0,115000.0,1691.18,2024-08-30
Roche-la-Molière,42189,42230,Maison,82.0,317500.0,3871.95,2024-08-28
Luriecq,42126,42380,Maison,110.0,189250.0,1720.45,2024-08-30
Noirétable,42159,42440,Maison,155.0,219930.0,1418.9,2024-08-19
Noirétable,42159,42440,Maison,155.0,219930.0,1418.9,2024-08-19
Noirétable,42159,42440,Maison,155.0,219930.0,1418.9,2024-08-19
Saint-Étienne,42218,42100,Appartement,66.0,51000.0,772.73,2024-08-30
Saint-Marcellin-en-Forez,42256,42680,Maison,115.0,341450.0,2969.13,2024-08-27
Saint-Marcellin-en-Forez,42256,42680,Maison,115.0,341450.0,2969.13,2024-08-27
Saint-Étienne,42218,42000,Appartement,48.0,39000.0,812.5,2024-08-27
Saint-Étienne,42218,42000,Appartement,22.0,282500.0,12840.91,2024-08-06
Saint-Étienne,42218,42000,Appartement,27.0,282500.0,10462.96,2024-08-06
Saint-Étienne,42218,42000,Appartement,27.0,282500.0,10462.96,2024-08-06
Saint-Étienne,42218,42000,Appartement,27.0,282500.0,10462.96,2024-08-06
Saint-Étienne,42218,42000,Appartement,27.0,282500.0,10462.96,2024-08-06
Saint-Étienne,42218,42000,Appartement,54.0,282500.0,5231.48,2024-08-06
Saint-Étienne,42218,42000,Appartement,27.0,282500.0,10462.96,2024-08-06
Saint-Étienne,42218,42000,Appartement,48.0,274000.0,5708.33,2024-08-06
Saint-Étienne,42218,42000,Appartement,44.0,274000.0,6227.27,2024-08-06
Saint-Étienne,42218,42100,Appartement,79.0,90000.0,1139.24,2024-08-05
Chambéon,42041,42110,Maison,115.0,283000.0,2460.87,2024-08-27
Saint-Romain-les-Atheux,42286,42660,Maison,123.0,130000.0,1056.91,2024-08-26
Saint-Romain-les-Atheux,42286,42660,Maison,33.0,130000.0,3939.39,2024-08-26
Saint-Étienne,42218,42000,Appartement,75.0,121000.0,1613.33,2024-08-09
Saint-Étienne,42218,42100,Appartement,79.0,122450.0,1550.0,2024-08-28
Saint-Étienne,42218,42100,Appartement,90.0,94400.0,1048.89,2024-08-06
Saint-Étienne,42218,42000,Appartement,99.0,143000.0,1444.44,2024-08-05
Sury-le-Comtal,42304,42450,Appartement,77.0,110000.0,1428.57,2024-08-06
Saint-Héand,42234,42570,Appartement,80.0,132600.0,1657.5,2024-08-28
Saint-Étienne,42218,42100,Appartement,33.0,15000.0,454.55,2024-08-08
Saint-Étienne,42218,42000,Appartement,36.0,52200.0,1450.0,2024-08-09
Saint-Étienne,42218,42100,Appartement,54.0,35000.0,648.15,2024-08-08
Saint-Étienne,42218,42000,Appartement,107.0,66000.0,616.82,2024-01-19
Saint-Étienne,42218,42000,Appartement,84.0,190000.0,2261.9,2024-08-07
Saint-Étienne,42218,42000,Appartement,79.0,190000.0,2405.06,2024-08-07
Saint-Jean-Bonnefonds,42237,42650,Maison,73.0,355000.0,4863.01,2024-08-26
Saint-Cyprien,42211,42160,Appartement,86.0,140000.0,1627.91,2024-08-30
Saint-Étienne,42218,42100,Appartement,53.0,66500.0,1254.72,2024-08-07
La Versanne,42329,42220,Maison,126.0,239300.0,1899.21,2024-08-28
Saint-Étienne,42218,42100,Appartement,67.0,108444.0,1618.57,2024-08-22
Saint-Étienne,42218,42000,Appartement,60.0,80000.0,1333.33,2024-08-06
Chazelles-sur-Lyon,42059,42140,Maison,81.0,155000.0,1913.58,2024-08-28
Saint-Étienne,42218,42000,Maison,76.0,120000.0,1578.95,2024-08-27
Saint-Étienne,42218,42100,Appartement,66.0,122550.0,1856.82,2024-08-08
Boën-sur-Lignon,42019,42130,Maison,72.0,144000.0,2000.0,2024-08-27
Roisey,42191,42520,Maison,108.0,313968.0,2907.11,2024-08-22
Saint-Étienne,42218,42100,Appartement,80.0,68000.0,850.0,2024-08-07
Saint-Genest-Malifaux,42224,42660,Maison,78.0,200000.0,2564.1,2024-08-06
Précieux,42180,42600,Maison,93.0,245000.0,2634.41,2024-08-30
Saint-Romain-en-Jarez,42283,42800,Maison,60.0,153500.0,2558.33,2024-08-08
Saint-Étienne,42218,42000,Appartement,69.0,191425.0,2774.28,2024-08-29
Saint-Étienne,42218,42000,Appartement,44.0,47500.0,1079.55,2024-07-30
Sail-sous-Couzan,42195,42890,Appartement,77.0,93000.0,1207.79,2024-08-27
Pélussin,42168,42410,Maison,135.0,582400.0,4314.07,2024-08-29
Montbrison,42147,42600,Maison,90.0,177000.0,1966.67,2024-08-27
Sail-sous-Couzan,42195,42890,Appartement,158.0,140000.0,886.08,2024-08-08
Saint-Étienne,42218,42100,Maison,69.0,175000.0,2536.23,2024-08-29
Saint-Étienne,42218,42100,Appartement,70.0,151900.0,2170.0,2024-09-02
Saint-Genest-Lerpt,42223,42530,Maison,119.0,341400.0,2868.91,2024-08-05
Sorbiers,42302,42290,Appartement,85.0,205000.0,2411.76,2024-08-28
Saint-Étienne,42218,42000,Appartement,103.0,62000.0,601.94,2024-08-09
Saint-Étienne,42218,42100,Appartement,63.0,92000.0,1460.32,2024-08-06
Firminy,42095,42700,Maison,94.0,138975.0,1478.46,2024-08-22
Civens,42065,42110,Maison,105.0,267200.0,2544.76,2024-08-28
Villars,42330,42390,Appartement,85.0,108000.0,1270.59,2024-08-28
Écotay-l'Olme,42087,42600,Maison,110.0,283700.0,2579.09,2024-08-29
Écotay-l'Olme,42087,42600,Maison,110.0,283700.0,2579.09,2024-08-29
Saint-Chamond,42207,42400,Appartement,64.0,127500.0,1992.19,2024-08-07
Rive-de-Gier,42186,42800,Maison,113.0,165000.0,1460.18,2024-08-28
Saint-Étienne,42218,42000,Appartement,67.0,95000.0,1417.91,2024-08-28
Boën-sur-Lignon,42019,42130,Appartement,106.0,104200.0,983.02,2024-08-06
Saint-Joseph,42242,42800,Maison,87.0,250000.0,2873.56,2024-08-08
Usson-en-Forez,42318,42550,Maison,110.0,70000.0,636.36,2024-08-29
Saint-Galmier,42222,42330,Maison,75.0,270000.0,3600.0,2024-08-09
Saint-Étienne,42218,42100,Appartement,60.0,71000.0,1183.33,2024-09-03
Saint-Régis-du-Coin,42280,42660,Appartement,34.0,62000.0,1823.53,2024-08-29
Saint-Romain-le-Puy,42285,42610,Maison,59.0,134550.0,2280.51,2024-08-14
Unieux,42316,42240,Maison,69.0,147150.0,2132.61,2024-08-08
Saint-Appolinard,42201,42520,Maison,72.0,280000.0,3888.89,2024-08-28
Feurs,42094,42110,Appartement,47.0,89000.0,1893.62,2024-08-30
Saint-Étienne,42218,42100,Maison,177.0,357000.0,2016.95,2024-08-08
Saint-Étienne,42218,42100,Appartement,67.0,60000.0,895.52,2024-08-30
Saint-Étienne,42218,42000,Appartement,33.0,32900.0,996.97,2024-08-30
Chambles,42042,42170,Maison,150.0,506100.0,3374.0,2024-08-30
Chambles,42042,42170,Maison,150.0,506100.0,3374.0,2024-08-30
Saint-Étienne,42218,42000,Appartement,42.0,65351.0,1555.98,2024-08-30
Roisey,42191,42520,Maison,52.0,275000.0,5288.46,2024-08-29
Veauche,42323,42340,Maison,75.0,252600.0,3368.0,2024-08-14
Saint-Étienne,42218,42000,Appartement,33.0,35000.0,1060.61,2024-08-29
Veauche,42323,42340,Maison,112.0,345060.0,3080.89,2024-08-13
Saint-Étienne,42218,42100,Appartement,58.0,89500.0,1543.1,2024-08-30
Saint-Étienne,42218,42100,Appartement,30.0,38000.0,1266.67,2024-08-29
Bessey,42018,42520,Maison,93.0,220400.0,2369.89,2024-08-28
Saint-Paul-en-Cornillon,42270,42240,Maison,101.0,261430.0,2588.42,2024-08-29
Saint-Chamond,42207,42400,Appartement,32.0,6000.0,187.5,2024-09-03
Sorbiers,42302,42290,Appartement,68.0,189000.0,2779.41,2024-08-27
Sail-sous-Couzan,42195,42890,Maison,75.0,68000.0,906.67,2024-08-08
Rive-de-Gier,42186,42800,Maison,75.0,240000.0,3200.0,2024-08-07
Saint-Genest-Lerpt,42223,42530,Appartement,64.0,55000.0,859.38,2024-08-08
Saint-Étienne,42218,42100,Appartement,85.0,83000.0,976.47,2024-08-27
Saint-Étienne,42218,42100,Appartement,56.0,128000.0,2285.71,2024-08-28
Feurs,42094,42110,Appartement,69.0,88000.0,1275.36,2024-08-08
Chavanay,42056,42410,Maison,110.0,340000.0,3090.91,2024-08-08
Saint-Priest-en-Jarez,42275,42270,Appartement,58.0,95000.0,1637.93,2024-08-06
Saint-Étienne,42218,42100,Appartement,67.0,66000.0,985.07,2024-08-28
Saint-Étienne,42218,42000,Appartement,150.0,215950.0,1439.67,2024-08-29
Saint-Étienne,42218,42100,Appartement,63.0,30000.0,476.19,2024-09-05
Saint-Genest-Lerpt,42223,42530,Appartement,72.0,180000.0,2500.0,2024-09-05
Saint-Genest-Lerpt,42223,42530,Appartement,80.0,180000.0,2250.0,2024-09-05
Saint-Romain-le-Puy,42285,42610,Maison,120.0,213000.0,1775.0,2024-09-02
Montbrison,42147,42600,Appartement,107.0,162700.0,1520.56,2024-08-29
Saint-Étienne,42218,42000,Appartement,64.0,95000.0,1484.38,2024-08-30
Saint-Étienne,42218,42100,Appartement,65.0,77000.0,1184.62,2024-08-23
Lézigneux,42122,42600,Maison,100.0,243300.0,2433.0,2024-08-23
Lézigneux,42122,42600,Maison,100.0,243300.0,2433.0,2024-08-23
Saint-Georges-Haute-Ville,42228,42610,Maison,85.0,255000.0,3000.0,2024-08-27
Saint-Étienne,42218,42100,Appartement,68.0,85000.0,1250.0,2024-08-23
Pélussin,42168,42410,Maison,90.0,293345.0,3259.39,2024-08-06
Saint-Étienne,42218,42100,Appartement,59.0,75000.0,1271.19,2024-08-08
Saint-Étienne,42218,42100,Appartement,66.0,65000.0,984.85,2024-08-28
Marcilly-le-Châtel,42134,42130,Maison,102.0,210000.0,2058.82,2024-08-28
Marcilly-le-Châtel,42134,42130,Maison,102.0,210000.0,2058.82,2024-08-28
Arthun,42009,42130,Maison,93.0,90000.0,967.74,2024-07-25
Arthun,42009,42130,Maison,93.0,90000.0,967.74,2024-07-25
Saint-Étienne,42218,42100,Appartement,48.0,69170.0,1441.04,2024-08-29
Saint-Étienne,42218,42230,Maison,110.0,317950.0,2890.45,2024-08-29
Saint-Étienne,42218,42230,Maison,110.0,317950.0,2890.45,2024-08-29
Saint-Étienne,42218,42000,Appartement,136.0,90000.0,661.76,2024-09-03
Saint-Chamond,42207,42400,Appartement,142.0,185250.0,1304.58,2024-08-30
Saint-Jean-Bonnefonds,42237,42650,Appartement,65.0,87000.0,1338.46,2024-08-29
Saint-Étienne,42218,42100,Appartement,60.0,64000.0,1066.67,2024-09-03
Saint-Étienne,42218,42000,Appartement,72.0,88000.0,1222.22,2024-08-29
Bonson,42022,42160,Appartement,103.0,236000.0,2291.26,2024-08-26
Saint-Étienne,42218,42100,Appartement,77.0,90000.0,1168.83,2024-08-27
Saint-Étienne,42218,42000,Appartement,17.0,32000.0,1882.35,2024-09-03
Sorbiers,42302,42290,Maison,34.0,95000.0,2794.12,2024-08-28
Saint-Étienne,42218,42100,Maison,112.0,116000.0,1035.71,2024-08-29
Saint-Étienne,42218,42000,Appartement,93.0,123261.0,1325.39,2024-08-09
Saint-Étienne,42218,42100,Maison,122.0,360960.0,2958.69,2024-09-02
Saint-Paul-en-Cornillon,42270,42240,Maison,108.0,277550.0,2569.91,2024-09-06
Saint-Paul-en-Cornillon,42270,42240,Maison,108.0,277550.0,2569.91,2024-09-06
Saint-Étienne,42218,42000,Appartement,50.0,58000.0,1160.0,2024-09-03
Saint-Étienne,42218,42100,Appartement,66.0,45000.0,681.82,2024-09-06
Firminy,42095,42700,Maison,43.0,134000.0,3116.28,2024-09-06
Saint-Étienne,42218,42000,Appartement,152.0,308000.0,2026.32,2024-08-30
Civens,42065,42110,Maison,70.0,309100.0,4415.71,2024-09-05
Civens,42065,42110,Maison,140.0,309100.0,2207.86,2024-09-05
Saint-Paul-en-Jarez,42271,42740,Appartement,136.0,245000.0,1801.47,2024-09-02
La Talaudière,42305,42350,Appartement,105.0,193640.0,1844.19,2024-08-30
Roche-la-Molière,42189,42230,Maison,100.0,345000.0,3450.0,2024-08-26
Saint-Étienne,42218,42000,Appartement,77.0,90000.0,1168.83,2024-09-03
Saint-Appolinard,42201,42520,Maison,35.0,60000.0,1714.29,2024-08-21
Saint-Hilaire-Cusson-la-Valmitte,42235,42380,Maison,101.0,80000.0,792.08,2024-08-30
Saint-Paul-en-Jarez,42271,42740,Appartement,83.0,88000.0,1060.24,2024-08-29
Saint-Étienne,42218,42100,Appartement,64.0,74300.0,1160.94,2024-08-28
Saint-Chamond,42207,42400,Maison,96.0,258000.0,2687.5,2024-09-02
Saint-Chamond,42207,42400,Maison,96.0,258000.0,2687.5,2024-09-02
Burdignes,42028,42220,Maison,63.0,18000.0,285.71,2024-08-27
La Fouillouse,42097,42480,Appartement,82.0,135000.0,1646.34,2024-08-29
Burdignes,42028,42220,Maison,88.0,295000.0,3352.27,2024-07-02
Saint-Étienne,42218,42100,Appartement,39.0,47500.0,1217.95,2024-09-02
Saint-Sauveur-en-Rue,42287,42220,Maison,80.0,177050.0,2213.12,2024-08-28
Chagnon,42036,42800,Maison,105.0,285650.0,2720.48,2024-09-04
Villars,42330,42390,Appartement,66.0,95000.0,1439.39,2024-08-30
Sorbiers,42302,42290,Maison,88.0,275000.0,3125.0,2024-08-29
Saint-Étienne,42218,42100,Appartement,96.0,45000.0,468.75,2024-08-09
Firminy,42095,42700,Appartement,94.0,94300.0,1003.19,2024-08-30
La Talaudière,42305,42350,Maison,103.0,253000.0,2456.31,2024-08-30
Saint-Étienne,42218,42100,Appartement,94.0,45000.0,478.72,2024-08-09
Montbrison,42147,42600,Appartement,70.0,94000.0,1342.86,2024-08-28
Saint-Étienne,42218,42100,Appartement,76.0,94000.0,1236.84,2024-08-28
Sorbiers,42302,42290,Appartement,72.0,155000.0,2152.78,2024-08-29
Saint-Étienne,42218,42000,Appartement,136.0,151200.0,1111.76,2024-08-30
Saint-Just-Saint-Rambert,42279,42170,Maison,132.0,564650.0,4277.65,2024-09-02
Saint-Just-Saint-Rambert,42279,42170,Maison,132.0,564650.0,4277.65,2024-09-02
Saint-Martin-la-Plaine,42259,42800,Maison,90.0,365000.0,4055.56,2024-09-04
Andrézieux-Bouthéon,42005,42160,Maison,80.0,249600.0,3120.0,2024-09-03
Genilac,42225,42800,Maison,113.0,227000.0,2008.85,2024-09-06
Saint-Étienne,42218,42000,Appartement,62.0,29500.0,475.81,2024-09-02
Saint-Just-Saint-Rambert,42279,42170,Maison,82.0,380000.0,4634.15,2024-09-02
Saint-Étienne,42218,42100,Appartement,86.0,125000.0,1453.49,2024-08-30
Saint-Just-Saint-Rambert,42279,42170,Maison,111.0,351300.0,3164.86,2024-09-03
Saint-Just-Saint-Rambert,42279,42170,Maison,111.0,351300.0,3164.86,2024-09-03
Unieux,42316,42240,Maison,85.0,205000.0,2411.76,2024-08-30
Saint-Étienne,42218,42000,Appartement,44.0,88000.0,2000.0,2024-08-30
Saint-Étienne,42218,42000,Appartement,72.0,99000.0,1375.0,2024-08-23
Montrond-les-Bains,42149,42210,Appartement,56.0,100000.0,1785.71,2024-08-14
Saint-Romain-le-Puy,42285,42610,Maison,92.0,195500.0,2125.0,2024-08-28
Dargoire,42083,42800,Maison,98.0,310100.0,3164.29,2024-08-30
Rive-de-Gier,42186,42800,Maison,105.0,165000.0,1571.43,2024-09-05
Bard,42012,42600,Maison,113.0,240000.0,2123.89,2024-09-05
Bard,42012,42600,Maison,113.0,240000.0,2123.89,2024-09-05
Feurs,42094,42110,Maison,98.0,180000.0,1836.73,2024-09-03
Firminy,42095,42700,Maison,85.0,169000.0,1988.24,2024-08-07
Saint-Just-Saint-Rambert,42279,42170,Maison,96.0,417000.0,4343.75,2024-08-30
Saint-Just-Saint-Rambert,42279,42170,Maison,96.0,417000.0,4343.75,2024-08-30
Planfoy,42172,42660,Maison,117.0,355100.0,3035.04,2024-09-02
Planfoy,42172,42660,Maison,117.0,355100.0,3035.04,2024-09-02
Écotay-l'Olme,42087,42600,Maison,103.0,276000.0,2679.61,2024-08-28
Écotay-l'Olme,42087,42600,Maison,103.0,276000.0,2679.61,2024-08-28
Firminy,42095,42700,Appartement,111.0,130000.0,1171.17,2024-08-30
Montbrison,42147,42600,Appartement,29.0,49000.0,1689.66,2024-09-04
La Fouillouse,42097,42480,Maison,148.0,625000.0,4222.97,2024-08-26
La Fouillouse,42097,42480,Maison,148.0,625000.0,4222.97,2024-08-26
Firminy,42095,42700,Appartement,55.0,62500.0,1136.36,2024-08-07
Saint-Étienne,42218,42100,Appartement,76.0,70000.0,921.05,2024-09-06
Verrières-en-Forez,42328,42600,Maison,103.0,210000.0,2038.83,2024-08-30
Chalain-d'Uzore,42037,42600,Maison,110.0,320800.0,2916.36,2024-09-02
Saint-Étienne,42218,42100,Maison,26.0,26800.0,1030.77,2024-09-03
Saint-Chamond,42207,42400,Maison,95.0,207000.0,2178.95,2024-09-05
Unieux,42316,42240,Appartement,27.0,38000.0,1407.41,2024-09-04
Vêtre-sur-Anzon,42245,42440,Maison,69.0,134000.0,1942.03,2024-08-27
Vêtre-sur-Anzon,42245,42440,Maison,69.0,134000.0,1942.03,2024-08-27
Vêtre-sur-Anzon,42245,42440,Maison,69.0,134000.0,1942.03,2024-08-27
Saint-Bonnet-les-Oules,42206,42330,Maison,89.0,259000.0,2910.11,2024-08-27
Bonson,42022,42160,Maison,116.0,320000.0,2758.62,2024-09-04
Bonson,42022,42160,Maison,116.0,320000.0,2758.62,2024-09-04
Sury-le-Comtal,42304,42450,Appartement,53.0,85000.0,1603.77,2024-08-30
Marcilly-le-Châtel,42134,42130,Maison,71.0,154750.0,2179.58,2024-08-30
Saint-Joseph,42242,42800,Maison,97.0,256800.0,2647.42,2024-08-28
Firminy,42095,42700,Maison,61.0,180000.0,2950.82,2024-08-30
Firminy,42095,42700,Maison,61.0,180000.0,2950.82,2024-08-30
Firminy,42095,42700,Maison,61.0,180000.0,2950.82,2024-08-30
Saint-Just-Saint-Rambert,42279,42170,Appartement,70.0,160000.0,2285.71,2024-09-05
Savigneux,42299,42600,Maison,89.0,300000.0,3370.79,2024-08-30
Firminy,42095,42700,Maison,155.0,140000.0,903.23,2024-09-09
Saint-Étienne,42218,42100,Appartement,30.0,57500.0,1916.67,2024-09-10
Veauche,42323,42340,Maison,82.0,214500.0,2615.85,2024-09-02
La Fouillouse,42097,42480,Maison,187.0,618900.0,3309.63,2024-08-26
La Fouillouse,42097,42480,Maison,187.0,618900.0,3309.63,2024-08-26
Montbrison,42147,42600,Maison,85.0,208000.0,2447.06,2024-09-04
Saint-Étienne,42218,42000,Maison,91.0,153500.0,1686.81,2024-08-26
Chalain-le-Comtal,42038,42600,Maison,107.0,120000.0,1121.5,2024-08-30
Chalain-le-Comtal,42038,42600,Maison,107.0,120000.0,1121.5,2024-08-30
Chalain-le-Comtal,42038,42600,Maison,107.0,120000.0,1121.5,2024-08-30
Saint-Étienne,42218,42000,Appartement,64.0,75000.0,1171.88,2024-08-27
La Grand-Croix,42103,42320,Appartement,67.0,355000.0,5298.51,2024-09-05
La Grand-Croix,42103,42320,Appartement,68.0,355000.0,5220.59,2024-09-05
La Grand-Croix,42103,42320,Appartement,120.0,355000.0,2958.33,2024-09-05
Saint-Étienne,42218,42100,Appartement,56.0,90500.0,1616.07,2024-09-02
Rive-de-Gier,42186,42800,Appartement,61.0,118000.0,1934.43,2024-08-29
Rive-de-Gier,42186,42800,Appartement,39.0,118000.0,3025.64,2024-08-29
La Grand-Croix,42103,42320,Appartement,96.0,660000.0,6875.0,2024-08-30
La Grand-Croix,42103,42320,Appartement,40.0,660000.0,16500.0,2024-08-30
La Grand-Croix,42103,42320,Appartement,72.0,660000.0,9166.67,2024-08-30
Saint-Étienne,42218,42000,Appartement,32.0,660000.0,20625.0,2024-08-30
Saint-Étienne,42218,42000,Appartement,35.0,660000.0,18857.14,2024-08-30
Saint-Étienne,42218,42000,Appartement,32.0,660000.0,20625.0,2024-08-30
Saint-Étienne,42218,42000,Appartement,57.0,660000.0,11578.95,2024-08-30
Saint-Étienne,42218,42000,Appartement,32.0,660000.0,20625.0,2024-08-30
Saint-Étienne,42218,42000,Appartement,57.0,660000.0,11578.95,2024-08-30
Saint-Étienne,42218,42100,Appartement,25.0,90500.0,3620.0,2024-08-14
Graix,42101,42220,Maison,74.0,230000.0,3108.11,2024-09-02
La Grand-Croix,42103,42320,Maison,59.0,185000.0,3135.59,2024-09-09
La Grand-Croix,42103,42320,Maison,59.0,185000.0,3135.59,2024-09-09
Saint-Étienne,42218,42100,Maison,103.0,379000.0,3679.61,2024-09-05
Saint-Étienne,42218,42000,Appartement,53.0,52000.0,981.13,2024-09-06
Saint-Étienne,42218,42000,Appartement,50.0,60000.0,1200.0,2024-09-03
Saint-Étienne,42218,42000,Appartement,88.0,400000.0,4545.45,2024-09-04
Saint-Étienne,42218,42000,Appartement,48.0,93400.0,1945.83,2024-09-05
Saint-Étienne,42218,42000,Appartement,46.0,43000.0,934.78,2024-08-30
L'Étrat,42092,42580,Maison,93.0,286400.0,3079.57,2024-08-27
Saint-Étienne,42218,42100,Appartement,78.0,110000.0,1410.26,2024-09-09
Saint-Étienne,42218,42000,Appartement,103.0,29000.0,281.55,2024-08-28
Saint-Étienne,42218,42000,Appartement,64.0,29000.0,453.12,2024-08-28
Saint-Étienne,42218,42000,Appartement,45.0,55000.0,1222.22,2024-08-28
Le Chambon-Feugerolles,42044,42500,Maison,72.0,169000.0,2347.22,2024-09-03
Saint-Étienne,42218,42000,Appartement,41.0,50000.0,1219.51,2024-08-27
Andrézieux-Bouthéon,42005,42160,Appartement,67.0,79000.0,1179.1,2024-09-02
Firminy,42095,42700,Appartement,57.0,41000.0,719.3,2024-09-03
Saint-Étienne,42218,42100,Appartement,99.0,154040.0,1555.96,2024-09-10
Saint-Marcellin-en-Forez,42256,42680,Maison,125.0,350000.0,2800.0,2024-09-04
Saint-Marcellin-en-Forez,42256,42680,Maison,125.0,350000.0,2800.0,2024-09-04
Estivareilles,42091,42380,Maison,173.0,132550.0,766.18,2024-09-10
Saint-Bonnet-le-Courreau,42205,42940,Maison,93.0,117700.0,1265.59,2024-09-04
Saint-Bonnet-le-Courreau,42205,42940,Maison,93.0,117700.0,1265.59,2024-09-04
Firminy,42095,42700,Appartement,68.0,90000.0,1323.53,2024-09-05
Firminy,42095,42700,Appartement,68.0,90000.0,1323.53,2024-09-05
Le Chambon-Feugerolles,42044,42500,Appartement,120.0,114500.0,954.17,2024-09-06
Saint-Thomas-la-Garde,42290,42600,Maison,144.0,250000.0,1736.11,2024-09-06
Saint-Étienne,42218,42000,Appartement,64.0,90800.0,1418.75,2024-09-04
Saint-Étienne,42218,42000,Appartement,163.0,208000.0,1276.07,2024-09-04
Saint-Galmier,42222,42330,Maison,200.0,360500.0,1802.5,2024-09-04
La Tourette,42312,42380,Maison,107.0,240000.0,2242.99,2024-09-04
La Tourette,42312,42380,Maison,107.0,240000.0,2242.99,2024-09-04
Sainte-Croix-en-Jarez,42210,42800,Maison,90.0,180000.0,2000.0,2024-09-04
Sainte-Croix-en-Jarez,42210,42800,Maison,90.0,180000.0,2000.0,2024-09-04
Saint-Galmier,42222,42330,Maison,187.0,282500.0,1510.7,2024-09-04
Véranne,42326,42520,Maison,133.0,390000.0,2932.33,2024-09-11
Saint-Étienne,42218,42100,Appartement,67.0,74000.0,1104.48,2024-09-03
Saint-Étienne,42218,42100,Appartement,26.0,40000.0,1538.46,2024-09-04
Roisey,42191,42520,Maison,95.0,243300.0,2561.05,2024-09-11
Firminy,42095,42700,Appartement,49.0,43000.0,877.55,2024-09-04
Montbrison,42147,42600,Appartement,28.0,59000.0,2107.14,2024-08-28
Saint-Étienne,42218,42000,Appartement,38.0,56500.0,1486.84,2024-08-30
Saint-Just-Saint-Rambert,42279,42170,Maison,60.0,163200.0,2720.0,2024-09-02
Saint-Just-Saint-Rambert,42279,42170,Maison,138.0,467800.0,3389.86,2024-09-05
Saint-Just-Saint-Rambert,42279,42170,Maison,138.0,467800.0,3389.86,2024-09-05
Saint-Étienne,42218,42100,Appartement,58.0,64500.0,1112.07,2024-09-03
Saint-Étienne,42218,42000,Appartement,45.0,39300.0,873.33,2024-09-03
Saint-Étienne,42218,42000,Appartement,49.0,87300.0,1781.63,2024-09-06
Saint-Étienne,42218,42000,Appartement,60.0,85000.0,1416.67,2024-09-05
Saint-Marcellin-en-Forez,42256,42680,Maison,96.0,255000.0,2656.25,2024-09-03
Saint-Étienne,42218,42100,Appartement,180.0,332500.0,1847.22,2024-09-04
Saint-Étienne,42218,42100,Appartement,23.0,30000.0,1304.35,2024-09-04
Saint-Étienne,42218,42100,Appartement,62.0,41000.0,661.29,2024-08-26
Unieux,42316,42240,Maison,62.0,216700.0,3495.16,2024-09-04
Soleymieux,42301,42560,Maison,102.0,35000.0,343.14,2024-09-02
Saint-Étienne,42218,42000,Appartement,320.0,505000.0,1578.12,2024-09-02
Villars,42330,42390,Appartement,78.0,101500.0,1301.28,2024-09-03
Boën-sur-Lignon,42019,42130,Maison,160.0,171500.0,1071.88,2024-08-27
Saint-Étienne,42218,42000,Appartement,45.0,75050.0,1667.78,2024-09-06
Saint-Étienne,42218,42000,Appartement,130.0,130000.0,1000.0,2024-09-04
Saint-Étienne,42218,42100,Maison,71.0,99000.0,1394.37,2024-09-05
Bellegarde-en-Forez,42013,42210,Maison,79.0,60000.0,759.49,2024-09-04
Saint-Étienne,42218,42100,Appartement,52.0,32500.0,625.0,2024-09-05
Villars,42330,42390,Appartement,85.0,82000.0,964.71,2024-09-06
Saint-Étienne,42218,42000,Appartement,58.0,40000.0,689.66,2024-09-04
Firminy,42095,42700,Maison,84.0,185000.0,2202.38,2024-09-09
Firminy,42095,42700,Maison,84.0,185000.0,2202.38,2024-09-09
Le Chambon-Feugerolles,42044,42500,Appartement,34.0,22000.0,647.06,2024-09-04
Saint-Étienne,42218,42100,Appartement,49.0,70000.0,1428.57,2024-08-14
Firminy,42095,42700,Appartement,99.0,91100.0,920.2,2024-09-11
La Versanne,42329,42220,Maison,72.0,146000.0,2027.78,2024-09-04
Saint-Étienne,42218,42100,Appartement,48.0,37050.0,771.88,2024-09-09
Sainte-Agathe-la-Bouteresse,42197,42130,Maison,83.0,128100.0,1543.37,2024-06-25
Sainte-Agathe-la-Bouteresse,42197,42130,Appartement,60.0,128100.0,2135.0,2024-06-25
Saint-Marcellin-en-Forez,42256,42680,Maison,71.0,222000.0,3126.76,2024-09-03
Saint-Marcellin-en-Forez,42256,42680,Maison,71.0,222000.0,3126.76,2024-09-03
Villars,42330,42390,Appartement,73.0,88500.0,1212.33,2024-09-02
Saint-Priest-en-Jarez,42275,42270,Appartement,85.0,273000.0,3211.76,2024-09-09
Saint-Étienne,42218,42100,Appartement,103.0,142000.0,1378.64,2024-09-05
Saint-Just-Saint-Rambert,42279,42170,Maison,102.0,278000.0,2725.49,2024-09-04
Chavanay,42056,42410,Maison,90.0,183000.0,2033.33,2024-09-03
Sainte-Foy-Saint-Sulpice,42221,42110,Maison,121.0,167000.0,1380.17,2024-09-05
Sainte-Foy-Saint-Sulpice,42221,42110,Maison,121.0,167000.0,1380.17,2024-09-05
La Talaudière,42305,42350,Maison,68.0,209000.0,3073.53,2024-09-05
Rive-de-Gier,42186,42800,Maison,79.0,220000.0,2784.81,2024-09-05
Pouilly-lès-Feurs,42175,42110,Maison,169.0,415000.0,2455.62,2024-09-04
Saint-Just-Saint-Rambert,42279,42170,Maison,160.0,630050.0,3937.81,2024-09-04
Saint-Étienne,42218,42000,Appartement,47.0,48500.0,1031.91,2024-09-04
Saint-Genest-Malifaux,42224,42660,Maison,94.0,299000.0,3180.85,2024-09-02
Saint-Paul-en-Jarez,42271,42740,Maison,87.0,236200.0,2714.94,2024-08-09
Sorbiers,42302,42290,Maison,89.0,288462.0,3241.15,2024-09-09
Saint-Paul-en-Jarez,42271,42740,Appartement,83.0,88500.0,1066.27,2024-09-02
Saint-Chamond,42207,42400,Maison,66.0,229260.0,3473.64,2024-09-10
Saint-Paul-en-Jarez,42271,42740,Appartement,71.0,74280.0,1046.2,2024-09-02
Chambéon,42041,42110,Maison,82.0,266800.0,3253.66,2024-09-06
Poncins,42174,42110,Maison,89.0,230000.0,2584.27,2024-08-29
Poncins,42174,42110,Maison,89.0,230000.0,2584.27,2024-08-29
Saint-Étienne,42218,42100,Appartement,32.0,60000.0,1875.0,2024-09-03
Saint-Étienne,42218,42000,Appartement,55.0,100000.0,1818.18,2024-09-12
Genilac,42225,42800,Maison,125.0,288950.0,2311.6,2024-09-05
Saint-Étienne,42218,42100,Appartement,78.0,75000.0,961.54,2024-09-09
Saint-Priest-en-Jarez,42275,42270,Appartement,64.0,157710.0,2464.22,2024-09-06
Saint-André-le-Puy,42200,42210,Maison,126.0,364000.0,2888.89,2024-09-06
Saint-André-le-Puy,42200,42210,Maison,126.0,364000.0,2888.89,2024-09-06
Saint-Chamond,42207,42400,Maison,92.0,284000.0,3086.96,2024-08-27
Le Chambon-Feugerolles,42044,42500,Maison,76.0,186000.0,2447.37,2024-08-27
Saint-Étienne,42218,42100,Appartement,39.0,43000.0,1102.56,2024-09-06
Saint-Étienne,42218,42000,Appartement,43.0,56000.0,1302.33,2024-09-10
Rive-de-Gier,42186,42800,Maison,112.0,305000.0,2723.21,2024-08-28
La Grand-Croix,42103,42320,Maison,71.0,176000.0,2478.87,2024-09-10
Rive-de-Gier,42186,42800,Maison,127.0,169100.0,1331.5,2024-08-30
Firminy,42095,42700,Maison,110.0,210800.0,1916.36,2024-09-11
Saint-Étienne,42218,42000,Appartement,45.0,20000.0,444.44,2024-09-16
Panissières,42165,42360,Maison,81.0,80000.0,987.65,2024-09-06
Saint-Étienne,42218,42000,Appartement,78.0,146000.0,1871.79,2024-09-06
Saint-Marcellin-en-Forez,42256,42680,Appartement,87.0,100000.0,1149.43,2024-09-05
Saint-Marcellin-en-Forez,42256,42680,Appartement,22.0,100000.0,4545.45,2024-09-05
Sorbiers,42302,42290,Maison,88.0,240000.0,2727.27,2024-09-04
Virigneux,42336,42140,Maison,145.0,110000.0,758.62,2024-09-04
Virigneux,42336,42140,Maison,145.0,110000.0,758.62,2024-09-04
Saint-Étienne,42218,42000,Appartement,107.0,110000.0,1028.04,2024-09-06
Cottance,42073,42360,Maison,147.0,284863.0,1937.84,2024-09-02
Cottance,42073,42360,Maison,147.0,284863.0,1937.84,2024-09-02
Saint-Étienne,42218,42100,Appartement,31.0,23000.0,741.94,2024-09-04
Roche-la-Molière,42189,42230,Maison,90.0,203500.0,2261.11,2024-08-29
Saint-Étienne,42218,42000,Appartement,53.0,77000.0,1452.83,2024-09-04
Saint-Étienne,42218,42000,Appartement,58.0,33000.0,568.97,2024-09-16
Bussy-Albieux,42030,42260,Maison,77.0,187000.0,2428.57,2024-08-27
Bussy-Albieux,42030,42260,Maison,77.0,187000.0,2428.57,2024-08-27
Bussy-Albieux,42030,42260,Maison,46.0,187000.0,4065.22,2024-08-27
Bussy-Albieux,42030,42260,Maison,46.0,187000.0,4065.22,2024-08-27
Saint-Étienne,42218,42000,Appartement,81.0,133850.0,1652.47,2024-09-05
Saint-Bonnet-le-Château,42204,42380,Maison,117.0,190000.0,1623.93,2024-09-04
Saint-Bonnet-le-Château,42204,42380,Maison,117.0,190000.0,1623.93,2024-09-04
Saint-Bonnet-le-Château,42204,42380,Maison,117.0,190000.0,1623.93,2024-09-04
L'Horme,42110,42152,Maison,132.0,388620.0,2944.09,2024-08-26
Cottance,42073,42360,Maison,100.0,458000.0,4580.0,2024-08-23
Le Chambon-Feugerolles,42044,42500,Maison,93.0,210000.0,2258.06,2024-09-11
Montbrison,42147,42600,Maison,77.0,200000.0,2597.4,2024-08-29
Montrond-les-Bains,42149,42210,Appartement,74.0,125000.0,1689.19,2024-09-11
Unieux,42316,42240,Maison,236.0,442000.0,1872.88,2024-08-30
Andrézieux-Bouthéon,42005,42160,Appartement,79.0,104500.0,1322.78,2024-09-05
Saint-Étienne,42218,42100,Maison,68.0,119000.0,1750.0,2024-08-26
Bonson,42022,42160,Maison,92.0,250000.0,2717.39,2024-09-09
L'Horme,42110,42152,Maison,100.0,230883.0,2308.83,2024-08-28
L'Horme,42110,42152,Maison,100.0,230883.0,2308.83,2024-08-28
Saint-Bonnet-le-Courreau,42205,42940,Maison,200.0,30000.0,150.0,2024-08-19
La Chambonie,42045,42440,Maison,42.0,58300.0,1388.1,2024-08-29
Usson-en-Forez,42318,42550,Maison,60.0,55000.0,916.67,2024-09-03
Saint-Chamond,42207,42400,Appartement,80.0,29000.0,362.5,2024-09-12
Saint-Chamond,42207,42400,Appartement,78.0,29000.0,371.79,2024-09-12
Saint-Chamond,42207,42400,Appartement,80.0,29000.0,362.5,2024-09-12
Feurs,42094,42110,Appartement,72.0,175000.0,2430.56,2024-09-12
Saint-Étienne,42218,42100,Appartement,16.0,33000.0,2062.5,2024-09-12
Saint-Just-en-Bas,42247,42990,Maison,100.0,350000.0,3500.0,2024-09-10
Les Salles,42295,42440,Maison,95.0,55000.0,578.95,2024-08-30
Saint-Bonnet-les-Oules,42206,42330,Maison,132.0,422000.0,3196.97,2024-09-06
Saint-Bonnet-les-Oules,42206,42330,Maison,132.0,422000.0,3196.97,2024-09-06
Saint-Jean-Bonnefonds,42237,42650,Appartement,39.0,350000.0,8974.36,2024-09-02
Saint-Jean-Bonnefonds,42237,42650,Appartement,31.0,350000.0,11290.32,2024-09-02
Saint-Jean-Bonnefonds,42237,42650,Appartement,60.0,350000.0,5833.33,2024-09-02
Saint-Jean-Bonnefonds,42237,42650,Appartement,60.0,350000.0,5833.33,2024-09-02
Saint-Jean-Bonnefonds,42237,42650,Appartement,50.0,350000.0,7000.0,2024-09-02
Saint-Jean-Bonnefonds,42237,42650,Appartement,39.0,350000.0,8974.36,2024-09-02
Saint-Jean-Bonnefonds,42237,42650,Appartement,41.0,350000.0,8536.59,2024-09-02
Saint-Jean-Bonnefonds,42237,42650,Appartement,39.0,350000.0,8974.36,2024-09-02
Saint-Jean-Bonnefonds,42237,42650,Appartement,43.0,350000.0,8139.53,2024-09-02
Saint-Chamond,42207,42400,Maison,97.0,203000.0,2092.78,2024-09-11
Villars,42330,42390,Maison,118.0,332245.0,2815.64,2024-09-10
La Grand-Croix,42103,42320,Maison,110.0,200000.0,1818.18,2024-09-11
La Grand-Croix,42103,42320,Maison,110.0,200000.0,1818.18,2024-09-11
Saint-Étienne,42218,42000,Appartement,20.0,33000.0,1650.0,2024-09-10
Montbrison,42147,42600,Maison,74.0,170200.0,2300.0,2024-09-10
Saint-Étienne,42218,42100,Appartement,60.0,44000.0,733.33,2024-09-05
Saint-Étienne,42218,42000,Appartement,128.0,66000.0,515.62,2024-08-07
Saint-Étienne,42218,42000,Appartement,54.0,66000.0,1222.22,2024-08-07
Saint-Just-Saint-Rambert,42279,42170,Appartement,53.0,88000.0,1660.38,2024-09-04
Saint-Genest-Malifaux,42224,42660,Appartement,53.0,102000.0,1924.53,2024-09-05
Saint-Étienne,42218,42000,Appartement,24.0,47500.0,1979.17,2024-09-04
Rive-de-Gier,42186,42800,Appartement,55.0,86400.0,1570.91,2024-09-13
Saint-Étienne,42218,42000,Appartement,54.0,24000.0,444.44,2024-09-17
Saint-Étienne,42218,42100,Appartement,110.0,63500.0,577.27,2024-09-03
Saint-Étienne,42218,42000,Appartement,55.0,53000.0,963.64,2024-08-29
Unieux,42316,42240,Maison,95.0,215000.0,2263.16,2024-09-13
Saint-Étienne,42218,42100,Appartement,37.0,46500.0,1256.76,2024-09-11
Saint-Étienne,42218,42100,Appartement,34.0,28000.0,823.53,2024-08-06
Saint-Chamond,42207,42400,Maison,123.0,285000.0,2317.07,2024-09-16
Saint-Jean-Bonnefonds,42237,42650,Maison,75.0,75000.0,1000.0,2024-09-03
Fraisses,42099,42490,Appartement,74.0,124500.0,1682.43,2024-09-10
Andrézieux-Bouthéon,42005,42160,Maison,61.0,163520.0,2680.66,2024-08-28
Saint-Étienne,42218,42100,Appartement,58.0,49500.0,853.45,2024-09-06
Sury-le-Comtal,42304,42450,Maison,93.0,180000.0,1935.48,2024-09-12
Veauche,42323,42340,Maison,82.0,200000.0,2439.02,2024-09-10
Saint-Étienne,42218,42000,Appartement,56.0,60000.0,1071.43,2024-09-16
Saint-Étienne,42218,42000,Appartement,35.0,229188.0,6548.23,2024-09-06
Saint-Étienne,42218,42000,Appartement,47.0,229188.0,4876.34,2024-09-06
Saint-Étienne,42218,42000,Appartement,96.0,229188.0,2387.38,2024-09-06
Saint-Étienne,42218,42000,Appartement,53.0,229188.0,4324.3,2024-09-06
Saint-Étienne,42218,42000,Appartement,26.0,229188.0,8814.92,2024-09-06
Saint-Étienne,42218,42000,Appartement,30.0,229188.0,7639.6,2024-09-06
Saint-Étienne,42218,42000,Appartement,70.0,229188.0,3274.11,2024-09-06
Andrézieux-Bouthéon,42005,42160,Appartement,44.0,140000.0,3181.82,2024-09-02
Saint-Étienne,42218,42000,Appartement,27.0,116500.0,4314.81,2024-09-10
Saint-Étienne,42218,42000,Appartement,44.0,116500.0,2647.73,2024-09-10
Saint-Étienne,42218,42000,Appartement,82.0,116500.0,1420.73,2024-09-10
Saint-Étienne,42218,42000,Appartement,27.0,116500.0,4314.81,2024-09-10
Saint-Étienne,42218,42000,Appartement,29.0,116500.0,4017.24,2024-09-10
Firminy,42095,42700,Appartement,49.0,57000.0,1163.27,2024-09-16
Saint-Étienne,42218,42100,Appartement,56.0,71000.0,1267.86,2024-09-10
Saint-Chamond,42207,42400,Appartement,67.0,109050.0,1627.61,2024-09-10
Saint-Bonnet-le-Château,42204,42380,Maison,124.0,200000.0,1612.9,2024-09-10
Andrézieux-Bouthéon,42005,42160,Appartement,67.0,60000.0,895.52,2024-09-09
Saint-Maurice-en-Gourgois,42262,42240,Maison,71.0,155500.0,2190.14,2024-09-13
Saint-Étienne,42218,42100,Appartement,45.0,56000.0,1244.44,2024-09-10
Montrond-les-Bains,42149,42210,Maison,82.0,207000.0,2524.39,2024-09-17
Saint-Jean-Bonnefonds,42237,42650,Maison,105.0,341250.0,3250.0,2024-09-06
Luriecq,42126,42380,Maison,121.0,219000.0,1809.92,2024-09-13
Luriecq,42126,42380,Maison,121.0,219000.0,1809.92,2024-09-13
Luriecq,42126,42380,Maison,121.0,219000.0,1809.92,2024-09-13
Saint-Étienne,42218,42000,Appartement,65.0,490000.0,7538.46,2024-09-12
Saint-Étienne,42218,42000,Appartement,30.0,490000.0,16333.33,2024-09-12
Saint-Étienne,42218,42000,Appartement,41.0,490000.0,11951.22,2024-09-12
Saint-Étienne,42218,42000,Appartement,42.0,490000.0,11666.67,2024-09-12
Saint-Étienne,42218,42000,Appartement,43.0,490000.0,11395.35,2024-09-12
Saint-Étienne,42218,42000,Appartement,52.0,490000.0,9423.08,2024-09-12
Saint-Étienne,42218,42000,Appartement,55.0,490000.0,8909.09,2024-09-12
Saint-Étienne,42218,42000,Appartement,54.0,490000.0,9074.07,2024-09-12
Saint-Étienne,42218,42000,Appartement,53.0,490000.0,9245.28,2024-09-12
Saint-Étienne,42218,42000,Appartement,41.0,490000.0,11951.22,2024-09-12
Firminy,42095,42700,Appartement,45.0,106000.0,2355.56,2024-09-10
Firminy,42095,42700,Appartement,70.0,106000.0,1514.29,2024-09-10
Firminy,42095,42700,Appartement,70.0,106000.0,1514.29,2024-09-10
Saint-Étienne,42218,42100,Appartement,51.0,60000.0,1176.47,2024-09-12
Saint-Just-Saint-Rambert,42279,42170,Appartement,69.0,105000.0,1521.74,2024-09-03
Saint-Étienne,42218,42000,Maison,90.0,172000.0,1911.11,2024-09-09
Civens,42065,42110,Maison,134.0,270500.0,2018.66,2024-09-02
Civens,42065,42110,Maison,134.0,270500.0,2018.66,2024-09-02
Saint-Priest-en-Jarez,42275,42270,Appartement,75.0,152400.0,2032.0,2024-09-02
Saint-Galmier,42222,42330,Appartement,94.0,191150.0,2033.51,2024-08-28
Saint-Étienne,42218,42100,Appartement,93.0,93680.0,1007.31,2024-09-10
Veauche,42323,42340,Appartement,86.0,169040.0,1965.58,2024-09-09
Savigneux,42299,42600,Maison,105.0,230000.0,2190.48,2024-09-06
Savigneux,42299,42600,Maison,105.0,230000.0,2190.48,2024-09-06
Saint-Étienne,42218,42100,Appartement,72.0,255000.0,3541.67,2024-09-19
Saint-Étienne,42218,42100,Appartement,22.0,255000.0,11590.91,2024-09-19
Saint-Étienne,42218,42100,Appartement,16.0,255000.0,15937.5,2024-09-19
Saint-Étienne,42218,42100,Appartement,23.0,255000.0,11086.96,2024-09-19
Saint-Étienne,42218,42100,Appartement,23.0,255000.0,11086.96,2024-09-19
Saint-Étienne,42218,42100,Appartement,22.0,255000.0,11590.91,2024-09-19
Saint-Étienne,42218,42100,Appartement,35.0,255000.0,7285.71,2024-09-19
Saint-Étienne,42218,42100,Appartement,35.0,255000.0,7285.71,2024-09-19
Saint-Étienne,42218,42100,Appartement,85.0,103000.0,1211.76,2024-09-12
Unieux,42316,42240,Maison,91.0,254400.0,2795.6,2024-09-05
Malleval,42132,42520,Maison,77.0,179000.0,2324.68,2024-09-17
Saint-Romain-le-Puy,42285,42610,Appartement,56.0,114000.0,2035.71,2024-09-11
Panissières,42165,42360,Maison,135.0,257000.0,1903.7,2024-08-27
Saint-Just-Saint-Rambert,42279,42170,Maison,75.0,370000.0,4933.33,2024-09-04
Savigneux,42299,42600,Maison,104.0,295000.0,2836.54,2024-08-28
Savigneux,42299,42600,Maison,30.0,295000.0,9833.33,2024-08-28
Saint-Just-Saint-Rambert,42279,42170,Maison,74.0,202500.0,2736.49,2024-09-05
Saint-Étienne,42218,42000,Appartement,64.0,390000.0,6093.75,2024-09-17
Saint-Étienne,42218,42000,Appartement,64.0,390000.0,6093.75,2024-09-17
Saint-Étienne,42218,42000,Appartement,64.0,390000.0,6093.75,2024-09-17
Saint-Étienne,42218,42000,Appartement,64.0,390000.0,6093.75,2024-09-17
Saint-Étienne,42218,42000,Appartement,64.0,390000.0,6093.75,2024-09-17
Saint-Étienne,42218,42000,Appartement,64.0,390000.0,6093.75,2024-09-17
Saint-Étienne,42218,42000,Appartement,64.0,390000.0,6093.75,2024-09-17
Saint-Étienne,42218,42000,Appartement,64.0,390000.0,6093.75,2024-09-17
Saint-Étienne,42218,42000,Appartement,64.0,390000.0,6093.75,2024-09-17
Saint-Étienne,42218,42000,Appartement,125.0,178600.0,1428.8,2024-09-11
Pélussin,42168,42410,Maison,162.0,495200.0,3056.79,2024-09-17
Pélussin,42168,42410,Maison,162.0,495200.0,3056.79,2024-09-17
Saint-Étienne,42218,42100,Appartement,28.0,40000.0,1428.57,2024-09-11
Saint-Chamond,42207,42400,Appartement,57.0,69000.0,1210.53,2024-09-17
Chazelles-sur-Lyon,42059,42140,Maison,105.0,277840.0,2646.1,2024-08-27
Saint-Étienne,42218,42100,Appartement,55.0,39700.0,721.82,2024-09-04
Le Chambon-Feugerolles,42044,42500,Maison,112.0,229300.0,2047.32,2024-09-18
La Ricamarie,42183,42150,Maison,52.0,143895.0,2767.21,2024-09-18
Saint-Étienne,42218,42000,Appartement,148.0,125000.0,844.59,2024-09-16
Saint-Étienne,42218,42100,Appartement,56.0,40000.0,714.29,2024-09-06
Saint-Étienne,42218,42000,Appartement,68.0,40000.0,588.24,2024-09-17
Genilac,42225,42800,Maison,88.0,195000.0,2215.91,2024-09-12
Veauche,42323,42340,Maison,74.0,245000.0,3310.81,2024-09-05
Veauche,42323,42340,Maison,74.0,245000.0,3310.81,2024-09-05
Saint-Étienne,42218,42100,Appartement,29.0,52960.04,1826.21,2024-09-13
Saint-Étienne,42218,42000,Appartement,46.0,58450.0,1270.65,2024-08-28
Grammond,42102,42140,Appartement,48.0,260000.0,5416.67,2024-09-17
Grammond,42102,42140,Appartement,116.0,260000.0,2241.38,2024-09-17
Andrézieux-Bouthéon,42005,42160,Appartement,72.0,236500.0,3284.72,2024-09-19
Andrézieux-Bouthéon,42005,42160,Appartement,39.0,236500.0,6064.1,2024-09-19
Saint-Étienne,42218,42100,Appartement,104.0,130000.0,1250.0,2024-09-16
Usson-en-Forez,42318,42550,Maison,101.0,144500.0,1430.69,2024-09-12
Usson-en-Forez,42318,42550,Maison,101.0,144500.0,1430.69,2024-09-12
Saint-Étienne,42218,42100,Appartement,71.0,88000.0,1239.44,2024-09-06
Pouilly-lès-Feurs,42175,42110,Maison,86.0,160000.0,1860.47,2024-09-12
Pouilly-lès-Feurs,42175,42110,Maison,86.0,160000.0,1860.47,2024-09-12
Saint-Étienne,42218,42100,Maison,130.0,140000.0,1076.92,2024-09-16
Andrézieux-Bouthéon,42005,42160,Appartement,73.0,83000.0,1136.99,2024-09-02
Saint-Étienne,42218,42100,Appartement,67.0,52000.0,776.12,2024-09-03
La Talaudière,42305,42350,Maison,91.0,370000.0,4065.93,2024-09-10
Sorbiers,42302,42290,Maison,36.0,79000.0,2194.44,2024-09-12
Saint-Étienne,42218,42000,Appartement,56.0,78000.0,1392.86,2024-09-06
Saint-Étienne,42218,42100,Appartement,97.0,136000.0,1402.06,2024-09-06
Saint-Étienne,42218,42000,Appartement,26.0,32300.0,1242.31,2024-09-06
Villars,42330,42390,Appartement,99.0,133000.0,1343.43,2024-09-19
Saint-Martin-la-Plaine,42259,42800,Maison,128.0,414000.0,3234.38,2024-09-10
Rive-de-Gier,42186,42800,Appartement,62.0,90000.0,1451.61,2024-09-19
Rive-de-Gier,42186,42800,Appartement,33.0,90000.0,2727.27,2024-09-19
Rive-de-Gier,42186,42800,Appartement,68.0,90000.0,1323.53,2024-09-19
Rive-de-Gier,42186,42800,Appartement,33.0,90000.0,2727.27,2024-09-19
La Fouillouse,42097,42480,Maison,111.0,294000.0,2648.65,2024-09-11
La Talaudière,42305,42350,Appartement,71.0,195000.0,2746.48,2024-09-12
La Grand-Croix,42103,42320,Maison,70.0,210500.0,3007.14,2024-09-10
Veauchette,42324,42340,Maison,89.0,267620.0,3006.97,2024-09-09
Noirétable,42159,42440,Maison,125.0,240000.0,1920.0,2024-09-18
Saint-Étienne,42218,42000,Appartement,33.0,56000.0,1696.97,2024-09-11
Saint-Étienne,42218,42000,Appartement,86.0,92500.0,1075.58,2024-09-16
Saint-Just-Saint-Rambert,42279,42170,Maison,165.0,395800.0,2398.79,2024-09-13
Tartaras,42307,42800,Maison,97.0,500000.0,5154.64,2024-09-03
Saint-Just-Saint-Rambert,42279,42170,Maison,82.0,227000.0,2768.29,2024-09-10
La Valla-en-Gier,42322,42131,Maison,64.0,45000.0,703.12,2024-09-11
Saint-Étienne,42218,42100,Appartement,105.0,120000.0,1142.86,2024-09-18
Saint-Étienne,42218,42100,Appartement,44.0,47000.0,1068.18,2024-09-02
Saint-Étienne,42218,42000,Appartement,77.0,58500.0,759.74,2024-09-18
Saint-Médard-en-Forez,42264,42330,Maison,167.0,393200.0,2354.49,2024-09-20
Saint-Médard-en-Forez,42264,42330,Maison,167.0,393200.0,2354.49,2024-09-20
Saint-Étienne,42218,42100,Appartement,73.0,113500.0,1554.79,2024-09-18
Cottance,42073,42360,Maison,130.0,90000.0,692.31,2024-09-13
Roche-la-Molière,42189,42230,Appartement,69.0,115000.0,1666.67,2024-09-20
Lorette,42123,42420,Appartement,33.0,71000.0,2151.52,2024-09-09
Lorette,42123,42420,Appartement,93.0,71000.0,763.44,2024-09-09
Feurs,42094,42110,Maison,91.0,206000.0,2263.74,2024-09-11
Saint-Étienne,42218,42000,Appartement,50.0,105000.0,2100.0,2024-09-12
Montbrison,42147,42600,Maison,59.0,105000.0,1779.66,2024-09-18
Saint-Étienne,42218,42100,Appartement,35.0,58800.0,1680.0,2024-09-13
Saint-Étienne,42218,42100,Appartement,80.0,78000.0,975.0,2024-09-12
Roche-la-Molière,42189,42230,Maison,83.0,191000.0,2301.2,2024-09-11
Saint-Étienne,42218,42100,Appartement,42.0,57000.0,1357.14,2024-09-05
Saint-Étienne,42218,42100,Appartement,60.0,66000.0,1100.0,2024-09-09
Saint-Just-Saint-Rambert,42279,42170,Maison,40.0,250000.0,6250.0,2024-09-18
Roche-la-Molière,42189,42230,Appartement,50.0,72000.0,1440.0,2024-09-10
Saint-Régis-du-Coin,42280,42660,Maison,80.0,173000.0,2162.5,2024-09-23
Saint-Étienne,42218,42100,Appartement,140.0,210000.0,1500.0,2024-08-30
Feurs,42094,42110,Appartement,90.0,291577.44,3239.75,2024-09-13
Usson-en-Forez,42318,42550,Maison,256.0,370000.0,1445.31,2024-08-29
Feurs,42094,42110,Maison,305.0,625000.0,2049.18,2024-09-06
Saint-Galmier,42222,42330,Maison,169.0,574455.0,3399.14,2024-09-02
Saint-Galmier,42222,42330,Maison,169.0,574455.0,3399.14,2024-09-02
Saint-Étienne,42218,42100,Appartement,123.0,113000.0,918.7,2024-09-20
Saint-Étienne,42218,42000,Appartement,96.0,90000.0,937.5,2024-09-13
Saint-Étienne,42218,42000,Appartement,120.0,90000.0,750.0,2024-09-13
Saint-Étienne,42218,42000,Appartement,96.0,70000.0,729.17,2024-09-13
Saint-Étienne,42218,42000,Appartement,120.0,70000.0,583.33,2024-09-13
Marcilly-le-Châtel,42134,42130,Maison,112.0,224000.0,2000.0,2024-09-09
Veauche,42323,42340,Appartement,75.0,273000.0,3640.0,2024-09-17
Firminy,42095,42700,Appartement,51.0,30500.0,598.04,2024-08-28
Feurs,42094,42110,Appartement,84.0,315600.0,3757.14,2024-09-16
Chavanay,42056,42410,Maison,100.0,205000.0,2050.0,2024-09-23
Saint-Laurent-Rochefort,42252,42130,Maison,100.0,170500.0,1705.0,2024-08-27
Sury-le-Comtal,42304,42450,Maison,80.0,249400.0,3117.5,2024-09-09
Sury-le-Comtal,42304,42450,Maison,146.0,249400.0,1708.22,2024-09-09
Sury-le-Comtal,42304,42450,Maison,146.0,249400.0,1708.22,2024-09-09
Aveizieux,42010,42330,Maison,140.0,399763.0,2855.45,2024-09-16
Aveizieux,42010,42330,Maison,140.0,399763.0,2855.45,2024-09-16
Boën-sur-Lignon,42019,42130,Maison,135.0,91000.0,674.07,2024-09-04
Saint-Étienne,42218,42000,Appartement,60.0,64900.0,1081.67,2024-09-12
Saint-Étienne,42218,42000,Appartement,66.0,120650.0,1828.03,2024-09-13
Saint-Étienne,42218,42000,Appartement,87.0,144000.0,1655.17,2024-09-12
Sury-le-Comtal,42304,42450,Maison,80.0,156000.0,1950.0,2024-08-29
Saint-Étienne,42218,42000,Appartement,45.0,57000.0,1266.67,2024-09-16
Saint-Étienne,42218,42000,Appartement,163.0,327000.0,2006.13,2024-09-16
Saint-Paul-en-Jarez,42271,42740,Maison,80.0,345000.0,4312.5,2024-09-19
Saint-Paul-en-Jarez,42271,42740,Maison,80.0,345000.0,4312.5,2024-09-19
Saint-Étienne,42218,42100,Appartement,27.0,34000.0,1259.26,2024-09-17
Saint-Étienne,42218,42100,Appartement,20.0,27500.0,1375.0,2024-09-17
Merle-Leignec,42142,42380,Maison,52.0,89250.0,1716.35,2024-09-16
Merle-Leignec,42142,42380,Maison,52.0,89250.0,1716.35,2024-09-16
Chazelles-sur-Lyon,42059,42140,Appartement,45.0,104800.0,2328.89,2024-09-19
Chazelles-sur-Lyon,42059,42140,Appartement,45.0,104800.0,2328.89,2024-09-19
Saint-Galmier,42222,42330,Appartement,48.0,158750.0,3307.29,2024-09-23
Rive-de-Gier,42186,42800,Maison,80.0,220000.0,2750.0,2024-08-29
Saint-Galmier,42222,42330,Appartement,37.0,190000.0,5135.14,2024-09-17
Saint-Galmier,42222,42330,Appartement,66.0,190000.0,2878.79,2024-09-17
Saint-Étienne,42218,42000,Appartement,56.0,109050.0,1947.32,2024-09-17
Le Chambon-Feugerolles,42044,42500,Appartement,108.0,139000.0,1287.04,2024-09-06
Saint-Genest-Lerpt,42223,42530,Appartement,33.0,61800.0,1872.73,2024-09-18
Saint-Chamond,42207,42400,Appartement,68.0,78000.0,1147.06,2024-09-13
Saint-Étienne,42218,42100,Maison,110.0,210000.0,1909.09,2024-09-05
Andrézieux-Bouthéon,42005,42160,Appartement,105.0,206900.0,1970.48,2024-09-02
Saint-Étienne,42218,42100,Appartement,66.0,60000.0,909.09,2024-09-11
Sorbiers,42302,42290,Appartement,55.0,160000.0,2909.09,2024-08-27
Saint-Chamond,42207,42400,Appartement,120.0,218250.0,1818.75,2024-09-20
Saint-Étienne,42218,42100,Appartement,76.0,186000.0,2447.37,2024-09-11
Saint-Étienne,42218,42100,Appartement,90.0,95000.0,1055.56,2024-09-19
Montbrison,42147,42600,Maison,109.0,215200.0,1974.31,2024-08-29
Unieux,42316,42240,Maison,66.0,100000.0,1515.15,2024-09-16
Pélussin,42168,42410,Maison,100.0,220000.0,2200.0,2024-09-19
Saint-Étienne,42218,42000,Appartement,84.0,103000.0,1226.19,2024-09-13
Cellieu,42032,42320,Maison,72.0,225000.0,3125.0,2024-09-13
Firminy,42095,42700,Maison,133.0,160000.0,1203.01,2024-09-18
Saint-Étienne,42218,42100,Appartement,52.0,73500.0,1413.46,2024-09-17
Veauche,42323,42340,Maison,96.0,238000.0,2479.17,2024-09-11
Montbrison,42147,42600,Appartement,30.0,46000.0,1533.33,2024-09-13
Saint-Étienne,42218,42000,Appartement,41.0,25000.0,609.76,2024-09-18
Saint-Héand,42234,42570,Appartement,75.0,135000.0,1800.0,2024-09-05
Firminy,42095,42700,Maison,88.0,165000.0,1875.0,2024-09-17
Saint-Étienne,42218,42000,Appartement,25.0,65000.0,2600.0,2024-09-17
Saint-Étienne,42218,42100,Appartement,82.0,105000.0,1280.49,2024-09-19
Saint-Étienne,42218,42000,Appartement,100.0,160000.0,1600.0,2024-09-10
Saint-Étienne,42218,42000,Appartement,83.0,104000.0,1253.01,2024-09-19
Saint-Étienne,42218,42000,Appartement,117.0,141000.0,1205.13,2024-09-19
Saint-Étienne,42218,42000,Appartement,76.0,133350.0,1754.61,2024-09-05
Saint-Étienne,42218,42100,Maison,118.0,216650.0,1836.02,2024-09-03
Saint-Étienne,42218,42100,Maison,118.0,216650.0,1836.02,2024-09-03
Précieux,42180,42600,Maison,121.0,286000.0,2363.64,2024-09-05
Précieux,42180,42600,Maison,121.0,286000.0,2363.64,2024-09-05
Chevrières,42062,42140,Maison,95.0,250000.0,2631.58,2024-09-16
Chevrières,42062,42140,Maison,95.0,250000.0,2631.58,2024-09-16
Saint-Étienne,42218,42000,Appartement,21.0,31400.0,1495.24,2024-09-09
Saint-Étienne,42218,42100,Appartement,100.0,85000.0,850.0,2024-09-20
Saint-Étienne,42218,42100,Appartement,65.0,84550.0,1300.77,2024-09-13
Firminy,42095,42700,Maison,94.0,193500.0,2058.51,2024-09-16
Saint-Étienne,42218,42100,Appartement,74.0,122400.0,1654.05,2024-09-19
Veauche,42323,42340,Appartement,76.0,60000.0,789.47,2024-09-06
Saint-Étienne,42218,42000,Appartement,81.0,92000.0,1135.8,2024-09-24
Saint-Étienne,42218,42100,Appartement,65.0,121000.0,1861.54,2024-09-04
Saint-Étienne,42218,42100,Appartement,72.0,86700.0,1204.17,2024-09-24
Saint-Étienne,42218,42000,Appartement,69.0,223072.0,3232.93,2024-08-30
Pélussin,42168,42410,Appartement,142.0,244050.0,1718.66,2024-08-30
Andrézieux-Bouthéon,42005,42160,Maison,90.0,115000.0,1277.78,2024-08-28
Chevrières,42062,42140,Maison,128.0,167050.0,1305.08,2024-09-10
Saint-Étienne,42218,42100,Appartement,47.0,74000.0,1574.47,2024-09-19
Trelins,42313,42130,Maison,102.0,185000.0,1813.73,2024-09-10
Trelins,42313,42130,Maison,102.0,185000.0,1813.73,2024-09-10
Saint-Étienne-le-Molard,42219,42130,Maison,110.0,137000.0,1245.45,2024-09-24
Veauche,42323,42340,Maison,82.0,265000.0,3231.71,2024-09-13
Saint-Étienne,42218,42100,Maison,111.0,207500.0,1869.37,2024-09-25
Montbrison,42147,42600,Maison,104.0,240000.0,2307.69,2024-09-13
Saint-Jean-Bonnefonds,42237,42650,Maison,103.0,205000.0,1990.29,2024-09-06
Roche-la-Molière,42189,42230,Appartement,81.0,167000.0,2061.73,2024-08-28
Saint-Just-Saint-Rambert,42279,42170,Maison,168.0,165000.0,982.14,2024-09-19
Andrézieux-Bouthéon,42005,42160,Appartement,64.0,73000.0,1140.62,2024-09-12
Saint-Étienne,42218,42100,Appartement,58.0,44000.0,758.62,2024-09-09
Firminy,42095,42700,Appartement,59.0,35000.0,593.22,2024-09-26
Feurs,42094,42110,Appartement,66.0,120000.0,1818.18,2024-09-04
Saint-Priest-en-Jarez,42275,42270,Appartement,75.0,133000.0,1773.33,2024-09-18
Saint-Étienne,42218,42100,Appartement,44.0,37485.0,851.93,2024-09-11
Saint-Paul-en-Jarez,42271,42740,Maison,101.0,225000.0,2227.72,2024-09-18
Saint-Priest-en-Jarez,42275,42270,Maison,90.0,386200.0,4291.11,2024-09-09
Périgneux,42169,42380,Maison,40.0,72000.0,1800.0,2024-09-18
Pouilly-lès-Feurs,42175,42110,Maison,84.0,202000.0,2404.76,2024-09-12
Saint-Étienne,42218,42000,Appartement,35.0,51700.0,1477.14,2024-09-06
Firminy,42095,42700,Maison,94.0,127710.0,1358.62,2024-09-18
Veauche,42323,42340,Maison,95.0,265000.0,2789.47,2024-09-23
Précieux,42180,42600,Appartement,60.0,69000.0,1150.0,2024-09-06
Saint-Étienne,42218,42000,Appartement,84.0,89000.0,1059.52,2024-09-18
Saint-Jean-Bonnefonds,42237,42650,Maison,102.0,238570.0,2338.92,2024-09-19
Saint-Galmier,42222,42330,Maison,70.0,182000.0,2600.0,2024-09-03
Saint-Étienne,42218,42100,Appartement,25.0,96500.0,3860.0,2024-09-11
Rozier-en-Donzy,42193,42810,Maison,76.0,78200.0,1028.95,2024-09-26
Saint-Pierre-de-Bœuf,42272,42520,Maison,96.0,323000.0,3364.58,2024-09-16
Saint-Pierre-de-Bœuf,42272,42520,Maison,96.0,323000.0,3364.58,2024-09-16
Saint-Étienne,42218,42100,Appartement,88.0,117550.0,1335.8,2024-09-20
Saint-Étienne,42218,42000,Appartement,64.0,85000.0,1328.12,2024-09-16
La Talaudière,42305,42350,Appartement,43.0,95000.0,2209.3,2024-09-23
Saint-Chamond,42207,42400,Appartement,96.0,120200.0,1252.08,2024-09-12
Saint-Genest-Lerpt,42223,42530,Maison,75.0,85000.0,1133.33,2024-09-11
Saint-Étienne,42218,42100,Appartement,72.0,88900.0,1234.72,2024-09-13
Unieux,42316,42240,Maison,73.0,217500.0,2979.45,2024-09-23
Sorbiers,42302,42290,Maison,90.0,275500.0,3061.11,2024-09-23
Saint-Chamond,42207,42400,Appartement,100.0,190000.0,1900.0,2024-09-24
Unieux,42316,42240,Maison,127.0,235000.0,1850.39,2024-09-23
Saint-Étienne,42218,42000,Appartement,103.0,140000.0,1359.22,2024-09-20
Saint-Chamond,42207,42400,Appartement,130.0,68336.88,525.67,2024-09-19
Saint-Étienne,42218,42000,Appartement,60.0,89000.0,1483.33,2024-09-23
Saint-Étienne,42218,42100,Appartement,42.0,31000.0,738.1,2024-09-13
Viricelles,42335,42140,Maison,80.0,175000.0,2187.5,2024-08-31
Viricelles,42335,42140,Maison,80.0,175000.0,2187.5,2024-08-31
Viricelles,42335,42140,Maison,80.0,175000.0,2187.5,2024-08-31
La Ricamarie,42183,42150,Appartement,44.0,22500.0,511.36,2024-09-20
Saint-Étienne,42218,42000,Appartement,74.0,84000.0,1135.14,2024-09-13
Saint-Étienne,42218,42000,Appartement,33.0,84000.0,2545.45,2024-09-13
Rozier-en-Donzy,42193,42810,Maison,94.0,170000.0,1808.51,2024-08-27
La Talaudière,42305,42350,Appartement,77.0,272000.0,3532.47,2024-09-24
Le Chambon-Feugerolles,42044,42500,Appartement,77.0,245000.0,3181.82,2024-09-23
Le Chambon-Feugerolles,42044,42500,Appartement,75.0,245000.0,3266.67,2024-09-23
Le Chambon-Feugerolles,42044,42500,Appartement,75.0,245000.0,3266.67,2024-09-23
Saint-Étienne,42218,42000,Appartement,69.0,127000.0,1840.58,2024-09-12
Pouilly-lès-Feurs,42175,42110,Maison,140.0,247420.0,1767.29,2024-09-30
Pouilly-lès-Feurs,42175,42110,Maison,91.0,260000.0,2857.14,2024-09-17
Civens,42065,42110,Maison,112.0,272900.0,2436.61,2024-09-25
Saint-Étienne,42218,42100,Appartement,81.0,60000.0,740.74,2024-09-17
Dargoire,42083,42800,Maison,89.0,188500.0,2117.98,2024-09-17
La Valla-en-Gier,42322,42131,Maison,30.0,65000.0,2166.67,2024-09-05
Pélussin,42168,42410,Maison,132.0,140000.0,1060.61,2024-09-02
Saint-Étienne,42218,42100,Appartement,122.0,208000.0,1704.92,2024-09-16
Roche-la-Molière,42189,42230,Maison,100.0,199000.0,1990.0,2024-09-30
Saint-Étienne,42218,42000,Appartement,66.0,66000.0,1000.0,2024-09-26
Genilac,42225,42800,Maison,126.0,393000.0,3119.05,2024-09-13
Genilac,42225,42800,Maison,126.0,393000.0,3119.05,2024-09-13
Saint-Chamond,42207,42400,Appartement,64.0,92000.0,1437.5,2024-09-27
La Tour-en-Jarez,42311,42580,Maison,116.0,369400.0,3184.48,2024-09-24
Villars,42330,42390,Appartement,45.0,60000.0,1333.33,2024-08-30
Saint-Genest-Lerpt,42223,42530,Maison,122.0,285000.0,2336.07,2024-09-23
Lorette,42123,42420,Maison,100.0,204250.0,2042.5,2024-09-12
Saint-Étienne,42218,42100,Appartement,153.0,195500.0,1277.78,2024-09-17
Saint-Étienne,42218,42000,Appartement,58.0,45000.0,775.86,2024-09-23
Saint-Étienne,42218,42100,Appartement,86.0,122000.0,1418.6,2024-09-16
Sorbiers,42302,42290,Appartement,69.0,218000.0,3159.42,2024-09-09
Saint-Étienne,42218,42000,Appartement,101.0,172850.0,1711.39,2024-09-20
Sorbiers,42302,42290,Appartement,70.0,229000.0,3271.43,2024-09-23
Saint-Cyr-les-Vignes,42214,42210,Maison,100.0,308370.0,3083.7,2024-09-30
Saint-Cyr-les-Vignes,42214,42210,Maison,100.0,308370.0,3083.7,2024-09-30
La Talaudière,42305,42350,Maison,97.0,275000.0,2835.05,2024-09-23
Saint-Marcellin-en-Forez,42256,42680,Maison,44.0,57500.0,1306.82,2024-09-18
Saint-Étienne,42218,42100,Appartement,91.0,129000.0,1417.58,2024-09-20
Saint-Étienne,42218,42100,Appartement,103.0,130000.0,1262.14,2024-09-16
Sail-sous-Couzan,42195,42890,Maison,62.0,115000.0,1854.84,2024-09-30
Savigneux,42299,42600,Maison,120.0,275000.0,2291.67,2024-09-09
Montverdun,42150,42130,Maison,56.0,65000.0,1160.71,2024-09-04
Saint-Julien-Molin-Molette,42246,42220,Maison,135.0,85000.0,629.63,2024-09-02
Saint-Étienne,42218,42000,Appartement,74.0,95000.0,1283.78,2024-09-11
Saint-Chamond,42207,42400,Maison,98.0,210000.0,2142.86,2024-09-16
Boën-sur-Lignon,42019,42130,Maison,51.0,42000.0,823.53,2024-09-13
L'Horme,42110,42152,Appartement,68.0,78000.0,1147.06,2024-09-20
Saint-Pierre-de-Bœuf,42272,42520,Maison,91.0,196250.0,2156.59,2024-09-27
Saint-Étienne,42218,42100,Appartement,92.0,145000.0,1576.09,2024-09-17
Valfleury,42320,42320,Appartement,63.0,113000.0,1793.65,2024-09-16
Rive-de-Gier,42186,42800,Appartement,71.0,89000.0,1253.52,2024-09-11
Saint-Étienne,42218,42000,Appartement,31.0,37000.0,1193.55,2024-09-16
Saint-Étienne,42218,42000,Appartement,99.0,120000.0,1212.12,2024-09-20
Andrézieux-Bouthéon,42005,42160,Maison,109.0,188360.0,1728.07,2024-09-26
Veauche,42323,42340,Maison,100.0,288270.0,2882.7,2024-09-23
L'Étrat,42092,42580,Appartement,56.0,174000.0,3107.14,2024-09-20
Épercieux-Saint-Paul,42088,42110,Maison,102.0,83000.0,813.73,2024-09-17
Saint-Étienne,42218,42230,Maison,165.0,321000.0,1945.45,2024-09-26
Saint-Étienne,42218,42230,Maison,165.0,321000.0,1945.45,2024-09-26
Saint-Étienne,42218,42100,Appartement,53.0,65000.0,1226.42,2024-09-13
Saint-Étienne,42218,42000,Appartement,51.0,79500.0,1558.82,2024-09-26
Pélussin,42168,42410,Maison,106.0,268000.0,2528.3,2024-09-26
Saint-Maurice-en-Gourgois,42262,42240,Maison,95.0,24500.0,257.89,2024-09-12
Saint-Étienne,42218,42000,Appartement,71.0,82000.0,1154.93,2024-09-13
Saint-Étienne,42218,42100,Appartement,50.0,60000.0,1200.0,2024-09-09
Civens,42065,42110,Maison,72.0,200000.0,2777.78,2024-09-26
Firminy,42095,42700,Appartement,50.0,56000.0,1120.0,2024-09-25
Saint-Étienne,42218,42100,Appartement,34.0,20000.0,588.24,2024-10-01
Saint-Chamond,42207,42400,Appartement,80.0,100000.0,1250.0,2024-09-09
Rive-de-Gier,42186,42800,Maison,57.0,117000.0,2052.63,2024-09-30
Saint-Étienne,42218,42100,Appartement,25.0,37500.0,1500.0,2024-09-20
Saint-Étienne,42218,42000,Appartement,36.0,51000.0,1416.67,2024-09-09
Veauche,42323,42340,Maison,100.0,274100.0,2741.0,2024-09-25
L'Étrat,42092,42580,Maison,80.0,186000.0,2325.0,2024-09-20
Saint-Étienne,42218,42100,Appartement,52.0,63180.0,1215.0,2024-09-09
Saint-Étienne,42218,42100,Appartement,56.0,67000.0,1196.43,2024-10-01
Saint-Étienne,42218,42100,Appartement,45.0,61400.0,1364.44,2024-09-11
Saint-Étienne,42218,42000,Appartement,92.0,140000.0,1521.74,2024-09-26
Saint-Étienne,42218,42100,Appartement,79.0,128000.0,1620.25,2024-09-30
Andrézieux-Bouthéon,42005,42160,Maison,169.0,323000.0,1911.24,2024-09-11
La Fouillouse,42097,42480,Maison,86.0,282000.0,3279.07,2024-09-30
Saint-Just-Saint-Rambert,42279,42170,Maison,130.0,291000.0,2238.46,2024-09-02
Saint-Étienne,42218,42100,Appartement,57.0,85000.0,1491.23,2024-09-26
Sainte-Agathe-la-Bouteresse,42197,42130,Appartement,48.0,106000.0,2208.33,2024-09-13
Bonson,42022,42160,Maison,129.0,269000.0,2085.27,2024-09-30
Bonson,42022,42160,Maison,129.0,269000.0,2085.27,2024-09-30
Saint-Étienne,42218,42000,Appartement,68.0,100000.0,1470.59,2024-09-24
Andrézieux-Bouthéon,42005,42160,Maison,107.0,267300.0,2498.13,2024-09-30
Saint-Étienne,42218,42100,Appartement,71.0,80000.0,1126.76,2024-09-25
Saint-Étienne,42218,42000,Appartement,128.0,157000.0,1226.56,2024-09-10
Saint-Étienne,42218,42000,Appartement,54.0,157000.0,2907.41,2024-09-10
L'Étrat,42092,42580,Maison,115.0,365000.0,3173.91,2024-09-20
L'Étrat,42092,42580,Maison,115.0,365000.0,3173.91,2024-09-20
Saint-Étienne,42218,42000,Maison,98.0,158000.0,1612.24,2024-09-13
Rive-de-Gier,42186,42800,Appartement,32.0,200000.0,6250.0,2024-09-19
Rive-de-Gier,42186,42800,Appartement,44.0,200000.0,4545.45,2024-09-19
Rive-de-Gier,42186,42800,Appartement,32.0,200000.0,6250.0,2024-09-19
Rive-de-Gier,42186,42800,Appartement,44.0,200000.0,4545.45,2024-09-19
Rive-de-Gier,42186,42800,Appartement,32.0,200000.0,6250.0,2024-09-19
Rive-de-Gier,42186,42800,Appartement,44.0,200000.0,4545.45,2024-09-19
Unieux,42316,42240,Maison,98.0,212000.0,2163.27,2024-09-25
Andrézieux-Bouthéon,42005,42160,Appartement,92.0,326000.0,3543.48,2024-09-24
Saint-Chamond,42207,42400,Maison,108.0,230000.0,2129.63,2024-09-19
Saint-Étienne,42218,42000,Appartement,69.0,45000.0,652.17,2024-09-10
Saint-Étienne,42218,42000,Appartement,54.0,83000.0,1537.04,2024-09-24
Saint-Marcellin-en-Forez,42256,42680,Maison,84.0,261000.0,3107.14,2024-09-26
Saint-Étienne,42218,42100,Appartement,52.0,59600.0,1146.15,2024-09-23
Saint-Étienne,42218,42000,Appartement,50.0,39900.0,798.0,2024-09-24
Saint-Étienne,42218,42000,Appartement,30.0,39900.0,1330.0,2024-09-24
Saint-Étienne,42218,42000,Appartement,44.0,63000.0,1431.82,2024-09-19
Saint-Jean-Soleymieux,42240,42560,Maison,79.0,170000.0,2151.9,2024-09-06
Saint-Jean-Soleymieux,42240,42560,Maison,79.0,170000.0,2151.9,2024-09-06
Pélussin,42168,42410,Maison,50.0,239200.0,4784.0,2024-09-27
Pélussin,42168,42410,Maison,50.0,239200.0,4784.0,2024-09-27
Saint-Étienne,42218,42100,Appartement,39.0,71000.0,1820.51,2024-10-01
Saint-Étienne,42218,42100,Appartement,78.0,71000.0,910.26,2024-10-01
Saint-Étienne,42218,42100,Appartement,70.0,102900.0,1470.0,2024-09-27
Saint-Romain-le-Puy,42285,42610,Maison,140.0,267000.0,1907.14,2024-09-13
Saint-Étienne,42218,42100,Appartement,60.0,33000.0,550.0,2024-09-23
Saint-Genest-Lerpt,42223,42530,Maison,116.0,420000.0,3620.69,2024-09-18
Boisset-lès-Montrond,42020,42210,Maison,114.0,329300.0,2888.6,2024-09-18
Boisset-lès-Montrond,42020,42210,Maison,114.0,329300.0,2888.6,2024-09-18
Montbrison,42147,42600,Appartement,63.0,133000.0,2111.11,2024-09-06
Aveizieux,42010,42330,Maison,100.0,230370.0,2303.7,2024-10-02
Panissières,42165,42360,Maison,116.0,297000.0,2560.34,2024-09-18
Rozier-en-Donzy,42193,42810,Maison,91.0,270000.0,2967.03,2024-09-19
Rozier-en-Donzy,42193,42810,Maison,91.0,270000.0,2967.03,2024-09-19
Saint-Étienne,42218,42100,Appartement,107.0,113400.0,1059.81,2024-09-25
Saint-Étienne,42218,42100,Appartement,73.0,395200.0,5413.7,2024-09-05
Saint-Étienne,42218,42100,Appartement,156.0,395200.0,2533.33,2024-09-05
Saint-Héand,42234,42570,Maison,100.0,255000.0,2550.0,2024-10-02
Saint-Héand,42234,42570,Maison,100.0,255000.0,2550.0,2024-10-02
Boën-sur-Lignon,42019,42130,Maison,40.0,18000.0,450.0,2024-09-11
Saint-Étienne,42218,42000,Appartement,109.0,175000.0,1605.5,2024-09-20
Saint-Étienne,42218,42000,Appartement,159.0,175000.0,1100.63,2024-09-20
Feurs,42094,42110,Maison,181.0,376500.0,2080.11,2024-09-30
Feurs,42094,42110,Maison,181.0,376500.0,2080.11,2024-09-30
Saint-Priest-en-Jarez,42275,42270,Appartement,80.0,120000.0,1500.0,2024-09-19
Veauche,42323,42340,Maison,118.0,274750.0,2328.39,2024-09-30
Veauche,42323,42340,Maison,118.0,274750.0,2328.39,2024-09-30
Unieux,42316,42240,Appartement,80.0,82114.0,1026.42,2024-09-16
Saint-Jean-Bonnefonds,42237,42650,Appartement,78.0,209400.0,2684.62,2024-09-30
Saint-Genest-Lerpt,42223,42530,Appartement,64.0,137000.0,2140.62,2024-10-02
Firminy,42095,42700,Appartement,84.0,70000.0,833.33,2024-09-18
Saint-Genest-Malifaux,42224,42660,Maison,130.0,390000.0,3000.0,2024-09-26
Saint-Étienne,42218,42100,Appartement,104.0,212120.0,2039.62,2024-09-25
Saint-Étienne,42218,42100,Appartement,90.0,78000.0,866.67,2024-10-03
Saint-Étienne,42218,42100,Maison,110.0,219000.0,1990.91,2024-09-26
Marlhes,42139,42660,Appartement,106.0,236000.0,2226.42,2024-10-01
Fraisses,42099,42490,Appartement,92.0,157000.0,1706.52,2024-09-09
Roche-la-Molière,42189,42230,Appartement,66.0,137000.0,2075.76,2024-10-01
La Fouillouse,42097,42480,Maison,120.0,60000.0,500.0,2024-09-25
Planfoy,42172,42660,Maison,100.0,216000.0,2160.0,2024-09-27
Saint-Paul-en-Jarez,42271,42740,Maison,119.0,216000.0,1815.13,2024-09-04
Bard,42012,42600,Maison,147.0,170000.0,1156.46,2024-09-25
La Ricamarie,42183,42150,Appartement,69.0,49800.0,721.74,2024-09-27
Saint-Étienne,42218,42000,Appartement,80.0,122000.0,1525.0,2024-09-17
Saint-Just-Saint-Rambert,42279,42170,Appartement,90.0,175000.0,1944.44,2024-09-09
Saint-Étienne,42218,42100,Appartement,19.0,37000.0,1947.37,2024-09-30
Saint-Romain-le-Puy,42285,42610,Maison,62.0,110000.0,1774.19,2024-09-30
Unieux,42316,42240,Appartement,47.0,63100.0,1342.55,2024-09-25
Saint-Étienne,42218,42100,Appartement,72.0,60000.0,833.33,2024-09-24
Boën-sur-Lignon,42019,42130,Maison,120.0,128000.0,1066.67,2024-10-01
Firminy,42095,42700,Appartement,81.0,260000.0,3209.88,2024-09-30
Firminy,42095,42700,Appartement,130.0,260000.0,2000.0,2024-09-30
Firminy,42095,42700,Appartement,84.0,260000.0,3095.24,2024-09-30
Savigneux,42299,42600,Appartement,54.0,152450.0,2823.15,2024-09-12
Craintilleux,42075,42210,Maison,99.0,171000.0,1727.27,2024-09-13
Unieux,42316,42240,Maison,84.0,178000.0,2119.05,2024-09-27
Bessey,42018,42520,Maison,100.0,252000.0,2520.0,2024-09-11
Firminy,42095,42700,Maison,76.0,135000.0,1776.32,2024-09-27
Firminy,42095,42700,Maison,76.0,135000.0,1776.32,2024-09-27
Unieux,42316,42240,Maison,71.0,139700.0,1967.61,2024-09-27
Saint-Étienne,42218,42000,Appartement,28.0,36000.0,1285.71,2024-09-30
Saint-Étienne,42218,42000,Appartement,40.0,36000.0,900.0,2024-09-30
La Ricamarie,42183,42150,Maison,74.0,210000.0,2837.84,2024-09-30
Saint-Chamond,42207,42400,Appartement,39.0,51700.0,1325.64,2024-10-02
Saint-Priest-en-Jarez,42275,42270,Appartement,119.0,400550.0,3365.97,2024-09-25
La Talaudière,42305,42350,Maison,95.0,217800.0,2292.63,2024-10-01
Chazelles-sur-Lyon,42059,42140,Maison,78.0,224500.0,2878.21,2024-09-13
Sorbiers,42302,42290,Appartement,80.0,159000.0,1987.5,2024-09-26
Unieux,42316,42240,Appartement,100.0,171400.0,1714.0,2024-09-26
Saint-Étienne,42218,42100,Maison,151.0,200000.0,1324.5,2024-10-01
Saint-Bonnet-le-Château,42204,42380,Appartement,62.0,218000.0,3516.13,2024-09-25
Saint-Bonnet-le-Château,42204,42380,Appartement,54.0,218000.0,4037.04,2024-09-25
Saint-Bonnet-le-Château,42204,42380,Appartement,50.0,218000.0,4360.0,2024-09-25
Saint-Bonnet-le-Château,42204,42380,Appartement,55.0,218000.0,3963.64,2024-09-25
Saint-Bonnet-le-Château,42204,42380,Appartement,62.0,218000.0,3516.13,2024-09-25
Sorbiers,42302,42290,Appartement,73.0,177950.0,2437.67,2024-10-02
Chazelles-sur-Lyon,42059,42140,Maison,105.0,336460.0,3204.38,2024-09-09
Bonson,42022,42160,Maison,120.0,160000.0,1333.33,2024-09-30
Saint-Étienne,42218,42100,Appartement,21.0,107000.0,5095.24,2024-09-18
Boisset-lès-Montrond,42020,42210,Maison,140.0,410000.0,2928.57,2024-09-30
Boisset-lès-Montrond,42020,42210,Maison,140.0,410000.0,2928.57,2024-09-30
Firminy,42095,42700,Appartement,92.0,58500.0,635.87,2024-10-02
Saint-Étienne,42218,42100,Appartement,82.0,126190.0,1538.9,2024-10-08
Saint-Just-Saint-Rambert,42279,42170,Maison,152.0,471000.0,3098.68,2024-09-24
Saint-Just-Saint-Rambert,42279,42170,Maison,152.0,471000.0,3098.68,2024-09-24
Firminy,42095,42700,Appartement,60.0,35500.0,591.67,2024-09-26
Montbrison,42147,42600,Maison,139.0,263500.0,1895.68,2024-09-17
Saint-Jean-Bonnefonds,42237,42650,Appartement,70.0,178000.0,2542.86,2024-10-02
Boën-sur-Lignon,42019,42130,Maison,45.0,117100.0,2602.22,2024-09-17
Saint-Étienne,42218,42000,Appartement,105.0,162000.0,1542.86,2024-10-02
Bonson,42022,42160,Maison,100.0,246000.0,2460.0,2024-09-16
Sail-sous-Couzan,42195,42890,Maison,110.0,162570.0,1477.91,2024-09-27
L'Hôpital-le-Grand,42108,42210,Maison,81.0,254000.0,3135.8,2024-09-24
L'Hôpital-le-Grand,42108,42210,Maison,81.0,254000.0,3135.8,2024-09-24
Saint-Étienne,42218,42000,Appartement,92.0,75000.0,815.22,2024-09-30
Lorette,42123,42420,Maison,90.0,240000.0,2666.67,2024-10-04
Sail-sous-Couzan,42195,42890,Maison,63.0,85000.0,1349.21,2024-09-20
Saint-Genest-Lerpt,42223,42530,Appartement,112.0,65000.0,580.36,2024-09-27
Saint-Genest-Lerpt,42223,42530,Appartement,50.0,65000.0,1300.0,2024-09-27
La Fouillouse,42097,42480,Maison,239.0,565000.0,2364.02,2024-09-30
La Fouillouse,42097,42480,Maison,239.0,565000.0,2364.02,2024-09-30
La Valla-sur-Rochefort,42321,42111,Maison,75.0,32000.0,426.67,2024-09-06
Veauche,42323,42340,Appartement,40.0,190400.0,4760.0,2024-10-04
Saint-Just-Saint-Rambert,42279,42170,Maison,60.0,175000.0,2916.67,2024-10-01
Noirétable,42159,42440,Maison,140.0,270000.0,1928.57,2024-09-27
Noirétable,42159,42440,Maison,140.0,270000.0,1928.57,2024-09-27
Rive-de-Gier,42186,42800,Appartement,92.0,113000.0,1228.26,2024-10-01
Saint-Martin-la-Plaine,42259,42800,Maison,159.0,225000.0,1415.09,2024-10-02
Saint-Marcellin-en-Forez,42256,42680,Maison,67.0,252600.0,3770.15,2024-09-30
Craintilleux,42075,42210,Maison,141.0,374200.0,2653.9,2024-09-30
Craintilleux,42075,42210,Maison,141.0,374200.0,2653.9,2024-09-30
Saint-Chamond,42207,42400,Appartement,73.0,63550.0,870.55,2024-09-23
Saint-Étienne,42218,42000,Appartement,69.0,113500.0,1644.93,2024-09-23
Saint-Étienne,42218,42100,Appartement,70.0,116000.0,1657.14,2024-10-01
Montrond-les-Bains,42149,42210,Maison,110.0,267000.0,2427.27,2024-09-27
Rive-de-Gier,42186,42800,Appartement,92.0,189000.0,2054.35,2024-09-30
Firminy,42095,42700,Appartement,62.0,66000.0,1064.52,2024-09-27
Saint-Étienne,42218,42100,Appartement,65.0,90000.0,1384.62,2024-09-26
Montbrison,42147,42600,Maison,175.0,364700.0,2084.0,2024-09-18
Genilac,42225,42800,Maison,78.0,210000.0,2692.31,2024-09-26
Saint-Michel-sur-Rhône,42265,42410,Maison,59.0,123500.0,2093.22,2024-10-02
Saint-Michel-sur-Rhône,42265,42410,Maison,59.0,123500.0,2093.22,2024-10-02
Saint-Étienne,42218,42000,Appartement,100.0,220000.0,2200.0,2024-09-26
Saint-Étienne,42218,42100,Appartement,80.0,116700.0,1458.75,2024-09-26
Genilac,42225,42800,Maison,98.0,325000.0,3316.33,2024-10-01
Genilac,42225,42800,Maison,98.0,325000.0,3316.33,2024-10-01
Saint-Étienne,42218,42100,Appartement,76.0,63000.0,828.95,2024-10-04
Feurs,42094,42110,Maison,94.0,235000.0,2500.0,2024-09-06
Saint-Étienne,42218,42100,Appartement,39.0,35000.0,897.44,2024-09-24
Saint-Étienne,42218,42000,Appartement,130.0,249000.0,1915.38,2024-09-26
Firminy,42095,42700,Appartement,86.0,70000.0,813.95,2024-09-27
Essertines-en-Donzy,42090,42360,Maison,127.0,175000.0,1377.95,2024-09-25
La Ricamarie,42183,42150,Appartement,79.0,37000.0,468.35,2024-10-04
Saint-Étienne,42218,42100,Appartement,107.0,106000.0,990.65,2024-09-25
Bonson,42022,42160,Maison,123.0,395500.0,3215.45,2024-10-08
Fraisses,42099,42490,Appartement,100.0,170000.0,1700.0,2024-09-30
Fraisses,42099,42490,Appartement,130.0,170000.0,1307.69,2024-09-30
La Talaudière,42305,42350,Appartement,73.0,174400.0,2389.04,2024-10-04
Veauche,42323,42340,Maison,65.0,130000.0,2000.0,2024-09-13
Veauche,42323,42340,Maison,65.0,130000.0,2000.0,2024-09-13
Roche-la-Molière,42189,42230,Maison,71.0,90000.0,1267.61,2024-10-08
Saint-Étienne,42218,42000,Appartement,36.0,40000.0,1111.11,2024-10-02
Saint-Étienne,42218,42000,Appartement,29.0,63930.0,2204.48,2024-09-26
Saint-Just-Saint-Rambert,42279,42170,Maison,73.0,155000.0,2123.29,2024-10-07
Veauche,42323,42340,Appartement,67.0,83000.0,1238.81,2024-10-03
Saint-Marcellin-en-Forez,42256,42680,Maison,119.0,403600.0,3391.6,2024-10-04
Saint-Marcellin-en-Forez,42256,42680,Maison,119.0,403600.0,3391.6,2024-10-04
Saint-Marcellin-en-Forez,42256,42680,Maison,119.0,403600.0,3391.6,2024-10-04
Saint-Galmier,42222,42330,Appartement,65.0,227100.0,3493.85,2024-10-07
La Ricamarie,42183,42150,Appartement,55.0,50000.0,909.09,2024-09-30
Saint-Étienne,42218,42000,Maison,103.0,216000.0,2097.09,2024-10-01
Firminy,42095,42700,Maison,150.0,190000.0,1266.67,2024-09-23
Saint-Galmier,42222,42330,Maison,88.0,305000.0,3465.91,2024-10-02
Saint-Galmier,42222,42330,Maison,88.0,305000.0,3465.91,2024-10-02
Saint-Étienne,42218,42100,Appartement,90.0,166250.0,1847.22,2024-09-23
Roche-la-Molière,42189,42230,Maison,92.0,169450.0,1841.85,2024-10-08
Saint-Étienne,42218,42100,Appartement,77.0,50000.0,649.35,2024-10-08
La Ricamarie,42183,42150,Appartement,55.0,55000.0,1000.0,2024-09-30
La Talaudière,42305,42350,Appartement,70.0,271000.0,3871.43,2024-09-11
Saint-Étienne,42218,42100,Appartement,71.0,45000.0,633.8,2024-10-04
Roche-la-Molière,42189,42230,Maison,63.0,187600.0,2977.78,2024-09-20
Saint-Étienne,42218,42100,Maison,111.0,289000.0,2603.6,2024-10-02
La Talaudière,42305,42350,Appartement,52.0,204000.0,3923.08,2024-09-12
Saint-Étienne,42218,42000,Appartement,46.0,54000.0,1173.91,2024-10-03
Saint-Romain-le-Puy,42285,42610,Appartement,68.0,137000.0,2014.71,2024-10-03
Panissières,42165,42360,Maison,93.0,94000.0,1010.75,2024-09-13
Saint-Étienne,42218,42000,Appartement,35.0,23600.0,674.29,2024-09-17
La Terrasse-sur-Dorlay,42308,42740,Appartement,87.0,390000.0,4482.76,2024-10-04
La Terrasse-sur-Dorlay,42308,42740,Appartement,150.0,390000.0,2600.0,2024-10-04
Saint-Étienne,42218,42000,Appartement,37.0,41000.0,1108.11,2024-09-26
Veauche,42323,42340,Appartement,99.0,260000.0,2626.26,2024-10-03
Sauvain,42298,42990,Maison,74.0,91120.0,1231.35,2024-10-02
Saint-Romain-le-Puy,42285,42610,Appartement,67.0,144945.0,2163.36,2024-10-07
Unias,42315,42210,Maison,58.0,155000.0,2672.41,2024-10-01
Chavanay,42056,42410,Maison,85.0,158360.0,1863.06,2024-10-04
Chambles,42042,42170,Maison,90.0,241000.0,2677.78,2024-10-04
Unieux,42316,42240,Maison,45.0,199000.0,4422.22,2024-09-27
Saint-Étienne,42218,42000,Appartement,71.0,109000.0,1535.21,2024-10-02
Saint-Étienne,42218,42100,Maison,140.0,424000.0,3028.57,2024-10-04
Rive-de-Gier,42186,42800,Maison,125.0,384800.0,3078.4,2024-09-09
Saint-Étienne,42218,42100,Appartement,126.0,234000.0,1857.14,2024-10-04
Saint-Joseph,42242,42800,Maison,82.0,212800.0,2595.12,2024-10-03
Montrond-les-Bains,42149,42210,Maison,117.0,280000.0,2393.16,2024-09-20
Le Bessat,42017,42660,Maison,71.0,243000.0,3422.54,2024-10-02
Le Bessat,42017,42660,Maison,71.0,243000.0,3422.54,2024-10-02
Savigneux,42299,42600,Maison,103.0,287500.0,2791.26,2024-10-04
Saint-Étienne,42218,42100,Appartement,220.0,99000.0,450.0,2024-09-17
Lorette,42123,42420,Maison,90.0,160755.0,1786.17,2024-10-07
Saint-Chamond,42207,42400,Appartement,78.0,148000.0,1897.44,2024-10-03
Saint-Chamond,42207,42400,Appartement,90.0,84000.0,933.33,2024-10-09
Vérin,42327,42410,Maison,132.0,433100.0,3281.06,2024-09-27
Vérin,42327,42410,Maison,132.0,433100.0,3281.06,2024-09-27
Saint-Chamond,42207,42400,Appartement,86.0,103300.0,1201.16,2024-10-02
Sorbiers,42302,42290,Maison,93.0,243000.0,2612.9,2024-10-03
Saint-Chamond,42207,42400,Appartement,40.0,215000.0,5375.0,2024-10-08
Saint-Chamond,42207,42400,Appartement,66.0,215000.0,3257.58,2024-10-08
Saint-Chamond,42207,42400,Appartement,100.0,215000.0,2150.0,2024-10-08
Panissières,42165,42360,Appartement,80.0,230000.0,2875.0,2024-09-16
Savigneux,42299,42600,Maison,100.0,145000.0,1450.0,2024-09-24
Montbrison,42147,42600,Maison,137.0,254800.0,1859.85,2024-09-27
Saint-Étienne,42218,42000,Appartement,41.0,35000.0,853.66,2024-09-23
Saint-Étienne,42218,42000,Appartement,56.0,82682.0,1476.46,2024-10-01
L'Horme,42110,42152,Maison,82.0,200000.0,2439.02,2024-09-10
Saint-Étienne,42218,42100,Appartement,166.0,327500.0,1972.89,2024-10-01
Saint-Étienne,42218,42100,Maison,130.0,220000.0,1692.31,2024-10-08
Bourg-Argental,42023,42220,Maison,75.0,118550.0,1580.67,2024-09-10
Saint-Étienne,42218,42100,Appartement,33.0,61000.0,1848.48,2024-10-02
Unias,42315,42210,Maison,96.0,265700.0,2767.71,2024-09-26
Andrézieux-Bouthéon,42005,42160,Maison,79.0,290000.0,3670.89,2024-09-18
Andrézieux-Bouthéon,42005,42160,Maison,79.0,290000.0,3670.89,2024-09-18
Montrond-les-Bains,42149,42210,Maison,87.0,268000.0,3080.46,2024-09-26
L'Hôpital-sous-Rochefort,42109,42130,Maison,177.0,187555.0,1059.63,2024-09-27
La Fouillouse,42097,42480,Maison,83.0,235000.0,2831.33,2024-09-16
Saint-Étienne,42218,42100,Maison,119.0,155000.0,1302.52,2024-10-03
Montrond-les-Bains,42149,42210,Appartement,47.0,98000.0,2085.11,2024-09-18
Firminy,42095,42700,Appartement,69.0,200000.0,2898.55,2024-10-01
Firminy,42095,42700,Appartement,97.0,200000.0,2061.86,2024-10-01
Essertines-en-Donzy,42090,42360,Maison,90.0,150000.0,1666.67,2024-09-10
Essertines-en-Donzy,42090,42360,Maison,100.0,150000.0,1500.0,2024-09-10
Saint-Étienne,42218,42100,Appartement,74.0,200000.0,2702.7,2024-09-23
Saint-Étienne,42218,42100,Appartement,66.0,200000.0,3030.3,2024-09-23
Saint-Genest-Lerpt,42223,42530,Maison,190.0,260000.0,1368.42,2024-09-27
Saint-Chamond,42207,42400,Appartement,94.0,125000.0,1329.79,2024-09-23
Saint-Étienne,42218,42100,Appartement,31.0,31000.0,1000.0,2024-09-24
Saint-Chamond,42207,42400,Appartement,70.0,175000.0,2500.0,2024-09-27
Saint-Chamond,42207,42400,Appartement,115.0,175000.0,1521.74,2024-09-27
L'Horme,42110,42152,Appartement,132.0,223000.0,1689.39,2024-09-30
Villars,42330,42390,Appartement,85.0,86500.0,1017.65,2024-09-18
Montbrison,42147,42600,Maison,84.0,200000.0,2380.95,2024-10-01
Rive-de-Gier,42186,42800,Appartement,57.0,35500.0,622.81,2024-10-09
Roche,42188,42600,Maison,115.0,230000.0,2000.0,2024-09-27
Chazelles-sur-Lyon,42059,42140,Maison,73.0,140000.0,1917.81,2024-09-09
Saint-Étienne,42218,42000,Appartement,116.0,234200.0,2018.97,2024-10-03
Saint-Étienne,42218,42000,Appartement,49.0,44640.0,911.02,2024-10-09
Roche-la-Molière,42189,42230,Appartement,70.0,152000.0,2171.43,2024-10-03
Saint-Pierre-de-Bœuf,42272,42520,Maison,108.0,342050.0,3167.13,2024-09-30
Saint-Pierre-de-Bœuf,42272,42520,Maison,108.0,342050.0,3167.13,2024-09-30
Saint-Étienne,42218,42100,Appartement,70.0,59500.0,850.0,2024-09-18
La Fouillouse,42097,42480,Appartement,84.0,149000.0,1773.81,2024-10-02
Le Chambon-Feugerolles,42044,42500,Appartement,71.0,90000.0,1267.61,2024-10-01
Le Chambon-Feugerolles,42044,42500,Appartement,71.0,90000.0,1267.61,2024-10-01
Rive-de-Gier,42186,42800,Maison,93.0,220000.0,2365.59,2024-10-07
La Talaudière,42305,42350,Appartement,88.0,240000.0,2727.27,2024-10-07
Saint-Étienne,42218,42000,Appartement,75.0,80000.0,1066.67,2024-10-08
La Talaudière,42305,42350,Maison,69.0,196700.0,2850.72,2024-10-04
Apinac,42006,42550,Maison,70.0,145000.0,2071.43,2024-09-21
Apinac,42006,42550,Maison,70.0,145000.0,2071.43,2024-09-21
Saint-Étienne,42218,42100,Appartement,76.0,100350.0,1320.39,2024-10-04
Saint-Étienne,42218,42000,Appartement,53.0,56500.0,1066.04,2024-10-09
Saint-Chamond,42207,42400,Maison,78.0,245000.0,3141.03,2024-10-01
Saint-Priest-en-Jarez,42275,42270,Appartement,64.0,178850.0,2794.53,2024-10-08
Saint-Étienne,42218,42000,Appartement,28.0,42630.0,1522.5,2024-10-03
Saint-Maurice-en-Gourgois,42262,42240,Maison,96.0,50000.0,520.83,2024-10-04
Andrézieux-Bouthéon,42005,42160,Appartement,77.0,5500.0,71.43,2024-09-26
Boisset-Saint-Priest,42021,42560,Maison,150.0,70000.0,466.67,2024-09-16
Sorbiers,42302,42290,Maison,109.0,362200.0,3322.94,2024-10-07
Sorbiers,42302,42290,Maison,109.0,362200.0,3322.94,2024-10-07
Saint-Étienne,42218,42000,Appartement,146.0,31500.0,215.75,2024-09-19
Saint-Étienne,42218,42000,Appartement,146.0,112500.0,770.55,2024-09-19
Genilac,42225,42800,Maison,43.0,8000.0,186.05,2024-10-03
Périgneux,42169,42380,Maison,119.0,216300.0,1817.65,2024-10-10
Saint-Étienne,42218,42000,Appartement,24.0,56500.0,2354.17,2024-10-08
Saint-Étienne,42218,42100,Appartement,61.0,65000.0,1065.57,2024-10-01
Saint-Étienne,42218,42000,Maison,90.0,210000.0,2333.33,2024-10-04
Saint-Étienne,42218,42000,Appartement,31.0,74000.0,2387.1,2024-10-02
Saint-Étienne,42218,42000,Appartement,30.0,35500.0,1183.33,2024-09-23
Saint-Étienne,42218,42100,Appartement,35.0,54000.0,1542.86,2024-09-27
Saint-Chamond,42207,42400,Appartement,77.0,69000.0,896.1,2024-10-07
Saint-Chamond,42207,42400,Maison,148.0,345000.0,2331.08,2024-09-27
Saint-Genest-Lerpt,42223,42530,Maison,190.0,344000.0,1810.53,2024-10-02
Saint-Genest-Lerpt,42223,42530,Maison,190.0,344000.0,1810.53,2024-10-02
Saint-Marcellin-en-Forez,42256,42680,Maison,40.0,34000.0,850.0,2024-09-26
Sury-le-Comtal,42304,42450,Maison,110.0,233700.0,2124.55,2024-10-03
Saint-Étienne,42218,42000,Appartement,77.0,80000.0,1038.96,2024-10-11
Vérin,42327,42410,Maison,65.0,125000.0,1923.08,2024-10-01
Saint-Étienne,42218,42100,Appartement,50.0,62500.0,1250.0,2024-09-18
Saint-Étienne,42218,42100,Maison,96.0,189450.0,1973.44,2024-10-07
L'Étrat,42092,42580,Appartement,56.0,89000.0,1589.29,2024-09-18
Saint-Étienne,42218,42100,Appartement,25.0,43524.0,1740.96,2024-09-30
Saint-Chamond,42207,42400,Appartement,63.0,61750.0,980.16,2024-10-07
Saint-Étienne,42218,42100,Appartement,39.0,30000.0,769.23,2024-10-07
Saint-Étienne,42218,42100,Maison,108.0,232830.0,2155.83,2024-09-17
L'Étrat,42092,42580,Maison,100.0,310000.0,3100.0,2024-09-25
Saint-Chamond,42207,42400,Maison,101.0,150000.0,1485.15,2024-10-04
Saint-Étienne,42218,42000,Appartement,73.0,73000.0,1000.0,2024-09-24
Bourg-Argental,42023,42220,Appartement,52.0,79000.0,1519.23,2024-09-21
L'Étrat,42092,42580,Appartement,55.0,86000.0,1563.64,2024-09-18
Saint-Étienne,42218,42100,Appartement,40.0,45500.0,1137.5,2024-10-04
Saint-Chamond,42207,42400,Maison,126.0,190000.0,1507.94,2024-10-09
Saint-Étienne,42218,42100,Appartement,55.0,30000.0,545.45,2024-09-18
Roche-la-Molière,42189,42230,Appartement,100.0,195000.0,1950.0,2024-09-24
Roche-la-Molière,42189,42230,Appartement,40.0,195000.0,4875.0,2024-09-24
Saint-Étienne,42218,42100,Appartement,58.0,85000.0,1465.52,2024-09-19
Saint-Étienne,42218,42100,Appartement,135.0,255100.0,1889.63,2024-10-08
Saint-Étienne,42218,42000,Appartement,135.0,255000.0,1888.89,2024-10-03
Saint-Étienne,42218,42000,Appartement,64.0,255000.0,3984.38,2024-10-03
Saint-Étienne,42218,42000,Appartement,135.0,255000.0,1888.89,2024-10-03
Saint-Étienne,42218,42000,Appartement,64.0,255000.0,3984.38,2024-10-03
Saint-Étienne,42218,42000,Appartement,64.0,255000.0,3984.38,2024-10-03
Saint-Étienne,42218,42000,Appartement,135.0,255000.0,1888.89,2024-10-03
Tartaras,42307,42800,Maison,90.0,326400.0,3626.67,2024-10-03
Saint-Étienne,42218,42100,Appartement,80.0,119000.0,1487.5,2024-09-18
Saint-Étienne,42218,42100,Appartement,36.0,44220.0,1228.33,2024-10-10
Saint-Chamond,42207,42400,Appartement,57.0,62500.0,1096.49,2024-10-10
Saint-Étienne,42218,42000,Appartement,84.0,96000.0,1142.86,2024-09-19
Saint-Étienne,42218,42000,Appartement,53.0,70000.0,1320.75,2024-10-10
Saint-Étienne,42218,42000,Appartement,66.0,66000.0,1000.0,2024-10-03
Montrond-les-Bains,42149,42210,Maison,88.0,105000.0,1193.18,2024-09-25
Montrond-les-Bains,42149,42210,Maison,88.0,105000.0,1193.18,2024-09-25
Grammond,42102,42140,Maison,111.0,270000.0,2432.43,2024-09-18
Saint-Étienne,42218,42000,Appartement,72.0,80000.0,1111.11,2024-09-20
Saint-Bonnet-les-Oules,42206,42330,Maison,125.0,364175.0,2913.4,2024-09-20
Saint-Bonnet-les-Oules,42206,42330,Maison,125.0,364175.0,2913.4,2024-09-20
Saint-Étienne,42218,42000,Appartement,25.0,45000.0,1800.0,2024-03-22
Saint-Étienne,42218,42000,Appartement,29.0,45000.0,1551.72,2024-03-22
Saint-Étienne,42218,42000,Appartement,60.0,45000.0,750.0,2024-03-22
Rive-de-Gier,42186,42800,Appartement,126.0,248200.0,1969.84,2024-09-24
Le Chambon-Feugerolles,42044,42500,Appartement,56.0,79000.0,1410.71,2024-10-09
Saint-Denis-sur-Coise,42216,42140,Maison,84.0,218800.0,2604.76,2024-09-12
Saint-Étienne,42218,42000,Appartement,96.0,112500.0,1171.88,2024-10-09
Panissières,42165,42360,Maison,103.0,143000.0,1388.35,2024-09-11
Saint-Étienne,42218,42100,Appartement,67.0,265000.0,3955.22,2024-10-08
Saint-Étienne,42218,42100,Appartement,65.0,265000.0,4076.92,2024-10-08
Saint-Étienne,42218,42100,Appartement,50.0,265000.0,5300.0,2024-10-08
Saint-Étienne,42218,42100,Appartement,68.0,265000.0,3897.06,2024-10-08
Saint-Étienne,42218,42100,Appartement,54.0,265000.0,4907.41,2024-10-08
Saint-Étienne,42218,42100,Appartement,56.0,265000.0,4732.14,2024-10-08
Rive-de-Gier,42186,42800,Appartement,69.0,61000.0,884.06,2024-09-30
La Valla-en-Gier,42322,42131,Maison,125.0,172000.0,1376.0,2024-09-27
Sainte-Croix-en-Jarez,42210,42800,Appartement,42.0,35000.0,833.33,2024-10-03
Cuzieu,42081,42330,Maison,82.0,80000.0,975.61,2024-10-09
Saint-Étienne,42218,42100,Appartement,41.0,61150.0,1491.46,2024-10-14
Feurs,42094,42110,Appartement,77.0,170000.0,2207.79,2024-10-02
Essertines-en-Donzy,42090,42360,Maison,122.0,135000.0,1106.56,2024-10-03
Saint-Chamond,42207,42400,Appartement,58.0,104000.0,1793.1,2024-09-30
Saint-Chamond,42207,42400,Appartement,37.0,104000.0,2810.81,2024-09-30
Saint-Étienne,42218,42000,Appartement,75.0,60000.0,800.0,2024-10-10
Leigneux,42119,42130,Maison,80.0,161000.0,2012.5,2024-09-30
Saint-André-le-Puy,42200,42210,Maison,76.0,198000.0,2605.26,2024-10-01
Saint-Chamond,42207,42400,Appartement,92.0,140000.0,1521.74,2024-10-04
Saint-Julien-Molin-Molette,42246,42220,Maison,45.0,120000.0,2666.67,2024-09-24
Saint-Étienne,42218,42000,Appartement,62.0,430000.0,6935.48,2024-10-16
Saint-Étienne,42218,42000,Appartement,53.0,430000.0,8113.21,2024-10-16
Saint-Étienne,42218,42000,Appartement,25.0,430000.0,17200.0,2024-10-16
Saint-Étienne,42218,42000,Appartement,18.0,430000.0,23888.89,2024-10-16
Saint-Étienne,42218,42000,Appartement,61.0,430000.0,7049.18,2024-10-16
Saint-Étienne,42218,42000,Appartement,62.0,430000.0,6935.48,2024-10-16
Saint-Étienne,42218,42000,Appartement,61.0,430000.0,7049.18,2024-10-16
Saint-Étienne,42218,42000,Appartement,25.0,430000.0,17200.0,2024-10-16
Saint-Étienne,42218,42000,Appartement,25.0,430000.0,17200.0,2024-10-16
Saint-Étienne,42218,42000,Appartement,60.0,430000.0,7166.67,2024-10-16
Chazelles-sur-Lyon,42059,42140,Maison,139.0,340000.0,2446.04,2024-09-18
Saint-Jean-Bonnefonds,42237,42650,Maison,130.0,336000.0,2584.62,2024-10-08
Saint-Jean-Bonnefonds,42237,42650,Maison,130.0,336000.0,2584.62,2024-10-08
Pralong,42179,42600,Maison,100.0,105000.0,1050.0,2024-09-23
Saint-Étienne,42218,42100,Appartement,78.0,117000.0,1500.0,2024-10-01
Saint-Romain-le-Puy,42285,42610,Maison,66.0,170000.0,2575.76,2024-10-01
Saint-Étienne,42218,42000,Appartement,35.0,32000.0,914.29,2024-09-17
Saint-Galmier,42222,42330,Maison,108.0,220000.0,2037.04,2024-10-11
Saint-Galmier,42222,42330,Maison,108.0,220000.0,2037.04,2024-10-11
Saint-Étienne,42218,42100,Appartement,61.0,61000.0,1000.0,2024-09-17
Saint-Étienne,42218,42100,Maison,169.0,380000.0,2248.52,2024-10-15
Farnay,42093,42320,Maison,90.0,249000.0,2766.67,2024-09-30
Marlhes,42139,42660,Maison,140.0,223000.0,1592.86,2024-09-17
Saint-Martin-Lestra,42261,42110,Maison,85.0,120000.0,1411.76,2024-10-09
Cottance,42073,42360,Maison,89.0,183000.0,2056.18,2024-09-24
Andrézieux-Bouthéon,42005,42160,Appartement,51.0,162000.0,3176.47,2024-10-04
Veauchette,42324,42340,Maison,150.0,92500.0,616.67,2024-09-18
Andrézieux-Bouthéon,42005,42160,Appartement,46.0,122400.0,2660.87,2024-09-30
Saint-Priest-en-Jarez,42275,42270,Appartement,103.0,161650.0,1569.42,2024-10-11
Saint-Étienne,42218,42100,Appartement,44.0,50000.0,1136.36,2024-10-14
Saint-Étienne,42218,42100,Appartement,71.0,123000.0,1732.39,2024-10-09
Saint-Étienne,42218,42000,Appartement,38.0,61000.0,1605.26,2024-10-07
Saint-Étienne,42218,42100,Appartement,19.0,36000.0,1894.74,2024-10-15
Saint-Étienne,42218,42100,Appartement,91.0,184250.0,2024.73,2024-09-30
Villars,42330,42390,Maison,103.0,270000.0,2621.36,2024-10-14
Saint-Étienne,42218,42000,Appartement,55.0,55000.0,1000.0,2024-10-10
Saint-Étienne,42218,42000,Appartement,28.0,33500.0,1196.43,2024-10-09
Saint-Étienne,42218,42000,Appartement,125.0,195000.0,1560.0,2024-10-08
Saint-Étienne,42218,42100,Appartement,56.0,63000.0,1125.0,2024-10-01
Saint-Étienne,42218,42000,Appartement,40.0,70000.0,1750.0,2024-10-04
Verrières-en-Forez,42328,42600,Maison,164.0,225000.0,1371.95,2024-10-01
Verrières-en-Forez,42328,42600,Maison,164.0,225000.0,1371.95,2024-10-01
Saint-Étienne,42218,42100,Appartement,48.0,114000.0,2375.0,2024-10-09
Saint-Étienne,42218,42100,Appartement,55.0,52900.0,961.82,2024-09-30
Montrond-les-Bains,42149,42210,Appartement,34.0,62000.0,1823.53,2024-09-30
Saint-Étienne,42218,42000,Appartement,63.0,98000.0,1555.56,2024-09-20
Saint-Martin-la-Plaine,42259,42800,Maison,95.0,305700.0,3217.89,2024-09-24
Saint-Étienne,42218,42100,Appartement,106.0,150000.0,1415.09,2024-10-14
Saint-Jean-Bonnefonds,42237,42650,Maison,124.0,355900.0,2870.16,2024-10-16
Unieux,42316,42240,Maison,168.0,379900.0,2261.31,2024-10-08
Roche-la-Molière,42189,42230,Maison,99.0,312900.0,3160.61,2024-10-11
Boën-sur-Lignon,42019,42130,Maison,28.0,45000.0,1607.14,2024-10-09
Boën-sur-Lignon,42019,42130,Maison,28.0,45000.0,1607.14,2024-10-09
Saint-Christo-en-Jarez,42208,42320,Maison,170.0,124348.29,731.46,2024-10-08
Saint-Christo-en-Jarez,42208,42320,Maison,170.0,124348.29,731.46,2024-10-08
Saint-Nizier-de-Fornas,42266,42380,Maison,99.0,161500.0,1631.31,2024-10-10
Saint-Chamond,42207,42400,Appartement,96.0,115000.0,1197.92,2024-10-02
Feurs,42094,42110,Maison,89.0,200000.0,2247.19,2024-09-27
Saint-Étienne,42218,42000,Appartement,55.0,74000.0,1345.45,2024-09-27
Montbrison,42147,42600,Appartement,48.0,75000.0,1562.5,2024-10-08
Saint-Cyprien,42211,42160,Maison,126.0,326350.0,2590.08,2024-10-08
Saint-André-le-Puy,42200,42210,Maison,300.0,530000.0,1766.67,2024-09-27
Saint-André-le-Puy,42200,42210,Maison,300.0,530000.0,1766.67,2024-09-27
Saint-André-le-Puy,42200,42210,Maison,80.0,530000.0,6625.0,2024-09-27
Saint-André-le-Puy,42200,42210,Maison,150.0,530000.0,3533.33,2024-09-27
Saint-André-le-Puy,42200,42210,Maison,150.0,530000.0,3533.33,2024-09-27
Saint-Étienne,42218,42100,Appartement,82.0,76000.0,926.83,2024-10-14
Saint-Étienne,42218,42100,Appartement,101.0,155000.0,1534.65,2024-10-14
Saint-Étienne,42218,42100,Appartement,68.0,73500.0,1080.88,2024-10-10
Rozier-Côtes-d'Aurec,42192,42380,Maison,127.0,167000.0,1314.96,2024-10-04
Rozier-Côtes-d'Aurec,42192,42380,Maison,127.0,167000.0,1314.96,2024-10-04
Le Chambon-Feugerolles,42044,42500,Appartement,85.0,145259.0,1708.93,2024-10-07
Le Chambon-Feugerolles,42044,42500,Appartement,90.0,145259.0,1613.99,2024-10-07
Saint-Chamond,42207,42400,Maison,174.0,353000.0,2028.74,2024-10-01
L'Étrat,42092,42580,Maison,161.0,299500.0,1860.25,2024-10-15
Saint-Étienne,42218,42000,Appartement,68.0,199037.0,2927.01,2024-09-26
Saint-Étienne,42218,42000,Appartement,72.0,118000.0,1638.89,2024-09-24
Veauche,42323,42340,Appartement,50.0,86500.0,1730.0,2024-09-23
Saint-Étienne,42218,42000,Appartement,135.0,109000.0,807.41,2024-09-30
Marols,42140,42560,Maison,108.0,179000.0,1657.41,2024-09-26
Saint-Étienne,42218,42000,Appartement,32.0,88215.0,2756.72,2024-10-10
Saint-Étienne,42218,42000,Appartement,32.0,88215.0,2756.72,2024-10-10
Saint-Étienne,42218,42000,Appartement,34.0,88215.0,2594.56,2024-10-10
Rozier-en-Donzy,42193,42810,Maison,95.0,570000.0,6000.0,2024-10-04
Saint-Étienne,42218,42000,Appartement,57.0,109340.0,1918.25,2024-10-07
Saint-Jean-la-Vêtre,42238,42440,Maison,75.0,156000.0,2080.0,2024-10-02
Feurs,42094,42110,Maison,94.0,238300.0,2535.11,2024-10-16
Saint-Étienne,42218,42100,Appartement,19.0,46130.0,2427.89,2024-10-03
Saint-Bonnet-les-Oules,42206,42330,Maison,251.0,843180.0,3359.28,2024-10-08
Saint-Bonnet-les-Oules,42206,42330,Maison,251.0,843180.0,3359.28,2024-10-08
Villars,42330,42390,Appartement,66.0,79000.0,1196.97,2024-09-26
Saint-Étienne,42218,42000,Appartement,78.0,2131141.0,27322.32,2024-09-27
Firminy,42095,42700,Appartement,33.0,62750.0,1901.52,2024-09-30
Marcilly-le-Châtel,42134,42130,Maison,80.0,65000.0,812.5,2024-10-07
Saint-Étienne,42218,42000,Appartement,122.0,192500.0,1577.87,2024-10-14
Chazelles-sur-Lyon,42059,42140,Maison,84.0,205000.0,2440.48,2024-10-18
Saint-Étienne,42218,42100,Appartement,30.0,60500.0,2016.67,2024-09-25
Montbrison,42147,42600,Appartement,100.0,300000.0,3000.0,2024-09-27
Savigneux,42299,42600,Maison,50.0,86610.0,1732.2,2024-09-25
Planfoy,42172,42660,Maison,260.0,280000.0,1076.92,2024-09-12
Planfoy,42172,42660,Maison,260.0,280000.0,1076.92,2024-09-12
Saint-Étienne,42218,42100,Appartement,73.0,90100.0,1234.25,2024-10-09
Lorette,42123,42420,Maison,120.0,48500.0,404.17,2024-10-18
Sury-le-Comtal,42304,42450,Maison,157.0,265000.0,1687.9,2024-09-09
Sury-le-Comtal,42304,42450,Maison,157.0,265000.0,1687.9,2024-09-09
Sury-le-Comtal,42304,42450,Maison,157.0,265000.0,1687.9,2024-09-09
Boën-sur-Lignon,42019,42130,Maison,97.0,150000.0,1546.39,2024-10-04
Boën-sur-Lignon,42019,42130,Maison,97.0,150000.0,1546.39,2024-10-04
Boën-sur-Lignon,42019,42130,Maison,97.0,150000.0,1546.39,2024-10-04
Saint-Étienne,42218,42000,Appartement,211.0,220000.0,1042.65,2024-10-15
Firminy,42095,42700,Appartement,87.0,255000.0,2931.03,2024-09-24
Firminy,42095,42700,Appartement,87.0,255000.0,2931.03,2024-09-24
Savigneux,42299,42600,Appartement,68.0,197400.0,2902.94,2024-09-27
Saint-Étienne,42218,42000,Appartement,32.0,90000.0,2812.5,2024-09-20
Saint-Étienne,42218,42000,Appartement,32.0,90000.0,2812.5,2024-09-20
Feurs,42094,42110,Appartement,45.0,118000.0,2622.22,2024-09-27
Feurs,42094,42110,Appartement,65.0,118000.0,1815.38,2024-09-27
Feurs,42094,42110,Maison,21.0,118000.0,5619.05,2024-09-27
Saint-Galmier,42222,42330,Appartement,88.0,282000.0,3204.55,2024-10-17
Saint-Étienne,42218,42000,Appartement,54.0,30000.0,555.56,2024-10-04
Saint-Étienne,42218,42000,Appartement,35.0,35000.0,1000.0,2024-10-16
Saint-Étienne,42218,42000,Appartement,126.0,168050.0,1333.73,2024-10-22
Saint-Chamond,42207,42400,Maison,102.0,280000.0,2745.1,2024-09-30
Saint-Chamond,42207,42400,Maison,102.0,280000.0,2745.1,2024-09-30
Saint-Étienne,42218,42000,Appartement,32.0,58195.0,1818.59,2024-09-27
Saint-Étienne,42218,42100,Appartement,68.0,105000.0,1544.12,2024-09-25
Saint-Romain-le-Puy,42285,42610,Maison,110.0,127720.0,1161.09,2024-10-03
Saint-Étienne,42218,42100,Appartement,83.0,98500.0,1186.75,2024-07-16
Veauche,42323,42340,Appartement,99.0,250000.0,2525.25,2024-10-14
Veauche,42323,42340,Appartement,88.0,119500.0,1357.95,2024-10-15
Feurs,42094,42110,Maison,89.0,200000.0,2247.19,2024-10-17
Sail-sous-Couzan,42195,42890,Maison,160.0,93000.0,581.25,2024-10-04
Sail-sous-Couzan,42195,42890,Maison,160.0,93000.0,581.25,2024-10-04
Saint-Étienne,42218,42000,Appartement,103.0,66000.0,640.78,2024-10-21
Saint-Étienne,42218,42100,Maison,80.0,515000.0,6437.5,2024-10-18
Saint-Étienne,42218,42100,Appartement,60.0,40000.0,666.67,2024-10-01
Saint-Étienne,42218,42100,Appartement,80.0,95000.0,1187.5,2024-09-30
Saint-Chamond,42207,42400,Appartement,90.0,70000.0,777.78,2024-10-08
Saint-Étienne,42218,42000,Maison,92.0,120000.0,1304.35,2024-10-09
Saint-Étienne,42218,42000,Appartement,64.0,66900.0,1045.31,2024-10-15
Lézigneux,42122,42600,Maison,72.0,60000.0,833.33,2024-10-15
L'Horme,42110,42152,Appartement,53.0,130680.0,2465.66,2024-10-16
Saint-Étienne,42218,42000,Appartement,35.0,25000.0,714.29,2024-09-27
Saint-Chamond,42207,42400,Appartement,31.0,220000.0,7096.77,2024-10-15
Saint-Chamond,42207,42400,Appartement,61.0,220000.0,3606.56,2024-10-15
Saint-Chamond,42207,42400,Appartement,83.0,220000.0,2650.6,2024-10-15
Saint-Chamond,42207,42400,Maison,70.0,213440.0,3049.14,2024-10-10
Saint-Étienne,42218,42100,Appartement,57.0,242000.0,4245.61,2024-10-18
Saint-Étienne,42218,42100,Appartement,57.0,242000.0,4245.61,2024-10-18
Saint-Étienne,42218,42100,Appartement,64.0,242000.0,3781.25,2024-10-18
Saint-Étienne,42218,42100,Appartement,60.0,242000.0,4033.33,2024-10-18
Saint-Étienne,42218,42100,Appartement,57.0,242000.0,4245.61,2024-10-18
Saint-Chamond,42207,42400,Appartement,100.0,133000.0,1330.0,2024-10-09
Saint-Étienne,42218,42000,Appartement,125.0,175070.0,1400.56,2024-10-01
Bonson,42022,42160,Maison,105.0,340000.0,3238.1,2024-10-15
Saint-Étienne,42218,42000,Appartement,38.0,54000.0,1421.05,2024-10-10
Saint-Chamond,42207,42400,Appartement,41.0,133000.0,3243.9,2024-10-09
Saint-Just-Saint-Rambert,42279,42170,Maison,41.0,70000.0,1707.32,2024-10-10
L'Hôpital-le-Grand,42108,42210,Maison,166.0,264100.0,1590.96,2024-10-09
Pélussin,42168,42410,Maison,90.0,240000.0,2666.67,2024-10-04
Saint-Maurice-en-Gourgois,42262,42240,Maison,88.0,237800.0,2702.27,2024-10-16
Saint-Maurice-en-Gourgois,42262,42240,Maison,88.0,237800.0,2702.27,2024-10-16
Saint-Étienne,42218,42100,Appartement,67.0,55000.0,820.9,2024-10-21
Saint-Étienne,42218,42000,Appartement,70.0,129000.0,1842.86,2024-10-17
Villars,42330,42390,Maison,110.0,294700.0,2679.09,2024-10-18
Andrézieux-Bouthéon,42005,42160,Appartement,73.0,75000.0,1027.4,2024-10-10
Saint-Étienne,42218,42000,Appartement,69.0,405000.0,5869.57,2024-09-30
Saint-Étienne,42218,42000,Appartement,65.0,405000.0,6230.77,2024-09-30
Saint-Étienne,42218,42000,Appartement,69.0,405000.0,5869.57,2024-09-30
Saint-Étienne,42218,42000,Appartement,65.0,405000.0,6230.77,2024-09-30
Saint-Étienne,42218,42000,Appartement,69.0,405000.0,5869.57,2024-09-30
Saint-Étienne,42218,42000,Appartement,134.0,405000.0,3022.39,2024-09-30
Saint-Étienne,42218,42000,Appartement,65.0,405000.0,6230.77,2024-09-30
Montbrison,42147,42600,Maison,85.0,182600.0,2148.24,2024-10-03
Saint-Étienne,42218,42100,Appartement,33.0,32000.0,969.7,2024-10-17
Saint-Étienne,42218,42000,Appartement,75.0,89000.0,1186.67,2024-10-14
Roche-la-Molière,42189,42230,Maison,95.0,240000.0,2526.32,2024-09-19
Saint-Étienne,42218,42000,Appartement,78.0,127800.0,1638.46,2024-09-20
Saint-Just-Saint-Rambert,42279,42170,Maison,171.0,293000.0,1713.45,2024-09-26
Montrond-les-Bains,42149,42210,Maison,88.0,208269.0,2366.69,2024-10-15
Saint-Just-Saint-Rambert,42279,42170,Appartement,44.0,86000.0,1954.55,2024-10-21
Saint-Maurice-en-Gourgois,42262,42240,Maison,135.0,275000.0,2037.04,2024-10-18
Saint-Étienne,42218,42100,Appartement,75.0,75000.0,1000.0,2024-09-27
Saint-Étienne,42218,42000,Appartement,39.0,50000.0,1282.05,2024-09-24
Saint-Chamond,42207,42400,Appartement,36.0,28000.0,777.78,2024-09-24
Roche-la-Molière,42189,42230,Maison,90.0,269250.0,2991.67,2024-09-19
Saint-Paul-en-Cornillon,42270,42240,Maison,120.0,78000.0,650.0,2024-10-14
La Grand-Croix,42103,42320,Maison,120.0,58490.57,487.42,2024-10-15
Feurs,42094,42110,Maison,89.0,100000.0,1123.6,2024-10-03
Saint-Just-Saint-Rambert,42279,42170,Maison,130.0,480000.0,3692.31,2024-09-25
Saint-Just-Saint-Rambert,42279,42170,Maison,130.0,480000.0,3692.31,2024-09-25
Saint-Étienne,42218,42000,Appartement,28.0,37760.0,1348.57,2024-10-02
Champdieu,42046,42600,Maison,100.0,320050.0,3200.5,2024-09-30
Montbrison,42147,42600,Appartement,119.0,168660.0,1417.31,2024-10-03
Firminy,42095,42700,Appartement,72.0,136000.0,1888.89,2024-10-18
Saint-Étienne,42218,42100,Appartement,112.0,176000.0,1571.43,2024-10-04
Rive-de-Gier,42186,42800,Appartement,30.0,83000.0,2766.67,2024-10-14
Rive-de-Gier,42186,42800,Appartement,60.0,83000.0,1383.33,2024-10-14
Saint-Étienne,42218,42000,Appartement,57.0,70000.0,1228.07,2024-10-14
Saint-Étienne,42218,42000,Appartement,66.0,70000.0,1060.61,2024-10-03
Saint-Étienne,42218,42100,Appartement,25.0,52000.0,2080.0,2024-10-16
La Tourette,42312,42380,Maison,120.0,200000.0,1666.67,2024-10-18
Saint-Étienne,42218,42100,Maison,84.0,195000.0,2321.43,2024-09-27
Montbrison,42147,42600,Maison,89.0,220000.0,2471.91,2024-10-11
Montbrison,42147,42600,Maison,89.0,220000.0,2471.91,2024-10-11
Saint-Étienne,42218,42000,Appartement,55.0,65000.0,1181.82,2024-10-11
Saint-Étienne,42218,42100,Appartement,112.0,136000.0,1214.29,2024-10-07
Saint-Étienne,42218,42000,Appartement,35.0,47500.0,1357.14,2024-10-17
Rive-de-Gier,42186,42800,Appartement,82.0,153000.0,1865.85,2024-10-18
Saint-Étienne,42218,42000,Appartement,84.0,87000.0,1035.71,2024-10-16
Saint-Étienne,42218,42100,Appartement,92.0,155000.0,1684.78,2024-10-24
Saint-Étienne,42218,42100,Appartement,35.0,41800.0,1194.29,2024-10-21
Saint-Étienne,42218,42000,Appartement,56.0,70000.0,1250.0,2024-10-15
Saint-Just-Saint-Rambert,42279,42170,Maison,90.0,272000.0,3022.22,2024-10-24
Saint-Étienne,42218,42100,Appartement,62.0,80000.0,1290.32,2024-10-18
Saint-Just-Saint-Rambert,42279,42170,Maison,102.0,232500.0,2279.41,2024-09-27
Saint-Étienne,42218,42000,Appartement,22.0,49900.0,2268.18,2024-10-17
Saint-Romain-le-Puy,42285,42610,Maison,88.0,130000.0,1477.27,2024-10-14
Marcoux,42136,42130,Maison,110.0,45000.0,409.09,2024-10-18
Saint-Chamond,42207,42400,Maison,134.0,425412.0,3174.72,2024-09-30
Saint-Chamond,42207,42400,Maison,134.0,425412.0,3174.72,2024-09-30
Roche-la-Molière,42189,42230,Maison,89.0,237000.0,2662.92,2024-10-16
Saint-Étienne,42218,42100,Appartement,32.0,32500.0,1015.62,2024-09-30
Lorette,42123,42420,Appartement,61.0,153400.0,2514.75,2024-10-16
Saint-Étienne,42218,42000,Appartement,30.0,35000.0,1166.67,2024-10-18
Saint-Étienne,42218,42100,Appartement,71.0,114100.0,1607.04,2024-10-15
Saint-Étienne,42218,42000,Appartement,69.0,78300.0,1134.78,2024-09-26
Saint-Étienne,42218,42100,Appartement,63.0,89000.0,1412.7,2024-10-04
L'Horme,42110,42152,Appartement,41.0,58000.0,1414.63,2024-10-14
Marlhes,42139,42660,Maison,98.0,103000.0,1051.02,2024-09-30
Saint-Étienne,42218,42100,Appartement,122.0,100000.0,819.67,2024-10-22
Saint-Étienne,42218,42100,Appartement,63.0,85800.0,1361.9,2024-10-11
Unieux,42316,42240,Appartement,62.0,46000.0,741.94,2024-10-17
Planfoy,42172,42660,Maison,86.0,210000.0,2441.86,2024-10-11
Planfoy,42172,42660,Maison,86.0,210000.0,2441.86,2024-10-11
Saint-Chamond,42207,42400,Appartement,48.0,63000.0,1312.5,2024-10-18
Saint-Étienne,42218,42100,Appartement,37.0,35000.0,945.95,2024-09-27
Saint-Étienne,42218,42000,Appartement,71.0,77000.0,1084.51,2024-10-14
Saint-Étienne,42218,42100,Appartement,40.0,41800.0,1045.0,2024-10-08
Saint-Étienne,42218,42100,Appartement,71.0,53000.0,746.48,2024-09-27
Saint-Étienne,42218,42100,Appartement,105.0,90500.0,861.9,2024-10-23
Unieux,42316,42240,Appartement,53.0,62000.0,1169.81,2024-10-15
Saint-Étienne,42218,42000,Appartement,82.0,130000.0,1585.37,2024-10-08
Saint-Étienne,42218,42000,Appartement,75.0,100000.0,1333.33,2024-10-11
Firminy,42095,42700,Appartement,78.0,84000.0,1076.92,2024-10-23
Rive-de-Gier,42186,42800,Maison,120.0,358520.0,2987.67,2024-10-23
Saint-Chamond,42207,42400,Maison,69.0,204000.0,2956.52,2024-10-22
Saint-Étienne,42218,42000,Maison,137.0,380000.0,2773.72,2024-10-23
La Talaudière,42305,42350,Appartement,45.0,152500.0,3388.89,2024-10-18
Saint-Étienne,42218,42100,Appartement,53.0,81500.0,1537.74,2024-10-15
Margerie-Chantagret,42137,42560,Maison,77.0,120000.0,1558.44,2024-10-16
Margerie-Chantagret,42137,42560,Maison,58.0,120000.0,2068.97,2024-10-16
Salvizinet,42297,42110,Maison,89.0,110000.0,1235.96,2024-10-18
Saint-Étienne,42218,42100,Maison,149.0,400000.0,2684.56,2024-10-18
Saint-Étienne,42218,42000,Appartement,89.0,65000.0,730.34,2024-10-07
Le Chambon-Feugerolles,42044,42500,Maison,76.0,174000.0,2289.47,2024-10-22
Saint-Étienne,42218,42100,Appartement,67.0,60000.0,895.52,2024-10-24
L'Horme,42110,42152,Maison,149.0,315800.0,2119.46,2024-10-22
Montbrison,42147,42600,Appartement,55.0,88000.0,1600.0,2024-10-15
Saint-Bonnet-les-Oules,42206,42330,Maison,230.0,660000.0,2869.57,2024-10-10
Bourg-Argental,42023,42220,Appartement,80.0,90000.0,1125.0,2024-10-07
Bourg-Argental,42023,42220,Appartement,91.0,90000.0,989.01,2024-10-07
Saint-Étienne,42218,42000,Maison,125.0,319000.0,2552.0,2024-10-18
Saint-Christo-en-Jarez,42208,42320,Maison,166.0,292500.0,1762.05,2024-10-23
Montbrison,42147,42600,Maison,136.0,388000.0,2852.94,2024-10-14
Montbrison,42147,42600,Maison,136.0,388000.0,2852.94,2024-10-14
Saint-Étienne,42218,42100,Appartement,64.0,75000.0,1171.88,2024-10-18
Saint-Étienne,42218,42100,Appartement,49.0,75000.0,1530.61,2024-10-18
Saint-Étienne,42218,42100,Appartement,30.0,257000.0,8566.67,2024-10-18
Saint-Étienne,42218,42100,Appartement,44.0,257000.0,5840.91,2024-10-18
Saint-Étienne,42218,42100,Appartement,31.0,257000.0,8290.32,2024-10-18
Saint-Étienne,42218,42100,Appartement,36.0,257000.0,7138.89,2024-10-18
Saint-Étienne,42218,42100,Appartement,35.0,257000.0,7342.86,2024-10-18
Saint-Étienne,42218,42100,Appartement,24.0,257000.0,10708.33,2024-10-18
Saint-Étienne,42218,42100,Appartement,44.0,257000.0,5840.91,2024-10-18
Chalain-le-Comtal,42038,42600,Maison,70.0,160550.0,2293.57,2024-10-07
Boisset-lès-Montrond,42020,42210,Maison,109.0,274000.0,2513.76,2024-10-14
Boisset-lès-Montrond,42020,42210,Maison,109.0,274000.0,2513.76,2024-10-14
Saint-Étienne,42218,42000,Appartement,91.0,257000.0,2824.18,2024-10-18
Saint-Chamond,42207,42400,Appartement,51.0,70000.0,1372.55,2024-10-16
Panissières,42165,42360,Maison,125.0,267000.0,2136.0,2024-10-02
Andrézieux-Bouthéon,42005,42160,Appartement,70.0,256000.0,3657.14,2024-10-18
Montverdun,42150,42130,Maison,80.0,140000.0,1750.0,2024-10-10
Montverdun,42150,42130,Maison,20.0,140000.0,7000.0,2024-10-10
Saint-Étienne,42218,42000,Appartement,30.0,220000.0,7333.33,2024-10-17
Saint-Étienne,42218,42000,Appartement,75.0,220000.0,2933.33,2024-10-17
Saint-Étienne,42218,42000,Appartement,55.0,220000.0,4000.0,2024-10-17
Arthun,42009,42130,Maison,110.0,127500.0,1159.09,2024-10-10
Saint-Étienne,42218,42100,Appartement,50.0,56400.0,1128.0,2024-10-23
Feurs,42094,42110,Appartement,57.0,113000.0,1982.46,2024-10-29
Saint-Étienne,42218,42000,Appartement,73.0,170050.0,2329.45,2024-10-23
Saint-Étienne,42218,42100,Appartement,39.0,39000.0,1000.0,2024-10-22
Saint-Étienne,42218,42100,Appartement,42.0,45000.0,1071.43,2024-10-04
Saint-Paul-en-Jarez,42271,42740,Maison,83.0,257500.0,3102.41,2024-10-11
Saint-Chamond,42207,42400,Maison,62.0,144220.0,2326.13,2024-10-22
Saint-Chamond,42207,42400,Maison,61.0,144220.0,2364.26,2024-10-22
Montrond-les-Bains,42149,42210,Maison,74.0,210000.0,2837.84,2024-10-29
Montrond-les-Bains,42149,42210,Maison,74.0,210000.0,2837.84,2024-10-29
Feurs,42094,42110,Appartement,49.0,263000.0,5367.35,2024-10-21
Feurs,42094,42110,Appartement,49.0,263000.0,5367.35,2024-10-21
Saint-Genest-Lerpt,42223,42530,Appartement,64.0,77000.0,1203.12,2024-10-03
Saint-Héand,42234,42570,Maison,80.0,155000.0,1937.5,2024-10-09
Saint-André-le-Puy,42200,42210,Maison,147.0,228250.0,1552.72,2024-10-28
Châteauneuf,42053,42800,Maison,130.0,370000.0,2846.15,2024-10-03
Châteauneuf,42053,42800,Maison,130.0,370000.0,2846.15,2024-10-03
Saint-Étienne,42218,42100,Appartement,61.0,69000.0,1131.15,2024-10-01
Saint-Étienne,42218,42000,Appartement,37.0,41100.0,1110.81,2024-10-23
Saint-Étienne,42218,42100,Appartement,74.0,93000.0,1256.76,2024-10-22
Bourg-Argental,42023,42220,Appartement,73.0,88500.0,1212.33,2024-10-07
Saint-Chamond,42207,42400,Maison,88.0,252800.0,2872.73,2024-10-24
Saint-Romain-le-Puy,42285,42610,Maison,96.0,220000.0,2291.67,2024-10-18
Saint-Étienne,42218,42100,Maison,105.0,278500.0,2652.38,2024-10-24
Saint-Étienne,42218,42100,Appartement,43.0,62816.0,1460.84,2024-10-02
Saint-Étienne,42218,42100,Appartement,67.0,62816.0,937.55,2024-10-02
Saint-Jean-Soleymieux,42240,42560,Maison,102.0,243150.0,2383.82,2024-10-07
Saint-Jean-Soleymieux,42240,42560,Maison,102.0,243150.0,2383.82,2024-10-07
La Ricamarie,42183,42150,Appartement,36.0,25000.0,694.44,2024-10-22
Saint-Étienne,42218,42000,Appartement,30.0,33000.0,1100.0,2024-10-09
Villars,42330,42390,Appartement,41.0,45000.0,1097.56,2024-09-24
Saint-Étienne,42218,42100,Appartement,82.0,100500.0,1225.61,2024-10-29
Saint-Chamond,42207,42400,Appartement,100.0,118000.0,1180.0,2024-10-24
Saint-Chamond,42207,42400,Maison,75.0,231000.0,3080.0,2024-10-25
Saint-Étienne,42218,42100,Appartement,28.0,53000.0,1892.86,2024-10-29
Sury-le-Comtal,42304,42450,Maison,130.0,233000.0,1792.31,2024-10-22
La Tourette,42312,42380,Maison,107.0,237100.0,2215.89,2024-10-28
Boisset-Saint-Priest,42021,42560,Maison,49.0,310000.0,6326.53,2024-10-04
Boisset-Saint-Priest,42021,42560,Maison,108.0,310000.0,2870.37,2024-10-04
Saint-Étienne,42218,42100,Appartement,66.0,90000.0,1363.64,2024-10-24
Saint-Just-Saint-Rambert,42279,42170,Maison,91.0,327350.0,3597.25,2024-10-25
Saint-Just-Saint-Rambert,42279,42170,Maison,91.0,327350.0,3597.25,2024-10-25
Saint-Just-Saint-Rambert,42279,42170,Appartement,74.0,130000.0,1756.76,2024-09-06
Saint-Étienne,42218,42000,Appartement,28.0,49000.0,1750.0,2024-10-22
Saint-Étienne,42218,42000,Appartement,70.0,40000.0,571.43,2024-10-25
Chavanay,42056,42410,Maison,88.0,183500.0,2085.23,2024-10-18
Chavanay,42056,42410,Maison,88.0,183500.0,2085.23,2024-10-18
Saint-Priest-en-Jarez,42275,42270,Appartement,100.0,149000.0,1490.0,2024-10-25
Montchal,42148,42360,Maison,135.0,110000.0,814.81,2024-10-04
Saint-Étienne,42218,42100,Appartement,60.0,21700.0,361.67,2024-09-30
Saint-Pierre-de-Bœuf,42272,42520,Maison,100.0,80000.0,800.0,2024-10-03
Saint-Étienne,42218,42100,Appartement,64.0,71000.0,1109.38,2024-10-25
Montbrison,42147,42600,Maison,146.0,452000.0,3095.89,2024-10-18
Sury-le-Comtal,42304,42450,Maison,59.0,85500.0,1449.15,2024-10-23
Unieux,42316,42240,Maison,80.0,171000.0,2137.5,2024-10-15
Sorbiers,42302,42290,Maison,102.0,395000.0,3872.55,2024-10-23
Sorbiers,42302,42290,Maison,102.0,395000.0,3872.55,2024-10-23
Sorbiers,42302,42290,Maison,102.0,395000.0,3872.55,2024-10-23
Montbrison,42147,42600,Appartement,51.0,151000.0,2960.78,2024-10-04
Cleppé,42066,42110,Maison,108.0,286840.0,2655.93,2024-10-01
Cleppé,42066,42110,Maison,108.0,286840.0,2655.93,2024-10-01
Saint-Étienne,42218,42100,Maison,150.0,270750.0,1805.0,2024-10-23
Saint-Étienne,42218,42100,Appartement,31.0,29100.0,938.71,2024-10-23
La Chapelle-Villars,42051,42410,Maison,86.0,332200.0,3862.79,2024-10-21
La Chapelle-Villars,42051,42410,Maison,86.0,332200.0,3862.79,2024-10-21
Écotay-l'Olme,42087,42600,Maison,108.0,260520.0,2412.22,2024-10-15
Écotay-l'Olme,42087,42600,Maison,108.0,260520.0,2412.22,2024-10-15
Saint-Étienne,42218,42100,Appartement,64.0,97000.0,1515.62,2024-10-21
Montbrison,42147,42600,Appartement,56.0,74000.0,1321.43,2024-10-15
Saint-Étienne,42218,42000,Appartement,87.0,135000.0,1551.72,2024-10-18
Saint-Étienne,42218,42100,Maison,65.0,82000.0,1261.54,2024-10-22
Écotay-l'Olme,42087,42600,Maison,140.0,295000.0,2107.14,2024-10-17
Saint-Étienne,42218,42100,Appartement,57.0,52000.0,912.28,2024-10-21
Saint-Étienne,42218,42100,Appartement,72.0,487000.0,6763.89,2024-10-03
Saint-Étienne,42218,42100,Appartement,30.0,487000.0,16233.33,2024-10-03
Saint-Étienne,42218,42100,Appartement,70.0,487000.0,6957.14,2024-10-03
Saint-Étienne,42218,42100,Appartement,80.0,487000.0,6087.5,2024-10-03
Saint-Étienne,42218,42100,Appartement,76.0,487000.0,6407.89,2024-10-03
Saint-Étienne,42218,42100,Appartement,72.0,487000.0,6763.89,2024-10-03
Saint-Étienne,42218,42100,Appartement,63.0,487000.0,7730.16,2024-10-03
Saint-Étienne,42218,42100,Appartement,72.0,487000.0,6763.89,2024-10-03
Saint-Julien-Molin-Molette,42246,42220,Maison,100.0,220000.0,2200.0,2024-10-18
Saint-Étienne,42218,42100,Appartement,70.0,75000.0,1071.43,2024-10-25
Saint-Étienne,42218,42000,Appartement,64.0,90000.0,1406.25,2024-10-21
Bonson,42022,42160,Maison,91.0,220000.0,2417.58,2024-10-30
Saint-Étienne,42218,42000,Maison,99.0,237500.0,2398.99,2024-10-28
Saint-Just-Saint-Rambert,42279,42170,Maison,38.0,71000.0,1868.42,2024-10-25
Saint-Étienne,42218,42000,Appartement,75.0,82450.0,1099.33,2024-10-29
Saint-Étienne,42218,42100,Appartement,90.0,195000.0,2166.67,2024-09-27
Saint-Priest-en-Jarez,42275,42270,Appartement,70.0,178850.0,2555.0,2024-10-16
Chazelles-sur-Lyon,42059,42140,Maison,81.0,192370.0,2374.94,2024-10-03
Saint-Étienne,42218,42000,Appartement,64.0,600000.0,9375.0,2024-10-29
Saint-Étienne,42218,42000,Appartement,75.0,600000.0,8000.0,2024-10-29
Saint-Étienne,42218,42000,Appartement,47.0,600000.0,12765.96,2024-10-29
Saint-Étienne,42218,42000,Appartement,80.0,600000.0,7500.0,2024-10-29
Saint-Étienne,42218,42000,Appartement,80.0,600000.0,7500.0,2024-10-29
Saint-Étienne,42218,42000,Appartement,82.0,600000.0,7317.07,2024-10-29
Saint-Étienne,42218,42000,Appartement,47.0,600000.0,12765.96,2024-10-29
Saint-Étienne,42218,42000,Appartement,31.0,600000.0,19354.84,2024-10-29
Saint-Étienne,42218,42000,Appartement,98.0,600000.0,6122.45,2024-10-29
Saint-Étienne,42218,42000,Appartement,82.0,600000.0,7317.07,2024-10-29
Saint-Étienne,42218,42000,Appartement,45.0,600000.0,13333.33,2024-10-29
Saint-Étienne,42218,42000,Appartement,80.0,600000.0,7500.0,2024-10-29
Saint-Étienne,42218,42000,Appartement,80.0,600000.0,7500.0,2024-10-29
Saint-Étienne,42218,42000,Appartement,80.0,600000.0,7500.0,2024-10-29
Saint-Étienne,42218,42000,Appartement,25.0,600000.0,24000.0,2024-10-29
Saint-Étienne,42218,42000,Appartement,80.0,600000.0,7500.0,2024-10-29
Saint-Étienne,42218,42000,Appartement,82.0,600000.0,7317.07,2024-10-29
Saint-Étienne,42218,42000,Appartement,15.0,600000.0,40000.0,2024-10-29
Saint-Étienne,42218,42000,Appartement,39.0,600000.0,15384.62,2024-10-29
Saint-Étienne,42218,42000,Appartement,67.0,89100.0,1329.85,2024-10-18
Saint-Romain-le-Puy,42285,42610,Maison,76.0,145000.0,1907.89,2024-10-14
Andrézieux-Bouthéon,42005,42160,Appartement,97.0,260000.0,2680.41,2024-10-22
Andrézieux-Bouthéon,42005,42160,Appartement,52.0,260000.0,5000.0,2024-10-22
Saint-Étienne,42218,42000,Appartement,32.0,40000.0,1250.0,2024-10-14
Saint-Étienne,42218,42100,Appartement,56.0,65000.0,1160.71,2024-10-25
Montbrison,42147,42600,Maison,85.0,227000.0,2670.59,2024-10-09
Boën-sur-Lignon,42019,42130,Maison,65.0,75000.0,1153.85,2024-10-09
Saint-Étienne,42218,42000,Appartement,72.0,100000.0,1388.89,2024-10-25
Montbrison,42147,42600,Maison,93.0,190000.0,2043.01,2024-10-18
Saint-Étienne,42218,42000,Appartement,142.0,45000.0,316.9,2024-10-29
Vêtre-sur-Anzon,42245,42440,Maison,60.0,78400.0,1306.67,2024-10-11
Bonson,42022,42160,Maison,91.0,270000.0,2967.03,2024-09-23
Bonson,42022,42160,Maison,91.0,270000.0,2967.03,2024-09-23
Bonson,42022,42160,Maison,91.0,191000.0,2098.9,2024-09-23
Bonson,42022,42160,Maison,91.0,191000.0,2098.9,2024-09-23
Roche-la-Molière,42189,42230,Appartement,65.0,129800.0,1996.92,2024-10-25
Saint-Chamond,42207,42400,Maison,85.0,223000.0,2623.53,2024-10-30
Saint-Chamond,42207,42400,Maison,85.0,223000.0,2623.53,2024-10-30
Firminy,42095,42700,Appartement,85.0,100000.0,1176.47,2024-10-25
Firminy,42095,42700,Maison,140.0,236500.0,1689.29,2024-10-22
Saint-Chamond,42207,42400,Appartement,44.0,50000.0,1136.36,2024-10-23
Saint-Étienne,42218,42100,Appartement,27.0,39900.0,1477.78,2024-10-29
Saint-Étienne,42218,42000,Appartement,84.0,115000.0,1369.05,2024-10-29
Saint-Étienne,42218,42100,Appartement,68.0,60200.0,885.29,2024-10-22
Villars,42330,42390,Appartement,66.0,86800.0,1315.15,2024-10-24
Saint-Étienne,42218,42100,Appartement,39.0,60000.0,1538.46,2024-10-29
Feurs,42094,42110,Appartement,35.0,37000.0,1057.14,2024-10-21
Saint-Étienne,42218,42100,Appartement,50.0,54000.0,1080.0,2024-10-29
Saint-Étienne,42218,42000,Appartement,64.0,50000.0,781.25,2024-10-18
Saint-Étienne,42218,42000,Appartement,60.0,50000.0,833.33,2024-10-18
Saint-Étienne,42218,42000,Appartement,64.0,50000.0,781.25,2024-10-18
Saint-Chamond,42207,42400,Maison,129.0,190000.0,1472.87,2024-10-23
Andrézieux-Bouthéon,42005,42160,Appartement,84.0,88000.0,1047.62,2024-10-22
Andrézieux-Bouthéon,42005,42160,Appartement,73.0,83000.0,1136.99,2024-10-17
La Talaudière,42305,42350,Appartement,83.0,112000.0,1349.4,2024-10-18
Saint-Étienne,42218,42100,Appartement,160.0,195000.0,1218.75,2024-10-29
Le Chambon-Feugerolles,42044,42500,Appartement,119.0,152000.0,1277.31,2024-10-29
Le Chambon-Feugerolles,42044,42500,Appartement,71.0,152000.0,2140.85,2024-10-29
Feurs,42094,42110,Appartement,86.0,231000.0,2686.05,2024-10-24
Saint-Étienne,42218,42100,Appartement,66.0,84750.0,1284.09,2024-10-29
Unieux,42316,42240,Maison,88.0,167000.0,1897.73,2024-10-28
Saint-Étienne,42218,42000,Appartement,60.0,50000.0,833.33,2024-10-15
Saint-Étienne,42218,42100,Appartement,39.0,43700.0,1120.51,2024-10-29
Andrézieux-Bouthéon,42005,42160,Appartement,66.0,176000.0,2666.67,2024-10-23
La Ricamarie,42183,42150,Appartement,67.0,54500.0,813.43,2024-10-18
Saint-Étienne,42218,42230,Maison,16.0,90000.0,5625.0,2024-10-29
Saint-Étienne,42218,42230,Maison,54.0,90000.0,1666.67,2024-10-29
Montbrison,42147,42600,Maison,97.0,167000.0,1721.65,2024-10-28
Saint-Julien-Molin-Molette,42246,42220,Maison,90.0,60000.0,666.67,2024-10-24
Le Chambon-Feugerolles,42044,42500,Maison,130.0,280000.0,2153.85,2024-10-24
L'Étrat,42092,42580,Maison,130.0,280000.0,2153.85,2024-09-17
Saint-Laurent-la-Conche,42251,42210,Maison,242.0,380000.0,1570.25,2024-10-25
Saint-Laurent-la-Conche,42251,42210,Maison,242.0,380000.0,1570.25,2024-10-25
Saint-Laurent-la-Conche,42251,42210,Maison,242.0,380000.0,1570.25,2024-10-25
Saint-Laurent-la-Conche,42251,42210,Maison,242.0,380000.0,1570.25,2024-10-25
La Ricamarie,42183,42150,Maison,195.0,445000.0,2282.05,2024-10-30
Unieux,42316,42240,Maison,162.0,313500.0,1935.19,2024-10-01
Unieux,42316,42240,Maison,162.0,313500.0,1935.19,2024-10-01
Saint-Paul-en-Jarez,42271,42740,Appartement,100.0,188350.0,1883.5,2024-10-24
Saint-Étienne,42218,42100,Appartement,27.0,55000.0,2037.04,2024-10-15
Saint-Étienne,42218,42000,Appartement,40.0,48870.0,1221.75,2024-10-24
Cellieu,42032,42320,Maison,86.0,205000.0,2383.72,2024-10-18
Firminy,42095,42700,Maison,90.0,230000.0,2555.56,2024-10-25
Veauchette,42324,42340,Maison,100.0,342200.0,3422.0,2024-10-28
Saint-Étienne,42218,42000,Appartement,32.0,230000.0,7187.5,2024-10-29
Saint-Étienne,42218,42000,Appartement,23.0,230000.0,10000.0,2024-10-29
Saint-Étienne,42218,42000,Appartement,57.0,230000.0,4035.09,2024-10-29
Saint-Étienne,42218,42000,Appartement,57.0,230000.0,4035.09,2024-10-29
Saint-Étienne,42218,42000,Appartement,83.0,140000.0,1686.75,2024-10-18
Saint-Étienne,42218,42100,Maison,215.0,284500.0,1323.26,2024-10-28
Boisset-lès-Montrond,42020,42210,Maison,113.0,265000.0,2345.13,2024-10-25
Saint-Étienne,42218,42100,Appartement,48.0,43500.0,906.25,2024-09-05
Pralong,42179,42600,Maison,156.0,293000.0,1878.21,2024-10-30
Saint-Christo-en-Jarez,42208,42320,Appartement,74.0,458000.0,6189.19,2024-10-31
Saint-Christo-en-Jarez,42208,42320,Appartement,99.0,458000.0,4626.26,2024-10-31
Saint-Christo-en-Jarez,42208,42320,Appartement,66.0,458000.0,6939.39,2024-10-31
Saint-Christo-en-Jarez,42208,42320,Appartement,74.0,458000.0,6189.19,2024-10-31
Saint-Christo-en-Jarez,42208,42320,Appartement,75.0,458000.0,6106.67,2024-10-31
Saint-Christo-en-Jarez,42208,42320,Appartement,72.0,458000.0,6361.11,2024-10-31
Saint-Christo-en-Jarez,42208,42320,Appartement,44.0,458000.0,10409.09,2024-10-31
Andrézieux-Bouthéon,42005,42160,Appartement,80.0,160000.0,2000.0,2024-10-15
La Ricamarie,42183,42150,Appartement,78.0,33000.0,423.08,2024-10-31
Saint-Étienne,42218,42000,Appartement,29.0,40000.0,1379.31,2024-10-30
Saint-Marcellin-en-Forez,42256,42680,Maison,102.0,323000.0,3166.67,2024-10-28
Saint-Marcellin-en-Forez,42256,42680,Maison,102.0,323000.0,3166.67,2024-10-28
Saint-Didier-sur-Rochefort,42217,42111,Maison,80.0,30000.0,375.0,2024-10-09
Chavanay,42056,42410,Maison,90.0,289000.0,3211.11,2024-10-31
Veauche,42323,42340,Maison,107.0,294000.0,2747.66,2024-10-24
Saint-Étienne,42218,42100,Appartement,55.0,65400.0,1189.09,2024-10-21
Saint-Étienne,42218,42100,Appartement,52.0,29000.0,557.69,2024-10-17
Saint-Étienne,42218,42100,Appartement,61.0,42200.0,691.8,2024-10-15
Saint-Étienne,42218,42100,Maison,90.0,181150.0,2012.78,2024-10-22
Saint-Étienne,42218,42100,Appartement,112.0,35000.0,312.5,2024-10-30
Saint-Étienne,42218,42100,Appartement,96.0,77000.0,802.08,2024-10-14
Chazelles-sur-Lyon,42059,42140,Appartement,37.0,160000.0,4324.32,2024-09-02
Chazelles-sur-Lyon,42059,42140,Appartement,36.0,160000.0,4444.44,2024-09-02
Chazelles-sur-Lyon,42059,42140,Appartement,37.0,160000.0,4324.32,2024-09-02
Chazelles-sur-Lyon,42059,42140,Appartement,36.0,160000.0,4444.44,2024-09-02
Chazelles-sur-Lyon,42059,42140,Appartement,17.0,160000.0,9411.76,2024-09-02
Saint-Priest-en-Jarez,42275,42270,Maison,146.0,390000.0,2671.23,2024-10-22
Saint-Priest-en-Jarez,42275,42270,Maison,146.0,390000.0,2671.23,2024-10-22
Saint-Martin-la-Plaine,42259,42800,Maison,110.0,58001.0,527.28,2024-04-05
Pélussin,42168,42410,Maison,180.0,610000.0,3388.89,2024-10-07
Saint-Étienne,42218,42000,Appartement,210.0,126500.0,602.38,2024-05-16
Saint-Chamond,42207,42400,Appartement,63.0,75000.0,1190.48,2024-10-25
Saint-Chamond,42207,42400,Appartement,73.0,70000.0,958.9,2024-10-24
Fraisses,42099,42490,Appartement,87.0,104750.0,1204.02,2024-10-29
Saint-Étienne,42218,42000,Appartement,72.0,56000.0,777.78,2024-10-31
Saint-Étienne,42218,42100,Maison,116.0,344015.0,2965.65,2024-10-29
Saint-Étienne,42218,42100,Maison,116.0,344015.0,2965.65,2024-10-29
Roche-la-Molière,42189,42230,Appartement,92.0,156200.0,1697.83,2024-10-31
Saint-Étienne,42218,42000,Appartement,68.0,115500.0,1698.53,2024-10-31
Roisey,42191,42520,Maison,52.0,105500.0,2028.85,2024-10-16
Saint-Martin-Lestra,42261,42110,Maison,109.0,251850.0,2310.55,2024-10-10
Saint-Chamond,42207,42400,Appartement,114.0,149000.0,1307.02,2024-10-08
Saint-Appolinard,42201,42520,Maison,81.0,269700.0,3329.63,2024-11-06
Saint-Appolinard,42201,42520,Maison,81.0,269700.0,3329.63,2024-11-06
Saint-Just-Saint-Rambert,42279,42170,Appartement,52.0,130000.0,2500.0,2024-10-28
Saint-Étienne,42218,42100,Appartement,76.0,169000.0,2223.68,2024-10-22
Saint-Étienne,42218,42100,Appartement,55.0,90000.0,1636.36,2024-10-30
Sury-le-Comtal,42304,42450,Appartement,68.0,129000.0,1897.06,2024-10-21
Saint-Étienne,42218,42100,Appartement,112.0,315000.0,2812.5,2024-11-07
Saint-Just-Saint-Rambert,42279,42170,Maison,66.0,225000.0,3409.09,2024-10-14
Saint-Étienne,42218,42100,Appartement,44.0,54000.0,1227.27,2024-10-29
Saint-Étienne,42218,42000,Appartement,64.0,148000.0,2312.5,2024-10-29
Saint-Étienne,42218,42100,Appartement,95.0,75000.0,789.47,2024-10-21
Feurs,42094,42110,Maison,176.0,204300.0,1160.8,2024-10-18
Saint-Étienne,42218,42000,Appartement,60.0,64600.0,1076.67,2024-10-22
Bessey,42018,42520,Maison,50.0,145000.0,2900.0,2024-11-07
Saint-Étienne,42218,42000,Appartement,53.0,30000.0,566.04,2024-10-23
Veauche,42323,42340,Maison,81.0,230000.0,2839.51,2024-10-18
Saint-Just-Saint-Rambert,42279,42170,Maison,86.0,201000.0,2337.21,2024-10-21
Saint-Just-Saint-Rambert,42279,42170,Maison,24.0,713100.0,29712.5,2024-10-28
Saint-Just-Saint-Rambert,42279,42170,Maison,210.0,713100.0,3395.71,2024-10-28
Saint-Étienne,42218,42000,Appartement,26.0,76000.0,2923.08,2024-10-18
Saint-Étienne,42218,42000,Appartement,25.0,76000.0,3040.0,2024-10-18
Saint-Étienne,42218,42000,Appartement,25.0,76000.0,3040.0,2024-10-18
Saint-Étienne,42218,42100,Appartement,111.0,112000.0,1009.01,2024-11-07
Saint-Étienne,42218,42000,Appartement,101.0,138050.0,1366.83,2024-10-22
Rive-de-Gier,42186,42800,Appartement,76.0,71910.0,946.18,2024-10-17
Rive-de-Gier,42186,42800,Appartement,52.0,71910.0,1382.88,2024-10-17
Saint-Étienne,42218,42100,Appartement,75.0,290000.0,3866.67,2024-11-07
Saint-Étienne,42218,42100,Appartement,64.0,290000.0,4531.25,2024-11-07
Saint-Étienne,42218,42100,Appartement,66.0,290000.0,4393.94,2024-11-07
Saint-Étienne,42218,42100,Appartement,70.0,290000.0,4142.86,2024-11-07
Saint-Étienne,42218,42100,Appartement,65.0,290000.0,4461.54,2024-11-07
Saint-Galmier,42222,42330,Maison,119.0,382100.0,3210.92,2024-10-11
Saint-Pierre-de-Bœuf,42272,42520,Appartement,38.0,78000.0,2052.63,2024-11-05
L'Hôpital-le-Grand,42108,42210,Maison,94.0,70000.0,744.68,2024-10-18
Boisset-Saint-Priest,42021,42560,Maison,90.0,53000.0,588.89,2024-11-07
Saint-Étienne,42218,42000,Appartement,95.0,174300.0,1834.74,2024-10-24
Saint-Étienne,42218,42000,Appartement,40.0,77000.0,1925.0,2024-10-29
Doizieux,42085,42740,Maison,88.0,286200.0,3252.27,2024-10-17
Saint-Étienne,42218,42100,Maison,75.0,166000.0,2213.33,2024-10-24
Lorette,42123,42420,Appartement,133.0,175000.0,1315.79,2024-10-18
Saint-Étienne,42218,42000,Appartement,68.0,100700.0,1480.88,2024-10-22
Saint-Chamond,42207,42400,Maison,58.0,151000.0,2603.45,2024-10-29
Grézieux-le-Fromental,42105,42600,Maison,91.0,207795.0,2283.46,2024-10-31
Grézieux-le-Fromental,42105,42600,Maison,91.0,207795.0,2283.46,2024-10-31
Doizieux,42085,42740,Maison,63.0,179000.0,2841.27,2024-11-04
Chazelles-sur-Lyon,42059,42140,Maison,70.0,60000.0,857.14,2024-10-08
Magneux-Haute-Rive,42130,42600,Maison,122.0,245000.0,2008.2,2024-10-29
Magneux-Haute-Rive,42130,42600,Maison,122.0,245000.0,2008.2,2024-10-29
Cervières,42034,42440,Maison,180.0,128050.0,711.39,2024-10-17
Unieux,42316,42240,Maison,95.0,180500.0,1900.0,2024-10-30
Châteauneuf,42053,42800,Maison,128.0,170500.0,1332.03,2024-10-31
Saint-Étienne,42218,42100,Appartement,78.0,80000.0,1025.64,2024-10-24
Saint-Étienne,42218,42000,Maison,118.0,330000.0,2796.61,2024-10-29
Bonson,42022,42160,Maison,145.0,494630.0,3411.24,2024-10-15
Saint-Étienne,42218,42000,Appartement,28.0,50000.0,1785.71,2024-10-30
Veauche,42323,42340,Maison,88.0,274000.0,3113.64,2024-10-22
Firminy,42095,42700,Maison,120.0,180000.0,1500.0,2024-10-24
Unieux,42316,42240,Appartement,70.0,238000.0,3400.0,2024-10-25
Unieux,42316,42240,Appartement,120.0,238000.0,1983.33,2024-10-25
Unieux,42316,42240,Appartement,50.0,238000.0,4760.0,2024-10-25
Montbrison,42147,42600,Appartement,31.0,46200.0,1490.32,2024-10-29
Saint-Étienne,42218,42000,Appartement,68.0,73000.0,1073.53,2024-10-28
Saint-Étienne,42218,42000,Appartement,80.0,73000.0,912.5,2024-10-28
Saint-Étienne,42218,42100,Appartement,91.0,170000.0,1868.13,2024-10-29
Saint-Étienne,42218,42100,Appartement,138.0,170000.0,1231.88,2024-10-29
Saint-Étienne,42218,42100,Appartement,42.0,170000.0,4047.62,2024-10-29
Saint-Étienne,42218,42100,Appartement,42.0,170000.0,4047.62,2024-10-29
Saint-Étienne,42218,42100,Appartement,42.0,170000.0,4047.62,2024-10-29
Saint-Romain-en-Jarez,42283,42800,Maison,130.0,169000.0,1300.0,2024-10-24
Panissières,42165,42360,Maison,50.0,82000.0,1640.0,2024-10-10
Saint-Étienne,42218,42000,Appartement,70.0,236550.0,3379.29,2024-10-28
Montrond-les-Bains,42149,42210,Appartement,43.0,104000.0,2418.6,2024-10-28
Saint-Étienne,42218,42000,Appartement,90.0,105000.0,1166.67,2024-11-05
Saint-Étienne,42218,42000,Appartement,60.0,48000.0,800.0,2024-10-28
Cellieu,42032,42320,Maison,78.0,290500.0,3724.36,2024-10-31
Saint-Martin-la-Plaine,42259,42800,Appartement,65.0,160000.0,2461.54,2024-11-04
Lorette,42123,42420,Maison,77.0,229000.0,2974.03,2024-10-15
Andrézieux-Bouthéon,42005,42160,Appartement,87.0,102500.0,1178.16,2024-11-08
Saint-Étienne,42218,42000,Appartement,30.0,45400.0,1513.33,2024-10-22
Rive-de-Gier,42186,42800,Appartement,52.0,90000.0,1730.77,2024-10-22
L'Horme,42110,42152,Maison,120.0,230000.0,1916.67,2024-10-23
Saint-Chamond,42207,42400,Maison,74.0,106000.0,1432.43,2024-10-31
Saint-Étienne,42218,42100,Appartement,32.0,30000.0,937.5,2024-10-28
Saint-Étienne,42218,42100,Appartement,67.0,76500.0,1141.79,2024-11-04
Saint-Étienne,42218,42000,Maison,75.0,157400.0,2098.67,2024-10-31
Saint-Étienne,42218,42000,Maison,126.0,157400.0,1249.21,2024-10-31
Saint-Chamond,42207,42400,Appartement,52.0,75150.0,1445.19,2024-11-05
Saint-Étienne,42218,42100,Appartement,71.0,60000.0,845.07,2024-11-07
Saint-Étienne,42218,42000,Appartement,85.0,73000.0,858.82,2024-11-05
Saint-Étienne,42218,42100,Appartement,36.0,100000.0,2777.78,2024-11-04
Saint-Étienne,42218,42100,Appartement,37.0,100000.0,2702.7,2024-11-04
Saint-Étienne,42218,42100,Appartement,38.0,100000.0,2631.58,2024-11-04
Saint-Chamond,42207,42400,Appartement,73.0,67000.0,917.81,2024-10-14
Saint-Étienne,42218,42000,Appartement,67.0,60000.0,895.52,2024-10-15
La Tour-en-Jarez,42311,42580,Maison,170.0,565000.0,3323.53,2024-10-26
La Tour-en-Jarez,42311,42580,Maison,170.0,565000.0,3323.53,2024-10-26
Rive-de-Gier,42186,42800,Maison,255.0,350650.0,1375.1,2024-10-17
Rive-de-Gier,42186,42800,Maison,90.0,305000.0,3388.89,2024-10-31
Saint-Étienne,42218,42100,Appartement,59.0,59000.0,1000.0,2024-10-29
Firminy,42095,42700,Appartement,40.0,40000.0,1000.0,2024-10-25
Firminy,42095,42700,Appartement,40.0,40000.0,1000.0,2024-10-25
Firminy,42095,42700,Appartement,75.0,40000.0,533.33,2024-10-25
Firminy,42095,42700,Appartement,77.0,40000.0,519.48,2024-10-25
Saint-Étienne,42218,42100,Appartement,56.0,72000.0,1285.71,2024-11-06
Savigneux,42299,42600,Maison,83.0,222000.0,2674.7,2024-10-25
Saint-Étienne,42218,42000,Appartement,48.0,58500.0,1218.75,2024-11-05
Montbrison,42147,42600,Appartement,32.0,45000.0,1406.25,2024-10-25
Saint-Étienne,42218,42000,Appartement,60.0,58000.0,966.67,2024-10-30
La Talaudière,42305,42350,Appartement,70.0,182762.6,2610.89,2024-11-06
Saint-Étienne,42218,42100,Appartement,74.0,100000.0,1351.35,2024-10-28
Saint-Étienne,42218,42000,Appartement,25.0,30000.0,1200.0,2024-10-29
Saint-Étienne,42218,42000,Appartement,60.0,30000.0,500.0,2024-10-29
Saint-Étienne,42218,42000,Appartement,29.0,30000.0,1034.48,2024-10-29
Saint-Étienne,42218,42000,Maison,122.0,109000.0,893.44,2024-10-17
Saint-Étienne,42218,42100,Appartement,32.0,50000.0,1562.5,2024-11-07
Saint-Chamond,42207,42400,Maison,89.0,185000.0,2078.65,2024-10-18
Cuzieu,42081,42330,Maison,140.0,90000.0,642.86,2024-09-12
Saint-Étienne,42218,42000,Appartement,28.0,155500.0,5553.57,2024-10-28
Saint-Étienne,42218,42000,Appartement,37.0,155500.0,4202.7,2024-10-28
Saint-Étienne,42218,42000,Appartement,15.0,155500.0,10366.67,2024-10-28
Saint-Étienne,42218,42000,Appartement,60.0,155500.0,2591.67,2024-10-28
Saint-Étienne,42218,42000,Appartement,35.0,155500.0,4442.86,2024-10-28
Saint-Étienne,42218,42000,Appartement,74.0,155500.0,2101.35,2024-10-28
Saint-Étienne,42218,42000,Appartement,70.0,155500.0,2221.43,2024-10-28
Saint-Étienne,42218,42000,Appartement,64.0,155500.0,2429.69,2024-10-28
Saint-Étienne,42218,42000,Appartement,33.0,155500.0,4712.12,2024-10-28
Saint-Étienne,42218,42000,Appartement,31.0,155500.0,5016.13,2024-10-28
Saint-Étienne,42218,42000,Appartement,30.0,155500.0,5183.33,2024-10-28
Saint-Étienne,42218,42000,Appartement,30.0,155500.0,5183.33,2024-10-28
Saint-Étienne,42218,42000,Appartement,37.0,155500.0,4202.7,2024-10-28
Saint-Étienne,42218,42000,Appartement,54.0,155500.0,2879.63,2024-10-28
Saint-Étienne,42218,42000,Appartement,78.0,155500.0,1993.59,2024-10-28
Saint-Étienne,42218,42000,Appartement,17.0,155500.0,9147.06,2024-10-28
Saint-Étienne,42218,42000,Appartement,62.0,155500.0,2508.06,2024-10-28
Saint-Étienne,42218,42000,Appartement,60.0,155500.0,2591.67,2024-10-28
Andrézieux-Bouthéon,42005,42160,Appartement,90.0,87000.0,966.67,2024-10-23
Firminy,42095,42700,Maison,80.0,114500.0,1431.25,2024-10-18
Saint-Étienne,42218,42000,Appartement,175.0,539000.0,3080.0,2024-10-23
Saint-Étienne,42218,42000,Appartement,41.0,539000.0,13146.34,2024-10-23
Saint-Étienne,42218,42100,Appartement,110.0,95000.0,863.64,2024-11-08
Saint-Étienne,42218,42000,Appartement,40.0,54000.0,1350.0,2024-11-07
Roche-la-Molière,42189,42230,Maison,126.0,272675.0,2164.09,2024-11-06
Saint-Étienne,42218,42100,Appartement,62.0,54000.0,870.97,2024-11-08
Saint-Étienne,42218,42000,Appartement,40.0,23500.0,587.5,2024-10-31
Saint-Étienne,42218,42000,Appartement,129.0,109000.0,844.96,2024-11-08
Saint-Just-Saint-Rambert,42279,42170,Maison,98.0,242000.0,2469.39,2024-10-30
Saint-Just-Saint-Rambert,42279,42170,Maison,98.0,242000.0,2469.39,2024-10-30
Saint-Étienne,42218,42000,Appartement,40.0,40200.0,1005.0,2024-11-06
Saint-Étienne,42218,42000,Appartement,37.0,69000.0,1864.86,2024-11-04
Feurs,42094,42110,Appartement,75.0,95000.0,1266.67,2024-11-08
Saint-Galmier,42222,42330,Appartement,98.0,200000.0,2040.82,2024-10-31
Saint-Étienne,42218,42000,Appartement,49.0,46000.0,938.78,2024-10-30
Saint-Just-Saint-Rambert,42279,42170,Maison,208.0,691800.0,3325.96,2024-11-04
Saint-Just-Saint-Rambert,42279,42170,Maison,208.0,691800.0,3325.96,2024-11-04
Saint-Étienne,42218,42000,Maison,238.0,488900.0,2054.2,2024-10-31
Saint-Étienne,42218,42000,Appartement,96.0,122650.0,1277.6,2024-10-30
Saint-Étienne,42218,42100,Maison,160.0,270000.0,1687.5,2024-10-30
Genilac,42225,42800,Maison,104.0,280150.0,2693.75,2024-10-30
Saint-Jean-Bonnefonds,42237,42650,Maison,99.0,225000.0,2272.73,2024-11-07
Saint-Étienne,42218,42000,Appartement,34.0,37000.0,1088.24,2024-11-05
Saint-Étienne,42218,42100,Appartement,77.0,119000.0,1545.45,2024-10-31
Saint-Romain-le-Puy,42285,42610,Maison,112.0,262200.0,2341.07,2024-11-05
Saint-Romain-le-Puy,42285,42610,Maison,112.0,262200.0,2341.07,2024-11-05
Saint-Marcellin-en-Forez,42256,42680,Maison,90.0,189000.0,2100.0,2024-10-22
Andrézieux-Bouthéon,42005,42160,Maison,95.0,253000.0,2663.16,2024-11-05
Sauvain,42298,42990,Maison,115.0,95000.0,826.09,2024-10-30
Cuzieu,42081,42330,Maison,156.0,263000.0,1685.9,2024-10-17
Cuzieu,42081,42330,Maison,156.0,263000.0,1685.9,2024-10-17
Saint-Étienne,42218,42000,Appartement,100.0,105000.0,1050.0,2024-11-07
Saint-Étienne,42218,42000,Appartement,80.0,105000.0,1312.5,2024-11-07
Saint-Étienne,42218,42000,Appartement,50.0,105000.0,2100.0,2024-11-07
Saint-Étienne,42218,42000,Appartement,100.0,105000.0,1050.0,2024-11-07
Boisset-Saint-Priest,42021,42560,Maison,116.0,346450.0,2986.64,2024-11-04
Boisset-Saint-Priest,42021,42560,Maison,116.0,346450.0,2986.64,2024-11-04
Saint-Étienne,42218,42000,Appartement,52.0,16000.0,307.69,2024-10-31
Saint-Étienne,42218,42000,Appartement,50.0,55000.0,1100.0,2024-11-04
Bonson,42022,42160,Maison,87.0,202000.0,2321.84,2024-11-05
Saint-Étienne,42218,42000,Appartement,87.0,85450.5,982.19,2024-11-06
Firminy,42095,42700,Appartement,90.0,45000.0,500.0,2024-11-06
Firminy,42095,42700,Appartement,90.0,45000.0,500.0,2024-11-06
Firminy,42095,42700,Appartement,90.0,45000.0,500.0,2024-11-06
Villars,42330,42390,Appartement,99.0,117050.0,1182.32,2024-10-23
Saint-Étienne,42218,42100,Appartement,73.0,70000.0,958.9,2024-11-06
Saint-Étienne,42218,42000,Appartement,33.0,47450.0,1437.88,2024-10-17
Saint-Just-Saint-Rambert,42279,42170,Maison,93.0,221000.0,2376.34,2024-11-05
Sury-le-Comtal,42304,42450,Maison,118.0,253000.0,2144.07,2024-10-25
La Ricamarie,42183,42150,Appartement,61.0,55250.0,905.74,2024-10-31
L'Étrat,42092,42580,Maison,200.0,612500.0,3062.5,2024-11-04
L'Étrat,42092,42580,Maison,200.0,612500.0,3062.5,2024-11-04
Saint-Étienne,42218,42000,Maison,160.0,219500.0,1371.88,2024-11-05
Saint-Just-Saint-Rambert,42279,42170,Appartement,66.0,170000.0,2575.76,2024-10-31
Saint-Étienne,42218,42100,Maison,74.0,168900.0,2282.43,2024-11-06
Saint-Nizier-de-Fornas,42266,42380,Appartement,32.0,159000.0,4968.75,2024-10-31
Saint-Nizier-de-Fornas,42266,42380,Appartement,57.0,159000.0,2789.47,2024-10-31
Saint-Cyprien,42211,42160,Appartement,62.0,165235.0,2665.08,2024-10-16
Saint-Étienne,42218,42000,Appartement,74.0,132050.0,1784.46,2024-11-06
L'Horme,42110,42152,Maison,108.0,314700.0,2913.89,2024-10-31
Planfoy,42172,42660,Maison,107.0,278000.0,2598.13,2024-11-06
Planfoy,42172,42660,Maison,107.0,278000.0,2598.13,2024-11-06
Montbrison,42147,42600,Appartement,99.0,154000.0,1555.56,2024-10-25
Marcilly-le-Châtel,42134,42130,Maison,108.0,210000.0,1944.44,2024-10-23
Bellegarde-en-Forez,42013,42210,Maison,212.0,431500.0,2035.38,2024-11-04
Marcilly-le-Châtel,42134,42130,Maison,88.0,173000.0,1965.91,2024-10-30
Marcilly-le-Châtel,42134,42130,Maison,88.0,173000.0,1965.91,2024-10-30
Saint-Paul-en-Jarez,42271,42740,Maison,102.0,335000.0,3284.31,2024-11-08
Unieux,42316,42240,Maison,104.0,263350.0,2532.21,2024-10-30
Saint-Galmier,42222,42330,Maison,100.0,400000.0,4000.0,2024-10-31
Saint-Galmier,42222,42330,Maison,82.0,400000.0,4878.05,2024-10-31
La Tourette,42312,42380,Maison,77.0,50000.0,649.35,2024-10-21
La Tourette,42312,42380,Maison,34.0,50000.0,1470.59,2024-10-21
Fraisses,42099,42490,Maison,92.0,245010.0,2663.15,2024-10-29
Saint-Just-Saint-Rambert,42279,42170,Appartement,52.0,130000.0,2500.0,2024-11-06
Saint-Étienne,42218,42100,Maison,98.0,260000.0,2653.06,2024-10-31
Maringes,42138,42140,Maison,94.0,208790.0,2221.17,2024-10-16
Maringes,42138,42140,Maison,94.0,208790.0,2221.17,2024-10-16
Saint-Chamond,42207,42400,Maison,86.0,201000.0,2337.21,2024-10-25
Saint-Étienne,42218,42000,Appartement,79.0,135000.0,1708.86,2024-10-24
La Grand-Croix,42103,42320,Maison,82.0,183000.0,2231.71,2024-11-07
La Grand-Croix,42103,42320,Maison,82.0,183000.0,2231.71,2024-11-07
Saint-Étienne,42218,42000,Appartement,60.0,45000.0,750.0,2024-10-22
Saint-Étienne,42218,42000,Appartement,29.0,45000.0,1551.72,2024-10-22
Saint-Étienne,42218,42100,Appartement,70.0,31950.0,456.43,2024-10-15
Saint-Étienne,42218,42100,Maison,150.0,292800.0,1952.0,2024-10-17
Saint-Étienne,42218,42100,Maison,150.0,292800.0,1952.0,2024-10-17
La Talaudière,42305,42350,Appartement,70.0,262000.0,3742.86,2024-10-14
Saint-Paul-en-Jarez,42271,42740,Appartement,66.0,50000.0,757.58,2024-10-28
Montbrison,42147,42600,Appartement,94.0,385000.0,4095.74,2024-10-23
Saint-Just-Saint-Rambert,42279,42170,Appartement,53.0,291000.0,5490.57,2024-11-12
Saint-Just-Saint-Rambert,42279,42170,Appartement,111.0,291000.0,2621.62,2024-11-12
Montbrison,42147,42600,Appartement,101.0,433000.0,4287.13,2024-10-23
Saint-Étienne,42218,42230,Maison,67.0,194300.0,2900.0,2024-11-07
Aboën,42001,42380,Maison,78.0,206900.0,2652.56,2024-11-14
Saint-Étienne,42218,42100,Appartement,96.0,129000.0,1343.75,2024-11-07
Saint-Bonnet-le-Château,42204,42380,Maison,66.0,58000.0,878.79,2024-11-13
Nervieux,42155,42510,Maison,123.0,223000.0,1813.01,2024-11-08
Nervieux,42155,42510,Maison,123.0,223000.0,1813.01,2024-11-08
Saint-Étienne,42218,42100,Appartement,62.0,77000.0,1241.94,2024-11-12
Saint-Médard-en-Forez,42264,42330,Maison,55.0,100000.0,1818.18,2024-10-22
Saint-Étienne,42218,42000,Appartement,49.0,58500.0,1193.88,2024-10-30
Andrézieux-Bouthéon,42005,42160,Maison,94.0,180000.0,1914.89,2024-10-29
Saint-Étienne,42218,42100,Appartement,110.0,140000.0,1272.73,2024-11-04
Saint-Étienne,42218,42100,Appartement,57.0,60000.0,1052.63,2024-11-07
Firminy,42095,42700,Appartement,49.0,163000.0,3326.53,2024-11-12
Firminy,42095,42700,Appartement,47.0,163000.0,3468.09,2024-11-12
Saint-Étienne,42218,42000,Appartement,118.0,153000.0,1296.61,2024-11-06
Chambéon,42041,42110,Maison,59.0,140000.0,2372.88,2024-10-31
Feurs,42094,42110,Maison,90.0,75000.0,833.33,2024-11-06
Saint-Chamond,42207,42400,Appartement,90.0,100000.0,1111.11,2024-11-05
L'Horme,42110,42152,Appartement,67.0,160380.0,2393.73,2024-11-08
La Ricamarie,42183,42150,Maison,80.0,194000.0,2425.0,2024-11-15
Feurs,42094,42110,Appartement,78.0,75000.0,961.54,2024-11-06
Feurs,42094,42110,Appartement,36.0,75000.0,2083.33,2024-11-06
Feurs,42094,42110,Appartement,59.0,75000.0,1271.19,2024-11-06
Saint-Bonnet-le-Château,42204,42380,Maison,87.0,146000.0,1678.16,2024-11-13
Sorbiers,42302,42290,Maison,98.0,273000.0,2785.71,2024-10-18
Saint-Chamond,42207,42400,Appartement,97.0,65000.0,670.1,2024-10-17
Saint-Étienne,42218,42000,Appartement,38.0,38500.0,1013.16,2024-11-14
La Grand-Croix,42103,42320,Appartement,93.0,176750.0,1900.54,2024-10-30
Saint-Étienne,42218,42100,Appartement,62.0,54500.0,879.03,2024-10-24
Saint-Martin-la-Plaine,42259,42800,Maison,88.0,282400.0,3209.09,2024-10-31
Saint-Martin-la-Plaine,42259,42800,Maison,88.0,282400.0,3209.09,2024-10-31
La Talaudière,42305,42350,Appartement,77.0,122000.0,1584.42,2024-11-05
Saint-Étienne,42218,42000,Appartement,55.0,70300.0,1278.18,2024-11-14
Lorette,42123,42420,Maison,82.0,247000.0,3012.2,2024-10-21
Saint-Étienne,42218,42100,Appartement,78.0,93940.0,1204.36,2024-11-05
Saint-Just-Saint-Rambert,42279,42170,Maison,155.0,555000.0,3580.65,2024-11-08
Saint-Just-Saint-Rambert,42279,42170,Maison,155.0,555000.0,3580.65,2024-11-08
Saint-Étienne,42218,42100,Appartement,65.0,55000.0,846.15,2024-11-08
Saint-Étienne,42218,42000,Appartement,152.0,285500.0,1878.29,2024-11-06
Saint-Genest-Lerpt,42223,42530,Appartement,128.0,215000.0,1679.69,2024-10-31
Montbrison,42147,42600,Appartement,18.0,29400.0,1633.33,2024-11-07
Saint-Étienne,42218,42000,Appartement,65.0,136300.0,2096.92,2024-11-12
Saint-Étienne,42218,42000,Appartement,65.0,77000.0,1184.62,2024-10-18
Saint-Étienne,42218,42000,Appartement,65.0,34000.0,523.08,2024-10-23
Saint-Étienne,42218,42000,Appartement,112.0,166250.0,1484.38,2024-11-12
Saint-Étienne,42218,42000,Appartement,51.0,40000.0,784.31,2024-11-06
Aveizieux,42010,42330,Maison,101.0,266800.0,2641.58,2024-11-07
Saint-Étienne,42218,42100,Appartement,46.0,67000.0,1456.52,2024-11-12
Saint-Étienne,42218,42100,Appartement,49.0,45000.0,918.37,2024-10-30
Usson-en-Forez,42318,42550,Maison,80.0,136600.0,1707.5,2024-11-12
La Talaudière,42305,42350,Appartement,21.0,158000.0,7523.81,2024-11-13
La Talaudière,42305,42350,Appartement,70.0,158000.0,2257.14,2024-11-13
Saint-Chamond,42207,42400,Appartement,71.0,115000.0,1619.72,2024-10-30
Rive-de-Gier,42186,42800,Maison,78.0,190000.0,2435.9,2024-11-06
La Talaudière,42305,42350,Maison,86.0,220000.0,2558.14,2024-11-08
Saint-Étienne,42218,42000,Maison,125.0,292500.0,2340.0,2024-10-31
Veauche,42323,42340,Appartement,33.0,56400.0,1709.09,2024-11-13
Veauche,42323,42340,Appartement,33.0,56400.0,1709.09,2024-11-13
Saint-Étienne,42218,42100,Appartement,104.0,194750.0,1872.6,2024-11-12
La Grand-Croix,42103,42320,Maison,112.0,1700000.0,15178.57,2024-10-21
Champdieu,42046,42600,Appartement,75.0,175000.0,2333.33,2024-10-31
Champdieu,42046,42600,Appartement,75.0,175000.0,2333.33,2024-10-31
Feurs,42094,42110,Appartement,40.0,182790.0,4569.75,2024-11-06
Feurs,42094,42110,Appartement,40.0,182790.0,4569.75,2024-11-06
Chazelles-sur-Lyon,42059,42140,Maison,89.0,226500.0,2544.94,2024-10-28
Chazelles-sur-Lyon,42059,42140,Maison,89.0,226500.0,2544.94,2024-10-28
Saint-Étienne,42218,42000,Appartement,43.0,64000.0,1488.37,2024-11-06
Saint-Chamond,42207,42400,Appartement,102.0,130050.0,1275.0,2024-11-14
Chazelles-sur-Lyon,42059,42140,Maison,75.0,248000.0,3306.67,2024-10-28
Bourg-Argental,42023,42220,Maison,57.0,160000.0,2807.02,2024-11-14
Saint-Étienne,42218,42000,Appartement,35.0,53000.0,1514.29,2024-11-07
Saint-Étienne,42218,42000,Appartement,32.0,30578.0,955.56,2024-10-30
Saint-Paul-en-Jarez,42271,42740,Appartement,80.0,195000.0,2437.5,2024-11-08
Saint-Étienne,42218,42000,Appartement,44.0,42830.0,973.41,2024-10-25
Le Chambon-Feugerolles,42044,42500,Appartement,50.0,94970.0,1899.4,2024-11-15
Saint-Étienne,42218,42000,Appartement,77.0,148050.0,1922.73,2024-11-04
Le Chambon-Feugerolles,42044,42500,Maison,102.0,147250.0,1443.63,2024-11-13
La Grand-Croix,42103,42320,Maison,136.0,290000.0,2132.35,2024-11-14
Saint-Étienne,42218,42100,Appartement,70.0,91500.0,1307.14,2024-11-15
Bussy-Albieux,42030,42260,Maison,77.0,169000.0,2194.81,2024-10-31
Saint-Étienne,42218,42000,Appartement,84.0,57000.0,678.57,2024-11-12
Saint-Héand,42234,42570,Maison,144.0,352000.0,2444.44,2024-11-15
Boën-sur-Lignon,42019,42130,Maison,83.0,130000.0,1566.27,2024-10-31
Saint-Étienne,42218,42000,Appartement,38.0,37000.0,973.68,2024-11-15
Saint-Héand,42234,42570,Maison,90.0,176500.0,1961.11,2024-11-05
Saint-Étienne,42218,42100,Appartement,74.0,80000.0,1081.08,2024-11-15
Saint-Romain-le-Puy,42285,42610,Appartement,124.0,300000.0,2419.35,2024-10-28
Roche-la-Molière,42189,42230,Maison,97.0,26760.0,275.88,2024-11-07
Roche-la-Molière,42189,42230,Maison,97.0,26760.0,275.88,2024-11-07
Saint-Étienne,42218,42100,Appartement,37.0,147000.0,3972.97,2024-11-06
Roisey,42191,42520,Maison,156.0,272920.0,1749.49,2024-11-12
L'Étrat,42092,42580,Appartement,63.0,215000.0,3412.7,2024-10-28
L'Étrat,42092,42580,Appartement,63.0,215000.0,3412.7,2024-10-28
Saint-Just-Saint-Rambert,42279,42170,Maison,89.0,240000.0,2696.63,2024-11-06
Saint-Just-Saint-Rambert,42279,42170,Maison,89.0,240000.0,2696.63,2024-11-06
Marlhes,42139,42660,Maison,86.0,187000.0,2174.42,2024-10-31
Saint-Étienne,42218,42100,Appartement,36.0,58500.0,1625.0,2024-11-13
Boën-sur-Lignon,42019,42130,Appartement,65.0,50000.0,769.23,2024-11-07
Boën-sur-Lignon,42019,42130,Appartement,55.0,50000.0,909.09,2024-11-07
Boën-sur-Lignon,42019,42130,Appartement,60.0,50000.0,833.33,2024-11-07
Boën-sur-Lignon,42019,42130,Appartement,25.0,50000.0,2000.0,2024-11-07
Pélussin,42168,42410,Maison,110.0,305000.0,2772.73,2024-11-15
Montbrison,42147,42600,Maison,111.0,227000.0,2045.05,2024-11-14
Sury-le-Comtal,42304,42450,Maison,95.0,240000.0,2526.32,2024-11-14
Montbrison,42147,42600,Maison,101.0,344000.0,3405.94,2024-10-24
Saint-Étienne,42218,42100,Appartement,59.0,48000.0,813.56,2024-11-19
Saint-Priest-en-Jarez,42275,42270,Maison,74.0,240000.0,3243.24,2024-11-05
Andrézieux-Bouthéon,42005,42160,Appartement,32.0,185000.0,5781.25,2024-11-13
Andrézieux-Bouthéon,42005,42160,Appartement,60.0,185000.0,3083.33,2024-11-13
Saint-Romain-le-Puy,42285,42610,Maison,104.0,177520.0,1706.92,2024-10-25
Saint-Étienne,42218,42000,Appartement,70.0,260000.0,3714.29,2024-10-31
Saint-Étienne,42218,42000,Appartement,45.0,260000.0,5777.78,2024-10-31
Saint-Étienne,42218,42000,Appartement,120.0,260000.0,2166.67,2024-10-31
Andrézieux-Bouthéon,42005,42160,Maison,81.0,180000.0,2222.22,2024-11-14
Écotay-l'Olme,42087,42600,Maison,140.0,412230.0,2944.5,2024-10-31
Écotay-l'Olme,42087,42600,Maison,140.0,412230.0,2944.5,2024-10-31
Écotay-l'Olme,42087,42600,Maison,140.0,412230.0,2944.5,2024-10-31
Savigneux,42299,42600,Maison,68.0,180500.0,2654.41,2024-10-31
Saint-Étienne,42218,42000,Appartement,120.0,290000.0,2416.67,2024-10-31
La Fouillouse,42097,42480,Appartement,75.0,150000.0,2000.0,2024-11-07
Saint-Étienne,42218,42000,Appartement,60.0,30000.0,500.0,2024-11-08
Saint-Just-Saint-Rambert,42279,42170,Maison,93.0,303700.0,3265.59,2024-11-08
Saint-Just-Saint-Rambert,42279,42170,Maison,93.0,303700.0,3265.59,2024-11-08
Villars,42330,42390,Appartement,77.0,197100.0,2559.74,2024-10-25
Saint-André-le-Puy,42200,42210,Maison,75.0,75000.0,1000.0,2024-11-14
Saint-Étienne,42218,42000,Appartement,105.0,125000.0,1190.48,2024-11-07
Andrézieux-Bouthéon,42005,42160,Appartement,73.0,98000.0,1342.47,2024-11-06
Villars,42330,42390,Appartement,59.0,80600.0,1366.1,2024-10-30
Vêtre-sur-Anzon,42245,42440,Maison,114.0,125000.0,1096.49,2024-11-12
Veauche,42323,42340,Maison,92.0,166985.0,1815.05,2024-11-15
Saint-Chamond,42207,42400,Appartement,88.0,205000.0,2329.55,2024-11-05
Saint-Chamond,42207,42400,Appartement,140.0,205000.0,1464.29,2024-11-05
Saint-Just-Saint-Rambert,42279,42170,Appartement,77.0,158004.0,2052.0,2024-11-15
Saint-Bonnet-les-Oules,42206,42330,Maison,75.0,270000.0,3600.0,2024-10-24
La Ricamarie,42183,42150,Appartement,49.0,120064.0,2450.29,2024-11-08
La Ricamarie,42183,42150,Appartement,49.0,120064.0,2450.29,2024-11-08
La Ricamarie,42183,42150,Appartement,45.0,120064.0,2668.09,2024-11-08
La Ricamarie,42183,42150,Appartement,80.0,120064.0,1500.8,2024-11-08
Villars,42330,42390,Appartement,64.0,100000.0,1562.5,2024-11-08
Saint-Cyprien,42211,42160,Maison,63.0,270500.0,4293.65,2024-10-21
Saint-Cyprien,42211,42160,Maison,63.0,270500.0,4293.65,2024-10-21
Sainte-Croix-en-Jarez,42210,42800,Maison,74.0,240000.0,3243.24,2024-10-30
Sainte-Croix-en-Jarez,42210,42800,Maison,74.0,240000.0,3243.24,2024-10-30
Saint-Étienne,42218,42000,Appartement,89.0,96000.0,1078.65,2024-11-14
Chavanay,42056,42410,Maison,105.0,297205.0,2830.52,2024-10-23
Saint-Étienne,42218,42100,Appartement,53.0,66000.0,1245.28,2024-11-12
Saint-Sauveur-en-Rue,42287,42220,Maison,120.0,175000.0,1458.33,2024-11-19
Saint-Étienne,42218,42000,Appartement,58.0,66500.0,1146.55,2024-11-07
Chalmazel-Jeansagnière,42039,42920,Maison,206.0,35000.0,169.9,2024-11-19
Saint-Étienne,42218,42100,Appartement,115.0,148000.0,1286.96,2024-11-15
Saint-Étienne,42218,42000,Appartement,66.0,81000.0,1227.27,2024-11-04
Firminy,42095,42700,Appartement,55.0,35000.0,636.36,2024-11-12
Saint-Jean-Bonnefonds,42237,42650,Maison,109.0,234096.0,2147.67,2024-11-15
Saint-Jean-Bonnefonds,42237,42650,Maison,109.0,234096.0,2147.67,2024-11-15
Saint-Étienne,42218,42100,Appartement,93.0,90000.0,967.74,2024-11-13
Saint-Étienne,42218,42000,Appartement,67.0,96000.0,1432.84,2024-11-14
Saint-Étienne,42218,42000,Appartement,51.0,55000.0,1078.43,2024-11-07
Saint-Étienne,42218,42000,Appartement,66.0,55000.0,833.33,2024-11-13
Saint-Étienne,42218,42100,Appartement,71.0,87500.0,1232.39,2024-11-18
Saint-Étienne,42218,42100,Maison,107.0,136350.0,1274.3,2024-10-25
Saint-Chamond,42207,42400,Maison,92.0,190000.0,2065.22,2024-11-07
Saint-Étienne,42218,42100,Appartement,54.0,43000.0,796.3,2024-11-06
Saint-Étienne,42218,42100,Appartement,56.0,43000.0,767.86,2024-11-06
Luriecq,42126,42380,Maison,117.0,243000.0,2076.92,2024-10-21
Veauche,42323,42340,Maison,84.0,195610.0,2328.69,2024-11-15
Veauche,42323,42340,Maison,84.0,195610.0,2328.69,2024-11-15
Saint-Étienne,42218,42000,Appartement,18.0,32000.0,1777.78,2024-11-14
Épercieux-Saint-Paul,42088,42110,Maison,120.0,193750.0,1614.58,2024-11-04
Épercieux-Saint-Paul,42088,42110,Maison,120.0,193750.0,1614.58,2024-11-04
Saint-Étienne,42218,42000,Appartement,71.0,63000.0,887.32,2024-11-14
Unieux,42316,42240,Maison,91.0,157000.0,1725.27,2024-11-15
Unieux,42316,42240,Maison,91.0,157000.0,1725.27,2024-11-15
Saint-Étienne,42218,42100,Appartement,57.0,45000.0,789.47,2024-11-15
Saint-Étienne,42218,42100,Appartement,50.0,58000.0,1160.0,2024-11-04
Firminy,42095,42700,Appartement,73.0,27000.0,369.86,2024-11-20
Panissières,42165,42360,Maison,90.0,175000.0,1944.44,2024-10-31
Panissières,42165,42360,Maison,118.0,175000.0,1483.05,2024-10-31
Saint-Étienne,42218,42000,Appartement,82.0,265000.0,3231.71,2024-11-14
Saint-Étienne,42218,42000,Appartement,101.0,265000.0,2623.76,2024-11-14
Roche-la-Molière,42189,42230,Appartement,79.0,106000.0,1341.77,2024-11-20
Andrézieux-Bouthéon,42005,42160,Appartement,75.0,85000.0,1133.33,2024-10-25
Saint-Chamond,42207,42400,Maison,83.0,204000.0,2457.83,2024-10-11
Montbrison,42147,42600,Appartement,70.0,150000.0,2142.86,2024-10-25
Saint-Bonnet-le-Château,42204,42380,Maison,59.0,68000.0,1152.54,2024-11-08
Sorbiers,42302,42290,Maison,136.0,389600.0,2864.71,2024-10-30
Roche-la-Molière,42189,42230,Maison,64.0,107500.0,1679.69,2024-11-12
Roche-la-Molière,42189,42230,Maison,64.0,107500.0,1679.69,2024-11-12
Feurs,42094,42110,Appartement,72.0,143250.0,1989.58,2024-11-04
Saint-Étienne,42218,42000,Appartement,101.0,89000.0,881.19,2024-11-14
Le Chambon-Feugerolles,42044,42500,Maison,83.0,175000.0,2108.43,2024-11-15
Montbrison,42147,42600,Appartement,63.0,130000.0,2063.49,2024-11-04
Saint-Priest-en-Jarez,42275,42270,Appartement,88.0,175000.0,1988.64,2024-10-28
Andrézieux-Bouthéon,42005,42160,Appartement,81.0,60000.0,740.74,2024-10-24
Saint-Étienne,42218,42100,Appartement,102.0,138000.0,1352.94,2024-11-14
La Talaudière,42305,42350,Appartement,52.0,194000.0,3730.77,2024-10-25
Saint-Étienne,42218,42230,Maison,87.0,192000.0,2206.9,2024-11-20
Feurs,42094,42110,Appartement,68.0,79000.0,1161.76,2024-11-07
Firminy,42095,42700,Appartement,60.0,47800.0,796.67,2024-11-13
Saint-Étienne,42218,42100,Appartement,37.0,78350.0,2117.57,2024-11-13
Saint-Étienne,42218,42100,Maison,100.0,229700.0,2297.0,2024-11-19
Andrézieux-Bouthéon,42005,42160,Maison,112.0,380000.0,3392.86,2024-10-31
Chavanay,42056,42410,Maison,120.0,440800.0,3673.33,2024-11-18
Saint-Michel-sur-Rhône,42265,42410,Maison,64.0,100000.0,1562.5,2024-11-19
La Talaudière,42305,42350,Maison,88.0,239450.0,2721.02,2024-11-18
Veauchette,42324,42340,Maison,140.0,230000.0,1642.86,2024-11-13
Feurs,42094,42110,Maison,38.0,67000.0,1763.16,2024-11-05
Sorbiers,42302,42290,Maison,100.0,268080.0,2680.8,2024-11-20
Sorbiers,42302,42290,Maison,99.0,304025.0,3070.96,2024-11-20
Saint-Étienne,42218,42100,Appartement,64.0,53000.0,828.12,2024-11-22
Sury-le-Comtal,42304,42450,Maison,54.0,211000.0,3907.41,2024-11-08
Saint-Étienne,42218,42100,Appartement,32.0,43000.0,1343.75,2024-11-06
Cuzieu,42081,42330,Appartement,68.0,114250.0,1680.15,2024-11-18
Saint-Étienne,42218,42100,Appartement,71.0,60000.0,845.07,2024-11-14
Sorbiers,42302,42290,Appartement,80.0,137650.0,1720.62,2024-11-14
L'Horme,42110,42152,Maison,115.0,316000.0,2747.83,2024-10-31
Feurs,42094,42110,Maison,95.0,209800.0,2208.42,2024-10-31
Sury-le-Comtal,42304,42450,Maison,80.0,65000.0,812.5,2024-11-14
Bonson,42022,42160,Maison,188.0,267000.0,1420.21,2024-10-29
Saint-Étienne,42218,42000,Appartement,33.0,673500.0,20409.09,2024-11-19
Saint-Étienne,42218,42000,Appartement,54.0,673500.0,12472.22,2024-11-19
Saint-Étienne,42218,42000,Appartement,48.0,673500.0,14031.25,2024-11-19
Saint-Étienne,42218,42000,Appartement,38.0,673500.0,17723.68,2024-11-19
Saint-Étienne,42218,42000,Appartement,46.0,673500.0,14641.3,2024-11-19
Saint-Étienne,42218,42000,Appartement,45.0,673500.0,14966.67,2024-11-19
Saint-Étienne,42218,42000,Appartement,48.0,673500.0,14031.25,2024-11-19
Saint-Étienne,42218,42000,Appartement,37.0,673500.0,18202.7,2024-11-19
Saint-Étienne,42218,42000,Appartement,46.0,673500.0,14641.3,2024-11-19
Saint-Étienne,42218,42000,Appartement,45.0,673500.0,14966.67,2024-11-19
Saint-Étienne,42218,42000,Appartement,52.0,673500.0,12951.92,2024-11-19
Saint-Étienne,42218,42000,Appartement,72.0,673500.0,9354.17,2024-11-19
Saint-Étienne,42218,42000,Appartement,33.0,673500.0,20409.09,2024-11-19
Saint-Étienne,42218,42000,Appartement,52.0,673500.0,12951.92,2024-11-19
Saint-Étienne,42218,42000,Appartement,105.0,673500.0,6414.29,2024-11-19
Saint-Étienne,42218,42000,Appartement,80.0,73000.0,912.5,2024-11-20
Veauche,42323,42340,Appartement,56.0,171000.0,3053.57,2024-11-13
Pavezin,42167,42410,Maison,78.0,226500.0,2903.85,2024-11-15
Pavezin,42167,42410,Maison,78.0,226500.0,2903.85,2024-11-15
Saint-Étienne,42218,42100,Appartement,131.0,380000.0,2900.76,2024-11-14
Saint-Étienne,42218,42100,Appartement,143.0,380000.0,2657.34,2024-11-14
Savigneux,42299,42600,Appartement,60.0,136900.0,2281.67,2024-11-04
Saint-Étienne,42218,42100,Appartement,42.0,81300.0,1935.71,2024-11-20
Saint-Étienne,42218,42100,Appartement,122.0,237500.0,1946.72,2024-11-15
Saint-Bonnet-le-Courreau,42205,42940,Maison,85.0,36000.0,423.53,2024-11-25
Boën-sur-Lignon,42019,42130,Maison,133.0,289000.0,2172.93,2024-11-13
Saint-Étienne,42218,42100,Appartement,45.0,35000.0,777.78,2024-11-18
Saint-Étienne,42218,42100,Appartement,52.0,63000.0,1211.54,2024-11-20
La Fouillouse,42097,42480,Maison,124.0,263900.0,2128.23,2024-11-22
Boën-sur-Lignon,42019,42130,Maison,96.0,154000.0,1604.17,2024-11-07
Saint-Étienne,42218,42000,Maison,145.0,169000.0,1165.52,2024-11-14
Saint-Étienne,42218,42000,Appartement,86.0,74100.0,861.63,2024-11-12
Le Chambon-Feugerolles,42044,42500,Appartement,101.0,85000.0,841.58,2024-11-20
Périgneux,42169,42380,Maison,150.0,250000.0,1666.67,2024-11-25
Périgneux,42169,42380,Maison,150.0,250000.0,1666.67,2024-11-25
Saint-Étienne,42218,42100,Appartement,83.0,100000.0,1204.82,2024-11-15
Saint-Étienne,42218,42100,Appartement,65.0,33000.0,507.69,2024-11-18
Saint-Martin-la-Plaine,42259,42800,Maison,87.0,285000.0,3275.86,2024-11-12
Saint-Martin-la-Plaine,42259,42800,Maison,87.0,285000.0,3275.86,2024-11-12
Saint-Étienne,42218,42100,Appartement,84.0,99000.0,1178.57,2024-10-14
Saint-Étienne,42218,42100,Appartement,93.0,41100.0,441.94,2024-11-25
La Ricamarie,42183,42150,Maison,76.0,80000.0,1052.63,2024-11-13
Saint-Étienne,42218,42100,Appartement,76.0,98000.0,1289.47,2024-11-25
Saint-Étienne,42218,42230,Appartement,83.0,176000.0,2120.48,2024-11-18
Firminy,42095,42700,Appartement,78.0,95000.0,1217.95,2024-11-25
Cuzieu,42081,42330,Maison,135.0,171000.0,1266.67,2024-11-14
Saint-Just-Saint-Rambert,42279,42170,Maison,165.0,325000.0,1969.7,2024-11-22
Andrézieux-Bouthéon,42005,42160,Appartement,56.0,68000.0,1214.29,2024-11-13
Saint-Étienne,42218,42100,Appartement,52.0,43000.0,826.92,2024-11-19
Saint-Just-Saint-Rambert,42279,42170,Maison,55.0,130000.0,2363.64,2024-11-22
Bourg-Argental,42023,42220,Appartement,57.0,83000.0,1456.14,2024-11-12
Bourg-Argental,42023,42220,Appartement,58.0,83000.0,1431.03,2024-11-12
Saint-Chamond,42207,42400,Appartement,175.0,200000.0,1142.86,2024-11-13
Saint-Étienne,42218,42100,Appartement,71.0,69350.0,976.76,2024-11-21
Saint-Étienne,42218,42000,Appartement,32.0,33000.0,1031.25,2024-11-19
Savigneux,42299,42600,Maison,164.0,516000.0,3146.34,2024-11-18
Savigneux,42299,42600,Maison,164.0,516000.0,3146.34,2024-11-18
Savigneux,42299,42600,Maison,164.0,516000.0,3146.34,2024-11-18
Saint-Étienne,42218,42000,Maison,65.0,25000.0,384.62,2024-10-31
Saint-Étienne,42218,42100,Appartement,33.0,80000.0,2424.24,2024-11-22
Saint-Étienne,42218,42100,Appartement,35.0,80000.0,2285.71,2024-11-22
Rive-de-Gier,42186,42800,Appartement,40.0,125000.0,3125.0,2024-11-22
Rive-de-Gier,42186,42800,Appartement,37.0,125000.0,3378.38,2024-11-22
Rive-de-Gier,42186,42800,Appartement,37.0,125000.0,3378.38,2024-11-22
Rive-de-Gier,42186,42800,Appartement,40.0,125000.0,3125.0,2024-11-22
Sury-le-Comtal,42304,42450,Maison,89.0,200000.0,2247.19,2024-11-19
Saint-Marcellin-en-Forez,42256,42680,Maison,126.0,393500.0,3123.02,2024-11-20
Saint-Marcellin-en-Forez,42256,42680,Maison,126.0,393500.0,3123.02,2024-11-20
Saint-Étienne,42218,42000,Appartement,21.0,28000.0,1333.33,2024-11-15
Saint-Étienne,42218,42000,Appartement,53.0,75000.0,1415.09,2024-11-26
Saint-Étienne,42218,42230,Appartement,85.0,500000.0,5882.35,2024-11-08
Saint-Étienne,42218,42230,Maison,90.0,500000.0,5555.56,2024-11-08
Cleppé,42066,42110,Maison,81.0,165000.0,2037.04,2024-10-29
Cleppé,42066,42110,Maison,81.0,165000.0,2037.04,2024-10-29
Cleppé,42066,42110,Maison,81.0,165000.0,2037.04,2024-10-29
Cleppé,42066,42110,Maison,81.0,165000.0,2037.04,2024-10-29
Cleppé,42066,42110,Maison,81.0,165000.0,2037.04,2024-10-29
Montbrison,42147,42600,Appartement,67.0,132000.0,1970.15,2024-11-20
Pouilly-lès-Feurs,42175,42110,Maison,57.0,132000.0,2315.79,2024-11-25
Pouilly-lès-Feurs,42175,42110,Maison,40.0,132000.0,3300.0,2024-11-25
L'Horme,42110,42152,Maison,92.0,233700.0,2540.22,2024-11-21
Roche-la-Molière,42189,42230,Maison,89.0,240000.0,2696.63,2024-11-22
Roche-la-Molière,42189,42230,Maison,89.0,240000.0,2696.63,2024-11-22
Saint-Étienne,42218,42000,Appartement,23.0,32000.0,1391.3,2024-11-18
Valfleury,42320,42320,Appartement,65.0,107000.0,1646.15,2024-11-08
Sorbiers,42302,42290,Appartement,74.0,135000.0,1824.32,2024-11-18
Pélussin,42168,42410,Appartement,50.0,140430.0,2808.6,2024-11-06
Roche-la-Molière,42189,42230,Maison,87.0,230000.0,2643.68,2024-11-19
Panissières,42165,42360,Maison,114.0,157000.0,1377.19,2024-11-13
Genilac,42225,42800,Maison,98.0,283100.0,2888.78,2024-11-15
Saint-Étienne,42218,42100,Appartement,68.0,113050.0,1662.5,2024-11-19
Saint-Just-Saint-Rambert,42279,42170,Maison,95.0,328500.0,3457.89,2024-10-30
La Ricamarie,42183,42150,Appartement,64.0,55000.0,859.38,2024-11-13
Feurs,42094,42110,Appartement,83.0,200000.0,2409.64,2024-11-18
Fraisses,42099,42490,Maison,82.0,153000.0,1865.85,2024-11-06
Saint-Galmier,42222,42330,Maison,167.0,560000.0,3353.29,2024-11-28
Saint-Galmier,42222,42330,Maison,167.0,560000.0,3353.29,2024-11-28
Montchal,42148,42360,Maison,48.0,34000.0,708.33,2024-11-22
Saint-Chamond,42207,42400,Appartement,229.0,98000.0,427.95,2024-11-12
Saint-Étienne,42218,42000,Appartement,117.0,45000.0,384.62,2024-11-04
La Grand-Croix,42103,42320,Maison,98.0,267800.0,2732.65,2024-11-15
Saint-Étienne,42218,42000,Appartement,117.0,62000.0,529.91,2024-11-04
Unieux,42316,42240,Appartement,75.0,30000.0,400.0,2024-11-20
Villars,42330,42390,Appartement,45.0,54000.0,1200.0,2024-11-22
Saint-Cyr-les-Vignes,42214,42210,Maison,80.0,140000.0,1750.0,2024-11-08
Saint-Étienne,42218,42100,Appartement,58.0,85300.0,1470.69,2024-11-27
Firminy,42095,42700,Appartement,53.0,180000.0,3396.23,2024-11-20
Firminy,42095,42700,Appartement,60.0,180000.0,3000.0,2024-11-20
Firminy,42095,42700,Appartement,62.0,180000.0,2903.23,2024-11-20
Saint-Étienne,42218,42100,Appartement,50.0,36000.0,720.0,2024-11-20
Planfoy,42172,42660,Appartement,89.0,176000.0,1977.53,2024-11-26
Montbrison,42147,42600,Maison,99.0,233000.0,2353.54,2024-11-14
Saint-Étienne,42218,42100,Appartement,24.0,48000.0,2000.0,2024-11-25
Saint-Étienne,42218,42100,Maison,115.0,245000.0,2130.43,2024-11-25
Saint-Étienne,42218,42100,Appartement,50.0,61700.0,1234.0,2024-11-25
Boisset-lès-Montrond,42020,42210,Maison,225.0,325000.0,1444.44,2024-11-26
Boisset-lès-Montrond,42020,42210,Maison,225.0,325000.0,1444.44,2024-11-26
Bard,42012,42600,Maison,53.0,140000.0,2641.51,2024-11-22
Saint-Paul-en-Jarez,42271,42740,Appartement,83.0,170600.0,2055.42,2024-11-19
Saint-Étienne,42218,42100,Maison,56.0,110000.0,1964.29,2024-11-28
Saint-Étienne,42218,42000,Appartement,85.0,160000.0,1882.35,2024-11-15
Saint-Étienne,42218,42100,Appartement,77.0,130000.0,1688.31,2024-11-08
La Versanne,42329,42220,Maison,98.0,160000.0,1632.65,2024-11-25
Saint-Marcellin-en-Forez,42256,42680,Appartement,63.0,60000.0,952.38,2024-11-14
Andrézieux-Bouthéon,42005,42160,Maison,103.0,160000.0,1553.4,2024-11-29
Montbrison,42147,42600,Appartement,62.0,125000.0,2016.13,2024-11-04
Chalain-le-Comtal,42038,42600,Maison,180.0,212000.0,1177.78,2024-11-20
Saint-Étienne,42218,42000,Appartement,18.0,30000.0,1666.67,2024-11-21
Estivareilles,42091,42380,Maison,90.0,190000.0,2111.11,2024-11-26
Estivareilles,42091,42380,Maison,60.0,190000.0,3166.67,2024-11-26
Chazelles-sur-Lyon,42059,42140,Maison,102.0,283350.0,2777.94,2024-11-07
Chazelles-sur-Lyon,42059,42140,Maison,102.0,283350.0,2777.94,2024-11-07
Saint-Étienne,42218,42100,Appartement,77.0,96250.0,1250.0,2024-11-25
Montbrison,42147,42600,Appartement,65.0,155000.0,2384.62,2024-11-27
Unieux,42316,42240,Maison,70.0,92000.0,1314.29,2024-11-12
Saint-Étienne,42218,42100,Appartement,40.0,52000.0,1300.0,2024-11-25
La Ricamarie,42183,42150,Appartement,69.0,43500.0,630.43,2024-11-22
Saint-Étienne,42218,42000,Appartement,44.0,150000.0,3409.09,2024-11-22
Saint-Étienne,42218,42000,Appartement,44.0,150000.0,3409.09,2024-11-22
Saint-Étienne,42218,42000,Maison,46.0,150000.0,3260.87,2024-11-22
Saint-Étienne,42218,42000,Appartement,59.0,150000.0,2542.37,2024-11-22
Unieux,42316,42240,Appartement,38.0,92000.0,2421.05,2024-11-25
Unieux,42316,42240,Appartement,57.0,92000.0,1614.04,2024-11-25
Unieux,42316,42240,Appartement,61.0,92000.0,1508.2,2024-11-25
Unieux,42316,42240,Appartement,62.0,92000.0,1483.87,2024-11-25
Saint-Chamond,42207,42400,Maison,205.0,407000.0,1985.37,2024-11-04
Saint-Chamond,42207,42400,Maison,205.0,407000.0,1985.37,2024-11-04
La Talaudière,42305,42350,Maison,85.0,275000.0,3235.29,2024-11-22
Saint-Étienne,42218,42000,Appartement,58.0,89000.0,1534.48,2024-11-25
Villars,42330,42390,Maison,87.0,294000.0,3379.31,2024-11-26
Saint-Romain-le-Puy,42285,42610,Maison,69.0,165000.0,2391.3,2024-11-25
Sail-sous-Couzan,42195,42890,Maison,92.0,200000.0,2173.91,2024-11-26
Sail-sous-Couzan,42195,42890,Maison,92.0,200000.0,2173.91,2024-11-26
Sail-sous-Couzan,42195,42890,Maison,92.0,200000.0,2173.91,2024-11-26
Saint-Étienne,42218,42100,Appartement,37.0,50000.0,1351.35,2024-11-28
Genilac,42225,42800,Appartement,90.0,350000.0,3888.89,2024-11-26
Genilac,42225,42800,Appartement,65.0,350000.0,5384.62,2024-11-26
Genilac,42225,42800,Appartement,90.0,350000.0,3888.89,2024-11-26
Genilac,42225,42800,Appartement,65.0,350000.0,5384.62,2024-11-26
Genilac,42225,42800,Appartement,90.0,350000.0,3888.89,2024-11-26
Genilac,42225,42800,Appartement,65.0,350000.0,5384.62,2024-11-26
Saint-Jean-Bonnefonds,42237,42650,Maison,94.0,142191.0,1512.67,2024-11-25
Montrond-les-Bains,42149,42210,Maison,90.0,168000.0,1866.67,2024-11-28
Saint-Étienne,42218,42000,Appartement,56.0,100000.0,1785.71,2024-11-26
Saint-Étienne,42218,42000,Appartement,67.0,100000.0,1492.54,2024-11-26
Saint-Paul-en-Cornillon,42270,42240,Appartement,70.0,50000.0,714.29,2024-11-12
Feurs,42094,42110,Appartement,67.0,108000.0,1611.94,2024-11-18
Sail-sous-Couzan,42195,42890,Maison,74.0,94571.2,1277.99,2024-11-19
Sail-sous-Couzan,42195,42890,Maison,74.0,94571.2,1277.99,2024-11-19
Saint-Chamond,42207,42400,Appartement,103.0,147325.0,1430.34,2024-11-26
Saint-Christo-en-Jarez,42208,42320,Maison,136.0,302300.0,2222.79,2024-11-27
La Chapelle-en-Lafaye,42050,42380,Maison,175.0,273650.0,1563.71,2024-11-29
Rive-de-Gier,42186,42800,Appartement,55.0,110200.0,2003.64,2024-11-28
Champdieu,42046,42600,Appartement,55.0,95000.0,1727.27,2024-11-28
Champdieu,42046,42600,Appartement,50.0,95000.0,1900.0,2024-11-28
Saint-Chamond,42207,42400,Maison,96.0,117000.0,1218.75,2024-11-28
La Grand-Croix,42103,42320,Maison,137.0,375000.0,2737.23,2024-11-21
La Grand-Croix,42103,42320,Maison,137.0,375000.0,2737.23,2024-11-21
Saint-Chamond,42207,42400,Appartement,105.0,150000.0,1428.57,2024-11-26
Sainte-Foy-Saint-Sulpice,42221,42110,Maison,102.0,250000.0,2450.98,2024-11-19
Salvizinet,42297,42110,Maison,91.0,190000.0,2087.91,2024-11-20
Salvizinet,42297,42110,Maison,91.0,190000.0,2087.91,2024-11-20
Montrond-les-Bains,42149,42210,Appartement,86.0,206500.0,2401.16,2024-11-22
Saint-Chamond,42207,42400,Appartement,72.0,80000.0,1111.11,2024-11-26
Saint-Galmier,42222,42330,Maison,190.0,526800.0,2772.63,2024-11-29
Saint-Étienne,42218,42100,Appartement,55.0,63000.0,1145.45,2024-11-26
Sainte-Agathe-la-Bouteresse,42197,42130,Maison,84.0,192900.0,2296.43,2024-11-20
Saint-Étienne,42218,42100,Appartement,18.0,37000.0,2055.56,2024-11-15
Saint-Romain-le-Puy,42285,42610,Appartement,63.0,163000.0,2587.3,2024-11-14
Saint-Just-en-Bas,42247,42990,Maison,70.0,75000.0,1071.43,2024-11-13
Sorbiers,42302,42290,Appartement,25.0,133000.0,5320.0,2024-11-21
Sorbiers,42302,42290,Appartement,92.0,133000.0,1445.65,2024-11-21
Sorbiers,42302,42290,Appartement,102.0,133000.0,1303.92,2024-11-21
Sorbiers,42302,42290,Appartement,34.0,133000.0,3911.76,2024-11-21
Saint-Étienne,42218,42000,Appartement,75.0,92930.0,1239.07,2024-11-22
Lézigneux,42122,42600,Maison,280.0,821750.0,2934.82,2024-11-19
Lézigneux,42122,42600,Maison,280.0,821750.0,2934.82,2024-11-19
Saint-Étienne,42218,42000,Appartement,62.0,89000.0,1435.48,2024-11-04
Chambéon,42041,42110,Maison,90.0,235000.0,2611.11,2024-11-08
Saint-Étienne,42218,42000,Appartement,17.0,20000.0,1176.47,2024-11-20
Villars,42330,42390,Appartement,66.0,66000.0,1000.0,2024-11-22
Villars,42330,42390,Appartement,39.0,65500.0,1679.49,2024-11-27
Saint-Étienne,42218,42100,Appartement,39.0,42750.0,1096.15,2024-11-29
L'Horme,42110,42152,Appartement,105.0,175000.0,1666.67,2024-11-22
Saint-Étienne,42218,42100,Appartement,81.0,110000.0,1358.02,2024-11-22
Saint-Chamond,42207,42400,Maison,125.0,456000.0,3648.0,2024-11-27
Roche-la-Molière,42189,42230,Maison,93.0,398000.0,4279.57,2024-11-25
Roche-la-Molière,42189,42230,Maison,93.0,398000.0,4279.57,2024-11-25
Saint-Chamond,42207,42400,Appartement,80.0,130000.0,1625.0,2024-11-26
Bonson,42022,42160,Maison,50.0,120000.0,2400.0,2024-11-29
Luriecq,42126,42380,Maison,151.0,200000.0,1324.5,2024-11-29
Unieux,42316,42240,Maison,45.0,156000.0,3466.67,2024-11-27
Chavanay,42056,42410,Maison,99.0,150000.0,1515.15,2024-12-03
L'Horme,42110,42152,Maison,150.0,245200.0,1634.67,2024-11-12
Saint-Étienne,42218,42100,Appartement,25.0,31550.0,1262.0,2024-11-28
Saint-Chamond,42207,42400,Appartement,101.0,180500.0,1787.13,2024-11-14
Saint-Étienne,42218,42000,Appartement,210.0,130000.0,619.05,2024-11-19
Bard,42012,42600,Maison,150.0,331000.0,2206.67,2024-12-03
Bard,42012,42600,Maison,150.0,331000.0,2206.67,2024-12-03
Saint-Étienne,42218,42000,Appartement,60.0,320000.0,5333.33,2024-11-27
Saint-Étienne,42218,42000,Appartement,60.0,320000.0,5333.33,2024-11-27
Saint-Étienne,42218,42000,Appartement,60.0,320000.0,5333.33,2024-11-27
La Fouillouse,42097,42480,Maison,175.0,629950.0,3599.71,2024-11-27
La Fouillouse,42097,42480,Maison,175.0,629950.0,3599.71,2024-11-27
Saint-Étienne,42218,42000,Appartement,28.0,157000.0,5607.14,2024-11-27
Saint-Étienne,42218,42000,Appartement,35.0,157000.0,4485.71,2024-11-27
Saint-Étienne,42218,42000,Appartement,28.0,157000.0,5607.14,2024-11-27
Saint-Étienne,42218,42000,Appartement,22.0,157000.0,7136.36,2024-11-27
Saint-Étienne,42218,42000,Appartement,22.0,157000.0,7136.36,2024-11-27
Sury-le-Comtal,42304,42450,Maison,120.0,310000.0,2583.33,2024-12-02
La Chamba,42040,42440,Maison,120.0,153000.0,1275.0,2024-11-28
Saint-Étienne,42218,42100,Maison,134.0,220000.0,1641.79,2024-11-29
Saint-Étienne,42218,42000,Appartement,35.0,15000.0,428.57,2024-11-13
Saint-Étienne,42218,42000,Appartement,241.0,110000.0,456.43,2024-11-26
Saint-Étienne,42218,42000,Appartement,42.0,110000.0,2619.05,2024-11-26
Sury-le-Comtal,42304,42450,Maison,88.0,248750.0,2826.7,2024-12-02
Villars,42330,42390,Maison,150.0,336050.0,2240.33,2024-11-28
Saint-Paul-en-Jarez,42271,42740,Appartement,90.0,85000.0,944.44,2024-11-06
Saint-Étienne,42218,42000,Appartement,150.0,295000.0,1966.67,2024-11-28
Bessey,42018,42520,Maison,76.0,138000.0,1815.79,2024-11-28
Saint-Étienne,42218,42000,Appartement,70.0,125000.0,1785.71,2024-11-20
Saint-Étienne,42218,42000,Appartement,66.0,77000.0,1166.67,2024-11-26
Saint-Étienne,42218,42100,Appartement,41.0,52000.0,1268.29,2024-11-29
Saint-Médard-en-Forez,42264,42330,Maison,92.0,225000.0,2445.65,2024-11-27
Unieux,42316,42240,Maison,74.0,252100.0,3406.76,2024-11-25
Saint-Étienne,42218,42000,Appartement,34.0,42850.0,1260.29,2024-12-02
Saint-Étienne,42218,42100,Appartement,96.0,80000.0,833.33,2024-11-07
Montbrison,42147,42600,Maison,105.0,234000.0,2228.57,2024-11-25
Saint-Héand,42234,42570,Maison,97.0,267000.0,2752.58,2024-11-29
Saint-Étienne,42218,42000,Appartement,37.0,29550.0,798.65,2024-11-25
Saint-Just-Saint-Rambert,42279,42170,Appartement,100.0,250050.0,2500.5,2024-12-05
Saint-Laurent-la-Conche,42251,42210,Maison,140.0,310100.0,2215.0,2024-11-18
Saint-Galmier,42222,42330,Appartement,73.0,152672.0,2091.4,2024-11-29
Saint-Marcellin-en-Forez,42256,42680,Appartement,56.0,135700.0,2423.21,2024-11-27
Saint-Étienne,42218,42100,Appartement,45.0,55400.0,1231.11,2024-11-26
Saint-Étienne,42218,42100,Maison,155.0,260000.0,1677.42,2024-11-06
Saint-Bonnet-le-Courreau,42205,42940,Maison,159.0,128000.0,805.03,2024-12-02
Saint-Jean-Soleymieux,42240,42560,Maison,165.0,209050.0,1266.97,2024-12-03
Chambœuf,42043,42330,Maison,96.0,285400.0,2972.92,2024-11-08
Chambœuf,42043,42330,Maison,96.0,285400.0,2972.92,2024-11-08
Feurs,42094,42110,Maison,100.0,169000.0,1690.0,2024-11-15
Saint-Étienne,42218,42000,Appartement,84.0,76000.0,904.76,2024-11-29
Saint-Étienne,42218,42000,Appartement,49.0,72675.0,1483.16,2024-11-18
Veauche,42323,42340,Maison,137.0,230000.0,1678.83,2024-12-02
Veauche,42323,42340,Maison,137.0,230000.0,1678.83,2024-12-02
Saint-Étienne,42218,42000,Appartement,70.0,280000.0,4000.0,2024-11-15
Saint-Étienne,42218,42000,Appartement,78.0,280000.0,3589.74,2024-11-15
Saint-Étienne,42218,42000,Appartement,68.0,280000.0,4117.65,2024-11-15
Saint-Étienne,42218,42000,Appartement,128.0,280000.0,2187.5,2024-11-15
Saint-Étienne,42218,42000,Appartement,57.0,280000.0,4912.28,2024-11-15
Saint-Étienne,42218,42000,Appartement,50.0,280000.0,5600.0,2024-11-15
Usson-en-Forez,42318,42550,Maison,145.0,310000.0,2137.93,2024-11-12
Usson-en-Forez,42318,42550,Maison,145.0,310000.0,2137.93,2024-11-12
Pélussin,42168,42410,Appartement,40.0,55500.0,1387.5,2024-11-28
Pélussin,42168,42410,Appartement,70.0,55500.0,792.86,2024-11-28
Pélussin,42168,42410,Appartement,40.0,55500.0,1387.5,2024-11-28
Saint-Étienne,42218,42000,Maison,91.0,253250.0,2782.97,2024-11-26
Saint-Étienne,42218,42000,Appartement,69.0,123000.0,1782.61,2024-12-03
Villars,42330,42390,Appartement,98.0,87000.0,887.76,2024-11-26
Saint-Romain-le-Puy,42285,42610,Maison,105.0,245000.0,2333.33,2024-12-03
Saint-Romain-le-Puy,42285,42610,Maison,105.0,245000.0,2333.33,2024-12-03
Saint-Romain-le-Puy,42285,42610,Maison,105.0,245000.0,2333.33,2024-12-03
Saint-Romain-le-Puy,42285,42610,Maison,105.0,245000.0,2333.33,2024-12-03
Saint-Romain-le-Puy,42285,42610,Maison,105.0,245000.0,2333.33,2024-12-03
Saint-Romain-le-Puy,42285,42610,Maison,105.0,245000.0,2333.33,2024-12-03
Saint-Romain-le-Puy,42285,42610,Maison,105.0,245000.0,2333.33,2024-12-03
Montbrison,42147,42600,Maison,107.0,240000.0,2242.99,2024-11-29
Montbrison,42147,42600,Maison,107.0,240000.0,2242.99,2024-11-29
Saint-Étienne,42218,42100,Appartement,49.0,158000.0,3224.49,2024-11-22
Saint-Étienne,42218,42000,Appartement,116.0,750000.0,6465.52,2024-11-29
Saint-Étienne,42218,42000,Appartement,39.0,750000.0,19230.77,2024-11-29
Saint-Étienne,42218,42000,Appartement,83.0,750000.0,9036.14,2024-11-29
Saint-Étienne,42218,42000,Appartement,136.0,750000.0,5514.71,2024-11-29
Saint-Étienne,42218,42000,Appartement,24.0,750000.0,31250.0,2024-11-29
Saint-Étienne,42218,42000,Appartement,103.0,750000.0,7281.55,2024-11-29
Saint-Étienne,42218,42000,Appartement,116.0,750000.0,6465.52,2024-11-29
Saint-Étienne,42218,42000,Appartement,103.0,750000.0,7281.55,2024-11-29
Saint-Étienne,42218,42000,Appartement,116.0,750000.0,6465.52,2024-11-29
Saint-Étienne,42218,42000,Appartement,103.0,750000.0,7281.55,2024-11-29
Saint-Étienne,42218,42000,Appartement,72.0,750000.0,10416.67,2024-11-29
Saint-Étienne,42218,42000,Appartement,68.0,750000.0,11029.41,2024-11-29
Saint-Just-Saint-Rambert,42279,42170,Maison,128.0,432950.0,3382.42,2024-11-05
Saint-Étienne,42218,42000,Appartement,65.0,27500.0,423.08,2024-04-04
Saint-Étienne,42218,42100,Maison,160.0,295000.0,1843.75,2024-11-28
Saint-Étienne,42218,42000,Appartement,84.0,102000.0,1214.29,2024-11-22
Sury-le-Comtal,42304,42450,Maison,144.0,271500.0,1885.42,2024-11-29
La Fouillouse,42097,42480,Maison,118.0,299000.0,2533.9,2024-11-19
Saint-Étienne,42218,42000,Appartement,66.0,104480.0,1583.03,2024-11-20
Saint-Étienne,42218,42100,Appartement,22.0,32700.0,1486.36,2024-12-02
Saint-Étienne,42218,42100,Appartement,18.0,43000.0,2388.89,2024-12-02
Saint-Sauveur-en-Rue,42287,42220,Appartement,14.0,81000.0,5785.71,2024-12-04
Saint-Sauveur-en-Rue,42287,42220,Appartement,62.0,81000.0,1306.45,2024-12-04
Saint-Étienne,42218,42000,Appartement,129.0,90000.0,697.67,2024-12-04
Saint-Étienne,42218,42230,Maison,88.0,235000.0,2670.45,2024-11-22
Saint-Galmier,42222,42330,Maison,100.0,150500.0,1505.0,2024-11-25
Villars,42330,42390,Appartement,73.0,70000.0,958.9,2024-11-20
Saint-Étienne,42218,42100,Appartement,36.0,2044000.0,56777.78,2024-11-21
Saint-Étienne,42218,42000,Appartement,38.0,22000.0,578.95,2024-11-29
Firminy,42095,42700,Appartement,60.0,69000.0,1150.0,2024-12-02
Saint-Étienne,42218,42100,Appartement,54.0,66800.0,1237.04,2024-11-28
Saint-Étienne,42218,42100,Appartement,76.0,81180.0,1068.16,2024-11-29
Saint-Étienne,42218,42000,Appartement,25.0,41000.0,1640.0,2024-11-29
Saint-Étienne,42218,42000,Appartement,23.0,41000.0,1782.61,2024-11-29
Mornand-en-Forez,42151,42600,Maison,84.0,255900.0,3046.43,2024-11-27
Sorbiers,42302,42290,Maison,96.0,227000.0,2364.58,2024-11-27
Sorbiers,42302,42290,Maison,96.0,227000.0,2364.58,2024-11-27
Saint-Étienne,42218,42000,Appartement,74.0,123000.0,1662.16,2024-11-22
Saint-Étienne,42218,42100,Appartement,67.0,45000.0,671.64,2024-12-02
Saint-Étienne,42218,42100,Appartement,65.0,45000.0,692.31,2024-12-02
Saint-Étienne,42218,42100,Appartement,44.0,45700.0,1038.64,2024-11-22
Écotay-l'Olme,42087,42600,Maison,149.0,337500.0,2265.1,2024-11-27
Écotay-l'Olme,42087,42600,Maison,149.0,337500.0,2265.1,2024-11-27
Cottance,42073,42360,Maison,118.0,160000.0,1355.93,2024-11-19
Saint-Étienne,42218,42100,Appartement,79.0,83000.0,1050.63,2024-11-20
Firminy,42095,42700,Appartement,73.0,180000.0,2465.75,2024-11-29
Firminy,42095,42700,Appartement,70.0,180000.0,2571.43,2024-11-29
Firminy,42095,42700,Appartement,73.0,180000.0,2465.75,2024-11-29
Firminy,42095,42700,Appartement,70.0,180000.0,2571.43,2024-11-29
Saint-Étienne,42218,42000,Appartement,30.0,33000.0,1100.0,2024-11-29
Saint-Étienne,42218,42100,Appartement,66.0,55750.0,844.7,2024-12-05
Montbrison,42147,42600,Maison,120.0,210000.0,1750.0,2024-11-28
Saint-Étienne,42218,42000,Appartement,68.0,70500.0,1036.76,2024-11-18
Boën-sur-Lignon,42019,42130,Maison,158.0,180000.0,1139.24,2024-11-20
Boën-sur-Lignon,42019,42130,Maison,158.0,180000.0,1139.24,2024-11-20
Saint-Étienne,42218,42000,Appartement,84.0,51000.0,607.14,2024-11-29
Saint-Étienne,42218,42000,Appartement,63.0,89000.0,1412.7,2024-12-06
Saint-Martin-Lestra,42261,42110,Maison,102.0,182500.0,1789.22,2024-12-05
Feurs,42094,42110,Appartement,116.0,161500.0,1392.24,2024-12-05
Bonson,42022,42160,Maison,110.0,275000.0,2500.0,2024-11-29
Roche-la-Molière,42189,42230,Maison,73.0,219000.0,3000.0,2024-11-29
Roche-la-Molière,42189,42230,Maison,109.0,228000.0,2091.74,2024-12-03
Saint-Étienne,42218,42000,Appartement,62.0,115000.0,1854.84,2024-11-27
Saint-Chamond,42207,42400,Appartement,58.0,78000.0,1344.83,2024-11-29
Saint-Just-Saint-Rambert,42279,42170,Maison,85.0,357000.0,4200.0,2024-12-05
Saint-Étienne,42218,42000,Appartement,58.0,76575.0,1320.26,2024-12-05
Boën-sur-Lignon,42019,42130,Maison,100.0,17000.0,170.0,2024-12-04
Chuyer,42064,42410,Appartement,62.0,25000.0,403.23,2024-11-26
Andrézieux-Bouthéon,42005,42160,Appartement,73.0,163450.0,2239.04,2024-12-03
Firminy,42095,42700,Maison,182.0,370000.0,2032.97,2024-11-29
Saint-Jean-Soleymieux,42240,42560,Maison,126.0,204600.0,1623.81,2024-12-03
Sorbiers,42302,42290,Maison,65.0,98000.0,1507.69,2024-11-29
Saint-Marcellin-en-Forez,42256,42680,Maison,60.0,105000.0,1750.0,2024-11-22
Saint-Chamond,42207,42400,Maison,74.0,139000.0,1878.38,2024-12-06
Saint-Étienne,42218,42000,Appartement,64.0,51000.0,796.88,2024-12-03
Saint-Étienne,42218,42100,Appartement,46.0,150000.0,3260.87,2024-11-21
Saint-Étienne,42218,42100,Appartement,33.0,150000.0,4545.45,2024-11-21
Saint-Étienne,42218,42100,Appartement,46.0,150000.0,3260.87,2024-11-21
Saint-Étienne,42218,42100,Appartement,62.0,49050.0,791.13,2024-12-03
Saint-Marcellin-en-Forez,42256,42680,Maison,98.0,201000.0,2051.02,2024-11-22
Saint-Étienne,42218,42000,Appartement,95.0,80000.0,842.11,2024-11-15
Saint-Étienne,42218,42100,Appartement,54.0,60440.0,1119.26,2024-12-04
Véranne,42326,42520,Maison,135.0,115000.0,851.85,2024-11-25
Saint-Étienne,42218,42100,Appartement,38.0,41500.0,1092.11,2024-11-20
Saint-Étienne,42218,42100,Appartement,100.0,99000.0,990.0,2024-12-06
Saint-Étienne,42218,42000,Appartement,97.0,62000.0,639.18,2024-11-20
Le Chambon-Feugerolles,42044,42500,Maison,65.0,40000.0,615.38,2024-12-03
Saint-Étienne,42218,42100,Appartement,62.0,58000.0,935.48,2024-11-18
Saint-Étienne,42218,42000,Appartement,28.0,44900.0,1603.57,2024-12-02
Saint-Just-Saint-Rambert,42279,42170,Appartement,84.0,171000.0,2035.71,2024-12-05
Saint-Paul-en-Cornillon,42270,42240,Maison,88.0,223500.0,2539.77,2024-11-29
Saint-Paul-en-Cornillon,42270,42240,Maison,88.0,223500.0,2539.77,2024-11-29
Andrézieux-Bouthéon,42005,42160,Maison,83.0,274550.0,3307.83,2024-12-05
Saint-Étienne,42218,42000,Appartement,58.0,34020.0,586.55,2024-11-25
Le Chambon-Feugerolles,42044,42500,Maison,72.0,229000.0,3180.56,2024-12-02
Saint-Just-Saint-Rambert,42279,42170,Appartement,77.0,160000.0,2077.92,2024-12-05
Villars,42330,42390,Maison,94.0,230000.0,2446.81,2024-11-20
La Talaudière,42305,42350,Maison,90.0,245000.0,2722.22,2024-12-04
La Talaudière,42305,42350,Maison,90.0,245000.0,2722.22,2024-12-04
Unieux,42316,42240,Maison,63.0,180000.0,2857.14,2024-11-18
Saint-Étienne,42218,42000,Appartement,62.0,86000.0,1387.1,2024-12-02
Villars,42330,42390,Appartement,85.0,93600.0,1101.18,2024-11-29
Saint-Étienne,42218,42100,Appartement,102.0,137000.0,1343.14,2024-12-03
Saint-Étienne,42218,42000,Appartement,57.0,74000.0,1298.25,2024-12-03
Saint-Étienne,42218,42000,Appartement,68.0,94650.0,1391.91,2024-12-02
Saint-Chamond,42207,42400,Maison,92.0,215000.0,2336.96,2024-11-29
Savigneux,42299,42600,Appartement,37.0,299250.0,8087.84,2024-12-03
Savigneux,42299,42600,Appartement,84.0,299250.0,3562.5,2024-12-03
Savigneux,42299,42600,Appartement,34.0,299250.0,8801.47,2024-12-03
Savigneux,42299,42600,Appartement,42.0,299250.0,7125.0,2024-12-03
Savigneux,42299,42600,Appartement,40.0,299250.0,7481.25,2024-12-03
Firminy,42095,42700,Maison,88.0,270000.0,3068.18,2024-11-28
Épercieux-Saint-Paul,42088,42110,Maison,134.0,229000.0,1708.96,2024-11-22
Épercieux-Saint-Paul,42088,42110,Maison,134.0,229000.0,1708.96,2024-11-22
Le Chambon-Feugerolles,42044,42500,Appartement,68.0,35000.0,514.71,2024-12-04
Épercieux-Saint-Paul,42088,42110,Maison,153.0,321800.0,2103.27,2024-11-27
Firminy,42095,42700,Maison,86.0,190000.0,2209.3,2024-12-04
Saint-Bonnet-le-Château,42204,42380,Maison,110.0,87000.0,790.91,2024-12-05
Feurs,42094,42110,Maison,97.0,215000.0,2216.49,2024-11-27
Feurs,42094,42110,Maison,97.0,215000.0,2216.49,2024-11-27
Saint-Étienne,42218,42000,Appartement,31.0,36000.0,1161.29,2024-11-29
L'Étrat,42092,42580,Maison,107.0,250000.0,2336.45,2024-11-29
Saint-Bonnet-les-Oules,42206,42330,Maison,40.0,120000.0,3000.0,2024-11-29
Saint-Bonnet-les-Oules,42206,42330,Maison,97.0,120000.0,1237.11,2024-11-29
Saint-Bonnet-les-Oules,42206,42330,Maison,40.0,120000.0,3000.0,2024-11-29
Saint-Bonnet-les-Oules,42206,42330,Maison,97.0,120000.0,1237.11,2024-11-29
Montchal,42148,42360,Maison,90.0,100000.0,1111.11,2024-11-25
Montchal,42148,42360,Maison,93.0,100000.0,1075.27,2024-11-25
Firminy,42095,42700,Maison,76.0,231500.0,3046.05,2024-11-29
Saint-Étienne,42218,42000,Appartement,96.0,78000.0,812.5,2024-12-05
Panissières,42165,42360,Maison,81.0,120000.0,1481.48,2024-11-27
Saint-Just-Saint-Rambert,42279,42170,Maison,142.0,428200.0,3015.49,2024-12-02
L'Étrat,42092,42580,Maison,107.0,250000.0,2336.45,2024-11-29
Saint-Genest-Lerpt,42223,42530,Maison,149.0,349282.0,2344.17,2024-11-25
Saint-Genest-Lerpt,42223,42530,Maison,149.0,349282.0,2344.17,2024-11-25
La Fouillouse,42097,42480,Maison,70.0,170000.0,2428.57,2024-11-28
Saint-Étienne,42218,42000,Appartement,53.0,40000.0,754.72,2024-12-04
Saint-Chamond,42207,42400,Appartement,65.0,246850.0,3797.69,2024-12-02
Saint-Chamond,42207,42400,Appartement,50.0,246850.0,4937.0,2024-12-02
Saint-Chamond,42207,42400,Appartement,70.0,246850.0,3526.43,2024-12-02
Saint-Étienne,42218,42100,Appartement,19.0,30000.0,1578.95,2024-12-04
Saint-Étienne,42218,42100,Appartement,60.0,45500.0,758.33,2024-12-06
Saint-Étienne,42218,42100,Appartement,65.0,70000.0,1076.92,2024-12-09
Saint-Étienne,42218,42000,Appartement,25.0,26000.0,1040.0,2024-12-04
Saint-Étienne,42218,42100,Appartement,112.0,152025.0,1357.37,2024-12-03
Villars,42330,42390,Maison,93.0,345100.0,3710.75,2024-12-04
Andrézieux-Bouthéon,42005,42160,Maison,110.0,254050.0,2309.55,2024-12-06
Saint-Étienne,42218,42000,Appartement,44.0,54000.0,1227.27,2024-11-28
Saint-Chamond,42207,42400,Appartement,77.0,68000.0,883.12,2024-11-20
Saint-Étienne,42218,42100,Appartement,102.0,106600.0,1045.1,2024-12-10
La Fouillouse,42097,42480,Appartement,68.0,159000.0,2338.24,2024-12-09
Saint-Étienne,42218,42100,Appartement,64.0,56420.0,881.56,2024-12-04
Firminy,42095,42700,Maison,80.0,169000.0,2112.5,2024-12-05
Veauche,42323,42340,Maison,187.0,347000.0,1855.61,2024-12-05
Veauche,42323,42340,Maison,187.0,347000.0,1855.61,2024-12-05
Saint-Étienne,42218,42100,Appartement,57.0,71212.45,1249.34,2024-11-28
Boën-sur-Lignon,42019,42130,Maison,37.0,15000.0,405.41,2024-12-04
La Grand-Croix,42103,42320,Maison,81.0,204405.0,2523.52,2024-12-06
Saint-Étienne,42218,42100,Appartement,78.0,133700.0,1714.1,2024-12-06
Saint-Étienne,42218,42000,Appartement,68.0,117000.0,1720.59,2024-12-03
Virigneux,42336,42140,Maison,56.0,75000.0,1339.29,2024-12-05
Roche-la-Molière,42189,42230,Maison,90.0,89000.0,988.89,2024-12-05
Saint-Chamond,42207,42400,Appartement,26.0,16700.0,642.31,2024-11-28
Saint-Étienne,42218,42100,Appartement,89.0,120000.0,1348.31,2024-11-29
Saint-Étienne,42218,42100,Appartement,59.0,40000.0,677.97,2024-12-05
Montbrison,42147,42600,Appartement,57.0,119000.0,2087.72,2024-11-29
Veauche,42323,42340,Appartement,51.0,123092.0,2413.57,2024-12-05
Saint-Étienne,42218,42100,Appartement,66.0,87100.0,1319.7,2024-12-02
Saint-Romain-les-Atheux,42286,42660,Maison,95.0,245000.0,2578.95,2024-12-05
Saint-Étienne,42218,42100,Appartement,66.0,76000.0,1151.52,2024-12-04
Montbrison,42147,42600,Appartement,58.0,95000.0,1637.93,2024-11-15
Marcoux,42136,42130,Maison,87.0,133000.0,1528.74,2024-12-03
Marcoux,42136,42130,Maison,87.0,133000.0,1528.74,2024-12-03
Saint-Christo-en-Jarez,42208,42320,Appartement,54.0,110000.0,2037.04,2024-12-03
Saint-Christo-en-Jarez,42208,42320,Appartement,60.0,110000.0,1833.33,2024-12-03
Saint-Étienne,42218,42100,Appartement,68.0,160000.0,2352.94,2024-11-21
Saint-Étienne,42218,42100,Appartement,32.0,160000.0,5000.0,2024-11-21
Saint-Étienne,42218,42100,Appartement,32.0,160000.0,5000.0,2024-11-21
Saint-Étienne,42218,42100,Appartement,40.0,160000.0,4000.0,2024-11-21
Saint-Étienne,42218,42100,Appartement,67.0,160000.0,2388.06,2024-11-21
Montbrison,42147,42600,Appartement,49.0,74000.0,1510.2,2024-12-09
Saint-Étienne,42218,42100,Maison,96.0,186000.0,1937.5,2024-12-04
Lorette,42123,42420,Maison,111.0,325000.0,2927.93,2024-12-06
Lorette,42123,42420,Maison,111.0,325000.0,2927.93,2024-12-06
Unieux,42316,42240,Appartement,42.0,90000.0,2142.86,2024-11-29
Saint-Étienne,42218,42100,Maison,86.0,170000.0,1976.74,2024-12-06
Saint-Étienne,42218,42000,Appartement,53.0,25000.0,471.7,2024-12-05
Saint-Étienne,42218,42100,Appartement,72.0,80400.0,1116.67,2024-12-11
Saint-Étienne,42218,42000,Appartement,48.0,81700.0,1702.08,2024-12-10
Marlhes,42139,42660,Maison,97.0,205600.0,2119.59,2024-11-25
Écotay-l'Olme,42087,42600,Maison,82.0,184000.0,2243.9,2024-11-29
Écotay-l'Olme,42087,42600,Maison,82.0,184000.0,2243.9,2024-11-29
Andrézieux-Bouthéon,42005,42160,Maison,109.0,225800.0,2071.56,2024-12-12
Sorbiers,42302,42290,Appartement,88.0,207200.0,2354.55,2024-12-03
Saint-Priest-en-Jarez,42275,42270,Appartement,70.0,155000.0,2214.29,2024-12-03
Saint-Étienne,42218,42100,Appartement,89.0,637000.0,7157.3,2024-11-20
Saint-Étienne,42218,42100,Appartement,62.0,637000.0,10274.19,2024-11-20
Saint-Étienne,42218,42100,Appartement,66.0,637000.0,9651.52,2024-11-20
Saint-Étienne,42218,42100,Appartement,62.0,637000.0,10274.19,2024-11-20
Saint-Étienne,42218,42100,Appartement,91.0,637000.0,7000.0,2024-11-20
Saint-Étienne,42218,42100,Appartement,58.0,637000.0,10982.76,2024-11-20
Saint-Étienne,42218,42100,Appartement,81.0,214800.0,2651.85,2024-12-02
Saint-Marcellin-en-Forez,42256,42680,Maison,108.0,267200.0,2474.07,2024-12-05
Veauche,42323,42340,Appartement,90.0,250000.0,2777.78,2024-11-27
Sury-le-Comtal,42304,42450,Maison,58.0,155000.0,2672.41,2024-11-25
Sury-le-Comtal,42304,42450,Maison,58.0,155000.0,2672.41,2024-11-25
Saint-Cyr-les-Vignes,42214,42210,Maison,91.0,282900.0,3108.79,2024-12-06
Chalmazel-Jeansagnière,42039,42920,Maison,205.0,90000.0,439.02,2024-11-25
Le Chambon-Feugerolles,42044,42500,Appartement,74.0,64600.0,872.97,2024-11-21
Savigneux,42299,42600,Appartement,20.0,605304.0,30265.2,2024-12-03
Savigneux,42299,42600,Appartement,18.0,605304.0,33628.0,2024-12-03
Savigneux,42299,42600,Appartement,24.0,605304.0,25221.0,2024-12-03
Savigneux,42299,42600,Appartement,36.0,605304.0,16814.0,2024-12-03
Savigneux,42299,42600,Appartement,26.0,605304.0,23280.92,2024-12-03
Savigneux,42299,42600,Maison,80.0,605304.0,7566.3,2024-12-03
Veauche,42323,42340,Maison,80.0,825000.0,10312.5,2024-12-05
Montbrison,42147,42600,Appartement,60.0,67000.0,1116.67,2024-12-06
Pralong,42179,42600,Maison,118.0,120667.0,1022.6,2024-11-29
Pralong,42179,42600,Maison,118.0,120667.0,1022.6,2024-11-29
Saint-Étienne,42218,42100,Appartement,28.0,28000.0,1000.0,2024-12-09
Andrézieux-Bouthéon,42005,42160,Maison,54.0,130000.0,2407.41,2024-12-03
Saint-Étienne,42218,42100,Maison,157.0,295000.0,1878.98,2024-11-29
Saint-Étienne,42218,42100,Maison,157.0,295000.0,1878.98,2024-11-29
Nervieux,42155,42510,Maison,132.0,239800.0,1816.67,2024-11-27
Nervieux,42155,42510,Maison,132.0,239800.0,1816.67,2024-11-27
Saint-Galmier,42222,42330,Appartement,91.0,135000.0,1483.52,2024-11-15
Saint-Étienne,42218,42230,Appartement,78.0,185000.0,2371.79,2024-12-02
Saint-Étienne,42218,42230,Appartement,39.0,185000.0,4743.59,2024-12-02
Saint-Étienne,42218,42230,Appartement,39.0,185000.0,4743.59,2024-12-02
Saint-Chamond,42207,42400,Appartement,50.0,158000.0,3160.0,2024-11-28
Saint-Chamond,42207,42400,Appartement,50.0,158000.0,3160.0,2024-11-28
Saint-Chamond,42207,42400,Appartement,120.0,158000.0,1316.67,2024-11-28
Saint-Chamond,42207,42400,Appartement,50.0,158000.0,3160.0,2024-11-28
Saint-Étienne,42218,42100,Appartement,18.0,35760.0,1986.67,2024-12-11
Champdieu,42046,42600,Maison,106.0,120000.0,1132.08,2024-12-09
Marcilly-le-Châtel,42134,42130,Maison,95.0,215000.0,2263.16,2024-12-06
Marcilly-le-Châtel,42134,42130,Maison,95.0,215000.0,2263.16,2024-12-06
Saint-Jean-Bonnefonds,42237,42650,Appartement,40.0,57200.0,1430.0,2024-11-05
Cuzieu,42081,42330,Maison,98.0,165000.0,1683.67,2024-11-18
Cuzieu,42081,42330,Maison,98.0,165000.0,1683.67,2024-11-18
Saint-Étienne,42218,42000,Appartement,62.0,46500.0,750.0,2024-12-03
Saint-Chamond,42207,42400,Maison,91.0,311960.0,3428.13,2024-12-06
Rive-de-Gier,42186,42800,Appartement,86.0,144700.0,1682.56,2024-12-11
Montbrison,42147,42600,Appartement,81.0,179000.0,2209.88,2024-12-05
Saint-Étienne,42218,42100,Appartement,63.0,84000.0,1333.33,2024-12-03
Saint-Romain-le-Puy,42285,42610,Maison,93.0,204730.0,2201.4,2024-12-09
Roche-la-Molière,42189,42230,Appartement,71.0,37000.0,521.13,2024-12-06
Saint-Genest-Lerpt,42223,42530,Appartement,54.0,108600.0,2011.11,2024-12-05
Savigneux,42299,42600,Maison,84.0,169000.0,2011.9,2024-11-29
Savigneux,42299,42600,Maison,84.0,169000.0,2011.9,2024-11-29
L'Étrat,42092,42580,Maison,142.0,370000.0,2605.63,2024-12-10
L'Étrat,42092,42580,Maison,142.0,370000.0,2605.63,2024-12-10
Saint-Étienne,42218,42100,Appartement,35.0,58000.0,1657.14,2024-12-06
Saint-Étienne,42218,42100,Appartement,63.0,40000.0,634.92,2024-12-05
Saint-Étienne,42218,42000,Appartement,70.0,60000.0,857.14,2024-12-12
Saint-Étienne,42218,42000,Appartement,30.0,60000.0,2000.0,2024-12-12
Saint-Étienne,42218,42000,Appartement,60.0,157300.0,2621.67,2024-12-09
Saint-Étienne,42218,42100,Appartement,62.0,57500.0,927.42,2024-11-28
Le Chambon-Feugerolles,42044,42500,Appartement,101.0,15000.0,148.51,2024-12-05
Saint-Étienne,42218,42100,Appartement,81.0,93000.0,1148.15,2024-12-10
La Grand-Croix,42103,42320,Appartement,72.0,126000.0,1750.0,2024-12-10
Saint-Étienne,42218,42000,Appartement,46.0,65300.0,1419.57,2024-12-10
Saint-Étienne,42218,42100,Appartement,72.0,46000.0,638.89,2024-12-12
Saint-Étienne,42218,42100,Appartement,36.0,46000.0,1277.78,2024-12-12
Saint-Étienne,42218,42100,Appartement,54.0,50000.0,925.93,2024-12-11
Saint-Étienne,42218,42000,Appartement,73.0,69250.0,948.63,2024-12-05
Saint-Priest-en-Jarez,42275,42270,Appartement,69.0,127500.0,1847.83,2024-11-28
Saint-Étienne,42218,42100,Appartement,93.0,95850.0,1030.65,2024-11-29
Saint-Étienne,42218,42100,Appartement,82.0,55000.0,670.73,2024-12-12
Saint-Étienne,42218,42100,Appartement,79.0,85000.0,1075.95,2024-11-26
Saint-Étienne,42218,42000,Appartement,36.0,68000.0,1888.89,2024-11-29
Saint-Étienne,42218,42000,Maison,159.0,467100.0,2937.74,2024-12-06
Feurs,42094,42110,Appartement,59.0,166400.0,2820.34,2024-12-04
Saint-Étienne,42218,42100,Appartement,20.0,151000.0,7550.0,2024-12-05
Saint-Étienne,42218,42100,Appartement,105.0,151000.0,1438.1,2024-12-05
Saint-Étienne,42218,42100,Appartement,143.0,210000.0,1468.53,2024-12-05
Chazelles-sur-Lyon,42059,42140,Maison,154.0,239940.0,1558.05,2024-12-11
Saint-Étienne,42218,42000,Appartement,85.0,82500.0,970.59,2024-12-02
Bellegarde-en-Forez,42013,42210,Maison,141.0,299000.0,2120.57,2024-11-28
Bellegarde-en-Forez,42013,42210,Maison,141.0,299000.0,2120.57,2024-11-28
Apinac,42006,42550,Maison,110.0,170000.0,1545.45,2024-12-09
Saint-Étienne,42218,42000,Appartement,153.0,200000.0,1307.19,2024-12-10
Saint-Étienne,42218,42100,Appartement,36.0,45000.0,1250.0,2024-12-09
Saint-Étienne,42218,42100,Appartement,34.0,45000.0,1323.53,2024-12-09
Saint-Étienne,42218,42000,Maison,66.0,146300.0,2216.67,2024-12-06
Poncins,42174,42110,Maison,205.0,444000.0,2165.85,2024-12-12
Poncins,42174,42110,Maison,205.0,444000.0,2165.85,2024-12-12
Saint-Cyr-les-Vignes,42214,42210,Maison,81.0,94000.0,1160.49,2024-12-03
Saint-Cyr-les-Vignes,42214,42210,Maison,81.0,94000.0,1160.49,2024-12-03
Saint-Étienne,42218,42100,Appartement,55.0,57000.0,1036.36,2024-12-04
Panissières,42165,42360,Appartement,71.0,115000.0,1619.72,2024-12-04
Panissières,42165,42360,Appartement,77.0,115000.0,1493.51,2024-12-04
Périgneux,42169,42380,Maison,130.0,290000.0,2230.77,2024-11-25
Saint-Étienne,42218,42100,Appartement,82.0,440000.0,5365.85,2024-12-02
Saint-Étienne,42218,42100,Appartement,43.0,440000.0,10232.56,2024-12-02
Saint-Étienne,42218,42100,Appartement,41.0,440000.0,10731.71,2024-12-02
Saint-Étienne,42218,42100,Appartement,55.0,440000.0,8000.0,2024-12-02
Saint-Étienne,42218,42100,Appartement,55.0,440000.0,8000.0,2024-12-02
Saint-Étienne,42218,42100,Appartement,40.0,440000.0,11000.0,2024-12-02
Saint-Étienne,42218,42100,Appartement,56.0,440000.0,7857.14,2024-12-02
Saint-Étienne,42218,42100,Appartement,63.0,440000.0,6984.13,2024-12-02
Saint-Étienne,42218,42100,Appartement,81.0,87300.0,1077.78,2024-12-13
Saint-Étienne,42218,42100,Appartement,37.0,20000.0,540.54,2024-11-12
Roche-la-Molière,42189,42230,Maison,89.0,211500.0,2376.4,2024-11-25
Saint-Étienne,42218,42100,Appartement,70.0,100000.0,1428.57,2024-12-10
Saint-Étienne,42218,42100,Maison,112.0,137000.0,1223.21,2024-12-04
Saint-Étienne,42218,42100,Appartement,71.0,105000.0,1478.87,2024-12-02
Saint-Étienne,42218,42100,Appartement,85.0,105000.0,1235.29,2024-12-02
Saint-Étienne,42218,42100,Appartement,78.0,95000.0,1217.95,2024-12-05
Saint-Étienne,42218,42100,Appartement,43.0,43000.0,1000.0,2024-11-28
Saint-Étienne,42218,42100,Appartement,86.0,86500.0,1005.81,2024-12-06
Saint-Étienne,42218,42000,Appartement,64.0,75460.0,1179.06,2024-12-10
Saint-Étienne,42218,42000,Appartement,81.0,148900.0,1838.27,2024-12-12
Trelins,42313,42130,Maison,117.0,176500.0,1508.55,2024-11-26
La Talaudière,42305,42350,Appartement,86.0,240000.0,2790.7,2024-12-09
Boën-sur-Lignon,42019,42130,Maison,80.0,109000.0,1362.5,2024-12-05
Saint-André-le-Puy,42200,42210,Maison,79.0,210000.0,2658.23,2024-12-11
Noirétable,42159,42440,Maison,115.0,236571.0,2057.14,2024-12-11
Noirétable,42159,42440,Maison,115.0,236571.0,2057.14,2024-12-11
Noirétable,42159,42440,Maison,115.0,236571.0,2057.14,2024-12-11
Villars,42330,42390,Appartement,86.0,90000.0,1046.51,2024-12-09
Firminy,42095,42700,Appartement,74.0,72500.0,979.73,2024-12-02
Saint-Étienne,42218,42000,Appartement,218.0,278000.0,1275.23,2024-12-06
Saint-Just-en-Bas,42247,42990,Maison,102.0,266000.0,2607.84,2024-12-03
Saint-Just-en-Bas,42247,42990,Maison,128.0,266000.0,2078.12,2024-12-03
Saint-Étienne,42218,42000,Appartement,68.0,71000.0,1044.12,2024-11-26
Saint-Étienne,42218,42100,Appartement,36.0,38900.0,1080.56,2024-12-05
Saint-Étienne,42218,42000,Appartement,74.0,45000.0,608.11,2024-11-22
Saint-Étienne,42218,42230,Maison,51.0,850000.0,16666.67,2024-12-04
Saint-Étienne,42218,42100,Appartement,62.0,80000.0,1290.32,2024-12-06
Lézigneux,42122,42600,Maison,152.0,237500.0,1562.5,2024-12-05
Saint-Marcellin-en-Forez,42256,42680,Maison,53.0,58000.0,1094.34,2024-12-13
Saint-Priest-en-Jarez,42275,42270,Appartement,89.0,230200.0,2586.52,2024-12-05
Saint-Étienne,42218,42100,Appartement,110.0,172900.0,1571.82,2024-12-12
Feurs,42094,42110,Appartement,59.0,69000.0,1169.49,2024-12-03
Saint-André-le-Puy,42200,42210,Maison,111.0,287000.0,2585.59,2024-12-02
Feurs,42094,42110,Appartement,72.0,208000.0,2888.89,2024-12-06
La Tour-en-Jarez,42311,42580,Maison,87.0,256000.0,2942.53,2024-12-10
La Tour-en-Jarez,42311,42580,Maison,87.0,256000.0,2942.53,2024-12-10
Saint-Étienne,42218,42100,Appartement,21.0,56000.0,2666.67,2024-11-29
Saint-Étienne,42218,42100,Appartement,24.0,56000.0,2333.33,2024-11-29
Sorbiers,42302,42290,Appartement,40.0,110000.0,2750.0,2024-12-05
Saint-Étienne,42218,42100,Appartement,76.0,110000.0,1447.37,2024-12-13
Saint-Étienne,42218,42100,Appartement,71.0,50000.0,704.23,2024-12-03
Saint-Étienne,42218,42100,Appartement,62.0,50000.0,806.45,2024-12-09
Saint-Étienne,42218,42000,Appartement,68.0,37000.0,544.12,2024-11-15
Saint-Étienne,42218,42000,Appartement,23.0,37000.0,1608.7,2024-11-15
Boën-sur-Lignon,42019,42130,Maison,127.0,210000.0,1653.54,2024-11-22
Boën-sur-Lignon,42019,42130,Maison,127.0,210000.0,1653.54,2024-11-22
Saint-Étienne,42218,42000,Appartement,29.0,142000.0,4896.55,2024-12-05
La Talaudière,42305,42350,Maison,190.0,260000.0,1368.42,2024-11-29
La Talaudière,42305,42350,Maison,190.0,260000.0,1368.42,2024-11-29
Saint-Étienne,42218,42000,Appartement,95.0,162500.0,1710.53,2024-12-12
Saint-Christo-en-Jarez,42208,42320,Maison,100.0,230000.0,2300.0,2024-12-10
Saint-Étienne,42218,42000,Appartement,70.0,85000.0,1214.29,2024-12-09
Saint-Chamond,42207,42400,Appartement,75.0,176000.0,2346.67,2024-12-11
Chambéon,42041,42110,Maison,105.0,269000.0,2561.9,2024-12-09
Saint-Étienne,42218,42100,Appartement,19.0,36770.0,1935.26,2024-12-10
L'Horme,42110,42152,Appartement,80.0,95840.0,1198.0,2024-11-20
Essertines-en-Donzy,42090,42360,Maison,90.0,95000.0,1055.56,2024-12-12
Saint-Étienne,42218,42000,Appartement,68.0,83000.0,1220.59,2024-11-29
Saint-Étienne,42218,42100,Appartement,57.0,75000.0,1315.79,2024-11-27
Saint-Étienne,42218,42100,Appartement,66.0,75000.0,1136.36,2024-11-27
Sury-le-Comtal,42304,42450,Maison,110.0,83750.0,761.36,2024-11-28
Saint-Étienne,42218,42100,Appartement,65.0,65000.0,1000.0,2024-12-04
La Talaudière,42305,42350,Appartement,67.0,99000.0,1477.61,2024-12-05
Saint-Étienne,42218,42000,Maison,30.0,42500.0,1416.67,2024-12-10
Luriecq,42126,42380,Maison,159.0,173000.0,1088.05,2024-12-10
Luriecq,42126,42380,Maison,159.0,173000.0,1088.05,2024-12-10
La Valla-en-Gier,42322,42131,Maison,165.0,80000.0,484.85,2024-11-20
Saint-Étienne,42218,42000,Appartement,62.0,50000.0,806.45,2024-12-06
Saint-Étienne,42218,42100,Appartement,67.0,77000.0,1149.25,2024-12-13
Saint-Étienne,42218,42000,Appartement,27.0,20000.0,740.74,2024-12-10
Rive-de-Gier,42186,42800,Appartement,61.0,18000.0,295.08,2024-12-09
La Talaudière,42305,42350,Appartement,66.0,95000.0,1439.39,2024-12-06
Sorbiers,42302,42290,Maison,71.0,209300.0,2947.89,2024-12-09
Saint-Joseph,42242,42800,Appartement,114.0,226000.0,1982.46,2024-12-06
Villars,42330,42390,Maison,83.0,247000.0,2975.9,2024-12-16
Montbrison,42147,42600,Maison,114.0,342000.0,3000.0,2024-11-29
Saint-Jean-Bonnefonds,42237,42650,Maison,113.0,305000.0,2699.12,2024-12-10
Champdieu,42046,42600,Maison,149.0,255000.0,1711.41,2024-12-16
Champdieu,42046,42600,Maison,149.0,255000.0,1711.41,2024-12-16
Saint-Martin-la-Plaine,42259,42800,Maison,45.0,165000.0,3666.67,2024-12-10
Saint-Étienne,42218,42100,Maison,150.0,451400.0,3009.33,2024-12-05
Saint-Étienne,42218,42000,Maison,70.0,119000.0,1700.0,2024-12-09
Rive-de-Gier,42186,42800,Maison,100.0,199000.0,1990.0,2024-11-27
Fraisses,42099,42490,Maison,95.0,204000.0,2147.37,2024-12-06
Saint-Étienne,42218,42000,Maison,97.0,168650.0,1738.66,2024-11-28
Unieux,42316,42240,Maison,70.0,185000.0,2642.86,2024-11-28
Sury-le-Comtal,42304,42450,Maison,81.0,250800.0,3096.3,2024-12-10
Saint-Étienne,42218,42100,Appartement,55.0,81000.0,1472.73,2024-12-06
Saint-Étienne,42218,42100,Appartement,27.0,190000.0,7037.04,2024-12-05
Saint-Étienne,42218,42100,Appartement,26.0,190000.0,7307.69,2024-12-05
Saint-Étienne,42218,42100,Appartement,52.0,190000.0,3653.85,2024-12-05
Sury-le-Comtal,42304,42450,Maison,255.0,104000.0,407.84,2024-12-04
Pélussin,42168,42410,Appartement,134.0,135000.0,1007.46,2024-12-13
Saint-Étienne,42218,42000,Appartement,68.0,47800.0,702.94,2024-12-11
Saint-Étienne,42218,42100,Appartement,198.0,190000.0,959.6,2024-11-28
Saint-Genest-Lerpt,42223,42530,Maison,73.0,325000.0,4452.05,2024-12-06
Tartaras,42307,42800,Maison,95.0,160000.0,1684.21,2024-12-13
Saint-Étienne,42218,42000,Appartement,53.0,179000.0,3377.36,2024-12-09
Saint-Étienne,42218,42000,Appartement,53.0,179000.0,3377.36,2024-12-09
Saint-Étienne,42218,42000,Appartement,53.0,179000.0,3377.36,2024-12-09
Rozier-Côtes-d'Aurec,42192,42380,Maison,58.0,53000.0,913.79,2024-11-28
Genilac,42225,42800,Appartement,100.0,212000.0,2120.0,2024-12-04
Genilac,42225,42800,Appartement,100.0,212000.0,2120.0,2024-12-04
Saint-Étienne,42218,42000,Appartement,87.0,142700.0,1640.23,2024-12-05
Saint-Étienne,42218,42100,Appartement,45.0,156040.0,3467.56,2024-12-04
Saint-Étienne,42218,42100,Appartement,39.0,156040.0,4001.03,2024-12-04
Saint-Étienne,42218,42100,Appartement,47.0,156040.0,3320.0,2024-12-04
Saint-Étienne,42218,42100,Appartement,70.0,156040.0,2229.14,2024-12-04
Saint-Étienne,42218,42100,Appartement,27.0,156040.0,5779.26,2024-12-04
Saint-Étienne,42218,42000,Appartement,49.0,102000.0,2081.63,2024-12-12
Firminy,42095,42700,Appartement,66.0,102000.0,1545.45,2024-12-11
Saint-Étienne,42218,42100,Appartement,42.0,50350.0,1198.81,2024-11-20
Montbrison,42147,42600,Appartement,69.0,67000.0,971.01,2024-12-13
Saint-Étienne,42218,42000,Appartement,49.0,95000.0,1938.78,2024-12-16
Saint-Étienne,42218,42000,Appartement,48.0,33000.0,687.5,2024-12-12
Boisset-Saint-Priest,42021,42560,Maison,152.0,407500.0,2680.92,2024-12-16
Boisset-Saint-Priest,42021,42560,Maison,152.0,407500.0,2680.92,2024-12-16
Boisset-Saint-Priest,42021,42560,Maison,152.0,407500.0,2680.92,2024-12-16
Saint-Étienne,42218,42000,Appartement,11.0,27140.0,2467.27,2024-11-18
Saint-Étienne,42218,42000,Appartement,25.0,26400.0,1056.0,2024-12-11
Saint-Étienne,42218,42100,Appartement,89.0,120000.0,1348.31,2024-12-11
Saint-Chamond,42207,42400,Maison,123.0,229000.0,1861.79,2024-12-12
Bonson,42022,42160,Maison,77.0,195900.0,2544.16,2024-12-03
Saint-Étienne,42218,42000,Appartement,55.0,68000.0,1236.36,2024-12-10
Saint-Étienne,42218,42100,Appartement,56.0,33500.0,598.21,2024-12-17
Saint-Étienne,42218,42100,Appartement,82.0,80000.0,975.61,2024-12-17
Marcoux,42136,42130,Maison,157.0,145000.0,923.57,2024-12-17
Marcoux,42136,42130,Maison,157.0,145000.0,923.57,2024-12-17
Saint-Étienne,42218,42100,Appartement,16.0,53000.0,3312.5,2024-12-13
L'Horme,42110,42152,Maison,134.0,333850.0,2491.42,2024-12-12
Saint-Étienne,42218,42000,Maison,300.0,313500.0,1045.0,2024-11-29
Montrond-les-Bains,42149,42210,Appartement,36.0,73370.0,2038.06,2024-12-16
Saint-Étienne,42218,42000,Appartement,24.0,51500.0,2145.83,2024-12-12
Chambéon,42041,42110,Maison,92.0,264600.0,2876.09,2024-12-16
Champdieu,42046,42600,Maison,64.0,150000.0,2343.75,2024-12-13
Champdieu,42046,42600,Maison,64.0,150000.0,2343.75,2024-12-13
Magneux-Haute-Rive,42130,42600,Maison,125.0,309700.0,2477.6,2024-12-16
Saint-Étienne,42218,42000,Appartement,96.0,206250.0,2148.44,2024-12-16
Saint-Étienne,42218,42100,Appartement,102.0,148700.0,1457.84,2024-12-16
Saint-Just-Saint-Rambert,42279,42170,Appartement,78.0,155000.0,1987.18,2024-12-11
Saint-Laurent-la-Conche,42251,42210,Maison,135.0,389000.0,2881.48,2024-12-09
Saint-Étienne,42218,42100,Appartement,110.0,155000.0,1409.09,2024-12-06
Sury-le-Comtal,42304,42450,Maison,100.0,229000.0,2290.0,2024-12-12
Andrézieux-Bouthéon,42005,42160,Appartement,55.0,138900.0,2525.45,2024-12-16
L'Étrat,42092,42580,Appartement,59.0,190000.0,3220.34,2024-12-17
Saint-Étienne,42218,42000,Appartement,112.0,140000.0,1250.0,2024-12-10
Saint-Bonnet-les-Oules,42206,42330,Maison,200.0,726000.0,3630.0,2024-12-13
Saint-Bonnet-les-Oules,42206,42330,Maison,200.0,726000.0,3630.0,2024-12-13
Saint-Bonnet-les-Oules,42206,42330,Maison,200.0,726000.0,3630.0,2024-12-13
Saint-Étienne,42218,42100,Appartement,51.0,52500.0,1029.41,2024-12-12
Saint-Étienne,42218,42000,Appartement,81.0,68000.0,839.51,2024-12-10
La Ricamarie,42183,42150,Appartement,42.0,44000.0,1047.62,2024-12-12
Roche-la-Molière,42189,42230,Maison,80.0,174600.0,2182.5,2024-12-06
Firminy,42095,42700,Appartement,90.0,75000.0,833.33,2024-12-11
Firminy,42095,42700,Appartement,35.0,75000.0,2142.86,2024-12-11
Saint-Étienne,42218,42000,Appartement,85.0,60000.0,705.88,2024-10-08
Boisset-lès-Montrond,42020,42210,Maison,82.0,175000.0,2134.15,2024-12-13
Saint-Étienne,42218,42100,Appartement,22.0,31000.0,1409.09,2024-12-11
Saint-Étienne,42218,42100,Appartement,85.0,155000.0,1823.53,2024-12-17
Saint-Just-Saint-Rambert,42279,42170,Maison,60.0,135000.0,2250.0,2024-12-13
Sorbiers,42302,42290,Maison,130.0,480000.0,3692.31,2024-12-13
Lorette,42123,42420,Appartement,76.0,58000.0,763.16,2024-12-06
Saint-Priest-en-Jarez,42275,42270,Appartement,49.0,141500.0,2887.76,2024-12-17
Saint-Étienne,42218,42000,Appartement,70.0,67000.0,957.14,2024-12-10
Saint-Étienne,42218,42000,Appartement,75.0,65000.0,866.67,2024-12-13
Le Chambon-Feugerolles,42044,42500,Maison,86.0,203750.0,2369.19,2024-12-17
Saint-Étienne,42218,42100,Appartement,51.0,57010.0,1117.84,2024-12-16
Saint-Étienne,42218,42100,Appartement,40.0,57010.0,1425.25,2024-12-16
Saint-Just-Saint-Rambert,42279,42170,Appartement,75.0,165000.0,2200.0,2024-12-11
Andrézieux-Bouthéon,42005,42160,Appartement,66.0,40000.0,606.06,2024-12-16
Sainte-Agathe-la-Bouteresse,42197,42130,Appartement,60.0,75000.0,1250.0,2024-11-27
Saint-Étienne,42218,42100,Appartement,53.0,34000.0,641.51,2024-12-17
Tartaras,42307,42800,Maison,118.0,376925.0,3194.28,2024-12-16
Tartaras,42307,42800,Maison,118.0,376925.0,3194.28,2024-12-16
La Fouillouse,42097,42480,Maison,180.0,460000.0,2555.56,2024-12-12
Feurs,42094,42110,Maison,104.0,178000.0,1711.54,2024-12-16
Saint-Martin-la-Plaine,42259,42800,Appartement,58.0,153200.0,2641.38,2024-12-13
Malleval,42132,42520,Maison,80.0,18000.0,225.0,2024-12-06
Roche-la-Molière,42189,42230,Maison,80.0,178000.0,2225.0,2024-12-10
Boisset-Saint-Priest,42021,42560,Maison,50.0,37700.0,754.0,2024-12-12
La Fouillouse,42097,42480,Maison,100.0,305500.0,3055.0,2024-12-17
Saint-Étienne,42218,42100,Appartement,22.0,37000.0,1681.82,2024-12-06
Saint-Martin-la-Plaine,42259,42800,Maison,135.0,356900.0,2643.7,2024-12-06
Saint-Chamond,42207,42400,Appartement,115.0,165000.0,1434.78,2024-12-10
Montchal,42148,42360,Maison,114.0,232000.0,2035.09,2024-12-13
Saint-André-le-Puy,42200,42210,Maison,155.0,193000.0,1245.16,2024-12-16
Estivareilles,42091,42380,Maison,94.0,314800.0,3348.94,2024-12-13
Saint-Denis-sur-Coise,42216,42140,Maison,20.0,86000.0,4300.0,2024-11-28
Saint-Étienne,42218,42100,Appartement,97.0,80500.0,829.9,2024-12-13
Saint-Denis-sur-Coise,42216,42140,Maison,35.0,68000.0,1942.86,2024-11-28
Fraisses,42099,42490,Appartement,66.0,116200.0,1760.61,2024-12-17
Saint-Étienne,42218,42000,Appartement,68.0,305000.0,4485.29,2024-12-16
Saint-Étienne,42218,42000,Appartement,12.0,305000.0,25416.67,2024-12-16
Saint-Étienne,42218,42000,Appartement,75.0,305000.0,4066.67,2024-12-16
Saint-Étienne,42218,42000,Appartement,47.0,305000.0,6489.36,2024-12-16
Saint-Étienne,42218,42000,Appartement,29.0,305000.0,10517.24,2024-12-16
Saint-Étienne,42218,42000,Appartement,43.0,305000.0,7093.02,2024-12-16
Saint-Étienne,42218,42000,Appartement,51.0,305000.0,5980.39,2024-12-16
Panissières,42165,42360,Maison,100.0,135000.0,1350.0,2024-12-10
Craintilleux,42075,42210,Maison,82.0,186000.0,2268.29,2024-12-05
Montbrison,42147,42600,Maison,142.0,353000.0,2485.92,2024-12-12
Montbrison,42147,42600,Maison,142.0,353000.0,2485.92,2024-12-12
Saint-Romain-le-Puy,42285,42610,Appartement,32.0,50000.0,1562.5,2024-12-10
Montbrison,42147,42600,Appartement,23.0,50000.0,2173.91,2024-12-12
Saint-Priest-en-Jarez,42275,42270,Appartement,50.0,104500.0,2090.0,2024-12-17
Saint-Étienne,42218,42100,Appartement,82.0,67000.0,817.07,2024-12-09
Chazelles-sur-Lyon,42059,42140,Maison,129.0,379000.0,2937.98,2024-11-28
Unieux,42316,42240,Appartement,58.0,25000.0,431.03,2024-12-09
Saint-Priest-en-Jarez,42275,42270,Appartement,61.0,67000.0,1098.36,2024-12-17
Saint-Médard-en-Forez,42264,42330,Maison,94.0,265500.0,2824.47,2024-12-20
Saint-Médard-en-Forez,42264,42330,Maison,94.0,265500.0,2824.47,2024-12-20
La Ricamarie,42183,42150,Maison,73.0,150000.0,2054.79,2024-12-17
Saint-Paul-en-Jarez,42271,42740,Maison,94.0,258000.0,2744.68,2024-12-17
Veauche,42323,42340,Maison,100.0,322100.0,3221.0,2024-10-25
Veauche,42323,42340,Maison,100.0,322100.0,3221.0,2024-10-25
Écotay-l'Olme,42087,42600,Maison,99.0,150000.0,1515.15,2024-12-13
Saint-André-le-Puy,42200,42210,Maison,103.0,235000.0,2281.55,2024-12-16
Cleppé,42066,42110,Maison,114.0,249000.0,2184.21,2024-12-06
Saint-Chamond,42207,42400,Appartement,80.0,82000.0,1025.0,2024-12-09
Feurs,42094,42110,Maison,77.0,90000.0,1168.83,2024-12-13
Saint-Étienne,42218,42100,Appartement,75.0,67000.0,893.33,2024-12-16
Cervières,42034,42440,Maison,134.0,242600.0,1810.45,2024-12-12
Cervières,42034,42440,Maison,134.0,242600.0,1810.45,2024-12-12
Cervières,42034,42440,Maison,134.0,242600.0,1810.45,2024-12-12
Montbrison,42147,42600,Maison,73.0,80000.0,1095.89,2024-12-10
Saint-Étienne,42218,42100,Appartement,19.0,10000.0,526.32,2024-12-17
Saint-Étienne,42218,42100,Appartement,43.0,10000.0,232.56,2024-12-17
Saint-Étienne,42218,42000,Maison,121.0,194150.0,1604.55,2024-12-13
Saint-Étienne,42218,42000,Appartement,42.0,61750.0,1470.24,2024-12-16
La Ricamarie,42183,42150,Maison,120.0,135000.0,1125.0,2024-12-13
Cleppé,42066,42110,Maison,109.0,199000.0,1825.69,2024-12-19
Cleppé,42066,42110,Maison,109.0,199000.0,1825.69,2024-12-19
Saint-Chamond,42207,42400,Maison,86.0,160000.0,1860.47,2024-12-16
Saint-Chamond,42207,42400,Maison,86.0,160000.0,1860.47,2024-12-16
Firminy,42095,42700,Appartement,22.0,33000.0,1500.0,2024-12-05
La Fouillouse,42097,42480,Appartement,24.0,185390.88,7724.62,2024-12-11
La Fouillouse,42097,42480,Maison,110.0,185390.88,1685.37,2024-12-11
La Fouillouse,42097,42480,Maison,95.0,185390.88,1951.48,2024-12-11
La Fouillouse,42097,42480,Appartement,24.0,120000.0,5000.0,2024-12-11
La Fouillouse,42097,42480,Maison,110.0,120000.0,1090.91,2024-12-11
La Fouillouse,42097,42480,Maison,95.0,120000.0,1263.16,2024-12-11
Montverdun,42150,42130,Maison,135.0,50000.0,370.37,2024-12-13
Montverdun,42150,42130,Maison,135.0,50000.0,370.37,2024-12-13
La Gimond,42100,42140,Maison,100.0,140000.0,1400.0,2024-12-17
Montverdun,42150,42130,Maison,153.0,195000.0,1274.51,2024-12-09
Montbrison,42147,42600,Appartement,74.0,235000.0,3175.68,2024-12-11
Veauche,42323,42340,Maison,83.0,265685.0,3201.02,2024-12-18
Saint-Étienne,42218,42000,Appartement,66.0,65000.0,984.85,2024-12-04
Firminy,42095,42700,Appartement,63.0,124000.0,1968.25,2024-12-18
Firminy,42095,42700,Appartement,66.0,75000.0,1136.36,2024-12-11
Saint-Étienne,42218,42100,Appartement,56.0,69585.0,1242.59,2024-12-18
La Ricamarie,42183,42150,Maison,86.0,175000.0,2034.88,2024-12-13
Saint-Chamond,42207,42400,Appartement,76.0,128000.0,1684.21,2024-12-16
Saint-Chamond,42207,42400,Appartement,84.0,118750.0,1413.69,2024-11-19
Le Chambon-Feugerolles,42044,42500,Appartement,65.0,179000.0,2753.85,2024-12-17
Montrond-les-Bains,42149,42210,Maison,101.0,761880.0,7543.37,2024-12-18
Montrond-les-Bains,42149,42210,Maison,135.0,761880.0,5643.56,2024-12-18
Genilac,42225,42800,Maison,87.0,190000.0,2183.91,2024-12-16
Unieux,42316,42240,Appartement,85.0,105000.0,1235.29,2024-12-18
Saint-Maurice-en-Gourgois,42262,42240,Maison,81.0,237760.0,2935.31,2024-12-13
Genilac,42225,42800,Maison,87.0,190000.0,2183.91,2024-12-16
Genilac,42225,42800,Maison,86.0,210000.0,2441.86,2024-12-16
Unieux,42316,42240,Appartement,112.0,200000.0,1785.71,2024-12-18
Unieux,42316,42240,Appartement,60.0,200000.0,3333.33,2024-12-18
Panissières,42165,42360,Maison,166.0,47000.0,283.13,2024-12-17
Saint-Étienne,42218,42100,Appartement,77.0,68000.0,883.12,2024-12-19
Maclas,42129,42520,Maison,140.0,408213.22,2915.81,2024-12-19
Saint-Étienne,42218,42100,Appartement,34.0,40000.0,1176.47,2024-12-09
Saint-Étienne,42218,42000,Appartement,140.0,800000.0,5714.29,2024-12-10
Saint-Étienne,42218,42000,Appartement,64.0,800000.0,12500.0,2024-12-10
Saint-Étienne,42218,42000,Appartement,69.0,800000.0,11594.2,2024-12-10
Saint-Étienne,42218,42000,Appartement,84.0,800000.0,9523.81,2024-12-10
Saint-Étienne,42218,42000,Appartement,64.0,800000.0,12500.0,2024-12-10
Montrond-les-Bains,42149,42210,Appartement,34.0,92500.0,2720.59,2024-12-16
Saint-Étienne,42218,42100,Appartement,40.0,40000.0,1000.0,2024-12-12
Firminy,42095,42700,Appartement,72.0,55000.0,763.89,2024-12-13
Saint-Étienne,42218,42100,Appartement,52.0,155000.0,2980.77,2024-12-12
Saint-Étienne,42218,42100,Appartement,54.0,155000.0,2870.37,2024-12-12
Virigneux,42336,42140,Maison,100.0,211000.0,2110.0,2024-12-09
Saint-Étienne,42218,42000,Appartement,53.0,25000.0,471.7,2024-12-20
Saint-Genest-Lerpt,42223,42530,Maison,88.0,261500.0,2971.59,2024-12-19
Feurs,42094,42110,Maison,146.0,272850.0,1868.84,2024-12-20
Saint-Just-Saint-Rambert,42279,42170,Maison,78.0,245000.0,3141.03,2024-12-11
Saint-Étienne,42218,42000,Appartement,89.0,105000.0,1179.78,2024-12-11
La Fouillouse,42097,42480,Appartement,79.0,139000.0,1759.49,2024-12-11
Le Chambon-Feugerolles,42044,42500,Maison,50.0,60000.0,1200.0,2024-12-13
Saint-Étienne,42218,42100,Appartement,41.0,44000.0,1073.17,2024-12-09
Saint-Genest-Lerpt,42223,42530,Appartement,39.0,62200.0,1594.87,2024-12-12
Vérin,42327,42410,Maison,93.0,413000.0,4440.86,2024-12-09
Vérin,42327,42410,Maison,93.0,413000.0,4440.86,2024-12-09
Saint-Étienne,42218,42100,Appartement,58.0,76000.0,1310.34,2024-12-16
Unieux,42316,42240,Appartement,39.0,52250.0,1339.74,2024-12-12
Saint-Étienne,42218,42100,Appartement,55.0,57000.0,1036.36,2024-12-13
Saint-Étienne,42218,42000,Appartement,68.0,75000.0,1102.94,2024-12-13
Saint-Genest-Lerpt,42223,42530,Appartement,85.0,130500.0,1535.29,2024-12-12
Saint-Étienne,42218,42100,Appartement,36.0,35500.0,986.11,2024-12-12
Rive-de-Gier,42186,42800,Maison,58.0,180000.0,3103.45,2024-12-17
Estivareilles,42091,42380,Maison,95.0,251000.0,2642.11,2024-12-16
Estivareilles,42091,42380,Maison,95.0,251000.0,2642.11,2024-12-16
Saint-Étienne,42218,42100,Maison,114.0,215000.0,1885.96,2024-12-16
La Fouillouse,42097,42480,Appartement,50.0,99000.0,1980.0,2024-12-12
Saint-Étienne,42218,42100,Appartement,27.0,32000.0,1185.19,2024-12-12
Saint-Étienne,42218,42100,Maison,78.0,289550.0,3712.18,2024-12-16
Saint-Étienne,42218,42100,Maison,78.0,289550.0,3712.18,2024-12-16
Sury-le-Comtal,42304,42450,Maison,85.0,211100.0,2483.53,2024-12-13
Rive-de-Gier,42186,42800,Appartement,86.0,110000.0,1279.07,2024-12-17
Saint-Étienne,42218,42100,Appartement,30.0,54140.0,1804.67,2024-12-18
Saint-Denis-sur-Coise,42216,42140,Maison,134.0,400000.0,2985.07,2024-12-07
Saint-Étienne,42218,42000,Appartement,34.0,53300.0,1567.65,2024-12-23
Saint-Chamond,42207,42400,Maison,37.0,50000.0,1351.35,2024-12-13
Saint-Priest-en-Jarez,42275,42270,Maison,107.0,183000.0,1710.28,2024-12-17
Saint-Étienne,42218,42000,Appartement,35.0,81000.0,2314.29,2024-12-10
Planfoy,42172,42660,Maison,73.0,111000.0,1520.55,2024-12-06
Saint-Étienne,42218,42100,Appartement,60.0,81785.0,1363.08,2024-12-11
Véranne,42326,42520,Maison,90.0,205000.0,2277.78,2024-12-27
Saint-Michel-sur-Rhône,42265,42410,Maison,114.0,285000.0,2500.0,2024-12-27
Saint-Michel-sur-Rhône,42265,42410,Maison,114.0,285000.0,2500.0,2024-12-27
Saint-Chamond,42207,42400,Maison,95.0,210000.0,2210.53,2024-12-09
Montbrison,42147,42600,Maison,110.0,184000.0,1672.73,2024-12-18
Veauche,42323,42340,Maison,82.0,200000.0,2439.02,2024-12-17
Aveizieux,42010,42330,Maison,90.0,162500.0,1805.56,2024-12-19
Saint-Étienne,42218,42000,Appartement,18.0,35000.0,1944.44,2024-12-16
Saint-Galmier,42222,42330,Maison,124.0,255000.0,2056.45,2024-12-20
Saint-Galmier,42222,42330,Maison,124.0,255000.0,2056.45,2024-12-20
Veauche,42323,42340,Appartement,79.0,213500.0,2702.53,2024-11-27
Le Chambon-Feugerolles,42044,42500,Appartement,89.0,38000.0,426.97,2024-12-30
Saint-Étienne,42218,42100,Appartement,120.0,174900.0,1457.5,2024-12-18
Jonzieux,42115,42660,Maison,111.0,230000.0,2072.07,2024-12-23
Saint-Étienne,42218,42100,Appartement,65.0,90000.0,1384.62,2024-12-20
Saint-Marcellin-en-Forez,42256,42680,Maison,94.0,269000.0,2861.7,2024-12-23
Saint-Just-Saint-Rambert,42279,42170,Maison,117.0,317950.0,2717.52,2024-12-23
Saint-Just-Saint-Rambert,42279,42170,Maison,117.0,317950.0,2717.52,2024-12-23
Saint-Étienne,42218,42100,Appartement,52.0,61500.0,1182.69,2024-12-16
Saint-Priest-en-Jarez,42275,42270,Appartement,70.0,207000.0,2957.14,2024-12-19
Saint-Étienne,42218,42100,Appartement,90.0,72000.0,800.0,2024-12-19
Saint-Étienne,42218,42000,Maison,102.0,196000.0,1921.57,2024-12-18
La Fouillouse,42097,42480,Maison,94.0,150000.0,1595.74,2024-12-23
La Fouillouse,42097,42480,Maison,94.0,150000.0,1595.74,2024-12-23
La Fouillouse,42097,42480,Maison,94.0,150000.0,1595.74,2024-12-23
Saint-Étienne,42218,42100,Appartement,70.0,55000.0,785.71,2024-12-17
Saint-Étienne,42218,42100,Appartement,49.0,45600.0,930.61,2024-12-20
La Ricamarie,42183,42150,Appartement,64.0,40000.0,625.0,2024-12-30
Unieux,42316,42240,Appartement,62.0,77000.0,1241.94,2024-12-30
La Fouillouse,42097,42480,Appartement,104.0,230000.0,2211.54,2024-12-20
Fraisses,42099,42490,Maison,96.0,243000.0,2531.25,2024-12-16
Saint-Étienne,42218,42100,Appartement,85.0,143000.0,1682.35,2024-12-23
Roche-la-Molière,42189,42230,Maison,88.0,340000.0,3863.64,2024-12-17
Saint-Cyr-les-Vignes,42214,42210,Maison,105.0,275000.0,2619.05,2024-12-26
Saint-Étienne,42218,42100,Appartement,63.0,56000.0,888.89,2024-12-12
Roche-la-Molière,42189,42230,Appartement,68.0,155000.0,2279.41,2024-12-19
Saint-Étienne,42218,42100,Appartement,59.0,48000.0,813.56,2024-12-18
Saint-Étienne,42218,42100,Appartement,41.0,56600.0,1380.49,2024-12-26
Poncins,42174,42110,Maison,58.0,130000.0,2241.38,2024-12-27
Poncins,42174,42110,Maison,58.0,130000.0,2241.38,2024-12-27
Saint-Étienne,42218,42100,Appartement,76.0,56000.0,736.84,2024-12-13
Saint-Marcellin-en-Forez,42256,42680,Maison,90.0,258150.0,2868.33,2024-12-17
Boën-sur-Lignon,42019,42130,Appartement,44.0,110000.0,2500.0,2024-12-20
Boën-sur-Lignon,42019,42130,Appartement,86.0,110000.0,1279.07,2024-12-20
Boën-sur-Lignon,42019,42130,Appartement,45.0,110000.0,2444.44,2024-12-20
Boën-sur-Lignon,42019,42130,Appartement,37.0,110000.0,2972.97,2024-12-20
Saint-Sauveur-en-Rue,42287,42220,Maison,149.0,225000.0,1510.07,2024-12-13
Saint-Sauveur-en-Rue,42287,42220,Maison,149.0,225000.0,1510.07,2024-12-13
Saint-Maurice-en-Gourgois,42262,42240,Appartement,54.0,79000.0,1462.96,2024-12-20
Saint-Étienne,42218,42100,Appartement,58.0,82000.0,1413.79,2024-12-23
Saint-Chamond,42207,42400,Maison,102.0,278400.0,2729.41,2024-12-20
Saint-Étienne,42218,42100,Appartement,60.0,25000.0,416.67,2024-12-30
Saint-Marcellin-en-Forez,42256,42680,Maison,70.0,149000.0,2128.57,2024-12-27
Saint-Étienne,42218,42100,Appartement,68.0,152500.0,2242.65,2024-12-16
Andrézieux-Bouthéon,42005,42160,Maison,50.0,170000.0,3400.0,2024-12-19
La Fouillouse,42097,42480,Maison,164.0,385000.0,2347.56,2024-12-16
Saint-Just-Saint-Rambert,42279,42170,Appartement,96.0,200050.0,2083.85,2024-12-18
Saint-Étienne,42218,42100,Appartement,66.0,80000.0,1212.12,2024-12-18
Saint-Just-Saint-Rambert,42279,42170,Maison,64.0,205500.0,3210.94,2024-12-20
L'Horme,42110,42152,Appartement,75.0,470000.0,6266.67,2024-12-19
L'Horme,42110,42152,Appartement,71.0,470000.0,6619.72,2024-12-19
L'Horme,42110,42152,Appartement,71.0,470000.0,6619.72,2024-12-19
L'Horme,42110,42152,Appartement,75.0,470000.0,6266.67,2024-12-19
L'Horme,42110,42152,Appartement,75.0,470000.0,6266.67,2024-12-19
L'Horme,42110,42152,Appartement,58.0,470000.0,8103.45,2024-12-19
L'Horme,42110,42152,Appartement,37.0,470000.0,12702.7,2024-12-19
L'Horme,42110,42152,Appartement,80.0,470000.0,5875.0,2024-12-19
L'Horme,42110,42152,Appartement,37.0,470000.0,12702.7,2024-12-19
L'Horme,42110,42152,Appartement,54.0,470000.0,8703.7,2024-12-19
Saint-Étienne,42218,42000,Appartement,130.0,177000.0,1361.54,2024-12-20
Saint-Just-Saint-Rambert,42279,42170,Maison,102.0,325200.0,3188.24,2024-12-13
Saint-Étienne,42218,42100,Appartement,52.0,190000.0,3653.85,2024-12-16
Rive-de-Gier,42186,42800,Appartement,56.0,57000.0,1017.86,2024-12-19
Saint-Marcellin-en-Forez,42256,42680,Maison,55.0,130000.0,2363.64,2024-12-30
Saint-Étienne,42218,42000,Appartement,56.0,128100.0,2287.5,2024-12-20
L'Horme,42110,42152,Maison,116.0,234000.0,2017.24,2024-12-30
Saint-Just-Saint-Rambert,42279,42170,Maison,90.0,268400.0,2982.22,2024-12-20
Luriecq,42126,42380,Maison,105.0,285000.0,2714.29,2024-12-19
Cleppé,42066,42110,Maison,130.0,46000.0,353.85,2024-12-27
Saint-Étienne,42218,42000,Appartement,55.0,45000.0,818.18,2024-12-19
Saint-Paul-en-Jarez,42271,42740,Maison,100.0,1900000.0,19000.0,2024-12-19
Saint-Paul-en-Jarez,42271,42740,Maison,100.0,1900000.0,19000.0,2024-12-19
Saint-Étienne,42218,42100,Appartement,78.0,72000.0,923.08,2024-12-19
Saint-Joseph,42242,42800,Maison,88.0,225000.0,2556.82,2024-12-18
Saint-Joseph,42242,42800,Maison,88.0,225000.0,2556.82,2024-12-18
Saint-Étienne,42218,42000,Appartement,49.0,43000.0,877.55,2024-12-19
Rive-de-Gier,42186,42800,Maison,63.0,138400.0,2196.83,2024-12-12
Saint-Étienne,42218,42000,Appartement,100.0,83998.0,839.98,2024-12-20
La Grand-Croix,42103,42320,Maison,125.0,235300.0,1882.4,2024-12-23
Saint-Étienne,42218,42100,Appartement,83.0,153000.0,1843.37,2024-12-18
Genilac,42225,42800,Maison,77.0,318900.0,4141.56,2024-12-20
Genilac,42225,42800,Maison,77.0,318900.0,4141.56,2024-12-20
Saint-Romain-le-Puy,42285,42610,Maison,100.0,246800.0,2468.0,2024-12-18
Rive-de-Gier,42186,42800,Maison,80.0,155500.0,1943.75,2024-12-19
Veauche,42323,42340,Maison,80.0,145000.0,1812.5,2024-12-26
Montbrison,42147,42600,Appartement,54.0,55000.0,1018.52,2024-12-19
Saint-Étienne,42218,42000,Appartement,74.0,83500.0,1128.38,2024-12-20
Saint-Martin-la-Plaine,42259,42800,Maison,204.0,580000.0,2843.14,2024-12-12
Saint-Martin-la-Plaine,42259,42800,Maison,204.0,580000.0,2843.14,2024-12-12
Valeille,42319,42110,Maison,125.0,152500.0,1220.0,2024-12-16
La Fouillouse,42097,42480,Maison,93.0,205000.0,2204.3,2024-12-18
La Fouillouse,42097,42480,Maison,93.0,205000.0,2204.3,2024-12-18
Chalmazel-Jeansagnière,42039,42920,Maison,181.0,50000.0,276.24,2024-12-18
Saint-Chamond,42207,42400,Maison,90.0,139500.0,1550.0,2024-12-23
Saint-Genest-Lerpt,42223,42530,Maison,101.0,190000.0,1881.19,2024-12-19
Saint-Genest-Lerpt,42223,42530,Maison,101.0,190000.0,1881.19,2024-12-19
Saint-Étienne,42218,42000,Appartement,113.0,52250.0,462.39,2024-12-18
Saint-Étienne,42218,42100,Appartement,74.0,95000.0,1283.78,2024-12-20
L'Hôpital-le-Grand,42108,42210,Maison,90.0,218000.0,2422.22,2024-12-16
Saint-Maurice-en-Gourgois,42262,42240,Maison,134.0,158000.0,1179.1,2024-12-17
Saint-Just-Saint-Rambert,42279,42170,Maison,102.0,220000.0,2156.86,2024-12-23
Saint-Étienne,42218,42000,Appartement,81.0,139500.0,1722.22,2024-12-20
Saint-Genest-Lerpt,42223,42530,Appartement,48.0,62000.0,1291.67,2024-12-27
Chambles,42042,42170,Maison,81.0,182000.0,2246.91,2024-12-30
Chambles,42042,42170,Maison,81.0,182000.0,2246.91,2024-12-30
Saint-Chamond,42207,42400,Maison,112.0,343710.0,3068.84,2024-12-27
La Fouillouse,42097,42480,Maison,105.0,120000.0,1142.86,2024-12-20
La Fouillouse,42097,42480,Maison,105.0,120000.0,1142.86,2024-12-20
Bonson,42022,42160,Maison,99.0,200000.0,2020.2,2024-12-27
Saint-Marcellin-en-Forez,42256,42680,Maison,80.0,215000.0,2687.5,2024-12-24
Saint-Étienne,42218,42000,Appartement,84.0,238400.0,2838.1,2024-12-30
Saint-Romain-en-Jarez,42283,42800,Maison,68.0,400000.0,5882.35,2024-12-18
Saint-Romain-en-Jarez,42283,42800,Maison,110.0,400000.0,3636.36,2024-12-18
Sail-sous-Couzan,42195,42890,Maison,70.0,84500.0,1207.14,2024-12-20
Saint-Étienne,42218,42100,Appartement,62.0,80000.0,1290.32,2024-12-17
Saint-Étienne,42218,42000,Appartement,35.0,64000.0,1828.57,2024-12-11
Saint-Étienne,42218,42100,Appartement,45.0,35000.0,777.78,2024-12-20
Saint-Étienne,42218,42000,Appartement,53.0,75000.0,1415.09,2024-12-19
Saint-Étienne,42218,42000,Appartement,84.0,99000.0,1178.57,2024-12-20
Feurs,42094,42110,Appartement,57.0,93000.0,1631.58,2024-12-30
Saint-Maurice-en-Gourgois,42262,42240,Maison,99.0,80000.0,808.08,2024-12-06
Montbrison,42147,42600,Appartement,60.0,123000.0,2050.0,2024-12-16
Saint-Étienne,42218,42000,Appartement,61.0,93000.0,1524.59,2024-12-20
Saint-Galmier,42222,42330,Appartement,30.0,63000.0,2100.0,2024-12-27
Le Chambon-Feugerolles,42044,42500,Appartement,108.0,69300.0,641.67,2024-12-30
L'Horme,42110,42152,Appartement,70.0,147000.0,2100.0,2024-12-17
Saint-Étienne,42218,42000,Appartement,77.0,115391.0,1498.58,2024-12-31
Saint-Marcellin-en-Forez,42256,42680,Maison,63.0,299000.0,4746.03,2024-12-20
Saint-Marcellin-en-Forez,42256,42680,Maison,63.0,299000.0,4746.03,2024-12-20
Firminy,42095,42700,Appartement,66.0,60000.0,909.09,2024-12-23
Saint-Étienne,42218,42100,Appartement,19.0,34000.0,1789.47,2024-12-31
Rive-de-Gier,42186,42800,Maison,99.0,360000.0,3636.36,2024-12-30
Rive-de-Gier,42186,42800,Maison,99.0,360000.0,3636.36,2024-12-30
Sorbiers,42302,42290,Maison,85.0,273500.0,3217.65,2024-12-16
Dargoire,42083,42800,Maison,80.0,167000.0,2087.5,2024-12-23
Saint-Chamond,42207,42400,Maison,84.0,165000.0,1964.29,2024-12-20
Rive-de-Gier,42186,42800,Maison,95.0,192260.0,2023.79,2024-12-30
Saint-Étienne,42218,42000,Appartement,75.0,118750.0,1583.33,2024-12-23
Rive-de-Gier,42186,42800,Maison,112.0,223300.0,1993.75,2024-12-30
Saint-Étienne,42218,42100,Appartement,141.0,70000.0,496.45,2024-12-18
Saint-Chamond,42207,42400,Maison,104.0,214000.0,2057.69,2024-12-30
Saint-Chamond,42207,42400,Appartement,75.0,243000.0,3240.0,2024-12-23
Saint-Chamond,42207,42400,Appartement,98.0,243000.0,2479.59,2024-12-23
Saint-Paul-en-Jarez,42271,42740,Appartement,105.0,185000.0,1761.9,2024-11-28
Saint-Martin-la-Plaine,42259,42800,Maison,98.0,255000.0,2602.04,2024-12-23
Saint-Martin-la-Plaine,42259,42800,Maison,98.0,255000.0,2602.04,2024-12-23
Saint-Chamond,42207,42400,Maison,93.0,217900.0,2343.01,2024-12-20
Saint-Pierre-de-Bœuf,42272,42520,Maison,92.0,257750.0,2801.63,2024-12-11
Fraisses,42099,42490,Appartement,82.0,90000.0,1097.56,2024-12-17
Saint-Priest-en-Jarez,42275,42270,Maison,93.0,485600.0,5221.51,2024-12-18
Saint-Étienne,42218,42000,Appartement,57.0,80000.0,1403.51,2024-12-31
Saint-Étienne,42218,42000,Appartement,40.0,80000.0,2000.0,2024-12-31
Saint-Étienne,42218,42000,Appartement,60.0,86000.0,1433.33,2024-12-10
Saint-Martin-la-Plaine,42259,42800,Maison,38.0,122000.0,3210.53,2024-12-17
Saint-Barthélemy-Lestra,42202,42110,Maison,120.0,192666.11,1605.55,2024-11-29
Roche-la-Molière,42189,42230,Appartement,69.0,120000.0,1739.13,2024-12-19
Saint-Étienne,42218,42100,Appartement,133.0,152000.0,1142.86,2024-12-23
Saint-Étienne,42218,42000,Appartement,80.0,81000.0,1012.5,2024-12-18
Saint-Étienne,42218,42000,Appartement,39.0,49000.0,1256.41,2024-12-18
Saint-Étienne,42218,42000,Appartement,25.0,49000.0,1960.0,2024-12-18
Saint-Étienne,42218,42000,Appartement,15.0,49000.0,3266.67,2024-12-18
Saint-Chamond,42207,42400,Appartement,95.0,106000.0,1115.79,2024-12-13
Saint-Étienne,42218,42000,Appartement,80.0,63000.0,787.5,2024-12-18
Saint-Chamond,42207,42400,Maison,120.0,237500.0,1979.17,2024-12-20
Saint-Chamond,42207,42400,Maison,105.0,140000.0,1333.33,2024-12-17
Le Bessat,42017,42660,Maison,70.0,252770.0,3611.0,2024-12-23
Feurs,42094,42110,Maison,85.0,170000.0,2000.0,2024-12-24
Boën-sur-Lignon,42019,42130,Appartement,44.0,170000.0,3863.64,2024-12-26
Boën-sur-Lignon,42019,42130,Appartement,45.0,170000.0,3777.78,2024-12-26
Boën-sur-Lignon,42019,42130,Appartement,86.0,170000.0,1976.74,2024-12-26
Boën-sur-Lignon,42019,42130,Appartement,37.0,170000.0,4594.59,2024-12-26
Saint-Priest-en-Jarez,42275,42270,Appartement,130.0,260000.0,2000.0,2024-12-18
Saint-Chamond,42207,42400,Appartement,100.0,150000.0,1500.0,2024-12-18
Grézieux-le-Fromental,42105,42600,Maison,132.0,92771.81,702.82,2024-12-16
Saint-Jean-Bonnefonds,42237,42650,Maison,106.0,315000.0,2971.7,2024-12-30
Saint-Jean-Bonnefonds,42237,42650,Maison,106.0,315000.0,2971.7,2024-12-30
Saint-Étienne,42218,42000,Appartement,80.0,45000.0,562.5,2024-12-18
Saint-Étienne,42218,42000,Appartement,64.0,245000.0,3828.12,2024-12-18
Saint-Étienne,42218,42000,Appartement,84.0,245000.0,2916.67,2024-12-18
Saint-Étienne,42218,42000,Appartement,69.0,245000.0,3550.72,2024-12-18
Saint-Étienne,42218,42000,Appartement,53.0,65000.0,1226.42,2024-12-19
Saint-Étienne,42218,42000,Maison,92.0,110000.0,1195.65,2024-12-19
Saint-Chamond,42207,42400,Maison,40.0,70000.0,1750.0,2024-12-30
Saint-Étienne,42218,42100,Maison,211.0,378150.0,1792.18,2024-12-23
Lorette,42123,42420,Appartement,65.0,140000.0,2153.85,2024-12-16
Saint-Étienne,42218,42000,Appartement,67.0,130000.0,1940.3,2024-12-16
Unieux,42316,42240,Maison,55.0,124650.0,2266.36,2024-12-20
Saint-Étienne,42218,42100,Appartement,53.0,20000.0,377.36,2024-12-09
Saint-Priest-en-Jarez,42275,42270,Appartement,84.0,136000.0,1619.05,2024-12-26
Saint-Just-Saint-Rambert,42279,42170,Maison,122.0,216000.0,1770.49,2024-12-18
Saint-Just-Saint-Rambert,42279,42170,Maison,122.0,216000.0,1770.49,2024-12-18
Aboën,42001,42380,Appartement,62.0,105000.0,1693.55,2024-12-20
Aboën,42001,42380,Appartement,48.0,105000.0,2187.5,2024-12-20
Aboën,42001,42380,Appartement,30.0,105000.0,3500.0,2024-12-20
Aboën,42001,42380,Appartement,78.0,105000.0,1346.15,2024-12-20
Firminy,42095,42700,Maison,93.0,240000.0,2580.65,2024-12-13
Saint-Étienne,42218,42100,Appartement,50.0,70000.0,1400.0,2024-12-26
Chenereilles,42060,42560,Maison,40.0,260000.0,6500.0,2024-12-19
Chenereilles,42060,42560,Maison,155.0,260000.0,1677.42,2024-12-19
Saint-Étienne,42218,42000,Appartement,74.0,109500.0,1479.73,2024-12-20
Saint-Just-Saint-Rambert,42279,42170,Maison,85.0,152850.0,1798.24,2024-12-13
La Valla-en-Gier,42322,42131,Maison,48.0,47000.0,979.17,2024-12-16
Saint-Étienne,42218,42000,Appartement,32.0,38000.0,1187.5,2024-12-23
Firminy,42095,42700,Appartement,93.0,35000.0,376.34,2024-12-13
Saint-Étienne,42218,42100,Appartement,56.0,79000.0,1410.71,2024-12-16
Margerie-Chantagret,42137,42560,Maison,347.0,204000.0,587.9,2024-12-18
Andrézieux-Bouthéon,42005,42160,Appartement,70.0,185000.0,2642.86,2024-12-18
Saint-Étienne,42218,42100,Appartement,28.0,70000.0,2500.0,2024-12-30
Saint-Étienne,42218,42100,Appartement,21.0,70000.0,3333.33,2024-12-30
Saint-Étienne,42218,42100,Appartement,65.0,70000.0,1076.92,2024-12-30
Saint-Étienne,42218,42100,Appartement,11.0,70000.0,6363.64,2024-12-30
Saint-Étienne,42218,42100,Appartement,58.0,70000.0,1206.9,2024-12-30
Saint-Étienne,42218,42100,Appartement,41.0,70000.0,1707.32,2024-12-30
Saint-Étienne,42218,42000,Appartement,38.0,44000.0,1157.89,2024-12-20
Saint-Étienne,42218,42000,Appartement,42.0,15000.0,357.14,2024-12-17
Saint-Étienne,42218,42100,Appartement,203.0,1325000.0,6527.09,2024-12-26
Saint-Étienne,42218,42100,Appartement,56.0,49000.0,875.0,2024-12-30
Saint-Étienne,42218,42100,Appartement,68.0,65000.0,955.88,2024-12-17
Le Chambon-Feugerolles,42044,42500,Appartement,103.0,115000.0,1116.5,2024-12-23
Veauchette,42324,42340,Maison,72.0,250000.0,3472.22,2024-12-13
Saint-Étienne,42218,42000,Appartement,26.0,57000.0,2192.31,2024-12-27
Saint-Étienne,42218,42000,Appartement,29.0,57000.0,1965.52,2024-12-27
Saint-Étienne,42218,42100,Appartement,110.0,119000.0,1081.82,2024-12-20
Saint-Étienne,42218,42100,Appartement,20.0,28000.0,1400.0,2024-12-20
Roche-la-Molière,42189,42230,Maison,130.0,120000.0,923.08,2024-12-18
Saint-Étienne,42218,42100,Appartement,123.0,162500.0,1321.14,2024-12-16
Saint-Christo-en-Jarez,42208,42320,Maison,149.0,396800.0,2663.09,2024-12-17
Saint-Cyr-les-Vignes,42214,42210,Maison,100.0,138359.0,1383.59,2024-12-20
Pélussin,42168,42410,Appartement,75.0,134300.0,1790.67,2024-12-20
Pavezin,42167,42410,Maison,105.0,100000.0,952.38,2024-12-19
Saint-Galmier,42222,42330,Maison,60.0,86000.0,1433.33,2024-12-19
Saint-Chamond,42207,42400,Appartement,71.0,50000.0,704.23,2024-12-19
Saint-Chamond,42207,42400,Appartement,71.0,50000.0,704.23,2024-12-19
Roche-la-Molière,42189,42230,Appartement,73.0,88000.0,1205.48,2024-12-20
Saint-Étienne,42218,42100,Appartement,77.0,61000.0,792.21,2024-12-20
Saint-Étienne,42218,42100,Appartement,70.0,120000.0,1714.29,2024-12-13
Saint-Marcellin-en-Forez,42256,42680,Maison,110.0,245000.0,2227.27,2024-12-18
Unieux,42316,42240,Appartement,55.0,91000.0,1654.55,2024-12-31
Saint-Chamond,42207,42400,Appartement,78.0,120000.0,1538.46,2024-12-20
Saint-Étienne,42218,42100,Appartement,67.0,95000.0,1417.91,2024-12-19
Saint-Étienne,42218,42000,Appartement,41.0,49500.0,1207.32,2024-12-26
Andrézieux-Bouthéon,42005,42160,Maison,160.0,300000.0,1875.0,2024-12-09
Saint-Étienne,42218,42000,Appartement,83.0,113000.0,1361.45,2024-12-18
Firminy,42095,42700,Appartement,67.0,165000.0,2462.69,2024-12-20
Firminy,42095,42700,Appartement,86.0,165000.0,1918.6,2024-12-20
Firminy,42095,42700,Appartement,67.0,165000.0,2462.69,2024-12-20
Firminy,42095,42700,Appartement,51.0,165000.0,3235.29,2024-12-20
Firminy,42095,42700,Appartement,46.0,165000.0,3586.96,2024-12-20
Firminy,42095,42700,Appartement,54.0,165000.0,3055.56,2024-12-20
Firminy,42095,42700,Appartement,32.0,165000.0,5156.25,2024-12-20
Saint-Étienne,42218,42000,Appartement,130.0,173000.0,1330.77,2024-12-10
Villars,42330,42390,Appartement,79.0,88000.0,1113.92,2024-12-18
Cellieu,42032,42320,Maison,92.0,254650.0,2767.93,2024-12-27
Cellieu,42032,42320,Maison,90.0,254650.0,2829.44,2024-12-27
Lézigneux,42122,42600,Appartement,66.0,167000.0,2530.3,2024-12-23
Boën-sur-Lignon,42019,42130,Maison,75.0,131000.0,1746.67,2024-12-20
Saint-Étienne,42218,42100,Appartement,59.0,85500.0,1449.15,2024-12-20
Saint-Étienne,42218,42100,Appartement,72.0,118750.0,1649.31,2024-12-30
Saint-Étienne,42218,42100,Appartement,58.0,58000.0,1000.0,2024-12-23
Sorbiers,42302,42290,Maison,101.0,247900.0,2454.46,2024-12-20
Veauche,42323,42340,Maison,99.0,329850.0,3331.82,2024-12-18
La Tour-en-Jarez,42311,42580,Maison,154.0,382200.0,2481.82,2024-12-23
Saint-Étienne,42218,42000,Appartement,43.0,41080.0,955.35,2024-12-23
Bourg-Argental,42023,42220,Appartement,67.0,75000.0,1119.4,2024-12-23
Bourg-Argental,42023,42220,Appartement,67.0,75000.0,1119.4,2024-12-23
La Talaudière,42305,42350,Appartement,31.0,51250.0,1653.23,2024-12-18
Saint-Étienne,42218,42000,Appartement,48.0,46000.0,958.33,2024-12-26
La Talaudière,42305,42350,Appartement,63.0,112000.0,1777.78,2024-12-19
Saint-Étienne,42218,42100,Maison,190.0,365000.0,1921.05,2024-12-30
Saint-Étienne,42218,42100,Appartement,88.0,84000.0,954.55,2024-12-20
Saint-Jean-Bonnefonds,42237,42650,Appartement,76.0,144210.0,1897.5,2024-12-23
Saint-Étienne,42218,42000,Appartement,107.0,86000.0,803.74,2024-03-22
Saint-Chamond,42207,42400,Maison,79.0,242000.0,3063.29,2024-12-20
Sorbiers,42302,42290,Appartement,93.0,230400.0,2477.42,2024-12-20
Leigneux,42119,42130,Maison,82.0,73000.0,890.24,2024-12-26
Saint-Jean-Bonnefonds,42237,42650,Maison,90.0,254000.0,2822.22,2024-12-30
Grammond,42102,42140,Maison,132.0,201080.0,1523.33,2024-12-26
Saint-Priest-en-Jarez,42275,42270,Maison,95.0,209950.0,2210.0,2024-12-23
Saint-Étienne,42218,42100,Appartement,71.0,68000.0,957.75,2024-12-23
La Fouillouse,42097,42480,Appartement,49.0,52000.0,1061.22,2024-12-27
Doizieux,42085,42740,Maison,174.0,333000.0,1913.79,2024-12-16
Montbrison,42147,42600,Maison,111.0,218850.0,1971.62,2024-12-31
Saint-Jean-Bonnefonds,42237,42650,Appartement,69.0,207500.0,3007.25,2024-12-26
Saint-Étienne,42218,42000,Appartement,40.0,185000.0,4625.0,2024-12-31
Saint-Étienne,42218,42000,Appartement,40.0,185000.0,4625.0,2024-12-31
Saint-Étienne,42218,42000,Appartement,48.0,185000.0,3854.17,2024-12-31
Saint-Étienne,42218,42000,Appartement,105.0,90000.0,857.14,2024-12-27
Saint-Christo-en-Jarez,42208,42320,Maison,148.0,380000.0,2567.57,2024-12-16
Saint-Christo-en-Jarez,42208,42320,Maison,148.0,380000.0,2567.57,2024-12-16
Saint-Christo-en-Jarez,42208,42320,Maison,148.0,380000.0,2567.57,2024-12-16
Lézigneux,42122,42600,Maison,102.0,110955.0,1087.79,2024-12-31
Montbrison,42147,42600,Maison,73.0,180000.0,2465.75,2024-12-23
Saint-Étienne,42218,42000,Appartement,64.0,90000.0,1406.25,2024-12-20
Saint-Étienne,42218,42100,Appartement,44.0,52000.0,1181.82,2024-12-13
Saint-Cyprien,42211,42160,Maison,120.0,50000.0,416.67,2024-12-30
Saint-Jean-Bonnefonds,42237,42650,Maison,117.0,247000.0,2111.11,2024-12-30
Champdieu,42046,42600,Maison,150.0,375000.0,2500.0,2024-12-30
Champdieu,42046,42600,Maison,150.0,375000.0,2500.0,2024-12-30
Champdieu,42046,42600,Maison,150.0,375000.0,2500.0,2024-12-30
Saint-Étienne,42218,42000,Appartement,66.0,63000.0,954.55,2024-12-27
Saint-Étienne,42218,42000,Appartement,32.0,63000.0,1968.75,2024-12-27
Saint-Étienne,42218,42000,Appartement,37.0,220000.0,5945.95,2024-12-23
Saint-Étienne,42218,42000,Appartement,41.0,220000.0,5365.85,2024-12-23
Saint-Étienne,42218,42000,Appartement,34.0,220000.0,6470.59,2024-12-23
Saint-Étienne,42218,42000,Appartement,22.0,220000.0,10000.0,2024-12-23
Genilac,42225,42800,Maison,200.0,581000.0,2905.0,2024-12-20
Sorbiers,42302,42290,Maison,79.0,327750.0,4148.73,2024-12-27
Saint-Étienne,42218,42100,Appartement,35.0,63800.0,1822.86,2024-12-09
Saint-Étienne,42218,42000,Appartement,39.0,36600.0,938.46,2024-12-20
Bourg-Argental,42023,42220,Appartement,72.0,172000.0,2388.89,2024-12-17
Bourg-Argental,42023,42220,Appartement,64.0,172000.0,2687.5,2024-12-17
Feurs,42094,42110,Maison,100.0,190000.0,1900.0,2024-12-16
Roche-la-Molière,42189,42230,Appartement,66.0,57000.0,863.64,2024-12-18
Montbrison,42147,42600,Maison,137.0,270000.0,1970.8,2024-12-26
Saint-Étienne,42218,42100,Appartement,90.0,95000.0,1055.56,2024-12-27
Saint-Martin-Lestra,42261,42110,Maison,105.0,77000.0,733.33,2024-12-19
Saint-Étienne,42218,42000,Appartement,72.0,128500.0,1784.72,2024-12-18
Saint-Étienne,42218,42000,Appartement,69.0,85000.0,1231.88,2024-12-30
Andrézieux-Bouthéon,42005,42160,Appartement,49.0,103000.0,2102.04,2024-12-26
Montbrison,42147,42600,Maison,38.0,400000.0,10526.32,2024-12-30
Saint-Étienne,42218,42100,Appartement,110.0,115000.0,1045.45,2024-12-17
Saint-Étienne,42218,42000,Maison,59.0,233300.0,3954.24,2024-12-30
Périgneux,42169,42380,Maison,72.0,100000.0,1388.89,2024-12-20
Andrézieux-Bouthéon,42005,42160,Appartement,66.0,93000.0,1409.09,2024-12-17
Saint-Étienne,42218,42100,Appartement,50.0,54000.0,1080.0,2024-12-30
Saint-Étienne,42218,42230,Maison,102.0,180000.0,1764.71,2024-12-30
Saint-Étienne,42218,42000,Appartement,41.0,60000.0,1463.41,2024-12-19
Saint-Étienne,42218,42100,Appartement,79.0,32500.0,411.39,2024-12-23
Andrézieux-Bouthéon,42005,42160,Appartement,47.0,56000.0,1191.49,2024-12-30
Luriecq,42126,42380,Maison,68.0,135000.0,1985.29,2024-12-30
Sauvain,42298,42990,Maison,62.0,205000.0,3306.45,2024-12-20
Andrézieux-Bouthéon,42005,42160,Maison,148.0,549000.0,3709.46,2024-12-20
Saint-Chamond,42207,42400,Maison,60.0,160000.0,2666.67,2024-12-20
Sury-le-Comtal,42304,42450,Maison,80.0,120700.0,1508.75,2024-12-30
Saint-Étienne,42218,42100,Appartement,79.0,133500.0,1689.87,2024-12-09
Andrézieux-Bouthéon,42005,42160,Appartement,48.0,80000.0,1666.67,2024-12-09
Rozier-Côtes-d'Aurec,42192,42380,Maison,74.0,164000.0,2216.22,2024-12-26
Rozier-Côtes-d'Aurec,42192,42380,Maison,74.0,164000.0,2216.22,2024-12-26
Bard,42012,42600,Appartement,42.0,400000.0,9523.81,2024-12-19
Bard,42012,42600,Appartement,43.0,400000.0,9302.33,2024-12-19
Bard,42012,42600,Appartement,34.0,400000.0,11764.71,2024-12-19
Saint-Priest-en-Jarez,42275,42270,Appartement,74.0,335000.0,4527.03,2024-12-17
Lorette,42123,42420,Appartement,13.0,333015.0,25616.54,2024-12-19
Lorette,42123,42420,Appartement,87.0,333015.0,3827.76,2024-12-19
Lorette,42123,42420,Appartement,112.0,333015.0,2973.35,2024-12-19
Saint-Barthélemy-Lestra,42202,42110,Maison,70.0,150000.0,2142.86,2024-12-30
Saint-Étienne,42218,42000,Maison,90.0,205000.0,2277.78,2024-12-18
Saint-Étienne,42218,42000,Appartement,55.0,70000.0,1272.73,2024-12-19
Saint-Étienne,42218,42000,Appartement,59.0,350000.0,5932.2,2024-12-18
Saint-Étienne,42218,42000,Appartement,72.0,350000.0,4861.11,2024-12-18
Saint-Étienne,42218,42000,Appartement,49.0,350000.0,7142.86,2024-12-18
Saint-Étienne,42218,42000,Appartement,58.0,350000.0,6034.48,2024-12-18
Saint-Étienne,42218,42000,Appartement,100.0,350000.0,3500.0,2024-12-18
La Tourette,42312,42380,Maison,100.0,272000.0,2720.0,2024-12-30
La Tourette,42312,42380,Maison,100.0,272000.0,2720.0,2024-12-30
Panissières,42165,42360,Maison,120.0,316760.0,2639.67,2024-12-30
Saint-Chamond,42207,42400,Maison,140.0,290000.0,2071.43,2024-11-05
Saint-Chamond,42207,42400,Maison,140.0,290000.0,2071.43,2024-11-05
Pélussin,42168,42410,Maison,186.0,500000.0,2688.17,2024-12-30
Pélussin,42168,42410,Maison,186.0,500000.0,2688.17,2024-12-30
Pélussin,42168,42410,Maison,186.0,500000.0,2688.17,2024-12-30
Saint-Étienne,42218,42000,Appartement,70.0,106400.0,1520.0,2024-12-23
Saint-Étienne,42218,42100,Appartement,31.0,40850.0,1317.74,2024-12-26
Saint-André-le-Puy,42200,42210,Maison,156.0,440000.0,2820.51,2024-12-30
Saint-Étienne,42218,42000,Appartement,98.0,87000.0,887.76,2024-12-26
Saint-Étienne,42218,42000,Appartement,82.0,90000.0,1097.56,2024-12-26
Villars,42330,42390,Appartement,85.0,85000.0,1000.0,2024-12-27
Chevrières,42062,42140,Maison,95.0,264850.0,2787.89,2024-12-30
Chevrières,42062,42140,Maison,95.0,264850.0,2787.89,2024-12-30
La Fouillouse,42097,42480,Maison,80.0,159000.0,1987.5,2024-12-26
Montrond-les-Bains,42149,42210,Appartement,31.0,42000.0,1354.84,2024-12-20
Saint-Étienne,42218,42000,Appartement,43.0,108995.0,2534.77,2024-12-12
Saint-Étienne,42218,42000,Appartement,73.0,102750.0,1407.53,2024-12-27
Sury-le-Comtal,42304,42450,Maison,76.0,198550.0,2612.5,2024-12-19
Saint-Étienne,42218,42100,Appartement,49.0,83000.0,1693.88,2024-12-24
Saint-Étienne,42218,42000,Appartement,85.0,82000.0,964.71,2024-12-16
Saint-Étienne,42218,42100,Appartement,72.0,76500.0,1062.5,2024-12-23
Saint-Étienne,42218,42100,Appartement,75.0,69700.0,929.33,2024-12-20
La Fouillouse,42097,42480,Maison,105.0,255000.0,2428.57,2024-12-18
Saint-Étienne,42218,42100,Appartement,58.0,63000.0,1086.21,2024-12-23
Saint-Étienne,42218,42000,Appartement,39.0,38800.0,994.87,2024-12-27
Saint-Étienne,42218,42000,Appartement,131.0,198000.0,1511.45,2024-12-19
Sury-le-Comtal,42304,42450,Appartement,86.0,224000.0,2604.65,2024-12-27
Sury-le-Comtal,42304,42450,Appartement,63.0,224000.0,3555.56,2024-12-27
Montbrison,42147,42600,Appartement,57.0,178400.0,3129.82,2024-12-27
Montbrison,42147,42600,Appartement,57.0,178400.0,3129.82,2024-12-27
Montbrison,42147,42600,Appartement,60.0,178400.0,2973.33,2024-12-27
Saint-Étienne,42218,42000,Appartement,106.0,153900.0,1451.89,2024-12-23
Sury-le-Comtal,42304,42450,Maison,87.0,276150.0,3174.14,2024-12-23
Saint-Étienne,42218,42000,Appartement,84.0,88000.0,1047.62,2024-12-23
Saint-Joseph,42242,42800,Maison,74.0,185000.0,2500.0,2024-12-27
Saint-Étienne,42218,42000,Appartement,110.0,155000.0,1409.09,2024-12-19
Saint-Étienne,42218,42100,Appartement,69.0,57000.0,826.09,2024-12-23
Saint-Romain-en-Jarez,42283,42800,Maison,66.0,79000.0,1196.97,2024-12-18
Saint-Romain-en-Jarez,42283,42800,Maison,94.0,79000.0,840.43,2024-12-18
Unieux,42316,42240,Maison,96.0,238670.0,2486.15,2024-12-23
Saint-Étienne,42218,42100,Appartement,70.0,54000.0,771.43,2024-12-20
Saint-Romain-le-Puy,42285,42610,Maison,120.0,229000.0,1908.33,2024-12-02
Saint-Étienne,42218,42000,Appartement,52.0,53000.0,1019.23,2024-12-19
Saint-Étienne,42218,42000,Appartement,50.0,53000.0,1060.0,2024-12-19
Lorette,42123,42420,Appartement,90.0,158000.0,1755.56,2024-12-17
Lorette,42123,42420,Appartement,42.0,158000.0,3761.9,2024-12-17
Lorette,42123,42420,Appartement,42.0,158000.0,3761.9,2024-12-17
Saint-Marcellin-en-Forez,42256,42680,Maison,100.0,226500.0,2265.0,2024-12-11
Saint-Marcellin-en-Forez,42256,42680,Maison,100.0,226500.0,2265.0,2024-12-11
Montbrison,42147,42600,Appartement,51.0,85000.0,1666.67,2024-12-27
Chalain-d'Uzore,42037,42600,Maison,115.0,300000.0,2608.7,2024-12-27
Saint-Étienne,42218,42100,Maison,200.0,325000.0,1625.0,2024-12-26
Saint-Étienne,42218,42100,Appartement,50.0,325000.0,6500.0,2024-12-26
Saint-Étienne,42218,42100,Appartement,100.0,325000.0,3250.0,2024-12-26
Saint-Étienne,42218,42100,Appartement,50.0,325000.0,6500.0,2024-12-26
Saint-Étienne,42218,42100,Appartement,100.0,325000.0,3250.0,2024-12-26
Firminy,42095,42700,Appartement,81.0,85000.0,1049.38,2024-12-18
Saint-Étienne,42218,42000,Appartement,53.0,64861.0,1223.79,2024-12-27
Saint-Étienne,42218,42100,Appartement,100.0,86750.0,867.5,2024-12-17
Chazelles-sur-Lyon,42059,42140,Maison,48.0,145000.0,3020.83,2024-12-18
Montrond-les-Bains,42149,42210,Maison,73.0,221000.0,3027.4,2024-12-26
Saint-Paul-en-Cornillon,42270,42240,Maison,53.0,125000.0,2358.49,2024-12-30
Saint-Étienne,42218,42000,Appartement,23.0,20000.0,869.57,2024-12-20
Chambéon,42041,42110,Maison,90.0,233600.0,2595.56,2024-12-27
Unieux,42316,42240,Maison,45.0,78000.0,1733.33,2024-12-27
Le Chambon-Feugerolles,42044,42500,Appartement,56.0,63000.0,1125.0,2024-12-27
Saint-Étienne,42218,42000,Appartement,50.0,37000.0,740.0,2024-12-20
Saint-Étienne,42218,42000,Appartement,103.0,120000.0,1165.05,2024-12-23
Montbrison,42147,42600,Appartement,33.0,54000.0,1636.36,2024-12-20
Montbrison,42147,42600,Maison,93.0,118000.0,1268.82,2024-12-24
Andrézieux-Bouthéon,42005,42160,Appartement,50.0,169000.0,3380.0,2024-12-20
Rive-de-Gier,42186,42800,Maison,94.0,120000.0,1276.6,2024-12-31
Firminy,42095,42700,Appartement,76.0,62500.0,822.37,2024-12-23
Chambœuf,42043,42330,Maison,101.0,235000.0,2326.73,2024-12-30
Chambœuf,42043,42330,Maison,101.0,235000.0,2326.73,2024-12-30
Montbrison,42147,42600,Maison,100.0,248750.0,2487.5,2024-12-26
Saint-Julien-Molin-Molette,42246,42220,Maison,74.0,70000.0,945.95,2024-12-17
Saint-Julien-Molin-Molette,42246,42220,Maison,28.0,70000.0,2500.0,2024-12-17
Merle-Leignec,42142,42380,Maison,87.0,165000.0,1896.55,2024-12-19
Saint-Étienne,42218,42100,Appartement,93.0,17000.0,182.8,2024-12-20
Lupé,42124,42520,Maison,102.0,170000.0,1666.67,2024-12-17
Lupé,42124,42520,Maison,35.0,170000.0,4857.14,2024-12-17
Saint-Étienne,42218,42100,Appartement,121.0,70000.0,578.51,2024-12-27
Montrond-les-Bains,42149,42210,Maison,376.0,920000.0,2446.81,2024-12-20
Montrond-les-Bains,42149,42210,Maison,376.0,920000.0,2446.81,2024-12-20
Saint-Étienne,42218,42100,Appartement,53.0,420000.0,7924.53,2024-12-24
Saint-Étienne,42218,42100,Appartement,71.0,420000.0,5915.49,2024-12-24
Saint-Étienne,42218,42100,Appartement,71.0,420000.0,5915.49,2024-12-24
Saint-Étienne,42218,42100,Appartement,70.0,420000.0,6000.0,2024-12-24
Saint-Étienne,42218,42100,Appartement,84.0,420000.0,5000.0,2024-12-24
Saint-Étienne,42218,42100,Appartement,84.0,420000.0,5000.0,2024-12-24
Saint-Étienne,42218,42100,Appartement,80.0,420000.0,5250.0,2024-12-24
Sury-le-Comtal,42304,42450,Maison,99.0,187000.0,1888.89,2024-12-30
Saint-Jean-Bonnefonds,42237,42650,Maison,117.0,260000.0,2222.22,2024-12-19
Saint-Étienne,42218,42100,Appartement,69.0,54000.0,782.61,2024-12-27
Saint-Priest-en-Jarez,42275,42270,Appartement,75.0,252000.0,3360.0,2024-12-30
Saint-Genest-Malifaux,42224,42660,Appartement,57.0,85000.0,1491.23,2024-12-19
Saint-Étienne,42218,42100,Appartement,55.0,75000.0,1363.64,2024-12-19
Saint-Genest-Malifaux,42224,42660,Appartement,28.0,45000.0,1607.14,2024-12-19
Saint-Étienne,42218,42100,Appartement,21.0,35000.0,1666.67,2024-12-26
Saint-Chamond,42207,42400,Appartement,105.0,100000.0,952.38,2024-12-20
Saint-Étienne,42218,42100,Appartement,46.0,65000.0,1413.04,2024-12-30
Saint-Genest-Malifaux,42224,42660,Maison,82.0,244020.0,2975.85,2024-12-23
Saint-Chamond,42207,42400,Appartement,116.0,220000.0,1896.55,2024-12-23
Saint-Chamond,42207,42400,Appartement,90.0,159000.0,1766.67,2024-12-26
Saint-Étienne,42218,42000,Appartement,37.0,64600.0,1745.95,2024-12-26
Saint-Priest-en-Jarez,42275,42270,Appartement,78.0,267500.0,3429.49,2024-12-19
Sorbiers,42302,42290,Maison,102.0,299470.0,2935.98,2024-12-17
Saint-Priest-en-Jarez,42275,42270,Appartement,78.0,272500.0,3493.59,2024-12-19
Saint-Étienne,42218,42100,Appartement,41.0,39000.0,951.22,2024-12-26
Saint-Priest-en-Jarez,42275,42270,Appartement,75.0,252000.0,3360.0,2024-12-19
Saint-Priest-en-Jarez,42275,42270,Appartement,75.0,257000.0,3426.67,2024-12-30
Saint-Priest-en-Jarez,42275,42270,Appartement,18.0,63000.0,3500.0,2024-12-30
Saint-Genest-Malifaux,42224,42660,Maison,156.0,453600.0,2907.69,2024-12-23
Saint-Genest-Malifaux,42224,42660,Maison,156.0,453600.0,2907.69,2024-12-23
Civens,42065,42110,Maison,100.0,50000.0,500.0,2024-12-31
Saint-Étienne,42218,42000,Appartement,77.0,50000.0,649.35,2024-12-20
Feurs,42094,42110,Maison,108.0,186250.0,1724.54,2024-12-20
Margerie-Chantagret,42137,42560,Maison,91.0,125000.0,1373.63,2024-12-30
Saint-Bonnet-les-Oules,42206,42330,Appartement,72.0,223000.0,3097.22,2024-12-20
Saint-Étienne,42218,42100,Appartement,18.0,35000.0,1944.44,2024-12-27
Soleymieux,42301,42560,Maison,74.0,165000.0,2229.73,2024-12-27
Saint-Priest-en-Jarez,42275,42270,Appartement,75.0,242000.0,3226.67,2024-12-19
Farnay,42093,42320,Maison,100.0,361000.0,3610.0,2024-12-26
Saint-Étienne,42218,42000,Appartement,62.0,82000.0,1322.58,2024-12-27
Firminy,42095,42700,Appartement,92.0,75000.0,815.22,2024-12-30
Salt-en-Donzy,42296,42110,Appartement,45.0,223000.0,4955.56,2024-12-26
Salt-en-Donzy,42296,42110,Appartement,157.0,223000.0,1420.38,2024-12-26
Montbrison,42147,42600,Maison,100.0,181000.0,1810.0,2024-12-18
Saint-Étienne,42218,42100,Appartement,19.0,38000.0,2000.0,2024-12-23
L'Étrat,42092,42580,Appartement,60.0,130000.0,2166.67,2024-12-27
Feurs,42094,42110,Maison,77.0,115500.0,1500.0,2024-12-23
Saint-Christo-en-Jarez,42208,42320,Maison,85.0,139000.0,1635.29,2024-12-27
Saint-Étienne,42218,42000,Appartement,81.0,120000.0,1481.48,2024-12-23
Saint-Étienne-le-Molard,42219,42130,Maison,115.0,160000.0,1391.3,2024-12-30
Boën-sur-Lignon,42019,42130,Maison,96.0,175000.0,1822.92,2024-12-23
Roche-la-Molière,42189,42230,Maison,78.0,198000.0,2538.46,2024-12-18
Saint-Étienne,42218,42000,Appartement,30.0,56100.0,1870.0,2024-12-26
Saint-Étienne,42218,42100,Appartement,38.0,32000.0,842.11,2024-12-27
Roche-la-Molière,42189,42230,Maison,100.0,306500.0,3065.0,2024-12-27
La Fouillouse,42097,42480,Appartement,48.0,110000.0,2291.67,2024-12-26
Saint-Étienne,42218,42000,Appartement,77.0,70520.0,915.84,2024-12-30
Saint-Étienne,42218,42100,Appartement,55.0,55200.0,1003.64,2024-12-23
Saint-Étienne,42218,42000,Appartement,99.0,55000.0,555.56,2024-12-23
Saint-Chamond,42207,42400,Maison,98.0,160000.0,1632.65,2024-12-26
Saint-Étienne,42218,42000,Appartement,56.0,160000.0,2857.14,2024-12-23
Panissières,42165,42360,Maison,76.0,92000.0,1210.53,2024-12-16
Sury-le-Comtal,42304,42450,Maison,79.0,85000.0,1075.95,2024-12-26
La Chapelle-Villars,42051,42410,Maison,122.0,292790.0,2399.92,2024-12-26
Savigneux,42299,42600,Maison,90.0,258900.0,2876.67,2024-12-18
Saint-Étienne,42218,42100,Appartement,60.0,410000.0,6833.33,2024-12-30
Saint-Étienne,42218,42100,Appartement,62.0,410000.0,6612.9,2024-12-30
Saint-Étienne,42218,42100,Appartement,60.0,410000.0,6833.33,2024-12-30
Saint-Étienne,42218,42100,Appartement,35.0,410000.0,11714.29,2024-12-30
Saint-Étienne,42218,42100,Appartement,70.0,410000.0,5857.14,2024-12-30
Saint-Étienne,42218,42100,Appartement,35.0,410000.0,11714.29,2024-12-30
Saint-Just-Saint-Rambert,42279,42170,Maison,104.0,280000.0,2692.31,2024-12-31
Feurs,42094,42110,Maison,56.0,114000.0,2035.71,2024-12-02
Chazelles-sur-Lyon,42059,42140,Maison,84.0,206000.0,2452.38,2024-12-27
Saint-Étienne,42218,42100,Appartement,59.0,92865.0,1573.98,2024-12-26
Saint-Chamond,42207,42400,Appartement,68.0,180000.0,2647.06,2024-12-23
Saint-Étienne,42218,42100,Appartement,44.0,41000.0,931.82,2024-12-27
Marlhes,42139,42660,Appartement,83.0,139000.0,1674.7,2024-12-03
Marlhes,42139,42660,Appartement,85.0,139000.0,1635.29,2024-12-03
Marlhes,42139,42660,Appartement,119.0,139000.0,1168.07,2024-12-03
Marlhes,42139,42660,Appartement,151.0,139000.0,920.53,2024-12-03
Marlhes,42139,42660,Appartement,78.0,139000.0,1782.05,2024-12-03
Marlhes,42139,42660,Appartement,86.0,139000.0,1616.28,2024-12-03
Saint-Étienne,42218,42000,Appartement,38.0,35578.0,936.26,2024-12-30
Saint-Galmier,42222,42330,Maison,82.0,204000.0,2487.8,2024-12-30
Saint-Étienne,42218,42000,Appartement,64.0,96000.0,1500.0,2024-12-23
Savigneux,42299,42600,Maison,80.0,150000.0,1875.0,2024-12-31
Saint-Chamond,42207,42400,Appartement,60.0,88350.0,1472.5,2024-11-05
Saint-Étienne,42218,42100,Appartement,60.0,269100.0,4485.0,2024-12-30
Saint-Étienne,42218,42100,Appartement,60.0,269100.0,4485.0,2024-12-30
Saint-Étienne,42218,42100,Appartement,71.0,269100.0,3790.14,2024-12-30
Saint-Étienne,42218,42100,Appartement,80.0,269100.0,3363.75,2024-12-30
Saint-Étienne,42218,42100,Appartement,77.0,269100.0,3494.81,2024-12-30
Saint-Étienne,42218,42100,Appartement,71.0,380900.0,5364.79,2024-12-30
Saint-Étienne,42218,42100,Appartement,60.0,380900.0,6348.33,2024-12-30
Saint-Étienne,42218,42100,Appartement,80.0,380900.0,4761.25,2024-12-30
Saint-Étienne,42218,42100,Appartement,80.0,380900.0,4761.25,2024-12-30
Saint-Étienne,42218,42100,Appartement,75.0,380900.0,5078.67,2024-12-30
Saint-Étienne,42218,42100,Appartement,74.0,380900.0,5147.3,2024-12-30
Saint-Chamond,42207,42400,Appartement,70.0,108000.0,1542.86,2024-12-26
Boën-sur-Lignon,42019,42130,Maison,60.0,60000.0,1000.0,2024-12-30
Marlhes,42139,42660,Appartement,94.0,219000.0,2329.79,2024-12-26
Marlhes,42139,42660,Appartement,156.0,219000.0,1403.85,2024-12-26
Marlhes,42139,42660,Appartement,101.0,219000.0,2168.32,2024-12-26
Marlhes,42139,42660,Appartement,118.0,219000.0,1855.93,2024-12-26
Marlhes,42139,42660,Appartement,144.0,219000.0,1520.83,2024-12-26
Marlhes,42139,42660,Appartement,84.0,219000.0,2607.14,2024-12-26
Marlhes,42139,42660,Appartement,144.0,219000.0,1520.83,2024-12-26
Marlhes,42139,42660,Appartement,110.0,219000.0,1990.91,2024-12-26
Marlhes,42139,42660,Appartement,113.0,219000.0,1938.05,2024-12-26
Saint-Étienne,42218,42000,Appartement,97.0,50000.0,515.46,2024-12-30
Saint-Genest-Malifaux,42224,42660,Appartement,53.0,65000.0,1226.42,2024-12-27
Saint-Genest-Malifaux,42224,42660,Appartement,87.0,76000.0,873.56,2024-12-27
Bellegarde-en-Forez,42013,42210,Maison,95.0,90000.0,947.37,2024-12-30
Bard,42012,42600,Maison,36.0,60000.0,1666.67,2024-12-30
Bard,42012,42600,Maison,53.0,60000.0,1132.08,2024-12-30
Marclopt,42135,42210,Maison,130.0,154000.0,1184.62,2024-12-30
Saint-Étienne,42218,42100,Appartement,104.0,139600.0,1342.31,2024-12-27
Maringes,42138,42140,Maison,140.0,336800.0,2405.71,2024-12-30
Saint-Étienne,42218,42100,Appartement,70.0,72000.0,1028.57,2024-12-30
Saint-Étienne,42218,42100,Appartement,155.0,295000.0,1903.23,2024-12-26
Marlhes,42139,42660,Appartement,45.0,190000.0,4222.22,2024-12-30
Marlhes,42139,42660,Appartement,110.0,190000.0,1727.27,2024-12-30
Marlhes,42139,42660,Appartement,45.0,190000.0,4222.22,2024-12-30
Marlhes,42139,42660,Appartement,35.0,190000.0,5428.57,2024-12-30
Marlhes,42139,42660,Appartement,45.0,190000.0,4222.22,2024-12-30
Marlhes,42139,42660,Appartement,45.0,190000.0,4222.22,2024-12-30
Saint-Étienne,42218,42000,Appartement,39.0,43000.0,1102.56,2024-12-19
Saint-Étienne,42218,42100,Appartement,24.0,69000.0,2875.0,2024-12-30
Saint-Étienne,42218,42100,Appartement,24.0,69000.0,2875.0,2024-12-30
Saint-Étienne,42218,42100,Appartement,81.0,98000.0,1209.88,2024-12-18
Saint-Étienne,42218,42100,Appartement,48.0,57500.0,1197.92,2024-12-23
Saint-Étienne,42218,42000,Appartement,26.0,40850.0,1571.15,2024-12-27
Saint-Étienne,42218,42000,Appartement,78.0,85000.0,1089.74,2024-12-27
Andrézieux-Bouthéon,42005,42160,Maison,36.0,85000.0,2361.11,2024-12-17
Saint-Étienne,42218,42000,Appartement,72.0,61200.0,850.0,2024-12-26
Saint-Étienne,42218,42000,Appartement,64.0,480000.0,7500.0,2024-12-27
Saint-Étienne,42218,42000,Appartement,64.0,480000.0,7500.0,2024-12-27
Saint-Étienne,42218,42000,Appartement,64.0,480000.0,7500.0,2024-12-27
Saint-Étienne,42218,42000,Appartement,64.0,480000.0,7500.0,2024-12-27
Saint-Étienne,42218,42000,Appartement,64.0,480000.0,7500.0,2024-12-27
Saint-Étienne,42218,42000,Appartement,64.0,480000.0,7500.0,2024-12-27
Saint-Étienne,42218,42000,Appartement,64.0,480000.0,7500.0,2024-12-27
Saint-Étienne,42218,42000,Appartement,64.0,480000.0,7500.0,2024-12-27
Saint-Étienne,42218,42000,Appartement,64.0,480000.0,7500.0,2024-12-27
Saint-Étienne,42218,42100,Appartement,83.0,183000.0,2204.82,2024-12-20
Saint-Chamond,42207,42400,Appartement,30.0,21500.0,716.67,2024-12-20
Saint-Genest-Lerpt,42223,42530,Appartement,50.0,185000.0,3700.0,2024-12-10
Saint-Étienne,42218,42100,Appartement,54.0,60000.0,1111.11,2024-12-23
Saint-Étienne,42218,42000,Appartement,50.0,75000.0,1500.0,2024-12-16
Saint-Étienne,42218,42000,Appartement,58.0,75000.0,1293.1,2024-12-16
Saint-Étienne,42218,42000,Appartement,112.0,73000.0,651.79,2024-10-02
Saint-Étienne,42218,42000,Appartement,82.0,73000.0,890.24,2024-10-02
Feurs,42094,42110,Appartement,25.0,370000.0,14800.0,2024-12-30
Maclas,42129,42520,Maison,107.0,390000.0,3644.86,2024-12-20
Maclas,42129,42520,Maison,107.0,390000.0,3644.86,2024-12-20
Saint-Étienne,42218,42000,Appartement,41.0,9000.0,219.51,2024-10-10
Saint-Étienne,42218,42100,Appartement,75.0,30500.0,406.67,2024-10-03
Saint-Étienne,42218,42100,Appartement,61.0,39000.0,639.34,2024-02-14
Saint-Christo-en-Jarez,42208,42320,Maison,128.0,377000.0,2945.31,2024-12-16
Saint-Étienne,42218,42100,Appartement,66.0,59000.0,893.94,2024-12-20
Saint-Étienne,42218,42100,Appartement,52.0,33001.0,634.63,2024-06-20
Saint-Étienne,42218,42100,Appartement,40.0,135000.0,3375.0,2024-06-06
Saint-Étienne,42218,42100,Appartement,25.0,135000.0,5400.0,2024-06-06
Saint-Étienne,42218,42100,Appartement,25.0,135000.0,5400.0,2024-06-06
Saint-Étienne,42218,42100,Appartement,25.0,135000.0,5400.0,2024-06-06
Saint-Étienne,42218,42000,Appartement,97.0,33500.0,345.36,2024-11-21
Saint-Étienne,42218,42100,Appartement,64.0,58000.0,906.25,2024-12-19
Saint-Étienne,42218,42000,Appartement,55.0,23100.0,420.0,2024-07-04
Saint-Étienne,42218,42100,Appartement,75.0,15100.0,201.33,2024-10-03
Saint-Étienne,42218,42000,Appartement,54.0,21000.0,388.89,2024-10-10
Saint-Étienne,42218,42100,Appartement,58.0,35000.0,603.45,2024-11-07
Genilac,42225,42800,Maison,144.0,231000.0,1604.17,2024-09-05
Saint-Étienne,42218,42000,Appartement,80.0,51000.0,637.5,2024-10-10
Saint-Genest-Malifaux,42224,42660,Maison,84.0,219000.0,2607.14,2024-07-01
Saint-Georges-en-Couzan,42227,42990,Maison,114.0,66000.0,578.95,2024-06-06
Saint-Georges-en-Couzan,42227,42990,Maison,114.0,66000.0,578.95,2024-06-06
Saint-Étienne,42218,42000,Appartement,49.0,55000.0,1122.45,2024-09-19
Saint-Étienne,42218,42000,Appartement,43.0,46000.0,1069.77,2024-11-28
Saint-Étienne,42218,42000,Maison,148.0,200000.0,1351.35,2024-12-19
Saint-Martin-la-Sauveté,42260,42260,Maison,90.0,120000.0,1333.33,2024-01-08
Roanne,42187,42300,Appartement,42.0,37500.0,892.86,2024-01-03
Charlieu,42052,42190,Appartement,59.0,137970.0,2338.47,2024-01-09
Charlieu,42052,42190,Appartement,60.0,137970.0,2299.5,2024-01-09
Vougy,42338,42720,Maison,121.0,115000.0,950.41,2024-01-05
La Pacaudière,42163,42310,Appartement,74.0,74000.0,1000.0,2024-01-08
La Pacaudière,42163,42310,Appartement,49.0,74000.0,1510.2,2024-01-08
La Pacaudière,42163,42310,Appartement,78.0,74000.0,948.72,2024-01-08
Neulise,42156,42590,Maison,72.0,140000.0,1944.44,2024-01-05
Neulise,42156,42590,Maison,72.0,140000.0,1944.44,2024-01-05
Saint-Léger-sur-Roanne,42253,42155,Maison,66.0,229200.0,3472.73,2024-01-05
Belmont-de-la-Loire,42015,42670,Maison,124.0,242000.0,1951.61,2024-01-09
Vézelin-sur-Loire,42268,42590,Maison,83.0,146930.0,1770.24,2024-01-09
Roanne,42187,42300,Appartement,69.0,90000.0,1304.35,2024-01-10
Saint-Jean-Saint-Maurice-sur-Loire,42239,42155,Maison,140.0,190600.0,1361.43,2024-01-05
Saint-Jean-Saint-Maurice-sur-Loire,42239,42155,Maison,140.0,190600.0,1361.43,2024-01-05
Roanne,42187,42300,Appartement,99.0,110000.0,1111.11,2024-01-11
Balbigny,42011,42510,Maison,73.0,150000.0,2054.79,2024-01-05
Saint-Julien-d'Oddes,42243,42260,Maison,60.0,124700.0,2078.33,2024-01-15
Roanne,42187,42300,Appartement,22.0,41000.0,1863.64,2024-01-10
Roanne,42187,42300,Appartement,109.0,80000.0,733.94,2024-01-09
Roanne,42187,42300,Appartement,76.0,84000.0,1105.26,2024-01-10
Roanne,42187,42300,Appartement,74.0,84000.0,1135.14,2024-01-10
Changy,42049,42310,Maison,95.0,217565.0,2290.16,2024-01-15
Roanne,42187,42300,Appartement,55.0,87210.0,1585.64,2024-01-15
Charlieu,42052,42190,Appartement,68.0,112500.0,1654.41,2024-01-10
Charlieu,42052,42190,Appartement,59.0,112500.0,1906.78,2024-01-10
Saint-Symphorien-de-Lay,42289,42470,Maison,240.0,450000.0,1875.0,2024-01-08
Villerest,42332,42300,Appartement,39.0,54000.0,1384.62,2024-01-12
Roanne,42187,42300,Appartement,100.0,218000.0,2180.0,2024-01-05
Roanne,42187,42300,Appartement,110.0,218000.0,1981.82,2024-01-05
Roanne,42187,42300,Appartement,76.0,228500.0,3006.58,2024-01-15
Roanne,42187,42300,Appartement,69.0,152000.0,2202.9,2024-01-12
Roanne,42187,42300,Maison,34.0,140000.0,4117.65,2024-01-15
Roanne,42187,42300,Maison,82.0,140000.0,1707.32,2024-01-15
Bussières,42029,42510,Maison,80.0,40000.0,500.0,2024-01-11
Saint-Haon-le-Châtel,42232,42370,Maison,94.0,100000.0,1063.83,2024-01-09
Mably,42127,42300,Maison,90.0,211900.0,2354.44,2024-01-05
Riorges,42184,42153,Maison,67.0,117000.0,1746.27,2024-01-05
Vougy,42338,42720,Maison,72.0,172500.0,2395.83,2024-01-10
Vougy,42338,42720,Maison,72.0,172500.0,2395.83,2024-01-10
Croizet-sur-Gand,42077,42540,Maison,75.0,17000.0,226.67,2024-01-12
Roanne,42187,42300,Maison,81.0,219000.0,2703.7,2024-01-19
Roanne,42187,42300,Maison,81.0,219000.0,2703.7,2024-01-19
Roanne,42187,42300,Appartement,127.0,365100.0,2874.8,2024-01-12
Le Coteau,42071,42120,Maison,90.0,211700.0,2352.22,2024-01-04
Roanne,42187,42300,Maison,110.0,200000.0,1818.18,2024-01-16
Saint-Symphorien-de-Lay,42289,42470,Maison,114.0,247000.0,2166.67,2024-01-15
Saint-Symphorien-de-Lay,42289,42470,Maison,114.0,247000.0,2166.67,2024-01-15
Lentigny,42120,42155,Maison,75.0,100000.0,1333.33,2024-01-12
Roanne,42187,42300,Appartement,59.0,63000.0,1067.8,2024-01-16
Mably,42127,42300,Maison,68.0,149000.0,2191.18,2024-01-15
Riorges,42184,42153,Appartement,45.0,42500.0,944.44,2024-01-10
Riorges,42184,42153,Appartement,32.0,42500.0,1328.12,2024-01-10
Saint-Cyr-de-Favières,42212,42123,Maison,114.0,214500.0,1881.58,2024-01-08
Saint-Cyr-de-Favières,42212,42123,Maison,114.0,214500.0,1881.58,2024-01-08
Roanne,42187,42300,Appartement,53.0,95200.0,1796.23,2024-01-09
Roanne,42187,42300,Appartement,62.0,60000.0,967.74,2024-01-16
Roanne,42187,42300,Appartement,42.0,50000.0,1190.48,2024-01-16
Le Coteau,42071,42120,Appartement,104.0,182000.0,1750.0,2024-01-09
Neulise,42156,42590,Maison,82.0,65500.0,798.78,2024-01-10
La Tuilière,42314,42830,Maison,130.0,110000.0,846.15,2024-01-09
Renaison,42182,42370,Maison,130.0,369060.0,2838.92,2024-01-17
Renaison,42182,42370,Maison,130.0,369060.0,2838.92,2024-01-17
Le Coteau,42071,42120,Maison,45.0,100200.0,2226.67,2024-01-19
Riorges,42184,42153,Maison,70.0,162300.0,2318.57,2024-01-10
Roanne,42187,42300,Appartement,60.0,59000.0,983.33,2024-01-19
Changy,42049,42310,Maison,104.0,162000.0,1557.69,2024-01-19
Roanne,42187,42300,Appartement,49.0,51000.0,1040.82,2024-01-10
Perreux,42170,42120,Maison,90.0,50000.0,555.56,2024-01-18
Roanne,42187,42300,Appartement,55.0,65690.0,1194.36,2024-01-05
Roanne,42187,42300,Maison,160.0,237000.0,1481.25,2024-01-09
Ouches,42162,42155,Maison,92.0,210000.0,2282.61,2024-01-11
Saint-Germain-Lespinasse,42231,42640,Maison,70.0,44000.0,628.57,2024-01-19
Chandon,42048,42190,Maison,95.0,196000.0,2063.16,2024-01-10
Saint-Haon-le-Châtel,42232,42370,Maison,265.0,500000.0,1886.79,2024-01-17
Saint-Haon-le-Châtel,42232,42370,Appartement,46.0,500000.0,10869.57,2024-01-17
Saint-Haon-le-Châtel,42232,42370,Appartement,46.0,500000.0,10869.57,2024-01-17
Mably,42127,42300,Maison,67.0,125000.0,1865.67,2024-01-09
Roanne,42187,42300,Maison,100.0,196650.0,1966.5,2024-01-15
Roanne,42187,42300,Appartement,83.0,119450.0,1439.16,2024-01-15
Roanne,42187,42300,Appartement,62.0,46550.0,750.81,2024-01-15
Roanne,42187,42300,Appartement,65.0,64000.0,984.62,2024-01-19
Roanne,42187,42300,Appartement,70.0,102500.0,1464.29,2024-01-02
Roanne,42187,42300,Appartement,105.0,102500.0,976.19,2024-01-02
Le Coteau,42071,42120,Appartement,58.0,55000.0,948.28,2024-01-15
Villerest,42332,42300,Maison,88.0,149000.0,1693.18,2024-01-16
Saint-Cyr-de-Favières,42212,42123,Maison,154.0,307000.0,1993.51,2024-01-16
Saint-Cyr-de-Favières,42212,42123,Maison,154.0,307000.0,1993.51,2024-01-16
Riorges,42184,42153,Appartement,167.0,110000.0,658.68,2024-01-16
Le Coteau,42071,42120,Appartement,63.0,62700.0,995.24,2024-01-16
La Pacaudière,42163,42310,Maison,206.0,179000.0,868.93,2024-01-24
Roanne,42187,42300,Appartement,155.0,193000.0,1245.16,2024-01-16
Charlieu,42052,42190,Appartement,90.0,45000.0,500.0,2024-01-18
Mably,42127,42300,Maison,83.0,133000.0,1602.41,2024-01-12
Mably,42127,42300,Maison,64.0,133000.0,2078.12,2024-01-12
Roanne,42187,42300,Maison,48.0,127900.0,2664.58,2024-01-17
Balbigny,42011,42510,Maison,104.0,145000.0,1394.23,2024-01-23
Saint-Just-la-Pendue,42249,42540,Maison,55.0,141000.0,2563.64,2024-01-25
Roanne,42187,42300,Appartement,44.0,37000.0,840.91,2024-01-26
Roanne,42187,42300,Appartement,27.0,36500.0,1351.85,2024-01-26
Villerest,42332,42300,Maison,82.0,188200.0,2295.12,2024-01-18
Balbigny,42011,42510,Maison,113.0,118950.0,1052.65,2024-01-26
Saint-André-d'Apchon,42199,42370,Maison,60.0,30000.0,500.0,2024-01-24
Riorges,42184,42153,Maison,60.0,350000.0,5833.33,2024-01-11
Vendranges,42325,42590,Maison,60.0,90000.0,1500.0,2024-01-25
Vendranges,42325,42590,Maison,60.0,90000.0,1500.0,2024-01-25
Roanne,42187,42300,Appartement,106.0,406000.0,3830.19,2024-01-22
Saint-Alban-les-Eaux,42198,42370,Maison,76.0,185000.0,2434.21,2024-01-22
Fourneaux,42098,42470,Appartement,145.0,138100.0,952.41,2024-01-11
Notre-Dame-de-Boisset,42161,42120,Maison,124.0,106667.0,860.22,2024-01-23
Saint-Polgues,42274,42260,Maison,123.0,249564.0,2028.98,2024-01-16
Saint-Polgues,42274,42260,Maison,123.0,249564.0,2028.98,2024-01-16
Saint-Polgues,42274,42260,Maison,123.0,249564.0,2028.98,2024-01-16
Montagny,42145,42840,Maison,100.0,349000.0,3490.0,2024-01-24
Roanne,42187,42300,Appartement,83.0,96000.0,1156.63,2024-01-31
Roanne,42187,42300,Appartement,53.0,67400.0,1271.7,2024-01-31
Pouilly-les-Nonains,42176,42155,Maison,86.0,224900.0,2615.12,2024-01-22
Combre,42068,42840,Maison,68.0,158000.0,2323.53,2024-01-25
Combre,42068,42840,Maison,68.0,158000.0,2323.53,2024-01-25
Perreux,42170,42120,Maison,153.0,263000.0,1718.95,2024-01-26
Perreux,42170,42120,Maison,153.0,263000.0,1718.95,2024-01-26
Villerest,42332,42300,Maison,112.0,190000.0,1696.43,2024-01-05
Montagny,42145,42840,Maison,40.0,132000.0,3300.0,2024-01-29
Montagny,42145,42840,Maison,100.0,132000.0,1320.0,2024-01-29
Montagny,42145,42840,Maison,65.0,73000.0,1123.08,2024-01-29
Montagny,42145,42840,Maison,65.0,73000.0,1123.08,2024-01-29
Renaison,42182,42370,Maison,42.0,65000.0,1547.62,2024-01-25
Roanne,42187,42300,Appartement,52.0,49650.0,954.81,2024-01-26
Pouilly-les-Nonains,42176,42155,Maison,92.0,65000.0,706.52,2024-01-30
Roanne,42187,42300,Maison,70.0,124500.0,1778.57,2024-01-29
Mably,42127,42300,Maison,80.0,112000.0,1400.0,2024-01-29
Roanne,42187,42300,Appartement,108.0,135000.0,1250.0,2024-01-18
Le Coteau,42071,42120,Maison,25.0,275000.0,11000.0,2024-01-31
Mably,42127,42300,Appartement,38.0,125000.0,3289.47,2024-01-29
Roanne,42187,42300,Maison,41.0,40000.0,975.61,2024-01-30
Roanne,42187,42300,Appartement,78.0,87590.0,1122.95,2024-01-29
Roanne,42187,42300,Maison,82.0,122000.0,1487.8,2024-01-18
Riorges,42184,42153,Appartement,36.0,47900.0,1330.56,2024-01-25
Le Coteau,42071,42120,Appartement,100.0,223000.0,2230.0,2024-01-29
Renaison,42182,42370,Maison,98.0,133000.0,1357.14,2024-01-19
Charlieu,42052,42190,Appartement,148.0,200700.0,1356.08,2024-01-31
Renaison,42182,42370,Maison,85.0,210000.0,2470.59,2024-01-30
Renaison,42182,42370,Maison,85.0,210000.0,2470.59,2024-01-30
Pouilly-sous-Charlieu,42177,42720,Maison,89.0,134000.0,1505.62,2024-01-31
Chandon,42048,42190,Maison,98.0,221420.0,2259.39,2024-01-31
Chandon,42048,42190,Maison,98.0,221420.0,2259.39,2024-01-31
Vougy,42338,42720,Maison,92.0,175000.0,1902.17,2024-01-12
Vougy,42338,42720,Maison,92.0,175000.0,1902.17,2024-01-12
Montagny,42145,42840,Maison,120.0,222500.0,1854.17,2024-01-12
Riorges,42184,42153,Maison,91.0,155000.0,1703.3,2024-01-12
Le Coteau,42071,42120,Maison,50.0,108970.0,2179.4,2024-01-30
Roanne,42187,42300,Appartement,105.0,39000.0,371.43,2024-01-26
Néronde,42154,42510,Maison,144.0,100000.0,694.44,2024-01-29
Sainte-Colombe-sur-Gand,42209,42540,Maison,57.0,22000.0,385.96,2024-01-30
Charlieu,42052,42190,Appartement,42.0,102730.0,2445.95,2024-01-11
Sainte-Colombe-sur-Gand,42209,42540,Maison,80.0,160400.0,2005.0,2024-02-01
Roanne,42187,42300,Maison,74.0,136000.0,1837.84,2024-01-31
Roanne,42187,42300,Appartement,78.0,82000.0,1051.28,2024-01-23
Saint-Priest-la-Roche,42277,42590,Maison,119.0,170000.0,1428.57,2024-01-31
Saint-Priest-la-Roche,42277,42590,Maison,119.0,170000.0,1428.57,2024-01-31
Riorges,42184,42153,Appartement,73.0,141500.0,1938.36,2024-01-31
Roanne,42187,42300,Appartement,40.0,69900.0,1747.5,2024-02-07
Roanne,42187,42300,Appartement,116.0,115000.0,991.38,2024-01-26
Arcon,42008,42370,Maison,37.0,90000.0,2432.43,2024-01-18
Arcon,42008,42370,Maison,37.0,90000.0,2432.43,2024-01-18
Ouches,42162,42155,Maison,89.0,191150.0,2147.75,2024-01-29
Ouches,42162,42155,Maison,89.0,191150.0,2147.75,2024-01-29
Bussières,42029,42510,Maison,92.0,172500.0,1875.0,2024-02-06
Bussières,42029,42510,Maison,92.0,172500.0,1875.0,2024-02-06
Riorges,42184,42153,Appartement,27.0,30400.0,1125.93,2024-02-02
Le Coteau,42071,42120,Appartement,62.0,99230.0,1600.48,2024-02-07
Roanne,42187,42300,Appartement,38.0,51000.0,1342.11,2024-02-01
Villemontais,42331,42155,Maison,48.0,118600.0,2470.83,2024-01-26
Roanne,42187,42300,Maison,54.0,126000.0,2333.33,2024-01-19
Briennon,42026,42720,Maison,72.0,39900.0,554.17,2024-01-30
Roanne,42187,42300,Appartement,43.0,120000.0,2790.7,2024-01-26
Charlieu,42052,42190,Appartement,76.0,210000.0,2763.16,2024-01-30
Charlieu,42052,42190,Appartement,134.0,210000.0,1567.16,2024-01-30
Le Coteau,42071,42120,Appartement,57.0,117500.0,2061.4,2024-01-30
Roanne,42187,42300,Appartement,56.0,55000.0,982.14,2024-01-24
Fourneaux,42098,42470,Maison,166.0,356300.0,2146.39,2024-01-29
Le Coteau,42071,42120,Appartement,125.0,156000.0,1248.0,2024-01-30
Le Coteau,42071,42120,Appartement,68.0,156000.0,2294.12,2024-01-30
Roanne,42187,42300,Appartement,62.0,100000.0,1612.9,2024-01-17
Saint-Priest-la-Prugne,42276,42830,Maison,60.0,30000.0,500.0,2024-02-08
Saint-Romain-d'Urfé,42282,42430,Maison,72.0,136300.0,1893.06,2024-02-09
Saint-Romain-d'Urfé,42282,42430,Maison,72.0,136300.0,1893.06,2024-02-09
Belmont-de-la-Loire,42015,42670,Maison,135.0,305450.0,2262.59,2024-02-07
Roanne,42187,42300,Appartement,50.0,175000.0,3500.0,2024-01-30
Roanne,42187,42300,Appartement,40.0,175000.0,4375.0,2024-01-30
Saint-Jean-Saint-Maurice-sur-Loire,42239,42155,Maison,32.0,38000.0,1187.5,2024-01-19
Commelle-Vernay,42069,42120,Maison,72.0,129200.0,1794.44,2024-02-06
Commelle-Vernay,42069,42120,Maison,72.0,129200.0,1794.44,2024-02-06
Villerest,42332,42300,Appartement,60.0,150000.0,2500.0,2024-01-26
Villerest,42332,42300,Appartement,67.0,150000.0,2238.81,2024-01-26
Roanne,42187,42300,Appartement,33.0,30000.0,909.09,2024-02-05
Combre,42068,42840,Maison,136.0,305000.0,2242.65,2024-01-24
Saint-Jodard,42241,42590,Appartement,117.0,180000.0,1538.46,2024-01-29
Saint-Jodard,42241,42590,Appartement,41.0,180000.0,4390.24,2024-01-29
Saint-Jodard,42241,42590,Appartement,87.0,180000.0,2068.97,2024-01-29
Saint-Jodard,42241,42590,Appartement,117.0,180000.0,1538.46,2024-01-29
Saint-Jodard,42241,42590,Appartement,41.0,180000.0,4390.24,2024-01-29
Saint-Jodard,42241,42590,Appartement,87.0,180000.0,2068.97,2024-01-29
Balbigny,42011,42510,Maison,90.0,90000.0,1000.0,2024-01-30
Pinay,42171,42590,Maison,74.0,147800.0,1997.3,2024-02-01
Régny,42181,42630,Maison,131.0,160000.0,1221.37,2024-02-05
Saint-Symphorien-de-Lay,42289,42470,Maison,120.0,70000.0,583.33,2024-02-01
Riorges,42184,42153,Appartement,70.0,117000.0,1671.43,2024-02-02
Cordelle,42070,42123,Maison,82.0,68500.0,835.37,2024-01-30
Roanne,42187,42300,Appartement,76.0,78000.0,1026.32,2024-02-01
Roanne,42187,42300,Appartement,76.0,58000.0,763.16,2024-02-01
Charlieu,42052,42190,Appartement,60.0,202000.0,3366.67,2024-02-01
Charlieu,42052,42190,Appartement,60.0,202000.0,3366.67,2024-02-01
Charlieu,42052,42190,Appartement,29.0,202000.0,6965.52,2024-02-01
Charlieu,42052,42190,Appartement,60.0,202000.0,3366.67,2024-02-01
Roanne,42187,42300,Maison,130.0,167000.0,1284.62,2024-02-06
Le Coteau,42071,42120,Appartement,66.0,62600.0,948.48,2024-02-06
Neaux,42153,42470,Appartement,180.0,131500.0,730.56,2024-02-08
Roanne,42187,42300,Appartement,30.0,50000.0,1666.67,2024-02-08
Roanne,42187,42300,Appartement,87.0,250000.0,2873.56,2024-02-08
Mably,42127,42300,Maison,68.0,116000.0,1705.88,2024-02-09
Riorges,42184,42153,Maison,168.0,273450.0,1627.68,2024-02-12
Roanne,42187,42300,Appartement,55.0,75800.0,1378.18,2024-02-12
Roanne,42187,42300,Appartement,39.0,47100.0,1207.69,2024-02-07
Roanne,42187,42300,Appartement,99.0,100010.0,1010.2,2024-02-01
Roanne,42187,42300,Appartement,74.0,70000.0,945.95,2024-01-30
Riorges,42184,42153,Appartement,135.0,418400.0,3099.26,2024-02-16
Riorges,42184,42153,Appartement,214.0,418400.0,1955.14,2024-02-16
Roanne,42187,42300,Appartement,50.0,132000.0,2640.0,2024-02-08
Roanne,42187,42300,Appartement,63.0,132000.0,2095.24,2024-02-08
Roanne,42187,42300,Appartement,68.0,84300.0,1239.71,2024-02-12
Riorges,42184,42153,Appartement,97.0,15000.0,154.64,2024-02-15
Riorges,42184,42153,Appartement,97.0,15000.0,154.64,2024-02-15
Riorges,42184,42153,Appartement,67.0,151500.0,2261.19,2024-02-13
Roanne,42187,42300,Appartement,72.0,149000.0,2069.44,2024-02-12
Roanne,42187,42300,Appartement,64.0,98690.0,1542.03,2024-02-13
Le Coteau,42071,42120,Appartement,30.0,42750.0,1425.0,2024-02-02
Roanne,42187,42300,Appartement,51.0,28500.0,558.82,2024-02-08
Croizet-sur-Gand,42077,42540,Maison,45.0,60000.0,1333.33,2024-02-15
Roanne,42187,42300,Maison,162.0,345000.0,2129.63,2024-01-30
Roanne,42187,42300,Maison,162.0,345000.0,2129.63,2024-01-30
Roanne,42187,42300,Appartement,108.0,133000.0,1231.48,2024-02-02
Roanne,42187,42300,Maison,41.0,68000.0,1658.54,2024-02-09
Roanne,42187,42300,Appartement,45.0,61800.0,1373.33,2024-02-07
Roanne,42187,42300,Maison,115.0,136000.0,1182.61,2024-01-31
Roanne,42187,42300,Appartement,112.0,99017.0,884.08,2024-01-20
Roanne,42187,42300,Maison,44.0,95100.0,2161.36,2024-02-13
Roanne,42187,42300,Appartement,49.0,72000.0,1469.39,2024-01-31
Roanne,42187,42300,Appartement,89.0,119300.0,1340.45,2024-02-09
Roanne,42187,42300,Maison,98.0,200000.0,2040.82,2024-02-15
Saint-Romain-la-Motte,42284,42640,Maison,101.0,155000.0,1534.65,2024-02-13
Roanne,42187,42300,Appartement,83.0,95000.0,1144.58,2024-02-06
Le Coteau,42071,42120,Appartement,65.0,93000.0,1430.77,2024-02-13
La Gresle,42104,42460,Maison,60.0,55000.0,916.67,2024-02-07
Vougy,42338,42720,Maison,109.0,183500.0,1683.49,2024-02-07
Vougy,42338,42720,Maison,109.0,183500.0,1683.49,2024-02-07
Urbise,42317,42310,Maison,106.0,22000.0,207.55,2024-02-16
Notre-Dame-de-Boisset,42161,42120,Maison,126.0,370500.0,2940.48,2024-02-19
Cordelle,42070,42123,Maison,114.0,47500.0,416.67,2024-01-30
Ambierle,42003,42820,Maison,78.0,191000.0,2448.72,2024-02-19
Ambierle,42003,42820,Maison,78.0,191000.0,2448.72,2024-02-19
Roanne,42187,42300,Appartement,72.0,87252.0,1211.83,2024-02-14
Roanne,42187,42300,Appartement,73.0,74200.0,1016.44,2024-02-13
Roanne,42187,42300,Appartement,64.0,103250.0,1613.28,2024-02-15
Pouilly-les-Nonains,42176,42155,Maison,91.0,220000.0,2417.58,2024-02-14
Saint-Germain-Laval,42230,42260,Maison,44.0,99000.0,2250.0,2024-02-23
Briennon,42026,42720,Maison,48.0,560000.0,11666.67,2024-02-14
Briennon,42026,42720,Appartement,89.0,560000.0,6292.13,2024-02-14
Briennon,42026,42720,Appartement,76.0,560000.0,7368.42,2024-02-14
Briennon,42026,42720,Appartement,48.0,560000.0,11666.67,2024-02-14
Briennon,42026,42720,Appartement,59.0,560000.0,9491.53,2024-02-14
Briennon,42026,42720,Appartement,66.0,560000.0,8484.85,2024-02-14
Briennon,42026,42720,Appartement,77.0,560000.0,7272.73,2024-02-14
Briennon,42026,42720,Appartement,88.0,560000.0,6363.64,2024-02-14
Briennon,42026,42720,Appartement,77.0,560000.0,7272.73,2024-02-14
Briennon,42026,42720,Appartement,65.0,560000.0,8615.38,2024-02-14
Saint-Romain-la-Motte,42284,42640,Maison,135.0,309100.0,2289.63,2024-02-22
Saint-Romain-la-Motte,42284,42640,Maison,135.0,309100.0,2289.63,2024-02-22
Saint-Symphorien-de-Lay,42289,42470,Maison,97.0,165000.0,1701.03,2024-02-19
Ambierle,42003,42820,Maison,170.0,165000.0,970.59,2024-02-15
Ambierle,42003,42820,Maison,170.0,165000.0,970.59,2024-02-15
Roanne,42187,42300,Appartement,75.0,106500.0,1420.0,2024-02-06
Roanne,42187,42300,Appartement,74.0,138650.0,1873.65,2024-02-16
Cordelle,42070,42123,Maison,75.0,170000.0,2266.67,2024-02-15
Saint-André-d'Apchon,42199,42370,Maison,87.0,70000.0,804.6,2024-01-24
Saint-André-d'Apchon,42199,42370,Maison,87.0,70000.0,804.6,2024-01-24
Renaison,42182,42370,Maison,75.0,161000.0,2146.67,2024-02-14
Riorges,42184,42153,Appartement,61.0,69990.0,1147.38,2024-02-21
La Pacaudière,42163,42310,Maison,84.0,20000.0,238.1,2024-02-15
Balbigny,42011,42510,Maison,62.0,110000.0,1774.19,2024-02-16
Belleroche,42014,42670,Maison,96.0,95000.0,989.58,2024-01-31
Roanne,42187,42300,Appartement,21.0,28000.0,1333.33,2024-01-26
Roanne,42187,42300,Appartement,21.0,28000.0,1333.33,2024-01-26
Roanne,42187,42300,Appartement,21.0,27000.0,1285.71,2024-01-26
Le Coteau,42071,42120,Appartement,34.0,140000.0,4117.65,2024-02-15
Le Coteau,42071,42120,Appartement,51.0,140000.0,2745.1,2024-02-15
Le Coteau,42071,42120,Appartement,32.0,140000.0,4375.0,2024-02-15
Le Coteau,42071,42120,Appartement,85.0,140000.0,1647.06,2024-02-15
Villerest,42332,42300,Maison,72.0,148000.0,2055.56,2024-02-12
Pouilly-les-Nonains,42176,42155,Maison,92.0,209370.0,2275.76,2024-02-15
Pouilly-les-Nonains,42176,42155,Maison,92.0,209370.0,2275.76,2024-02-15
Charlieu,42052,42190,Maison,151.0,220000.0,1456.95,2024-02-21
Charlieu,42052,42190,Appartement,15.0,220000.0,14666.67,2024-02-21
Charlieu,42052,42190,Appartement,55.0,115000.0,2090.91,2024-02-12
Roanne,42187,42300,Appartement,68.0,83000.0,1220.59,2024-02-01
Roanne,42187,42300,Maison,112.0,219800.0,1962.5,2024-02-21
Coutouvre,42074,42460,Maison,115.0,192200.0,1671.3,2024-02-01
Coutouvre,42074,42460,Maison,115.0,192200.0,1671.3,2024-02-01
Charlieu,42052,42190,Maison,89.0,170000.0,1910.11,2024-02-19
Neulise,42156,42590,Maison,95.0,50000.0,526.32,2024-02-16
Juré,42116,42430,Maison,93.0,182850.0,1966.13,2024-02-23
Roanne,42187,42300,Appartement,90.0,74200.0,824.44,2024-02-14
Riorges,42184,42153,Appartement,30.0,39500.0,1316.67,2024-02-14
Saint-Denis-de-Cabanne,42215,42750,Appartement,35.0,20000.0,571.43,2024-02-27
Saint-Denis-de-Cabanne,42215,42750,Appartement,35.0,20000.0,571.43,2024-02-27
Saint-Denis-de-Cabanne,42215,42750,Appartement,50.0,20000.0,400.0,2024-02-27
Saint-Denis-de-Cabanne,42215,42750,Appartement,40.0,20000.0,500.0,2024-02-27
Saint-Denis-de-Cabanne,42215,42750,Appartement,50.0,20000.0,400.0,2024-02-27
Saint-Denis-de-Cabanne,42215,42750,Appartement,40.0,20000.0,500.0,2024-02-27
Riorges,42184,42153,Maison,91.0,191000.0,2098.9,2024-02-19
Roanne,42187,42300,Maison,63.0,135000.0,2142.86,2024-02-20
Roanne,42187,42300,Appartement,83.0,89300.0,1075.9,2024-02-21
Roanne,42187,42300,Appartement,77.0,139900.0,1816.88,2024-02-23
Roanne,42187,42300,Appartement,52.0,61750.0,1187.5,2024-02-22
Roanne,42187,42300,Appartement,95.0,103000.0,1084.21,2024-02-21
Roanne,42187,42300,Appartement,54.0,64896.0,1201.78,2024-02-21
Roanne,42187,42300,Appartement,62.0,67500.0,1088.71,2024-02-21
Roanne,42187,42300,Appartement,76.0,104000.0,1368.42,2024-02-14
Roanne,42187,42300,Maison,80.0,253000.0,3162.5,2024-01-31
Roanne,42187,42300,Appartement,63.0,57130.0,906.83,2024-02-20
Saint-Marcel-de-Félines,42254,42122,Maison,110.0,118000.0,1072.73,2024-02-22
Saint-Marcel-de-Félines,42254,42122,Maison,110.0,118000.0,1072.73,2024-02-22
Saint-Marcel-de-Félines,42254,42122,Maison,110.0,118000.0,1072.73,2024-02-22
Violay,42334,42780,Maison,94.0,276000.0,2936.17,2024-02-12
Charlieu,42052,42190,Appartement,38.0,144900.0,3813.16,2024-02-13
Charlieu,42052,42190,Appartement,60.0,144900.0,2415.0,2024-02-13
Charlieu,42052,42190,Appartement,35.0,144900.0,4140.0,2024-02-13
Mably,42127,42300,Maison,97.0,200250.0,2064.43,2024-02-23
Le Coteau,42071,42120,Maison,80.0,142000.0,1775.0,2024-02-16
Belmont-de-la-Loire,42015,42670,Maison,230.0,244000.0,1060.87,2024-02-20
Belmont-de-la-Loire,42015,42670,Maison,100.0,244000.0,2440.0,2024-02-20
Commelle-Vernay,42069,42120,Maison,110.0,234000.0,2127.27,2024-02-29
Saint-Léger-sur-Roanne,42253,42155,Maison,80.0,181400.0,2267.5,2024-02-26
Jarnosse,42112,42460,Appartement,139.0,206600.0,1486.33,2024-02-28
Jarnosse,42112,42460,Appartement,98.0,206600.0,2108.16,2024-02-28
Jarnosse,42112,42460,Appartement,47.0,206600.0,4395.74,2024-02-28
Roanne,42187,42300,Appartement,94.0,180000.0,1914.89,2024-02-29
Lentigny,42120,42155,Maison,118.0,166500.0,1411.02,2024-02-27
Perreux,42170,42120,Maison,93.0,232000.0,2494.62,2024-02-19
Perreux,42170,42120,Maison,93.0,232000.0,2494.62,2024-02-19
Roanne,42187,42300,Appartement,54.0,60000.0,1111.11,2024-02-28
Roanne,42187,42300,Appartement,65.0,59500.0,915.38,2024-02-16
Saint-Marcel-de-Félines,42254,42122,Maison,120.0,256700.0,2139.17,2024-02-07
Saint-Marcel-de-Félines,42254,42122,Maison,120.0,256700.0,2139.17,2024-02-07
Le Coteau,42071,42120,Maison,75.0,212000.0,2826.67,2024-02-23
Roanne,42187,42300,Appartement,52.0,15000.0,288.46,2024-02-23
Perreux,42170,42120,Maison,222.0,677400.0,3051.35,2024-03-01
Perreux,42170,42120,Maison,222.0,677400.0,3051.35,2024-03-01
Perreux,42170,42120,Maison,222.0,677400.0,3051.35,2024-03-01
Vougy,42338,42720,Maison,140.0,224900.0,1606.43,2024-02-14
Vougy,42338,42720,Maison,140.0,224900.0,1606.43,2024-02-14
Vougy,42338,42720,Maison,140.0,224900.0,1606.43,2024-02-14
Roanne,42187,42300,Appartement,38.0,115000.0,3026.32,2024-02-26
Saint-Nizier-sous-Charlieu,42267,42190,Maison,123.0,126900.0,1031.71,2024-02-07
Saint-Nizier-sous-Charlieu,42267,42190,Maison,123.0,126900.0,1031.71,2024-02-07
Régny,42181,42630,Maison,51.0,78000.0,1529.41,2024-03-01
Roanne,42187,42300,Maison,220.0,295000.0,1340.91,2024-02-13
Roanne,42187,42300,Maison,220.0,295000.0,1340.91,2024-02-13
Roanne,42187,42300,Appartement,45.0,39930.0,887.33,2024-02-27
Le Coteau,42071,42120,Appartement,65.0,125000.0,1923.08,2024-02-26
Roanne,42187,42300,Maison,240.0,30000.0,125.0,2024-02-15
Roanne,42187,42300,Maison,50.0,30000.0,600.0,2024-02-15
Riorges,42184,42153,Maison,96.0,135000.0,1406.25,2024-02-02
Commelle-Vernay,42069,42120,Maison,130.0,160000.0,1230.77,2024-02-29
Roanne,42187,42300,Maison,80.0,135000.0,1687.5,2024-02-19
Riorges,42184,42153,Maison,275.0,760100.0,2764.0,2024-02-12
Riorges,42184,42153,Maison,275.0,760100.0,2764.0,2024-02-12
Cuinzier,42079,42460,Maison,120.0,170050.0,1417.08,2024-03-05
Charlieu,42052,42190,Appartement,71.0,128850.0,1814.79,2024-03-05
Charlieu,42052,42190,Appartement,107.0,128850.0,1204.21,2024-03-05
Roanne,42187,42300,Appartement,80.0,129200.0,1615.0,2024-02-20
Riorges,42184,42153,Appartement,83.0,79950.0,963.25,2024-02-23
Renaison,42182,42370,Maison,80.0,110000.0,1375.0,2024-02-19
Saint-Jean-Saint-Maurice-sur-Loire,42239,42155,Maison,88.0,140000.0,1590.91,2024-02-16
Saint-Jean-Saint-Maurice-sur-Loire,42239,42155,Maison,88.0,140000.0,1590.91,2024-02-16
Roanne,42187,42300,Maison,312.0,712500.0,2283.65,2024-02-12
Le Coteau,42071,42120,Maison,99.0,191000.0,1929.29,2024-02-21
Riorges,42184,42153,Maison,120.0,247000.0,2058.33,2024-02-29
Saint-Marcel-de-Félines,42254,42122,Maison,120.0,190000.0,1583.33,2024-02-28
Perreux,42170,42120,Appartement,38.0,59000.0,1552.63,2024-02-12
Perreux,42170,42120,Appartement,72.0,59000.0,819.44,2024-02-12
Balbigny,42011,42510,Maison,132.0,270000.0,2045.45,2024-03-04
Changy,42049,42310,Maison,140.0,164000.0,1171.43,2024-03-05
Roanne,42187,42300,Appartement,88.0,133000.0,1511.36,2024-03-01
Roanne,42187,42300,Appartement,48.0,65000.0,1354.17,2024-03-01
Croizet-sur-Gand,42077,42540,Maison,45.0,50000.0,1111.11,2024-02-27
Saint-Victor-sur-Rhins,42293,42630,Maison,116.0,229500.0,1978.45,2024-02-19
Saint-Victor-sur-Rhins,42293,42630,Maison,116.0,229500.0,1978.45,2024-02-19
Ouches,42162,42155,Maison,103.0,185000.0,1796.12,2024-03-04
Ouches,42162,42155,Maison,103.0,185000.0,1796.12,2024-03-04
Ouches,42162,42155,Maison,103.0,185000.0,1796.12,2024-03-04
Saint-Romain-la-Motte,42284,42640,Maison,99.0,155000.0,1565.66,2024-02-22
Saint-Romain-la-Motte,42284,42640,Maison,99.0,155000.0,1565.66,2024-02-22
Saint-Romain-la-Motte,42284,42640,Maison,99.0,155000.0,1565.66,2024-02-22
Écoche,42086,42670,Maison,100.0,75000.0,750.0,2024-03-09
Saint-Germain-Laval,42230,42260,Maison,100.0,251500.0,2515.0,2024-02-21
Roanne,42187,42300,Appartement,87.0,105000.0,1206.9,2024-02-08
Lay,42118,42470,Maison,54.0,150000.0,2777.78,2024-02-16
Commelle-Vernay,42069,42120,Maison,94.0,203100.0,2160.64,2024-02-28
Roanne,42187,42300,Appartement,44.0,51000.0,1159.09,2024-03-06
La Bénisson-Dieu,42016,42720,Maison,170.0,456500.0,2685.29,2024-03-08
Briennon,42026,42720,Maison,100.0,140000.0,1400.0,2024-03-05
Roanne,42187,42300,Appartement,30.0,104450.0,3481.67,2024-03-08
Roanne,42187,42300,Appartement,57.0,104450.0,1832.46,2024-03-08
Roanne,42187,42300,Appartement,52.0,104450.0,2008.65,2024-03-08
Roanne,42187,42300,Appartement,64.0,75000.0,1171.88,2024-03-06
Roanne,42187,42300,Appartement,64.0,75000.0,1171.88,2024-03-06
Le Coteau,42071,42120,Appartement,22.0,220000.0,10000.0,2024-03-07
Le Coteau,42071,42120,Appartement,54.0,220000.0,4074.07,2024-03-07
Le Coteau,42071,42120,Appartement,49.0,220000.0,4489.8,2024-03-07
Le Coteau,42071,42120,Appartement,24.0,220000.0,9166.67,2024-03-07
Le Coteau,42071,42120,Appartement,39.0,220000.0,5641.03,2024-03-07
Le Coteau,42071,42120,Appartement,21.0,220000.0,10476.19,2024-03-07
Roanne,42187,42300,Appartement,69.0,114150.0,1654.35,2024-03-06
Roanne,42187,42300,Appartement,42.0,22000.0,523.81,2024-02-28
Lentigny,42120,42155,Maison,128.0,223250.0,1744.14,2024-03-08
Roanne,42187,42300,Appartement,63.0,85000.0,1349.21,2024-03-11
Neulise,42156,42590,Maison,50.0,64500.0,1290.0,2024-03-04
Roanne,42187,42300,Maison,98.0,184000.0,1877.55,2024-02-29
Roanne,42187,42300,Appartement,42.0,2573000.0,61261.9,2024-03-05
Saint-Martin-d'Estréaux,42257,42620,Maison,78.0,100000.0,1282.05,2024-03-13
Riorges,42184,42153,Appartement,47.0,62000.0,1319.15,2024-03-11
Roanne,42187,42300,Appartement,58.0,71000.0,1224.14,2024-03-11
Roanne,42187,42300,Maison,48.0,106270.0,2213.96,2024-03-07
Riorges,42184,42153,Maison,161.0,271000.0,1683.23,2024-03-08
Saint-André-d'Apchon,42199,42370,Maison,48.0,20000.0,416.67,2024-02-28
Saint-André-d'Apchon,42199,42370,Maison,48.0,20000.0,416.67,2024-02-28
Bussières,42029,42510,Maison,85.0,70000.0,823.53,2024-03-05
Riorges,42184,42153,Appartement,96.0,99750.0,1039.06,2024-03-14
Le Crozet,42078,42310,Maison,114.0,95000.0,833.33,2024-03-14
Le Crozet,42078,42310,Maison,114.0,95000.0,833.33,2024-03-14
Mably,42127,42300,Maison,131.0,246000.0,1877.86,2024-03-15
Mably,42127,42300,Maison,131.0,246000.0,1877.86,2024-03-15
Roanne,42187,42300,Maison,48.0,24500.0,510.42,2024-03-05
Roanne,42187,42300,Maison,122.0,338600.0,2775.41,2024-03-09
Roanne,42187,42300,Maison,60.0,63000.0,1050.0,2024-03-12
Saint-Martin-la-Sauveté,42260,42260,Maison,65.0,19000.0,292.31,2024-03-08
Riorges,42184,42153,Maison,120.0,110000.0,916.67,2024-03-11
Pouilly-sous-Charlieu,42177,42720,Maison,90.0,92000.0,1022.22,2024-03-12
Briennon,42026,42720,Maison,39.0,85200.0,2184.62,2024-03-12
Riorges,42184,42153,Maison,91.0,230000.0,2527.47,2024-03-15
Roanne,42187,42300,Appartement,64.0,137950.0,2155.47,2024-03-05
Balbigny,42011,42510,Maison,117.0,195000.0,1666.67,2024-03-12
Balbigny,42011,42510,Maison,117.0,195000.0,1666.67,2024-03-12
Neaux,42153,42470,Maison,208.0,343200.0,1650.0,2024-03-08
Neaux,42153,42470,Maison,208.0,343200.0,1650.0,2024-03-08
Commelle-Vernay,42069,42120,Maison,104.0,149200.0,1434.62,2024-03-13
Cremeaux,42076,42260,Maison,93.0,204460.0,2198.49,2024-03-05
Roanne,42187,42300,Appartement,45.0,42345.0,941.0,2024-03-15
Villerest,42332,42300,Maison,100.0,174000.0,1740.0,2024-03-13
Roanne,42187,42300,Appartement,72.0,70000.0,972.22,2024-03-14
Le Coteau,42071,42120,Appartement,32.0,80000.0,2500.0,2024-03-14
Saint-Germain-Laval,42230,42260,Maison,47.0,31010.0,659.79,2024-03-08
Coutouvre,42074,42460,Maison,73.0,247000.0,3383.56,2024-03-07
Coutouvre,42074,42460,Maison,73.0,247000.0,3383.56,2024-03-07
Riorges,42184,42153,Maison,102.0,220200.0,2158.82,2024-03-15
Roanne,42187,42300,Appartement,42.0,53000.0,1261.9,2024-03-07
Saint-Romain-la-Motte,42284,42640,Maison,106.0,200000.0,1886.79,2024-03-14
Saint-Romain-la-Motte,42284,42640,Maison,106.0,200000.0,1886.79,2024-03-14
Roanne,42187,42300,Appartement,32.0,28000.0,875.0,2024-03-13
Saint-Just-la-Pendue,42249,42540,Maison,150.0,240000.0,1600.0,2024-03-14
Roanne,42187,42300,Appartement,126.0,205000.0,1626.98,2024-03-19
Roanne,42187,42300,Appartement,79.0,205000.0,2594.94,2024-03-19
Saint-Germain-Lespinasse,42231,42640,Appartement,80.0,188600.0,2357.5,2024-03-15
Saint-Germain-Lespinasse,42231,42640,Appartement,85.0,188600.0,2218.82,2024-03-15
Saint-Germain-Lespinasse,42231,42640,Appartement,103.0,188600.0,1831.07,2024-03-15
Neaux,42153,42470,Maison,137.0,139000.0,1014.6,2024-03-13
Roanne,42187,42300,Appartement,53.0,60000.0,1132.08,2024-03-13
Mably,42127,42300,Maison,143.0,571000.0,3993.01,2024-03-15
Mably,42127,42300,Maison,143.0,571000.0,3993.01,2024-03-15
Régny,42181,42630,Maison,60.0,25000.0,416.67,2024-03-13
Roanne,42187,42300,Appartement,114.0,178800.0,1568.42,2024-03-13
Saint-Just-en-Chevalet,42248,42430,Maison,140.0,85000.0,607.14,2024-03-18
Saint-Germain-Laval,42230,42260,Maison,110.0,54000.0,490.91,2024-03-19
Roanne,42187,42300,Appartement,65.0,69000.0,1061.54,2024-03-18
Villerest,42332,42300,Maison,110.0,274000.0,2490.91,2024-03-07
Grézolles,42106,42260,Maison,52.0,80000.0,1538.46,2024-03-19
Roanne,42187,42300,Appartement,27.0,51100.0,1892.59,2024-02-26
Roanne,42187,42300,Appartement,28.0,175000.0,6250.0,2024-02-28
Roanne,42187,42300,Appartement,43.0,175000.0,4069.77,2024-02-28
Roanne,42187,42300,Appartement,38.0,175000.0,4605.26,2024-02-28
Roanne,42187,42300,Appartement,50.0,175000.0,3500.0,2024-02-28
Roanne,42187,42300,Appartement,41.0,40000.0,975.61,2024-02-29
Violay,42334,42780,Maison,90.0,244000.0,2711.11,2024-03-15
Mably,42127,42300,Maison,80.0,163400.0,2042.5,2024-03-18
Roanne,42187,42300,Maison,55.0,76818.5,1396.7,2024-03-06
Lay,42118,42470,Maison,57.0,128000.0,2245.61,2024-03-18
Neulise,42156,42590,Maison,120.0,133500.0,1112.5,2024-03-14
Neulise,42156,42590,Maison,120.0,133500.0,1112.5,2024-03-14
Neulise,42156,42590,Maison,120.0,133500.0,1112.5,2024-03-14
Saint-Germain-Laval,42230,42260,Appartement,42.0,20000.0,476.19,2024-03-15
Saint-Germain-Laval,42230,42260,Appartement,35.0,20000.0,571.43,2024-03-15
Riorges,42184,42153,Appartement,63.0,109300.0,1734.92,2024-03-20
Saint-Germain-Laval,42230,42260,Appartement,30.0,40000.0,1333.33,2024-03-15
Saint-Germain-Laval,42230,42260,Appartement,19.0,40000.0,2105.26,2024-03-15
Saint-Germain-Laval,42230,42260,Appartement,27.0,40000.0,1481.48,2024-03-15
Roanne,42187,42300,Appartement,97.0,96000.0,989.69,2024-03-18
Roanne,42187,42300,Appartement,23.0,73700.0,3204.35,2024-03-01
Roanne,42187,42300,Appartement,63.0,73700.0,1169.84,2024-03-01
Roanne,42187,42300,Appartement,33.0,50000.0,1515.15,2024-03-01
Roanne,42187,42300,Appartement,25.0,50000.0,2000.0,2024-03-01
Roanne,42187,42300,Appartement,35.0,42500.0,1214.29,2024-03-13
Roanne,42187,42300,Appartement,65.0,50000.0,769.23,2024-03-18
Riorges,42184,42153,Maison,60.0,180500.0,3008.33,2024-03-19
Roanne,42187,42300,Appartement,60.0,104500.0,1741.67,2024-03-15
Saint-Alban-les-Eaux,42198,42370,Maison,84.0,51706.8,615.56,2024-03-21
Roanne,42187,42300,Appartement,55.0,130000.0,2363.64,2024-03-22
Roanne,42187,42300,Appartement,45.0,130000.0,2888.89,2024-03-22
Roanne,42187,42300,Appartement,54.0,130000.0,2407.41,2024-03-22
Roanne,42187,42300,Appartement,55.0,130000.0,2363.64,2024-03-22
Charlieu,42052,42190,Maison,100.0,42500.0,425.0,2024-03-15
Charlieu,42052,42190,Maison,100.0,42500.0,425.0,2024-03-15
Riorges,42184,42153,Maison,133.0,36000.0,270.68,2024-03-18
Balbigny,42011,42510,Maison,134.0,340000.0,2537.31,2024-03-22
Commelle-Vernay,42069,42120,Maison,91.0,219300.0,2409.89,2024-03-05
Chandon,42048,42190,Maison,128.0,304050.0,2375.39,2024-03-14
Roanne,42187,42300,Appartement,70.0,70000.0,1000.0,2024-03-11
Charlieu,42052,42190,Maison,108.0,70000.0,648.15,2024-03-20
Souternon,42303,42260,Maison,32.0,95000.0,2968.75,2024-03-06
Roanne,42187,42300,Appartement,53.0,60000.0,1132.08,2024-03-19
Roanne,42187,42300,Appartement,51.0,50230.0,984.9,2024-03-26
Saint-Denis-de-Cabanne,42215,42750,Maison,92.0,99000.0,1076.09,2024-03-22
Roanne,42187,42300,Appartement,84.0,151892.0,1808.24,2024-03-27
La Bénisson-Dieu,42016,42720,Maison,120.0,160000.0,1333.33,2024-03-27
Roanne,42187,42300,Appartement,95.0,94000.0,989.47,2024-03-20
Saint-Just-la-Pendue,42249,42540,Maison,105.0,180100.0,1715.24,2024-03-19
Roanne,42187,42300,Appartement,35.0,55600.0,1588.57,2024-03-26
Riorges,42184,42153,Appartement,67.0,75000.0,1119.4,2024-03-22
Riorges,42184,42153,Appartement,82.0,67000.0,817.07,2024-03-22
La Gresle,42104,42460,Maison,99.0,40000.0,404.04,2024-03-22
Roanne,42187,42300,Appartement,49.0,73000.0,1489.8,2024-03-22
Riorges,42184,42153,Maison,150.0,695000.0,4633.33,2024-03-22
Riorges,42184,42153,Maison,150.0,695000.0,4633.33,2024-03-22
Riorges,42184,42153,Maison,142.0,620000.0,4366.2,2024-03-22
Roanne,42187,42300,Appartement,68.0,71500.0,1051.47,2024-03-22
Le Coteau,42071,42120,Appartement,105.0,86850.0,827.14,2024-03-21
Roanne,42187,42300,Appartement,43.0,25000.0,581.4,2024-03-21
Roanne,42187,42300,Appartement,72.0,72000.0,1000.0,2024-03-14
Vougy,42338,42720,Maison,47.0,72000.0,1531.91,2024-03-27
Cordelle,42070,42123,Maison,58.0,121400.0,2093.1,2024-03-25
La Gresle,42104,42460,Maison,150.0,166250.0,1108.33,2024-03-25
Roanne,42187,42300,Appartement,119.0,222500.0,1869.75,2024-03-25
Saint-Denis-de-Cabanne,42215,42750,Maison,70.0,68000.0,971.43,2024-03-13
Roanne,42187,42300,Appartement,43.0,57500.0,1337.21,2024-03-14
Jarnosse,42112,42460,Maison,230.0,264795.0,1151.28,2024-03-08
Roanne,42187,42300,Appartement,53.0,53000.0,1000.0,2024-03-26
Roanne,42187,42300,Appartement,100.0,280000.0,2800.0,2024-03-26
Roanne,42187,42300,Appartement,85.0,280000.0,3294.12,2024-03-26
Roanne,42187,42300,Appartement,100.0,280000.0,2800.0,2024-03-26
Roanne,42187,42300,Appartement,68.0,280000.0,4117.65,2024-03-26
Roanne,42187,42300,Maison,83.0,174000.0,2096.39,2024-03-27
Roanne,42187,42300,Appartement,26.0,81845.0,3147.88,2024-04-02
Roanne,42187,42300,Appartement,45.0,81845.0,1818.78,2024-04-02
Roanne,42187,42300,Appartement,100.0,185000.0,1850.0,2024-03-29
Roanne,42187,42300,Appartement,43.0,182000.0,4232.56,2024-03-26
Roanne,42187,42300,Appartement,43.0,182000.0,4232.56,2024-03-26
Roanne,42187,42300,Appartement,93.0,182000.0,1956.99,2024-03-26
Neaux,42153,42470,Appartement,70.0,50000.0,714.29,2024-03-27
Neaux,42153,42470,Appartement,35.0,50000.0,1428.57,2024-03-27
Neaux,42153,42470,Appartement,38.0,50000.0,1315.79,2024-03-27
Neaux,42153,42470,Maison,70.0,50000.0,714.29,2024-03-27
Roanne,42187,42300,Appartement,29.0,19000.0,655.17,2024-03-27
Régny,42181,42630,Appartement,139.0,260001.0,1870.51,2024-03-14
Régny,42181,42630,Appartement,169.0,260001.0,1538.47,2024-03-14
Saint-Pierre-la-Noaille,42273,42190,Maison,130.0,171500.0,1319.23,2024-03-29
Balbigny,42011,42510,Maison,135.0,228500.0,1692.59,2024-03-20
Roanne,42187,42300,Appartement,92.0,80500.0,875.0,2024-01-10
Le Coteau,42071,42120,Maison,115.0,270000.0,2347.83,2024-03-27
Roanne,42187,42300,Appartement,30.0,50500.0,1683.33,2024-03-27
Roanne,42187,42300,Appartement,54.0,36700.0,679.63,2024-03-27
Roanne,42187,42300,Appartement,101.0,176000.0,1742.57,2024-03-27
Saint-André-d'Apchon,42199,42370,Maison,97.0,176050.0,1814.95,2024-03-27
Le Coteau,42071,42120,Maison,100.0,200000.0,2000.0,2024-03-27
Saint-Denis-de-Cabanne,42215,42750,Maison,150.0,173500.0,1156.67,2024-03-27
Saint-Denis-de-Cabanne,42215,42750,Maison,150.0,173500.0,1156.67,2024-03-27
Pouilly-sous-Charlieu,42177,42720,Maison,150.0,309350.0,2062.33,2024-03-29
Pouilly-sous-Charlieu,42177,42720,Maison,150.0,309350.0,2062.33,2024-03-29
Saint-Germain-Laval,42230,42260,Maison,60.0,18000.0,300.0,2024-03-28
Mably,42127,42300,Maison,79.0,86000.0,1088.61,2024-03-27
Cordelle,42070,42123,Maison,105.0,295000.0,2809.52,2024-03-26
Cordelle,42070,42123,Maison,105.0,295000.0,2809.52,2024-03-26
Cordelle,42070,42123,Maison,105.0,295000.0,2809.52,2024-03-26
Roanne,42187,42300,Appartement,51.0,91710.0,1798.24,2024-03-19
Roanne,42187,42300,Appartement,63.0,57000.0,904.76,2024-03-28
Violay,42334,42780,Maison,80.0,91666.0,1145.83,2024-03-14
Saint-Jodard,42241,42590,Maison,95.0,110000.0,1157.89,2024-03-14
Roanne,42187,42300,Appartement,40.0,170000.0,4250.0,2024-03-15
Roanne,42187,42300,Appartement,63.0,170000.0,2698.41,2024-03-15
Riorges,42184,42153,Appartement,66.0,65000.0,984.85,2024-04-04
Roanne,42187,42300,Maison,53.0,121500.0,2292.45,2024-03-29
Roanne,42187,42300,Appartement,50.0,60000.0,1200.0,2024-03-27
Roanne,42187,42300,Maison,147.0,125000.0,850.34,2024-03-28
Roanne,42187,42300,Maison,77.0,90000.0,1168.83,2024-03-29
Roanne,42187,42300,Appartement,100.0,86000.0,860.0,2024-03-25
Roanne,42187,42300,Appartement,80.0,82000.0,1025.0,2024-04-04
Roanne,42187,42300,Appartement,20.0,82000.0,4100.0,2024-04-04
Le Coteau,42071,42120,Maison,74.0,166480.0,2249.73,2024-04-04
Roanne,42187,42300,Appartement,30.0,30000.0,1000.0,2024-03-28
Roanne,42187,42300,Appartement,36.0,47000.0,1305.56,2024-04-03
Pouilly-sous-Charlieu,42177,42720,Maison,105.0,131000.0,1247.62,2024-03-27
Roanne,42187,42300,Maison,113.0,150000.0,1327.43,2024-04-05
Roanne,42187,42300,Maison,113.0,150000.0,1327.43,2024-04-05
Roanne,42187,42300,Appartement,96.0,375500.0,3911.46,2024-03-25
Riorges,42184,42153,Maison,110.0,162000.0,1472.73,2024-03-22
Roanne,42187,42300,Maison,50.0,110000.0,2200.0,2024-03-28
Roanne,42187,42300,Appartement,63.0,38000.0,603.17,2024-04-05
Vivans,42337,42310,Maison,90.0,50000.0,555.56,2024-04-06
Renaison,42182,42370,Maison,110.0,122200.0,1110.91,2024-03-27
Le Coteau,42071,42120,Appartement,47.0,33000.0,702.13,2024-04-02
Le Coteau,42071,42120,Appartement,47.0,50000.0,1063.83,2024-03-26
Le Coteau,42071,42120,Appartement,44.0,82650.0,1878.41,2024-03-28
Le Coteau,42071,42120,Appartement,101.0,208700.0,2066.34,2024-03-28
Le Coteau,42071,42120,Appartement,56.0,74050.0,1322.32,2024-03-28
Roanne,42187,42300,Maison,72.0,185000.0,2569.44,2024-04-03
Riorges,42184,42153,Appartement,56.0,68500.0,1223.21,2024-03-29
Saint-Vincent-de-Boisset,42294,42120,Maison,162.0,379550.0,2342.9,2024-03-29
Saint-Vincent-de-Boisset,42294,42120,Maison,162.0,379550.0,2342.9,2024-03-29
Roanne,42187,42300,Appartement,62.0,106000.0,1709.68,2024-03-29
Roanne,42187,42300,Maison,294.0,517725.0,1760.97,2024-03-29
Villerest,42332,42300,Maison,104.0,266600.0,2563.46,2024-03-29
Pouilly-sous-Charlieu,42177,42720,Maison,167.0,156050.0,934.43,2024-04-05
Roanne,42187,42300,Appartement,176.0,315000.0,1789.77,2024-04-05
Roanne,42187,42300,Appartement,65.0,315000.0,4846.15,2024-04-05
Combre,42068,42840,Maison,100.0,67000.0,670.0,2024-03-27
Roanne,42187,42300,Appartement,138.0,250000.0,1811.59,2024-03-29
Riorges,42184,42153,Appartement,64.0,60000.0,937.5,2024-03-15
Roanne,42187,42300,Appartement,65.0,78000.0,1200.0,2024-03-26
Roanne,42187,42300,Appartement,40.0,66000.0,1650.0,2024-03-28
Riorges,42184,42153,Appartement,52.0,77000.0,1480.77,2024-04-05
Changy,42049,42310,Maison,45.0,20000.0,444.44,2024-04-03
Saint-Léger-sur-Roanne,42253,42155,Maison,340.0,1150000.0,3382.35,2024-04-02
Saint-Léger-sur-Roanne,42253,42155,Maison,128.0,1150000.0,8984.38,2024-04-02
Saint-Léger-sur-Roanne,42253,42155,Maison,340.0,1150000.0,3382.35,2024-04-02
Saint-Léger-sur-Roanne,42253,42155,Maison,128.0,1150000.0,8984.38,2024-04-02
Saint-Léger-sur-Roanne,42253,42155,Maison,128.0,1150000.0,8984.38,2024-04-02
Saint-Léger-sur-Roanne,42253,42155,Maison,340.0,1150000.0,3382.35,2024-04-02
Roanne,42187,42300,Appartement,71.0,93000.0,1309.86,2024-04-05
Saint-Symphorien-de-Lay,42289,42470,Appartement,35.0,50000.0,1428.57,2024-03-26
Saint-Symphorien-de-Lay,42289,42470,Appartement,47.0,50000.0,1063.83,2024-03-26
Saint-Symphorien-de-Lay,42289,42470,Maison,87.0,50000.0,574.71,2024-03-26
Charlieu,42052,42190,Maison,73.0,125000.0,1712.33,2024-04-10
Charlieu,42052,42190,Maison,110.0,190000.0,1727.27,2024-04-10
Roanne,42187,42300,Appartement,33.0,38025.0,1152.27,2024-04-04
Roanne,42187,42300,Maison,140.0,155000.0,1107.14,2024-04-04
Roanne,42187,42300,Appartement,59.0,43000.0,728.81,2024-03-22
Chirassimont,42063,42114,Maison,95.0,107000.0,1126.32,2024-03-22
Le Coteau,42071,42120,Appartement,46.0,45000.0,978.26,2024-03-29
Le Coteau,42071,42120,Appartement,69.0,108300.0,1569.57,2024-04-02
Roanne,42187,42300,Appartement,202.0,370550.0,1834.41,2024-03-29
Cherier,42061,42430,Maison,250.0,319000.0,1276.0,2024-03-29
Roanne,42187,42300,Maison,281.0,266400.0,948.04,2024-04-04
Chandon,42048,42190,Maison,79.0,133000.0,1683.54,2024-04-10
Saint-Haon-le-Vieux,42233,42370,Maison,180.0,106000.0,588.89,2024-03-29
Saint-Haon-le-Châtel,42232,42370,Maison,54.0,112000.0,2074.07,2024-03-29
Le Coteau,42071,42120,Maison,56.0,136950.0,2445.54,2024-04-08
Perreux,42170,42120,Maison,133.0,295800.0,2224.06,2024-04-08
Perreux,42170,42120,Maison,133.0,295800.0,2224.06,2024-04-08
Roanne,42187,42300,Appartement,36.0,133000.0,3694.44,2024-03-29
Roanne,42187,42300,Appartement,50.0,133000.0,2660.0,2024-03-29
Roanne,42187,42300,Appartement,61.0,133000.0,2180.33,2024-03-29
Roanne,42187,42300,Appartement,32.0,133000.0,4156.25,2024-03-29
Roanne,42187,42300,Appartement,55.0,133000.0,2418.18,2024-03-29
Balbigny,42011,42510,Maison,88.0,150000.0,1704.55,2024-03-29
Saint-Germain-la-Montagne,42229,42670,Maison,120.0,168100.0,1400.83,2024-04-08
Roanne,42187,42300,Appartement,31.0,114400.0,3690.32,2024-04-12
Roanne,42187,42300,Appartement,42.0,114400.0,2723.81,2024-04-12
Saint-Jean-Saint-Maurice-sur-Loire,42239,42155,Maison,120.0,290000.0,2416.67,2024-04-10
Saint-Jean-Saint-Maurice-sur-Loire,42239,42155,Maison,120.0,290000.0,2416.67,2024-04-10
Roanne,42187,42300,Appartement,34.0,49000.0,1441.18,2024-04-09
Cremeaux,42076,42260,Maison,45.0,10000.0,222.22,2024-04-05
Cremeaux,42076,42260,Maison,120.0,61000.0,508.33,2024-04-05
Saint-Georges-de-Baroille,42226,42510,Maison,119.0,216700.0,1821.01,2024-04-10
Saint-Georges-de-Baroille,42226,42510,Maison,119.0,216700.0,1821.01,2024-04-10
Bussières,42029,42510,Maison,94.0,20000.0,212.77,2024-04-02
Roanne,42187,42300,Appartement,73.0,109000.0,1493.15,2024-04-15
Charlieu,42052,42190,Appartement,76.0,88000.0,1157.89,2024-04-04
Saint-Hilaire-sous-Charlieu,42236,42190,Maison,65.0,125400.0,1929.23,2024-03-29
Chandon,42048,42190,Maison,71.0,165800.0,2335.21,2024-04-08
Chandon,42048,42190,Maison,71.0,165800.0,2335.21,2024-04-08
Charlieu,42052,42190,Appartement,113.0,148600.0,1315.04,2024-04-02
Roanne,42187,42300,Appartement,54.0,47790.0,885.0,2024-04-09
Chandon,42048,42190,Maison,170.0,252000.0,1482.35,2024-03-22
Belleroche,42014,42670,Maison,86.0,180000.0,2093.02,2024-03-12
Belleroche,42014,42670,Maison,86.0,180000.0,2093.02,2024-03-12
Riorges,42184,42153,Appartement,70.0,70000.0,1000.0,2024-03-25
Charlieu,42052,42190,Appartement,141.0,230000.0,1631.21,2024-04-10
Charlieu,42052,42190,Appartement,49.0,230000.0,4693.88,2024-04-10
Saint-Priest-la-Prugne,42276,42830,Maison,38.0,14000.0,368.42,2024-04-04
Roanne,42187,42300,Maison,56.0,74000.0,1321.43,2024-04-10
Le Coteau,42071,42120,Maison,110.0,159000.0,1445.45,2024-04-10
Pouilly-les-Nonains,42176,42155,Maison,45.0,28000.0,622.22,2024-04-11
Pouilly-les-Nonains,42176,42155,Maison,45.0,28000.0,622.22,2024-04-11
Riorges,42184,42153,Appartement,70.0,94800.0,1354.29,2024-03-29
Régny,42181,42630,Maison,93.0,111000.0,1193.55,2024-04-15
Ambierle,42003,42820,Maison,48.0,84900.0,1768.75,2024-04-05
Riorges,42184,42153,Maison,102.0,254500.0,2495.1,2024-04-08
Villemontais,42331,42155,Maison,95.0,92000.0,968.42,2024-04-08
Renaison,42182,42370,Maison,171.0,185000.0,1081.87,2024-04-12
Saint-Priest-la-Prugne,42276,42830,Maison,54.0,24000.0,444.44,2024-04-18
Saint-Germain-Lespinasse,42231,42640,Appartement,50.0,154000.0,3080.0,2024-04-11
Saint-Germain-Lespinasse,42231,42640,Appartement,48.0,154000.0,3208.33,2024-04-11
Saint-Germain-Lespinasse,42231,42640,Maison,73.0,154000.0,2109.59,2024-04-11
Roanne,42187,42300,Appartement,48.0,52300.0,1089.58,2024-04-10
Roanne,42187,42300,Appartement,50.0,251000.0,5020.0,2024-04-10
Roanne,42187,42300,Appartement,30.0,251000.0,8366.67,2024-04-10
Roanne,42187,42300,Appartement,30.0,251000.0,8366.67,2024-04-10
Roanne,42187,42300,Appartement,30.0,251000.0,8366.67,2024-04-10
Roanne,42187,42300,Appartement,30.0,251000.0,8366.67,2024-04-10
Riorges,42184,42153,Maison,77.0,121000.0,1571.43,2024-04-12
Roanne,42187,42300,Appartement,104.0,150000.0,1442.31,2024-04-12
Roanne,42187,42300,Appartement,40.0,35000.0,875.0,2024-03-18
Renaison,42182,42370,Maison,147.0,351000.0,2387.76,2024-04-12
Renaison,42182,42370,Maison,147.0,351000.0,2387.76,2024-04-12
Roanne,42187,42300,Maison,99.0,157000.0,1585.86,2024-04-16
Saint-Romain-la-Motte,42284,42640,Maison,150.0,235000.0,1566.67,2024-04-10
Saint-Romain-la-Motte,42284,42640,Maison,150.0,235000.0,1566.67,2024-04-10
Roanne,42187,42300,Maison,40.0,73000.0,1825.0,2024-04-12
Saint-Romain-la-Motte,42284,42640,Maison,97.0,252000.0,2597.94,2024-04-10
Le Coteau,42071,42120,Appartement,191.0,120000.0,628.27,2024-03-26
Roanne,42187,42300,Appartement,61.0,109500.0,1795.08,2024-04-17
Riorges,42184,42153,Maison,116.0,195000.0,1681.03,2024-04-15
Roanne,42187,42300,Appartement,49.0,44500.0,908.16,2024-04-15
Roanne,42187,42300,Maison,75.0,2650000.0,35333.33,2024-04-17
Saint-Jean-Saint-Maurice-sur-Loire,42239,42155,Maison,106.0,130000.0,1226.42,2024-04-17
Charlieu,42052,42190,Appartement,90.0,132000.0,1466.67,2024-04-19
Villerest,42332,42300,Appartement,55.0,65000.0,1181.82,2024-04-18
Noailly,42157,42640,Maison,106.0,80000.0,754.72,2024-04-16
Cordelle,42070,42123,Maison,94.0,150000.0,1595.74,2024-03-27
Perreux,42170,42120,Maison,81.0,100000.0,1234.57,2024-04-03
Roanne,42187,42300,Appartement,76.0,107000.0,1407.89,2024-04-19
Riorges,42184,42153,Appartement,44.0,76950.0,1748.86,2024-04-19
Roanne,42187,42300,Appartement,24.0,25000.0,1041.67,2024-04-19
Saint-Hilaire-sous-Charlieu,42236,42190,Maison,121.0,220000.0,1818.18,2024-04-16
Saint-Hilaire-sous-Charlieu,42236,42190,Maison,121.0,220000.0,1818.18,2024-04-16
Saint-Hilaire-sous-Charlieu,42236,42190,Maison,121.0,220000.0,1818.18,2024-04-16
Écoche,42086,42670,Maison,84.0,71000.0,845.24,2024-04-16
Saint-Cyr-de-Valorges,42213,42114,Maison,36.0,32500.0,902.78,2024-04-04
Le Coteau,42071,42120,Appartement,39.0,70000.0,1794.87,2024-04-09
Le Coteau,42071,42120,Appartement,37.0,70000.0,1891.89,2024-04-09
Roanne,42187,42300,Appartement,86.0,28000.0,325.58,2024-04-03
Perreux,42170,42120,Appartement,87.0,205000.0,2356.32,2024-04-18
Perreux,42170,42120,Appartement,96.0,205000.0,2135.42,2024-04-18
Perreux,42170,42120,Appartement,65.0,205000.0,3153.85,2024-04-18
Perreux,42170,42120,Appartement,32.0,205000.0,6406.25,2024-04-18
Perreux,42170,42120,Appartement,48.0,205000.0,4270.83,2024-04-18
Perreux,42170,42120,Appartement,33.0,205000.0,6212.12,2024-04-18
Perreux,42170,42120,Appartement,62.0,205000.0,3306.45,2024-04-18
Perreux,42170,42120,Appartement,68.0,205000.0,3014.71,2024-04-18
Roanne,42187,42300,Appartement,93.0,94000.0,1010.75,2024-04-10
Souternon,42303,42260,Maison,80.0,66000.0,825.0,2024-04-08
Roanne,42187,42300,Appartement,25.0,35000.0,1400.0,2024-04-18
Ambierle,42003,42820,Maison,90.0,143500.0,1594.44,2024-04-11
Saint-Just-en-Chevalet,42248,42430,Maison,103.0,153000.0,1485.44,2024-04-02
Riorges,42184,42153,Appartement,60.0,115000.0,1916.67,2024-04-12
Le Coteau,42071,42120,Appartement,46.0,92000.0,2000.0,2024-04-11
Régny,42181,42630,Appartement,63.0,49000.0,777.78,2024-04-25
Villers,42333,42460,Maison,84.0,122891.7,1463.0,2024-04-22
Roanne,42187,42300,Maison,127.0,212000.0,1669.29,2024-04-22
Roanne,42187,42300,Appartement,87.0,300000.0,3448.28,2024-04-24
Pouilly-sous-Charlieu,42177,42720,Maison,92.0,174000.0,1891.3,2024-04-25
Saint-Martin-d'Estréaux,42257,42620,Maison,89.0,139000.0,1561.8,2024-04-25
Balbigny,42011,42510,Maison,222.0,400000.0,1801.8,2024-04-15
Balbigny,42011,42510,Maison,222.0,400000.0,1801.8,2024-04-15
Maizilly,42131,42750,Maison,250.0,723000.0,2892.0,2024-04-13
Maizilly,42131,42750,Maison,90.0,723000.0,8033.33,2024-04-13
Maizilly,42131,42750,Maison,61.0,723000.0,11852.46,2024-04-13
Saint-Martin-la-Sauveté,42260,42260,Maison,80.0,158430.0,1980.38,2024-04-30
Le Coteau,42071,42120,Maison,98.0,238500.0,2433.67,2024-04-18
Mably,42127,42300,Maison,101.0,116000.0,1148.51,2024-04-26
Mably,42127,42300,Maison,83.0,141000.0,1698.8,2024-04-12
Riorges,42184,42153,Maison,55.0,144850.0,2633.64,2024-04-30
Pradines,42178,42630,Maison,110.0,263000.0,2390.91,2024-04-05
Roanne,42187,42300,Appartement,92.0,118600.0,1289.13,2024-04-11
Coutouvre,42074,42460,Maison,59.0,36000.0,610.17,2024-04-26
Saint-Germain-Laval,42230,42260,Maison,75.0,33400.0,445.33,2024-04-22
Saint-Martin-la-Sauveté,42260,42260,Maison,90.0,116000.0,1288.89,2024-04-30
Roanne,42187,42300,Appartement,54.0,61000.0,1129.63,2024-04-19
Roanne,42187,42300,Appartement,69.0,80000.0,1159.42,2024-04-19
Saint-Denis-de-Cabanne,42215,42750,Maison,84.0,80000.0,952.38,2024-05-03
Roanne,42187,42300,Appartement,63.0,180000.0,2857.14,2024-05-03
Roanne,42187,42300,Appartement,50.0,180000.0,3600.0,2024-05-03
Roanne,42187,42300,Appartement,59.0,180000.0,3050.85,2024-05-03
Roanne,42187,42300,Appartement,24.0,180000.0,7500.0,2024-05-03
Riorges,42184,42153,Appartement,66.0,60000.0,909.09,2024-04-16
Roanne,42187,42300,Appartement,66.0,68400.0,1036.36,2024-04-24
Nandax,42152,42720,Maison,90.0,162000.0,1800.0,2024-04-26
Nandax,42152,42720,Maison,90.0,162000.0,1800.0,2024-04-26
Riorges,42184,42153,Appartement,92.0,160000.0,1739.13,2024-04-26
Riorges,42184,42153,Appartement,89.0,123000.0,1382.02,2024-04-25
Riorges,42184,42153,Maison,192.0,536600.0,2794.79,2024-04-29
Briennon,42026,42720,Maison,74.0,163000.0,2202.7,2024-04-23
Briennon,42026,42720,Maison,74.0,163000.0,2202.7,2024-04-23
Roanne,42187,42300,Appartement,54.0,56000.0,1037.04,2024-04-17
Vougy,42338,42720,Maison,90.0,63000.0,700.0,2024-04-30
Vougy,42338,42720,Maison,90.0,63000.0,700.0,2024-04-30
Vougy,42338,42720,Appartement,22.0,268162.0,12189.18,2024-04-30
Vougy,42338,42720,Appartement,100.0,268162.0,2681.62,2024-04-30
Vougy,42338,42720,Appartement,33.0,268162.0,8126.12,2024-04-30
Vougy,42338,42720,Appartement,104.0,268162.0,2578.48,2024-04-30
Riorges,42184,42153,Appartement,55.0,69500.0,1263.64,2024-04-26
Pouilly-sous-Charlieu,42177,42720,Appartement,80.0,150000.0,1875.0,2024-04-26
Pouilly-sous-Charlieu,42177,42720,Appartement,77.0,150000.0,1948.05,2024-04-26
Pouilly-sous-Charlieu,42177,42720,Appartement,74.0,150000.0,2027.03,2024-04-26
Le Cergne,42033,42460,Maison,75.0,103000.0,1373.33,2024-04-17
Régny,42181,42630,Maison,56.0,6000.0,107.14,2024-04-29
Régny,42181,42630,Appartement,95.0,35000.0,368.42,2024-02-07
Régny,42181,42630,Appartement,78.0,35000.0,448.72,2024-02-07
Régny,42181,42630,Appartement,32.0,35000.0,1093.75,2024-02-07
Roanne,42187,42300,Maison,108.0,235050.0,2176.39,2024-04-16
Pouilly-sous-Charlieu,42177,42720,Maison,70.0,175950.0,2513.57,2024-04-17
Coutouvre,42074,42460,Maison,104.0,235000.0,2259.62,2024-04-17
Coutouvre,42074,42460,Maison,104.0,235000.0,2259.62,2024-04-17
Coutouvre,42074,42460,Maison,104.0,235000.0,2259.62,2024-04-17
Le Coteau,42071,42120,Maison,92.0,209300.0,2275.0,2024-04-29
Mably,42127,42300,Maison,84.0,126400.0,1504.76,2024-04-26
Mably,42127,42300,Maison,84.0,126400.0,1504.76,2024-04-26
Roanne,42187,42300,Appartement,131.0,279550.0,2133.97,2024-05-07
Pommiers,42173,42260,Maison,120.0,167000.0,1391.67,2024-05-02
Roanne,42187,42300,Appartement,24.0,34000.0,1416.67,2024-04-19
Charlieu,42052,42190,Maison,85.0,38000.0,447.06,2024-04-19
Roanne,42187,42300,Appartement,65.0,60200.0,926.15,2024-04-30
La Gresle,42104,42460,Maison,66.0,41000.0,621.21,2024-04-25
Le Coteau,42071,42120,Appartement,41.0,297000.0,7243.9,2024-05-03
Le Coteau,42071,42120,Appartement,26.0,297000.0,11423.08,2024-05-03
Le Coteau,42071,42120,Appartement,57.0,297000.0,5210.53,2024-05-03
Le Coteau,42071,42120,Appartement,45.0,297000.0,6600.0,2024-05-03
Le Coteau,42071,42120,Appartement,38.0,297000.0,7815.79,2024-05-03
Le Coteau,42071,42120,Appartement,41.0,297000.0,7243.9,2024-05-03
Le Coteau,42071,42120,Appartement,57.0,297000.0,5210.53,2024-05-03
Le Coteau,42071,42120,Appartement,45.0,297000.0,6600.0,2024-05-03
Le Coteau,42071,42120,Appartement,26.0,297000.0,11423.08,2024-05-03
Le Coteau,42071,42120,Appartement,38.0,297000.0,7815.79,2024-05-03
Le Coteau,42071,42120,Appartement,68.0,297000.0,4367.65,2024-05-03
Le Coteau,42071,42120,Appartement,68.0,297000.0,4367.65,2024-05-03
Le Coteau,42071,42120,Appartement,57.0,297000.0,5210.53,2024-05-03
Roanne,42187,42300,Appartement,63.0,53250.0,845.24,2024-05-03
Riorges,42184,42153,Maison,145.0,315030.0,2172.62,2024-05-02
Roanne,42187,42300,Appartement,51.0,65000.0,1274.51,2024-05-02
Roanne,42187,42300,Appartement,84.0,189050.0,2250.6,2024-04-26
Riorges,42184,42153,Maison,80.0,250000.0,3125.0,2024-04-24
Riorges,42184,42153,Maison,80.0,250000.0,3125.0,2024-04-24
Roanne,42187,42300,Appartement,60.0,183620.0,3060.33,2024-04-26
Roanne,42187,42300,Appartement,60.0,183620.0,3060.33,2024-04-26
Roanne,42187,42300,Appartement,178.0,250000.0,1404.49,2024-04-26
Roanne,42187,42300,Appartement,50.0,90300.0,1806.0,2024-04-30
Roanne,42187,42300,Maison,88.0,95000.0,1079.55,2024-05-02
Riorges,42184,42153,Appartement,42.0,30000.0,714.29,2024-04-29
Sainte-Colombe-sur-Gand,42209,42540,Maison,88.0,157750.0,1792.61,2024-05-03
Sainte-Colombe-sur-Gand,42209,42540,Maison,88.0,157750.0,1792.61,2024-05-03
Perreux,42170,42120,Maison,105.0,190000.0,1809.52,2024-04-25
Le Coteau,42071,42120,Appartement,65.0,75500.0,1161.54,2024-05-02
Roanne,42187,42300,Appartement,78.0,118000.0,1512.82,2024-05-06
Le Cergne,42033,42460,Maison,245.0,383650.0,1565.92,2024-05-14
Le Cergne,42033,42460,Maison,35.0,383650.0,10961.43,2024-05-14
Le Cergne,42033,42460,Maison,35.0,383650.0,10961.43,2024-05-14
Vézelin-sur-Loire,42268,42590,Maison,138.0,280300.0,2031.16,2024-04-30
Vézelin-sur-Loire,42268,42590,Maison,138.0,280300.0,2031.16,2024-04-30
Vézelin-sur-Loire,42268,42590,Maison,138.0,280300.0,2031.16,2024-04-30
Roanne,42187,42300,Appartement,91.0,149250.0,1640.11,2024-05-13
Roanne,42187,42300,Appartement,21.0,277500.0,13214.29,2024-05-03
Roanne,42187,42300,Appartement,92.0,277500.0,3016.3,2024-05-03
Roanne,42187,42300,Appartement,21.0,277500.0,13214.29,2024-05-03
Roanne,42187,42300,Appartement,102.0,277500.0,2720.59,2024-05-03
Roanne,42187,42300,Appartement,21.0,277500.0,13214.29,2024-05-03
Roanne,42187,42300,Appartement,39.0,277500.0,7115.38,2024-05-03
Roanne,42187,42300,Appartement,110.0,277500.0,2522.73,2024-05-03
Roanne,42187,42300,Appartement,90.0,277500.0,3083.33,2024-05-03
Roanne,42187,42300,Appartement,40.0,277500.0,6937.5,2024-05-03
Roanne,42187,42300,Appartement,21.0,277500.0,13214.29,2024-05-03
Roanne,42187,42300,Maison,91.0,175000.0,1923.08,2024-05-13
Renaison,42182,42370,Maison,50.0,72000.0,1440.0,2024-05-02
Riorges,42184,42153,Appartement,33.0,37000.0,1121.21,2024-05-14
Montagny,42145,42840,Appartement,51.0,44400.0,870.59,2024-05-06
Coutouvre,42074,42460,Appartement,23.0,29000.0,1260.87,2024-05-06
Coutouvre,42074,42460,Appartement,10.0,29000.0,2900.0,2024-05-06
Saint-Germain-la-Montagne,42229,42670,Maison,130.0,205000.0,1576.92,2024-05-16
Saint-Germain-Laval,42230,42260,Appartement,59.0,15530.0,263.22,2024-04-30
Riorges,42184,42153,Appartement,40.0,66500.0,1662.5,2024-04-29
Saint-Symphorien-de-Lay,42289,42470,Appartement,44.0,165000.0,3750.0,2024-04-30
Saint-Symphorien-de-Lay,42289,42470,Appartement,61.0,165000.0,2704.92,2024-04-30
Saint-Symphorien-de-Lay,42289,42470,Appartement,74.0,165000.0,2229.73,2024-04-30
Saint-Just-la-Pendue,42249,42540,Appartement,68.0,273000.0,4014.71,2024-05-06
Saint-Just-la-Pendue,42249,42540,Appartement,58.0,273000.0,4706.9,2024-05-06
Saint-Just-la-Pendue,42249,42540,Appartement,58.0,273000.0,4706.9,2024-05-06
Saint-Just-la-Pendue,42249,42540,Appartement,86.0,273000.0,3174.42,2024-05-06
Saint-Just-la-Pendue,42249,42540,Appartement,68.0,273000.0,4014.71,2024-05-06
Roanne,42187,42300,Appartement,34.0,47000.0,1382.35,2024-05-14
Le Coteau,42071,42120,Appartement,57.0,48500.0,850.88,2024-05-16
Roanne,42187,42300,Appartement,41.0,46000.0,1121.95,2024-05-02
Mably,42127,42300,Appartement,108.0,213750.0,1979.17,2024-05-06
Mably,42127,42300,Appartement,105.0,213750.0,2035.71,2024-05-06
Roanne,42187,42300,Appartement,26.0,18000.0,692.31,2024-04-19
Roanne,42187,42300,Appartement,26.0,18000.0,692.31,2024-04-19
Saint-Bonnet-des-Quarts,42203,42310,Maison,54.0,215270.0,3986.48,2024-05-07
Saint-Just-en-Chevalet,42248,42430,Maison,170.0,250000.0,1470.59,2024-05-13
Roanne,42187,42300,Appartement,60.0,79000.0,1316.67,2024-04-29
Roanne,42187,42300,Appartement,23.0,33250.0,1445.65,2024-05-07
Roanne,42187,42300,Appartement,67.0,72000.0,1074.63,2024-05-02
Le Coteau,42071,42120,Appartement,51.0,58000.0,1137.25,2024-05-06
Mably,42127,42300,Appartement,70.0,239000.0,3414.29,2024-05-13
Mably,42127,42300,Appartement,70.0,239000.0,3414.29,2024-05-13
Roanne,42187,42300,Appartement,57.0,75000.0,1315.79,2024-05-07
Lay,42118,42470,Maison,100.0,115000.0,1150.0,2024-05-06
Roanne,42187,42300,Appartement,40.0,41001.0,1025.03,2024-05-07
Roanne,42187,42300,Maison,70.0,165000.0,2357.14,2024-05-07
Roanne,42187,42300,Appartement,70.0,124500.0,1778.57,2024-05-15
Saint-Martin-la-Sauveté,42260,42260,Maison,48.0,36200.0,754.17,2024-05-16
Roanne,42187,42300,Appartement,62.0,73000.0,1177.42,2024-05-16
Roanne,42187,42300,Maison,69.0,130300.0,1888.41,2024-05-13
Saint-André-d'Apchon,42199,42370,Maison,93.0,187995.0,2021.45,2024-05-06
Saint-André-d'Apchon,42199,42370,Maison,93.0,187995.0,2021.45,2024-05-06
Roanne,42187,42300,Appartement,196.0,413034.0,2107.32,2024-05-02
Vougy,42338,42720,Maison,80.0,117500.0,1468.75,2024-05-07
Vougy,42338,42720,Maison,80.0,117500.0,1468.75,2024-05-07
Roanne,42187,42300,Maison,220.0,292500.0,1329.55,2024-05-17
Roanne,42187,42300,Maison,220.0,292500.0,1329.55,2024-05-17
Luré,42125,42260,Maison,122.0,200000.0,1639.34,2024-05-17
Renaison,42182,42370,Maison,86.0,145000.0,1686.05,2024-05-07
Parigny,42166,42120,Maison,60.0,130000.0,2166.67,2024-05-17
Roanne,42187,42300,Appartement,86.0,129000.0,1500.0,2024-05-14
Régny,42181,42630,Maison,63.0,80000.0,1269.84,2024-05-16
Roanne,42187,42300,Appartement,44.0,40000.0,909.09,2024-05-16
Saint-Priest-la-Prugne,42276,42830,Maison,61.0,158860.0,2604.26,2024-05-03
Villerest,42332,42300,Appartement,94.0,70000.0,744.68,2024-05-07
Saint-Cyr-de-Favières,42212,42123,Maison,127.0,334200.0,2631.5,2024-05-06
Saint-Cyr-de-Favières,42212,42123,Maison,127.0,334200.0,2631.5,2024-05-06
Le Coteau,42071,42120,Appartement,36.0,42000.0,1166.67,2024-05-06
Roanne,42187,42300,Maison,50.0,109250.0,2185.0,2024-05-16
Roanne,42187,42300,Appartement,122.0,205000.0,1680.33,2024-05-16
Roanne,42187,42300,Appartement,74.0,74100.0,1001.35,2024-05-22
Saint-Germain-Lespinasse,42231,42640,Maison,198.0,230000.0,1161.62,2024-05-06
Roanne,42187,42300,Appartement,105.0,80000.0,761.9,2024-04-29
Roanne,42187,42300,Appartement,105.0,80000.0,761.9,2024-04-29
Saint-Just-la-Pendue,42249,42540,Maison,48.0,130000.0,2708.33,2024-05-17
Saint-Just-la-Pendue,42249,42540,Maison,48.0,130000.0,2708.33,2024-05-17
Le Coteau,42071,42120,Appartement,90.0,222500.0,2472.22,2024-05-13
Roanne,42187,42300,Appartement,73.0,87000.0,1191.78,2024-05-22
Riorges,42184,42153,Maison,65.0,230000.0,3538.46,2024-05-24
Riorges,42184,42153,Maison,65.0,230000.0,3538.46,2024-05-24
Saint-Haon-le-Châtel,42232,42370,Maison,109.0,33000.0,302.75,2024-05-03
Saint-Symphorien-de-Lay,42289,42470,Appartement,77.0,93480.0,1214.03,2024-05-22
Le Coteau,42071,42120,Appartement,49.0,65000.0,1326.53,2024-05-03
Roanne,42187,42300,Appartement,70.0,50000.0,714.29,2024-05-13
Roanne,42187,42300,Appartement,50.0,43300.0,866.0,2024-05-21
Ambierle,42003,42820,Maison,114.0,262000.0,2298.25,2024-05-15
Ambierle,42003,42820,Maison,114.0,262000.0,2298.25,2024-05-15
Saint-Symphorien-de-Lay,42289,42470,Maison,105.0,234000.0,2228.57,2024-05-06
Chandon,42048,42190,Appartement,46.0,12000.0,260.87,2024-05-21
Chandon,42048,42190,Appartement,137.0,12000.0,87.59,2024-05-21
Coutouvre,42074,42460,Maison,90.0,247000.0,2744.44,2024-05-27
Vougy,42338,42720,Maison,117.0,299600.0,2560.68,2024-05-17
Roanne,42187,42300,Maison,94.0,90000.0,957.45,2024-05-24
Saint-Just-la-Pendue,42249,42540,Maison,98.0,264500.0,2698.98,2024-05-21
Saint-Just-la-Pendue,42249,42540,Maison,98.0,264500.0,2698.98,2024-05-21
Neulise,42156,42590,Maison,67.0,60000.0,895.52,2024-05-03
Roanne,42187,42300,Appartement,73.0,70000.0,958.9,2024-05-21
Mably,42127,42300,Maison,78.0,191000.0,2448.72,2024-05-24
Mably,42127,42300,Maison,78.0,191000.0,2448.72,2024-05-24
Le Coteau,42071,42120,Appartement,75.0,75000.0,1000.0,2024-05-24
Balbigny,42011,42510,Maison,60.0,134000.0,2233.33,2024-05-27
Ambierle,42003,42820,Maison,85.0,63500.0,747.06,2024-05-29
Sainte-Colombe-sur-Gand,42209,42540,Maison,100.0,44000.0,440.0,2024-05-02
Roanne,42187,42300,Appartement,63.0,77000.0,1222.22,2024-05-17
Saint-Nizier-sous-Charlieu,42267,42190,Maison,200.0,339000.0,1695.0,2024-05-29
Roanne,42187,42300,Maison,67.0,124500.0,1858.21,2024-05-29
Roanne,42187,42300,Appartement,47.0,49000.0,1042.55,2024-05-29
Bussières,42029,42510,Maison,78.0,145300.0,1862.82,2024-05-14
Roanne,42187,42300,Appartement,105.0,117000.0,1114.29,2024-05-15
Mably,42127,42300,Appartement,28.0,50000.0,1785.71,2024-05-16
Mably,42127,42300,Appartement,114.0,50000.0,438.6,2024-05-16
Riorges,42184,42153,Appartement,83.0,76000.0,915.66,2024-05-06
Saint-Marcel-de-Félines,42254,42122,Maison,123.0,158360.0,1287.48,2024-05-24
Saint-Marcel-de-Félines,42254,42122,Maison,123.0,158360.0,1287.48,2024-05-24
Charlieu,42052,42190,Appartement,100.0,175000.0,1750.0,2024-05-27
Saint-Marcel-de-Félines,42254,42122,Maison,78.0,70000.0,897.44,2024-05-16
Le Cergne,42033,42460,Maison,70.0,100000.0,1428.57,2024-05-30
Le Cergne,42033,42460,Maison,70.0,100000.0,1428.57,2024-05-30
Roanne,42187,42300,Appartement,86.0,97500.0,1133.72,2024-05-07
Arcinges,42007,42460,Maison,151.0,108000.0,715.23,2024-04-12
Roanne,42187,42300,Appartement,84.0,110000.0,1309.52,2024-05-15
Briennon,42026,42720,Maison,70.0,92000.0,1314.29,2024-05-17
Roanne,42187,42300,Appartement,33.0,54150.0,1640.91,2024-05-22
Saint-Haon-le-Châtel,42232,42370,Maison,130.0,135000.0,1038.46,2024-05-22
Charlieu,42052,42190,Appartement,65.0,94500.0,1453.85,2024-05-31
Roanne,42187,42300,Maison,60.0,76000.0,1266.67,2024-05-29
Roanne,42187,42300,Appartement,148.0,129000.0,871.62,2024-05-29
Écoche,42086,42670,Maison,129.0,250000.0,1937.98,2024-05-31
Noailly,42157,42640,Maison,50.0,308338.6,6166.77,2024-04-18
Riorges,42184,42153,Maison,158.0,256000.0,1620.25,2024-05-27
Saint-André-d'Apchon,42199,42370,Maison,300.0,839000.0,2796.67,2024-05-27
Saint-André-d'Apchon,42199,42370,Maison,40.0,839000.0,20975.0,2024-05-27
Briennon,42026,42720,Maison,82.0,173350.0,2114.02,2024-05-27
Briennon,42026,42720,Maison,82.0,173350.0,2114.02,2024-05-27
Roanne,42187,42300,Appartement,66.0,69000.0,1045.45,2024-05-27
Villemontais,42331,42155,Maison,130.0,315000.0,2423.08,2024-05-14
Villemontais,42331,42155,Maison,130.0,315000.0,2423.08,2024-05-14
Villemontais,42331,42155,Maison,130.0,315000.0,2423.08,2024-05-14
Saint-Priest-la-Prugne,42276,42830,Maison,140.0,99000.0,707.14,2024-05-31
Roanne,42187,42300,Appartement,60.0,340000.0,5666.67,2024-05-23
Roanne,42187,42300,Appartement,50.0,340000.0,6800.0,2024-05-23
Roanne,42187,42300,Appartement,60.0,340000.0,5666.67,2024-05-23
Roanne,42187,42300,Appartement,60.0,340000.0,5666.67,2024-05-23
Roanne,42187,42300,Appartement,60.0,340000.0,5666.67,2024-05-23
Roanne,42187,42300,Appartement,60.0,340000.0,5666.67,2024-05-23
Roanne,42187,42300,Appartement,60.0,340000.0,5666.67,2024-05-23
Saint-Martin-la-Sauveté,42260,42260,Maison,123.0,186400.0,1515.45,2024-05-31
Roanne,42187,42300,Maison,94.0,136000.0,1446.81,2024-05-31
Roanne,42187,42300,Appartement,25.0,39000.0,1560.0,2024-05-15
Mably,42127,42300,Maison,104.0,220400.0,2119.23,2024-05-31
Roanne,42187,42300,Appartement,62.0,57000.0,919.35,2024-05-29
Roanne,42187,42300,Appartement,56.0,33500.0,598.21,2024-05-31
Chandon,42048,42190,Maison,74.0,190750.0,2577.7,2024-05-30
Chandon,42048,42190,Maison,74.0,190750.0,2577.7,2024-05-30
Charlieu,42052,42190,Maison,118.0,105400.0,893.22,2024-05-31
Charlieu,42052,42190,Maison,22.0,105400.0,4790.91,2024-05-31
Saint-Rirand,42281,42370,Maison,88.0,30000.0,340.91,2024-06-04
Commelle-Vernay,42069,42120,Maison,101.0,192750.0,1908.42,2024-05-23
Roanne,42187,42300,Appartement,97.0,111700.0,1151.55,2024-05-23
Roanne,42187,42300,Appartement,103.0,115000.0,1116.5,2024-05-29
Roanne,42187,42300,Appartement,65.0,103700.0,1595.38,2024-05-27
Roanne,42187,42300,Maison,50.0,60000.0,1200.0,2024-05-30
Mably,42127,42300,Maison,97.0,183000.0,1886.6,2024-05-29
Saint-Nizier-sous-Charlieu,42267,42190,Maison,134.0,80000.0,597.01,2024-06-05
Saint-Jodard,42241,42590,Maison,78.0,140000.0,1794.87,2024-05-23
Saint-Jodard,42241,42590,Maison,78.0,140000.0,1794.87,2024-05-23
Neulise,42156,42590,Maison,78.0,105000.0,1346.15,2024-05-17
Le Coteau,42071,42120,Appartement,49.0,70000.0,1428.57,2024-05-31
Riorges,42184,42153,Maison,77.0,165000.0,2142.86,2024-05-27
Roanne,42187,42300,Appartement,50.0,47000.0,940.0,2024-06-04
Roanne,42187,42300,Appartement,26.0,50000.0,1923.08,2024-05-31
Pouilly-les-Nonains,42176,42155,Maison,71.0,178000.0,2507.04,2024-05-31
Roanne,42187,42300,Appartement,55.0,250000.0,4545.45,2024-06-03
Roanne,42187,42300,Appartement,55.0,250000.0,4545.45,2024-06-03
Roanne,42187,42300,Appartement,55.0,250000.0,4545.45,2024-06-03
Roanne,42187,42300,Appartement,55.0,250000.0,4545.45,2024-06-03
Balbigny,42011,42510,Maison,150.0,135000.0,900.0,2024-06-04
Machézal,42128,42114,Maison,145.0,242410.0,1671.79,2024-05-17
Machézal,42128,42114,Maison,145.0,242410.0,1671.79,2024-05-17
Roanne,42187,42300,Maison,75.0,115000.0,1533.33,2024-05-31
Roanne,42187,42300,Appartement,41.0,41000.0,1000.0,2024-06-04
Perreux,42170,42120,Maison,104.0,50000.0,480.77,2024-05-31
Saint-Germain-Laval,42230,42260,Maison,80.0,70000.0,875.0,2024-06-07
Roanne,42187,42300,Maison,142.0,301500.0,2123.24,2024-05-31
Renaison,42182,42370,Maison,114.0,196600.0,1724.56,2024-05-31
Saint-Germain-Lespinasse,42231,42640,Maison,168.0,372000.0,2214.29,2024-05-28
Saint-Germain-Lespinasse,42231,42640,Maison,168.0,372000.0,2214.29,2024-05-28
Roanne,42187,42300,Appartement,83.0,87000.0,1048.19,2024-05-31
Saint-Symphorien-de-Lay,42289,42470,Maison,40.0,155380.0,3884.5,2024-05-30
Roanne,42187,42300,Appartement,105.0,165000.0,1571.43,2024-06-01
Roanne,42187,42300,Maison,100.0,159850.0,1598.5,2024-05-31
Saint-Haon-le-Châtel,42232,42370,Maison,114.0,65000.0,570.18,2024-05-27
Roanne,42187,42300,Appartement,46.0,48000.0,1043.48,2024-05-28
Roanne,42187,42300,Appartement,40.0,130000.0,3250.0,2024-05-28
Villerest,42332,42300,Maison,85.0,95000.0,1117.65,2024-05-14
Villerest,42332,42300,Maison,85.0,95000.0,1117.65,2024-05-14
Roanne,42187,42300,Appartement,58.0,106400.0,1834.48,2024-06-06
Saint-Jean-Saint-Maurice-sur-Loire,42239,42155,Maison,88.0,190000.0,2159.09,2024-05-13
Saint-Jean-Saint-Maurice-sur-Loire,42239,42155,Maison,88.0,190000.0,2159.09,2024-05-13
Saint-Just-la-Pendue,42249,42540,Maison,110.0,255850.0,2325.91,2024-05-30
Saint-Just-la-Pendue,42249,42540,Maison,110.0,255850.0,2325.91,2024-05-30
Roanne,42187,42300,Appartement,39.0,43000.0,1102.56,2024-05-27
Pouilly-sous-Charlieu,42177,42720,Maison,68.0,128250.0,1886.03,2024-06-04
Le Coteau,42071,42120,Appartement,46.0,66240.0,1440.0,2024-06-05
Le Coteau,42071,42120,Appartement,72.0,89000.0,1236.11,2024-05-30
Riorges,42184,42153,Maison,92.0,255300.0,2775.0,2024-05-27
Riorges,42184,42153,Maison,92.0,255300.0,2775.0,2024-05-27
Le Coteau,42071,42120,Appartement,51.0,63500.0,1245.1,2024-06-05
Montagny,42145,42840,Appartement,45.0,107000.0,2377.78,2024-06-05
Montagny,42145,42840,Appartement,69.0,107000.0,1550.72,2024-06-05
Montagny,42145,42840,Appartement,67.0,107000.0,1597.01,2024-06-05
Montagny,42145,42840,Appartement,45.0,107000.0,2377.78,2024-06-05
Mably,42127,42300,Maison,83.0,146100.0,1760.24,2024-06-05
Roanne,42187,42300,Maison,234.0,436400.0,1864.96,2024-05-28
Bussières,42029,42510,Maison,122.0,234900.0,1925.41,2024-05-24
Bussières,42029,42510,Maison,122.0,234900.0,1925.41,2024-05-24
Pouilly-les-Nonains,42176,42155,Maison,87.0,218000.0,2505.75,2024-05-31
Pouilly-les-Nonains,42176,42155,Maison,87.0,218000.0,2505.75,2024-05-31
Villerest,42332,42300,Maison,128.0,269000.0,2101.56,2024-06-06
Villerest,42332,42300,Maison,128.0,269000.0,2101.56,2024-06-06
Roanne,42187,42300,Appartement,144.0,184300.0,1279.86,2024-06-04
Ambierle,42003,42820,Appartement,80.0,105000.0,1312.5,2024-06-04
Ambierle,42003,42820,Appartement,60.0,105000.0,1750.0,2024-06-04
Le Coteau,42071,42120,Appartement,48.0,66500.0,1385.42,2024-06-06
Roanne,42187,42300,Appartement,66.0,65000.0,984.85,2024-06-06
Roanne,42187,42300,Appartement,32.0,65000.0,2031.25,2024-06-06
Saint-Jean-Saint-Maurice-sur-Loire,42239,42155,Maison,106.0,204050.0,1925.0,2024-06-06
Saint-Jean-Saint-Maurice-sur-Loire,42239,42155,Maison,106.0,204050.0,1925.0,2024-06-06
Lentigny,42120,42155,Maison,93.0,134000.0,1440.86,2024-06-07
Roanne,42187,42300,Appartement,101.0,87000.0,861.39,2024-06-05
Saint-Forgeux-Lespinasse,42220,42640,Maison,127.0,117700.0,926.77,2024-06-06
Pradines,42178,42630,Maison,77.0,256120.0,3326.23,2024-05-31
Pradines,42178,42630,Maison,167.0,256120.0,1533.65,2024-05-31
Pradines,42178,42630,Maison,77.0,256120.0,3326.23,2024-05-31
Pradines,42178,42630,Maison,167.0,256120.0,1533.65,2024-05-31
Roanne,42187,42300,Appartement,74.0,55000.0,743.24,2024-05-30
Riorges,42184,42153,Maison,311.0,555700.0,1786.82,2024-06-11
Riorges,42184,42153,Maison,311.0,555700.0,1786.82,2024-06-11
Commelle-Vernay,42069,42120,Maison,142.0,299750.0,2110.92,2024-06-07
Commelle-Vernay,42069,42120,Maison,142.0,299750.0,2110.92,2024-06-07
Roanne,42187,42300,Appartement,107.0,60000.0,560.75,2024-05-22
Riorges,42184,42153,Appartement,27.0,30000.0,1111.11,2024-06-06
Mably,42127,42300,Maison,100.0,135000.0,1350.0,2024-05-29
Roanne,42187,42300,Appartement,49.0,95000.0,1938.78,2024-06-14
Saint-Jean-Saint-Maurice-sur-Loire,42239,42155,Maison,135.0,195990.0,1451.78,2024-06-07
Riorges,42184,42153,Maison,119.0,186300.0,1565.55,2024-06-06
Riorges,42184,42153,Maison,119.0,186300.0,1565.55,2024-06-06
Cuinzier,42079,42460,Maison,87.0,75000.0,862.07,2024-06-11
Saint-Marcel-de-Félines,42254,42122,Maison,198.0,235000.0,1186.87,2024-06-10
Saint-Marcel-de-Félines,42254,42122,Maison,198.0,235000.0,1186.87,2024-06-10
Lentigny,42120,42155,Maison,90.0,236948.0,2632.76,2024-06-13
Lentigny,42120,42155,Maison,90.0,236948.0,2632.76,2024-06-13
Commelle-Vernay,42069,42120,Maison,50.0,87015.0,1740.3,2024-06-10
Saint-Just-en-Chevalet,42248,42430,Maison,100.0,25000.0,250.0,2024-05-31
Saint-Just-en-Chevalet,42248,42430,Maison,80.0,25000.0,312.5,2024-05-31
Juré,42116,42430,Maison,55.0,42500.0,772.73,2024-06-14
Régny,42181,42630,Maison,62.0,29500.0,475.81,2024-06-14
Le Coteau,42071,42120,Appartement,90.0,124450.0,1382.78,2024-06-12
Charlieu,42052,42190,Appartement,81.0,127000.0,1567.9,2024-05-30
Riorges,42184,42153,Appartement,83.0,81500.0,981.93,2024-06-13
Mably,42127,42300,Maison,82.0,204250.0,2490.85,2024-06-13
Notre-Dame-de-Boisset,42161,42120,Maison,94.0,244000.0,2595.74,2024-06-15
Notre-Dame-de-Boisset,42161,42120,Maison,94.0,244000.0,2595.74,2024-06-15
La Gresle,42104,42460,Maison,127.0,157500.0,1240.16,2024-06-11
Neulise,42156,42590,Maison,109.0,156000.0,1431.19,2024-06-14
Neulise,42156,42590,Maison,109.0,156000.0,1431.19,2024-06-14
Roanne,42187,42300,Appartement,63.0,35000.0,555.56,2024-06-13
Charlieu,42052,42190,Appartement,55.0,72000.0,1309.09,2024-05-28
Riorges,42184,42153,Maison,73.0,224550.0,3076.03,2024-06-11
Roanne,42187,42300,Maison,84.0,200000.0,2380.95,2024-06-13
Roanne,42187,42300,Appartement,52.0,86500.0,1663.46,2024-06-13
Roanne,42187,42300,Appartement,61.0,72220.0,1183.93,2024-06-05
Cordelle,42070,42123,Maison,180.0,401000.0,2227.78,2024-06-14
Renaison,42182,42370,Maison,143.0,285000.0,1993.01,2024-06-13
Roanne,42187,42300,Appartement,47.0,66716.0,1419.49,2024-06-14
Balbigny,42011,42510,Appartement,98.0,160000.0,1632.65,2024-06-12
Balbigny,42011,42510,Appartement,36.0,160000.0,4444.44,2024-06-12
Charlieu,42052,42190,Maison,160.0,325550.0,2034.69,2024-06-14
Roanne,42187,42300,Appartement,68.0,118000.0,1735.29,2024-06-14
Ambierle,42003,42820,Maison,75.0,120000.0,1600.0,2024-06-07
Villerest,42332,42300,Maison,88.0,240000.0,2727.27,2024-06-12
Roanne,42187,42300,Appartement,70.0,435000.0,6214.29,2024-06-06
Roanne,42187,42300,Appartement,70.0,435000.0,6214.29,2024-06-06
Roanne,42187,42300,Appartement,110.0,435000.0,3954.55,2024-06-06
Roanne,42187,42300,Appartement,70.0,435000.0,6214.29,2024-06-06
Roanne,42187,42300,Appartement,59.0,435000.0,7372.88,2024-06-06
Renaison,42182,42370,Maison,75.0,125000.0,1666.67,2024-06-14
Roanne,42187,42300,Appartement,71.0,92240.0,1299.15,2024-06-06
Saint-Cyr-de-Favières,42212,42123,Maison,60.0,37500.0,625.0,2024-06-03
Pouilly-les-Nonains,42176,42155,Maison,136.0,280000.0,2058.82,2024-06-03
Pouilly-les-Nonains,42176,42155,Maison,136.0,280000.0,2058.82,2024-06-03
Roanne,42187,42300,Appartement,100.0,125000.0,1250.0,2024-06-14
Saint-Just-la-Pendue,42249,42540,Maison,61.0,55000.0,901.64,2024-06-18
Villemontais,42331,42155,Maison,107.0,215000.0,2009.35,2024-06-17
Villemontais,42331,42155,Maison,107.0,215000.0,2009.35,2024-06-17
Riorges,42184,42153,Maison,88.0,190800.0,2168.18,2024-06-20
Mably,42127,42300,Maison,130.0,231825.0,1783.27,2024-06-14
Roanne,42187,42300,Appartement,92.0,130000.0,1413.04,2024-06-17
Cuinzier,42079,42460,Maison,97.0,75000.0,773.2,2024-06-17
Roanne,42187,42300,Maison,88.0,168000.0,1909.09,2024-06-17
Saint-Vincent-de-Boisset,42294,42120,Maison,130.0,297000.0,2284.62,2024-06-17
Saint-Vincent-de-Boisset,42294,42120,Maison,130.0,297000.0,2284.62,2024-06-17
Roanne,42187,42300,Appartement,68.0,65000.0,955.88,2024-06-20
Roanne,42187,42300,Appartement,56.0,52820.0,943.21,2024-06-12
Belmont-de-la-Loire,42015,42670,Appartement,60.0,70000.0,1166.67,2024-06-18
Belmont-de-la-Loire,42015,42670,Appartement,51.0,70000.0,1372.55,2024-06-18
Belmont-de-la-Loire,42015,42670,Appartement,57.0,70000.0,1228.07,2024-06-18
Belmont-de-la-Loire,42015,42670,Appartement,47.0,70000.0,1489.36,2024-06-18
Belmont-de-la-Loire,42015,42670,Appartement,42.0,70000.0,1666.67,2024-06-18
Belmont-de-la-Loire,42015,42670,Appartement,42.0,70000.0,1666.67,2024-06-18
Belmont-de-la-Loire,42015,42670,Appartement,48.0,70000.0,1458.33,2024-06-18
Roanne,42187,42300,Appartement,86.0,108000.0,1255.81,2024-06-11
Roanne,42187,42300,Appartement,30.0,33700.0,1123.33,2024-06-19
Roanne,42187,42300,Maison,77.0,100000.0,1298.7,2024-06-12
Riorges,42184,42153,Maison,100.0,217300.0,2173.0,2024-06-12
Régny,42181,42630,Maison,107.0,159000.0,1485.98,2024-06-19
Riorges,42184,42153,Maison,101.0,183810.0,1819.9,2024-06-14
Saint-Hilaire-sous-Charlieu,42236,42190,Maison,180.0,120000.0,666.67,2024-06-13
Balbigny,42011,42510,Maison,108.0,200600.0,1857.41,2024-06-11
Balbigny,42011,42510,Maison,108.0,200600.0,1857.41,2024-06-11
Saint-Germain-Laval,42230,42260,Maison,100.0,46500.0,465.0,2024-06-17
Saint-Cyr-de-Favières,42212,42123,Maison,182.0,492000.0,2703.3,2024-06-17
Saint-Cyr-de-Favières,42212,42123,Maison,182.0,492000.0,2703.3,2024-06-17
Vougy,42338,42720,Maison,60.0,85000.0,1416.67,2024-06-19
Vougy,42338,42720,Maison,60.0,85000.0,1416.67,2024-06-19
Roanne,42187,42300,Appartement,66.0,112000.0,1696.97,2024-06-14
Mably,42127,42300,Appartement,70.0,69000.0,985.71,2024-05-31
Riorges,42184,42153,Appartement,110.0,119000.0,1081.82,2024-06-20
Saint-André-d'Apchon,42199,42370,Maison,140.0,131750.0,941.07,2024-05-30
Roanne,42187,42300,Appartement,52.0,73225.0,1408.17,2024-06-14
Roanne,42187,42300,Appartement,54.0,48500.0,898.15,2024-06-27
Le Coteau,42071,42120,Appartement,89.0,91375.0,1026.69,2024-06-13
Charlieu,42052,42190,Maison,92.0,131100.0,1425.0,2024-06-27
Roanne,42187,42300,Appartement,69.0,57000.0,826.09,2024-06-12
Saint-André-d'Apchon,42199,42370,Maison,86.0,105000.0,1220.93,2024-06-20
Maizilly,42131,42750,Maison,93.0,109000.0,1172.04,2024-06-27
Maizilly,42131,42750,Maison,93.0,109000.0,1172.04,2024-06-27
Maizilly,42131,42750,Maison,93.0,109000.0,1172.04,2024-06-27
Maizilly,42131,42750,Maison,93.0,109000.0,1172.04,2024-06-27
Mars,42141,42750,Maison,140.0,149000.0,1064.29,2024-06-27
Écoche,42086,42670,Maison,42.0,55000.0,1309.52,2024-06-12
Vézelin-sur-Loire,42268,42590,Maison,100.0,175980.0,1759.8,2024-06-25
Belmont-de-la-Loire,42015,42670,Maison,135.0,180500.0,1337.04,2024-06-28
Roanne,42187,42300,Appartement,36.0,31500.0,875.0,2024-06-19
Saint-Martin-la-Sauveté,42260,42260,Maison,35.0,97000.0,2771.43,2024-06-18
Mably,42127,42300,Appartement,70.0,107000.0,1528.57,2024-06-21
Roanne,42187,42300,Maison,85.0,168000.0,1976.47,2024-06-21
Roanne,42187,42300,Maison,73.0,130000.0,1780.82,2024-06-25
Neulise,42156,42590,Maison,65.0,50000.0,769.23,2024-06-12
Neulise,42156,42590,Maison,65.0,50000.0,769.23,2024-06-12
Saint-Martin-d'Estréaux,42257,42620,Maison,85.0,80000.0,941.18,2024-06-25
Pouilly-sous-Charlieu,42177,42720,Maison,130.0,35000.0,269.23,2024-06-28
Sevelinges,42300,42460,Maison,90.0,80000.0,888.89,2024-06-26
Charlieu,42052,42190,Appartement,119.0,161900.0,1360.5,2024-06-28
Charlieu,42052,42190,Maison,154.0,185000.0,1201.3,2024-06-28
Charlieu,42052,42190,Maison,154.0,185000.0,1201.3,2024-06-28
Chandon,42048,42190,Maison,105.0,224300.0,2136.19,2024-06-28
Roanne,42187,42300,Appartement,80.0,120000.0,1500.0,2024-06-28
Roanne,42187,42300,Maison,197.0,243000.0,1233.5,2024-06-20
Charlieu,42052,42190,Appartement,66.0,360000.0,5454.55,2024-06-25
Charlieu,42052,42190,Appartement,66.0,360000.0,5454.55,2024-06-25
Charlieu,42052,42190,Appartement,78.0,360000.0,4615.38,2024-06-25
Charlieu,42052,42190,Appartement,59.0,360000.0,6101.69,2024-06-25
Charlieu,42052,42190,Appartement,64.0,360000.0,5625.0,2024-06-25
Charlieu,42052,42190,Maison,60.0,360000.0,6000.0,2024-06-25
Roanne,42187,42300,Appartement,44.0,106500.0,2420.45,2024-06-25
Roanne,42187,42300,Appartement,48.0,106500.0,2218.75,2024-06-25
Roanne,42187,42300,Appartement,61.0,106500.0,1745.9,2024-06-25
Villerest,42332,42300,Maison,92.0,212500.0,2309.78,2024-06-24
Villerest,42332,42300,Appartement,70.0,78400.0,1120.0,2024-06-28
Le Coteau,42071,42120,Appartement,108.0,133000.0,1231.48,2024-06-25
Roanne,42187,42300,Appartement,94.0,207250.0,2204.79,2024-06-17
Le Coteau,42071,42120,Appartement,57.0,90000.0,1578.95,2024-06-05
Saint-Martin-la-Sauveté,42260,42260,Maison,55.0,66000.0,1200.0,2024-06-13
Roanne,42187,42300,Appartement,67.0,82000.0,1223.88,2024-06-06
Riorges,42184,42153,Maison,136.0,170000.0,1250.0,2024-06-25
Roanne,42187,42300,Appartement,63.0,41000.0,650.79,2024-06-26
Saint-Haon-le-Châtel,42232,42370,Maison,160.0,257500.0,1609.38,2024-06-28
Roanne,42187,42300,Appartement,75.0,70000.0,933.33,2024-07-01
Saint-Victor-sur-Rhins,42293,42630,Maison,99.0,160000.0,1616.16,2024-06-04
Saint-Marcel-de-Félines,42254,42122,Maison,140.0,265000.0,1892.86,2024-06-17
Saint-Marcel-de-Félines,42254,42122,Maison,140.0,265000.0,1892.86,2024-06-17
Saint-Marcel-de-Félines,42254,42122,Maison,140.0,265000.0,1892.86,2024-06-17
Saint-Marcel-de-Félines,42254,42122,Maison,140.0,265000.0,1892.86,2024-06-17
Saint-Marcel-de-Félines,42254,42122,Maison,140.0,265000.0,1892.86,2024-06-17
Saint-Marcel-de-Félines,42254,42122,Maison,140.0,265000.0,1892.86,2024-06-17
Belmont-de-la-Loire,42015,42670,Appartement,50.0,33700.0,674.0,2024-06-20
Belmont-de-la-Loire,42015,42670,Appartement,31.0,33700.0,1087.1,2024-06-20
Roanne,42187,42300,Appartement,32.0,37000.0,1156.25,2024-06-28
Parigny,42166,42120,Maison,80.0,166000.0,2075.0,2024-06-27
Ambierle,42003,42820,Maison,110.0,217600.0,1978.18,2024-06-26
Ambierle,42003,42820,Maison,110.0,217600.0,1978.18,2024-06-26
Roanne,42187,42300,Appartement,63.0,42000.0,666.67,2024-06-20
Saint-Germain-Laval,42230,42260,Appartement,64.0,100000.0,1562.5,2024-06-28
Balbigny,42011,42510,Appartement,85.0,156120.0,1836.71,2024-07-03
Balbigny,42011,42510,Appartement,85.0,115000.0,1352.94,2024-07-03
Balbigny,42011,42510,Appartement,61.0,115000.0,1885.25,2024-07-03
Roanne,42187,42300,Appartement,98.0,91000.0,928.57,2024-06-25
Vendranges,42325,42590,Maison,102.0,235900.0,2312.75,2024-06-26
Vendranges,42325,42590,Maison,102.0,235900.0,2312.75,2024-06-26
Pouilly-sous-Charlieu,42177,42720,Maison,106.0,260000.0,2452.83,2024-07-01
Riorges,42184,42153,Appartement,57.0,55450.0,972.81,2024-06-26
Villemontais,42331,42155,Maison,74.0,160000.0,2162.16,2024-06-27
Villemontais,42331,42155,Maison,70.0,160000.0,2285.71,2024-06-27
Neaux,42153,42470,Maison,97.0,150000.0,1546.39,2024-06-26
Ouches,42162,42155,Maison,118.0,200500.0,1699.15,2024-06-26
Roanne,42187,42300,Maison,80.0,187200.0,2340.0,2024-07-03
Roanne,42187,42300,Appartement,61.0,66000.0,1081.97,2024-06-20
Villemontais,42331,42155,Maison,96.0,185000.0,1927.08,2024-07-01
Riorges,42184,42153,Maison,118.0,251300.0,2129.66,2024-06-28
Saint-André-d'Apchon,42199,42370,Maison,128.0,256700.0,2005.47,2024-06-25
Saint-André-d'Apchon,42199,42370,Maison,128.0,256700.0,2005.47,2024-06-25
Riorges,42184,42153,Appartement,43.0,42800.0,995.35,2024-07-01
Renaison,42182,42370,Maison,98.0,237820.0,2426.73,2024-06-20
Renaison,42182,42370,Maison,98.0,237820.0,2426.73,2024-06-20
Le Coteau,42071,42120,Appartement,73.0,88980.0,1218.9,2024-06-25
Roanne,42187,42300,Appartement,105.0,99000.0,942.86,2024-06-27
Riorges,42184,42153,Maison,100.0,210080.0,2100.8,2024-06-27
Saint-Jean-Saint-Maurice-sur-Loire,42239,42155,Maison,40.0,39500.0,987.5,2024-06-28
Roanne,42187,42300,Appartement,48.0,74100.0,1543.75,2024-06-28
Roanne,42187,42300,Appartement,53.0,52500.0,990.57,2024-06-27
Saint-Germain-Laval,42230,42260,Maison,123.0,195000.0,1585.37,2024-07-01
Saint-Priest-la-Prugne,42276,42830,Maison,113.0,54000.0,477.88,2024-07-01
Riorges,42184,42153,Maison,108.0,200000.0,1851.85,2024-07-04
Saint-Symphorien-de-Lay,42289,42470,Maison,175.0,160000.0,914.29,2024-07-02
Riorges,42184,42153,Maison,122.0,205500.0,1684.43,2024-07-05
Riorges,42184,42153,Maison,122.0,205500.0,1684.43,2024-07-05
Roanne,42187,42300,Maison,90.0,165000.0,1833.33,2024-07-05
Le Coteau,42071,42120,Appartement,100.0,114000.0,1140.0,2024-06-28
Mably,42127,42300,Maison,70.0,144400.0,2062.86,2024-06-14
Le Coteau,42071,42120,Appartement,24.0,45100.0,1879.17,2024-06-26
Roanne,42187,42300,Appartement,79.0,95000.0,1202.53,2024-06-20
Saint-André-d'Apchon,42199,42370,Maison,140.0,156500.0,1117.86,2024-06-12
Saint-André-d'Apchon,42199,42370,Maison,140.0,156500.0,1117.86,2024-06-12
Le Coteau,42071,42120,Maison,90.0,195900.0,2176.67,2024-06-21
Riorges,42184,42153,Maison,102.0,216110.0,2118.73,2024-06-20
Saint-Romain-la-Motte,42284,42640,Maison,77.0,181000.0,2350.65,2024-06-26
Charlieu,42052,42190,Appartement,56.0,92000.0,1642.86,2024-07-04
Roanne,42187,42300,Appartement,42.0,38000.0,904.76,2024-06-20
Riorges,42184,42153,Maison,70.0,295000.0,4214.29,2024-06-21
Le Coteau,42071,42120,Maison,109.0,199500.0,1830.28,2024-07-01
Riorges,42184,42153,Maison,155.0,229500.0,1480.65,2024-06-14
Riorges,42184,42153,Maison,155.0,229500.0,1480.65,2024-06-14
Perreux,42170,42120,Maison,111.0,240000.0,2162.16,2024-07-01
Perreux,42170,42120,Maison,111.0,240000.0,2162.16,2024-07-01
Le Coteau,42071,42120,Maison,64.0,75000.0,1171.88,2024-07-01
Roanne,42187,42300,Appartement,37.0,50000.0,1351.35,2024-07-05
Saint-Denis-de-Cabanne,42215,42750,Maison,130.0,45000.0,346.15,2024-07-09
Riorges,42184,42153,Appartement,61.0,67500.0,1106.56,2024-07-09
Roanne,42187,42300,Appartement,64.0,60000.0,937.5,2024-06-25
Riorges,42184,42153,Maison,90.0,175371.0,1948.57,2024-06-26
Roanne,42187,42300,Appartement,30.0,59000.0,1966.67,2024-07-02
Perreux,42170,42120,Maison,100.0,281300.0,2813.0,2024-07-02
Perreux,42170,42120,Maison,100.0,281300.0,2813.0,2024-07-02
Roanne,42187,42300,Appartement,36.0,63000.0,1750.0,2024-07-03
Renaison,42182,42370,Appartement,75.0,250000.0,3333.33,2024-06-14
Saint-Denis-de-Cabanne,42215,42750,Appartement,53.0,55000.0,1037.74,2024-07-05
Chandon,42048,42190,Maison,88.0,230000.0,2613.64,2024-07-03
Écoche,42086,42670,Maison,122.0,126500.0,1036.89,2024-07-11
Écoche,42086,42670,Maison,122.0,126500.0,1036.89,2024-07-11
Saint-Denis-de-Cabanne,42215,42750,Appartement,45.0,45000.0,1000.0,2024-07-05
Roanne,42187,42300,Appartement,47.0,39610.0,842.77,2024-07-04
Saint-Martin-d'Estréaux,42257,42620,Maison,79.0,90000.0,1139.24,2024-07-10
Saint-Martin-d'Estréaux,42257,42620,Maison,79.0,90000.0,1139.24,2024-07-10
Saint-Marcel-de-Félines,42254,42122,Maison,79.0,93000.0,1177.22,2024-07-05
Saint-Marcel-de-Félines,42254,42122,Maison,79.0,93000.0,1177.22,2024-07-05
Roanne,42187,42300,Maison,52.0,200000.0,3846.15,2024-07-10
Roanne,42187,42300,Appartement,101.0,119000.0,1178.22,2024-07-04
Roanne,42187,42300,Appartement,71.0,60000.0,845.07,2024-07-04
Le Coteau,42071,42120,Maison,189.0,275000.0,1455.03,2024-07-04
Roanne,42187,42300,Appartement,70.0,91500.0,1307.14,2024-07-08
Roanne,42187,42300,Maison,123.0,164000.0,1333.33,2024-07-04
Briennon,42026,42720,Maison,87.0,87000.0,1000.0,2024-07-04
Villerest,42332,42300,Appartement,40.0,52000.0,1300.0,2024-07-04
Roanne,42187,42300,Appartement,55.0,28300.0,514.55,2024-07-05
Renaison,42182,42370,Maison,124.0,285300.0,2300.81,2024-07-03
Le Coteau,42071,42120,Appartement,72.0,135000.0,1875.0,2024-06-27
Roanne,42187,42300,Appartement,58.0,50000.0,862.07,2024-07-05
Roanne,42187,42300,Appartement,114.0,167500.0,1469.3,2024-06-26
Saint-Just-la-Pendue,42249,42540,Maison,77.0,169000.0,2194.81,2024-06-27
Roanne,42187,42300,Appartement,55.0,59000.0,1072.73,2024-07-05
Saint-Léger-sur-Roanne,42253,42155,Maison,99.0,222500.0,2247.47,2024-07-05
Saint-Just-en-Chevalet,42248,42430,Maison,103.0,35000.0,339.81,2024-07-05
Saint-Just-la-Pendue,42249,42540,Maison,86.0,94000.0,1093.02,2024-06-28
Balbigny,42011,42510,Maison,102.0,142000.0,1392.16,2024-07-12
Roanne,42187,42300,Maison,127.0,198550.0,1563.39,2024-07-01
Saint-Haon-le-Vieux,42233,42370,Appartement,65.0,50500.0,776.92,2024-07-01
Balbigny,42011,42510,Appartement,30.0,70000.0,2333.33,2024-06-27
Balbigny,42011,42510,Appartement,40.0,70000.0,1750.0,2024-06-27
Cordelle,42070,42123,Maison,66.0,65000.0,984.85,2024-07-11
Roanne,42187,42300,Maison,150.0,297500.0,1983.33,2024-07-03
Saint-Cyr-de-Favières,42212,42123,Maison,90.0,117550.0,1306.11,2024-07-05
Riorges,42184,42153,Appartement,39.0,81000.0,2076.92,2024-07-02
Mably,42127,42300,Maison,28.0,110000.0,3928.57,2024-07-03
Neulise,42156,42590,Appartement,60.0,108500.0,1808.33,2024-06-28
Riorges,42184,42153,Maison,97.0,130000.0,1340.21,2024-07-04
Cherier,42061,42430,Maison,99.0,135000.0,1363.64,2024-07-02
Roanne,42187,42300,Appartement,57.0,29500.0,517.54,2024-06-27
Riorges,42184,42153,Appartement,42.0,71500.0,1702.38,2024-07-08
Villemontais,42331,42155,Maison,92.0,180000.0,1956.52,2024-07-05
Villemontais,42331,42155,Maison,92.0,180000.0,1956.52,2024-07-05
Coutouvre,42074,42460,Appartement,34.0,89000.0,2617.65,2024-07-08
Coutouvre,42074,42460,Appartement,75.0,89000.0,1186.67,2024-07-08
Régny,42181,42630,Maison,94.0,137900.0,1467.02,2024-07-11
Lentigny,42120,42155,Maison,82.0,122000.0,1487.8,2024-07-10
Le Crozet,42078,42310,Maison,70.0,134850.0,1926.43,2024-07-10
Noailly,42157,42640,Maison,84.0,145000.0,1726.19,2024-07-04
Riorges,42184,42153,Appartement,42.0,44000.0,1047.62,2024-06-27
Pouilly-sous-Charlieu,42177,42720,Maison,88.0,168000.0,1909.09,2024-06-27
Roanne,42187,42300,Appartement,63.0,67000.0,1063.49,2024-07-11
Roanne,42187,42300,Appartement,63.0,39615.0,628.81,2024-07-15
Neaux,42153,42470,Maison,99.0,245000.0,2474.75,2024-07-01
Belmont-de-la-Loire,42015,42670,Maison,80.0,66860.0,835.75,2024-07-16
Roanne,42187,42300,Maison,216.0,340370.0,1575.79,2024-07-05
Le Coteau,42071,42120,Appartement,63.0,130150.0,2065.87,2024-07-09
Roanne,42187,42300,Appartement,72.0,120000.0,1666.67,2024-07-08
Bussières,42029,42510,Maison,146.0,359400.0,2461.64,2024-07-17
Commelle-Vernay,42069,42120,Maison,109.0,199000.0,1825.69,2024-07-09
Commelle-Vernay,42069,42120,Maison,109.0,199000.0,1825.69,2024-07-09
Le Coteau,42071,42120,Appartement,87.0,121500.0,1396.55,2024-07-09
Riorges,42184,42153,Appartement,52.0,74100.0,1425.0,2024-07-09
Riorges,42184,42153,Maison,86.0,95000.0,1104.65,2024-07-10
Saint-Nizier-sous-Charlieu,42267,42190,Maison,40.0,49000.0,1225.0,2024-07-04
Pouilly-sous-Charlieu,42177,42720,Maison,140.0,255500.0,1825.0,2024-07-12
Pouilly-sous-Charlieu,42177,42720,Maison,140.0,255500.0,1825.0,2024-07-12
Roanne,42187,42300,Appartement,80.0,40000.0,500.0,2024-06-28
Roanne,42187,42300,Maison,70.0,115000.0,1642.86,2024-07-12
Villerest,42332,42300,Appartement,44.0,69900.0,1588.64,2024-07-10
Villers,42333,42460,Maison,98.0,115250.0,1176.02,2024-07-12
Pouilly-sous-Charlieu,42177,42720,Maison,56.0,92500.0,1651.79,2024-07-04
Pouilly-sous-Charlieu,42177,42720,Maison,134.0,92500.0,690.3,2024-07-04
Roanne,42187,42300,Appartement,83.0,100000.0,1204.82,2024-07-10
Mably,42127,42300,Maison,67.0,60470.0,902.54,2024-07-10
Le Coteau,42071,42120,Appartement,69.0,117600.0,1704.35,2024-07-10
Le Coteau,42071,42120,Appartement,58.0,55647.0,959.43,2024-07-03
Roanne,42187,42300,Maison,84.0,73830.0,878.93,2024-07-16
Roanne,42187,42300,Maison,68.0,73830.0,1085.74,2024-07-16
Roanne,42187,42300,Maison,68.0,73830.0,1085.74,2024-07-16
Roanne,42187,42300,Appartement,36.0,105000.0,2916.67,2024-07-08
Roanne,42187,42300,Appartement,36.0,105000.0,2916.67,2024-07-08
Roanne,42187,42300,Appartement,32.0,105000.0,3281.25,2024-07-08
Roanne,42187,42300,Appartement,33.0,105000.0,3181.82,2024-07-08
Roanne,42187,42300,Maison,84.0,169000.0,2011.9,2024-07-11
Roanne,42187,42300,Maison,98.0,140000.0,1428.57,2024-07-12
Roanne,42187,42300,Appartement,35.0,65075.0,1859.29,2024-06-28
Le Coteau,42071,42120,Maison,103.0,189500.0,1839.81,2024-07-11
Le Coteau,42071,42120,Appartement,54.0,37000.0,685.19,2024-07-11
Roanne,42187,42300,Maison,60.0,60000.0,1000.0,2024-07-05
Saint-Jean-Saint-Maurice-sur-Loire,42239,42155,Maison,65.0,98400.0,1513.85,2024-07-15
Roanne,42187,42300,Appartement,72.0,87456.0,1214.67,2024-07-11
Roanne,42187,42300,Maison,121.0,136449.0,1127.68,2024-07-12
Riorges,42184,42153,Appartement,95.0,110200.0,1160.0,2024-07-12
Villerest,42332,42300,Maison,77.0,95000.0,1233.77,2024-07-17
Riorges,42184,42153,Maison,149.0,275000.0,1845.64,2024-07-09
Roanne,42187,42300,Appartement,108.0,109250.0,1011.57,2024-07-16
Villerest,42332,42300,Maison,121.0,235000.0,1942.15,2024-07-17
Roanne,42187,42300,Appartement,72.0,66400.0,922.22,2024-07-17
Vougy,42338,42720,Maison,91.0,247300.0,2717.58,2024-07-17
Mably,42127,42300,Appartement,136.0,60000.0,441.18,2024-06-25
Mably,42127,42300,Appartement,65.0,60000.0,923.08,2024-06-25
Mably,42127,42300,Appartement,41.0,60000.0,1463.41,2024-06-25
Mably,42127,42300,Appartement,41.0,60000.0,1463.41,2024-06-25
Mably,42127,42300,Appartement,65.0,60000.0,923.08,2024-06-25
Mably,42127,42300,Appartement,41.0,60000.0,1463.41,2024-06-25
Mably,42127,42300,Appartement,41.0,60000.0,1463.41,2024-06-25
Saint-Alban-les-Eaux,42198,42370,Appartement,65.0,156800.0,2412.31,2024-07-15
Roanne,42187,42300,Appartement,90.0,205800.0,2286.67,2024-07-15
Roanne,42187,42300,Appartement,33.0,205800.0,6236.36,2024-07-15
Riorges,42184,42153,Maison,80.0,300000.0,3750.0,2024-07-17
Riorges,42184,42153,Maison,160.0,300000.0,1875.0,2024-07-17
Saint-André-d'Apchon,42199,42370,Maison,120.0,215980.0,1799.83,2024-07-15
Saint-André-d'Apchon,42199,42370,Maison,120.0,215980.0,1799.83,2024-07-15
Villerest,42332,42300,Maison,116.0,145600.0,1255.17,2024-07-17
Roanne,42187,42300,Appartement,89.0,133000.0,1494.38,2024-07-18
Riorges,42184,42153,Appartement,41.0,75500.0,1841.46,2024-07-15
Roanne,42187,42300,Appartement,70.0,77000.0,1100.0,2024-07-17
Saint-Just-en-Chevalet,42248,42430,Appartement,34.0,67500.0,1985.29,2024-07-18
Saint-Just-en-Chevalet,42248,42430,Appartement,46.0,67500.0,1467.39,2024-07-18
Mably,42127,42300,Maison,79.0,162800.0,2060.76,2024-07-15
Riorges,42184,42153,Appartement,30.0,39900.0,1330.0,2024-07-10
Saint-Symphorien-de-Lay,42289,42470,Maison,202.0,515200.0,2550.5,2024-06-26
Roanne,42187,42300,Appartement,90.0,1234300.0,13714.44,2024-07-16
Saint-Romain-la-Motte,42284,42640,Maison,110.0,265000.0,2409.09,2024-07-10
Saint-Romain-la-Motte,42284,42640,Maison,110.0,265000.0,2409.09,2024-07-10
Vendranges,42325,42590,Maison,100.0,245000.0,2450.0,2024-07-17
Vendranges,42325,42590,Maison,100.0,245000.0,2450.0,2024-07-17
Vendranges,42325,42590,Maison,100.0,245000.0,2450.0,2024-07-17
Riorges,42184,42153,Appartement,169.0,150000.0,887.57,2024-07-18
Roanne,42187,42300,Maison,60.0,80000.0,1333.33,2024-07-18
Le Coteau,42071,42120,Appartement,49.0,69000.0,1408.16,2024-07-18
Roanne,42187,42300,Appartement,30.0,48000.0,1600.0,2024-07-24
Saint-Haon-le-Châtel,42232,42370,Maison,45.0,40000.0,888.89,2024-07-18
Roanne,42187,42300,Appartement,24.0,55000.0,2291.67,2024-07-23
Belleroche,42014,42670,Maison,150.0,117000.0,780.0,2024-07-16
Saint-Nizier-sous-Charlieu,42267,42190,Maison,80.0,725000.0,9062.5,2024-07-18
Balbigny,42011,42510,Maison,93.0,218650.0,2351.08,2024-06-20
Villerest,42332,42300,Maison,75.0,168000.0,2240.0,2024-07-16
Villerest,42332,42300,Maison,75.0,168000.0,2240.0,2024-07-16
Villerest,42332,42300,Maison,75.0,168000.0,2240.0,2024-07-16
Roanne,42187,42300,Appartement,78.0,33250.0,426.28,2024-07-19
Perreux,42170,42120,Maison,153.0,171700.0,1122.22,2024-07-22
Belmont-de-la-Loire,42015,42670,Maison,100.0,122700.0,1227.0,2024-07-23
Riorges,42184,42153,Appartement,68.0,97250.0,1430.15,2024-07-25
Roanne,42187,42300,Maison,66.0,60000.0,909.09,2024-07-23
Roanne,42187,42300,Maison,66.0,60000.0,909.09,2024-07-23
Roanne,42187,42300,Appartement,19.0,265000.0,13947.37,2024-07-24
Roanne,42187,42300,Appartement,22.0,265000.0,12045.45,2024-07-24
Roanne,42187,42300,Appartement,18.0,265000.0,14722.22,2024-07-24
Roanne,42187,42300,Appartement,22.0,265000.0,12045.45,2024-07-24
Roanne,42187,42300,Appartement,20.0,265000.0,13250.0,2024-07-24
Roanne,42187,42300,Appartement,21.0,265000.0,12619.05,2024-07-24
Violay,42334,42780,Maison,82.0,85000.0,1036.59,2024-07-23
Renaison,42182,42370,Maison,135.0,283500.0,2100.0,2024-07-22
Lay,42118,42470,Maison,88.0,110000.0,1250.0,2024-07-19
Roanne,42187,42300,Maison,89.0,107310.0,1205.73,2024-07-22
Roanne,42187,42300,Appartement,105.0,156000.0,1485.71,2024-07-22
Saint-Bonnet-des-Quarts,42203,42310,Maison,88.0,166450.0,1891.48,2024-07-11
Roanne,42187,42300,Maison,160.0,348000.0,2175.0,2024-07-11
Cherier,42061,42430,Maison,123.0,140000.0,1138.21,2024-07-23
Roanne,42187,42300,Appartement,75.0,45500.0,606.67,2024-07-12
Roanne,42187,42300,Appartement,50.0,82000.0,1640.0,2024-07-26
Mably,42127,42300,Maison,74.0,174310.0,2355.54,2024-07-18
Saint-Cyr-de-Favières,42212,42123,Maison,113.0,149000.0,1318.58,2024-07-26
Roanne,42187,42300,Maison,102.0,181000.0,1774.51,2024-07-12
Mars,42141,42750,Maison,85.0,148000.0,1741.18,2024-07-26
Charlieu,42052,42190,Appartement,27.0,104975.0,3887.96,2024-07-26
Charlieu,42052,42190,Appartement,45.0,104975.0,2332.78,2024-07-26
Charlieu,42052,42190,Appartement,98.0,104975.0,1071.17,2024-07-26
Charlieu,42052,42190,Appartement,25.0,104975.0,4199.0,2024-07-26
Roanne,42187,42300,Maison,51.0,207500.0,4068.63,2024-07-20
Roanne,42187,42300,Appartement,96.0,207500.0,2161.46,2024-07-20
Roanne,42187,42300,Appartement,89.0,207500.0,2331.46,2024-07-20
Roanne,42187,42300,Appartement,89.0,207500.0,2331.46,2024-07-20
Riorges,42184,42153,Appartement,82.0,87000.0,1060.98,2024-07-25
Charlieu,42052,42190,Maison,80.0,155000.0,1937.5,2024-07-24
Le Coteau,42071,42120,Appartement,66.0,429000.0,6500.0,2024-07-20
Le Coteau,42071,42120,Appartement,56.0,429000.0,7660.71,2024-07-20
Le Coteau,42071,42120,Appartement,56.0,429000.0,7660.71,2024-07-20
Le Coteau,42071,42120,Appartement,66.0,429000.0,6500.0,2024-07-20
Le Coteau,42071,42120,Appartement,56.0,429000.0,7660.71,2024-07-20
Le Coteau,42071,42120,Appartement,66.0,429000.0,6500.0,2024-07-20
Le Coteau,42071,42120,Appartement,56.0,429000.0,7660.71,2024-07-20
Le Coteau,42071,42120,Appartement,56.0,429000.0,7660.71,2024-07-20
Le Coteau,42071,42120,Appartement,56.0,429000.0,7660.71,2024-07-20
Nandax,42152,42720,Maison,122.0,256800.0,2104.92,2024-07-19
Nandax,42152,42720,Maison,122.0,256800.0,2104.92,2024-07-19
Nandax,42152,42720,Maison,122.0,256800.0,2104.92,2024-07-19
Le Coteau,42071,42120,Appartement,88.0,90256.0,1025.64,2024-07-25
Renaison,42182,42370,Maison,95.0,177500.0,1868.42,2024-07-26
Riorges,42184,42153,Maison,97.0,152500.0,1572.16,2024-07-22
Le Coteau,42071,42120,Appartement,115.0,100000.0,869.57,2024-07-23
Montagny,42145,42840,Maison,86.0,118000.0,1372.09,2024-07-23
Roanne,42187,42300,Appartement,66.0,66500.0,1007.58,2024-07-24
Villerest,42332,42300,Maison,66.0,138000.0,2090.91,2024-07-26
Villerest,42332,42300,Maison,66.0,138000.0,2090.91,2024-07-26
Saint-Vincent-de-Boisset,42294,42120,Maison,128.0,328000.0,2562.5,2024-07-19
Saint-Vincent-de-Boisset,42294,42120,Maison,128.0,328000.0,2562.5,2024-07-19
Riorges,42184,42153,Maison,76.0,220000.0,2894.74,2024-07-26
Roanne,42187,42300,Appartement,77.0,67000.0,870.13,2024-07-15
Commelle-Vernay,42069,42120,Maison,86.0,170500.0,1982.56,2024-07-29
Lentigny,42120,42155,Maison,154.0,105000.0,681.82,2024-07-26
Lentigny,42120,42155,Maison,154.0,105000.0,681.82,2024-07-26
Riorges,42184,42153,Appartement,73.0,85500.0,1171.23,2024-07-23
Cordelle,42070,42123,Appartement,45.0,59000.0,1311.11,2024-07-23
Cordelle,42070,42123,Appartement,40.0,59000.0,1475.0,2024-07-23
Villerest,42332,42300,Maison,92.0,219000.0,2380.43,2024-07-24
Lay,42118,42470,Maison,100.0,120000.0,1200.0,2024-07-25
Saint-André-d'Apchon,42199,42370,Maison,112.0,60000.0,535.71,2024-07-19
Sevelinges,42300,42460,Maison,134.0,147000.0,1097.01,2024-07-12
Roanne,42187,42300,Appartement,52.0,62868.0,1209.0,2024-07-25
Renaison,42182,42370,Maison,175.0,333100.0,1903.43,2024-07-26
Renaison,42182,42370,Maison,175.0,333100.0,1903.43,2024-07-26
Saint-Jean-Saint-Maurice-sur-Loire,42239,42155,Maison,91.0,202800.0,2228.57,2024-07-25
Saint-Jean-Saint-Maurice-sur-Loire,42239,42155,Maison,91.0,202800.0,2228.57,2024-07-25
Saint-Germain-Lespinasse,42231,42640,Maison,67.0,122000.0,1820.9,2024-06-27
Saint-Germain-Lespinasse,42231,42640,Maison,67.0,122000.0,1820.9,2024-06-27
Riorges,42184,42153,Maison,80.0,140000.0,1750.0,2024-07-24
Sainte-Colombe-sur-Gand,42209,42540,Maison,90.0,79500.0,883.33,2024-07-31
Villemontais,42331,42155,Maison,110.0,78000.0,709.09,2024-07-29
Pommiers,42173,42260,Maison,60.0,138000.0,2300.0,2024-07-23
Balbigny,42011,42510,Maison,110.0,110000.0,1000.0,2024-07-18
Bussières,42029,42510,Maison,85.0,100000.0,1176.47,2024-07-16
Neulise,42156,42590,Maison,80.0,74100.0,926.25,2024-07-30
Roanne,42187,42300,Appartement,53.0,72650.0,1370.75,2024-07-30
Roanne,42187,42300,Appartement,209.0,208400.0,997.13,2024-07-30
Roanne,42187,42300,Appartement,56.0,46800.0,835.71,2024-07-30
Saint-Germain-Laval,42230,42260,Maison,53.0,45000.0,849.06,2024-07-18
Cremeaux,42076,42260,Maison,86.0,67000.0,779.07,2024-07-31
Cremeaux,42076,42260,Maison,86.0,67000.0,779.07,2024-07-31
Pommiers,42173,42260,Appartement,36.0,250000.0,6944.44,2024-07-25
Pommiers,42173,42260,Maison,30.0,250000.0,8333.33,2024-07-25
Saint-Vincent-de-Boisset,42294,42120,Maison,90.0,80000.0,888.89,2024-07-04
Saint-Vincent-de-Boisset,42294,42120,Maison,90.0,80000.0,888.89,2024-07-04
Roanne,42187,42300,Appartement,47.0,47500.0,1010.64,2024-07-25
Régny,42181,42630,Maison,54.0,46600.0,862.96,2024-07-25
Saint-Victor-sur-Rhins,42293,42630,Maison,100.0,145200.0,1452.0,2024-07-11
Saint-Bonnet-des-Quarts,42203,42310,Maison,64.0,80000.0,1250.0,2024-07-26
Villerest,42332,42300,Maison,90.0,196000.0,2177.78,2024-07-12
Saint-Just-en-Chevalet,42248,42430,Appartement,88.0,32000.0,363.64,2024-07-17
Saint-Just-en-Chevalet,42248,42430,Appartement,44.0,32000.0,727.27,2024-07-17
Roanne,42187,42300,Maison,38.0,70000.0,1842.11,2024-07-11
Roanne,42187,42300,Appartement,38.0,65000.0,1710.53,2024-07-26
Roanne,42187,42300,Appartement,30.0,65000.0,2166.67,2024-07-26
Souternon,42303,42260,Maison,61.0,92000.0,1508.2,2024-07-31
Roanne,42187,42300,Appartement,41.0,7500.0,182.93,2024-07-23
Roanne,42187,42300,Appartement,42.0,53600.0,1276.19,2024-07-16
Saint-Victor-sur-Rhins,42293,42630,Maison,139.0,100000.0,719.42,2024-07-30
Ouches,42162,42155,Maison,104.0,162000.0,1557.69,2024-07-30
Ouches,42162,42155,Maison,104.0,162000.0,1557.69,2024-07-30
Roanne,42187,42300,Appartement,55.0,72000.0,1309.09,2024-07-22
Cherier,42061,42430,Maison,55.0,17740.0,322.55,2024-07-17
Roanne,42187,42300,Appartement,113.0,97500.0,862.83,2024-07-04
Roanne,42187,42300,Maison,87.0,138850.0,1595.98,2024-07-25
Renaison,42182,42370,Maison,85.0,220000.0,2588.24,2024-07-30
Bully,42027,42260,Maison,105.0,209000.0,1990.48,2024-07-30
Saint-Martin-la-Sauveté,42260,42260,Maison,100.0,116000.0,1160.0,2024-07-31
Roanne,42187,42300,Maison,73.0,120850.0,1655.48,2024-07-31
Bussières,42029,42510,Maison,55.0,71500.0,1300.0,2024-07-30
Balbigny,42011,42510,Maison,68.0,65000.0,955.88,2024-07-30
Saint-Jodard,42241,42590,Maison,110.0,68000.0,618.18,2024-07-30
Saint-Jodard,42241,42590,Maison,73.0,68000.0,931.51,2024-07-30
Pouilly-les-Nonains,42176,42155,Maison,66.0,113000.0,1712.12,2024-07-24
Balbigny,42011,42510,Maison,119.0,334700.0,2812.61,2024-07-30
Commelle-Vernay,42069,42120,Maison,88.0,134000.0,1522.73,2024-07-25
Renaison,42182,42370,Maison,119.0,165000.0,1386.55,2024-07-10
Roanne,42187,42300,Appartement,41.0,89500.0,2182.93,2024-08-02
Montagny,42145,42840,Maison,74.0,122240.0,1651.89,2024-08-02
Saint-Germain-Lespinasse,42231,42640,Maison,100.0,10000.0,100.0,2024-08-02
Ambierle,42003,42820,Maison,105.0,215500.0,2052.38,2024-08-01
Ambierle,42003,42820,Maison,105.0,215500.0,2052.38,2024-08-01
Villemontais,42331,42155,Maison,130.0,435250.0,3348.08,2024-07-11
Roanne,42187,42300,Appartement,73.0,67000.0,917.81,2024-07-31
Saint-André-d'Apchon,42199,42370,Maison,75.0,168400.0,2245.33,2024-08-01
Saint-André-d'Apchon,42199,42370,Maison,75.0,168400.0,2245.33,2024-08-01
Roanne,42187,42300,Maison,145.0,220000.0,1517.24,2024-07-24
Vougy,42338,42720,Maison,65.0,115000.0,1769.23,2024-08-02
Vougy,42338,42720,Maison,65.0,115000.0,1769.23,2024-08-02
Roanne,42187,42300,Appartement,57.0,50500.0,885.96,2024-07-31
Sainte-Colombe-sur-Gand,42209,42540,Maison,208.0,380520.0,1829.42,2024-07-26
Sainte-Colombe-sur-Gand,42209,42540,Maison,208.0,380520.0,1829.42,2024-07-26
Roanne,42187,42300,Appartement,32.0,88300.0,2759.38,2024-08-01
Roanne,42187,42300,Appartement,49.0,88300.0,1802.04,2024-08-01
Roanne,42187,42300,Maison,79.0,171000.0,2164.56,2024-08-02
Saint-Priest-la-Prugne,42276,42830,Appartement,104.0,120000.0,1153.85,2024-08-01
Saint-Priest-la-Prugne,42276,42830,Appartement,140.0,120000.0,857.14,2024-08-01
Riorges,42184,42153,Maison,118.0,250460.0,2122.54,2024-07-26
Riorges,42184,42153,Maison,118.0,250460.0,2122.54,2024-07-26
Saint-Just-la-Pendue,42249,42540,Maison,60.0,55000.0,916.67,2024-08-06
Villerest,42332,42300,Appartement,60.0,80000.0,1333.33,2024-08-02
Villerest,42332,42300,Maison,63.0,218750.0,3472.22,2024-08-05
Villerest,42332,42300,Maison,63.0,218750.0,3472.22,2024-08-05
Roanne,42187,42300,Appartement,51.0,50000.0,980.39,2024-07-31
Roanne,42187,42300,Maison,46.0,81000.0,1760.87,2024-08-08
Le Coteau,42071,42120,Appartement,74.0,74460.0,1006.22,2024-07-19
Saint-Haon-le-Châtel,42232,42370,Maison,40.0,65000.0,1625.0,2024-08-01
Saint-Just-la-Pendue,42249,42540,Maison,87.0,133000.0,1528.74,2024-07-19
Saint-Just-la-Pendue,42249,42540,Maison,80.0,133000.0,1662.5,2024-07-19
Saint-Just-la-Pendue,42249,42540,Maison,87.0,133000.0,1528.74,2024-07-19
Saint-Just-la-Pendue,42249,42540,Maison,80.0,133000.0,1662.5,2024-07-19
Le Coteau,42071,42120,Maison,75.0,166250.0,2216.67,2024-07-30
Le Coteau,42071,42120,Appartement,91.0,162000.0,1780.22,2024-07-30
Roanne,42187,42300,Appartement,79.0,93000.0,1177.22,2024-07-26
Charlieu,42052,42190,Maison,55.0,66000.0,1200.0,2024-08-06
Mably,42127,42300,Maison,93.0,176400.0,1896.77,2024-07-30
Mably,42127,42300,Appartement,40.0,65000.0,1625.0,2024-07-24
Mably,42127,42300,Appartement,40.0,65000.0,1625.0,2024-07-24
Saint-Jean-Saint-Maurice-sur-Loire,42239,42155,Maison,145.0,310000.0,2137.93,2024-07-17
Roanne,42187,42300,Appartement,83.0,168000.0,2024.1,2024-08-09
Mably,42127,42300,Maison,68.0,183500.0,2698.53,2024-07-30
Mably,42127,42300,Maison,65.0,61750.0,950.0,2024-07-30
Roanne,42187,42300,Appartement,81.0,109000.0,1345.68,2024-07-30
Le Coteau,42071,42120,Maison,105.0,192150.0,1830.0,2024-07-30
Neaux,42153,42470,Maison,62.0,120000.0,1935.48,2024-07-30
Perreux,42170,42120,Maison,102.0,168400.0,1650.98,2024-07-29
Roanne,42187,42300,Appartement,62.0,59000.0,951.61,2024-07-30
Mably,42127,42300,Maison,100.0,186440.0,1864.4,2024-08-07
Mably,42127,42300,Maison,100.0,186440.0,1864.4,2024-08-07
Saint-Martin-d'Estréaux,42257,42620,Maison,114.0,65000.0,570.18,2024-07-31
Roanne,42187,42300,Appartement,69.0,79000.0,1144.93,2024-08-01
Roanne,42187,42300,Appartement,184.0,251200.0,1365.22,2024-08-01
Roanne,42187,42300,Appartement,38.0,39000.0,1026.32,2024-08-19
Roanne,42187,42300,Appartement,31.0,41500.0,1338.71,2024-08-01
Commelle-Vernay,42069,42120,Maison,240.0,250000.0,1041.67,2024-07-31
Commelle-Vernay,42069,42120,Maison,240.0,250000.0,1041.67,2024-07-31
Commelle-Vernay,42069,42120,Maison,240.0,250000.0,1041.67,2024-07-31
Roanne,42187,42300,Appartement,54.0,107000.0,1981.48,2024-08-01
Le Coteau,42071,42120,Appartement,91.0,149000.0,1637.36,2024-08-20
Coutouvre,42074,42460,Maison,110.0,260500.0,2368.18,2024-08-08
Coutouvre,42074,42460,Maison,110.0,260500.0,2368.18,2024-08-08
Roanne,42187,42300,Appartement,68.0,40000.0,588.24,2024-08-13
Saint-Vincent-de-Boisset,42294,42120,Maison,115.0,237500.0,2065.22,2024-08-02
Saint-Vincent-de-Boisset,42294,42120,Maison,115.0,237500.0,2065.22,2024-08-02
Roanne,42187,42300,Appartement,70.0,86500.0,1235.71,2024-08-12
Régny,42181,42630,Maison,110.0,189500.0,1722.73,2024-08-05
Régny,42181,42630,Maison,110.0,189500.0,1722.73,2024-08-05
Roanne,42187,42300,Appartement,32.0,45600.0,1425.0,2024-08-02
Roanne,42187,42300,Maison,82.0,167500.0,2042.68,2024-08-05
Le Coteau,42071,42120,Maison,90.0,159000.0,1766.67,2024-08-02
Roanne,42187,42300,Appartement,64.0,53500.0,835.94,2024-08-14
Roanne,42187,42300,Appartement,70.0,63000.0,900.0,2024-08-12
Roanne,42187,42300,Appartement,49.0,86149.0,1758.14,2024-08-02
Mably,42127,42300,Maison,123.0,243600.0,1980.49,2024-08-19
Villerest,42332,42300,Maison,88.0,140000.0,1590.91,2024-08-08
Roanne,42187,42300,Maison,94.0,148500.0,1579.79,2024-08-09
Roanne,42187,42300,Appartement,46.0,93000.0,2021.74,2024-08-09
Riorges,42184,42153,Maison,82.0,190000.0,2317.07,2024-08-22
Roanne,42187,42300,Maison,56.0,120000.0,2142.86,2024-08-20
Le Coteau,42071,42120,Maison,110.0,140000.0,1272.73,2024-08-20
Roanne,42187,42300,Maison,97.0,188000.0,1938.14,2024-08-22
La Tuilière,42314,42830,Maison,70.0,50000.0,714.29,2024-07-31
Roanne,42187,42300,Maison,70.0,163000.0,2328.57,2024-08-09
Roanne,42187,42300,Maison,122.0,225000.0,1844.26,2024-08-09
Roanne,42187,42300,Maison,120.0,169000.0,1408.33,2024-08-01
Saint-Léger-sur-Roanne,42253,42155,Appartement,32.0,140000.0,4375.0,2024-08-19
Saint-Léger-sur-Roanne,42253,42155,Appartement,116.0,140000.0,1206.9,2024-08-19
Renaison,42182,42370,Maison,100.0,309150.0,3091.5,2024-07-31
Saint-Léger-sur-Roanne,42253,42155,Maison,130.0,205000.0,1576.92,2024-08-19
Roanne,42187,42300,Appartement,89.0,99000.0,1112.36,2024-08-19
Saint-Cyr-de-Favières,42212,42123,Maison,104.0,200300.0,1925.96,2024-08-19
Saint-Cyr-de-Favières,42212,42123,Maison,104.0,200300.0,1925.96,2024-08-19
Saint-Vincent-de-Boisset,42294,42120,Maison,250.0,742500.0,2970.0,2024-08-23
Saint-Vincent-de-Boisset,42294,42120,Maison,250.0,742500.0,2970.0,2024-08-23
Roanne,42187,42300,Appartement,67.0,75000.0,1119.4,2024-08-22
Balbigny,42011,42510,Maison,72.0,176000.0,2444.44,2024-07-26
Balbigny,42011,42510,Maison,72.0,176000.0,2444.44,2024-07-26
Grézolles,42106,42260,Maison,61.0,42000.0,688.52,2024-08-20
Roanne,42187,42300,Appartement,64.0,104500.0,1632.81,2024-08-27
Roanne,42187,42300,Appartement,73.0,73000.0,1000.0,2024-08-26
Saint-Germain-Laval,42230,42260,Maison,40.0,106000.0,2650.0,2024-08-27
Grézolles,42106,42260,Maison,107.0,48950.0,457.48,2024-08-27
Nandax,42152,42720,Maison,113.0,266000.0,2353.98,2024-08-22
Nandax,42152,42720,Maison,113.0,266000.0,2353.98,2024-08-22
La Bénisson-Dieu,42016,42720,Maison,106.0,211700.0,1997.17,2024-08-08
Vougy,42338,42720,Maison,90.0,223000.0,2477.78,2024-08-08
Nandax,42152,42720,Maison,63.0,450200.0,7146.03,2024-08-08
Mars,42141,42750,Maison,116.0,150000.0,1293.1,2024-08-27
Mars,42141,42750,Maison,116.0,150000.0,1293.1,2024-08-27
Pouilly-les-Nonains,42176,42155,Maison,88.0,241700.0,2746.59,2024-08-26
Pouilly-les-Nonains,42176,42155,Maison,88.0,241700.0,2746.59,2024-08-26
Villerest,42332,42300,Maison,115.0,220000.0,1913.04,2024-08-26
Néronde,42154,42510,Appartement,83.0,99000.0,1192.77,2024-08-06
Le Coteau,42071,42120,Appartement,74.0,85165.0,1150.88,2024-07-18
Belleroche,42014,42670,Maison,71.0,166000.0,2338.03,2024-08-08
Belleroche,42014,42670,Maison,71.0,166000.0,2338.03,2024-08-08
Riorges,42184,42153,Appartement,30.0,44000.0,1466.67,2024-07-30
Commelle-Vernay,42069,42120,Appartement,68.0,126000.0,1852.94,2024-08-26
Commelle-Vernay,42069,42120,Appartement,101.0,126000.0,1247.52,2024-08-26
Le Coteau,42071,42120,Maison,88.0,195000.0,2215.91,2024-08-27
Villerest,42332,42300,Maison,89.0,199500.0,2241.57,2024-08-27
Riorges,42184,42153,Maison,85.0,187050.0,2200.59,2024-08-27
Riorges,42184,42153,Maison,54.0,119000.0,2203.7,2024-08-23
Riorges,42184,42153,Maison,82.0,190600.0,2324.39,2024-08-21
Riorges,42184,42153,Appartement,44.0,58000.0,1318.18,2024-08-08
Fourneaux,42098,42470,Maison,98.0,89000.0,908.16,2024-08-26
Le Coteau,42071,42120,Appartement,49.0,50000.0,1020.41,2024-08-08
Saint-Cyr-de-Favières,42212,42123,Maison,92.0,216100.0,2348.91,2024-08-29
Saint-Cyr-de-Favières,42212,42123,Maison,92.0,216100.0,2348.91,2024-08-29
Saint-Germain-Laval,42230,42260,Maison,67.0,126000.0,1880.6,2024-08-27
Néronde,42154,42510,Maison,66.0,39000.0,590.91,2024-08-29
Villerest,42332,42300,Maison,157.0,442300.0,2817.2,2024-08-30
Villerest,42332,42300,Maison,157.0,442300.0,2817.2,2024-08-30
Roanne,42187,42300,Maison,75.0,156750.0,2090.0,2024-08-08
Mably,42127,42300,Maison,90.0,160000.0,1777.78,2024-08-21
Roanne,42187,42300,Appartement,46.0,65200.0,1417.39,2024-08-28
Saint-Germain-Laval,42230,42260,Appartement,65.0,150000.0,2307.69,2024-08-27
Saint-Germain-Laval,42230,42260,Appartement,40.0,150000.0,3750.0,2024-08-27
Saint-Germain-Laval,42230,42260,Appartement,30.0,150000.0,5000.0,2024-08-27
Saint-Germain-Laval,42230,42260,Appartement,65.0,150000.0,2307.69,2024-08-27
Saint-Symphorien-de-Lay,42289,42470,Maison,132.0,279900.0,2120.45,2024-08-30
Perreux,42170,42120,Maison,84.0,282200.0,3359.52,2024-08-20
Le Coteau,42071,42120,Appartement,73.0,104500.0,1431.51,2024-08-06
Roanne,42187,42300,Appartement,48.0,40000.0,833.33,2024-08-09
Roanne,42187,42300,Appartement,34.0,40000.0,1176.47,2024-08-09
Roanne,42187,42300,Appartement,60.0,83000.0,1383.33,2024-08-29
Roanne,42187,42300,Appartement,71.0,85000.0,1197.18,2024-08-28
Roanne,42187,42300,Maison,65.0,116700.0,1795.38,2024-08-20
Riorges,42184,42153,Maison,93.0,207000.0,2225.81,2024-08-26
Roanne,42187,42300,Maison,57.0,75000.0,1315.79,2024-08-30
Villerest,42332,42300,Maison,70.0,88000.0,1257.14,2024-08-09
Villerest,42332,42300,Maison,109.0,305000.0,2798.17,2024-08-06
Villerest,42332,42300,Maison,109.0,305000.0,2798.17,2024-08-06
Renaison,42182,42370,Maison,65.0,140000.0,2153.85,2024-08-29
Le Coteau,42071,42120,Appartement,85.0,95000.0,1117.65,2024-08-30
Briennon,42026,42720,Maison,105.0,164500.0,1566.67,2024-09-02
Briennon,42026,42720,Maison,105.0,164500.0,1566.67,2024-09-02
Riorges,42184,42153,Appartement,52.0,62000.0,1192.31,2024-08-26
Mars,42141,42750,Maison,83.0,165000.0,1987.95,2024-08-28
Mars,42141,42750,Maison,83.0,165000.0,1987.95,2024-08-28
Nandax,42152,42720,Maison,124.0,96000.0,774.19,2024-08-30
Écoche,42086,42670,Maison,66.0,144000.0,2181.82,2024-08-30
Cuinzier,42079,42460,Maison,80.0,66240.0,828.0,2024-09-04
Riorges,42184,42153,Appartement,58.0,62400.0,1075.86,2024-08-22
Mably,42127,42300,Maison,88.0,169600.0,1927.27,2024-08-23
Mably,42127,42300,Maison,88.0,169600.0,1927.27,2024-08-23
Mably,42127,42300,Maison,88.0,169600.0,1927.27,2024-08-23
Saint-Haon-le-Châtel,42232,42370,Maison,150.0,181000.0,1206.67,2024-08-28
Saint-Germain-Laval,42230,42260,Maison,110.0,45000.0,409.09,2024-09-03
Régny,42181,42630,Maison,75.0,173700.0,2316.0,2024-08-29
Bussières,42029,42510,Maison,114.0,77000.0,675.44,2024-08-08
Violay,42334,42780,Maison,104.0,207600.0,1996.15,2024-08-08
Violay,42334,42780,Maison,104.0,207600.0,1996.15,2024-08-08
Le Coteau,42071,42120,Appartement,39.0,67000.0,1717.95,2024-08-29
Saint-Bonnet-des-Quarts,42203,42310,Maison,90.0,84000.0,933.33,2024-09-02
Saint-Bonnet-des-Quarts,42203,42310,Maison,90.0,84000.0,933.33,2024-09-02
Roanne,42187,42300,Appartement,57.0,64000.0,1122.81,2024-09-03
Villerest,42332,42300,Appartement,40.0,43000.0,1075.0,2024-09-03
Roanne,42187,42300,Appartement,80.0,99750.0,1246.88,2024-08-30
Roanne,42187,42300,Appartement,71.0,76000.0,1070.42,2024-08-30
Riorges,42184,42153,Maison,44.0,110000.0,2500.0,2024-09-04
Saint-Alban-les-Eaux,42198,42370,Maison,71.0,130000.0,1830.99,2024-07-16
Saint-Alban-les-Eaux,42198,42370,Maison,71.0,130000.0,1830.99,2024-07-16
Roanne,42187,42300,Appartement,60.0,96500.0,1608.33,2024-09-04
Saint-André-d'Apchon,42199,42370,Maison,114.0,233000.0,2043.86,2024-08-29
Saint-André-d'Apchon,42199,42370,Maison,114.0,233000.0,2043.86,2024-08-29
Renaison,42182,42370,Maison,82.0,170000.0,2073.17,2024-09-04
Renaison,42182,42370,Maison,82.0,170000.0,2073.17,2024-09-04
Roanne,42187,42300,Maison,66.0,114170.0,1729.85,2024-09-05
Renaison,42182,42370,Maison,129.0,279850.0,2169.38,2024-08-29
Roanne,42187,42300,Appartement,55.0,63000.0,1145.45,2024-09-06
Roanne,42187,42300,Appartement,55.0,62000.0,1127.27,2024-08-29
Roanne,42187,42300,Appartement,55.0,62000.0,1127.27,2024-08-29
Roanne,42187,42300,Appartement,75.0,95000.0,1266.67,2024-08-29
Riorges,42184,42153,Maison,80.0,92500.0,1156.25,2024-09-02
Le Coteau,42071,42120,Maison,72.0,152750.0,2121.53,2024-09-06
Le Coteau,42071,42120,Appartement,84.0,152750.0,1818.45,2024-09-06
Le Coteau,42071,42120,Maison,108.0,152750.0,1414.35,2024-09-06
Le Coteau,42071,42120,Appartement,52.0,152750.0,2937.5,2024-09-06
Roanne,42187,42300,Appartement,42.0,94050.0,2239.29,2024-08-27
Changy,42049,42310,Maison,154.0,318300.0,2066.88,2024-08-05
Saint-Priest-la-Roche,42277,42590,Maison,105.0,176000.0,1676.19,2024-08-09
Lentigny,42120,42155,Maison,100.0,264150.0,2641.5,2024-08-27
Lentigny,42120,42155,Maison,100.0,264150.0,2641.5,2024-08-27
Saint-Martin-la-Sauveté,42260,42260,Maison,83.0,30000.0,361.45,2024-05-31
Roanne,42187,42300,Maison,80.0,149916.0,1873.95,2024-08-28
Roanne,42187,42300,Appartement,65.0,132000.0,2030.77,2024-09-04
Riorges,42184,42153,Appartement,89.0,105000.0,1179.78,2024-09-05
Noailly,42157,42640,Maison,178.0,110000.0,617.98,2024-08-30
Noailly,42157,42640,Maison,178.0,110000.0,617.98,2024-08-30
Roanne,42187,42300,Appartement,77.0,109282.0,1419.25,2024-09-04
Roanne,42187,42300,Appartement,74.0,192000.0,2594.59,2024-09-06
Roanne,42187,42300,Appartement,86.0,99000.0,1151.16,2024-08-30
Roanne,42187,42300,Appartement,85.0,215000.0,2529.41,2024-09-05
Cordelle,42070,42123,Maison,86.0,173690.0,2019.65,2024-09-10
Saint-Germain-Lespinasse,42231,42640,Maison,88.0,146500.0,1664.77,2024-09-09
Saint-Germain-Lespinasse,42231,42640,Maison,88.0,146500.0,1664.77,2024-09-09
Villerest,42332,42300,Maison,97.0,172500.0,1778.35,2024-09-04
Villerest,42332,42300,Maison,97.0,172500.0,1778.35,2024-09-04
Roanne,42187,42300,Maison,112.0,302500.0,2700.89,2024-08-27
Chandon,42048,42190,Maison,93.0,229500.0,2467.74,2024-09-04
Chandon,42048,42190,Maison,93.0,229500.0,2467.74,2024-09-04
Roanne,42187,42300,Appartement,63.0,62000.0,984.13,2024-09-06
Roanne,42187,42300,Appartement,74.0,79000.0,1067.57,2024-09-09
Saint-Romain-d'Urfé,42282,42430,Maison,70.0,124000.0,1771.43,2024-08-27
Vézelin-sur-Loire,42268,42590,Maison,50.0,50000.0,1000.0,2024-09-06
Saint-Just-en-Chevalet,42248,42430,Appartement,55.0,243000.0,4418.18,2024-08-30
Saint-Just-en-Chevalet,42248,42430,Appartement,104.0,243000.0,2336.54,2024-08-30
Commelle-Vernay,42069,42120,Maison,105.0,135000.0,1285.71,2024-09-10
Saint-Léger-sur-Roanne,42253,42155,Maison,81.0,182000.0,2246.91,2024-09-05
Le Coteau,42071,42120,Maison,107.0,153000.0,1429.91,2024-09-12
Le Coteau,42071,42120,Maison,107.0,153000.0,1429.91,2024-09-12
Vougy,42338,42720,Maison,128.0,315000.0,2460.94,2024-09-05
Vougy,42338,42720,Maison,128.0,315000.0,2460.94,2024-09-05
Roanne,42187,42300,Maison,82.0,110862.0,1351.98,2024-09-12
Saint-Alban-les-Eaux,42198,42370,Maison,26.0,35000.0,1346.15,2024-09-12
Saint-Alban-les-Eaux,42198,42370,Maison,26.0,35000.0,1346.15,2024-09-12
Roanne,42187,42300,Appartement,76.0,73000.0,960.53,2024-09-12
Roanne,42187,42300,Appartement,69.0,49500.0,717.39,2024-09-11
Roanne,42187,42300,Appartement,51.0,49500.0,970.59,2024-09-11
Régny,42181,42630,Maison,177.0,240045.0,1356.19,2024-09-12
Régny,42181,42630,Maison,177.0,240045.0,1356.19,2024-09-12
Saint-Rirand,42281,42370,Maison,36.0,29000.0,805.56,2024-09-13
Saint-Rirand,42281,42370,Appartement,70.0,29000.0,414.29,2024-09-13
Saint-Rirand,42281,42370,Appartement,75.0,29000.0,386.67,2024-09-13
Roanne,42187,42300,Maison,107.0,316600.0,2958.88,2024-09-12
Saint-Rirand,42281,42370,Maison,90.0,39400.0,437.78,2024-09-13
Roanne,42187,42300,Appartement,69.0,230000.0,3333.33,2024-09-13
Roanne,42187,42300,Appartement,68.0,230000.0,3382.35,2024-09-13
Roanne,42187,42300,Appartement,33.0,230000.0,6969.7,2024-09-13
Roanne,42187,42300,Appartement,34.0,230000.0,6764.71,2024-09-13
Roanne,42187,42300,Appartement,33.0,230000.0,6969.7,2024-09-13
Roanne,42187,42300,Appartement,29.0,230000.0,7931.03,2024-09-13
Roanne,42187,42300,Appartement,28.0,54000.0,1928.57,2024-09-11
Roanne,42187,42300,Appartement,90.0,125000.0,1388.89,2024-09-02
Pouilly-sous-Charlieu,42177,42720,Appartement,64.0,60000.0,937.5,2024-09-11
Saint-Bonnet-des-Quarts,42203,42310,Maison,90.0,40000.0,444.44,2024-09-13
Roanne,42187,42300,Maison,97.0,248000.0,2556.7,2024-09-13
Nollieux,42160,42260,Maison,104.0,173250.0,1665.87,2024-09-10
Nollieux,42160,42260,Maison,104.0,173250.0,1665.87,2024-09-10
Roanne,42187,42300,Appartement,57.0,81700.0,1433.33,2024-09-12
Saint-Jodard,42241,42590,Maison,88.0,43000.0,488.64,2024-09-12
Roanne,42187,42300,Maison,70.0,182000.0,2600.0,2024-09-13
Roanne,42187,42300,Appartement,52.0,71000.0,1365.38,2024-09-13
Roanne,42187,42300,Appartement,55.0,265000.0,4818.18,2024-09-12
Roanne,42187,42300,Appartement,26.0,265000.0,10192.31,2024-09-12
Roanne,42187,42300,Appartement,60.0,265000.0,4416.67,2024-09-12
Roanne,42187,42300,Appartement,65.0,265000.0,4076.92,2024-09-12
Roanne,42187,42300,Appartement,100.0,265000.0,2650.0,2024-09-12
Le Coteau,42071,42120,Appartement,37.0,67000.0,1810.81,2024-09-05
Roanne,42187,42300,Appartement,46.0,194750.0,4233.7,2024-09-10
Roanne,42187,42300,Appartement,55.0,194750.0,3540.91,2024-09-10
Roanne,42187,42300,Appartement,58.0,194750.0,3357.76,2024-09-10
Roanne,42187,42300,Appartement,52.0,194750.0,3745.19,2024-09-10
Riorges,42184,42153,Maison,60.0,177000.0,2950.0,2024-08-28
Riorges,42184,42153,Maison,60.0,177000.0,2950.0,2024-08-28
Saint-Victor-sur-Rhins,42293,42630,Appartement,73.0,60000.0,821.92,2024-09-10
Villerest,42332,42300,Maison,223.0,279600.0,1253.81,2024-09-11
Villerest,42332,42300,Maison,223.0,279600.0,1253.81,2024-09-11
Saint-Germain-Laval,42230,42260,Maison,122.0,178000.0,1459.02,2024-09-16
Saint-Germain-Laval,42230,42260,Maison,122.0,178000.0,1459.02,2024-09-16
Roanne,42187,42300,Appartement,69.0,106750.0,1547.1,2024-09-16
Saint-Priest-la-Prugne,42276,42830,Maison,54.0,68500.0,1268.52,2024-09-12
Chandon,42048,42190,Maison,200.0,407600.0,2038.0,2024-09-12
Chandon,42048,42190,Maison,200.0,407600.0,2038.0,2024-09-12
Le Coteau,42071,42120,Appartement,125.0,134900.0,1079.2,2024-09-13
Le Coteau,42071,42120,Appartement,35.0,40000.0,1142.86,2024-09-17
Saint-Romain-la-Motte,42284,42640,Maison,85.0,255900.0,3010.59,2024-09-18
Saint-Romain-la-Motte,42284,42640,Maison,85.0,255900.0,3010.59,2024-09-18
Villerest,42332,42300,Appartement,57.0,40000.0,701.75,2024-09-18
Sevelinges,42300,42460,Maison,110.0,120000.0,1090.91,2024-08-27
Sevelinges,42300,42460,Maison,110.0,120000.0,1090.91,2024-08-27
Roanne,42187,42300,Appartement,79.0,65000.0,822.78,2024-09-16
Roanne,42187,42300,Appartement,37.0,35800.0,967.57,2024-09-16
Riorges,42184,42153,Maison,90.0,650000.0,7222.22,2024-09-13
Riorges,42184,42153,Maison,300.0,650000.0,2166.67,2024-09-13
Riorges,42184,42153,Maison,300.0,650000.0,2166.67,2024-09-13
Roanne,42187,42300,Appartement,61.0,67000.0,1098.36,2024-09-13
Roanne,42187,42300,Appartement,62.0,83600.0,1348.39,2024-09-19
Roanne,42187,42300,Appartement,45.0,58900.0,1308.89,2024-09-10
Saint-André-d'Apchon,42199,42370,Maison,73.0,100000.0,1369.86,2024-09-06
Roanne,42187,42300,Appartement,110.0,198550.0,1805.0,2024-09-12
Saint-Just-la-Pendue,42249,42540,Maison,95.0,211150.0,2222.63,2024-09-18
Pouilly-sous-Charlieu,42177,42720,Maison,145.0,195250.0,1346.55,2024-08-29
Charlieu,42052,42190,Appartement,81.0,150000.0,1851.85,2024-09-19
Charlieu,42052,42190,Appartement,112.0,150000.0,1339.29,2024-09-19
Chandon,42048,42190,Maison,120.0,242700.0,2022.5,2024-09-10
Chandon,42048,42190,Maison,120.0,242700.0,2022.5,2024-09-10
Coutouvre,42074,42460,Maison,41.0,37000.0,902.44,2024-08-26
Saint-André-d'Apchon,42199,42370,Maison,45.0,45000.0,1000.0,2024-09-17
Saint-Nizier-sous-Charlieu,42267,42190,Maison,99.0,140000.0,1414.14,2024-08-30
Roanne,42187,42300,Appartement,58.0,60000.0,1034.48,2024-09-04
Mably,42127,42300,Maison,75.0,136175.0,1815.67,2024-09-20
Roanne,42187,42300,Appartement,138.0,210000.0,1521.74,2024-09-23
Chandon,42048,42190,Maison,99.0,142000.0,1434.34,2024-08-29
Chandon,42048,42190,Maison,70.0,86000.0,1228.57,2024-09-06
Changy,42049,42310,Maison,160.0,209000.0,1306.25,2024-09-20
Saint-Cyr-de-Favières,42212,42123,Maison,200.0,351600.0,1758.0,2024-09-09
Commelle-Vernay,42069,42120,Maison,105.0,180420.0,1718.29,2024-09-20
Ouches,42162,42155,Maison,118.0,264000.0,2237.29,2024-09-20
Ouches,42162,42155,Maison,118.0,264000.0,2237.29,2024-09-20
Commelle-Vernay,42069,42120,Maison,108.0,243300.0,2252.78,2024-09-20
Commelle-Vernay,42069,42120,Maison,108.0,243300.0,2252.78,2024-09-20
Le Coteau,42071,42120,Appartement,38.0,94000.0,2473.68,2024-09-13
Roanne,42187,42300,Appartement,56.0,66500.0,1187.5,2024-09-19
Roanne,42187,42300,Appartement,56.0,66500.0,1187.5,2024-09-19
Les Noës,42158,42370,Maison,65.0,14000.0,215.38,2024-09-20
Riorges,42184,42153,Maison,80.0,160000.0,2000.0,2024-09-18
Roanne,42187,42300,Appartement,52.0,128000.0,2461.54,2024-09-16
Roanne,42187,42300,Appartement,92.0,218000.0,2369.57,2024-09-19
Roanne,42187,42300,Appartement,66.0,83600.0,1266.67,2024-09-20
Roanne,42187,42300,Appartement,88.0,114000.0,1295.45,2024-09-26
Grézolles,42106,42260,Maison,76.0,45000.0,592.11,2024-08-30
Saint-Just-la-Pendue,42249,42540,Maison,85.0,65000.0,764.71,2024-09-24
Riorges,42184,42153,Appartement,56.0,124070.0,2215.54,2024-09-23
Roanne,42187,42300,Appartement,83.0,103000.0,1240.96,2024-09-24
La Bénisson-Dieu,42016,42720,Maison,58.0,80750.0,1392.24,2024-09-23
Riorges,42184,42153,Appartement,49.0,65000.0,1326.53,2024-09-23
Violay,42334,42780,Maison,85.0,133000.0,1564.71,2024-09-10
Roanne,42187,42300,Appartement,46.0,32000.0,695.65,2024-09-23
Mably,42127,42300,Maison,70.0,139000.0,1985.71,2024-09-23
Roanne,42187,42300,Maison,77.0,89000.0,1155.84,2024-09-17
Pouilly-sous-Charlieu,42177,42720,Appartement,72.0,75050.0,1042.36,2024-09-13
Roanne,42187,42300,Appartement,89.0,117000.0,1314.61,2024-09-05
Mably,42127,42300,Maison,82.0,166000.0,2024.39,2024-09-16
Roanne,42187,42300,Maison,112.0,128500.0,1147.32,2024-09-25
Roanne,42187,42300,Appartement,49.0,72000.0,1469.39,2024-09-27
Roanne,42187,42300,Appartement,30.0,54150.0,1805.0,2024-09-20
Roanne,42187,42300,Maison,84.0,185000.0,2202.38,2024-09-25
Roanne,42187,42300,Maison,126.0,249339.67,1978.89,2024-09-06
Saint-André-d'Apchon,42199,42370,Maison,95.0,158000.0,1663.16,2024-09-25
Riorges,42184,42153,Appartement,44.0,38000.0,863.64,2024-09-25
Roanne,42187,42300,Maison,100.0,143500.0,1435.0,2024-09-18
Riorges,42184,42153,Maison,109.0,194750.0,1786.7,2024-09-24
Roanne,42187,42300,Maison,100.0,200700.0,2007.0,2024-09-26
Saint-Just-la-Pendue,42249,42540,Maison,90.0,247900.0,2754.44,2024-09-26
Saint-Symphorien-de-Lay,42289,42470,Appartement,77.0,88300.0,1146.75,2024-09-26
Roanne,42187,42300,Appartement,72.0,79000.0,1097.22,2024-09-26
Villerest,42332,42300,Maison,117.0,148000.0,1264.96,2024-09-25
Le Coteau,42071,42120,Appartement,40.0,162500.0,4062.5,2024-09-23
Le Coteau,42071,42120,Appartement,92.0,162500.0,1766.3,2024-09-23
Le Coteau,42071,42120,Appartement,65.0,162500.0,2500.0,2024-09-23
Le Coteau,42071,42120,Appartement,57.0,162500.0,2850.88,2024-09-23
Saint-Germain-Lespinasse,42231,42640,Maison,151.0,330000.0,2185.43,2024-09-05
Saint-Germain-Lespinasse,42231,42640,Maison,332.0,330000.0,993.98,2024-09-05
Saint-Germain-Lespinasse,42231,42640,Maison,151.0,330000.0,2185.43,2024-09-05
Saint-Germain-Lespinasse,42231,42640,Maison,332.0,330000.0,993.98,2024-09-05
Saint-Germain-Lespinasse,42231,42640,Maison,151.0,330000.0,2185.43,2024-09-05
Saint-Germain-Lespinasse,42231,42640,Maison,332.0,330000.0,993.98,2024-09-05
Saint-Marcel-d'Urfé,42255,42430,Maison,92.0,139000.0,1510.87,2024-09-27
Sainte-Colombe-sur-Gand,42209,42540,Maison,103.0,85000.0,825.24,2024-09-19
Roanne,42187,42300,Maison,65.0,66000.0,1015.38,2024-09-19
Riorges,42184,42153,Appartement,40.0,58000.0,1450.0,2024-09-16
Villerest,42332,42300,Maison,116.0,222000.0,1913.79,2024-09-25
Villerest,42332,42300,Maison,116.0,222000.0,1913.79,2024-09-25
Roanne,42187,42300,Appartement,55.0,86500.0,1572.73,2024-09-27
Juré,42116,42430,Maison,168.0,324350.0,1930.65,2024-09-23
Juré,42116,42430,Maison,25.0,324350.0,12974.0,2024-09-23
Saint-Germain-Laval,42230,42260,Maison,67.0,98000.0,1462.69,2024-09-23
Riorges,42184,42153,Appartement,68.0,110000.0,1617.65,2024-09-19
Roanne,42187,42300,Appartement,26.0,38000.0,1461.54,2024-09-24
Saint-Bonnet-des-Quarts,42203,42310,Maison,90.0,15000.0,166.67,2024-09-27
Écoche,42086,42670,Maison,124.0,124000.0,1000.0,2024-09-30
Écoche,42086,42670,Maison,124.0,124000.0,1000.0,2024-09-30
Roanne,42187,42300,Appartement,84.0,167000.0,1988.1,2024-09-17
Roanne,42187,42300,Appartement,44.0,65000.0,1477.27,2024-09-26
Roanne,42187,42300,Maison,54.0,147000.0,2722.22,2024-09-10
Roanne,42187,42300,Appartement,46.0,59500.0,1293.48,2024-09-27
Roanne,42187,42300,Appartement,102.0,400000.0,3921.57,2024-09-19
Roanne,42187,42300,Appartement,102.0,400000.0,3921.57,2024-09-19
Roanne,42187,42300,Appartement,102.0,400000.0,3921.57,2024-09-19
Roanne,42187,42300,Appartement,120.0,400000.0,3333.33,2024-09-19
Roanne,42187,42300,Appartement,42.0,47000.0,1119.05,2024-09-10
Roanne,42187,42300,Appartement,73.0,71250.0,976.03,2024-09-30
Neaux,42153,42470,Appartement,103.0,206500.0,2004.85,2024-09-09
Neaux,42153,42470,Appartement,138.0,206500.0,1496.38,2024-09-09
Pouilly-sous-Charlieu,42177,42720,Maison,70.0,130000.0,1857.14,2024-10-01
Briennon,42026,42720,Maison,89.0,170000.0,1910.11,2024-09-18
Briennon,42026,42720,Maison,89.0,170000.0,1910.11,2024-09-18
Belmont-de-la-Loire,42015,42670,Appartement,80.0,90000.0,1125.0,2024-09-18
Belmont-de-la-Loire,42015,42670,Appartement,60.0,90000.0,1500.0,2024-09-18
Riorges,42184,42153,Maison,114.0,75000.0,657.89,2024-09-20
Riorges,42184,42153,Maison,36.0,75000.0,2083.33,2024-09-20
Roanne,42187,42300,Appartement,80.0,96000.0,1200.0,2024-09-26
Coutouvre,42074,42460,Maison,80.0,135000.0,1687.5,2024-09-25
Pouilly-les-Nonains,42176,42155,Maison,91.0,200000.0,2197.8,2024-09-18
Roanne,42187,42300,Appartement,84.0,40200.0,478.57,2024-10-02
Noailly,42157,42640,Maison,85.0,58400.0,687.06,2024-09-18
Souternon,42303,42260,Maison,124.0,200000.0,1612.9,2024-09-25
Souternon,42303,42260,Maison,124.0,200000.0,1612.9,2024-09-25
Chirassimont,42063,42114,Maison,60.0,45000.0,750.0,2024-09-24
Riorges,42184,42153,Maison,101.0,241000.0,2386.14,2024-09-27
Roanne,42187,42300,Appartement,70.0,118750.0,1696.43,2024-09-23
Saint-Just-la-Pendue,42249,42540,Appartement,79.0,50000.0,632.91,2024-10-03
Balbigny,42011,42510,Maison,66.0,155000.0,2348.48,2024-09-25
Balbigny,42011,42510,Maison,66.0,155000.0,2348.48,2024-09-25
Bussières,42029,42510,Maison,90.0,135000.0,1500.0,2024-09-26
Saint-Marcel-de-Félines,42254,42122,Maison,145.0,218000.0,1503.45,2024-09-26
Saint-Marcel-de-Félines,42254,42122,Maison,145.0,218000.0,1503.45,2024-09-26
Bussières,42029,42510,Maison,41.0,75000.0,1829.27,2024-09-30
Belmont-de-la-Loire,42015,42670,Maison,126.0,90000.0,714.29,2024-10-03
Roanne,42187,42300,Appartement,63.0,84840.0,1346.67,2024-09-28
Renaison,42182,42370,Maison,85.0,250000.0,2941.18,2024-09-30
Roanne,42187,42300,Appartement,23.0,407500.0,17717.39,2024-09-30
Roanne,42187,42300,Appartement,20.0,407500.0,20375.0,2024-09-30
Roanne,42187,42300,Appartement,24.0,407500.0,16979.17,2024-09-30
Roanne,42187,42300,Appartement,31.0,407500.0,13145.16,2024-09-30
Roanne,42187,42300,Appartement,26.0,407500.0,15673.08,2024-09-30
Roanne,42187,42300,Appartement,27.0,407500.0,15092.59,2024-09-30
Roanne,42187,42300,Appartement,24.0,407500.0,16979.17,2024-09-30
Roanne,42187,42300,Appartement,21.0,407500.0,19404.76,2024-09-30
Saint-Vincent-de-Boisset,42294,42120,Maison,90.0,132000.0,1466.67,2024-09-28
Bussières,42029,42510,Maison,60.0,90000.0,1500.0,2024-09-26
Bussières,42029,42510,Maison,112.0,90000.0,803.57,2024-09-26
Bussières,42029,42510,Maison,78.0,90000.0,1153.85,2024-09-26
Roanne,42187,42300,Maison,82.0,114968.0,1402.05,2024-10-04
Néronde,42154,42510,Appartement,50.0,71000.0,1420.0,2024-10-03
Roanne,42187,42300,Appartement,52.0,80000.0,1538.46,2024-10-01
Roanne,42187,42300,Maison,90.0,120000.0,1333.33,2024-10-04
Mably,42127,42300,Maison,150.0,285000.0,1900.0,2024-10-04
Roanne,42187,42300,Maison,93.0,190000.0,2043.01,2024-09-27
Roanne,42187,42300,Appartement,87.0,128000.0,1471.26,2024-10-02
Saint-Just-en-Chevalet,42248,42430,Maison,75.0,69000.0,920.0,2024-10-02
Roanne,42187,42300,Appartement,38.0,29000.0,763.16,2024-10-02
Roanne,42187,42300,Appartement,59.0,88000.0,1491.53,2024-10-02
Pouilly-les-Nonains,42176,42155,Maison,297.0,1420000.0,4781.14,2024-09-25
Pouilly-les-Nonains,42176,42155,Maison,297.0,1420000.0,4781.14,2024-09-25
Pouilly-les-Nonains,42176,42155,Maison,297.0,1420000.0,4781.14,2024-09-25
Pouilly-les-Nonains,42176,42155,Maison,82.0,1420000.0,17317.07,2024-09-25
Ambierle,42003,42820,Appartement,50.0,205000.0,4100.0,2024-09-24
Ambierle,42003,42820,Appartement,67.0,205000.0,3059.7,2024-09-24
Ambierle,42003,42820,Maison,155.0,205000.0,1322.58,2024-09-24
La Gresle,42104,42460,Appartement,32.0,25500.0,796.88,2024-10-04
La Gresle,42104,42460,Appartement,42.0,25500.0,607.14,2024-10-04
La Gresle,42104,42460,Appartement,18.0,25500.0,1416.67,2024-10-04
Cuinzier,42079,42460,Maison,120.0,123800.0,1031.67,2024-10-07
Saint-André-d'Apchon,42199,42370,Maison,71.0,185000.0,2605.63,2024-10-07
Saint-André-d'Apchon,42199,42370,Maison,71.0,185000.0,2605.63,2024-10-07
Roanne,42187,42300,Appartement,91.0,114000.0,1252.75,2024-10-04
Roanne,42187,42300,Appartement,41.0,43000.0,1048.78,2024-10-04
Roanne,42187,42300,Appartement,44.0,148000.0,3363.64,2024-10-04
Roanne,42187,42300,Appartement,30.0,148000.0,4933.33,2024-10-04
Roanne,42187,42300,Appartement,33.0,148000.0,4484.85,2024-10-04
Roanne,42187,42300,Appartement,29.0,148000.0,5103.45,2024-10-04
Saint-Denis-de-Cabanne,42215,42750,Maison,74.0,154000.0,2081.08,2024-09-30
Saint-Denis-de-Cabanne,42215,42750,Maison,74.0,154000.0,2081.08,2024-09-30
Riorges,42184,42153,Appartement,49.0,109500.0,2234.69,2024-09-30
Saint-Germain-Lespinasse,42231,42640,Maison,120.0,203000.0,1691.67,2024-09-20
Le Coteau,42071,42120,Appartement,47.0,65000.0,1382.98,2024-10-03
Roanne,42187,42300,Appartement,60.0,80000.0,1333.33,2024-09-30
Roanne,42187,42300,Appartement,53.0,80000.0,1509.43,2024-09-30
Saint-Romain-la-Motte,42284,42640,Maison,89.0,220000.0,2471.91,2024-10-03
Saint-Romain-la-Motte,42284,42640,Maison,89.0,220000.0,2471.91,2024-10-03
Saint-Romain-la-Motte,42284,42640,Maison,89.0,220000.0,2471.91,2024-10-03
Roanne,42187,42300,Maison,292.0,242060.0,828.97,2024-09-30
Commelle-Vernay,42069,42120,Maison,150.0,370000.0,2466.67,2024-09-11
Commelle-Vernay,42069,42120,Maison,150.0,370000.0,2466.67,2024-09-11
Mably,42127,42300,Maison,67.0,132000.0,1970.15,2024-09-18
Roanne,42187,42300,Appartement,77.0,167000.0,2168.83,2024-09-13
Riorges,42184,42153,Appartement,110.0,150000.0,1363.64,2024-09-19
Riorges,42184,42153,Appartement,138.0,150000.0,1086.96,2024-09-19
Roanne,42187,42300,Maison,85.0,170000.0,2000.0,2024-09-26
Le Coteau,42071,42120,Maison,89.0,149200.0,1676.4,2024-09-27
Le Coteau,42071,42120,Maison,89.0,149200.0,1676.4,2024-09-27
Saint-Haon-le-Vieux,42233,42370,Maison,70.0,281700.0,4024.29,2024-09-23
Saint-Haon-le-Vieux,42233,42370,Maison,19.0,281700.0,14826.32,2024-09-23
Commelle-Vernay,42069,42120,Maison,106.0,163000.0,1537.74,2024-09-23
Roanne,42187,42300,Maison,90.0,167000.0,1855.56,2024-10-03
Roanne,42187,42300,Appartement,63.0,69620.0,1105.08,2024-10-08
Saint-Symphorien-de-Lay,42289,42470,Maison,93.0,167300.0,1798.92,2024-10-08
Saint-Symphorien-de-Lay,42289,42470,Maison,93.0,167300.0,1798.92,2024-10-08
Commelle-Vernay,42069,42120,Maison,102.0,258000.0,2529.41,2024-10-09
Commelle-Vernay,42069,42120,Maison,102.0,258000.0,2529.41,2024-10-09
Riorges,42184,42153,Appartement,56.0,45000.0,803.57,2024-10-09
Vivans,42337,42310,Maison,51.0,99000.0,1941.18,2024-10-01
Bussières,42029,42510,Maison,122.0,130000.0,1065.57,2024-10-03
Roanne,42187,42300,Appartement,83.0,30000.0,361.45,2024-10-04
Roanne,42187,42300,Appartement,48.0,84400.0,1758.33,2024-10-09
Roanne,42187,42300,Appartement,83.0,240000.0,2891.57,2024-10-09
Roanne,42187,42300,Appartement,76.0,240000.0,3157.89,2024-10-09
Riorges,42184,42153,Maison,145.0,264000.0,1820.69,2024-10-08
Riorges,42184,42153,Maison,145.0,264000.0,1820.69,2024-10-08
Jarnosse,42112,42460,Maison,98.0,135700.0,1384.69,2024-09-17
Combre,42068,42840,Maison,200.0,335000.0,1675.0,2024-10-07
Villerest,42332,42300,Maison,94.0,233900.0,2488.3,2024-10-07
Commelle-Vernay,42069,42120,Maison,88.0,170000.0,1931.82,2024-10-07
Cremeaux,42076,42260,Maison,60.0,54470.0,907.83,2024-10-10
Mars,42141,42750,Maison,120.0,201800.0,1681.67,2024-10-04
Riorges,42184,42153,Appartement,60.0,104500.0,1741.67,2024-10-08
Roanne,42187,42300,Appartement,55.0,83800.0,1523.64,2024-10-15
Roanne,42187,42300,Appartement,80.0,112000.0,1400.0,2024-10-08
Roanne,42187,42300,Maison,40.0,36000.0,900.0,2024-10-09
La Pacaudière,42163,42310,Maison,46.0,30000.0,652.17,2024-10-11
Croizet-sur-Gand,42077,42540,Maison,192.0,149000.0,776.04,2024-10-11
Renaison,42182,42370,Maison,77.0,109000.0,1415.58,2024-10-07
Roanne,42187,42300,Appartement,76.0,106000.0,1394.74,2024-10-04
La Gresle,42104,42460,Maison,60.0,45000.0,750.0,2024-10-09
Cordelle,42070,42123,Maison,129.0,226100.0,1752.71,2024-10-09
Cordelle,42070,42123,Maison,129.0,226100.0,1752.71,2024-10-09
Coutouvre,42074,42460,Maison,128.0,83000.0,648.44,2024-10-10
Roanne,42187,42300,Appartement,66.0,47400.0,718.18,2024-10-10
Juré,42116,42430,Maison,44.0,60000.0,1363.64,2024-10-03
Charlieu,42052,42190,Appartement,88.0,125000.0,1420.45,2024-09-11
Mably,42127,42300,Maison,88.0,149990.0,1704.43,2024-10-14
Cordelle,42070,42123,Maison,70.0,145000.0,2071.43,2024-10-15
Ambierle,42003,42820,Maison,50.0,190000.0,3800.0,2024-10-10
Roanne,42187,42300,Appartement,70.0,55000.0,785.71,2024-10-11
Mably,42127,42300,Maison,120.0,233600.0,1946.67,2024-10-14
Mably,42127,42300,Maison,120.0,233600.0,1946.67,2024-10-14
Riorges,42184,42153,Maison,100.0,222220.0,2222.2,2024-10-11
Riorges,42184,42153,Maison,100.0,222220.0,2222.2,2024-10-11
Roanne,42187,42300,Appartement,71.0,75250.0,1059.86,2024-10-15
Le Coteau,42071,42120,Maison,135.0,238000.0,1762.96,2024-09-19
Le Coteau,42071,42120,Maison,135.0,238000.0,1762.96,2024-09-19
Pouilly-sous-Charlieu,42177,42720,Appartement,33.0,32750.0,992.42,2024-10-02
Villemontais,42331,42155,Maison,99.0,156000.0,1575.76,2024-10-15
Villemontais,42331,42155,Maison,99.0,156000.0,1575.76,2024-10-15
Villerest,42332,42300,Maison,107.0,232750.0,2175.23,2024-10-15
Villerest,42332,42300,Maison,107.0,232750.0,2175.23,2024-10-15
Le Coteau,42071,42120,Appartement,60.0,75000.0,1250.0,2024-10-11
Notre-Dame-de-Boisset,42161,42120,Maison,125.0,334000.0,2672.0,2024-10-14
Notre-Dame-de-Boisset,42161,42120,Maison,125.0,334000.0,2672.0,2024-10-14
Écoche,42086,42670,Maison,114.0,134300.0,1178.07,2024-09-27
Belmont-de-la-Loire,42015,42670,Maison,70.0,70000.0,1000.0,2024-10-11
Mably,42127,42300,Maison,105.0,218960.0,2085.33,2024-10-11
Roanne,42187,42300,Appartement,81.0,80600.0,995.06,2024-10-11
Vougy,42338,42720,Maison,86.0,190400.0,2213.95,2024-10-18
Vougy,42338,42720,Maison,86.0,190400.0,2213.95,2024-10-18
Roanne,42187,42300,Appartement,68.0,82000.0,1205.88,2024-10-14
Roanne,42187,42300,Appartement,45.0,39670.0,881.56,2024-10-14
Roanne,42187,42300,Appartement,83.0,39670.0,477.95,2024-10-14
Pommiers,42173,42260,Maison,149.0,88000.0,590.6,2024-10-18
Bully,42027,42260,Maison,36.0,30000.0,833.33,2024-10-18
Souternon,42303,42260,Maison,38.0,50000.0,1315.79,2024-10-16
La Pacaudière,42163,42310,Maison,110.0,125000.0,1136.36,2024-10-16
La Pacaudière,42163,42310,Maison,177.0,125000.0,706.21,2024-10-16
Roanne,42187,42300,Appartement,36.0,39900.0,1108.33,2024-09-27
Roanne,42187,42300,Appartement,58.0,87325.0,1505.6,2024-10-16
Saint-Martin-d'Estréaux,42257,42620,Maison,90.0,170000.0,1888.89,2024-10-18
Saint-Martin-d'Estréaux,42257,42620,Maison,360.0,170000.0,472.22,2024-10-18
Combre,42068,42840,Maison,101.0,167300.0,1656.44,2024-10-12
Combre,42068,42840,Maison,101.0,167300.0,1656.44,2024-10-12
Combre,42068,42840,Maison,101.0,167300.0,1656.44,2024-10-12
Renaison,42182,42370,Maison,75.0,145230.0,1936.4,2024-10-14
La Tuilière,42314,42830,Maison,175.0,129000.0,737.14,2024-10-02
Cuinzier,42079,42460,Maison,113.0,117500.0,1039.82,2024-10-09
Roanne,42187,42300,Appartement,83.0,152000.0,1831.33,2024-10-14
Roanne,42187,42300,Appartement,55.0,65000.0,1181.82,2024-10-15
Villemontais,42331,42155,Maison,50.0,41500.0,830.0,2024-10-02
Saint-Marcel-d'Urfé,42255,42430,Maison,50.0,39000.0,780.0,2024-10-09
Roanne,42187,42300,Appartement,30.0,225000.0,7500.0,2024-10-08
Roanne,42187,42300,Appartement,43.0,225000.0,5232.56,2024-10-08
Roanne,42187,42300,Appartement,89.0,225000.0,2528.09,2024-10-08
Roanne,42187,42300,Appartement,54.0,225000.0,4166.67,2024-10-08
Roanne,42187,42300,Appartement,86.0,70200.0,816.28,2024-10-14
Roanne,42187,42300,Appartement,57.0,78500.0,1377.19,2024-10-17
Roanne,42187,42300,Maison,46.0,143000.0,3108.7,2024-10-18
Roanne,42187,42300,Maison,110.0,143000.0,1300.0,2024-10-18
Roanne,42187,42300,Appartement,60.0,175000.0,2916.67,2024-10-17
Roanne,42187,42300,Appartement,50.0,175000.0,3500.0,2024-10-17
Roanne,42187,42300,Appartement,63.0,175000.0,2777.78,2024-10-17
Riorges,42184,42153,Appartement,107.0,954000.0,8915.89,2024-10-22
Perreux,42170,42120,Maison,83.0,132000.0,1590.36,2024-10-17
Roanne,42187,42300,Appartement,17.0,57500.0,3382.35,2024-10-16
Mably,42127,42300,Maison,195.0,195000.0,1000.0,2024-10-16
Mably,42127,42300,Maison,195.0,195000.0,1000.0,2024-10-16
Balbigny,42011,42510,Maison,80.0,77000.0,962.5,2024-10-08
Machézal,42128,42114,Maison,237.0,255000.0,1075.95,2024-10-15
Saint-Nizier-sous-Charlieu,42267,42190,Maison,57.0,50000.0,877.19,2024-10-23
Saint-Nizier-sous-Charlieu,42267,42190,Maison,57.0,50000.0,877.19,2024-10-23
Pouilly-sous-Charlieu,42177,42720,Maison,98.0,217400.0,2218.37,2024-10-22
Pouilly-sous-Charlieu,42177,42720,Maison,137.0,207500.0,1514.6,2024-10-18
Régny,42181,42630,Appartement,56.0,37000.0,660.71,2024-10-03
Régny,42181,42630,Appartement,27.0,37000.0,1370.37,2024-10-03
Régny,42181,42630,Appartement,27.0,37000.0,1370.37,2024-10-03
Régny,42181,42630,Appartement,57.0,37000.0,649.12,2024-10-03
Pouilly-les-Nonains,42176,42155,Maison,118.0,250200.0,2120.34,2024-10-21
Neaux,42153,42470,Maison,92.0,246100.0,2675.0,2024-10-18
Neaux,42153,42470,Maison,92.0,246100.0,2675.0,2024-10-18
Neaux,42153,42470,Maison,92.0,246100.0,2675.0,2024-10-18
Roanne,42187,42300,Maison,107.0,156450.0,1462.15,2024-10-21
Roanne,42187,42300,Appartement,58.0,40000.0,689.66,2024-10-25
Roanne,42187,42300,Appartement,66.0,63400.0,960.61,2024-10-24
Vougy,42338,42720,Maison,99.0,149500.0,1510.1,2024-10-23
Roanne,42187,42300,Maison,97.0,116438.0,1200.39,2024-10-25
Le Coteau,42071,42120,Appartement,91.0,89700.0,985.71,2024-10-21
Roanne,42187,42300,Maison,68.0,285000.0,4191.18,2024-10-21
Saint-Just-la-Pendue,42249,42540,Maison,75.0,112000.0,1493.33,2024-10-15
Roanne,42187,42300,Appartement,137.0,270000.0,1970.8,2024-10-09
Roanne,42187,42300,Appartement,109.0,85000.0,779.82,2024-10-22
Cuinzier,42079,42460,Maison,77.0,120000.0,1558.44,2024-10-03
Renaison,42182,42370,Maison,60.0,64000.0,1066.67,2024-10-17
Saint-André-d'Apchon,42199,42370,Maison,70.0,80000.0,1142.86,2024-10-04
Roanne,42187,42300,Maison,63.0,161000.0,2555.56,2024-10-23
Balbigny,42011,42510,Maison,115.0,190000.0,1652.17,2024-10-11
Renaison,42182,42370,Maison,110.0,204000.0,1854.55,2024-10-28
Renaison,42182,42370,Maison,110.0,204000.0,1854.55,2024-10-28
Riorges,42184,42153,Appartement,60.0,105000.0,1750.0,2024-10-03
Renaison,42182,42370,Maison,135.0,295000.0,2185.19,2024-10-28
Le Coteau,42071,42120,Appartement,59.0,47500.0,805.08,2024-10-24
Villerest,42332,42300,Maison,116.0,343950.0,2965.09,2024-10-23
Villerest,42332,42300,Maison,116.0,343950.0,2965.09,2024-10-23
Pinay,42171,42590,Maison,70.0,89435.0,1277.64,2024-10-10
Bussières,42029,42510,Maison,54.0,120000.0,2222.22,2024-09-26
Riorges,42184,42153,Maison,86.0,159000.0,1848.84,2024-10-24
Le Coteau,42071,42120,Appartement,77.0,82500.0,1071.43,2024-10-24
Roanne,42187,42300,Maison,150.0,155000.0,1033.33,2024-10-14
Mably,42127,42300,Maison,70.0,151350.0,2162.14,2024-09-30
Roanne,42187,42300,Appartement,27.0,50000.0,1851.85,2024-10-15
Commelle-Vernay,42069,42120,Maison,91.0,225000.0,2472.53,2024-10-25
Commelle-Vernay,42069,42120,Maison,91.0,225000.0,2472.53,2024-10-25
Le Coteau,42071,42120,Appartement,72.0,155000.0,2152.78,2024-10-25
Roanne,42187,42300,Maison,115.0,145000.0,1260.87,2024-10-24
Charlieu,42052,42190,Maison,58.0,41940.0,723.1,2024-10-22
Roanne,42187,42300,Appartement,67.0,35000.0,522.39,2024-10-21
Roanne,42187,42300,Appartement,67.0,49600.0,740.3,2024-10-21
Saint-Nizier-sous-Charlieu,42267,42190,Maison,130.0,130000.0,1000.0,2024-10-25
Saint-Nizier-sous-Charlieu,42267,42190,Maison,130.0,130000.0,1000.0,2024-10-25
Roanne,42187,42300,Maison,122.0,155000.0,1270.49,2024-10-28
Roanne,42187,42300,Appartement,78.0,104500.0,1339.74,2024-10-24
Roanne,42187,42300,Maison,60.0,76000.0,1266.67,2024-10-22
Roanne,42187,42300,Appartement,53.0,32000.0,603.77,2024-10-30
Villerest,42332,42300,Maison,107.0,244900.0,2288.79,2024-10-28
Villerest,42332,42300,Maison,107.0,244900.0,2288.79,2024-10-28
Roanne,42187,42300,Appartement,68.0,86500.0,1272.06,2024-10-22
Roanne,42187,42300,Appartement,68.0,86500.0,1272.06,2024-10-22
Nollieux,42160,42260,Maison,94.0,201400.0,2142.55,2024-10-23
Nollieux,42160,42260,Maison,94.0,201400.0,2142.55,2024-10-23
Riorges,42184,42153,Maison,79.0,130000.0,1645.57,2024-10-04
Ambierle,42003,42820,Maison,52.0,35000.0,673.08,2024-10-21
Saint-Just-en-Chevalet,42248,42430,Maison,128.0,117000.0,914.06,2024-10-30
Riorges,42184,42153,Appartement,42.0,61800.0,1471.43,2024-10-29
Saint-Nizier-sous-Charlieu,42267,42190,Maison,74.0,110000.0,1486.49,2024-10-16
Le Coteau,42071,42120,Appartement,125.0,195000.0,1560.0,2024-10-29
Le Coteau,42071,42120,Appartement,68.0,195000.0,2867.65,2024-10-29
Nandax,42152,42720,Maison,140.0,337900.0,2413.57,2024-10-29
Nandax,42152,42720,Maison,140.0,337900.0,2413.57,2024-10-29
Riorges,42184,42153,Appartement,58.0,50000.0,862.07,2024-10-21
Riorges,42184,42153,Maison,120.0,147300.0,1227.5,2024-10-25
Roanne,42187,42300,Appartement,53.0,86580.0,1633.58,2024-10-30
Roanne,42187,42300,Maison,110.0,137750.0,1252.27,2024-10-18
Roanne,42187,42300,Appartement,46.0,70000.0,1521.74,2024-10-23
Saint-Jean-Saint-Maurice-sur-Loire,42239,42155,Maison,160.0,284900.0,1780.62,2024-10-29
Le Cergne,42033,42460,Maison,88.0,127000.0,1443.18,2024-11-05
Roanne,42187,42300,Appartement,74.0,82500.0,1114.86,2024-10-30
Mably,42127,42300,Maison,63.0,137280.0,2179.05,2024-10-18
Roanne,42187,42300,Maison,70.0,85000.0,1214.29,2024-10-09
Charlieu,42052,42190,Appartement,80.0,50000.0,625.0,2024-10-28
Commelle-Vernay,42069,42120,Maison,88.0,187000.0,2125.0,2024-10-28
Roanne,42187,42300,Appartement,30.0,38000.0,1266.67,2024-10-28
La Pacaudière,42163,42310,Maison,59.0,110000.0,1864.41,2024-11-05
Roanne,42187,42300,Appartement,53.0,50000.0,943.4,2024-10-29
Roanne,42187,42300,Appartement,16.0,36640.0,2290.0,2024-11-05
Riorges,42184,42153,Maison,80.0,182000.0,2275.0,2024-10-22
Roanne,42187,42300,Appartement,63.0,61000.0,968.25,2024-10-23
Saint-Romain-la-Motte,42284,42640,Maison,112.0,160000.0,1428.57,2024-11-05
Saint-Nizier-sous-Charlieu,42267,42190,Maison,100.0,200700.0,2007.0,2024-11-04
La Bénisson-Dieu,42016,42720,Maison,125.0,130000.0,1040.0,2024-10-31
Riorges,42184,42153,Maison,105.0,177000.0,1685.71,2024-10-31
Roanne,42187,42300,Maison,96.0,175700.0,1830.21,2024-10-30
Charlieu,42052,42190,Appartement,62.0,88500.0,1427.42,2024-10-10
Perreux,42170,42120,Maison,100.0,189500.0,1895.0,2024-10-31
Roanne,42187,42300,Appartement,75.0,110000.0,1466.67,2024-10-18
Riorges,42184,42153,Appartement,59.0,57000.0,966.1,2024-10-29
Fourneaux,42098,42470,Maison,188.0,279000.0,1484.04,2024-10-22
Roanne,42187,42300,Appartement,70.0,83000.0,1185.71,2024-10-23
Bussières,42029,42510,Maison,85.0,154000.0,1811.76,2024-10-29
Bussières,42029,42510,Maison,85.0,154000.0,1811.76,2024-10-29
Ouches,42162,42155,Appartement,50.0,135000.0,2700.0,2024-10-17
Ouches,42162,42155,Appartement,90.0,135000.0,1500.0,2024-10-17
Briennon,42026,42720,Maison,39.0,110000.0,2820.51,2024-11-04
Roanne,42187,42300,Appartement,73.0,99700.0,1365.75,2024-11-06
Bussières,42029,42510,Maison,95.0,190700.0,2007.37,2024-10-29
Bussières,42029,42510,Maison,95.0,190700.0,2007.37,2024-10-29
Perreux,42170,42120,Appartement,45.0,218560.0,4856.89,2024-10-21
Perreux,42170,42120,Appartement,53.0,218560.0,4123.77,2024-10-21
Perreux,42170,42120,Appartement,48.0,218560.0,4553.33,2024-10-21
Perreux,42170,42120,Appartement,64.0,218560.0,3415.0,2024-10-21
Montagny,42145,42840,Maison,125.0,120000.0,960.0,2024-11-07
Le Coteau,42071,42120,Maison,143.0,253500.0,1772.73,2024-11-05
Roanne,42187,42300,Appartement,72.0,65133.0,904.62,2024-11-05
Roanne,42187,42300,Appartement,54.0,285000.0,5277.78,2024-11-05
Roanne,42187,42300,Appartement,35.0,285000.0,8142.86,2024-11-05
Roanne,42187,42300,Appartement,43.0,285000.0,6627.91,2024-11-05
Roanne,42187,42300,Appartement,42.0,285000.0,6785.71,2024-11-05
Roanne,42187,42300,Appartement,40.0,285000.0,7125.0,2024-11-05
Roanne,42187,42300,Appartement,60.0,78500.0,1308.33,2024-11-12
Roanne,42187,42300,Appartement,113.0,190000.0,1681.42,2024-11-08
Riorges,42184,42153,Appartement,42.0,57000.0,1357.14,2024-11-04
Roanne,42187,42300,Appartement,62.0,50000.0,806.45,2024-10-29
Roanne,42187,42300,Appartement,31.0,30000.0,967.74,2024-11-06
La Pacaudière,42163,42310,Maison,80.0,208600.0,2607.5,2024-11-06
Roanne,42187,42300,Appartement,34.0,45500.0,1338.24,2024-11-06
Roanne,42187,42300,Appartement,46.0,120000.0,2608.7,2024-11-06
Roanne,42187,42300,Appartement,46.0,120000.0,2608.7,2024-11-06
Roanne,42187,42300,Appartement,59.0,120000.0,2033.9,2024-11-06
Roanne,42187,42300,Appartement,59.0,120000.0,2033.9,2024-11-06
Roanne,42187,42300,Appartement,46.0,120000.0,2608.7,2024-11-06
Roanne,42187,42300,Appartement,53.0,40000.0,754.72,2024-11-07
Le Coteau,42071,42120,Appartement,92.0,110000.0,1195.65,2024-10-30
Riorges,42184,42153,Maison,74.0,250000.0,3378.38,2024-10-25
Riorges,42184,42153,Maison,140.0,250000.0,1785.71,2024-10-25
Roanne,42187,42300,Appartement,100.0,85000.0,850.0,2024-10-31
Saint-Just-la-Pendue,42249,42540,Maison,150.0,55000.0,366.67,2024-11-07
Mably,42127,42300,Maison,72.0,170000.0,2361.11,2024-10-22
Charlieu,42052,42190,Appartement,45.0,205000.0,4555.56,2024-10-31
Charlieu,42052,42190,Appartement,81.0,205000.0,2530.86,2024-10-31
Roanne,42187,42300,Appartement,28.0,47050.0,1680.36,2024-11-05
Saint-Denis-de-Cabanne,42215,42750,Maison,133.0,262500.0,1973.68,2024-10-29
Cremeaux,42076,42260,Maison,70.0,99000.0,1414.29,2024-11-07
Roanne,42187,42300,Maison,59.0,171000.0,2898.31,2024-10-31
Roanne,42187,42300,Appartement,76.0,235000.0,3092.11,2024-11-12
Roanne,42187,42300,Appartement,76.0,235000.0,3092.11,2024-11-12
Roanne,42187,42300,Appartement,47.0,235000.0,5000.0,2024-11-12
Roanne,42187,42300,Appartement,42.0,235000.0,5595.24,2024-11-12
Roanne,42187,42300,Appartement,87.0,235000.0,2701.15,2024-11-12
Saint-Martin-la-Sauveté,42260,42260,Maison,87.0,199000.0,2287.36,2024-11-08
Saint-Martin-la-Sauveté,42260,42260,Maison,87.0,199000.0,2287.36,2024-11-08
Belmont-de-la-Loire,42015,42670,Maison,87.0,155000.0,1781.61,2024-11-08
Belmont-de-la-Loire,42015,42670,Maison,87.0,155000.0,1781.61,2024-11-08
Saint-Priest-la-Prugne,42276,42830,Maison,66.0,50000.0,757.58,2024-11-12
Chandon,42048,42190,Maison,84.0,170000.0,2023.81,2024-10-18
Chandon,42048,42190,Maison,84.0,170000.0,2023.81,2024-10-18
Briennon,42026,42720,Maison,140.0,257780.0,1841.29,2024-11-14
Bussières,42029,42510,Maison,169.0,385000.0,2278.11,2024-10-28
Bussières,42029,42510,Maison,169.0,385000.0,2278.11,2024-10-28
Mably,42127,42300,Maison,118.0,210870.0,1787.03,2024-11-08
Mably,42127,42300,Maison,118.0,210870.0,1787.03,2024-11-08
Mably,42127,42300,Maison,104.0,199900.0,1922.12,2024-11-13
Saint-Marcel-d'Urfé,42255,42430,Maison,63.0,18000.0,285.71,2024-10-18
Saint-Romain-d'Urfé,42282,42430,Maison,258.0,155000.0,600.78,2024-11-13
Saint-Martin-d'Estréaux,42257,42620,Maison,97.0,110000.0,1134.02,2024-11-14
Roanne,42187,42300,Appartement,46.0,25700.0,558.7,2024-11-15
Mably,42127,42300,Maison,104.0,176700.0,1699.04,2024-11-14
Roanne,42187,42300,Maison,69.0,172400.0,2498.55,2024-10-18
Roanne,42187,42300,Appartement,65.0,85600.0,1316.92,2024-11-15
Le Coteau,42071,42120,Appartement,59.0,104600.0,1772.88,2024-11-13
Pommiers,42173,42260,Maison,155.0,47600.0,307.1,2024-11-04
Pommiers,42173,42260,Maison,155.0,47600.0,307.1,2024-11-04
Vendranges,42325,42590,Maison,112.0,128150.0,1144.2,2024-11-12
Mably,42127,42300,Maison,83.0,78850.0,950.0,2024-11-13
Roanne,42187,42300,Maison,350.0,650000.0,1857.14,2024-11-15
Roanne,42187,42300,Maison,350.0,650000.0,1857.14,2024-11-15
Vougy,42338,42720,Maison,101.0,252500.0,2500.0,2024-11-15
Mars,42141,42750,Maison,79.0,20000.0,253.16,2024-11-15
Saint-Denis-de-Cabanne,42215,42750,Maison,97.0,130000.0,1340.21,2024-11-18
Roanne,42187,42300,Appartement,107.0,75000.0,700.93,2024-11-08
Chandon,42048,42190,Maison,100.0,110000.0,1100.0,2024-11-15
Chandon,42048,42190,Maison,100.0,110000.0,1100.0,2024-11-15
Montagny,42145,42840,Maison,85.0,45000.0,529.41,2024-11-14
Montagny,42145,42840,Maison,60.0,45000.0,750.0,2024-11-14
Roanne,42187,42300,Appartement,73.0,117000.0,1602.74,2024-11-15
Le Coteau,42071,42120,Appartement,71.0,40000.0,563.38,2024-11-15
Saint-André-d'Apchon,42199,42370,Maison,155.0,296150.0,1910.65,2024-11-07
Saint-André-d'Apchon,42199,42370,Maison,155.0,296150.0,1910.65,2024-11-07
Roanne,42187,42300,Maison,105.0,228000.0,2171.43,2024-11-07
Le Coteau,42071,42120,Maison,135.0,80000.0,592.59,2024-11-06
Roanne,42187,42300,Appartement,54.0,92400.0,1711.11,2024-11-13
Belleroche,42014,42670,Maison,75.0,85000.0,1133.33,2024-11-12
Belleroche,42014,42670,Maison,75.0,85000.0,1133.33,2024-11-12
Saint-Germain-Laval,42230,42260,Maison,84.0,135900.0,1617.86,2024-11-19
Roanne,42187,42300,Appartement,61.0,250000.0,4098.36,2024-11-14
Roanne,42187,42300,Appartement,54.0,250000.0,4629.63,2024-11-14
Roanne,42187,42300,Appartement,31.0,250000.0,8064.52,2024-11-14
Roanne,42187,42300,Appartement,92.0,250000.0,2717.39,2024-11-14
Roanne,42187,42300,Appartement,54.0,250000.0,4629.63,2024-11-14
Commelle-Vernay,42069,42120,Maison,80.0,180500.0,2256.25,2024-11-15
Roanne,42187,42300,Maison,84.0,112700.0,1341.67,2024-11-15
Le Coteau,42071,42120,Appartement,65.0,63000.0,969.23,2024-11-07
Saint-Cyr-de-Favières,42212,42123,Appartement,99.0,94950.0,959.09,2024-11-18
Saint-Germain-la-Montagne,42229,42670,Maison,130.0,26906.25,206.97,2024-11-05
Villerest,42332,42300,Maison,147.0,416100.0,2830.61,2024-11-15
Roanne,42187,42300,Maison,82.0,138000.0,1682.93,2024-11-15
Roanne,42187,42300,Appartement,70.0,118250.0,1689.29,2024-11-15
Riorges,42184,42153,Appartement,57.0,150000.0,2631.58,2024-11-19
Roanne,42187,42300,Appartement,83.0,118500.0,1427.71,2024-11-15
Roanne,42187,42300,Appartement,66.0,75100.0,1137.88,2024-11-15
Roanne,42187,42300,Appartement,89.0,152000.0,1707.87,2024-09-27
Commelle-Vernay,42069,42120,Maison,118.0,210000.0,1779.66,2024-11-18
Roanne,42187,42300,Appartement,107.0,238400.0,2228.04,2024-11-13
Balbigny,42011,42510,Maison,121.0,179900.0,1486.78,2024-11-07
Roanne,42187,42300,Appartement,61.0,50000.0,819.67,2024-11-20
Riorges,42184,42153,Maison,230.0,700000.0,3043.48,2024-11-14
Riorges,42184,42153,Maison,230.0,700000.0,3043.48,2024-11-14
Riorges,42184,42153,Maison,74.0,149900.0,2025.68,2024-11-18
Riorges,42184,42153,Maison,138.0,200200.0,1450.72,2024-11-19
Roanne,42187,42300,Maison,70.0,188850.0,2697.86,2024-11-19
Saint-Victor-sur-Rhins,42293,42630,Maison,173.0,273000.0,1578.03,2024-11-18
Saint-Priest-la-Roche,42277,42590,Maison,60.0,148500.0,2475.0,2024-11-21
Saint-Georges-de-Baroille,42226,42510,Maison,60.0,180000.0,3000.0,2024-11-14
Roanne,42187,42300,Appartement,31.0,365000.0,11774.19,2024-11-15
Roanne,42187,42300,Appartement,92.0,365000.0,3967.39,2024-11-15
Roanne,42187,42300,Appartement,54.0,365000.0,6759.26,2024-11-15
Roanne,42187,42300,Appartement,61.0,365000.0,5983.61,2024-11-15
Roanne,42187,42300,Appartement,54.0,365000.0,6759.26,2024-11-15
Montagny,42145,42840,Maison,100.0,541390.0,5413.9,2024-11-15
La Pacaudière,42163,42310,Maison,119.0,222000.0,1865.55,2024-11-18
La Pacaudière,42163,42310,Maison,119.0,222000.0,1865.55,2024-11-18
Saint-Just-la-Pendue,42249,42540,Maison,134.0,145000.0,1082.09,2024-11-18
Roanne,42187,42300,Appartement,62.0,53000.0,854.84,2024-10-29
Roanne,42187,42300,Appartement,94.0,152000.0,1617.02,2024-11-19
Roanne,42187,42300,Appartement,95.0,92000.0,968.42,2024-11-21
Riorges,42184,42153,Maison,49.0,95500.0,1948.98,2024-11-20
Urbise,42317,42310,Maison,90.0,65000.0,722.22,2024-11-21
Cremeaux,42076,42260,Appartement,46.0,310000.0,6739.13,2024-11-12
Cremeaux,42076,42260,Appartement,62.0,310000.0,5000.0,2024-11-12
Cremeaux,42076,42260,Maison,115.0,310000.0,2695.65,2024-11-12
Cremeaux,42076,42260,Appartement,58.0,310000.0,5344.83,2024-11-12
Roanne,42187,42300,Appartement,64.0,900000.0,14062.5,2024-11-19
Roanne,42187,42300,Appartement,250.0,346170.0,1384.68,2024-11-15
Villerest,42332,42300,Maison,86.0,182450.0,2121.51,2024-11-18
Mably,42127,42300,Maison,67.0,135000.0,2014.93,2024-11-15
Mably,42127,42300,Maison,67.0,135000.0,2014.93,2024-11-15
Renaison,42182,42370,Maison,72.0,44000.0,611.11,2024-11-18
Riorges,42184,42153,Maison,74.0,121000.0,1635.14,2024-11-22
Roanne,42187,42300,Appartement,43.0,115301.0,2681.42,2024-10-29
Roanne,42187,42300,Appartement,53.0,115301.0,2175.49,2024-10-29
Saint-Nizier-sous-Charlieu,42267,42190,Maison,90.0,191990.0,2133.22,2024-11-22
Saint-Nizier-sous-Charlieu,42267,42190,Maison,90.0,191990.0,2133.22,2024-11-22
Le Coteau,42071,42120,Appartement,75.0,101800.0,1357.33,2024-11-25
Régny,42181,42630,Maison,103.0,37000.0,359.22,2024-09-04
Régny,42181,42630,Maison,100.0,37000.0,370.0,2024-09-04
La Pacaudière,42163,42310,Maison,89.0,85000.0,955.06,2024-11-22
Roanne,42187,42300,Appartement,68.0,36000.0,529.41,2024-09-04
Ouches,42162,42155,Maison,136.0,228000.0,1676.47,2024-11-25
Ouches,42162,42155,Maison,136.0,228000.0,1676.47,2024-11-25
Roanne,42187,42300,Appartement,59.0,27000.0,457.63,2024-11-21
Roanne,42187,42300,Maison,131.0,204500.0,1561.07,2024-11-25
Roanne,42187,42300,Maison,131.0,204500.0,1561.07,2024-11-25
Coutouvre,42074,42460,Maison,164.0,238000.0,1451.22,2024-11-26
Coutouvre,42074,42460,Maison,164.0,238000.0,1451.22,2024-11-26
Roanne,42187,42300,Appartement,50.0,101900.0,2038.0,2024-11-27
Saint-Victor-sur-Rhins,42293,42630,Maison,100.0,242000.0,2420.0,2024-11-27
Saint-Victor-sur-Rhins,42293,42630,Maison,100.0,242000.0,2420.0,2024-11-27
Souternon,42303,42260,Maison,169.0,215000.0,1272.19,2024-11-29
Souternon,42303,42260,Maison,169.0,215000.0,1272.19,2024-11-29
Urbise,42317,42310,Maison,102.0,155000.0,1519.61,2024-11-26
Urbise,42317,42310,Maison,102.0,155000.0,1519.61,2024-11-26
Renaison,42182,42370,Maison,87.0,180500.0,2074.71,2024-11-20
Bussières,42029,42510,Maison,70.0,83000.0,1185.71,2024-11-19
Bussières,42029,42510,Maison,125.0,83000.0,664.0,2024-11-19
La Gresle,42104,42460,Maison,99.0,212100.0,2142.42,2024-11-27
La Gresle,42104,42460,Maison,99.0,212100.0,2142.42,2024-11-27
La Gresle,42104,42460,Maison,99.0,212100.0,2142.42,2024-11-27
Roanne,42187,42300,Appartement,81.0,137000.0,1691.36,2024-11-27
Riorges,42184,42153,Maison,104.0,97750.0,939.9,2024-11-28
Riorges,42184,42153,Maison,104.0,97750.0,939.9,2024-11-28
Riorges,42184,42153,Maison,104.0,97750.0,939.9,2024-11-28
Balbigny,42011,42510,Maison,90.0,147000.0,1633.33,2024-11-20
Riorges,42184,42153,Maison,64.0,120000.0,1875.0,2024-11-27
Écoche,42086,42670,Maison,150.0,155000.0,1033.33,2024-11-06
Coutouvre,42074,42460,Maison,66.0,144000.0,2181.82,2024-11-08
Coutouvre,42074,42460,Maison,97.0,144000.0,1484.54,2024-11-08
Coutouvre,42074,42460,Maison,97.0,144000.0,1484.54,2024-11-08
Coutouvre,42074,42460,Maison,97.0,144000.0,1484.54,2024-11-08
Riorges,42184,42153,Maison,80.0,150000.0,1875.0,2024-11-28
Le Coteau,42071,42120,Appartement,75.0,93150.0,1242.0,2024-11-25
Ambierle,42003,42820,Maison,121.0,205000.0,1694.21,2024-12-02
Ambierle,42003,42820,Maison,121.0,205000.0,1694.21,2024-12-02
Parigny,42166,42120,Maison,125.0,233000.0,1864.0,2024-11-28
Parigny,42166,42120,Maison,125.0,233000.0,1864.0,2024-11-28
Villerest,42332,42300,Maison,111.0,290000.0,2612.61,2024-11-29
Roanne,42187,42300,Maison,127.0,330500.0,2602.36,2024-11-19
Saint-André-d'Apchon,42199,42370,Maison,105.0,132050.0,1257.62,2024-11-28
Le Coteau,42071,42120,Appartement,62.0,105000.0,1693.55,2024-11-29
Saint-André-d'Apchon,42199,42370,Maison,88.0,147400.0,1675.0,2024-11-29
Charlieu,42052,42190,Appartement,128.0,276000.0,2156.25,2024-12-03
Charlieu,42052,42190,Appartement,125.0,276000.0,2208.0,2024-12-03
Charlieu,42052,42190,Appartement,123.0,276000.0,2243.9,2024-12-03
Charlieu,42052,42190,Appartement,125.0,276000.0,2208.0,2024-12-03
Charlieu,42052,42190,Maison,165.0,184100.0,1115.76,2024-12-03
Chandon,42048,42190,Maison,119.0,241000.0,2025.21,2024-12-03
Roanne,42187,42300,Appartement,69.0,118740.0,1720.87,2024-11-29
Roanne,42187,42300,Maison,80.0,125200.0,1565.0,2024-11-27
Roanne,42187,42300,Appartement,31.0,41000.0,1322.58,2024-11-29
Roanne,42187,42300,Maison,188.0,180000.0,957.45,2024-11-29
Saint-Forgeux-Lespinasse,42220,42640,Maison,65.0,34000.0,523.08,2024-11-28
Saint-Forgeux-Lespinasse,42220,42640,Maison,65.0,34000.0,523.08,2024-11-28
Roanne,42187,42300,Appartement,58.0,75600.0,1303.45,2024-11-28
Saint-Denis-de-Cabanne,42215,42750,Maison,92.0,147250.0,1600.54,2024-12-05
Saint-Denis-de-Cabanne,42215,42750,Maison,81.0,57100.0,704.94,2024-12-04
Riorges,42184,42153,Appartement,69.0,116050.0,1681.88,2024-11-29
Roanne,42187,42300,Maison,49.0,100000.0,2040.82,2024-11-28
Roanne,42187,42300,Appartement,53.0,100000.0,1886.79,2024-11-28
Riorges,42184,42153,Maison,105.0,300800.0,2864.76,2024-11-28
Riorges,42184,42153,Maison,105.0,300800.0,2864.76,2024-11-28
Mars,42141,42750,Maison,113.0,83000.0,734.51,2024-12-05
Pommiers,42173,42260,Maison,60.0,114160.0,1902.67,2024-11-28
Mably,42127,42300,Maison,110.0,118700.0,1079.09,2024-12-02
Charlieu,42052,42190,Appartement,86.0,130500.0,1517.44,2024-11-29
La Gresle,42104,42460,Maison,63.0,75000.0,1190.48,2024-12-02
Saint-Germain-Lespinasse,42231,42640,Maison,86.0,62000.0,720.93,2024-12-02
Mably,42127,42300,Maison,81.0,182000.0,2246.91,2024-11-20
Sail-les-Bains,42194,42310,Maison,76.0,32000.0,421.05,2024-12-03
Saint-Polgues,42274,42260,Maison,132.0,120000.0,909.09,2024-12-06
La Pacaudière,42163,42310,Maison,104.0,140200.0,1348.08,2024-12-03
Bully,42027,42260,Maison,129.0,163000.0,1263.57,2024-12-03
Belmont-de-la-Loire,42015,42670,Appartement,90.0,78800.0,875.56,2024-12-09
Belmont-de-la-Loire,42015,42670,Appartement,20.0,78800.0,3940.0,2024-12-09
Villemontais,42331,42155,Appartement,45.0,65000.0,1444.44,2024-12-06
Saint-Denis-de-Cabanne,42215,42750,Appartement,35.0,101000.0,2885.71,2024-12-10
Saint-Denis-de-Cabanne,42215,42750,Maison,66.0,101000.0,1530.3,2024-12-10
Saint-Denis-de-Cabanne,42215,42750,Appartement,36.0,101000.0,2805.56,2024-12-10
Saint-Nizier-sous-Charlieu,42267,42190,Maison,92.0,145000.0,1576.09,2024-12-06
Villerest,42332,42300,Maison,117.0,264150.0,2257.69,2024-12-05
Villerest,42332,42300,Maison,117.0,264150.0,2257.69,2024-12-05
Roanne,42187,42300,Appartement,76.0,73000.0,960.53,2024-11-22
Saint-Jean-Saint-Maurice-sur-Loire,42239,42155,Maison,90.0,67500.0,750.0,2024-11-29
Roanne,42187,42300,Appartement,76.0,138800.0,1826.32,2024-12-06
Renaison,42182,42370,Maison,97.0,281000.0,2896.91,2024-12-02
Renaison,42182,42370,Maison,97.0,281000.0,2896.91,2024-12-02
Saint-Cyr-de-Favières,42212,42123,Maison,116.0,247750.0,2135.78,2024-11-29
Mably,42127,42300,Maison,76.0,194500.0,2559.21,2024-12-04
Montagny,42145,42840,Maison,94.0,72000.0,765.96,2024-12-04
Saint-Symphorien-de-Lay,42289,42470,Maison,180.0,225200.0,1251.11,2024-12-05
Roanne,42187,42300,Appartement,28.0,53500.0,1910.71,2024-11-15
Saint-Bonnet-des-Quarts,42203,42310,Maison,85.0,77820.0,915.53,2024-12-05
Coutouvre,42074,42460,Maison,70.0,143750.0,2053.57,2024-12-05
Riorges,42184,42153,Appartement,57.0,95000.0,1666.67,2024-12-05
Chausseterre,42339,42430,Maison,93.0,90000.0,967.74,2024-11-26
Roanne,42187,42300,Appartement,85.0,277000.0,3258.82,2024-12-04
Roanne,42187,42300,Appartement,27.0,38000.0,1407.41,2024-12-06
Chausseterre,42339,42430,Maison,160.0,30000.0,187.5,2024-12-06
Riorges,42184,42153,Appartement,89.0,141900.0,1594.38,2024-12-02
Riorges,42184,42153,Appartement,59.0,100000.0,1694.92,2024-11-29
Roanne,42187,42300,Appartement,104.0,6000.0,57.69,2024-12-05
Pouilly-les-Nonains,42176,42155,Maison,138.0,325000.0,2355.07,2024-12-06
Saint-Martin-d'Estréaux,42257,42620,Maison,70.0,65000.0,928.57,2024-12-03
Roanne,42187,42300,Maison,150.0,180500.0,1203.33,2024-11-28
Balbigny,42011,42510,Maison,68.0,105000.0,1544.12,2024-11-25
Balbigny,42011,42510,Maison,68.0,105000.0,1544.12,2024-11-25
Régny,42181,42630,Maison,56.0,41500.0,741.07,2024-12-10
Machézal,42128,42114,Maison,84.0,140000.0,1666.67,2024-12-09
Mably,42127,42300,Maison,87.0,157500.0,1810.34,2024-12-06
Roanne,42187,42300,Maison,51.0,126930.0,2488.82,2024-12-10
Pouilly-les-Nonains,42176,42155,Maison,90.0,107000.0,1188.89,2024-12-11
Le Coteau,42071,42120,Maison,81.0,179000.0,2209.88,2024-12-06
Pradines,42178,42630,Maison,97.0,130000.0,1340.21,2024-12-04
Pradines,42178,42630,Maison,97.0,130000.0,1340.21,2024-12-04
Riorges,42184,42153,Appartement,41.0,116850.0,2850.0,2024-12-10
Saint-Victor-sur-Rhins,42293,42630,Maison,109.0,245000.0,2247.71,2024-12-06
Saint-Victor-sur-Rhins,42293,42630,Maison,109.0,245000.0,2247.71,2024-12-06
Villemontais,42331,42155,Appartement,61.0,150000.0,2459.02,2024-12-11
Villemontais,42331,42155,Appartement,36.0,150000.0,4166.67,2024-12-11
Villemontais,42331,42155,Appartement,52.0,150000.0,2884.62,2024-12-11
Villemontais,42331,42155,Appartement,60.0,150000.0,2500.0,2024-12-11
Mably,42127,42300,Maison,73.0,160000.0,2191.78,2024-12-06
La Bénisson-Dieu,42016,42720,Appartement,43.0,150000.0,3488.37,2024-12-12
La Bénisson-Dieu,42016,42720,Appartement,150.0,150000.0,1000.0,2024-12-12
Roanne,42187,42300,Appartement,188.0,250000.0,1329.79,2024-11-20
Vougy,42338,42720,Maison,104.0,218780.0,2103.65,2024-11-29
Le Coteau,42071,42120,Appartement,97.0,134000.0,1381.44,2024-12-09
Roanne,42187,42300,Appartement,56.0,45000.0,803.57,2024-12-05
Roanne,42187,42300,Appartement,12.0,23000.0,1916.67,2024-12-06
Saint-Germain-Laval,42230,42260,Maison,64.0,23000.0,359.38,2024-12-12
Roanne,42187,42300,Maison,51.0,104000.0,2039.22,2024-11-27
La Pacaudière,42163,42310,Maison,72.0,88000.0,1222.22,2024-12-04
Le Coteau,42071,42120,Appartement,58.0,495000.0,8534.48,2024-11-29
Le Coteau,42071,42120,Appartement,44.0,495000.0,11250.0,2024-11-29
Le Coteau,42071,42120,Appartement,43.0,495000.0,11511.63,2024-11-29
Le Coteau,42071,42120,Appartement,47.0,495000.0,10531.91,2024-11-29
Le Coteau,42071,42120,Appartement,70.0,495000.0,7071.43,2024-11-29
Le Coteau,42071,42120,Appartement,34.0,495000.0,14558.82,2024-11-29
Le Coteau,42071,42120,Appartement,112.0,495000.0,4419.64,2024-11-29
Le Coteau,42071,42120,Appartement,37.0,495000.0,13378.38,2024-11-29
Coutouvre,42074,42460,Maison,95.0,141510.0,1489.58,2024-12-05
Perreux,42170,42120,Maison,88.0,115000.0,1306.82,2024-11-29
Riorges,42184,42153,Appartement,44.0,44500.0,1011.36,2024-12-05
Roanne,42187,42300,Appartement,101.0,121824.0,1206.18,2024-12-11
Changy,42049,42310,Maison,97.0,104000.0,1072.16,2024-12-04
Saint-Bonnet-des-Quarts,42203,42310,Maison,138.0,104500.0,757.25,2024-12-12
Roanne,42187,42300,Maison,55.0,116000.0,2109.09,2024-12-02
Roanne,42187,42300,Appartement,64.0,78000.0,1218.75,2024-11-29
Roanne,42187,42300,Appartement,71.0,76000.0,1070.42,2024-11-19
Renaison,42182,42370,Maison,92.0,256100.0,2783.7,2024-12-03
Saint-Romain-la-Motte,42284,42640,Appartement,105.0,200000.0,1904.76,2024-12-11
Saint-Romain-la-Motte,42284,42640,Appartement,100.0,200000.0,2000.0,2024-12-11
Saint-Romain-la-Motte,42284,42640,Appartement,105.0,200000.0,1904.76,2024-12-11
Saint-Romain-la-Motte,42284,42640,Appartement,100.0,200000.0,2000.0,2024-12-11
Néronde,42154,42510,Maison,80.0,8332.5,104.16,2024-11-26
Saint-Nizier-sous-Charlieu,42267,42190,Maison,88.0,196500.0,2232.95,2024-12-12
Charlieu,42052,42190,Appartement,125.0,105000.0,840.0,2024-12-10
Saint-Marcel-d'Urfé,42255,42430,Maison,80.0,80000.0,1000.0,2024-12-03
Pouilly-les-Nonains,42176,42155,Maison,63.0,130000.0,2063.49,2024-12-03
Arcinges,42007,42460,Maison,100.0,129000.0,1290.0,2024-11-28
Neaux,42153,42470,Appartement,180.0,201000.0,1116.67,2024-11-21
Roanne,42187,42300,Appartement,82.0,150800.0,1839.02,2024-12-13
Roanne,42187,42300,Maison,94.0,137025.0,1457.71,2024-12-09
Roanne,42187,42300,Maison,105.0,110000.0,1047.62,2024-12-05
Roanne,42187,42300,Maison,33.0,110000.0,3333.33,2024-12-05
Le Coteau,42071,42120,Maison,75.0,134000.0,1786.67,2024-12-13
Pouilly-les-Nonains,42176,42155,Maison,60.0,80000.0,1333.33,2024-12-17
Jarnosse,42112,42460,Maison,95.0,48000.0,505.26,2024-11-25
Roanne,42187,42300,Appartement,56.0,48800.0,871.43,2024-12-16
Renaison,42182,42370,Appartement,10.0,660000.0,66000.0,2024-12-13
Renaison,42182,42370,Appartement,73.0,660000.0,9041.1,2024-12-13
Renaison,42182,42370,Appartement,40.0,660000.0,16500.0,2024-12-13
Sevelinges,42300,42460,Maison,105.0,201700.0,1920.95,2024-11-29
Sevelinges,42300,42460,Maison,105.0,201700.0,1920.95,2024-11-29
Saint-Cyr-de-Favières,42212,42123,Maison,102.0,190000.0,1862.75,2024-12-17
Saint-Haon-le-Châtel,42232,42370,Maison,150.0,328000.0,2186.67,2024-12-17
Mars,42141,42750,Maison,75.0,28000.0,373.33,2024-12-09
La Pacaudière,42163,42310,Maison,85.0,236500.0,2782.35,2024-12-12
Roanne,42187,42300,Appartement,86.0,166750.0,1938.95,2024-12-11
Roanne,42187,42300,Appartement,102.0,182400.0,1788.24,2024-12-13
Renaison,42182,42370,Maison,82.0,299250.0,3649.39,2024-12-09
Commelle-Vernay,42069,42120,Maison,89.0,160600.0,1804.49,2024-12-13
Roanne,42187,42300,Maison,97.0,385290.0,3972.06,2024-12-11
Roanne,42187,42300,Appartement,72.0,65000.0,902.78,2024-12-09
Roanne,42187,42300,Appartement,72.0,58500.0,812.5,2024-12-11
Riorges,42184,42153,Appartement,64.0,87250.0,1363.28,2024-12-13
Vougy,42338,42720,Maison,104.0,185000.0,1778.85,2024-12-13
Vougy,42338,42720,Maison,104.0,185000.0,1778.85,2024-12-13
Vougy,42338,42720,Maison,104.0,185000.0,1778.85,2024-12-13
Charlieu,42052,42190,Appartement,123.0,110000.0,894.31,2024-12-12
Riorges,42184,42153,Maison,117.0,272000.0,2324.79,2024-12-13
Riorges,42184,42153,Maison,117.0,272000.0,2324.79,2024-12-13
Roanne,42187,42300,Appartement,101.0,101000.0,1000.0,2024-12-06
Roanne,42187,42300,Maison,65.0,167643.0,2579.12,2024-12-13
Cremeaux,42076,42260,Maison,66.0,125000.0,1893.94,2024-12-17
Saint-Cyr-de-Valorges,42213,42114,Maison,80.0,98000.0,1225.0,2024-12-17
Commelle-Vernay,42069,42120,Maison,130.0,309930.0,2384.08,2024-12-12
Violay,42334,42780,Maison,48.0,71250.0,1484.38,2024-12-10
Vézelin-sur-Loire,42268,42590,Maison,213.0,235530.0,1105.77,2024-12-06
Vézelin-sur-Loire,42268,42590,Maison,15.0,235530.0,15702.0,2024-12-06
Vézelin-sur-Loire,42268,42590,Maison,15.0,235530.0,15702.0,2024-12-06
Saint-Symphorien-de-Lay,42289,42470,Maison,93.0,116000.0,1247.31,2024-12-16
Riorges,42184,42153,Appartement,54.0,105000.0,1944.44,2024-12-16
Le Coteau,42071,42120,Appartement,56.0,70000.0,1250.0,2024-12-13
Roanne,42187,42300,Appartement,56.0,89000.0,1589.29,2024-12-13
Renaison,42182,42370,Maison,120.0,120000.0,1000.0,2024-12-16
Renaison,42182,42370,Maison,120.0,120000.0,1000.0,2024-12-16
Riorges,42184,42153,Maison,65.0,149000.0,2292.31,2024-12-16
Neaux,42153,42470,Maison,116.0,188900.0,1628.45,2024-12-17
Neaux,42153,42470,Maison,116.0,188900.0,1628.45,2024-12-17
Riorges,42184,42153,Maison,141.0,296000.0,2099.29,2024-12-12
Riorges,42184,42153,Maison,141.0,296000.0,2099.29,2024-12-12
Saint-Rirand,42281,42370,Maison,38.0,36000.0,947.37,2024-12-16
Roanne,42187,42300,Appartement,30.0,105000.0,3500.0,2024-12-17
Roanne,42187,42300,Appartement,35.0,105000.0,3000.0,2024-12-17
Roanne,42187,42300,Appartement,27.0,105000.0,3888.89,2024-12-17
Roanne,42187,42300,Appartement,34.0,105000.0,3088.24,2024-12-17
Roanne,42187,42300,Appartement,29.0,105000.0,3620.69,2024-12-17
Roanne,42187,42300,Appartement,109.0,105000.0,963.3,2024-12-17
Roanne,42187,42300,Appartement,49.0,47200.0,963.27,2024-12-17
Balbigny,42011,42510,Appartement,92.0,81000.0,880.43,2024-12-12
Renaison,42182,42370,Appartement,115.0,160000.0,1391.3,2024-12-17
Renaison,42182,42370,Appartement,100.0,160000.0,1600.0,2024-12-17
Riorges,42184,42153,Appartement,70.0,64000.0,914.29,2024-12-13
Pouilly-sous-Charlieu,42177,42720,Maison,110.0,75000.0,681.82,2024-12-17
Roanne,42187,42300,Appartement,58.0,85000.0,1465.52,2024-12-17
Roanne,42187,42300,Appartement,90.0,160000.0,1777.78,2024-12-13
Roanne,42187,42300,Appartement,30.0,160000.0,5333.33,2024-12-13
Roanne,42187,42300,Appartement,20.0,160000.0,8000.0,2024-12-13
Roanne,42187,42300,Appartement,60.0,70650.0,1177.5,2024-12-17
Roanne,42187,42300,Appartement,65.0,69500.0,1069.23,2024-12-17
Villerest,42332,42300,Maison,145.0,354120.0,2442.21,2024-12-18
Juré,42116,42430,Maison,30.0,69555.0,2318.5,2024-12-18
Juré,42116,42430,Maison,55.0,69555.0,1264.64,2024-12-18
Roanne,42187,42300,Maison,69.0,65000.0,942.03,2024-12-19
Saint-Nizier-sous-Charlieu,42267,42190,Maison,140.0,230550.0,1646.79,2024-12-19
Saint-Nizier-sous-Charlieu,42267,42190,Maison,140.0,230550.0,1646.79,2024-12-19
Renaison,42182,42370,Maison,140.0,90000.0,642.86,2024-12-20
Belleroche,42014,42670,Maison,96.0,132000.0,1375.0,2024-12-18
Belleroche,42014,42670,Maison,96.0,132000.0,1375.0,2024-12-18
Roanne,42187,42300,Appartement,38.0,447000.0,11763.16,2024-12-18
Roanne,42187,42300,Appartement,47.0,447000.0,9510.64,2024-12-18
Roanne,42187,42300,Appartement,72.0,447000.0,6208.33,2024-12-18
Roanne,42187,42300,Appartement,48.0,447000.0,9312.5,2024-12-18
Roanne,42187,42300,Appartement,120.0,447000.0,3725.0,2024-12-18
Roanne,42187,42300,Appartement,71.0,447000.0,6295.77,2024-12-18
Roanne,42187,42300,Appartement,47.0,447000.0,9510.64,2024-12-18
Riorges,42184,42153,Appartement,31.0,57000.0,1838.71,2024-12-19
Renaison,42182,42370,Maison,87.0,165000.0,1896.55,2024-12-18
Renaison,42182,42370,Maison,131.0,165000.0,1259.54,2024-12-18
Régny,42181,42630,Maison,105.0,156000.0,1485.71,2024-12-20
Arcinges,42007,42460,Maison,78.0,65000.0,833.33,2024-12-17
Riorges,42184,42153,Maison,84.0,118000.0,1404.76,2024-12-20
Riorges,42184,42153,Maison,84.0,90000.0,1071.43,2024-12-20
Roanne,42187,42300,Appartement,62.0,124000.0,2000.0,2024-12-23
Renaison,42182,42370,Maison,71.0,102850.0,1448.59,2024-12-23
Riorges,42184,42153,Maison,61.0,150000.0,2459.02,2024-12-20
Régny,42181,42630,Maison,68.0,70000.0,1029.41,2024-12-26
Violay,42334,42780,Maison,60.0,51000.0,850.0,2024-12-17
Violay,42334,42780,Maison,60.0,51000.0,850.0,2024-12-17
Roanne,42187,42300,Appartement,62.0,94200.0,1519.35,2024-12-26
Roanne,42187,42300,Appartement,62.0,94200.0,1519.35,2024-12-26
Roanne,42187,42300,Appartement,79.0,94200.0,1192.41,2024-12-26
Roanne,42187,42300,Appartement,96.0,94200.0,981.25,2024-12-26
Roanne,42187,42300,Appartement,70.0,221650.0,3166.43,2024-12-18
Roanne,42187,42300,Appartement,120.0,221650.0,1847.08,2024-12-18
Saint-Vincent-de-Boisset,42294,42120,Maison,124.0,296020.0,2387.26,2024-12-20
Saint-Vincent-de-Boisset,42294,42120,Maison,124.0,296020.0,2387.26,2024-12-20
Saint-Vincent-de-Boisset,42294,42120,Maison,124.0,296020.0,2387.26,2024-12-20
Villerest,42332,42300,Appartement,56.0,55650.0,993.75,2024-12-23
Neulise,42156,42590,Maison,120.0,192220.0,1601.83,2024-12-19
Roanne,42187,42300,Appartement,73.0,55000.0,753.42,2024-12-26
Cordelle,42070,42123,Maison,90.0,225000.0,2500.0,2024-12-27
Cordelle,42070,42123,Maison,90.0,225000.0,2500.0,2024-12-27
Roanne,42187,42300,Maison,96.0,102800.0,1070.83,2024-12-27
Saint-Cyr-de-Favières,42212,42123,Maison,94.0,200000.0,2127.66,2024-12-27
Saint-Cyr-de-Favières,42212,42123,Maison,94.0,200000.0,2127.66,2024-12-27
Saint-Léger-sur-Roanne,42253,42155,Maison,95.0,140000.0,1473.68,2024-12-19
Le Cergne,42033,42460,Appartement,61.0,70000.0,1147.54,2024-12-19
Roanne,42187,42300,Maison,100.0,160000.0,1600.0,2024-12-20
Roanne,42187,42300,Maison,35.0,165200.0,4720.0,2024-12-19
Roanne,42187,42300,Maison,76.0,165200.0,2173.68,2024-12-19
Roanne,42187,42300,Appartement,27.0,400000.0,14814.81,2024-12-26
Roanne,42187,42300,Appartement,171.0,400000.0,2339.18,2024-12-26
Roanne,42187,42300,Appartement,27.0,400000.0,14814.81,2024-12-26
Roanne,42187,42300,Appartement,61.0,400000.0,6557.38,2024-12-26
Roanne,42187,42300,Appartement,27.0,400000.0,14814.81,2024-12-26
Roanne,42187,42300,Appartement,65.0,400000.0,6153.85,2024-12-26
Roanne,42187,42300,Appartement,30.0,400000.0,13333.33,2024-12-26
Roanne,42187,42300,Appartement,69.0,125460.0,1818.26,2024-12-30
Saint-Victor-sur-Rhins,42293,42630,Appartement,45.0,275964.25,6132.54,2024-12-31
Saint-Victor-sur-Rhins,42293,42630,Appartement,61.0,275964.25,4524.0,2024-12-31
Saint-Victor-sur-Rhins,42293,42630,Appartement,37.0,275964.25,7458.49,2024-12-31
Saint-Victor-sur-Rhins,42293,42630,Appartement,49.0,275964.25,5631.92,2024-12-31
Commelle-Vernay,42069,42120,Maison,95.0,180900.0,1904.21,2024-12-24
Commelle-Vernay,42069,42120,Maison,95.0,180900.0,1904.21,2024-12-24
Saint-Marcel-d'Urfé,42255,42430,Maison,69.0,77000.0,1115.94,2024-12-19
Saint-Marcel-d'Urfé,42255,42430,Maison,69.0,77000.0,1115.94,2024-12-19
Charlieu,42052,42190,Appartement,43.0,534200.0,12423.26,2024-12-27
Charlieu,42052,42190,Appartement,38.0,534200.0,14057.89,2024-12-27
Charlieu,42052,42190,Appartement,97.0,534200.0,5507.22,2024-12-27
Charlieu,42052,42190,Appartement,65.0,534200.0,8218.46,2024-12-27
Charlieu,42052,42190,Appartement,53.0,534200.0,10079.25,2024-12-27
Charlieu,42052,42190,Appartement,52.0,534200.0,10273.08,2024-12-27
Charlieu,42052,42190,Appartement,45.0,534200.0,11871.11,2024-12-27
Charlieu,42052,42190,Appartement,75.0,534200.0,7122.67,2024-12-27
Charlieu,42052,42190,Maison,90.0,534200.0,5935.56,2024-12-27
Saint-Romain-d'Urfé,42282,42430,Maison,84.0,15000.0,178.57,2024-12-31
Saint-Just-en-Chevalet,42248,42430,Maison,286.0,40000.0,139.86,2024-12-18
Saint-Priest-la-Prugne,42276,42830,Maison,110.0,119000.0,1081.82,2024-12-18
Roanne,42187,42300,Appartement,59.0,38000.0,644.07,2024-12-20
Le Coteau,42071,42120,Appartement,65.0,125000.0,1923.08,2024-12-26
Pouilly-sous-Charlieu,42177,42720,Maison,89.0,110000.0,1235.96,2024-12-20
Roanne,42187,42300,Appartement,64.0,90000.0,1406.25,2024-12-30
Saint-Cyr-de-Favières,42212,42123,Maison,94.0,229000.0,2436.17,2024-12-27
Saint-Cyr-de-Favières,42212,42123,Maison,94.0,229000.0,2436.17,2024-12-27
Saint-Symphorien-de-Lay,42289,42470,Maison,134.0,240000.0,1791.04,2024-12-17
Saint-Symphorien-de-Lay,42289,42470,Maison,134.0,240000.0,1791.04,2024-12-17
Pouilly-les-Nonains,42176,42155,Maison,160.0,332800.0,2080.0,2024-12-27
Pouilly-les-Nonains,42176,42155,Maison,160.0,332800.0,2080.0,2024-12-27
Riorges,42184,42153,Maison,162.0,290000.0,1790.12,2024-12-24
Riorges,42184,42153,Maison,162.0,290000.0,1790.12,2024-12-24
Riorges,42184,42153,Maison,162.0,290000.0,1790.12,2024-12-24
Roanne,42187,42300,Appartement,30.0,45995.0,1533.17,2024-12-18
Arcinges,42007,42460,Maison,70.0,39100.0,558.57,2024-12-26
Charlieu,42052,42190,Maison,64.0,156750.0,2449.22,2024-12-27
Le Coteau,42071,42120,Maison,80.0,148000.0,1850.0,2024-12-27
Balbigny,42011,42510,Maison,90.0,160400.0,1782.22,2024-12-12
Charlieu,42052,42190,Appartement,62.0,85000.0,1370.97,2024-12-19
Villers,42333,42460,Appartement,65.0,117500.0,1807.69,2024-12-27
Villers,42333,42460,Appartement,127.0,117500.0,925.2,2024-12-27
Chandon,42048,42190,Maison,98.0,187950.0,1917.86,2024-12-20
Chandon,42048,42190,Maison,98.0,187950.0,1917.86,2024-12-20
Charlieu,42052,42190,Appartement,44.0,89000.0,2022.73,2024-12-30
Charlieu,42052,42190,Appartement,40.0,89000.0,2225.0,2024-12-30
Saint-Pierre-la-Noaille,42273,42190,Maison,100.0,170000.0,1700.0,2024-12-23
Mars,42141,42750,Maison,40.0,105000.0,2625.0,2024-12-27
Mars,42141,42750,Maison,120.0,105000.0,875.0,2024-12-27
Mars,42141,42750,Maison,120.0,105000.0,875.0,2024-12-27
Roanne,42187,42300,Appartement,55.0,61550.0,1119.09,2024-12-26
Roanne,42187,42300,Appartement,70.0,100200.0,1431.43,2024-12-27
Vougy,42338,42720,Appartement,86.0,108500.0,1261.63,2024-12-17
Vivans,42337,42310,Maison,110.0,133000.0,1209.09,2024-12-19
Roanne,42187,42300,Appartement,49.0,73000.0,1489.8,2024-12-17
Bussières,42029,42510,Maison,86.0,250000.0,2906.98,2024-12-16
Roanne,42187,42300,Appartement,30.0,50350.0,1678.33,2024-12-26
Roanne,42187,42300,Maison,89.0,150530.0,1691.35,2024-12-20
Commelle-Vernay,42069,42120,Maison,90.0,160000.0,1777.78,2024-12-30
Roanne,42187,42300,Appartement,76.0,86000.0,1131.58,2024-12-27
Mably,42127,42300,Maison,80.0,134000.0,1675.0,2024-12-27
Roanne,42187,42300,Maison,102.0,192100.0,1883.33,2024-12-30
Roanne,42187,42300,Appartement,68.0,68250.0,1003.68,2024-12-20
Roanne,42187,42300,Appartement,20.0,14750.0,737.5,2024-12-23
Roanne,42187,42300,Appartement,42.0,31500.0,750.0,2024-11-26
Riorges,42184,42153,Maison,89.0,161500.0,1814.61,2024-12-11
Le Coteau,42071,42120,Appartement,35.0,58000.0,1657.14,2024-12-13
Roanne,42187,42300,Appartement,42.0,68500.0,1630.95,2024-12-30
Jarnosse,42112,42460,Maison,80.0,129400.0,1617.5,2024-12-27
Saint-Romain-la-Motte,42284,42640,Maison,100.0,120000.0,1200.0,2024-12-27
Saint-Romain-la-Motte,42284,42640,Maison,100.0,120000.0,1200.0,2024-12-27
Le Coteau,42071,42120,Appartement,57.0,55000.0,964.91,2024-12-31
Le Coteau,42071,42120,Appartement,65.0,80000.0,1230.77,2024-12-20
Roanne,42187,42300,Appartement,54.0,108000.0,2000.0,2024-12-23
Changy,42049,42310,Maison,143.0,232850.0,1628.32,2024-12-19
Changy,42049,42310,Maison,143.0,232850.0,1628.32,2024-12-19
Saint-Germain-Lespinasse,42231,42640,Maison,75.0,43750.0,583.33,2024-12-30
Saint-Germain-Lespinasse,42231,42640,Maison,75.0,37500.0,500.0,2024-12-30
Roanne,42187,42300,Appartement,44.0,145000.0,3295.45,2024-12-30
Roanne,42187,42300,Appartement,48.0,145000.0,3020.83,2024-12-30
Roanne,42187,42300,Appartement,61.0,145000.0,2377.05,2024-12-30
Chandon,42048,42190,Maison,87.0,155000.0,1781.61,2024-12-23
Le Coteau,42071,42120,Appartement,48.0,38000.0,791.67,2024-12-18
Commelle-Vernay,42069,42120,Maison,120.0,16000.0,133.33,2024-12-17
Charlieu,42052,42190,Appartement,125.0,90000.0,720.0,2024-12-10
Roanne,42187,42300,Appartement,20.0,260000.0,13000.0,2024-12-19
Roanne,42187,42300,Appartement,25.0,260000.0,10400.0,2024-12-19
Roanne,42187,42300,Appartement,28.0,260000.0,9285.71,2024-12-19
Roanne,42187,42300,Appartement,30.0,260000.0,8666.67,2024-12-19
Roanne,42187,42300,Appartement,25.0,260000.0,10400.0,2024-12-19
Roanne,42187,42300,Appartement,30.0,260000.0,8666.67,2024-12-19
Roanne,42187,42300,Appartement,27.0,260000.0,9629.63,2024-12-19
Roanne,42187,42300,Appartement,30.0,260000.0,8666.67,2024-12-19
Montagny,42145,42840,Maison,89.0,155000.0,1741.57,2024-12-19
Montagny,42145,42840,Maison,89.0,155000.0,1741.57,2024-12-19
Commelle-Vernay,42069,42120,Maison,103.0,178500.0,1733.01,2024-12-19
Commelle-Vernay,42069,42120,Maison,103.0,178500.0,1733.01,2024-12-19
Roanne,42187,42300,Appartement,29.0,80000.0,2758.62,2024-12-18
Roanne,42187,42300,Appartement,66.0,80000.0,1212.12,2024-12-18
Roanne,42187,42300,Appartement,70.0,115000.0,1642.86,2024-12-20
Roanne,42187,42300,Appartement,70.0,119000.0,1700.0,2024-12-20
Roanne,42187,42300,Appartement,110.0,255000.0,2318.18,2024-12-17
Roanne,42187,42300,Appartement,100.0,255000.0,2550.0,2024-12-17
Roanne,42187,42300,Appartement,41.0,10500.0,256.1,2024-10-02
Saint-Haon-le-Vieux,42233,42370,Maison,184.0,385000.0,2092.39,2024-12-20
Le Coteau,42071,42120,Appartement,72.0,90000.0,1250.0,2024-12-20
Commelle-Vernay,42069,42120,Appartement,70.0,130000.0,1857.14,2024-12-19
Commelle-Vernay,42069,42120,Appartement,70.0,130000.0,1857.14,2024-12-19
Commelle-Vernay,42069,42120,Appartement,125.0,130000.0,1040.0,2024-12-19
Commelle-Vernay,42069,42120,Appartement,70.0,130000.0,1857.14,2024-12-19
Commelle-Vernay,42069,42120,Appartement,125.0,130000.0,1040.0,2024-12-19
Commelle-Vernay,42069,42120,Appartement,70.0,130000.0,1857.14,2024-12-19
Mably,42127,42300,Appartement,43.0,130000.0,3023.26,2024-12-19
Mably,42127,42300,Appartement,31.0,130000.0,4193.55,2024-12-19
Mably,42127,42300,Appartement,31.0,130000.0,4193.55,2024-12-19
Mably,42127,42300,Appartement,43.0,130000.0,3023.26,2024-12-19
Mably,42127,42300,Appartement,80.0,130000.0,1625.0,2024-12-19
Mably,42127,42300,Appartement,80.0,130000.0,1625.0,2024-12-19
Roanne,42187,42300,Appartement,80.0,112000.0,1400.0,2024-12-23
Riorges,42184,42153,Appartement,58.0,99000.0,1706.9,2024-12-23
Montagny,42145,42840,Appartement,66.0,27000.0,409.09,2024-12-20
Le Coteau,42071,42120,Appartement,101.0,102900.0,1018.81,2024-12-23
Saint-Germain-Lespinasse,42231,42640,Maison,152.0,72500.0,476.97,2024-12-23
Riorges,42184,42153,Maison,72.0,78000.0,1083.33,2024-12-23
Souternon,42303,42260,Maison,85.0,33000.0,388.24,2024-12-23
Charlieu,42052,42190,Appartement,52.0,110000.0,2115.38,2024-11-29
Charlieu,42052,42190,Appartement,58.0,110000.0,1896.55,2024-11-29
Roanne,42187,42300,Maison,100.0,126000.0,1260.0,2024-12-24
Roanne,42187,42300,Maison,100.0,126000.0,1260.0,2024-12-24
Pommiers,42173,42260,Maison,94.0,148000.0,1574.47,2024-12-20
Renaison,42182,42370,Maison,162.0,307000.0,1895.06,2024-12-20
Renaison,42182,42370,Maison,162.0,307000.0,1895.06,2024-12-20
Renaison,42182,42370,Maison,71.0,84000.0,1183.1,2024-12-20
Roanne,42187,42300,Appartement,63.0,219500.0,3484.13,2024-12-27
Roanne,42187,42300,Appartement,43.0,219500.0,5104.65,2024-12-27
Roanne,42187,42300,Appartement,48.0,219500.0,4572.92,2024-12-27
Roanne,42187,42300,Appartement,54.0,219500.0,4064.81,2024-12-27
Roanne,42187,42300,Appartement,52.0,219500.0,4221.15,2024-12-27
Roanne,42187,42300,Maison,200.0,296800.0,1484.0,2024-12-26
Roanne,42187,42300,Appartement,70.0,66000.0,942.86,2024-12-27
Mably,42127,42300,Maison,103.0,108000.0,1048.54,2024-12-27
Le Coteau,42071,42120,Appartement,56.0,72030.0,1286.25,2024-12-30
Commelle-Vernay,42069,42120,Maison,124.0,229500.0,1850.81,2024-12-30
Commelle-Vernay,42069,42120,Maison,106.0,152500.0,1438.68,2024-12-30
Le Coteau,42071,42120,Appartement,77.0,73000.0,948.05,2024-12-30
Mably,42127,42300,Maison,100.0,86000.0,860.0,2024-12-30
Roanne,42187,42300,Appartement,49.0,48000.0,979.59,2024-12-30
Saint-Priest-la-Roche,42277,42590,Maison,93.0,194000.0,2086.02,2024-12-30
Saint-Priest-la-Roche,42277,42590,Maison,93.0,194000.0,2086.02,2024-12-30
Saint-Priest-la-Roche,42277,42590,Maison,93.0,194000.0,2086.02,2024-12-30
Neaux,42153,42470,Maison,84.0,75000.0,892.86,2024-12-23
Roanne,42187,42300,Appartement,66.0,188000.0,2848.48,2024-12-26
Roanne,42187,42300,Appartement,90.0,188000.0,2088.89,2024-12-26
Saint-Martin-la-Sauveté,42260,42260,Maison,100.0,74000.0,740.0,2024-12-23
Roanne,42187,42300,Appartement,65.0,50000.0,769.23,2024-12-24
Roanne,42187,42300,Appartement,42.0,50000.0,1190.48,2024-12-24
Roanne,42187,42300,Appartement,105.0,50000.0,476.19,2024-12-24
Roanne,42187,42300,Appartement,47.0,50000.0,1063.83,2024-12-24
Roanne,42187,42300,Appartement,77.0,50000.0,649.35,2024-12-24
Roanne,42187,42300,Appartement,54.0,50000.0,925.93,2024-12-24
Roanne,42187,42300,Appartement,46.0,50000.0,1086.96,2024-12-24
Roanne,42187,42300,Appartement,62.0,50000.0,806.45,2024-12-24
Roanne,42187,42300,Appartement,31.0,50000.0,1612.9,2024-12-24
Roanne,42187,42300,Appartement,102.0,50000.0,490.2,2024-12-24
Montagny,42145,42840,Maison,62.0,145000.0,2338.71,2024-12-27
Roanne,42187,42300,Appartement,28.0,550000.0,19642.86,2024-12-24
Roanne,42187,42300,Appartement,29.0,550000.0,18965.52,2024-12-24
Roanne,42187,42300,Appartement,29.0,550000.0,18965.52,2024-12-24
Roanne,42187,42300,Appartement,26.0,550000.0,21153.85,2024-12-24
Roanne,42187,42300,Appartement,25.0,550000.0,22000.0,2024-12-24
Roanne,42187,42300,Appartement,34.0,550000.0,16176.47,2024-12-24
Roanne,42187,42300,Appartement,28.0,550000.0,19642.86,2024-12-24
Roanne,42187,42300,Appartement,25.0,550000.0,22000.0,2024-12-24
Roanne,42187,42300,Appartement,31.0,550000.0,17741.94,2024-12-24
Roanne,42187,42300,Appartement,26.0,550000.0,21153.85,2024-12-24
Roanne,42187,42300,Appartement,26.0,550000.0,21153.85,2024-12-24
Roanne,42187,42300,Appartement,28.0,550000.0,19642.86,2024-12-24
Roanne,42187,42300,Appartement,20.0,550000.0,27500.0,2024-12-24
Roanne,42187,42300,Appartement,28.0,550000.0,19642.86,2024-12-24
Roanne,42187,42300,Appartement,25.0,550000.0,22000.0,2024-12-24
Roanne,42187,42300,Appartement,28.0,550000.0,19642.86,2024-12-24
Chirassimont,42063,42114,Maison,48.0,52202.0,1087.54,2024-12-26
Le Crozet,42078,42310,Maison,48.0,65000.0,1354.17,2024-12-31
Villerest,42332,42300,Maison,118.0,135000.0,1144.07,2024-12-30
Roanne,42187,42300,Maison,121.0,151500.0,1252.07,2024-12-20
Mably,42127,42300,Maison,70.0,112000.0,1600.0,2024-12-24
Bussières,42029,42510,Maison,35.0,100000.0,2857.14,2024-12-23
