commune,code_commune,code_postal,type_local,surface_m2,valeur_fonciere,prix_m2,date_mutation
La Ferté-Bernard,72132,72400,Appartement,74.0,86000.0,1162.16,2024-01-05
Tuffé Val de la Chéronne,72363,72160,Maison,60.0,35000.0,583.33,2024-01-03
Changé,72058,72560,Maison,102.0,273000.0,2676.47,2024-01-08
Le Mans,72181,72000,Maison,118.0,312000.0,2644.07,2024-01-02
Tuffé Val de la Chéronne,72363,72160,Maison,173.0,146000.0,843.93,2024-01-05
Tuffé Val de la Chéronne,72363,72160,Maison,28.0,146000.0,5214.29,2024-01-05
Le Mans,72181,72000,Maison,100.0,132500.0,1325.0,2024-01-05
Allonnes,72003,72700,Maison,88.0,179000.0,2034.09,2024-01-02
Moncé-en-Belin,72200,72230,Maison,118.0,206200.0,1747.46,2024-01-03
Le Mans,72181,72000,Maison,78.0,230000.0,2948.72,2024-01-04
Le Mans,72181,72100,Maison,133.0,249000.0,1872.18,2024-01-04
Le Mans,72181,72100,Maison,75.0,109000.0,1453.33,2024-01-08
Sablé-sur-Sarthe,72264,72300,Maison,43.0,75000.0,1744.19,2024-01-03
Trangé,72360,72650,Maison,84.0,237800.0,2830.95,2024-01-02
Spay,72344,72700,Maison,33.0,180000.0,5454.55,2024-01-04
La Ferté-Bernard,72132,72400,Maison,125.0,217000.0,1736.0,2024-01-04
Mamers,72180,72600,Maison,91.0,80000.0,879.12,2024-01-08
La Chartre-sur-le-Loir,72068,72340,Maison,69.0,105000.0,1521.74,2024-01-04
Lhomme,72161,72340,Maison,143.0,87500.0,611.89,2024-01-05
Le Mans,72181,72100,Maison,72.0,103150.0,1432.64,2024-01-09
Le Mans,72181,72000,Appartement,45.0,90800.0,2017.78,2024-01-09
Le Mans,72181,72000,Appartement,80.0,195000.0,2437.5,2024-01-05
Le Mans,72181,72000,Appartement,32.0,60000.0,1875.0,2024-01-05
Arnage,72008,72230,Maison,70.0,137000.0,1957.14,2024-01-09
Le Mans,72181,72000,Appartement,55.0,108000.0,1963.64,2024-01-09
Le Mans,72181,72000,Maison,83.0,135000.0,1626.51,2024-01-11
Le Mans,72181,72000,Appartement,60.0,120000.0,2000.0,2024-01-11
Le Mans,72181,72000,Appartement,60.0,60000.0,1000.0,2024-01-11
Le Breil-sur-Mérize,72046,72370,Maison,46.0,80000.0,1739.13,2024-01-04
Le Mans,72181,72000,Appartement,60.0,65000.0,1083.33,2024-01-09
Le Mans,72181,72100,Appartement,37.0,70000.0,1891.89,2024-01-08
Ségrie,72332,72170,Maison,100.0,150000.0,1500.0,2024-01-05
Le Mans,72181,72100,Maison,66.0,140400.0,2127.27,2024-01-08
Précigné,72244,72300,Maison,88.0,128000.0,1454.55,2024-01-09
Précigné,72244,72300,Maison,88.0,128000.0,1454.55,2024-01-09
Sablé-sur-Sarthe,72264,72300,Maison,86.0,115000.0,1337.21,2024-01-04
Montfort-le-Gesnois,72241,72450,Appartement,22.0,48000.0,2181.82,2024-01-04
Le Mans,72181,72000,Appartement,28.0,76000.0,2714.29,2024-01-03
Bessé-sur-Braye,72035,72310,Maison,80.0,65000.0,812.5,2024-01-08
Le Mans,72181,72000,Maison,90.0,130000.0,1444.44,2024-01-10
Dollon,72118,72390,Maison,187.0,235000.0,1256.68,2024-01-09
Le Mans,72181,72100,Maison,72.0,105000.0,1458.33,2024-01-03
Montval-sur-Loir,72071,72500,Maison,74.0,105000.0,1418.92,2024-01-11
Aubigné-Racan,72013,72800,Maison,70.0,98000.0,1400.0,2024-01-08
Saint-Ouen-en-Belin,72306,72220,Maison,138.0,180000.0,1304.35,2024-01-08
Saint-Ouen-en-Belin,72306,72220,Maison,138.0,180000.0,1304.35,2024-01-08
Saint-Ouen-en-Belin,72306,72220,Maison,138.0,180000.0,1304.35,2024-01-08
Bourg-le-Roi,72043,72610,Maison,47.0,45000.0,957.45,2024-01-09
Ruaudin,72260,72230,Maison,136.0,210000.0,1544.12,2024-01-10
Montval-sur-Loir,72071,72500,Maison,50.0,85000.0,1700.0,2024-01-12
Le Mans,72181,72100,Maison,76.0,123000.0,1618.42,2024-01-03
Prévelles,72246,72110,Maison,80.0,178000.0,2225.0,2024-01-08
Prévelles,72246,72110,Maison,80.0,178000.0,2225.0,2024-01-08
Soulitré,72341,72370,Maison,100.0,189900.0,1899.0,2024-01-08
Mayet,72191,72360,Maison,150.0,233000.0,1553.33,2024-01-12
Mayet,72191,72360,Maison,150.0,233000.0,1553.33,2024-01-12
Savigné-sous-le-Lude,72330,72800,Maison,111.0,55000.0,495.5,2024-01-12
Laigné-en-Belin,72155,72220,Maison,170.0,290000.0,1705.88,2024-01-15
Mulsanne,72213,72230,Maison,116.0,330000.0,2844.83,2024-01-12
Le Mans,72181,72000,Appartement,22.0,56000.0,2545.45,2024-01-11
Marolles-les-Braults,72189,72260,Maison,56.0,108000.0,1928.57,2024-01-11
Le Mans,72181,72000,Appartement,14.0,128000.0,9142.86,2024-01-15
Le Mans,72181,72000,Appartement,14.0,128000.0,9142.86,2024-01-15
Le Mans,72181,72000,Appartement,15.0,128000.0,8533.33,2024-01-15
Le Mans,72181,72000,Appartement,14.0,128000.0,9142.86,2024-01-15
Le Mans,72181,72000,Appartement,14.0,128000.0,9142.86,2024-01-15
Bessé-sur-Braye,72035,72310,Maison,109.0,260000.0,2385.32,2024-01-12
Bessé-sur-Braye,72035,72310,Maison,109.0,260000.0,2385.32,2024-01-12
Viré-en-Champagne,72379,72350,Appartement,26.0,250000.0,9615.38,2024-01-15
Viré-en-Champagne,72379,72350,Appartement,16.0,250000.0,15625.0,2024-01-15
Viré-en-Champagne,72379,72350,Appartement,17.0,250000.0,14705.88,2024-01-15
Viré-en-Champagne,72379,72350,Appartement,40.0,250000.0,6250.0,2024-01-15
Viré-en-Champagne,72379,72350,Appartement,23.0,250000.0,10869.57,2024-01-15
Viré-en-Champagne,72379,72350,Appartement,33.0,250000.0,7575.76,2024-01-15
Yvré-le-Pôlin,72385,72330,Maison,60.0,346480.0,5774.67,2024-01-12
Yvré-le-Pôlin,72385,72330,Maison,60.0,346480.0,5774.67,2024-01-12
Le Mans,72181,72000,Appartement,39.0,80000.0,2051.28,2024-01-05
La Flèche,72154,72200,Maison,111.0,315000.0,2837.84,2024-01-08
Oizé,72226,72330,Maison,120.0,183000.0,1525.0,2024-01-10
Vallon-sur-Gée,72367,72540,Maison,140.0,159000.0,1135.71,2024-01-15
Vallon-sur-Gée,72367,72540,Maison,140.0,159000.0,1135.71,2024-01-15
Vallon-sur-Gée,72367,72540,Maison,140.0,159000.0,1135.71,2024-01-15
Le Mans,72181,72000,Appartement,55.0,83000.0,1509.09,2024-01-15
Oizé,72226,72330,Maison,76.0,102500.0,1348.68,2024-01-05
Le Mans,72181,72000,Appartement,88.0,217000.0,2465.91,2024-01-15
La Suze-sur-Sarthe,72346,72210,Maison,44.0,44000.0,1000.0,2024-01-04
Grandchamp,72142,72610,Maison,82.0,58000.0,707.32,2024-01-10
Le Mans,72181,72000,Appartement,39.0,93000.0,2384.62,2024-01-15
Le Mans,72181,72000,Appartement,60.0,163000.0,2716.67,2024-01-03
Saint-Jean-d'Assé,72290,72380,Maison,125.0,175000.0,1400.0,2024-01-04
Saint-Jean-d'Assé,72290,72380,Maison,57.0,65000.0,1140.35,2024-01-04
Sablé-sur-Sarthe,72264,72300,Maison,63.0,90000.0,1428.57,2024-01-11
Jupilles,72153,72500,Maison,57.0,70000.0,1228.07,2024-01-12
Jupilles,72153,72500,Maison,57.0,70000.0,1228.07,2024-01-12
Montval-sur-Loir,72071,72500,Maison,60.0,60000.0,1000.0,2024-01-11
Marolles-lès-Saint-Calais,72190,72120,Maison,64.0,100000.0,1562.5,2024-01-05
La Flèche,72154,72200,Appartement,52.0,26580.0,511.15,2024-01-02
Le Mans,72181,72000,Maison,83.0,135000.0,1626.51,2024-01-05
Le Mans,72181,72000,Maison,75.0,164000.0,2186.67,2024-01-15
Mézeray,72195,72270,Maison,40.0,180000.0,4500.0,2024-01-15
Mézeray,72195,72270,Maison,40.0,180000.0,4500.0,2024-01-15
Le Mans,72181,72000,Appartement,65.0,99000.0,1523.08,2024-01-15
Le Mans,72181,72000,Maison,72.0,150000.0,2083.33,2024-01-09
Le Mans,72181,72100,Appartement,60.0,116000.0,1933.33,2024-01-15
La Ferté-Bernard,72132,72400,Appartement,66.0,33000.0,500.0,2024-01-15
Le Mans,72181,72000,Maison,147.0,325000.0,2210.88,2024-01-03
Arnage,72008,72230,Maison,82.0,165000.0,2012.2,2024-01-10
Yvré-l'Évêque,72386,72530,Maison,86.0,110000.0,1279.07,2024-01-12
Bonnétable,72039,72110,Maison,100.0,140000.0,1400.0,2024-01-11
Bonnétable,72039,72110,Maison,130.0,220000.0,1692.31,2024-01-15
Bonnétable,72039,72110,Maison,130.0,220000.0,1692.31,2024-01-15
Torcé-en-Vallée,72359,72110,Maison,113.0,215000.0,1902.65,2024-01-05
Saint-Aubin-des-Coudrais,72267,72400,Maison,98.0,150000.0,1530.61,2024-01-16
Le Mans,72181,72000,Appartement,35.0,84000.0,2400.0,2024-01-05
Courcebœufs,72099,72290,Maison,116.0,195000.0,1681.03,2024-01-16
Le Mans,72181,72100,Maison,104.0,149800.0,1440.38,2024-01-03
Souligné-Flacé,72339,72210,Maison,115.0,85000.0,739.13,2024-01-08
Étival-lès-le-Mans,72127,72700,Maison,91.0,205000.0,2252.75,2024-01-10
Le Mans,72181,72000,Appartement,34.0,60000.0,1764.71,2024-01-05
Le Mans,72181,72000,Maison,62.0,133359.0,2150.95,2024-01-12
Le Mans,72181,72100,Appartement,78.0,91400.0,1171.79,2024-01-11
Le Mans,72181,72000,Maison,92.0,180500.0,1961.96,2024-01-11
Cogners,72085,72310,Maison,129.0,51350.0,398.06,2024-01-15
Le Mans,72181,72100,Maison,50.0,80548.0,1610.96,2024-01-15
Le Mans,72181,72000,Appartement,36.0,60000.0,1666.67,2024-01-12
Parigné-l'Évêque,72231,72250,Maison,89.0,196000.0,2202.25,2024-01-12
Parigné-l'Évêque,72231,72250,Maison,89.0,196000.0,2202.25,2024-01-12
Solesmes,72336,72300,Maison,121.0,200000.0,1652.89,2024-01-09
Solesmes,72336,72300,Maison,121.0,200000.0,1652.89,2024-01-09
Montval-sur-Loir,72071,72500,Maison,87.0,130000.0,1494.25,2024-01-17
Montval-sur-Loir,72071,72500,Maison,87.0,130000.0,1494.25,2024-01-17
Pruillé-le-Chétif,72247,72700,Maison,130.0,245000.0,1884.62,2024-01-03
Le Mans,72181,72000,Maison,87.0,324500.0,3729.89,2024-01-11
Lhomme,72161,72340,Maison,97.0,24000.0,247.42,2024-01-17
Le Mans,72181,72100,Maison,63.0,150000.0,2380.95,2024-01-12
Fresnay-sur-Sarthe,72138,72130,Appartement,70.0,180000.0,2571.43,2024-01-10
Le Mans,72181,72100,Appartement,27.0,101500.0,3759.26,2024-01-05
Teloché,72350,72220,Maison,85.0,93288.74,1097.51,2024-01-15
Fresnay-sur-Sarthe,72138,72130,Maison,61.0,87000.0,1426.23,2024-01-04
Le Mans,72181,72100,Appartement,94.0,63000.0,670.21,2024-01-16
Allonnes,72003,72700,Appartement,71.0,104000.0,1464.79,2024-01-18
Le Mans,72181,72100,Maison,81.0,130712.45,1613.73,2024-01-15
Le Mans,72181,72000,Appartement,62.0,82000.0,1322.58,2024-01-12
La Flèche,72154,72200,Maison,96.0,105000.0,1093.75,2024-01-10
Torcé-en-Vallée,72359,72110,Maison,134.0,240000.0,1791.04,2024-01-03
Torcé-en-Vallée,72359,72110,Maison,134.0,240000.0,1791.04,2024-01-03
La Flèche,72154,72200,Maison,87.0,130000.0,1494.25,2024-01-19
Le Mans,72181,72000,Appartement,26.0,71500.0,2750.0,2024-01-08
Le Mans,72181,72100,Maison,62.0,145000.0,2338.71,2024-01-19
Bouloire,72042,72440,Maison,79.0,135000.0,1708.86,2024-01-08
Bouloire,72042,72440,Maison,66.0,128000.0,1939.39,2024-01-08
Connerré,72090,72160,Maison,50.0,51500.0,1030.0,2024-01-12
Le Mans,72181,72100,Maison,50.0,146000.0,2920.0,2024-01-15
Le Mans,72181,72100,Maison,20.0,146000.0,7300.0,2024-01-15
Champagné,72054,72470,Maison,90.0,170000.0,1888.89,2024-01-15
Le Mans,72181,72000,Appartement,79.0,189000.0,2392.41,2024-01-15
Souillé,72338,72380,Maison,171.0,270000.0,1578.95,2024-01-11
Souillé,72338,72380,Maison,171.0,270000.0,1578.95,2024-01-11
Chenu,72077,72500,Maison,89.0,35000.0,393.26,2024-01-20
Rouessé-Vassé,72255,72140,Maison,40.0,55000.0,1375.0,2024-01-17
Connerré,72090,72160,Maison,75.0,105000.0,1400.0,2024-01-03
Connerré,72090,72160,Maison,43.0,105000.0,2441.86,2024-01-03
Soulitré,72341,72370,Maison,108.0,170000.0,1574.07,2024-01-12
Saint-Michel-de-Chavaignes,72303,72440,Maison,55.0,115000.0,2090.91,2024-01-18
Le Mans,72181,72000,Appartement,62.0,125000.0,2016.13,2024-01-16
Louplande,72169,72210,Maison,103.0,225000.0,2184.47,2024-01-19
Val d'Étangson,72128,72120,Maison,99.0,140000.0,1414.14,2024-01-15
Val d'Étangson,72128,72120,Maison,99.0,140000.0,1414.14,2024-01-15
Le Mans,72181,72000,Appartement,28.0,45000.0,1607.14,2024-01-16
Le Mans,72181,72100,Appartement,50.0,85000.0,1700.0,2024-01-12
La Suze-sur-Sarthe,72346,72210,Maison,88.0,150000.0,1704.55,2024-01-15
Solesmes,72336,72300,Maison,61.0,85000.0,1393.44,2024-01-19
Villeneuve-en-Perseigne,72137,72600,Maison,64.0,38010.0,593.91,2024-01-12
La Milesse,72198,72650,Maison,99.0,269000.0,2717.17,2024-01-12
Lombron,72165,72450,Maison,87.0,150000.0,1724.14,2024-01-09
Lombron,72165,72450,Maison,87.0,150000.0,1724.14,2024-01-09
Bonnétable,72039,72110,Maison,69.0,122000.0,1768.12,2024-01-17
Nogent-le-Bernard,72220,72110,Maison,85.0,95000.0,1117.65,2024-01-18
Nogent-le-Bernard,72220,72110,Maison,85.0,95000.0,1117.65,2024-01-18
Connerré,72090,72160,Maison,75.0,131470.0,1752.93,2024-01-19
Le Mans,72181,72000,Appartement,67.0,78000.0,1164.18,2024-01-17
Rouez,72256,72140,Maison,45.0,40000.0,888.89,2024-01-18
Le Mans,72181,72000,Appartement,18.0,56000.0,3111.11,2024-01-19
Ancinnes,72005,72610,Maison,87.0,113000.0,1298.85,2024-01-18
Sougé-le-Ganelon,72337,72130,Maison,100.0,35000.0,350.0,2024-01-19
Le Mans,72181,72100,Maison,72.0,152000.0,2111.11,2024-01-19
Loir en Vallée,72262,72340,Maison,123.0,190000.0,1544.72,2024-01-05
Le Mans,72181,72000,Maison,124.0,400000.0,3225.81,2024-01-12
Mayet,72191,72360,Maison,105.0,129500.0,1233.33,2024-01-19
Le Lude,72176,72800,Maison,93.0,120000.0,1290.32,2024-01-19
Bazouges Cré sur Loir,72025,72200,Maison,96.0,138000.0,1437.5,2024-01-12
Saint-Pierre-du-Lorouër,72314,72150,Maison,80.0,40000.0,500.0,2024-01-10
Le Mans,72181,72100,Maison,91.0,168000.0,1846.15,2024-01-10
Le Mans,72181,72000,Appartement,129.0,352000.0,2728.68,2024-01-11
Commerveil,72086,72600,Maison,72.0,52803.86,733.39,2024-01-15
Coulaines,72095,72190,Maison,139.0,500000.0,3597.12,2024-01-19
Coulaines,72095,72190,Maison,139.0,500000.0,3597.12,2024-01-19
Le Mans,72181,72100,Maison,76.0,178000.0,2342.11,2024-01-22
La Ferté-Bernard,72132,72400,Maison,117.0,214300.0,1831.62,2024-01-24
Mareil-en-Champagne,72184,72540,Maison,78.0,130000.0,1666.67,2024-01-06
Mézières-sur-Ponthouin,72196,72290,Maison,100.0,105000.0,1050.0,2024-01-23
Cormes,72093,72400,Maison,76.0,22500.0,296.05,2024-01-18
Allonnes,72003,72700,Appartement,79.0,74000.0,936.71,2024-01-18
Allonnes,72003,72700,Maison,68.0,185000.0,2720.59,2024-01-19
Mézeray,72195,72270,Maison,107.0,81000.0,757.01,2024-01-23
Le Mans,72181,72000,Appartement,40.0,91000.0,2275.0,2024-01-17
Le Mans,72181,72100,Maison,72.0,170000.0,2361.11,2024-01-19
Étival-lès-le-Mans,72127,72700,Maison,54.0,149000.0,2759.26,2024-01-12
Étival-lès-le-Mans,72127,72700,Maison,357.0,149000.0,417.37,2024-01-12
Étival-lès-le-Mans,72127,72700,Maison,105.0,149000.0,1419.05,2024-01-12
Étival-lès-le-Mans,72127,72700,Maison,150.0,149000.0,993.33,2024-01-12
Le Mans,72181,72000,Appartement,73.0,126477.0,1732.56,2024-01-22
Chahaignes,72052,72340,Maison,24.0,20000.0,833.33,2024-01-18
Chahaignes,72052,72340,Maison,24.0,20000.0,833.33,2024-01-18
Le Mans,72181,72000,Appartement,65.0,110000.0,1692.31,2024-01-17
La Milesse,72198,72650,Maison,79.0,200000.0,2531.65,2024-01-17
Dollon,72118,72390,Maison,109.0,200000.0,1834.86,2024-01-12
Dollon,72118,72390,Maison,109.0,200000.0,1834.86,2024-01-12
Fay,72130,72550,Maison,288.0,619472.0,2150.94,2024-01-18
Fay,72130,72550,Maison,288.0,619472.0,2150.94,2024-01-18
Fay,72130,72550,Maison,48.0,619472.0,12905.67,2024-01-18
Fay,72130,72550,Maison,48.0,619472.0,12905.67,2024-01-18
Fay,72130,72550,Maison,288.0,619472.0,2150.94,2024-01-18
Fay,72130,72550,Maison,48.0,619472.0,12905.67,2024-01-18
Prévelles,72246,72110,Maison,46.0,10000.0,217.39,2024-01-23
Prévelles,72246,72110,Maison,46.0,10000.0,217.39,2024-01-23
Le Mans,72181,72000,Appartement,37.0,87000.0,2351.35,2024-01-18
Saint-Jean-du-Bois,72293,72430,Maison,26.0,22000.0,846.15,2024-01-16
Saint-Jean-du-Bois,72293,72430,Maison,26.0,22000.0,846.15,2024-01-16
Le Mans,72181,72000,Maison,71.0,110000.0,1549.3,2024-01-17
Vivoin,72380,72170,Maison,82.0,108000.0,1317.07,2024-01-15
Le Mans,72181,72100,Maison,100.0,252500.0,2525.0,2024-01-15
Louplande,72169,72210,Maison,85.0,253500.0,2982.35,2024-01-18
Coulaines,72095,72190,Maison,124.0,265000.0,2137.1,2024-01-24
Le Mans,72181,72000,Maison,72.0,158444.0,2200.61,2024-01-24
Le Mans,72181,72100,Appartement,80.0,70000.0,875.0,2024-01-24
Cérans-Foulletourte,72051,72330,Maison,90.0,30500.0,338.89,2024-01-23
Le Mans,72181,72100,Appartement,32.0,275380.0,8605.62,2024-01-22
Le Mans,72181,72100,Appartement,106.0,275380.0,2597.92,2024-01-22
Saint-Pierre-de-Chevillé,72311,72500,Maison,68.0,170000.0,2500.0,2024-01-18
Saint-Pierre-de-Chevillé,72311,72500,Maison,68.0,170000.0,2500.0,2024-01-18
Le Mans,72181,72000,Appartement,99.0,350000.0,3535.35,2024-01-18
Saint-Rémy-de-Sillé,72315,72140,Maison,131.0,60000.0,458.02,2024-01-24
Arnage,72008,72230,Maison,91.0,169000.0,1857.14,2024-01-19
Le Mans,72181,72000,Appartement,51.0,106000.0,2078.43,2024-01-18
Le Mans,72181,72100,Appartement,36.0,52800.0,1466.67,2024-01-15
La Flèche,72154,72200,Maison,240.0,490000.0,2041.67,2024-01-19
La Flèche,72154,72200,Maison,240.0,490000.0,2041.67,2024-01-19
Le Mans,72181,72000,Appartement,36.0,50000.0,1388.89,2024-01-16
Bonnétable,72039,72110,Maison,89.0,60000.0,674.16,2024-01-23
Courcebœufs,72099,72290,Maison,115.0,190000.0,1652.17,2024-01-23
Le Mans,72181,72000,Appartement,82.0,132900.0,1620.73,2024-01-16
La Suze-sur-Sarthe,72346,72210,Maison,85.0,102800.0,1209.41,2024-01-16
Mulsanne,72213,72230,Maison,89.0,215000.0,2415.73,2024-01-22
Saint-Gervais-en-Belin,72287,72220,Maison,73.0,125000.0,1712.33,2024-01-12
Le Mans,72181,72000,Appartement,61.0,111000.0,1819.67,2024-01-25
Moitron-sur-Sarthe,72199,72170,Maison,122.0,210000.0,1721.31,2024-01-19
Moitron-sur-Sarthe,72199,72170,Maison,122.0,210000.0,1721.31,2024-01-19
Allonnes,72003,72700,Maison,150.0,223000.0,1486.67,2024-01-09
Ruaudin,72260,72230,Maison,166.0,278000.0,1674.7,2024-01-02
Ruaudin,72260,72230,Maison,166.0,278000.0,1674.7,2024-01-02
Oisseau-le-Petit,72225,72610,Maison,81.0,140000.0,1728.4,2024-01-22
Oisseau-le-Petit,72225,72610,Maison,81.0,140000.0,1728.4,2024-01-22
Oisseau-le-Petit,72225,72610,Maison,81.0,140000.0,1728.4,2024-01-22
Fresnay-sur-Sarthe,72138,72130,Maison,30.0,110000.0,3666.67,2024-01-19
Fresnay-sur-Sarthe,72138,72130,Appartement,86.0,110000.0,1279.07,2024-01-19
Fresnay-sur-Sarthe,72138,72130,Appartement,50.0,110000.0,2200.0,2024-01-19
Arnage,72008,72230,Maison,91.0,168000.0,1846.15,2024-01-11
Beaumont-sur-Sarthe,72029,72170,Maison,43.0,12000.0,279.07,2024-01-23
Sablé-sur-Sarthe,72264,72300,Appartement,18.0,25500.0,1416.67,2024-01-12
Sablé-sur-Sarthe,72264,72300,Appartement,39.0,25500.0,653.85,2024-01-12
Sablé-sur-Sarthe,72264,72300,Appartement,48.0,25500.0,531.25,2024-01-12
Sablé-sur-Sarthe,72264,72300,Appartement,26.0,25500.0,980.77,2024-01-12
Sablé-sur-Sarthe,72264,72300,Appartement,14.0,25500.0,1821.43,2024-01-12
Beaumont-sur-Sarthe,72029,72170,Maison,72.0,50000.0,694.44,2024-01-23
Le Mans,72181,72100,Maison,93.0,195000.0,2096.77,2024-01-24
Fresnay-sur-Sarthe,72138,72130,Maison,72.0,60000.0,833.33,2024-01-20
La Flèche,72154,72200,Maison,132.0,327000.0,2477.27,2024-01-22
Ligron,72163,72270,Maison,77.0,100000.0,1298.7,2024-01-05
Montval-sur-Loir,72071,72500,Maison,89.0,120000.0,1348.31,2024-01-25
Villaines-sous-Malicorne,72377,72270,Maison,120.0,119271.0,993.92,2024-01-05
Le Mans,72181,72000,Maison,90.0,170000.0,1888.89,2024-01-12
Montval-sur-Loir,72071,72500,Maison,65.0,140000.0,2153.85,2024-01-16
Le Mans,72181,72000,Appartement,72.0,96000.0,1333.33,2024-01-08
Le Lude,72176,72800,Maison,78.0,92000.0,1179.49,2024-01-19
Douillet,72121,72130,Maison,34.0,35100.0,1032.35,2024-01-12
Douillet,72121,72130,Maison,34.0,35100.0,1032.35,2024-01-12
Douillet,72121,72130,Maison,50.0,35100.0,702.0,2024-01-12
Douillet,72121,72130,Maison,50.0,35100.0,702.0,2024-01-12
Malicorne-sur-Sarthe,72179,72270,Maison,60.0,41000.0,683.33,2024-01-09
Le Mans,72181,72000,Appartement,33.0,105000.0,3181.82,2024-01-12
Bernay-Neuvy-en-Champagne,72219,72240,Maison,122.0,52000.0,426.23,2024-01-18
Le Mans,72181,72000,Maison,60.0,168000.0,2800.0,2024-01-12
Pontvallain,72243,72510,Maison,132.0,220000.0,1666.67,2024-01-19
Pontvallain,72243,72510,Maison,132.0,220000.0,1666.67,2024-01-19
Auvers-sous-Montfaucon,72017,72540,Maison,150.0,330000.0,2200.0,2024-01-22
Précigné,72244,72300,Appartement,77.0,80000.0,1038.96,2024-01-11
Parigné-l'Évêque,72231,72250,Maison,134.0,225000.0,1679.1,2024-01-08
Saint-Mars-d'Outillé,72299,72220,Maison,58.0,122500.0,2112.07,2024-01-05
Saint-Mars-d'Outillé,72299,72220,Maison,79.0,122500.0,1550.63,2024-01-05
Pincé,72236,72300,Maison,91.0,140000.0,1538.46,2024-01-02
La Flèche,72154,72200,Maison,107.0,311000.0,2906.54,2024-01-10
La Flèche,72154,72200,Maison,107.0,311000.0,2906.54,2024-01-10
Malicorne-sur-Sarthe,72179,72270,Maison,53.0,75000.0,1415.09,2024-01-24
Précigné,72244,72300,Maison,64.0,50000.0,781.25,2024-01-25
Crosmières,72110,72200,Maison,67.0,135000.0,2014.93,2024-01-23
Le Grand-Lucé,72143,72150,Maison,67.0,80188.0,1196.84,2024-01-19
Bessé-sur-Braye,72035,72310,Maison,142.0,148000.0,1042.25,2024-01-26
Voivres-lès-le-Mans,72381,72210,Maison,148.0,200000.0,1351.35,2024-01-25
Dangeul,72112,72260,Maison,153.0,150000.0,980.39,2024-01-09
Dangeul,72112,72260,Maison,153.0,150000.0,980.39,2024-01-09
Dangeul,72112,72260,Maison,153.0,150000.0,980.39,2024-01-09
Dangeul,72112,72260,Maison,153.0,150000.0,980.39,2024-01-09
Dangeul,72112,72260,Maison,153.0,150000.0,980.39,2024-01-09
Saint-Calais,72269,72120,Maison,42.0,35000.0,833.33,2024-01-27
Le Mans,72181,72000,Appartement,76.0,174500.0,2296.05,2024-01-26
Malicorne-sur-Sarthe,72179,72270,Maison,46.0,37000.0,804.35,2024-01-19
Malicorne-sur-Sarthe,72179,72270,Maison,91.0,160000.0,1758.24,2024-01-12
Parennes,72229,72140,Maison,70.0,50000.0,714.29,2024-01-16
Courcelles-la-Forêt,72100,72270,Maison,76.0,250000.0,3289.47,2024-01-10
Roézé-sur-Sarthe,72253,72210,Maison,77.0,100000.0,1298.7,2024-01-15
Le Mans,72181,72000,Maison,66.0,187200.0,2836.36,2024-01-29
Le Mans,72181,72000,Appartement,40.0,85000.0,2125.0,2024-01-04
Le Mans,72181,72000,Maison,79.0,152000.0,1924.05,2024-01-12
Parcé-sur-Sarthe,72228,72300,Maison,68.0,140000.0,2058.82,2024-01-17
Coulaines,72095,72190,Appartement,73.0,63600.0,871.23,2024-01-25
Luceau,72173,72500,Maison,160.0,140000.0,875.0,2024-01-11
Le Mans,72181,72000,Maison,71.0,218500.0,3077.46,2024-01-25
Saint-Victeur,72323,72130,Maison,51.0,277000.0,5431.37,2024-01-26
Saint-Victeur,72323,72130,Maison,51.0,277000.0,5431.37,2024-01-26
Saint-Victeur,72323,72130,Maison,51.0,277000.0,5431.37,2024-01-26
Saint-Victeur,72323,72130,Maison,51.0,277000.0,5431.37,2024-01-26
Saint-Victeur,72323,72130,Maison,51.0,277000.0,5431.37,2024-01-26
Saint-Victeur,72323,72130,Maison,51.0,277000.0,5431.37,2024-01-26
Saint-Victeur,72323,72130,Maison,51.0,277000.0,5431.37,2024-01-26
Mayet,72191,72360,Maison,99.0,117500.0,1186.87,2024-01-15
Mayet,72191,72360,Maison,99.0,117500.0,1186.87,2024-01-15
Mayet,72191,72360,Maison,99.0,117500.0,1186.87,2024-01-15
Montbizot,72205,72380,Appartement,60.0,20000.0,333.33,2024-01-26
Saint-Ulphace,72322,72320,Maison,89.0,57000.0,640.45,2024-01-22
Mayet,72191,72360,Maison,150.0,320571.44,2137.14,2024-01-12
Mayet,72191,72360,Maison,150.0,320571.44,2137.14,2024-01-12
Fay,72130,72550,Maison,112.0,155000.0,1383.93,2024-01-29
Connerré,72090,72160,Maison,80.0,110000.0,1375.0,2024-01-17
Le Tronchet,72362,72170,Maison,51.0,150000.0,2941.18,2024-01-12
Souligné-sous-Ballon,72340,72290,Maison,150.0,201000.0,1340.0,2024-01-25
Mayet,72191,72360,Maison,76.0,75460.0,992.89,2024-01-29
La Ferté-Bernard,72132,72400,Maison,154.0,330245.0,2144.45,2024-01-25
La Ferté-Bernard,72132,72400,Maison,154.0,330245.0,2144.45,2024-01-25
La Ferté-Bernard,72132,72400,Appartement,73.0,49000.0,671.23,2024-01-29
La Ferté-Bernard,72132,72400,Maison,73.0,135000.0,1849.32,2024-01-27
Le Mans,72181,72000,Maison,89.0,174000.0,1955.06,2024-01-29
Parigné-l'Évêque,72231,72250,Maison,89.0,210000.0,2359.55,2024-01-29
Le Mans,72181,72100,Maison,90.0,195000.0,2166.67,2024-01-19
Champagné,72054,72470,Maison,70.0,68500.0,978.57,2024-01-29
Villeneuve-en-Perseigne,72137,72600,Maison,78.0,280000.0,3589.74,2024-01-29
Moncé-en-Belin,72200,72230,Maison,105.0,245000.0,2333.33,2024-01-26
La Suze-sur-Sarthe,72346,72210,Maison,55.0,95000.0,1727.27,2024-01-29
Marçon,72183,72340,Maison,23.0,500000.0,21739.13,2024-01-24
Marçon,72183,72340,Maison,263.0,500000.0,1901.14,2024-01-24
Le Mans,72181,72000,Maison,109.0,190000.0,1743.12,2024-01-25
Fercé-sur-Sarthe,72131,72430,Maison,37.0,39600.0,1070.27,2024-01-26
Fercé-sur-Sarthe,72131,72430,Maison,37.0,39600.0,1070.27,2024-01-26
Le Mans,72181,72000,Appartement,47.0,65700.0,1397.87,2024-01-15
Saint-Georges-du-Bois,72280,72700,Maison,139.0,315000.0,2266.19,2024-01-30
Mamers,72180,72600,Maison,114.0,100000.0,877.19,2024-01-31
Rouillon,72257,72700,Maison,185.0,480000.0,2594.59,2024-01-26
Le Mans,72181,72000,Appartement,47.0,79000.0,1680.85,2024-01-22
Amné,72004,72540,Maison,150.0,312000.0,2080.0,2024-01-26
Bonnétable,72039,72110,Maison,93.0,90000.0,967.74,2024-01-29
Bonnétable,72039,72110,Maison,93.0,90000.0,967.74,2024-01-29
Le Mans,72181,72100,Maison,32.0,60500.0,1890.62,2024-01-25
Cherré-Au,72080,72400,Maison,91.0,120000.0,1318.68,2024-01-23
Le Mans,72181,72000,Appartement,81.0,99000.0,1222.22,2024-01-09
Saint-Ouen-de-Mimbré,72305,72130,Maison,50.0,20000.0,400.0,2024-01-26
Le Mans,72181,72100,Maison,45.0,102500.0,2277.78,2024-01-22
Le Luart,72172,72390,Maison,24.0,41000.0,1708.33,2024-01-31
Le Luart,72172,72390,Maison,24.0,41000.0,1708.33,2024-01-31
La Milesse,72198,72650,Maison,97.0,209000.0,2154.64,2024-01-31
Le Mans,72181,72100,Appartement,67.0,81353.0,1214.22,2024-01-16
Le Mans,72181,72100,Maison,59.0,104000.0,1762.71,2024-01-16
Le Mans,72181,72100,Maison,85.0,74937.0,881.61,2024-01-16
Saint-Pierre-des-Bois,72312,72430,Maison,49.0,70000.0,1428.57,2024-01-19
Saint-Pierre-des-Bois,72312,72430,Maison,49.0,70000.0,1428.57,2024-01-19
Mamers,72180,72600,Maison,45.0,20000.0,444.44,2024-01-31
Le Mans,72181,72000,Appartement,65.0,72000.0,1107.69,2024-01-16
Rouillon,72257,72700,Maison,145.0,280000.0,1931.03,2024-01-15
Le Mans,72181,72000,Maison,101.0,266000.0,2633.66,2024-01-25
Le Mans,72181,72000,Maison,42.0,84000.0,2000.0,2024-01-26
Le Mans,72181,72100,Appartement,28.0,114906.96,4103.82,2024-01-29
Allonnes,72003,72700,Maison,100.0,163000.0,1630.0,2024-01-15
Le Mans,72181,72000,Appartement,37.0,73000.0,1972.97,2024-01-24
Le Mans,72181,72100,Maison,72.0,130000.0,1805.56,2024-01-17
Le Mans,72181,72000,Maison,85.0,330000.0,3882.35,2024-01-30
Le Mans,72181,72000,Maison,66.0,128000.0,1939.39,2024-01-30
La Chapelle-Saint-Aubin,72065,72650,Maison,94.0,180000.0,1914.89,2024-01-26
Avezé,72020,72400,Maison,95.0,48000.0,505.26,2024-01-29
Saint-Aubin-de-Locquenay,72266,72130,Maison,60.0,66000.0,1100.0,2024-01-26
Noyen-sur-Sarthe,72223,72430,Maison,70.0,80000.0,1142.86,2024-01-10
Val d'Étangson,72128,72120,Maison,190.0,280000.0,1473.68,2024-01-18
Val d'Étangson,72128,72120,Maison,190.0,280000.0,1473.68,2024-01-18
Val d'Étangson,72128,72120,Maison,190.0,280000.0,1473.68,2024-01-18
Val d'Étangson,72128,72120,Maison,190.0,280000.0,1473.68,2024-01-18
Parcé-sur-Sarthe,72228,72300,Maison,72.0,170000.0,2361.11,2024-01-13
Juigné-sur-Sarthe,72151,72300,Maison,84.0,212000.0,2523.81,2024-01-31
Le Mans,72181,72000,Maison,62.0,120000.0,1935.48,2024-01-30
Roézé-sur-Sarthe,72253,72210,Maison,47.0,80000.0,1702.13,2024-01-31
Le Mans,72181,72100,Appartement,55.0,125500.0,2281.82,2024-01-26
Lavernat,72160,72500,Maison,20.0,23000.0,1150.0,2024-01-25
Le Mans,72181,72100,Appartement,71.0,42500.0,598.59,2024-01-30
Le Mans,72181,72000,Appartement,70.0,169000.0,2414.29,2024-02-01
Le Mans,72181,72000,Appartement,83.0,152000.0,1831.33,2024-01-26
Le Mans,72181,72100,Maison,76.0,275000.0,3618.42,2024-02-02
Le Mans,72181,72000,Maison,40.0,71500.0,1787.5,2024-01-19
Saint-Calais,72269,72120,Maison,116.0,132500.0,1142.24,2024-01-30
Le Grand-Lucé,72143,72150,Maison,70.0,105000.0,1500.0,2024-01-23
Spay,72344,72700,Maison,119.0,252000.0,2117.65,2024-01-26
Coulans-sur-Gée,72096,72550,Maison,76.0,165000.0,2171.05,2024-01-23
Mulsanne,72213,72230,Maison,65.0,178000.0,2738.46,2024-02-01
Le Mans,72181,72100,Appartement,56.0,53261.0,951.09,2024-02-02
Gesnes-le-Gandelin,72141,72130,Maison,65.0,118000.0,1815.38,2024-01-25
Gesnes-le-Gandelin,72141,72130,Maison,65.0,118000.0,1815.38,2024-01-25
Savigné-sous-le-Lude,72330,72800,Maison,101.0,92000.0,910.89,2024-01-30
Melleray,72193,72320,Maison,103.0,58000.0,563.11,2024-01-31
Sceaux-sur-Huisne,72331,72160,Maison,91.0,168000.0,1846.15,2024-01-26
Saint-Gervais-en-Belin,72287,72220,Maison,129.0,203500.0,1577.52,2024-01-12
Saint-Gervais-en-Belin,72287,72220,Maison,129.0,203500.0,1577.52,2024-01-12
Saint-Gervais-en-Belin,72287,72220,Maison,129.0,203500.0,1577.52,2024-01-12
Coulaines,72095,72190,Maison,88.0,141000.0,1602.27,2024-01-26
Le Mans,72181,72100,Appartement,88.0,64250.0,730.11,2024-01-29
Thoiré-sous-Contensor,72355,72610,Maison,70.0,750000.0,10714.29,2024-01-17
Thoiré-sous-Contensor,72355,72610,Maison,131.0,750000.0,5725.19,2024-01-17
Montfort-le-Gesnois,72241,72450,Maison,80.0,155000.0,1937.5,2024-01-29
Thoigné,72354,72260,Maison,84.0,100000.0,1190.48,2024-01-18
Tassillé,72348,72540,Maison,44.0,25000.0,568.18,2024-01-18
Marigné-Laillé,72187,72220,Maison,162.0,182000.0,1123.46,2024-02-01
Marigné-Laillé,72187,72220,Maison,162.0,182000.0,1123.46,2024-02-01
Le Mans,72181,72000,Appartement,34.0,52500.0,1544.12,2024-01-31
Saint-Maixent,72296,72320,Maison,150.0,222500.0,1483.33,2024-01-31
Ballon-Saint Mars,72023,72290,Maison,63.0,15000.0,238.1,2024-01-31
Courcemont,72101,72110,Maison,35.0,183000.0,5228.57,2024-01-31
Courcemont,72101,72110,Maison,44.0,183000.0,4159.09,2024-01-31
Courcemont,72101,72110,Maison,71.0,183000.0,2577.46,2024-01-31
Le Mans,72181,72000,Appartement,110.0,282000.0,2563.64,2024-01-23
Le Mans,72181,72000,Appartement,51.0,100000.0,1960.78,2024-01-15
Le Mans,72181,72100,Maison,90.0,239350.0,2659.44,2024-02-06
Le Mans,72181,72100,Maison,112.0,106415.0,950.13,2024-01-25
Savigné-l'Évêque,72329,72460,Maison,95.0,229000.0,2410.53,2024-02-02
Le Mans,72181,72000,Appartement,197.0,560000.0,2842.64,2024-01-25
Le Mans,72181,72000,Appartement,29.0,72000.0,2482.76,2024-01-25
Montval-sur-Loir,72071,72500,Maison,47.0,89000.0,1893.62,2024-01-27
Le Mans,72181,72000,Appartement,31.0,75000.0,2419.35,2024-02-06
Loir en Vallée,72262,72340,Maison,84.0,101000.0,1202.38,2024-01-26
Loir en Vallée,72262,72340,Maison,84.0,101000.0,1202.38,2024-01-26
La Chartre-sur-le-Loir,72068,72340,Maison,86.0,85000.0,988.37,2024-01-17
Lombron,72165,72450,Maison,88.0,165000.0,1875.0,2024-01-26
Lombron,72165,72450,Maison,88.0,165000.0,1875.0,2024-01-26
Crissé,72109,72140,Maison,45.0,76500.0,1700.0,2024-01-29
Crissé,72109,72140,Maison,45.0,76500.0,1700.0,2024-01-29
Rouillon,72257,72700,Maison,137.0,464280.0,3388.91,2024-01-22
Le Mans,72181,72000,Appartement,69.0,154000.0,2231.88,2024-01-26
Précigné,72244,72300,Maison,52.0,140000.0,2692.31,2024-01-19
Sablé-sur-Sarthe,72264,72300,Appartement,158.0,285000.0,1803.8,2024-01-30
Sablé-sur-Sarthe,72264,72300,Maison,92.0,155000.0,1684.78,2024-01-29
Challes,72053,72250,Maison,118.0,217000.0,1838.98,2024-01-26
Challes,72053,72250,Maison,118.0,217000.0,1838.98,2024-01-26
Challes,72053,72250,Maison,118.0,217000.0,1838.98,2024-01-26
Courdemanche,72103,72150,Maison,76.0,75000.0,986.84,2024-01-29
Courdemanche,72103,72150,Maison,76.0,75000.0,986.84,2024-01-29
Courdemanche,72103,72150,Maison,76.0,75000.0,986.84,2024-01-29
Le Mans,72181,72000,Appartement,72.0,88000.0,1222.22,2024-01-31
Crannes-en-Champagne,72107,72540,Maison,51.0,35000.0,686.27,2024-01-30
Le Grand-Lucé,72143,72150,Maison,80.0,108000.0,1350.0,2024-01-29
Pruillé-l'Éguillé,72248,72150,Maison,30.0,108000.0,3600.0,2024-01-29
Le Mans,72181,72000,Appartement,56.0,85000.0,1517.86,2024-01-23
Le Mans,72181,72000,Appartement,114.0,320000.0,2807.02,2024-01-24
Arnage,72008,72230,Maison,32.0,71000.0,2218.75,2024-01-25
Bonnétable,72039,72110,Maison,86.0,160000.0,1860.47,2024-01-26
Bonnétable,72039,72110,Maison,86.0,160000.0,1860.47,2024-01-26
Saint-Jean-de-la-Motte,72291,72510,Maison,30.0,80000.0,2666.67,2024-02-02
Spay,72344,72700,Maison,152.0,235000.0,1546.05,2024-02-02
Roézé-sur-Sarthe,72253,72210,Maison,152.0,210000.0,1381.58,2024-02-01
Le Mans,72181,72100,Maison,60.0,145000.0,2416.67,2024-02-05
Allonnes,72003,72700,Maison,68.0,113000.0,1661.76,2024-01-30
Bonnétable,72039,72110,Maison,60.0,80000.0,1333.33,2024-01-26
Crosmières,72110,72200,Maison,123.0,197000.0,1601.63,2024-02-02
Le Lude,72176,72800,Appartement,96.0,120000.0,1250.0,2024-02-06
Le Lude,72176,72800,Maison,119.0,120000.0,1008.4,2024-02-06
Yvré-l'Évêque,72386,72530,Maison,229.0,567400.0,2477.73,2024-01-26
Yvré-l'Évêque,72386,72530,Maison,229.0,567400.0,2477.73,2024-01-26
Le Mans,72181,72000,Maison,53.0,144000.0,2716.98,2024-01-30
Le Mans,72181,72100,Appartement,63.0,82000.0,1301.59,2024-02-07
Bazouges Cré sur Loir,72025,72200,Maison,55.0,51000.0,927.27,2024-01-15
Saint-Mars-d'Outillé,72299,72220,Maison,138.0,213000.0,1543.48,2024-01-31
Le Lude,72176,72800,Maison,70.0,36195.0,517.07,2024-01-23
La Flèche,72154,72200,Maison,201.0,162752.0,809.71,2024-01-30
Le Mans,72181,72100,Maison,72.0,185000.0,2569.44,2024-02-02
Neuville-sur-Sarthe,72217,72190,Maison,80.0,140000.0,1750.0,2024-02-06
Oizé,72226,72330,Maison,102.0,69000.0,676.47,2024-01-19
Mézeray,72195,72270,Maison,42.0,120000.0,2857.14,2024-01-16
Mézeray,72195,72270,Maison,90.0,120000.0,1333.33,2024-01-16
Mézeray,72195,72270,Maison,90.0,120000.0,1333.33,2024-01-16
Beaumont-sur-Sarthe,72029,72170,Maison,46.0,62000.0,1347.83,2024-01-29
Sablé-sur-Sarthe,72264,72300,Appartement,62.0,80000.0,1290.32,2024-02-03
Le Mans,72181,72000,Appartement,20.0,31000.0,1550.0,2024-02-05
Le Mans,72181,72100,Maison,71.0,135000.0,1901.41,2024-01-30
Saint-Aubin-de-Locquenay,72266,72130,Maison,121.0,83500.0,690.08,2024-01-19
Saint-Aubin-de-Locquenay,72266,72130,Maison,121.0,83500.0,690.08,2024-01-19
Saint-Calais,72269,72120,Maison,37.0,11010.0,297.57,2024-01-26
Saint-Calais,72269,72120,Maison,96.0,14990.0,156.15,2024-01-26
Noyen-sur-Sarthe,72223,72430,Maison,80.0,105000.0,1312.5,2024-01-30
Noyen-sur-Sarthe,72223,72430,Maison,80.0,105000.0,1312.5,2024-01-30
Le Mans,72181,72100,Appartement,71.0,133000.0,1873.24,2024-01-26
Le Mans,72181,72000,Appartement,51.0,80000.0,1568.63,2024-01-29
Le Lude,72176,72800,Maison,78.0,54000.0,692.31,2024-02-02
Oisseau-le-Petit,72225,72610,Maison,120.0,65000.0,541.67,2024-01-29
Oisseau-le-Petit,72225,72610,Maison,120.0,65000.0,541.67,2024-01-29
Villeneuve-en-Perseigne,72137,72610,Maison,134.0,140000.0,1044.78,2024-02-02
Dollon,72118,72390,Maison,95.0,70000.0,736.84,2024-01-31
Précigné,72244,72300,Maison,115.0,176600.0,1535.65,2024-01-12
Précigné,72244,72300,Maison,115.0,176600.0,1535.65,2024-01-12
Mamers,72180,72600,Maison,74.0,47500.0,641.89,2024-01-26
Loir en Vallée,72262,72340,Maison,58.0,65000.0,1120.69,2024-01-25
Loir en Vallée,72262,72340,Maison,58.0,65000.0,1120.69,2024-01-25
Loir en Vallée,72262,72340,Maison,58.0,65000.0,1120.69,2024-01-25
Saint-Germain-d'Arcé,72283,72800,Appartement,66.0,85000.0,1287.88,2024-02-07
Saint-Germain-d'Arcé,72283,72800,Appartement,93.0,85000.0,913.98,2024-02-07
Flée,72134,72500,Maison,110.0,144500.0,1313.64,2024-02-07
Le Mans,72181,72000,Maison,83.0,262000.0,3156.63,2024-01-29
Montval-sur-Loir,72071,72500,Appartement,46.0,125000.0,2717.39,2024-02-07
Montval-sur-Loir,72071,72500,Appartement,38.0,125000.0,3289.47,2024-02-07
Montval-sur-Loir,72071,72500,Appartement,38.0,125000.0,3289.47,2024-02-07
Montval-sur-Loir,72071,72500,Appartement,18.0,125000.0,6944.44,2024-02-07
Montval-sur-Loir,72071,72500,Appartement,22.0,125000.0,5681.82,2024-02-07
Le Mans,72181,72000,Appartement,40.0,90000.0,2250.0,2024-01-29
Le Mans,72181,72000,Maison,190.0,789500.0,4155.26,2024-01-31
Le Mans,72181,72000,Appartement,199.0,596000.0,2994.97,2024-01-31
Gréez-sur-Roc,72144,72320,Maison,62.0,60000.0,967.74,2024-02-02
Le Mans,72181,72100,Maison,100.0,209000.0,2090.0,2024-01-12
Saint-Pavace,72310,72190,Maison,183.0,390000.0,2131.15,2024-01-24
Le Mans,72181,72000,Maison,76.0,135000.0,1776.32,2024-01-12
Cormes,72093,72400,Maison,110.0,161000.0,1463.64,2024-01-30
Cormes,72093,72400,Maison,110.0,161000.0,1463.64,2024-01-30
Cormes,72093,72400,Maison,110.0,161000.0,1463.64,2024-01-30
La Flèche,72154,72200,Maison,88.0,156000.0,1772.73,2024-01-25
La Flèche,72154,72200,Maison,88.0,156000.0,1772.73,2024-01-25
Le Mans,72181,72000,Appartement,30.0,25000.0,833.33,2024-01-30
Lavaré,72158,72390,Maison,134.0,25000.0,186.57,2024-01-29
Lavaré,72158,72390,Maison,134.0,25000.0,186.57,2024-01-29
Lavaré,72158,72390,Maison,134.0,25000.0,186.57,2024-01-29
Saint-Jean-de-la-Motte,72291,72510,Maison,140.0,115000.0,821.43,2024-01-31
Mamers,72180,72600,Appartement,63.0,70000.0,1111.11,2024-02-01
La Flèche,72154,72200,Maison,69.0,130000.0,1884.06,2024-01-31
Le Mans,72181,72000,Appartement,80.0,92000.0,1150.0,2024-02-02
Le Mans,72181,72000,Appartement,75.0,232500.0,3100.0,2024-01-18
Le Mans,72181,72000,Appartement,27.0,232500.0,8611.11,2024-01-18
Le Mans,72181,72000,Appartement,88.0,307000.0,3488.64,2024-01-19
Le Mans,72181,72100,Maison,165.0,405000.0,2454.55,2024-01-23
Le Mans,72181,72100,Appartement,50.0,60000.0,1200.0,2024-02-08
Le Mans,72181,72000,Maison,220.0,715000.0,3250.0,2024-01-25
Le Mans,72181,72000,Maison,220.0,715000.0,3250.0,2024-01-25
Teloché,72350,72220,Maison,87.0,155000.0,1781.61,2024-02-06
Le Mans,72181,72000,Appartement,33.0,70000.0,2121.21,2024-01-26
Le Mans,72181,72000,Appartement,71.0,160450.0,2259.86,2024-01-30
Le Mans,72181,72000,Maison,95.0,276000.0,2905.26,2024-01-26
Le Mans,72181,72100,Maison,100.0,220000.0,2200.0,2024-01-26
Le Mans,72181,72100,Appartement,94.0,84500.0,898.94,2024-02-02
Saint-Calais,72269,72120,Maison,74.0,60000.0,810.81,2024-02-01
Cérans-Foulletourte,72051,72330,Maison,168.0,350000.0,2083.33,2024-01-18
Cérans-Foulletourte,72051,72330,Maison,168.0,350000.0,2083.33,2024-01-18
Cérans-Foulletourte,72051,72330,Maison,168.0,350000.0,2083.33,2024-01-18
Challes,72053,72250,Maison,72.0,110000.0,1527.78,2024-01-15
Domfront-en-Champagne,72119,72240,Maison,159.0,459000.0,2886.79,2024-01-31
Domfront-en-Champagne,72119,72240,Maison,159.0,459000.0,2886.79,2024-01-31
Saint-Mars-d'Outillé,72299,72220,Maison,110.0,125000.0,1136.36,2024-02-07
Le Lude,72176,72800,Maison,33.0,18000.0,545.45,2024-02-02
Luceau,72173,72500,Maison,102.0,189200.0,1854.9,2024-02-07
Luceau,72173,72500,Maison,102.0,189200.0,1854.9,2024-02-07
Rahay,72250,72120,Maison,146.0,145000.0,993.15,2024-01-13
Villeneuve-en-Perseigne,72137,72610,Maison,217.0,350000.0,1612.9,2024-02-02
Villeneuve-en-Perseigne,72137,72610,Maison,217.0,350000.0,1612.9,2024-02-02
Laigné-en-Belin,72155,72220,Maison,87.0,172000.0,1977.01,2024-02-07
Le Mans,72181,72000,Appartement,47.0,60000.0,1276.6,2024-01-26
Sainte-Sabine-sur-Longève,72319,72380,Maison,65.0,125000.0,1923.08,2024-01-25
Le Mans,72181,72100,Appartement,36.0,65000.0,1805.56,2024-02-07
Écommoy,72124,72220,Maison,120.0,169000.0,1408.33,2024-01-31
Thorigné-sur-Dué,72358,72160,Maison,71.0,54000.0,760.56,2024-02-12
Vaas,72364,72500,Maison,65.0,49500.0,761.54,2024-02-09
La Chartre-sur-le-Loir,72068,72340,Maison,60.0,30000.0,500.0,2024-02-08
Le Mans,72181,72100,Appartement,78.0,80000.0,1025.64,2024-01-31
Saint-Cosme-en-Vairais,72276,72110,Maison,45.0,26000.0,577.78,2024-02-12
Saint-Cosme-en-Vairais,72276,72110,Maison,68.0,26000.0,382.35,2024-02-12
Mézeray,72195,72270,Maison,110.0,190000.0,1727.27,2024-02-06
Melleray,72193,72320,Maison,141.0,259900.0,1843.26,2024-02-09
La Fontaine-Saint-Martin,72135,72330,Maison,125.0,144000.0,1152.0,2024-02-06
Le Mans,72181,72000,Maison,132.0,350000.0,2651.52,2024-02-09
Le Mans,72181,72000,Appartement,49.0,124000.0,2530.61,2024-02-09
Le Mans,72181,72000,Maison,75.0,125000.0,1666.67,2024-01-26
Écommoy,72124,72220,Maison,101.0,115000.0,1138.61,2024-02-01
La Ferté-Bernard,72132,72400,Maison,160.0,268000.0,1675.0,2024-02-09
Le Bailleul,72022,72200,Maison,60.0,62000.0,1033.33,2024-01-30
Le Bailleul,72022,72200,Maison,60.0,62000.0,1033.33,2024-01-30
Mamers,72180,72600,Maison,80.0,52000.0,650.0,2024-02-08
Ancinnes,72005,72610,Maison,99.0,132000.0,1333.33,2024-02-02
Arnage,72008,72230,Maison,68.0,196500.0,2889.71,2024-02-12
Le Mans,72181,72000,Appartement,52.0,78980.0,1518.85,2024-02-12
Marolles-les-Braults,72189,72260,Maison,73.0,71000.0,972.6,2024-01-29
Saint-Christophe-du-Jambet,72273,72170,Maison,60.0,7000.0,116.67,2024-01-31
Saint-Pierre-du-Lorouër,72314,72150,Maison,42.0,15000.0,357.14,2024-01-31
Le Mans,72181,72000,Maison,52.0,150000.0,2884.62,2024-02-12
Bérus,72034,72610,Maison,79.0,157000.0,1987.34,2024-02-07
Bérus,72034,72610,Maison,79.0,157000.0,1987.34,2024-02-07
Le Mans,72181,72000,Appartement,27.0,65000.0,2407.41,2024-02-12
Le Mans,72181,72100,Maison,116.0,252000.0,2172.41,2024-01-29
Le Mans,72181,72100,Maison,116.0,252000.0,2172.41,2024-01-29
Le Mans,72181,72000,Maison,62.0,183500.0,2959.68,2024-02-07
La Quinte,72249,72550,Maison,137.0,275000.0,2007.3,2024-02-01
Le Mans,72181,72000,Maison,60.0,195000.0,3250.0,2024-02-07
Marolles-les-Braults,72189,72260,Maison,93.0,79500.0,854.84,2024-01-30
Le Mans,72181,72000,Appartement,57.0,102000.0,1789.47,2024-02-01
Le Mans,72181,72100,Maison,70.0,111000.0,1585.71,2024-02-09
Oizé,72226,72330,Maison,38.0,10000.0,263.16,2024-02-06
Oizé,72226,72330,Maison,24.0,49600.0,2066.67,2024-01-25
Le Mans,72181,72000,Appartement,35.0,79000.0,2257.14,2024-02-05
Moncé-en-Belin,72200,72230,Maison,103.0,210000.0,2038.83,2024-01-26
Roézé-sur-Sarthe,72253,72210,Maison,62.0,230000.0,3709.68,2024-02-06
Roézé-sur-Sarthe,72253,72210,Maison,62.0,230000.0,3709.68,2024-02-06
Roézé-sur-Sarthe,72253,72210,Maison,62.0,230000.0,3709.68,2024-02-06
Loué,72168,72540,Maison,63.0,50000.0,793.65,2024-01-23
Saint-Rémy-de-Sillé,72315,72140,Maison,160.0,120000.0,750.0,2024-02-13
Le Mans,72181,72000,Appartement,38.0,75000.0,1973.68,2024-01-29
Sougé-le-Ganelon,72337,72130,Maison,104.0,110000.0,1057.69,2024-02-05
Savigné-l'Évêque,72329,72460,Maison,106.0,250000.0,2358.49,2024-02-08
Saint-Gervais-en-Belin,72287,72220,Maison,169.0,352815.0,2087.66,2024-02-09
Saint-Gervais-en-Belin,72287,72220,Maison,169.0,352815.0,2087.66,2024-02-09
Sablé-sur-Sarthe,72264,72300,Appartement,38.0,1230000.0,32368.42,2024-02-15
Sablé-sur-Sarthe,72264,72300,Appartement,37.0,1230000.0,33243.24,2024-02-15
Sablé-sur-Sarthe,72264,72300,Appartement,40.0,1230000.0,30750.0,2024-02-15
Sablé-sur-Sarthe,72264,72300,Appartement,49.0,1230000.0,25102.04,2024-02-15
Sablé-sur-Sarthe,72264,72300,Appartement,38.0,1230000.0,32368.42,2024-02-15
Sablé-sur-Sarthe,72264,72300,Appartement,49.0,1230000.0,25102.04,2024-02-15
Sablé-sur-Sarthe,72264,72300,Appartement,74.0,1230000.0,16621.62,2024-02-15
Sablé-sur-Sarthe,72264,72300,Appartement,41.0,1230000.0,30000.0,2024-02-15
Sablé-sur-Sarthe,72264,72300,Appartement,44.0,1230000.0,27954.55,2024-02-15
Sablé-sur-Sarthe,72264,72300,Appartement,29.0,1230000.0,42413.79,2024-02-15
Sablé-sur-Sarthe,72264,72300,Appartement,20.0,1230000.0,61500.0,2024-02-15
Sablé-sur-Sarthe,72264,72300,Appartement,41.0,1230000.0,30000.0,2024-02-15
Sablé-sur-Sarthe,72264,72300,Appartement,64.0,1230000.0,19218.75,2024-02-15
Sablé-sur-Sarthe,72264,72300,Appartement,41.0,1230000.0,30000.0,2024-02-15
Sablé-sur-Sarthe,72264,72300,Appartement,32.0,1230000.0,38437.5,2024-02-15
Sablé-sur-Sarthe,72264,72300,Appartement,61.0,1230000.0,20163.93,2024-02-15
Sablé-sur-Sarthe,72264,72300,Appartement,32.0,1230000.0,38437.5,2024-02-15
Sablé-sur-Sarthe,72264,72300,Appartement,49.0,1230000.0,25102.04,2024-02-15
Sablé-sur-Sarthe,72264,72300,Appartement,47.0,1230000.0,26170.21,2024-02-15
Sablé-sur-Sarthe,72264,72300,Appartement,61.0,1230000.0,20163.93,2024-02-15
Sablé-sur-Sarthe,72264,72300,Appartement,26.0,1230000.0,47307.69,2024-02-15
Sablé-sur-Sarthe,72264,72300,Appartement,61.0,1230000.0,20163.93,2024-02-15
Sablé-sur-Sarthe,72264,72300,Appartement,64.0,1230000.0,19218.75,2024-02-15
Sablé-sur-Sarthe,72264,72300,Appartement,41.0,1230000.0,30000.0,2024-02-15
Sablé-sur-Sarthe,72264,72300,Appartement,33.0,1230000.0,37272.73,2024-02-15
Sablé-sur-Sarthe,72264,72300,Appartement,48.0,1230000.0,25625.0,2024-02-15
Sablé-sur-Sarthe,72264,72300,Appartement,34.0,1230000.0,36176.47,2024-02-15
Sablé-sur-Sarthe,72264,72300,Appartement,34.0,1230000.0,36176.47,2024-02-15
Sablé-sur-Sarthe,72264,72300,Appartement,26.0,1230000.0,47307.69,2024-02-15
Sablé-sur-Sarthe,72264,72300,Appartement,42.0,1230000.0,29285.71,2024-02-15
Sablé-sur-Sarthe,72264,72300,Appartement,41.0,1230000.0,30000.0,2024-02-15
Sablé-sur-Sarthe,72264,72300,Appartement,28.0,1230000.0,43928.57,2024-02-15
Le Mans,72181,72100,Appartement,33.0,47000.0,1424.24,2024-02-09
Moncé-en-Belin,72200,72230,Maison,157.0,270000.0,1719.75,2024-02-13
Moncé-en-Belin,72200,72230,Maison,157.0,270000.0,1719.75,2024-02-13
Vibraye,72373,72320,Maison,63.0,65000.0,1031.75,2024-02-06
Thorée-les-Pins,72357,72800,Maison,45.0,35000.0,777.78,2024-01-30
Le Mans,72181,72000,Maison,70.0,111500.0,1592.86,2024-02-01
Conlie,72089,72240,Maison,90.0,108000.0,1200.0,2024-01-31
Courcemont,72101,72110,Maison,70.0,115000.0,1642.86,2024-02-13
Sillé-le-Philippe,72335,72460,Maison,91.0,154000.0,1692.31,2024-01-19
La Flèche,72154,72200,Maison,70.0,130000.0,1857.14,2024-02-12
La Flèche,72154,72200,Maison,70.0,130000.0,1857.14,2024-02-12
La Flèche,72154,72200,Maison,70.0,130000.0,1857.14,2024-02-12
Solesmes,72336,72300,Maison,93.0,138000.0,1483.87,2024-01-24
Le Mans,72181,72000,Appartement,30.0,40000.0,1333.33,2024-02-13
Joué-l'Abbé,72150,72380,Maison,75.0,110800.0,1477.33,2024-02-05
Le Mans,72181,72100,Maison,18.0,305000.0,16944.44,2024-02-09
Le Mans,72181,72100,Maison,113.0,305000.0,2699.12,2024-02-09
Le Mans,72181,72100,Maison,18.0,305000.0,16944.44,2024-02-09
Le Mans,72181,72100,Maison,113.0,305000.0,2699.12,2024-02-09
Champagné,72054,72470,Maison,47.0,83900.0,1785.11,2024-02-07
Saint-Denis-d'Orques,72278,72350,Maison,73.0,90200.0,1235.62,2024-01-29
Le Mans,72181,72000,Maison,68.0,137000.0,2014.71,2024-02-09
Le Mans,72181,72100,Maison,33.0,66000.0,2000.0,2024-01-25
Le Mans,72181,72100,Appartement,22.0,66000.0,3000.0,2024-01-25
Le Mans,72181,72100,Maison,57.0,66000.0,1157.89,2024-01-25
Le Mans,72181,72100,Appartement,28.0,66000.0,2357.14,2024-01-25
Le Mans,72181,72100,Appartement,25.0,66000.0,2640.0,2024-01-25
Le Mans,72181,72000,Appartement,56.0,85000.0,1517.86,2024-02-12
Connerré,72090,72160,Maison,96.0,85000.0,885.42,2024-02-13
Torcé-en-Vallée,72359,72110,Maison,77.0,115000.0,1493.51,2024-02-09
Le Mans,72181,72000,Maison,82.0,223000.0,2719.51,2024-02-12
Lavaré,72158,72390,Maison,50.0,251000.0,5020.0,2024-02-09
Lavaré,72158,72390,Maison,50.0,251000.0,5020.0,2024-02-09
Lavaré,72158,72390,Maison,69.0,251000.0,3637.68,2024-02-09
Lavaré,72158,72390,Maison,69.0,251000.0,3637.68,2024-02-09
Moncé-en-Belin,72200,72230,Maison,85.0,215000.0,2529.41,2024-01-26
Le Mans,72181,72000,Maison,101.0,181295.0,1795.0,2024-02-05
Le Mans,72181,72000,Maison,76.0,150000.0,1973.68,2024-02-01
Guécélard,72146,72230,Maison,77.0,174000.0,2259.74,2024-02-13
Poillé-sur-Vègre,72239,72350,Maison,130.0,140000.0,1076.92,2024-02-12
Le Mans,72181,72000,Appartement,79.0,119000.0,1506.33,2024-02-07
Champagné,72054,72470,Maison,67.0,116000.0,1731.34,2024-02-13
Le Mans,72181,72000,Maison,72.0,140000.0,1944.44,2024-02-08
Fresnay-sur-Sarthe,72138,72130,Appartement,60.0,30000.0,500.0,2024-01-29
Fresnay-sur-Sarthe,72138,72130,Appartement,25.0,30000.0,1200.0,2024-01-29
Fresnay-sur-Sarthe,72138,72130,Appartement,30.0,30000.0,1000.0,2024-01-29
Loir en Vallée,72262,72340,Maison,48.0,110000.0,2291.67,2024-02-08
Cures,72111,72240,Maison,94.0,182500.0,1941.49,2024-02-13
Cures,72111,72240,Maison,94.0,182500.0,1941.49,2024-02-13
Cures,72111,72240,Maison,94.0,182500.0,1941.49,2024-02-13
Saint-Aubin-des-Coudrais,72267,72400,Maison,91.0,150000.0,1648.35,2024-02-12
Montaillé,72204,72120,Maison,80.0,60000.0,750.0,2024-02-02
Le Mans,72181,72100,Maison,81.0,195000.0,2407.41,2024-02-14
Le Mans,72181,72100,Appartement,32.0,60000.0,1875.0,2024-02-14
Bessé-sur-Braye,72035,72310,Maison,84.0,135000.0,1607.14,2024-02-08
La Chapelle-Saint-Aubin,72065,72650,Maison,98.0,205000.0,2091.84,2024-02-15
La Quinte,72249,72550,Maison,81.0,157500.0,1944.44,2024-02-13
La Chapelle-Saint-Aubin,72065,72650,Maison,102.0,215000.0,2107.84,2024-01-19
La Bazoge,72024,72650,Maison,66.0,65000.0,984.85,2024-02-06
Soulitré,72341,72370,Maison,52.0,92000.0,1769.23,2024-02-10
Le Mans,72181,72100,Appartement,46.0,67000.0,1456.52,2024-02-13
Le Mans,72181,72100,Maison,162.0,340000.0,2098.77,2024-02-16
Le Breil-sur-Mérize,72046,72370,Appartement,96.0,155000.0,1614.58,2024-02-12
Le Breil-sur-Mérize,72046,72370,Appartement,76.0,155000.0,2039.47,2024-02-12
Ballon-Saint Mars,72023,72290,Maison,28.0,55000.0,1964.29,2024-02-16
Connerré,72090,72160,Maison,82.0,62000.0,756.1,2024-02-13
Connerré,72090,72160,Maison,88.0,180000.0,2045.45,2024-02-05
Coulongé,72098,72800,Maison,160.0,134000.0,837.5,2024-01-16
Le Mans,72181,72000,Maison,91.0,215000.0,2362.64,2024-01-22
Le Mans,72181,72000,Appartement,66.0,139000.0,2106.06,2024-02-15
Le Mans,72181,72000,Maison,110.0,391300.0,3557.27,2024-01-26
Coulaines,72095,72190,Maison,60.0,151800.0,2530.0,2024-01-30
Le Mans,72181,72100,Maison,38.0,162500.0,4276.32,2024-01-26
Le Mans,72181,72100,Maison,82.0,162500.0,1981.71,2024-01-26
Saint-Paterne - Le Chevain,72308,72610,Maison,67.0,115000.0,1716.42,2024-02-02
Saint-Mars-d'Outillé,72299,72220,Maison,56.0,56000.0,1000.0,2024-01-25
Le Mans,72181,72000,Appartement,67.0,135000.0,2014.93,2024-01-29
Laigné-en-Belin,72155,72220,Maison,55.0,125000.0,2272.73,2024-02-12
Dollon,72118,72390,Maison,99.0,165000.0,1666.67,2024-02-14
Changé,72058,72560,Maison,104.0,170000.0,1634.62,2024-02-09
Le Mans,72181,72000,Maison,96.0,330000.0,3437.5,2024-01-22
Le Mans,72181,72000,Appartement,59.0,159000.0,2694.92,2024-02-14
Le Mans,72181,72000,Maison,100.0,239500.0,2395.0,2024-02-15
Fresnay-sur-Sarthe,72138,72130,Maison,118.0,70000.0,593.22,2024-01-27
Marçon,72183,72340,Maison,90.0,155000.0,1722.22,2024-02-07
Montval-sur-Loir,72071,72500,Maison,40.0,40000.0,1000.0,2024-02-14
Dangeul,72112,72260,Maison,80.0,88600.0,1107.5,2024-01-31
Tuffé Val de la Chéronne,72363,72160,Maison,40.0,60000.0,1500.0,2024-02-14
Marigné-Laillé,72187,72220,Maison,63.0,57500.0,912.7,2024-02-07
Marigné-Laillé,72187,72220,Maison,63.0,57500.0,912.7,2024-02-07
Le Mans,72181,72100,Appartement,56.0,53000.0,946.43,2024-02-13
Le Mans,72181,72000,Appartement,41.0,87000.0,2121.95,2024-02-14
Le Mans,72181,72000,Appartement,39.0,87000.0,2230.77,2024-02-16
Le Mans,72181,72000,Appartement,43.0,60500.0,1406.98,2024-02-13
Cures,72111,72240,Maison,93.0,44000.0,473.12,2024-02-12
Cures,72111,72240,Maison,93.0,44000.0,473.12,2024-02-12
Cures,72111,72240,Maison,93.0,44000.0,473.12,2024-02-12
Le Lude,72176,72800,Maison,70.0,45000.0,642.86,2024-02-16
Saint-Pierre-de-Chevillé,72311,72500,Maison,88.0,150000.0,1704.55,2024-02-16
Saint-Pierre-de-Chevillé,72311,72500,Maison,88.0,150000.0,1704.55,2024-02-16
Val d'Étangson,72128,72120,Maison,122.0,192000.0,1573.77,2024-02-05
Val d'Étangson,72128,72120,Maison,122.0,192000.0,1573.77,2024-02-05
Saint-Vincent-du-Lorouër,72325,72150,Maison,52.0,510000.0,9807.69,2024-02-09
Saint-Vincent-du-Lorouër,72325,72150,Maison,131.0,510000.0,3893.13,2024-02-09
Saint-Vincent-du-Lorouër,72325,72150,Maison,143.0,510000.0,3566.43,2024-02-09
Saint-Vincent-du-Lorouër,72325,72150,Maison,254.0,256500.0,1009.84,2024-02-15
Brûlon,72050,72350,Maison,33.0,900000.0,27272.73,2024-02-19
Torcé-en-Vallée,72359,72110,Maison,140.0,270000.0,1928.57,2024-02-16
Saint-Georges-de-la-Couée,72279,72150,Maison,96.0,165000.0,1718.75,2024-02-05
Saint-Calais,72269,72120,Maison,79.0,66000.0,835.44,2024-02-08
Saint-Paterne - Le Chevain,72308,72610,Maison,51.0,50000.0,980.39,2024-01-26
Saint-Paterne - Le Chevain,72308,72610,Maison,51.0,50000.0,980.39,2024-01-26
Fillé,72133,72210,Maison,90.0,226000.0,2511.11,2024-01-22
Fillé,72133,72210,Maison,90.0,226000.0,2511.11,2024-01-22
Luché-Pringé,72175,72800,Maison,251.0,199000.0,792.83,2024-02-01
Luché-Pringé,72175,72800,Maison,251.0,199000.0,792.83,2024-02-01
Le Breil-sur-Mérize,72046,72370,Maison,97.0,50000.0,515.46,2024-02-01
Crissé,72109,72140,Maison,73.0,20000.0,273.97,2024-02-16
Sillé-le-Guillaume,72334,72140,Maison,95.0,102000.0,1073.68,2024-02-19
Sillé-le-Guillaume,72334,72140,Appartement,43.0,10000.0,232.56,2024-02-19
Montfort-le-Gesnois,72241,72450,Maison,59.0,55000.0,932.2,2024-02-15
Tennie,72351,72240,Maison,45.0,43000.0,955.56,2024-01-30
Le Mans,72181,72100,Appartement,51.0,95000.0,1862.75,2024-02-12
Arnage,72008,72230,Maison,130.0,80000.0,615.38,2024-01-25
Verneil-le-Chétif,72369,72360,Maison,208.0,315000.0,1514.42,2024-02-15
Verneil-le-Chétif,72369,72360,Maison,208.0,315000.0,1514.42,2024-02-15
Longnes,72166,72540,Maison,85.0,157000.0,1847.06,2024-02-13
Longnes,72166,72540,Maison,85.0,157000.0,1847.06,2024-02-13
Laigné-en-Belin,72155,72220,Maison,66.0,117000.0,1772.73,2024-02-15
Loir en Vallée,72262,72340,Maison,62.0,50000.0,806.45,2024-02-14
La Guierche,72147,72380,Maison,61.0,115000.0,1885.25,2024-02-15
La Guierche,72147,72380,Maison,61.0,115000.0,1885.25,2024-02-15
Saint-Ulphace,72322,72320,Maison,49.0,69500.0,1418.37,2024-02-15
La Ferté-Bernard,72132,72400,Appartement,48.0,65000.0,1354.17,2024-02-16
Le Mans,72181,72100,Appartement,53.0,66000.0,1245.28,2024-02-08
Juillé,72152,72170,Maison,157.0,87727.0,558.77,2024-01-30
Juillé,72152,72170,Maison,157.0,87727.0,558.77,2024-01-30
Juillé,72152,72170,Maison,157.0,87727.0,558.77,2024-01-30
Juillé,72152,72170,Maison,157.0,87727.0,558.77,2024-01-30
Le Mans,72181,72000,Appartement,42.0,59900.0,1426.19,2024-02-08
Le Mans,72181,72000,Maison,51.0,65000.0,1274.51,2024-02-15
Le Lude,72176,72800,Maison,64.0,140000.0,2187.5,2024-02-19
Sainte-Jamme-sur-Sarthe,72289,72380,Maison,122.0,210000.0,1721.31,2024-02-13
La Ferté-Bernard,72132,72400,Maison,120.0,45000.0,375.0,2024-02-20
Le Mans,72181,72100,Maison,75.0,177900.0,2372.0,2024-02-07
Montbizot,72205,72380,Maison,50.0,58000.0,1160.0,2024-02-07
Montbizot,72205,72380,Maison,50.0,58000.0,1160.0,2024-02-07
Arnage,72008,72230,Maison,76.0,189900.0,2498.68,2024-02-16
Connerré,72090,72160,Maison,82.0,125000.0,1524.39,2024-02-19
Bessé-sur-Braye,72035,72310,Appartement,32.0,10000.0,312.5,2024-02-12
La Bazoge,72024,72650,Maison,96.0,225000.0,2343.75,2024-01-29
Ruillé-en-Champagne,72261,72240,Maison,70.0,95000.0,1357.14,2024-01-30
Beaufay,72026,72110,Maison,72.0,137500.0,1909.72,2024-02-15
Fay,72130,72550,Maison,116.0,235000.0,2025.86,2024-02-15
Fay,72130,72550,Maison,116.0,235000.0,2025.86,2024-02-15
Beaumont-sur-Dême,72027,72340,Maison,84.0,88000.0,1047.62,2024-02-08
Beaumont-sur-Dême,72027,72340,Maison,84.0,88000.0,1047.62,2024-02-08
Yvré-l'Évêque,72386,72530,Maison,134.0,294000.0,2194.03,2024-01-19
Bessé-sur-Braye,72035,72310,Maison,45.0,30260.0,672.44,2024-02-10
Chahaignes,72052,72340,Maison,99.0,60000.0,606.06,2024-02-17
Chahaignes,72052,72340,Maison,99.0,60000.0,606.06,2024-02-17
Saint-Mars-d'Outillé,72299,72220,Maison,78.0,46000.0,589.74,2024-02-16
Champfleur,72056,72610,Maison,97.0,180865.0,1864.59,2024-02-19
La Suze-sur-Sarthe,72346,72210,Maison,101.0,206000.0,2039.6,2024-02-15
Le Mans,72181,72000,Appartement,39.0,320000.0,8205.13,2024-02-16
Le Mans,72181,72000,Appartement,22.0,320000.0,14545.45,2024-02-16
Le Mans,72181,72000,Appartement,39.0,320000.0,8205.13,2024-02-16
Le Mans,72181,72000,Appartement,22.0,320000.0,14545.45,2024-02-16
Le Mans,72181,72000,Appartement,26.0,44000.0,1692.31,2024-02-16
Mareil-sur-Loir,72185,72200,Maison,118.0,165000.0,1398.31,2024-02-16
Mareil-sur-Loir,72185,72200,Maison,118.0,165000.0,1398.31,2024-02-16
Spay,72344,72700,Maison,88.0,255000.0,2897.73,2024-02-16
Spay,72344,72700,Maison,88.0,255000.0,2897.73,2024-02-16
La Ferté-Bernard,72132,72400,Maison,95.0,245000.0,2578.95,2024-02-08
La Ferté-Bernard,72132,72400,Maison,95.0,245000.0,2578.95,2024-02-08
La Ferté-Bernard,72132,72400,Maison,95.0,245000.0,2578.95,2024-02-08
Le Mans,72181,72000,Appartement,34.0,74000.0,2176.47,2024-02-16
Allonnes,72003,72700,Maison,81.0,159400.0,1967.9,2024-02-15
Le Mans,72181,72000,Appartement,64.0,95000.0,1484.38,2024-02-16
Le Mans,72181,72000,Maison,41.0,115000.0,2804.88,2024-02-13
Louailles,72167,72300,Maison,107.0,87500.0,817.76,2024-02-12
Souligné-Flacé,72339,72210,Maison,31.0,30000.0,967.74,2024-02-19
Souligné-Flacé,72339,72210,Maison,31.0,30000.0,967.74,2024-02-19
Le Mans,72181,72000,Appartement,68.0,134000.0,1970.59,2024-02-15
Briosne-lès-Sables,72048,72110,Maison,95.0,52700.0,554.74,2024-02-20
Le Mans,72181,72100,Appartement,18.0,55200.0,3066.67,2024-02-14
Le Mans,72181,72000,Appartement,26.0,54000.0,2076.92,2024-02-20
Saint-Gervais-en-Belin,72287,72220,Maison,37.0,129000.0,3486.49,2024-02-16
Saint-Gervais-en-Belin,72287,72220,Maison,46.0,129000.0,2804.35,2024-02-16
Rouillon,72257,72700,Maison,88.0,238000.0,2704.55,2024-02-13
La Flèche,72154,72200,Maison,163.0,410000.0,2515.34,2024-02-01
La Flèche,72154,72200,Maison,163.0,410000.0,2515.34,2024-02-01
Saint-Gervais-en-Belin,72287,72220,Maison,100.0,214000.0,2140.0,2024-02-20
Saint-Gervais-en-Belin,72287,72220,Maison,100.0,214000.0,2140.0,2024-02-20
Beillé,72031,72160,Maison,52.0,30000.0,576.92,2024-02-20
La Flèche,72154,72200,Appartement,98.0,388864.0,3968.0,2024-02-07
Courcebœufs,72099,72290,Maison,60.0,75000.0,1250.0,2024-02-20
Sainte-Sabine-sur-Longève,72319,72380,Maison,68.0,100000.0,1470.59,2024-02-02
Sainte-Sabine-sur-Longève,72319,72380,Maison,68.0,100000.0,1470.59,2024-02-02
Joué-l'Abbé,72150,72380,Maison,94.0,50400.0,536.17,2024-02-12
Joué-l'Abbé,72150,72380,Maison,94.0,50400.0,536.17,2024-02-12
Joué-l'Abbé,72150,72380,Maison,94.0,50400.0,536.17,2024-02-12
Le Mans,72181,72000,Appartement,35.0,90000.0,2571.43,2024-02-21
Parcé-sur-Sarthe,72228,72300,Maison,155.0,117450.0,757.74,2024-02-15
Le Mans,72181,72100,Appartement,43.0,99370.0,2310.93,2024-02-16
Le Mans,72181,72100,Maison,71.0,120000.0,1690.14,2024-02-05
Le Mans,72181,72000,Appartement,133.0,247500.0,1860.9,2024-01-29
Sillé-le-Guillaume,72334,72140,Maison,45.0,13000.0,288.89,2024-02-08
Coulaines,72095,72190,Maison,139.0,215000.0,1546.76,2024-01-31
La Bazoge,72024,72650,Maison,128.0,315000.0,2460.94,2024-02-09
Le Mans,72181,72000,Maison,90.0,222000.0,2466.67,2024-02-16
Chemiré-le-Gaudin,72075,72210,Maison,110.0,85000.0,772.73,2024-02-15
Écommoy,72124,72220,Maison,108.0,179500.0,1662.04,2024-02-19
Blèves,72037,72600,Maison,93.0,63100.0,678.49,2024-01-31
Blèves,72037,72600,Maison,93.0,63100.0,678.49,2024-01-31
Courtillers,72106,72300,Maison,92.0,182000.0,1978.26,2024-02-22
Courtillers,72106,72300,Maison,92.0,182000.0,1978.26,2024-02-22
Le Mans,72181,72100,Maison,71.0,123000.0,1732.39,2024-01-29
Marigné-Laillé,72187,72220,Maison,22.0,15000.0,681.82,2024-02-21
Saint-Ouen-en-Belin,72306,72220,Maison,82.0,114000.0,1390.24,2024-02-19
Sablé-sur-Sarthe,72264,72300,Maison,121.0,127912.0,1057.12,2024-02-08
Sablé-sur-Sarthe,72264,72300,Appartement,45.0,127912.0,2842.49,2024-02-08
Sablé-sur-Sarthe,72264,72300,Appartement,40.0,127912.0,3197.8,2024-02-08
Sainte-Jamme-sur-Sarthe,72289,72380,Maison,38.0,65000.0,1710.53,2024-02-21
Saint-Mars-d'Outillé,72299,72220,Maison,72.0,127000.0,1763.89,2024-02-21
Sablé-sur-Sarthe,72264,72300,Appartement,45.0,12588.0,279.73,2024-02-08
Sablé-sur-Sarthe,72264,72300,Appartement,40.0,12588.0,314.7,2024-02-08
Sablé-sur-Sarthe,72264,72300,Maison,121.0,12588.0,104.03,2024-02-08
Saint-Paul-le-Gaultier,72309,72130,Maison,118.0,37000.0,313.56,2024-02-03
Tennie,72351,72240,Maison,44.0,131000.0,2977.27,2024-02-20
Tennie,72351,72240,Maison,91.0,131000.0,1439.56,2024-02-20
Le Mans,72181,72000,Maison,116.0,244800.0,2110.34,2024-02-02
Le Mans,72181,72100,Maison,65.0,161000.0,2476.92,2024-02-05
Le Grand-Lucé,72143,72150,Maison,22.0,5450.0,247.73,2024-02-22
Loir en Vallée,72262,72340,Maison,94.0,125000.0,1329.79,2024-02-23
Loir en Vallée,72262,72340,Maison,94.0,125000.0,1329.79,2024-02-23
Le Mans,72181,72000,Appartement,55.0,81500.0,1481.82,2024-01-29
Champagné,72054,72470,Maison,56.0,110000.0,1964.29,2024-01-30
Mulsanne,72213,72230,Maison,160.0,390000.0,2437.5,2024-01-31
Le Mans,72181,72000,Appartement,100.0,200000.0,2000.0,2024-02-01
Le Mans,72181,72000,Maison,301.0,337500.0,1121.26,2024-02-20
Bessé-sur-Braye,72035,72310,Maison,115.0,180000.0,1565.22,2024-02-16
Changé,72058,72560,Maison,99.0,230000.0,2323.23,2024-02-21
Changé,72058,72560,Maison,99.0,230000.0,2323.23,2024-02-21
Le Mans,72181,72100,Appartement,65.0,65000.0,1000.0,2024-02-20
Le Mans,72181,72000,Maison,75.0,280000.0,3733.33,2024-02-08
Chahaignes,72052,72340,Maison,58.0,200000.0,3448.28,2024-02-16
Chahaignes,72052,72340,Maison,58.0,200000.0,3448.28,2024-02-16
La Chartre-sur-le-Loir,72068,72340,Maison,75.0,66000.0,880.0,2024-02-19
Le Mans,72181,72000,Appartement,57.0,74500.0,1307.02,2024-02-21
Le Mans,72181,72000,Maison,72.0,150000.0,2083.33,2024-01-31
Le Mans,72181,72000,Maison,90.0,169000.0,1877.78,2024-02-21
Beaumont-sur-Sarthe,72029,72170,Maison,49.0,49000.0,1000.0,2024-02-09
Le Mans,72181,72100,Maison,64.0,100000.0,1562.5,2024-02-15
Le Mans,72181,72100,Maison,70.0,102000.0,1457.14,2024-02-21
Le Mans,72181,72100,Appartement,89.0,105000.0,1179.78,2024-02-16
Le Mans,72181,72000,Appartement,51.0,80000.0,1568.63,2024-02-15
Saint-Corneille,72275,72460,Maison,102.0,200000.0,1960.78,2024-02-02
Saint-Corneille,72275,72460,Maison,102.0,200000.0,1960.78,2024-02-02
Saint-Pierre-du-Lorouër,72314,72150,Maison,74.0,34000.0,459.46,2024-02-05
Le Mans,72181,72000,Appartement,82.0,215000.0,2621.95,2024-02-06
Le Mans,72181,72000,Appartement,19.0,546000.0,28736.84,2024-02-02
Le Mans,72181,72000,Appartement,30.0,546000.0,18200.0,2024-02-02
Le Mans,72181,72000,Appartement,19.0,546000.0,28736.84,2024-02-02
Le Mans,72181,72000,Appartement,30.0,546000.0,18200.0,2024-02-02
Le Mans,72181,72000,Appartement,52.0,546000.0,10500.0,2024-02-02
Le Mans,72181,72000,Appartement,25.0,546000.0,21840.0,2024-02-02
Le Mans,72181,72000,Appartement,52.0,546000.0,10500.0,2024-02-02
Le Luart,72172,72390,Maison,99.0,193500.0,1954.55,2024-02-23
Le Luart,72172,72390,Maison,99.0,193500.0,1954.55,2024-02-23
Le Mans,72181,72100,Maison,100.0,179500.0,1795.0,2024-02-02
La Ferté-Bernard,72132,72400,Maison,100.0,180000.0,1800.0,2024-02-23
Changé,72058,72560,Appartement,66.0,160000.0,2424.24,2024-02-23
Changé,72058,72560,Appartement,45.0,160000.0,3555.56,2024-02-23
Loir en Vallée,72262,72310,Maison,79.0,49670.0,628.73,2024-02-13
Loir en Vallée,72262,72310,Maison,79.0,49670.0,628.73,2024-02-13
Bessé-sur-Braye,72035,72310,Maison,81.0,100000.0,1234.57,2024-02-15
Le Mans,72181,72000,Appartement,61.0,135000.0,2213.11,2024-02-22
Loir en Vallée,72262,72340,Maison,55.0,45000.0,818.18,2024-02-16
Blèves,72037,72600,Maison,89.0,120000.0,1348.31,2024-02-12
Saint-Paterne - Le Chevain,72308,72610,Maison,72.0,25000.0,347.22,2024-02-14
Le Mans,72181,72000,Appartement,19.0,60000.0,3157.89,2024-02-09
Le Mans,72181,72000,Appartement,99.0,145000.0,1464.65,2024-02-22
La Ferté-Bernard,72132,72400,Maison,100.0,227500.0,2275.0,2024-01-27
Nuillé-le-Jalais,72224,72370,Maison,129.0,165000.0,1279.07,2024-02-16
Nuillé-le-Jalais,72224,72370,Maison,129.0,165000.0,1279.07,2024-02-16
Parigné-l'Évêque,72231,72250,Maison,66.0,130500.0,1977.27,2024-02-22
Sainte-Jamme-sur-Sarthe,72289,72380,Maison,155.0,260000.0,1677.42,2024-02-23
Parigné-le-Pôlin,72230,72330,Maison,78.0,117000.0,1500.0,2024-02-21
Le Mans,72181,72000,Appartement,52.0,160000.0,3076.92,2024-02-20
Connerré,72090,72160,Maison,69.0,132000.0,1913.04,2024-02-10
Volnay,72382,72440,Maison,100.0,130000.0,1300.0,2024-02-19
Volnay,72382,72440,Maison,100.0,130000.0,1300.0,2024-02-19
Longnes,72166,72540,Maison,72.0,152000.0,2111.11,2024-02-26
Longnes,72166,72540,Maison,72.0,152000.0,2111.11,2024-02-26
Longnes,72166,72540,Maison,72.0,152000.0,2111.11,2024-02-26
Le Mans,72181,72000,Maison,68.0,130000.0,1911.76,2024-02-13
Tennie,72351,72240,Maison,44.0,54235.0,1232.61,2024-02-17
Thorée-les-Pins,72357,72800,Maison,77.0,190000.0,2467.53,2024-02-26
Duneau,72122,72160,Maison,78.0,135000.0,1730.77,2024-02-20
Duneau,72122,72160,Maison,78.0,135000.0,1730.77,2024-02-20
Saint-Ulphace,72322,72320,Maison,90.0,123000.0,1366.67,2024-02-20
Le Mans,72181,72000,Appartement,79.0,192000.0,2430.38,2024-02-20
Précigné,72244,72300,Maison,131.0,212000.0,1618.32,2024-02-08
Le Mans,72181,72000,Appartement,84.0,123000.0,1464.29,2024-01-29
Le Mans,72181,72000,Maison,78.0,144200.0,1848.72,2024-02-19
Le Mans,72181,72100,Maison,65.0,167000.0,2569.23,2024-02-23
Montaillé,72204,72120,Maison,63.0,98000.0,1555.56,2024-02-22
Montaillé,72204,72120,Maison,63.0,98000.0,1555.56,2024-02-22
Le Mans,72181,72000,Appartement,67.0,90000.0,1343.28,2024-02-22
Le Mans,72181,72000,Maison,48.0,143000.0,2979.17,2024-02-23
Le Mans,72181,72000,Appartement,36.0,54000.0,1500.0,2024-02-23
Le Mans,72181,72000,Maison,90.0,245000.0,2722.22,2024-02-22
Ballon-Saint Mars,72023,72290,Maison,93.0,131000.0,1408.6,2024-02-22
La Flèche,72154,72200,Maison,107.0,189000.0,1766.36,2024-02-16
Le Mans,72181,72000,Appartement,25.0,920000.0,36800.0,2024-02-16
Le Mans,72181,72000,Appartement,39.0,920000.0,23589.74,2024-02-16
Le Mans,72181,72000,Appartement,25.0,920000.0,36800.0,2024-02-16
Le Mans,72181,72000,Appartement,32.0,920000.0,28750.0,2024-02-16
Le Mans,72181,72000,Appartement,39.0,920000.0,23589.74,2024-02-16
Le Mans,72181,72000,Appartement,35.0,920000.0,26285.71,2024-02-16
Le Mans,72181,72000,Appartement,66.0,920000.0,13939.39,2024-02-16
Le Mans,72181,72000,Appartement,26.0,920000.0,35384.62,2024-02-16
Le Mans,72181,72000,Appartement,25.0,920000.0,36800.0,2024-02-16
Le Mans,72181,72000,Appartement,36.0,920000.0,25555.56,2024-02-16
Le Mans,72181,72000,Appartement,35.0,920000.0,26285.71,2024-02-16
Le Mans,72181,72000,Appartement,35.0,920000.0,26285.71,2024-02-16
Le Mans,72181,72000,Appartement,27.0,920000.0,34074.07,2024-02-16
Le Mans,72181,72000,Appartement,26.0,920000.0,35384.62,2024-02-16
Le Mans,72181,72000,Appartement,35.0,920000.0,26285.71,2024-02-16
Le Mans,72181,72000,Appartement,27.0,920000.0,34074.07,2024-02-16
Le Mans,72181,72000,Appartement,32.0,920000.0,28750.0,2024-02-16
Le Mans,72181,72000,Appartement,26.0,920000.0,35384.62,2024-02-16
Le Mans,72181,72000,Appartement,35.0,920000.0,26285.71,2024-02-16
Saint-Marceau,72297,72170,Maison,61.0,53000.0,868.85,2024-02-22
Peray,72233,72260,Maison,114.0,120000.0,1052.63,2024-02-27
Montbizot,72205,72380,Maison,170.0,258000.0,1517.65,2024-02-27
Montbizot,72205,72380,Maison,170.0,258000.0,1517.65,2024-02-27
Tassé,72347,72430,Maison,150.0,145000.0,966.67,2024-01-31
Tassé,72347,72430,Maison,150.0,145000.0,966.67,2024-01-31
Le Mans,72181,72000,Appartement,20.0,48000.0,2400.0,2024-01-30
Saint-Calais,72269,72120,Maison,84.0,60500.0,720.24,2024-02-01
Fercé-sur-Sarthe,72131,72430,Maison,73.0,125000.0,1712.33,2024-02-02
Dollon,72118,72390,Maison,145.0,125000.0,862.07,2024-02-16
Dollon,72118,72390,Maison,145.0,125000.0,862.07,2024-02-16
Joué-en-Charnie,72149,72540,Maison,92.0,40000.0,434.78,2024-02-03
Joué-en-Charnie,72149,72540,Maison,92.0,40000.0,434.78,2024-02-03
Le Mans,72181,72000,Appartement,21.0,49000.0,2333.33,2024-02-02
Précigné,72244,72300,Maison,156.0,130000.0,833.33,2024-02-12
Mamers,72180,72600,Maison,88.0,80000.0,909.09,2024-02-07
Coulaines,72095,72190,Maison,107.0,284000.0,2654.21,2024-02-23
Montval-sur-Loir,72071,72500,Appartement,18.0,135000.0,7500.0,2024-02-12
Montval-sur-Loir,72071,72500,Appartement,65.0,135000.0,2076.92,2024-02-12
Montval-sur-Loir,72071,72500,Appartement,25.0,135000.0,5400.0,2024-02-12
Beaumont-sur-Sarthe,72029,72170,Maison,55.0,46000.0,836.36,2024-02-22
Thorigné-sur-Dué,72358,72160,Maison,88.0,90000.0,1022.73,2024-02-20
Thorigné-sur-Dué,72358,72160,Maison,88.0,90000.0,1022.73,2024-02-20
Saint-Aubin-de-Locquenay,72266,72130,Maison,89.0,140000.0,1573.03,2024-02-27
La Flèche,72154,72200,Maison,85.0,131300.0,1544.71,2024-02-22
Sablé-sur-Sarthe,72264,72300,Maison,93.0,110000.0,1182.8,2024-02-23
Sablé-sur-Sarthe,72264,72300,Maison,86.0,135000.0,1569.77,2024-02-26
Sablé-sur-Sarthe,72264,72300,Maison,145.0,168000.0,1158.62,2024-02-21
Le Mans,72181,72100,Maison,83.0,45000.0,542.17,2024-02-20
Saint-Cosme-en-Vairais,72276,72110,Maison,130.0,8200.0,63.08,2024-02-09
Saint-Jean-de-la-Motte,72291,72510,Maison,150.0,170000.0,1133.33,2024-02-22
Bonnétable,72039,72110,Maison,106.0,165000.0,1556.6,2024-02-16
Mamers,72180,72600,Maison,71.0,97000.0,1366.2,2024-02-12
Aillières-Beauvoir,72002,72600,Maison,116.0,60000.0,517.24,2024-02-26
Aillières-Beauvoir,72002,72600,Maison,60.0,60000.0,1000.0,2024-02-26
Le Lude,72176,72800,Maison,84.0,65025.0,774.11,2024-02-26
Saint-Cosme-en-Vairais,72276,72110,Maison,36.0,50000.0,1388.89,2024-02-27
Le Lude,72176,72800,Maison,80.0,45000.0,562.5,2024-02-27
Guécélard,72146,72230,Maison,56.0,95000.0,1696.43,2024-02-22
Guécélard,72146,72230,Maison,56.0,95000.0,1696.43,2024-02-22
Le Mans,72181,72000,Maison,43.0,95000.0,2209.3,2024-02-28
Loué,72168,72540,Maison,103.0,192700.0,1870.87,2024-02-14
Loué,72168,72540,Maison,50.0,192700.0,3854.0,2024-02-14
Loué,72168,72540,Maison,31.0,192700.0,6216.13,2024-02-14
Loué,72168,72540,Maison,34.0,192700.0,5667.65,2024-02-14
Vallon-sur-Gée,72367,72540,Maison,112.0,32000.0,285.71,2024-02-20
Le Mans,72181,72000,Appartement,38.0,82000.0,2157.89,2024-02-23
Malicorne-sur-Sarthe,72179,72270,Appartement,28.0,318900.0,11389.29,2024-02-23
Malicorne-sur-Sarthe,72179,72270,Appartement,90.0,318900.0,3543.33,2024-02-23
Malicorne-sur-Sarthe,72179,72270,Appartement,72.0,318900.0,4429.17,2024-02-23
Malicorne-sur-Sarthe,72179,72270,Appartement,60.0,318900.0,5315.0,2024-02-23
Malicorne-sur-Sarthe,72179,72270,Appartement,80.0,318900.0,3986.25,2024-02-23
Malicorne-sur-Sarthe,72179,72270,Appartement,40.0,318900.0,7972.5,2024-02-23
Malicorne-sur-Sarthe,72179,72270,Appartement,40.0,318900.0,7972.5,2024-02-23
La Chapelle-du-Bois,72062,72400,Maison,71.0,200000.0,2816.9,2024-02-27
La Chapelle-du-Bois,72062,72400,Maison,93.0,200000.0,2150.54,2024-02-27
Loué,72168,72540,Maison,216.0,249900.0,1156.94,2024-02-20
Loué,72168,72540,Maison,216.0,249900.0,1156.94,2024-02-20
Loué,72168,72540,Maison,216.0,249900.0,1156.94,2024-02-20
Arnage,72008,72230,Maison,120.0,275000.0,2291.67,2024-02-15
Le Mans,72181,72100,Maison,90.0,284000.0,3155.56,2024-02-20
Le Mans,72181,72000,Appartement,33.0,83000.0,2515.15,2024-02-29
Le Mans,72181,72000,Appartement,32.0,52800.0,1650.0,2024-02-22
Saint-Cosme-en-Vairais,72276,72110,Maison,187.0,220000.0,1176.47,2024-02-26
Saint-Cosme-en-Vairais,72276,72110,Maison,187.0,220000.0,1176.47,2024-02-26
La Chapelle-d'Aligné,72061,72300,Maison,138.0,52000.0,376.81,2024-02-21
La Chapelle-d'Aligné,72061,72300,Maison,138.0,52000.0,376.81,2024-02-21
La Chapelle-d'Aligné,72061,72300,Maison,138.0,52000.0,376.81,2024-02-21
La Chapelle-d'Aligné,72061,72300,Maison,138.0,52000.0,376.81,2024-02-21
Coulongé,72098,72800,Maison,70.0,70000.0,1000.0,2024-02-28
Guécélard,72146,72230,Maison,147.0,240000.0,1632.65,2024-02-27
Écommoy,72124,72220,Maison,95.0,125000.0,1315.79,2024-02-26
Mansigné,72182,72510,Maison,128.0,140000.0,1093.75,2024-02-26
Cherré-Au,72080,72400,Maison,85.0,145000.0,1705.88,2024-02-22
Cherré-Au,72080,72400,Maison,85.0,145000.0,1705.88,2024-02-22
Cherré-Au,72080,72400,Maison,85.0,145000.0,1705.88,2024-02-22
Cherré-Au,72080,72400,Maison,85.0,145000.0,1705.88,2024-02-22
Mamers,72180,72600,Maison,87.0,120445.0,1384.43,2024-02-23
Le Mans,72181,72100,Maison,59.0,110000.0,1864.41,2024-02-22
Le Mans,72181,72000,Maison,77.0,150000.0,1948.05,2024-02-19
Connerré,72090,72160,Maison,90.0,113608.0,1262.31,2024-02-21
Mayet,72191,72360,Maison,96.0,48000.0,500.0,2024-02-26
Mayet,72191,72360,Maison,96.0,48000.0,500.0,2024-02-26
Le Mans,72181,72000,Appartement,46.0,60000.0,1304.35,2024-02-26
Degré,72113,72550,Maison,108.0,162500.0,1504.63,2024-02-28
Saint-Georges-du-Bois,72280,72700,Maison,110.0,199000.0,1809.09,2024-02-22
Écommoy,72124,72220,Maison,90.0,120000.0,1333.33,2024-02-22
La Flèche,72154,72200,Maison,31.0,25000.0,806.45,2024-02-21
Fresnay-sur-Sarthe,72138,72130,Maison,94.0,35000.0,372.34,2024-02-16
Sougé-le-Ganelon,72337,72130,Maison,150.0,20000.0,133.33,2024-02-16
Sougé-le-Ganelon,72337,72130,Maison,150.0,20000.0,133.33,2024-02-16
Champfleur,72056,72610,Maison,141.0,205000.0,1453.9,2024-02-28
Ancinnes,72005,72610,Maison,103.0,165000.0,1601.94,2024-02-29
Saint-Rémy-du-Val,72317,72600,Maison,141.0,60000.0,425.53,2024-02-29
Mamers,72180,72600,Maison,118.0,200000.0,1694.92,2024-02-28
Mamers,72180,72600,Maison,118.0,200000.0,1694.92,2024-02-28
Douillet,72121,72130,Maison,75.0,286270.0,3816.93,2024-02-27
Le Mans,72181,72100,Maison,100.0,102990.0,1029.9,2024-02-21
Le Mans,72181,72100,Appartement,56.0,197000.0,3517.86,2024-02-28
Le Mans,72181,72100,Appartement,145.0,197000.0,1358.62,2024-02-28
Le Mans,72181,72100,Maison,34.0,197000.0,5794.12,2024-02-28
Le Mans,72181,72100,Maison,76.0,100000.0,1315.79,2024-02-28
Moncé-en-Saosnois,72201,72260,Maison,131.0,93000.0,709.92,2024-02-28
Le Mans,72181,72000,Appartement,55.0,118500.0,2154.55,2024-03-01
Le Mans,72181,72000,Appartement,17.0,53000.0,3117.65,2024-02-29
Le Mans,72181,72100,Appartement,54.0,92500.0,1712.96,2024-02-14
Saint-Léonard-des-Bois,72294,72130,Maison,40.0,18000.0,450.0,2024-02-17
Lavardin,72157,72240,Maison,129.0,205000.0,1589.15,2024-02-12
La Milesse,72198,72650,Maison,67.0,190000.0,2835.82,2024-02-23
Le Mans,72181,72000,Appartement,41.0,95100.0,2319.51,2024-02-29
Le Mans,72181,72000,Appartement,47.0,100000.0,2127.66,2024-02-23
Le Mans,72181,72000,Appartement,60.0,70000.0,1166.67,2024-02-19
Le Mans,72181,72000,Appartement,56.0,141000.0,2517.86,2024-02-19
Le Mans,72181,72000,Appartement,22.0,50000.0,2272.73,2024-02-22
Brains-sur-Gée,72045,72550,Maison,88.0,123000.0,1397.73,2024-02-16
Vaas,72364,72500,Maison,59.0,79900.0,1354.24,2024-02-28
Spay,72344,72700,Maison,164.0,290000.0,1768.29,2024-02-16
Spay,72344,72700,Maison,164.0,290000.0,1768.29,2024-02-16
Bessé-sur-Braye,72035,72310,Maison,47.0,100000.0,2127.66,2024-02-16
Bessé-sur-Braye,72035,72310,Maison,47.0,100000.0,2127.66,2024-02-16
Rouillon,72257,72700,Maison,95.0,250000.0,2631.58,2024-02-09
Le Mans,72181,72000,Maison,123.0,260000.0,2113.82,2024-02-28
Noyen-sur-Sarthe,72223,72430,Maison,57.0,160000.0,2807.02,2024-02-07
Noyen-sur-Sarthe,72223,72430,Maison,57.0,160000.0,2807.02,2024-02-07
Le Mans,72181,72000,Appartement,30.0,56180.0,1872.67,2024-02-23
Loué,72168,72540,Maison,105.0,50000.0,476.19,2024-02-08
Crannes-en-Champagne,72107,72540,Maison,45.0,88524.0,1967.2,2024-02-28
Mont-Saint-Jean,72211,72140,Maison,132.0,87000.0,659.09,2024-02-28
Le Mans,72181,72000,Maison,62.0,135000.0,2177.42,2024-02-09
Le Mans,72181,72000,Maison,37.0,135000.0,3648.65,2024-02-09
Mézeray,72195,72270,Maison,60.0,85000.0,1416.67,2024-02-15
Aubigné-Racan,72013,72800,Maison,105.0,150000.0,1428.57,2024-03-05
Le Mans,72181,72000,Maison,56.0,90000.0,1607.14,2024-01-30
Gréez-sur-Roc,72144,72320,Maison,54.0,44000.0,814.81,2024-02-29
Requeil,72252,72510,Maison,92.0,211000.0,2293.48,2024-02-29
Requeil,72252,72510,Maison,92.0,211000.0,2293.48,2024-02-29
Requeil,72252,72510,Maison,92.0,211000.0,2293.48,2024-02-29
Parigné-le-Pôlin,72230,72330,Maison,191.0,425000.0,2225.13,2024-02-23
Le Mans,72181,72000,Maison,60.0,172000.0,2866.67,2024-02-29
Arnage,72008,72230,Maison,91.0,173700.0,1908.79,2024-02-29
Le Mans,72181,72000,Maison,105.0,239900.0,2284.76,2024-02-15
Le Mans,72181,72000,Appartement,67.0,104820.0,1564.48,2024-02-22
La Chapelle-d'Aligné,72061,72300,Maison,77.0,85000.0,1103.9,2024-02-16
La Chapelle-d'Aligné,72061,72300,Maison,77.0,85000.0,1103.9,2024-02-16
Fercé-sur-Sarthe,72131,72430,Maison,90.0,92000.0,1022.22,2024-02-14
Le Mans,72181,72000,Appartement,80.0,253000.0,3162.5,2024-03-05
Trangé,72360,72650,Maison,128.0,245192.0,1915.56,2024-02-15
Le Mans,72181,72000,Appartement,72.0,185238.0,2572.75,2024-02-16
Neuville-sur-Sarthe,72217,72190,Maison,149.0,322000.0,2161.07,2024-02-16
La Ferté-Bernard,72132,72400,Maison,128.0,164790.0,1287.42,2024-03-05
La Flèche,72154,72200,Maison,61.0,160000.0,2622.95,2024-02-16
Le Mans,72181,72000,Appartement,50.0,69000.0,1380.0,2024-02-16
La Chapelle-du-Bois,72062,72400,Maison,75.0,90000.0,1200.0,2024-02-29
Sargé-lès-le-Mans,72328,72190,Maison,94.0,205000.0,2180.85,2024-02-12
Le Mans,72181,72100,Maison,100.0,137000.0,1370.0,2024-02-27
Précigné,72244,72300,Maison,67.0,55000.0,820.9,2024-02-26
Précigné,72244,72300,Maison,67.0,55000.0,820.9,2024-02-26
Sablé-sur-Sarthe,72264,72300,Maison,75.0,92000.0,1226.67,2024-03-05
Coulongé,72098,72800,Maison,102.0,50910.0,499.12,2024-03-05
Saint-Gervais-en-Belin,72287,72220,Maison,85.0,150000.0,1764.71,2024-03-05
Sablé-sur-Sarthe,72264,72300,Maison,90.0,205000.0,2277.78,2024-02-27
Sablé-sur-Sarthe,72264,72300,Maison,117.0,236000.0,2017.09,2024-02-27
Luceau,72173,72500,Maison,80.0,78000.0,975.0,2024-03-06
Ruaudin,72260,72230,Maison,146.0,380000.0,2602.74,2024-02-20
Teloché,72350,72220,Maison,106.0,263000.0,2481.13,2024-02-23
Teloché,72350,72220,Maison,106.0,263000.0,2481.13,2024-02-23
Teloché,72350,72220,Maison,106.0,263000.0,2481.13,2024-02-23
Teloché,72350,72220,Maison,106.0,263000.0,2481.13,2024-02-23
Le Grand-Lucé,72143,72150,Maison,76.0,75000.0,986.84,2024-03-06
Saint-Pierre-de-Chevillé,72311,72500,Maison,65.0,55000.0,846.15,2024-03-06
Saint-Pierre-de-Chevillé,72311,72500,Maison,65.0,55000.0,846.15,2024-03-06
Mayet,72191,72360,Maison,53.0,14250.0,268.87,2024-03-05
La Flèche,72154,72200,Maison,88.0,197400.0,2243.18,2024-02-15
La Flèche,72154,72200,Maison,88.0,197400.0,2243.18,2024-02-15
Arçonnay,72006,72610,Maison,100.0,170000.0,1700.0,2024-02-27
Moncé-en-Belin,72200,72230,Maison,109.0,115000.0,1055.05,2024-02-21
Bazouges Cré sur Loir,72025,72200,Maison,85.0,155000.0,1823.53,2024-02-17
Saint-Rémy-de-Sillé,72315,72140,Maison,91.0,54000.0,593.41,2024-02-22
Montval-sur-Loir,72071,72500,Maison,122.0,200000.0,1639.34,2024-02-16
Montval-sur-Loir,72071,72500,Maison,122.0,200000.0,1639.34,2024-02-16
Le Mans,72181,72100,Maison,85.0,145000.0,1705.88,2024-03-04
Conlie,72089,72240,Maison,40.0,82000.0,2050.0,2024-03-04
Le Mans,72181,72000,Appartement,42.0,90000.0,2142.86,2024-02-21
Le Mans,72181,72000,Appartement,25.0,50000.0,2000.0,2024-03-06
Le Mans,72181,72000,Maison,88.0,207680.0,2360.0,2024-03-05
Le Mans,72181,72000,Appartement,56.0,117000.0,2089.29,2024-02-23
Le Mans,72181,72000,Maison,73.0,32326.02,442.82,2024-02-09
Auvers-sous-Montfaucon,72017,72540,Maison,95.0,190000.0,2000.0,2024-02-22
Le Mans,72181,72000,Maison,70.0,100000.0,1428.57,2024-02-29
Le Mans,72181,72000,Maison,51.0,100000.0,1960.78,2024-02-29
Saint-Calais,72269,72120,Maison,93.0,104000.0,1118.28,2024-02-22
Saint-Calais,72269,72120,Appartement,35.0,293000.0,8371.43,2024-02-29
Saint-Calais,72269,72120,Appartement,40.0,293000.0,7325.0,2024-02-29
Saint-Calais,72269,72120,Appartement,69.0,293000.0,4246.38,2024-02-29
Saint-Calais,72269,72120,Appartement,35.0,293000.0,8371.43,2024-02-29
Saint-Calais,72269,72120,Appartement,25.0,293000.0,11720.0,2024-02-29
Saint-Calais,72269,72120,Appartement,50.0,293000.0,5860.0,2024-02-29
Saint-Calais,72269,72120,Appartement,25.0,293000.0,11720.0,2024-02-29
Le Mans,72181,72000,Appartement,40.0,71000.0,1775.0,2024-02-29
Étival-lès-le-Mans,72127,72700,Maison,70.0,137900.0,1970.0,2024-03-07
La Ferté-Bernard,72132,72400,Maison,85.0,130000.0,1529.41,2024-02-29
Saint-Gervais-de-Vic,72286,72120,Maison,130.0,94500.0,726.92,2024-02-10
Le Mans,72181,72000,Appartement,49.0,120000.0,2448.98,2024-02-26
Saint-Maixent,72296,72320,Maison,63.0,31000.0,492.06,2024-02-28
Le Mans,72181,72100,Maison,61.0,121500.0,1991.8,2024-02-27
La Quinte,72249,72550,Maison,80.0,175000.0,2187.5,2024-02-23
Le Mans,72181,72000,Maison,88.0,168000.0,1909.09,2024-03-04
Saint-Calais,72269,72120,Maison,112.0,75000.0,669.64,2024-02-27
Montbizot,72205,72380,Maison,84.0,110000.0,1309.52,2024-02-15
Le Mans,72181,72100,Maison,80.0,145000.0,1812.5,2024-02-28
Saint-Jean-d'Assé,72290,72380,Maison,93.0,197500.0,2123.66,2024-02-26
Ségrie,72332,72170,Maison,98.0,95000.0,969.39,2024-02-27
Ségrie,72332,72170,Maison,98.0,95000.0,969.39,2024-02-27
Le Mans,72181,72000,Maison,68.0,80000.0,1176.47,2024-02-27
La Guierche,72147,72380,Maison,185.0,230000.0,1243.24,2024-02-20
La Guierche,72147,72380,Maison,185.0,230000.0,1243.24,2024-02-20
Coulaines,72095,72190,Appartement,73.0,85800.0,1175.34,2024-02-22
Le Mans,72181,72000,Appartement,97.0,214200.0,2208.25,2024-02-23
Loir en Vallée,72262,72310,Maison,121.0,136000.0,1123.97,2024-03-09
Loir en Vallée,72262,72310,Maison,121.0,136000.0,1123.97,2024-03-09
Montval-sur-Loir,72071,72500,Appartement,65.0,165000.0,2538.46,2024-03-09
Montval-sur-Loir,72071,72500,Appartement,40.0,165000.0,4125.0,2024-03-09
Montval-sur-Loir,72071,72500,Appartement,40.0,165000.0,4125.0,2024-03-09
Le Mans,72181,72100,Maison,62.0,110000.0,1774.19,2024-03-04
Teloché,72350,72220,Maison,106.0,265000.0,2500.0,2024-02-29
Teloché,72350,72220,Maison,106.0,265000.0,2500.0,2024-02-29
Allonnes,72003,72700,Maison,88.0,225000.0,2556.82,2024-02-23
Allonnes,72003,72700,Maison,88.0,225000.0,2556.82,2024-02-23
Le Mans,72181,72000,Appartement,83.0,149000.0,1795.18,2024-03-06
Le Mans,72181,72100,Appartement,31.0,49000.0,1580.65,2024-02-29
Mamers,72180,72600,Maison,86.0,87000.0,1011.63,2024-03-07
Le Mans,72181,72100,Maison,65.0,92000.0,1415.38,2024-02-15
Sablé-sur-Sarthe,72264,72300,Appartement,82.0,370000.0,4512.2,2024-03-07
Sablé-sur-Sarthe,72264,72300,Appartement,70.0,370000.0,5285.71,2024-03-07
Sablé-sur-Sarthe,72264,72300,Appartement,40.0,370000.0,9250.0,2024-03-07
Sablé-sur-Sarthe,72264,72300,Appartement,82.0,370000.0,4512.2,2024-03-07
Sablé-sur-Sarthe,72264,72300,Appartement,40.0,370000.0,9250.0,2024-03-07
Sablé-sur-Sarthe,72264,72300,Appartement,40.0,370000.0,9250.0,2024-03-07
Sablé-sur-Sarthe,72264,72300,Appartement,86.0,370000.0,4302.33,2024-03-07
Mulsanne,72213,72230,Maison,92.0,143000.0,1554.35,2024-03-08
Oizé,72226,72330,Maison,114.0,180000.0,1578.95,2024-02-29
La Ferté-Bernard,72132,72400,Maison,106.0,143000.0,1349.06,2024-03-01
Mézeray,72195,72270,Maison,90.0,30000.0,333.33,2024-03-08
Mézeray,72195,72270,Maison,90.0,30000.0,333.33,2024-03-08
Le Mans,72181,72000,Maison,92.0,182000.0,1978.26,2024-03-04
Aubigné-Racan,72013,72800,Maison,72.0,81000.0,1125.0,2024-02-27
Montval-sur-Loir,72071,72500,Maison,130.0,125000.0,961.54,2024-03-07
Le Mans,72181,72000,Maison,126.0,580000.0,4603.17,2024-02-16
Le Mans,72181,72000,Maison,126.0,580000.0,4603.17,2024-02-16
Le Mans,72181,72000,Maison,78.0,208000.0,2666.67,2024-03-04
Saint-Mars-la-Brière,72300,72470,Maison,82.0,280000.0,3414.63,2024-02-23
Saint-Mars-la-Brière,72300,72470,Maison,82.0,280000.0,3414.63,2024-02-23
Fresnay-sur-Sarthe,72138,72130,Maison,93.0,58000.0,623.66,2024-02-28
Mont-Saint-Jean,72211,72140,Maison,51.0,137430.0,2694.71,2024-02-22
Arçonnay,72006,72610,Maison,80.0,107000.0,1337.5,2024-03-01
Le Mans,72181,72000,Maison,82.0,215000.0,2621.95,2024-02-23
Le Mans,72181,72000,Appartement,102.0,248140.0,2432.75,2024-02-19
Le Mans,72181,72100,Maison,87.0,104990.0,1206.78,2024-02-28
Moncé-en-Belin,72200,72230,Maison,68.0,90000.0,1323.53,2024-03-07
Vivoin,72380,72170,Maison,146.0,180000.0,1232.88,2024-02-29
Vivoin,72380,72170,Maison,146.0,180000.0,1232.88,2024-02-29
Fercé-sur-Sarthe,72131,72430,Maison,64.0,66000.0,1031.25,2024-02-28
Coulongé,72098,72800,Maison,141.0,198500.0,1407.8,2024-02-29
Coulongé,72098,72800,Maison,141.0,198500.0,1407.8,2024-02-29
Allonnes,72003,72700,Appartement,26.0,50000.0,1923.08,2024-03-08
Saint-Mars-la-Brière,72300,72470,Appartement,34.0,128000.0,3764.71,2024-02-24
Saint-Mars-la-Brière,72300,72470,Appartement,35.0,128000.0,3657.14,2024-02-24
Saint-Mars-la-Brière,72300,72470,Appartement,78.0,128000.0,1641.03,2024-02-24
Le Lude,72176,72800,Maison,85.0,106000.0,1247.06,2024-02-29
Mamers,72180,72600,Appartement,92.0,148000.0,1608.7,2024-02-29
Mamers,72180,72600,Appartement,26.0,148000.0,5692.31,2024-02-29
Mamers,72180,72600,Appartement,26.0,148000.0,5692.31,2024-02-29
Mamers,72180,72600,Appartement,92.0,148000.0,1608.7,2024-02-29
Mamers,72180,72600,Maison,106.0,148000.0,1396.23,2024-02-29
Juillé,72152,72170,Maison,64.0,45000.0,703.12,2024-02-28
Juillé,72152,72170,Maison,64.0,45000.0,703.12,2024-02-28
Le Mans,72181,72000,Maison,79.0,190328.0,2409.22,2024-03-06
Joué-l'Abbé,72150,72380,Maison,97.0,230000.0,2371.13,2024-02-28
Le Mans,72181,72000,Appartement,30.0,58000.0,1933.33,2024-02-22
Le Mans,72181,72000,Appartement,68.0,130000.0,1911.76,2024-02-20
Arnage,72008,72230,Maison,70.0,108000.0,1542.86,2024-03-08
Montbizot,72205,72380,Maison,38.0,18600.0,489.47,2024-02-23
Le Mans,72181,72000,Appartement,41.0,67000.0,1634.15,2024-03-01
Le Mans,72181,72000,Appartement,35.0,65000.0,1857.14,2024-03-08
Bouloire,72042,72440,Maison,82.0,105000.0,1280.49,2024-02-26
Le Mans,72181,72000,Appartement,47.0,80000.0,1702.13,2024-03-05
Le Mans,72181,72100,Maison,82.0,123000.0,1500.0,2024-02-27
Changé,72058,72560,Maison,160.0,250000.0,1562.5,2024-02-20
Changé,72058,72560,Maison,160.0,250000.0,1562.5,2024-02-20
Mulsanne,72213,72230,Maison,85.0,160000.0,1882.35,2024-03-05
Le Mans,72181,72000,Maison,67.0,138000.0,2059.7,2024-02-22
Le Mans,72181,72100,Maison,100.0,140000.0,1400.0,2024-02-19
René,72251,72260,Maison,61.0,20500.0,336.07,2024-02-19
Le Mans,72181,72000,Maison,60.0,119500.0,1991.67,2024-02-27
Le Mans,72181,72000,Appartement,87.0,180000.0,2068.97,2024-02-15
Le Mans,72181,72000,Maison,120.0,260000.0,2166.67,2024-03-08
Le Mans,72181,72000,Appartement,83.0,128000.0,1542.17,2024-02-21
Le Mans,72181,72100,Maison,75.0,127500.0,1700.0,2024-02-26
Le Mans,72181,72100,Appartement,69.0,60000.0,869.57,2024-02-29
Trangé,72360,72650,Maison,165.0,319000.0,1933.33,2024-02-23
Trangé,72360,72650,Maison,165.0,319000.0,1933.33,2024-02-23
La Flèche,72154,72200,Maison,95.0,147000.0,1547.37,2024-02-28
Tresson,72361,72440,Maison,40.0,47400.0,1185.0,2024-03-12
Courcemont,72101,72110,Maison,32.0,30000.0,937.5,2024-02-29
Courcemont,72101,72110,Maison,40.0,30000.0,750.0,2024-02-29
Le Mans,72181,72000,Appartement,66.0,219000.0,3318.18,2024-02-27
Le Lude,72176,72800,Maison,52.0,66000.0,1269.23,2024-03-08
La Quinte,72249,72550,Maison,140.0,207000.0,1478.57,2024-03-05
Le Mans,72181,72000,Maison,94.0,234000.0,2489.36,2024-03-01
Sainte-Sabine-sur-Longève,72319,72380,Maison,130.0,219000.0,1684.62,2024-02-19
Sainte-Sabine-sur-Longève,72319,72380,Maison,130.0,219000.0,1684.62,2024-02-19
Savigné-l'Évêque,72329,72460,Maison,121.0,260000.0,2148.76,2024-03-01
Savigné-l'Évêque,72329,72460,Maison,121.0,260000.0,2148.76,2024-03-01
Le Mans,72181,72000,Maison,102.0,235000.0,2303.92,2024-02-29
Le Mans,72181,72100,Maison,48.0,179500.0,3739.58,2024-02-27
Le Mans,72181,72000,Maison,50.0,87100.0,1742.0,2024-02-29
Le Mans,72181,72000,Appartement,66.0,110000.0,1666.67,2024-03-06
Arnage,72008,72230,Maison,72.0,75000.0,1041.67,2024-02-29
Sablé-sur-Sarthe,72264,72300,Appartement,42.0,155000.0,3690.48,2024-03-01
Sablé-sur-Sarthe,72264,72300,Appartement,122.0,155000.0,1270.49,2024-03-01
Le Mans,72181,72000,Appartement,18.0,60000.0,3333.33,2024-03-04
Le Mans,72181,72000,Appartement,40.0,188000.0,4700.0,2024-03-11
Le Mans,72181,72000,Appartement,35.0,188000.0,5371.43,2024-03-11
Le Mans,72181,72000,Appartement,45.0,188000.0,4177.78,2024-03-11
Lavaré,72158,72390,Maison,87.0,87000.0,1000.0,2024-03-05
Vibraye,72373,72320,Maison,57.0,99500.0,1745.61,2024-03-06
Vibraye,72373,72320,Maison,57.0,99500.0,1745.61,2024-03-06
Le Mans,72181,72000,Maison,77.0,269000.0,3493.51,2024-03-07
Saint-Célerin,72271,72110,Maison,95.0,155000.0,1631.58,2024-03-07
Le Mans,72181,72100,Appartement,56.0,62500.0,1116.07,2024-03-13
Dollon,72118,72390,Maison,60.0,55050.0,917.5,2024-03-11
Le Mans,72181,72100,Appartement,52.0,80000.0,1538.46,2024-03-11
Le Mans,72181,72000,Maison,47.0,139000.0,2957.45,2024-03-12
Le Mans,72181,72000,Maison,47.0,139000.0,2957.45,2024-03-12
Bernay-Neuvy-en-Champagne,72219,72240,Maison,66.0,70800.0,1072.73,2024-02-27
Bernay-Neuvy-en-Champagne,72219,72240,Maison,66.0,70800.0,1072.73,2024-02-27
Pirmil,72237,72430,Maison,80.0,83000.0,1037.5,2024-03-01
Pirmil,72237,72430,Maison,80.0,83000.0,1037.5,2024-03-01
Saint-Symphorien,72321,72240,Maison,88.0,110000.0,1250.0,2024-03-05
Saint-Symphorien,72321,72240,Maison,88.0,110000.0,1250.0,2024-03-05
Le Mans,72181,72000,Appartement,93.0,200000.0,2150.54,2024-03-12
Le Mans,72181,72000,Maison,72.0,133000.0,1847.22,2024-02-22
Le Mans,72181,72000,Maison,77.0,32340.0,420.0,2024-03-12
Le Grand-Lucé,72143,72150,Maison,35.0,73000.0,2085.71,2024-02-27
Le Mans,72181,72000,Maison,170.0,370000.0,2176.47,2024-03-12
Arnage,72008,72230,Maison,88.0,224000.0,2545.45,2024-03-12
Le Mans,72181,72000,Maison,80.0,110000.0,1375.0,2024-03-13
Montfort-le-Gesnois,72241,72450,Maison,83.0,115000.0,1385.54,2024-02-20
Vancé,72368,72310,Maison,66.0,65000.0,984.85,2024-03-11
Le Mans,72181,72000,Appartement,48.0,62960.0,1311.67,2024-03-08
Loir en Vallée,72262,72310,Maison,66.0,5262.5,79.73,2024-03-12
Le Mans,72181,72000,Maison,200.0,312500.0,1562.5,2024-03-13
Le Mans,72181,72000,Maison,200.0,312500.0,1562.5,2024-03-13
Mont-Saint-Jean,72211,72140,Maison,72.0,69200.0,961.11,2024-03-14
Trangé,72360,72650,Maison,64.0,195000.0,3046.88,2024-02-26
Le Mans,72181,72000,Appartement,18.0,49000.0,2722.22,2024-03-11
Montval-sur-Loir,72071,72500,Maison,57.0,104000.0,1824.56,2024-03-13
Le Mans,72181,72000,Appartement,51.0,175000.0,3431.37,2024-03-11
Le Mans,72181,72000,Appartement,47.0,175000.0,3723.4,2024-03-11
Le Mans,72181,72000,Appartement,51.0,175000.0,3431.37,2024-03-11
Le Mans,72181,72000,Maison,140.0,392000.0,2800.0,2024-03-08
Montval-sur-Loir,72071,72500,Maison,91.0,135000.0,1483.52,2024-03-14
Saint-Pierre-des-Ormes,72313,72600,Maison,80.0,91300.0,1141.25,2024-03-14
Saint-Pierre-des-Ormes,72313,72600,Maison,80.0,91300.0,1141.25,2024-03-14
Rouessé-Vassé,72255,72140,Maison,170.0,267000.0,1570.59,2024-03-01
Connerré,72090,72160,Maison,67.0,70000.0,1044.78,2024-02-23
Arçonnay,72006,72610,Maison,161.0,310000.0,1925.47,2024-03-14
Saint-Corneille,72275,72460,Maison,101.0,256000.0,2534.65,2024-03-06
Saint-Corneille,72275,72460,Maison,101.0,256000.0,2534.65,2024-03-06
Volnay,72382,72440,Maison,50.0,79000.0,1580.0,2024-03-01
Volnay,72382,72440,Maison,50.0,79000.0,1580.0,2024-03-01
Montfort-le-Gesnois,72241,72450,Maison,96.0,67000.0,697.92,2024-02-27
Duneau,72122,72160,Maison,123.0,200000.0,1626.02,2024-03-11
Duneau,72122,72160,Maison,123.0,200000.0,1626.02,2024-03-11
Neuvillalais,72216,72240,Maison,104.0,116500.0,1120.19,2024-03-08
Soulitré,72341,72370,Maison,90.0,155000.0,1722.22,2024-03-04
Dehault,72114,72400,Maison,115.0,195000.0,1695.65,2024-03-13
Le Mans,72181,72000,Appartement,68.0,95000.0,1397.06,2024-03-07
Brûlon,72050,72350,Maison,64.0,39000.0,609.38,2024-03-12
Le Mans,72181,72000,Appartement,32.0,59000.0,1843.75,2024-03-11
Le Mans,72181,72100,Appartement,44.0,53000.0,1204.55,2024-03-11
Le Mans,72181,72000,Appartement,39.0,96000.0,2461.54,2024-03-11
Le Mans,72181,72100,Maison,95.0,165000.0,1736.84,2024-03-15
Le Lude,72176,72800,Maison,136.0,143500.0,1055.15,2024-03-15
Le Lude,72176,72800,Maison,136.0,143500.0,1055.15,2024-03-15
Le Lude,72176,72800,Maison,136.0,143500.0,1055.15,2024-03-15
Parigné-l'Évêque,72231,72250,Maison,98.0,150000.0,1530.61,2024-03-14
Parigné-l'Évêque,72231,72250,Maison,98.0,150000.0,1530.61,2024-03-14
Fresnay-sur-Sarthe,72138,72130,Maison,53.0,75000.0,1415.09,2024-03-04
Souligné-sous-Ballon,72340,72290,Maison,79.0,155000.0,1962.03,2024-02-08
Souligné-sous-Ballon,72340,72290,Maison,79.0,155000.0,1962.03,2024-02-08
Le Mans,72181,72100,Maison,187.0,220000.0,1176.47,2024-02-29
Notre-Dame-du-Pé,72232,72300,Maison,90.0,150000.0,1666.67,2024-02-29
Notre-Dame-du-Pé,72232,72300,Maison,90.0,150000.0,1666.67,2024-02-29
Vivoin,72380,72170,Maison,55.0,123000.0,2236.36,2024-03-12
Vivoin,72380,72170,Maison,55.0,123000.0,2236.36,2024-03-12
Courgenard,72105,72320,Maison,70.0,27000.0,385.71,2024-03-14
Le Mans,72181,72000,Appartement,33.0,295000.0,8939.39,2024-03-01
Le Mans,72181,72000,Appartement,36.0,295000.0,8194.44,2024-03-01
Yvré-l'Évêque,72386,72530,Maison,127.0,306000.0,2409.45,2024-02-23
Arthezé,72009,72270,Maison,110.0,153000.0,1390.91,2024-02-22
Arthezé,72009,72270,Maison,110.0,153000.0,1390.91,2024-02-22
Le Mans,72181,72100,Appartement,66.0,109000.0,1651.52,2024-03-18
Le Mans,72181,72000,Appartement,52.0,112000.0,2153.85,2024-03-07
Saint-Ouen-de-Mimbré,72305,72130,Maison,102.0,65600.0,643.14,2024-03-12
Saint-Georges-le-Gaultier,72282,72130,Maison,73.0,99990.0,1369.73,2024-03-06
Chemiré-le-Gaudin,72075,72210,Maison,73.0,96500.0,1321.92,2024-03-13
Vaas,72364,72500,Maison,73.0,99000.0,1356.16,2024-03-19
Vaas,72364,72500,Maison,73.0,99000.0,1356.16,2024-03-19
Conlie,72089,72240,Maison,60.0,85000.0,1416.67,2024-03-13
Le Mans,72181,72000,Maison,73.0,180000.0,2465.75,2024-03-11
Le Mans,72181,72000,Appartement,70.0,185000.0,2642.86,2024-03-15
Le Mans,72181,72100,Maison,116.0,243000.0,2094.83,2024-03-14
Bernay-Neuvy-en-Champagne,72219,72240,Maison,90.0,76000.0,844.44,2024-03-06
Le Mans,72181,72000,Appartement,72.0,157000.0,2180.56,2024-03-18
Conlie,72089,72240,Maison,92.0,210000.0,2282.61,2024-03-15
Fresnay-sur-Sarthe,72138,72130,Maison,90.0,74000.0,822.22,2024-03-05
Le Mans,72181,72000,Appartement,32.0,30000.0,937.5,2024-03-15
Le Mans,72181,72000,Maison,85.0,239200.0,2814.12,2024-03-07
Allonnes,72003,72700,Maison,82.0,175000.0,2134.15,2024-03-14
Courcelles-la-Forêt,72100,72270,Maison,90.0,100000.0,1111.11,2024-03-13
Le Mans,72181,72100,Appartement,95.0,108000.0,1136.84,2024-03-14
La Flèche,72154,72200,Maison,74.0,100000.0,1351.35,2024-03-05
La Flèche,72154,72200,Maison,74.0,73000.0,986.49,2024-03-06
Le Mans,72181,72000,Appartement,55.0,447071.0,8128.56,2024-03-07
Le Mans,72181,72000,Appartement,55.0,447071.0,8128.56,2024-03-07
Le Mans,72181,72000,Appartement,42.0,447071.0,10644.55,2024-03-07
Sablé-sur-Sarthe,72264,72300,Appartement,22.0,32500.0,1477.27,2024-03-13
La Suze-sur-Sarthe,72346,72210,Maison,52.0,72000.0,1384.62,2024-03-11
Le Mans,72181,72000,Maison,65.0,135185.0,2079.77,2024-03-04
La Flèche,72154,72200,Maison,59.0,80000.0,1355.93,2024-03-13
Sillé-le-Guillaume,72334,72140,Maison,55.0,70000.0,1272.73,2024-03-18
Louplande,72169,72210,Maison,167.0,183000.0,1095.81,2024-03-15
Louplande,72169,72210,Maison,167.0,183000.0,1095.81,2024-03-15
Ruaudin,72260,72230,Maison,88.0,150900.0,1714.77,2024-03-14
Le Mans,72181,72100,Appartement,54.0,100000.0,1851.85,2024-03-13
Saint-Pavace,72310,72190,Maison,195.0,591000.0,3030.77,2024-03-15
Saint-Pavace,72310,72190,Maison,195.0,591000.0,3030.77,2024-03-15
Le Mans,72181,72000,Appartement,72.0,100000.0,1388.89,2024-02-27
Le Mans,72181,72000,Maison,115.0,294000.0,2556.52,2024-03-08
Le Mans,72181,72100,Appartement,78.0,105219.0,1348.96,2024-02-26
Saint-Biez-en-Belin,72268,72220,Appartement,55.0,85000.0,1545.45,2024-03-06
Saint-Biez-en-Belin,72268,72220,Appartement,55.0,85000.0,1545.45,2024-03-06
Saint-Biez-en-Belin,72268,72220,Appartement,50.0,85000.0,1700.0,2024-03-06
Saint-Biez-en-Belin,72268,72220,Appartement,50.0,85000.0,1700.0,2024-03-06
Le Mans,72181,72000,Maison,99.0,453000.0,4575.76,2024-03-11
Le Mans,72181,72000,Appartement,55.0,82500.0,1500.0,2024-03-11
Le Mans,72181,72000,Maison,62.0,135000.0,2177.42,2024-03-11
Saint-Biez-en-Belin,72268,72220,Appartement,55.0,28333.33,515.15,2024-03-06
Saint-Biez-en-Belin,72268,72220,Appartement,50.0,85000.0,1700.0,2024-03-06
Saint-Biez-en-Belin,72268,72220,Appartement,50.0,85000.0,1700.0,2024-03-06
Saint-Biez-en-Belin,72268,72220,Appartement,55.0,85000.0,1545.45,2024-03-06
La Flèche,72154,72200,Maison,142.0,295000.0,2077.46,2024-03-11
La Flèche,72154,72200,Maison,142.0,295000.0,2077.46,2024-03-11
Le Mans,72181,72000,Appartement,42.0,80000.0,1904.76,2024-03-12
Le Mans,72181,72000,Appartement,61.0,258071.0,4230.67,2024-03-07
Le Mans,72181,72000,Appartement,65.0,258071.0,3970.32,2024-03-07
Saint-Aubin-des-Coudrais,72267,72400,Maison,114.0,168000.0,1473.68,2024-03-18
Saint-Aubin-des-Coudrais,72267,72400,Maison,114.0,168000.0,1473.68,2024-03-18
Duneau,72122,72160,Maison,152.0,260000.0,1710.53,2024-03-19
Duneau,72122,72160,Maison,152.0,260000.0,1710.53,2024-03-19
Étival-lès-le-Mans,72127,72700,Maison,73.0,145000.0,1986.3,2024-03-15
Saint-Cosme-en-Vairais,72276,72110,Maison,55.0,25000.0,454.55,2024-02-29
La Ferté-Bernard,72132,72400,Appartement,24.0,28000.0,1166.67,2024-03-15
Le Mans,72181,72000,Appartement,39.0,80000.0,2051.28,2024-03-11
Sablé-sur-Sarthe,72264,72300,Maison,111.0,150000.0,1351.35,2024-03-20
Changé,72058,72560,Maison,73.0,130000.0,1780.82,2024-03-19
Le Mans,72181,72100,Maison,79.0,173000.0,2189.87,2024-03-18
Le Mans,72181,72000,Maison,87.0,160000.0,1839.08,2024-03-20
Marolles-les-Braults,72189,72260,Maison,86.0,60000.0,697.67,2024-03-14
La Bazoge,72024,72650,Maison,54.0,87500.0,1620.37,2024-02-23
Bouloire,72042,72440,Maison,45.0,40000.0,888.89,2024-03-11
Le Mans,72181,72000,Appartement,42.0,139400.0,3319.05,2024-02-29
Marolles-les-Braults,72189,72260,Appartement,101.0,62000.0,613.86,2024-03-15
Marolles-les-Braults,72189,72260,Appartement,63.0,62000.0,984.13,2024-03-15
Marolles-les-Braults,72189,72260,Appartement,62.0,62000.0,1000.0,2024-03-15
Le Mans,72181,72000,Maison,107.0,168000.0,1570.09,2024-02-29
Le Mans,72181,72000,Appartement,56.0,80000.0,1428.57,2024-02-27
Bouloire,72042,72440,Maison,50.0,115000.0,2300.0,2024-02-26
Bouloire,72042,72440,Maison,167.0,115000.0,688.62,2024-02-26
Sablé-sur-Sarthe,72264,72300,Maison,70.0,118000.0,1685.71,2024-03-19
Le Mans,72181,72000,Appartement,38.0,82000.0,2157.89,2024-02-27
Le Breil-sur-Mérize,72046,72370,Maison,130.0,264000.0,2030.77,2024-03-14
Le Mans,72181,72000,Appartement,78.0,93000.0,1192.31,2024-03-21
Teloché,72350,72220,Maison,80.0,168000.0,2100.0,2024-03-15
Saint-Mars-de-Locquenay,72298,72440,Maison,227.0,806500.0,3552.86,2024-02-29
Saint-Mars-de-Locquenay,72298,72440,Maison,51.0,806500.0,15813.73,2024-02-29
Saint-Mars-de-Locquenay,72298,72440,Maison,51.0,806500.0,15813.73,2024-02-29
Saint-Mars-de-Locquenay,72298,72440,Maison,51.0,806500.0,15813.73,2024-02-29
Le Breil-sur-Mérize,72046,72370,Maison,94.0,58000.0,617.02,2024-03-05
Château-l'Hermitage,72072,72510,Maison,90.0,123000.0,1366.67,2024-03-19
Château-l'Hermitage,72072,72510,Maison,90.0,123000.0,1366.67,2024-03-19
Soulitré,72341,72370,Maison,135.0,140000.0,1037.04,2024-03-07
Soulitré,72341,72370,Maison,135.0,140000.0,1037.04,2024-03-07
Lombron,72165,72450,Maison,70.0,75600.0,1080.0,2024-03-08
Lombron,72165,72450,Maison,70.0,75600.0,1080.0,2024-03-08
Connerré,72090,72160,Maison,67.0,100000.0,1492.54,2024-03-18
Sainte-Jamme-sur-Sarthe,72289,72380,Maison,94.0,200300.0,2130.85,2024-03-14
Soulitré,72341,72370,Maison,48.0,24000.0,500.0,2024-03-01
Conflans-sur-Anille,72087,72120,Maison,158.0,170000.0,1075.95,2024-03-07
Souligné-Flacé,72339,72210,Maison,74.0,140000.0,1891.89,2024-03-07
Souligné-Flacé,72339,72210,Maison,74.0,140000.0,1891.89,2024-03-07
Le Mans,72181,72100,Appartement,63.0,55000.0,873.02,2024-03-20
Le Mans,72181,72000,Appartement,70.0,140000.0,2000.0,2024-03-18
Requeil,72252,72510,Maison,91.0,140000.0,1538.46,2024-03-20
Parigné-l'Évêque,72231,72250,Maison,95.0,110000.0,1157.89,2024-03-08
Saint-Aubin-des-Coudrais,72267,72400,Maison,44.0,40000.0,909.09,2024-03-20
Le Mans,72181,72000,Maison,47.0,108000.0,2297.87,2024-03-12
Montval-sur-Loir,72071,72500,Maison,85.0,117000.0,1376.47,2024-03-20
Valennes,72366,72320,Maison,101.0,206452.0,2044.08,2024-03-12
Avezé,72020,72400,Maison,87.0,105000.0,1206.9,2024-02-29
Congé-sur-Orne,72088,72290,Maison,31.0,15000.0,483.87,2024-03-06
Avesnes-en-Saosnois,72018,72260,Maison,135.0,70000.0,518.52,2024-03-08
Conlie,72089,72240,Maison,65.0,95000.0,1461.54,2024-03-15
Conlie,72089,72240,Maison,53.0,95000.0,1792.45,2024-03-15
Marçon,72183,72340,Maison,49.0,98500.0,2010.2,2024-03-21
Le Mans,72181,72100,Appartement,83.0,110000.0,1325.3,2024-03-20
Le Mans,72181,72000,Appartement,20.0,56000.0,2800.0,2024-03-19
Beaufay,72026,72110,Maison,78.0,220000.0,2820.51,2024-03-15
Le Mans,72181,72000,Appartement,42.0,220000.0,5238.1,2024-03-15
Le Mans,72181,72000,Appartement,69.0,210000.0,3043.48,2024-03-19
Le Mans,72181,72100,Appartement,60.0,70000.0,1166.67,2024-03-15
Mamers,72180,72600,Maison,85.0,78000.0,917.65,2024-03-20
Le Mans,72181,72000,Appartement,56.0,69960.0,1249.29,2024-03-21
Marçon,72183,72340,Maison,88.0,80000.0,909.09,2024-03-22
Le Lude,72176,72800,Maison,72.0,60000.0,833.33,2024-03-22
Assé-le-Riboul,72012,72170,Maison,121.0,70000.0,578.51,2024-03-23
Ballon-Saint Mars,72023,72290,Maison,115.0,147000.0,1278.26,2024-03-22
Teillé,72349,72290,Maison,166.0,117000.0,704.82,2024-03-20
Montval-sur-Loir,72071,72500,Maison,69.0,60000.0,869.57,2024-03-22
Yvré-l'Évêque,72386,72530,Maison,75.0,100000.0,1333.33,2024-02-28
Yvré-l'Évêque,72386,72530,Maison,60.0,100000.0,1666.67,2024-02-28
Sablé-sur-Sarthe,72264,72300,Appartement,20.0,180000.0,9000.0,2024-03-20
Sablé-sur-Sarthe,72264,72300,Appartement,25.0,180000.0,7200.0,2024-03-20
Sablé-sur-Sarthe,72264,72300,Appartement,25.0,180000.0,7200.0,2024-03-20
Sablé-sur-Sarthe,72264,72300,Appartement,20.0,180000.0,9000.0,2024-03-20
Sablé-sur-Sarthe,72264,72300,Appartement,21.0,180000.0,8571.43,2024-03-20
Sablé-sur-Sarthe,72264,72300,Appartement,21.0,180000.0,8571.43,2024-03-20
Sablé-sur-Sarthe,72264,72300,Maison,62.0,115000.0,1854.84,2024-03-20
Ruaudin,72260,72230,Maison,84.0,164000.0,1952.38,2024-03-22
Le Mans,72181,72000,Appartement,32.0,86800.0,2712.5,2024-03-22
Mulsanne,72213,72230,Maison,99.0,195000.0,1969.7,2024-03-15
Le Mans,72181,72000,Appartement,47.0,123000.0,2617.02,2024-03-14
Le Mans,72181,72100,Maison,74.0,130000.0,1756.76,2024-03-15
Le Mans,72181,72100,Appartement,18.0,148000.0,8222.22,2024-03-15
Le Mans,72181,72100,Maison,95.0,148000.0,1557.89,2024-03-15
Vaas,72364,72500,Maison,43.0,77000.0,1790.7,2024-03-22
Le Mans,72181,72000,Appartement,77.0,145000.0,1883.12,2024-03-26
Le Mans,72181,72000,Maison,71.0,185000.0,2605.63,2024-03-21
Le Mans,72181,72000,Appartement,57.0,103000.0,1807.02,2024-03-21
Le Mans,72181,72100,Appartement,62.0,84950.0,1370.16,2024-03-11
Le Mans,72181,72000,Appartement,23.0,96000.0,4173.91,2024-03-12
Le Mans,72181,72000,Appartement,22.0,96000.0,4363.64,2024-03-12
Beaufay,72026,72110,Maison,90.0,146500.0,1627.78,2024-03-25
Beaufay,72026,72110,Maison,41.0,108000.0,2634.15,2024-03-25
Montval-sur-Loir,72071,72500,Maison,111.0,125000.0,1126.13,2024-03-21
Montval-sur-Loir,72071,72500,Maison,111.0,125000.0,1126.13,2024-03-21
Le Mans,72181,72000,Appartement,63.0,148000.0,2349.21,2024-03-15
Mayet,72191,72360,Maison,96.0,147500.0,1536.46,2024-01-09
Mayet,72191,72360,Maison,96.0,147500.0,1536.46,2024-01-09
Le Mans,72181,72000,Appartement,79.0,145000.0,1835.44,2024-03-22
Le Mans,72181,72100,Maison,58.0,72000.0,1241.38,2024-03-15
Pezé-le-Robert,72234,72140,Maison,110.0,120000.0,1090.91,2024-03-21
Pezé-le-Robert,72234,72140,Maison,110.0,120000.0,1090.91,2024-03-21
Montval-sur-Loir,72071,72500,Maison,73.0,156000.0,2136.99,2024-03-19
Le Mans,72181,72000,Maison,80.0,160000.0,2000.0,2024-03-20
Le Mans,72181,72000,Appartement,70.0,172500.0,2464.29,2024-03-22
Le Mans,72181,72000,Appartement,91.0,180000.0,1978.02,2024-03-07
Le Mans,72181,72000,Maison,75.0,207000.0,2760.0,2024-03-15
Le Grand-Lucé,72143,72150,Maison,132.0,265000.0,2007.58,2024-03-05
Saint-Pierre-du-Lorouër,72314,72150,Maison,70.0,65000.0,928.57,2024-03-13
Moncé-en-Belin,72200,72230,Maison,88.0,209900.0,2385.23,2024-03-18
Challes,72053,72250,Maison,82.0,85000.0,1036.59,2024-03-14
Bouloire,72042,72440,Maison,116.0,110000.0,948.28,2024-03-11
Le Mans,72181,72000,Appartement,56.0,88800.0,1585.71,2024-03-11
René,72251,72260,Maison,68.0,50000.0,735.29,2024-03-12
René,72251,72260,Maison,68.0,50000.0,735.29,2024-03-12
Le Mans,72181,72000,Maison,68.0,169000.0,2485.29,2024-03-13
Le Mans,72181,72000,Maison,90.0,280000.0,3111.11,2024-03-04
La Chapelle-Huon,72064,72310,Maison,98.0,186000.0,1897.96,2024-03-04
Le Mans,72181,72000,Maison,67.0,180000.0,2686.57,2024-03-04
Le Mans,72181,72000,Maison,106.0,180000.0,1698.11,2024-03-04
Le Mans,72181,72000,Appartement,25.0,175000.0,7000.0,2024-03-04
Le Mans,72181,72000,Appartement,40.0,175000.0,4375.0,2024-03-04
Le Mans,72181,72000,Appartement,50.0,175000.0,3500.0,2024-03-04
Le Mans,72181,72000,Appartement,85.0,135000.0,1588.24,2024-03-05
Juillé,72152,72170,Maison,280.0,520000.0,1857.14,2024-03-14
Juillé,72152,72170,Maison,280.0,520000.0,1857.14,2024-03-14
Le Mans,72181,72000,Appartement,72.0,139000.0,1930.56,2024-03-11
Le Mans,72181,72000,Maison,98.0,167000.0,1704.08,2024-03-11
Le Mans,72181,72000,Appartement,30.0,50600.0,1686.67,2024-03-25
Saint-Aubin-de-Locquenay,72266,72130,Maison,108.0,125000.0,1157.41,2024-03-19
Saint-Aubin-de-Locquenay,72266,72130,Maison,108.0,125000.0,1157.41,2024-03-19
Fyé,72139,72610,Maison,96.0,160000.0,1666.67,2024-03-21
Précigné,72244,72300,Maison,117.0,280000.0,2393.16,2024-03-12
Précigné,72244,72300,Maison,117.0,280000.0,2393.16,2024-03-12
Allonnes,72003,72700,Appartement,67.0,88185.0,1316.19,2024-03-08
Neuville-sur-Sarthe,72217,72190,Maison,80.0,210000.0,2625.0,2024-03-19
Neuville-sur-Sarthe,72217,72190,Maison,80.0,210000.0,2625.0,2024-03-19
La Suze-sur-Sarthe,72346,72210,Appartement,32.0,59000.0,1843.75,2024-03-25
Le Mans,72181,72000,Appartement,23.0,47000.0,2043.48,2024-03-22
Le Mans,72181,72100,Appartement,74.0,73500.0,993.24,2024-03-20
Saint-Georges-du-Bois,72280,72700,Maison,111.0,122000.0,1099.1,2024-03-25
Pruillé-l'Éguillé,72248,72150,Maison,55.0,130000.0,2363.64,2024-03-25
Pruillé-l'Éguillé,72248,72150,Maison,68.0,130000.0,1911.76,2024-03-25
Pruillé-l'Éguillé,72248,72150,Maison,68.0,130000.0,1911.76,2024-03-25
Marolles-les-Braults,72189,72260,Maison,71.0,62500.0,880.28,2024-03-21
Le Mans,72181,72000,Maison,96.0,110000.0,1145.83,2024-03-25
Sougé-le-Ganelon,72337,72130,Maison,85.0,130000.0,1529.41,2024-03-09
Yvré-le-Pôlin,72385,72330,Maison,72.0,120000.0,1666.67,2024-03-25
Fresnay-sur-Sarthe,72138,72130,Maison,171.0,345000.0,2017.54,2024-03-15
Le Lude,72176,72800,Maison,52.0,35000.0,673.08,2024-03-26
Parcé-sur-Sarthe,72228,72300,Maison,30.0,120000.0,4000.0,2024-03-16
Parcé-sur-Sarthe,72228,72300,Maison,15.0,120000.0,8000.0,2024-03-16
Parcé-sur-Sarthe,72228,72300,Maison,30.0,120000.0,4000.0,2024-03-16
Parcé-sur-Sarthe,72228,72300,Maison,15.0,120000.0,8000.0,2024-03-16
Saint-Gervais-de-Vic,72286,72120,Maison,106.0,12500.0,117.92,2024-03-28
Le Mans,72181,72000,Appartement,61.0,95300.0,1562.3,2024-03-14
Le Mans,72181,72000,Appartement,33.0,69240.0,2098.18,2024-03-14
Montmirail,72208,72320,Maison,121.0,80000.0,661.16,2024-03-22
Le Mans,72181,72000,Appartement,20.0,464000.0,23200.0,2024-03-14
Le Mans,72181,72000,Appartement,20.0,464000.0,23200.0,2024-03-14
Le Mans,72181,72000,Appartement,22.0,464000.0,21090.91,2024-03-14
Duneau,72122,72160,Maison,85.0,135000.0,1588.24,2024-03-11
Parigné-le-Pôlin,72230,72330,Maison,71.0,67095.0,945.0,2024-03-14
Le Mans,72181,72100,Appartement,60.0,116000.0,1933.33,2024-03-28
Le Mans,72181,72000,Maison,57.0,88000.0,1543.86,2024-03-22
Le Mans,72181,72000,Maison,46.0,120000.0,2608.7,2024-03-27
Montval-sur-Loir,72071,72500,Maison,46.0,25000.0,543.48,2024-03-26
Le Grand-Lucé,72143,72150,Maison,76.0,89000.0,1171.05,2024-03-19
Marigné-Laillé,72187,72220,Maison,20.0,17000.0,850.0,2024-03-22
Marigné-Laillé,72187,72220,Maison,20.0,17000.0,850.0,2024-03-22
Le Mans,72181,72100,Appartement,42.0,74100.0,1764.29,2024-03-22
Saint-Calais,72269,72120,Maison,176.0,145000.0,823.86,2024-03-20
Saint-Georges-de-la-Couée,72279,72150,Maison,250.0,35000.0,140.0,2024-03-22
Le Mans,72181,72000,Appartement,30.0,78000.0,2600.0,2024-03-27
Bessé-sur-Braye,72035,72310,Maison,100.0,150000.0,1500.0,2024-03-22
Bessé-sur-Braye,72035,72310,Maison,43.0,150000.0,3488.37,2024-03-22
Montval-sur-Loir,72071,72500,Maison,78.0,90000.0,1153.85,2024-03-14
Vion,72378,72300,Maison,84.0,79000.0,940.48,2024-03-01
Pruillé-l'Éguillé,72248,72150,Maison,93.0,110000.0,1182.8,2024-03-19
Lhomme,72161,72340,Maison,40.0,45000.0,1125.0,2024-03-27
Lhomme,72161,72340,Maison,40.0,45000.0,1125.0,2024-03-27
Montmirail,72208,72320,Maison,115.0,200000.0,1739.13,2024-03-26
Sillé-le-Guillaume,72334,72140,Maison,30.0,15000.0,500.0,2024-03-27
Pruillé-le-Chétif,72247,72700,Maison,95.0,100000.0,1052.63,2024-03-22
Thorée-les-Pins,72357,72800,Maison,51.0,86000.0,1686.27,2024-03-01
Mamers,72180,72600,Maison,70.0,46000.0,657.14,2024-03-19
Coulans-sur-Gée,72096,72550,Maison,136.0,185000.0,1360.29,2024-03-29
Le Mans,72181,72000,Maison,70.0,165000.0,2357.14,2024-03-29
Noyen-sur-Sarthe,72223,72430,Maison,96.0,50000.0,520.83,2024-03-19
Le Mans,72181,72000,Maison,127.0,270000.0,2125.98,2024-03-28
Saint-Rémy-du-Val,72317,72600,Maison,141.0,212800.0,1509.22,2024-03-29
Saint-Rémy-du-Val,72317,72600,Maison,141.0,212800.0,1509.22,2024-03-29
Saint-Rémy-du-Val,72317,72600,Maison,141.0,212800.0,1509.22,2024-03-29
Saint-Rémy-du-Val,72317,72600,Maison,141.0,212800.0,1509.22,2024-03-29
Brûlon,72050,72350,Maison,171.0,215000.0,1257.31,2024-03-21
Brûlon,72050,72350,Maison,171.0,215000.0,1257.31,2024-03-21
Arnage,72008,72230,Maison,70.0,120000.0,1714.29,2024-03-28
Noyen-sur-Sarthe,72223,72430,Maison,121.0,82500.0,681.82,2024-03-19
Montbizot,72205,72380,Maison,51.0,75000.0,1470.59,2024-03-13
Saint-Maixent,72296,72320,Maison,70.0,57500.0,821.43,2024-03-28
Teloché,72350,72220,Maison,89.0,155000.0,1741.57,2024-03-27
Laigné-en-Belin,72155,72220,Maison,173.0,345000.0,1994.22,2024-03-15
Laigné-en-Belin,72155,72220,Maison,173.0,345000.0,1994.22,2024-03-15
Le Mans,72181,72000,Appartement,42.0,54890.0,1306.9,2024-03-25
Le Mans,72181,72000,Appartement,26.0,52000.0,2000.0,2024-03-29
La Milesse,72198,72650,Maison,127.0,270000.0,2125.98,2024-03-28
Le Mans,72181,72000,Maison,84.0,169741.0,2020.73,2024-03-28
Le Mans,72181,72000,Appartement,50.0,76990.0,1539.8,2024-03-25
Le Mans,72181,72000,Appartement,15.0,34750.0,2316.67,2024-03-22
Le Mans,72181,72000,Appartement,23.0,34750.0,1510.87,2024-03-22
Le Mans,72181,72000,Maison,160.0,240000.0,1500.0,2024-03-22
Cérans-Foulletourte,72051,72330,Maison,86.0,131000.0,1523.26,2024-03-26
Saint-Paul-le-Gaultier,72309,72130,Maison,180.0,218400.0,1213.33,2024-03-25
Saint-Longis,72295,72600,Maison,160.0,85445.0,534.03,2024-03-28
Saint-Longis,72295,72600,Maison,160.0,85445.0,534.03,2024-03-28
Le Mans,72181,72100,Maison,98.0,214000.0,2183.67,2024-03-20
Le Mans,72181,72000,Appartement,40.0,81000.0,2025.0,2024-03-25
Chantenay-Villedieu,72059,72430,Maison,130.0,150000.0,1153.85,2024-03-26
Le Mans,72181,72000,Appartement,60.0,55000.0,916.67,2024-03-18
Le Mans,72181,72100,Maison,55.0,90000.0,1636.36,2024-03-22
Le Mans,72181,72000,Maison,105.0,187500.0,1785.71,2024-03-15
Écommoy,72124,72220,Appartement,75.0,73000.0,973.33,2024-03-28
Écommoy,72124,72220,Appartement,34.0,73000.0,2147.06,2024-03-28
Écommoy,72124,72220,Appartement,75.0,73000.0,973.33,2024-03-28
Écommoy,72124,72220,Appartement,34.0,73000.0,2147.06,2024-03-28
La Chapelle-Saint-Aubin,72065,72650,Maison,92.0,230000.0,2500.0,2024-03-21
La Chapelle-Saint-Aubin,72065,72650,Maison,92.0,230000.0,2500.0,2024-03-21
Changé,72058,72560,Maison,87.0,195000.0,2241.38,2024-03-22
La Quinte,72249,72550,Maison,82.0,156000.0,1902.44,2024-03-18
La Quinte,72249,72550,Maison,82.0,156000.0,1902.44,2024-03-18
La Quinte,72249,72550,Maison,82.0,156000.0,1902.44,2024-03-18
Le Mans,72181,72000,Appartement,35.0,79000.0,2257.14,2024-03-27
La Flèche,72154,72200,Maison,76.0,190000.0,2500.0,2024-03-29
René,72251,72260,Maison,105.0,77750.0,740.48,2024-03-19
Saint-Christophe-du-Jambet,72273,72170,Maison,30.0,73500.0,2450.0,2024-04-02
Saint-Christophe-du-Jambet,72273,72170,Maison,30.0,73500.0,2450.0,2024-04-02
La Milesse,72198,72650,Maison,80.0,316000.0,3950.0,2024-03-28
La Milesse,72198,72650,Maison,80.0,316000.0,3950.0,2024-03-28
La Milesse,72198,72650,Maison,80.0,316000.0,3950.0,2024-03-28
La Flèche,72154,72200,Maison,54.0,87000.0,1611.11,2024-03-20
La Flèche,72154,72200,Appartement,35.0,59000.0,1685.71,2024-03-19
Jupilles,72153,72500,Appartement,27.0,118000.0,4370.37,2024-03-28
Jupilles,72153,72500,Appartement,44.0,118000.0,2681.82,2024-03-28
Jupilles,72153,72500,Appartement,64.0,118000.0,1843.75,2024-03-28
Mayet,72191,72360,Maison,156.0,175000.0,1121.79,2024-03-28
Mayet,72191,72360,Maison,156.0,175000.0,1121.79,2024-03-28
Mayet,72191,72360,Maison,41.0,175000.0,4268.29,2024-03-28
Mayet,72191,72360,Maison,41.0,175000.0,4268.29,2024-03-28
Mayet,72191,72360,Maison,156.0,175000.0,1121.79,2024-03-28
Mayet,72191,72360,Maison,41.0,175000.0,4268.29,2024-03-28
Aubigné-Racan,72013,72800,Maison,78.0,60000.0,769.23,2024-03-28
Saint-Paterne - Le Chevain,72308,72610,Maison,63.0,102000.0,1619.05,2024-03-19
Aubigné-Racan,72013,72800,Maison,105.0,50000.0,476.19,2024-03-28
Saint-Ulphace,72322,72320,Maison,60.0,49000.0,816.67,2024-03-04
La Flèche,72154,72200,Maison,83.0,60000.0,722.89,2024-03-19
Le Mans,72181,72000,Maison,91.0,207500.0,2280.22,2024-03-29
Sillé-le-Guillaume,72334,72140,Maison,65.0,83000.0,1276.92,2024-03-28
Villaines-sous-Lucé,72376,72150,Maison,75.0,75000.0,1000.0,2024-03-19
Saint-Paterne - Le Chevain,72308,72610,Maison,85.0,99300.0,1168.24,2024-03-26
Mayet,72191,72360,Maison,112.0,115000.0,1026.79,2024-03-28
Sillé-le-Guillaume,72334,72140,Maison,134.0,46000.0,343.28,2024-03-29
Sillé-le-Guillaume,72334,72140,Appartement,12.0,46000.0,3833.33,2024-03-29
Vibraye,72373,72320,Maison,73.0,90000.0,1232.88,2024-03-29
Le Mans,72181,72100,Appartement,42.0,400000.0,9523.81,2024-03-29
Le Mans,72181,72100,Appartement,34.0,400000.0,11764.71,2024-03-29
Le Mans,72181,72100,Appartement,32.0,400000.0,12500.0,2024-03-29
Le Mans,72181,72100,Appartement,42.0,400000.0,9523.81,2024-03-29
Le Mans,72181,72100,Appartement,40.0,400000.0,10000.0,2024-03-29
Allonnes,72003,72700,Maison,79.0,60000.0,759.49,2024-03-29
Dollon,72118,72390,Maison,33.0,26500.0,803.03,2024-03-30
Le Mans,72181,72000,Maison,70.0,150000.0,2142.86,2024-03-28
Le Mans,72181,72000,Appartement,62.0,79050.0,1275.0,2024-03-28
Le Mans,72181,72100,Appartement,75.0,110000.0,1466.67,2024-03-25
Le Grand-Lucé,72143,72150,Maison,63.0,50000.0,793.65,2024-03-15
Trangé,72360,72650,Maison,85.0,160000.0,1882.35,2024-03-22
Trangé,72360,72650,Maison,85.0,160000.0,1882.35,2024-03-22
Le Mans,72181,72000,Appartement,43.0,55000.0,1279.07,2024-03-28
Saint-Germain-d'Arcé,72283,72800,Maison,63.0,77500.0,1230.16,2024-03-29
Saint-Germain-d'Arcé,72283,72800,Maison,63.0,77500.0,1230.16,2024-03-29
Saint-Léonard-des-Bois,72294,72130,Maison,72.0,27500.0,381.94,2024-03-14
Le Mans,72181,72000,Appartement,43.0,98000.0,2279.07,2024-03-29
Le Mans,72181,72000,Maison,125.0,245000.0,1960.0,2024-04-02
Le Mans,72181,72000,Appartement,65.0,158000.0,2430.77,2024-03-15
Le Mans,72181,72100,Maison,76.0,280000.0,3684.21,2024-03-29
Saint-Cosme-en-Vairais,72276,72110,Maison,63.0,10000.0,158.73,2024-03-29
Spay,72344,72700,Maison,153.0,310000.0,2026.14,2024-03-29
Bonnétable,72039,72110,Appartement,88.0,65000.0,738.64,2024-04-02
La Fontaine-Saint-Martin,72135,72330,Maison,66.0,145000.0,2196.97,2024-03-29
La Fontaine-Saint-Martin,72135,72330,Maison,66.0,145000.0,2196.97,2024-03-29
Le Mans,72181,72000,Appartement,59.0,175000.0,2966.1,2024-04-03
Fay,72130,72550,Maison,118.0,240000.0,2033.9,2024-03-27
La Suze-sur-Sarthe,72346,72210,Maison,98.0,100000.0,1020.41,2024-03-29
La Quinte,72249,72550,Maison,156.0,330000.0,2115.38,2024-03-29
La Quinte,72249,72550,Maison,156.0,330000.0,2115.38,2024-03-29
Aubigné-Racan,72013,72800,Maison,133.0,123000.0,924.81,2024-03-29
Aubigné-Racan,72013,72800,Maison,133.0,123000.0,924.81,2024-03-29
Saint-Georges-du-Bois,72280,72700,Maison,60.0,125000.0,2083.33,2024-03-29
Saint-Georges-du-Bois,72280,72700,Maison,60.0,125000.0,2083.33,2024-03-29
Le Mans,72181,72100,Maison,84.0,175000.0,2083.33,2024-03-29
Ruaudin,72260,72230,Maison,65.0,150900.0,2321.54,2024-03-28
Ruaudin,72260,72230,Maison,65.0,150900.0,2321.54,2024-03-28
Le Mans,72181,72000,Appartement,53.0,155000.0,2924.53,2024-03-29
La Suze-sur-Sarthe,72346,72210,Maison,70.0,145000.0,2071.43,2024-03-27
La Suze-sur-Sarthe,72346,72210,Maison,83.0,140000.0,1686.75,2024-03-29
La Suze-sur-Sarthe,72346,72210,Maison,108.0,135000.0,1250.0,2024-03-28
Neuvillalais,72216,72240,Maison,222.0,235000.0,1058.56,2024-04-02
Rouessé-Fontaine,72254,72610,Maison,75.0,57000.0,760.0,2024-03-27
Saint-Jean-du-Bois,72293,72430,Maison,46.0,30000.0,652.17,2024-03-28
La Suze-sur-Sarthe,72346,72210,Maison,100.0,210000.0,2100.0,2024-03-29
Le Mans,72181,72100,Appartement,39.0,180000.0,4615.38,2024-03-29
Le Mans,72181,72100,Appartement,39.0,180000.0,4615.38,2024-03-29
Le Mans,72181,72100,Appartement,39.0,180000.0,4615.38,2024-03-29
Coulaines,72095,72190,Appartement,72.0,95000.0,1319.44,2024-03-27
La Flèche,72154,72200,Maison,25.0,600000.0,24000.0,2024-03-29
Mamers,72180,72600,Maison,67.0,65000.0,970.15,2024-03-22
Mulsanne,72213,72230,Maison,85.0,175000.0,2058.82,2024-03-15
La Ferté-Bernard,72132,72400,Maison,82.0,165000.0,2012.2,2024-03-19
Mamers,72180,72600,Maison,75.0,73000.0,973.33,2024-03-20
Montreuil-le-Henri,72210,72150,Maison,80.0,70000.0,875.0,2024-03-21
Montval-sur-Loir,72071,72500,Maison,63.0,105000.0,1666.67,2024-03-25
Précigné,72244,72300,Maison,100.0,167000.0,1670.0,2024-04-08
Le Mans,72181,72000,Appartement,27.0,78000.0,2888.89,2024-03-14
Le Mans,72181,72000,Appartement,43.0,58000.0,1348.84,2024-03-19
Le Mans,72181,72000,Maison,225.0,550000.0,2444.44,2024-03-29
Mont-Saint-Jean,72211,72140,Maison,109.0,200000.0,1834.86,2024-04-03
Le Mans,72181,72000,Appartement,88.0,224000.0,2545.45,2024-04-04
Le Mans,72181,72000,Appartement,66.0,144180.0,2184.55,2024-04-03
Pontvallain,72243,72510,Maison,140.0,300000.0,2142.86,2024-04-05
Pontvallain,72243,72510,Maison,140.0,300000.0,2142.86,2024-04-05
Saint-Cosme-en-Vairais,72276,72110,Maison,210.0,190000.0,904.76,2024-03-25
Saint-Cosme-en-Vairais,72276,72110,Maison,210.0,190000.0,904.76,2024-03-25
Saint-Cosme-en-Vairais,72276,72110,Maison,210.0,190000.0,904.76,2024-03-25
Le Mans,72181,72100,Maison,80.0,350000.0,4375.0,2024-03-27
Le Mans,72181,72100,Maison,99.0,350000.0,3535.35,2024-03-27
Le Mans,72181,72100,Appartement,49.0,350000.0,7142.86,2024-03-27
Le Mans,72181,72100,Appartement,98.0,350000.0,3571.43,2024-03-27
Yvré-le-Pôlin,72385,72330,Maison,90.0,188000.0,2088.89,2024-03-28
Ancinnes,72005,72610,Maison,123.0,140000.0,1138.21,2024-03-29
Rouillon,72257,72700,Maison,107.0,310000.0,2897.2,2024-03-22
Le Mans,72181,72000,Appartement,79.0,189904.8,2403.86,2024-03-19
Saint-Pavace,72310,72190,Maison,140.0,219950.0,1571.07,2024-04-02
La Flèche,72154,72200,Maison,150.0,480000.0,3200.0,2024-03-29
Parennes,72229,72140,Maison,95.0,170000.0,1789.47,2024-03-20
Parennes,72229,72140,Maison,95.0,170000.0,1789.47,2024-03-20
Parennes,72229,72140,Maison,95.0,170000.0,1789.47,2024-03-20
Bouloire,72042,72440,Maison,100.0,160000.0,1600.0,2024-03-28
Bouloire,72042,72440,Maison,40.0,42000.0,1050.0,2024-03-23
Bouloire,72042,72440,Maison,43.0,42000.0,976.74,2024-03-23
Le Mans,72181,72000,Appartement,45.0,82700.0,1837.78,2024-03-27
Le Mans,72181,72000,Maison,112.0,200000.0,1785.71,2024-04-02
Vibraye,72373,72320,Maison,93.0,125000.0,1344.09,2024-03-27
Berfay,72032,72320,Maison,56.0,20000.0,357.14,2024-03-29
Le Mans,72181,72000,Maison,178.0,279000.0,1567.42,2024-03-29
Vibraye,72373,72320,Maison,61.0,30000.0,491.8,2024-03-27
Bouër,72041,72390,Maison,190.0,15000.0,78.95,2024-04-05
Bouër,72041,72390,Maison,190.0,15000.0,78.95,2024-04-05
La Flèche,72154,72200,Maison,106.0,170000.0,1603.77,2024-03-26
La Flèche,72154,72200,Maison,106.0,170000.0,1603.77,2024-03-26
Le Mans,72181,72000,Appartement,93.0,145500.0,1564.52,2024-04-05
Le Mans,72181,72000,Maison,106.0,275000.0,2594.34,2024-04-02
Le Mans,72181,72000,Appartement,33.0,46000.0,1393.94,2024-03-25
Champagné,72054,72470,Maison,118.0,240000.0,2033.9,2024-04-03
Champagné,72054,72470,Maison,118.0,240000.0,2033.9,2024-04-03
Le Mans,72181,72100,Appartement,54.0,63000.0,1166.67,2024-03-29
Le Mans,72181,72000,Appartement,56.0,100000.0,1785.71,2024-03-29
Louplande,72169,72210,Maison,125.0,223000.0,1784.0,2024-03-27
Louplande,72169,72210,Maison,125.0,223000.0,1784.0,2024-03-27
Louplande,72169,72210,Maison,125.0,223000.0,1784.0,2024-03-27
Sillé-le-Guillaume,72334,72140,Maison,134.0,85000.0,634.33,2024-04-04
Villaines-sous-Malicorne,72377,72270,Maison,88.0,115000.0,1306.82,2024-04-03
Villaines-sous-Malicorne,72377,72270,Maison,88.0,115000.0,1306.82,2024-04-03
Tresson,72361,72440,Maison,60.0,80000.0,1333.33,2024-03-22
Ruaudin,72260,72230,Maison,99.0,246000.0,2484.85,2024-03-29
Le Mans,72181,72100,Appartement,55.0,40000.0,727.27,2024-04-08
Saint-Mars-d'Outillé,72299,72220,Maison,87.0,197000.0,2264.37,2024-03-20
Saint-Mars-la-Brière,72300,72470,Maison,60.0,9000.0,150.0,2024-03-20
Saint-Calais,72269,72120,Maison,329.0,160000.0,486.32,2024-04-02
Montval-sur-Loir,72071,72500,Maison,60.0,9000.0,150.0,2024-04-06
Le Mans,72181,72100,Appartement,45.0,65990.0,1466.44,2024-03-25
Le Mans,72181,72100,Maison,120.0,141300.0,1177.5,2024-03-22
Le Mans,72181,72000,Appartement,35.0,55000.0,1571.43,2024-03-25
La Guierche,72147,72380,Maison,98.0,240000.0,2448.98,2024-03-29
La Guierche,72147,72380,Maison,98.0,240000.0,2448.98,2024-03-29
Le Mans,72181,72000,Appartement,76.0,158000.0,2078.95,2024-04-05
Mayet,72191,72360,Maison,80.0,150000.0,1875.0,2024-03-28
Mayet,72191,72360,Maison,80.0,150000.0,1875.0,2024-03-28
Saint-Pierre-du-Lorouër,72314,72150,Maison,62.0,45000.0,725.81,2024-03-21
Clermont-Créans,72084,72200,Maison,82.0,103500.0,1262.2,2024-03-20
Le Mans,72181,72100,Maison,100.0,72000.0,720.0,2024-04-08
La Ferté-Bernard,72132,72400,Maison,55.0,58000.0,1054.55,2024-03-21
Le Mans,72181,72000,Appartement,31.0,68500.0,2209.68,2024-04-08
Le Luart,72172,72390,Maison,82.0,110000.0,1341.46,2024-04-05
Le Mans,72181,72000,Appartement,113.0,125000.0,1106.19,2024-03-15
La Ferté-Bernard,72132,72400,Maison,132.0,280000.0,2121.21,2024-03-21
La Flèche,72154,72200,Maison,75.0,138000.0,1840.0,2024-04-05
Le Mans,72181,72000,Maison,145.0,350000.0,2413.79,2024-04-08
Le Mans,72181,72000,Appartement,116.0,140000.0,1206.9,2024-03-28
Bonnétable,72039,72110,Maison,75.0,115000.0,1533.33,2024-04-08
Le Mans,72181,72000,Appartement,66.0,300000.0,4545.45,2024-03-25
Le Mans,72181,72000,Appartement,63.0,300000.0,4761.9,2024-03-25
Le Mans,72181,72000,Appartement,49.0,300000.0,6122.45,2024-03-25
Saint-Ouen-de-Mimbré,72305,72130,Maison,75.0,78000.0,1040.0,2024-03-28
Le Mans,72181,72000,Appartement,40.0,78000.0,1950.0,2024-03-11
Montreuil-le-Chétif,72209,72130,Maison,90.0,145000.0,1611.11,2024-03-29
Saint-Gervais-en-Belin,72287,72220,Maison,116.0,216000.0,1862.07,2024-03-29
Saint-Gervais-en-Belin,72287,72220,Maison,116.0,216000.0,1862.07,2024-03-29
Le Mans,72181,72000,Appartement,77.0,137500.0,1785.71,2024-03-18
Vancé,72368,72310,Maison,87.0,35000.0,402.3,2024-03-25
Le Mans,72181,72000,Maison,54.0,177000.0,3277.78,2024-03-29
Le Mans,72181,72000,Appartement,21.0,39700.0,1890.48,2024-03-29
Assé-le-Boisne,72011,72130,Maison,108.0,60000.0,555.56,2024-03-28
Saint-Ouen-de-Mimbré,72305,72130,Maison,85.0,165250.0,1944.12,2024-03-26
Saint-Ouen-de-Mimbré,72305,72130,Maison,85.0,165250.0,1944.12,2024-03-26
Bonnétable,72039,72110,Maison,61.0,55500.0,909.84,2024-04-09
Le Mans,72181,72000,Maison,55.0,135000.0,2454.55,2024-04-04
Le Mans,72181,72100,Appartement,42.0,78000.0,1857.14,2024-04-08
Le Mans,72181,72100,Maison,86.0,174990.0,2034.77,2024-03-18
Moncé-en-Belin,72200,72230,Maison,74.0,103000.0,1391.89,2024-04-05
Vibraye,72373,72320,Maison,57.0,58000.0,1017.54,2024-04-03
Ruaudin,72260,72230,Maison,68.0,184000.0,2705.88,2024-04-08
Dollon,72118,72390,Maison,116.0,100000.0,862.07,2024-04-03
Le Mans,72181,72000,Appartement,73.0,109300.0,1497.26,2024-03-27
Noyen-sur-Sarthe,72223,72430,Maison,55.0,57000.0,1036.36,2024-04-08
Le Mans,72181,72000,Appartement,41.0,59000.0,1439.02,2024-04-03
Le Mans,72181,72000,Maison,117.0,410000.0,3504.27,2024-04-02
Connerré,72090,72160,Maison,88.0,150000.0,1704.55,2024-04-02
Allonnes,72003,72700,Maison,102.0,182000.0,1784.31,2024-04-08
Dangeul,72112,72260,Maison,62.0,69000.0,1112.9,2024-03-28
Le Mans,72181,72000,Maison,78.0,120000.0,1538.46,2024-04-02
Le Mans,72181,72000,Appartement,30.0,63000.0,2100.0,2024-04-10
Lhomme,72161,72340,Maison,98.0,140000.0,1428.57,2024-04-04
Lhomme,72161,72340,Maison,98.0,140000.0,1428.57,2024-04-04
Le Mans,72181,72000,Maison,105.0,289800.0,2760.0,2024-03-28
Rouez,72256,72140,Maison,103.0,155000.0,1504.85,2024-04-09
Crissé,72109,72140,Maison,140.0,99000.0,707.14,2024-04-08
Gréez-sur-Roc,72144,72320,Maison,90.0,137000.0,1522.22,2024-04-06
Aubigné-Racan,72013,72800,Maison,58.0,100000.0,1724.14,2024-04-09
La Flèche,72154,72200,Maison,71.0,202500.0,2852.11,2024-03-29
Le Mans,72181,72000,Maison,83.0,260000.0,3132.53,2024-04-02
Le Mans,72181,72100,Maison,92.0,192000.0,2086.96,2024-03-18
La Guierche,72147,72380,Maison,65.0,70000.0,1076.92,2024-03-28
Requeil,72252,72510,Maison,142.0,97500.0,686.62,2024-04-08
Requeil,72252,72510,Maison,142.0,97500.0,686.62,2024-04-08
Requeil,72252,72510,Maison,142.0,97500.0,686.62,2024-04-08
Auvers-le-Hamon,72016,72300,Maison,128.0,266000.0,2078.12,2024-03-27
Auvers-le-Hamon,72016,72300,Maison,128.0,266000.0,2078.12,2024-03-27
Sablé-sur-Sarthe,72264,72300,Maison,149.0,140000.0,939.6,2024-04-03
Sablé-sur-Sarthe,72264,72300,Maison,91.0,195000.0,2142.86,2024-04-09
Sablé-sur-Sarthe,72264,72300,Maison,91.0,195000.0,2142.86,2024-04-09
Semur-en-Vallon,72333,72390,Maison,64.0,74700.0,1167.19,2024-03-28
Sablé-sur-Sarthe,72264,72300,Maison,98.0,155000.0,1581.63,2024-04-08
Sablé-sur-Sarthe,72264,72300,Maison,98.0,155000.0,1581.63,2024-04-08
Bonnétable,72039,72110,Maison,197.0,210000.0,1065.99,2024-03-29
Le Mans,72181,72000,Appartement,41.0,110750.0,2701.22,2024-04-08
Juigné-sur-Sarthe,72151,72300,Maison,140.0,120000.0,857.14,2024-04-08
Bonnétable,72039,72110,Maison,80.0,87500.0,1093.75,2024-03-28
Chérisay,72079,72610,Maison,77.0,9500.0,123.38,2024-03-29
Sablé-sur-Sarthe,72264,72300,Maison,85.0,84300.0,991.76,2024-04-05
Le Mans,72181,72100,Maison,95.0,132000.0,1389.47,2024-04-04
Beaufay,72026,72110,Maison,63.0,115000.0,1825.4,2024-03-19
Beaufay,72026,72110,Maison,63.0,115000.0,1825.4,2024-03-19
Le Mans,72181,72000,Appartement,32.0,65000.0,2031.25,2024-03-22
Le Mans,72181,72000,Appartement,73.0,100000.0,1369.86,2024-03-27
Le Mans,72181,72000,Appartement,77.0,100000.0,1298.7,2024-03-27
Nogent-le-Bernard,72220,72110,Maison,72.0,65000.0,902.78,2024-04-05
Fresnay-sur-Sarthe,72138,72130,Maison,58.0,74000.0,1275.86,2024-04-05
Gréez-sur-Roc,72144,72320,Maison,39.0,160000.0,4102.56,2024-04-08
Gréez-sur-Roc,72144,72320,Maison,39.0,160000.0,4102.56,2024-04-08
Écommoy,72124,72220,Maison,42.0,115000.0,2738.1,2024-03-26
Le Mans,72181,72000,Appartement,15.0,39000.0,2600.0,2024-04-09
Mamers,72180,72600,Maison,76.0,50850.0,669.08,2024-03-29
Saint-Jean-d'Assé,72290,72380,Maison,87.0,208630.0,2398.05,2024-04-05
Parigné-l'Évêque,72231,72250,Maison,114.0,215000.0,1885.96,2024-03-20
Saint-Saturnin,72320,72650,Maison,127.0,200000.0,1574.8,2024-04-05
Mamers,72180,72600,Maison,106.0,114000.0,1075.47,2024-01-19
La Chapelle-Saint-Fray,72066,72240,Maison,129.0,195000.0,1511.63,2024-04-09
Aubigné-Racan,72013,72800,Maison,143.0,85000.0,594.41,2024-04-10
Teloché,72350,72220,Maison,111.0,261000.0,2351.35,2024-04-05
Teloché,72350,72220,Maison,111.0,261000.0,2351.35,2024-04-05
Teloché,72350,72220,Maison,111.0,261000.0,2351.35,2024-04-05
Dollon,72118,72390,Maison,73.0,95000.0,1301.37,2024-03-26
Voivres-lès-le-Mans,72381,72210,Maison,131.0,215000.0,1641.22,2024-04-10
Voivres-lès-le-Mans,72381,72210,Maison,131.0,215000.0,1641.22,2024-04-10
Voivres-lès-le-Mans,72381,72210,Maison,27.0,215000.0,7962.96,2024-04-10
Voivres-lès-le-Mans,72381,72210,Maison,27.0,215000.0,7962.96,2024-04-10
Voivres-lès-le-Mans,72381,72210,Maison,27.0,215000.0,7962.96,2024-04-10
Voivres-lès-le-Mans,72381,72210,Maison,131.0,215000.0,1641.22,2024-04-10
Spay,72344,72700,Maison,88.0,197000.0,2238.64,2024-04-10
Spay,72344,72700,Maison,88.0,197000.0,2238.64,2024-04-10
Le Mans,72181,72000,Maison,76.0,23333.33,307.02,2024-03-28
Le Mans,72181,72000,Maison,76.0,23333.33,307.02,2024-03-28
Saint-Calais,72269,72120,Appartement,30.0,65000.0,2166.67,2024-04-04
Saint-Calais,72269,72120,Appartement,30.0,65000.0,2166.67,2024-04-04
Saint-Léonard-des-Bois,72294,72130,Maison,77.0,48000.0,623.38,2024-03-25
Saint-Vincent-des-Prés,72324,72600,Appartement,21.0,40000.0,1904.76,2024-03-28
Saint-Vincent-des-Prés,72324,72600,Maison,100.0,40000.0,400.0,2024-03-28
Loué,72168,72540,Maison,70.0,55000.0,785.71,2024-03-25
Le Mans,72181,72000,Appartement,86.0,188500.0,2191.86,2024-04-09
La Flèche,72154,72200,Appartement,52.0,125000.0,2403.85,2024-04-02
Beaumont-sur-Sarthe,72029,72170,Appartement,17.0,650000.0,38235.29,2024-03-29
Beaumont-sur-Sarthe,72029,72170,Appartement,21.0,650000.0,30952.38,2024-03-29
Beaumont-sur-Sarthe,72029,72170,Appartement,17.0,650000.0,38235.29,2024-03-29
Beaumont-sur-Sarthe,72029,72170,Appartement,37.0,650000.0,17567.57,2024-03-29
Beaumont-sur-Sarthe,72029,72170,Appartement,14.0,650000.0,46428.57,2024-03-29
Beaumont-sur-Sarthe,72029,72170,Appartement,25.0,650000.0,26000.0,2024-03-29
Beaumont-sur-Sarthe,72029,72170,Appartement,28.0,650000.0,23214.29,2024-03-29
Beaumont-sur-Sarthe,72029,72170,Appartement,20.0,650000.0,32500.0,2024-03-29
Beaumont-sur-Sarthe,72029,72170,Appartement,17.0,650000.0,38235.29,2024-03-29
Beaumont-sur-Sarthe,72029,72170,Appartement,70.0,650000.0,9285.71,2024-03-29
Beaumont-sur-Sarthe,72029,72170,Appartement,70.0,650000.0,9285.71,2024-03-29
Beaumont-sur-Sarthe,72029,72170,Appartement,44.0,650000.0,14772.73,2024-03-29
Beaumont-sur-Sarthe,72029,72170,Appartement,45.0,650000.0,14444.44,2024-03-29
Beaumont-sur-Sarthe,72029,72170,Appartement,15.0,650000.0,43333.33,2024-03-29
Malicorne-sur-Sarthe,72179,72270,Maison,55.0,45000.0,818.18,2024-03-18
Le Mans,72181,72000,Maison,72.0,165000.0,2291.67,2024-04-03
Luceau,72173,72500,Maison,122.0,180000.0,1475.41,2024-04-02
Luceau,72173,72500,Maison,122.0,180000.0,1475.41,2024-04-02
Mareil-sur-Loir,72185,72200,Maison,40.0,22000.0,550.0,2024-03-15
Mareil-sur-Loir,72185,72200,Maison,40.0,22000.0,550.0,2024-03-15
Mulsanne,72213,72230,Maison,85.0,93000.0,1094.12,2024-03-20
Souligné-sous-Ballon,72340,72290,Maison,91.0,90000.0,989.01,2024-04-02
Saint-Rémy-des-Monts,72316,72600,Maison,80.0,92600.0,1157.5,2024-04-02
Dangeul,72112,72260,Maison,112.0,283000.0,2526.79,2024-04-03
Dangeul,72112,72260,Maison,90.0,283000.0,3144.44,2024-04-03
Clermont-Créans,72084,72200,Maison,43.0,75000.0,1744.19,2024-03-29
Clermont-Créans,72084,72200,Maison,43.0,75000.0,1744.19,2024-03-29
Beaumont-sur-Sarthe,72029,72170,Maison,116.0,36000.0,310.34,2024-03-29
Beaumont-sur-Sarthe,72029,72170,Appartement,50.0,25000.0,500.0,2024-04-02
Le Mans,72181,72000,Maison,93.0,149000.0,1602.15,2024-03-29
Sablé-sur-Sarthe,72264,72300,Appartement,78.0,75525.0,968.27,2024-04-02
Villaines-sous-Malicorne,72377,72270,Maison,54.0,62000.0,1148.15,2024-03-21
Mayet,72191,72360,Maison,113.0,160000.0,1415.93,2024-04-10
Précigné,72244,72300,Maison,85.0,40500.0,476.47,2024-03-20
Loué,72168,72540,Maison,80.0,103000.0,1287.5,2024-04-11
Le Mans,72181,72000,Appartement,32.0,47500.0,1484.38,2024-04-15
Mayet,72191,72360,Maison,80.0,153700.0,1921.25,2024-04-08
Allonnes,72003,72700,Appartement,48.0,63000.0,1312.5,2024-04-12
Ligron,72163,72270,Maison,177.0,310000.0,1751.41,2024-03-29
Ligron,72163,72270,Maison,177.0,310000.0,1751.41,2024-03-29
Le Mans,72181,72000,Appartement,21.0,58600.0,2790.48,2024-04-10
Le Mans,72181,72000,Appartement,49.0,135000.0,2755.1,2024-03-29
Lombron,72165,72450,Maison,143.0,220000.0,1538.46,2024-04-15
Lombron,72165,72450,Maison,143.0,220000.0,1538.46,2024-04-15
Boëssé-le-Sec,72038,72400,Maison,75.0,140000.0,1866.67,2024-04-12
Vion,72378,72300,Maison,83.0,72000.0,867.47,2024-04-04
Oizé,72226,72330,Maison,40.0,35000.0,875.0,2024-04-10
Requeil,72252,72510,Maison,103.0,81500.0,791.26,2024-04-10
Rouez,72256,72140,Maison,141.0,345000.0,2446.81,2024-03-29
Rouez,72256,72140,Maison,141.0,345000.0,2446.81,2024-03-29
Rouez,72256,72140,Maison,141.0,345000.0,2446.81,2024-03-29
Le Luart,72172,72390,Maison,94.0,92500.0,984.04,2024-04-12
Notre-Dame-du-Pé,72232,72300,Maison,146.0,185000.0,1267.12,2024-03-29
Montfort-le-Gesnois,72241,72450,Maison,42.0,64000.0,1523.81,2024-04-08
Vion,72378,72300,Maison,120.0,150000.0,1250.0,2024-03-29
Le Grand-Lucé,72143,72150,Maison,108.0,150000.0,1388.89,2024-03-28
Le Grand-Lucé,72143,72150,Maison,108.0,150000.0,1388.89,2024-03-28
Le Mans,72181,72100,Maison,75.0,114000.0,1520.0,2024-03-27
Neufchâtel-en-Saosnois,72215,72600,Maison,142.0,55500.0,390.85,2024-03-27
Loir en Vallée,72262,72340,Maison,78.0,65740.0,842.82,2024-03-29
Saint-Mars-la-Brière,72300,72470,Maison,73.0,128000.0,1753.42,2024-03-27
Le Mans,72181,72000,Appartement,36.0,55000.0,1527.78,2024-03-29
Le Mans,72181,72100,Maison,84.0,120000.0,1428.57,2024-04-04
Saint-Rémy-du-Val,72317,72600,Maison,59.0,45500.0,771.19,2024-03-28
Bernay-Neuvy-en-Champagne,72219,72240,Maison,92.0,138400.0,1504.35,2024-04-09
Bernay-Neuvy-en-Champagne,72219,72240,Maison,92.0,138400.0,1504.35,2024-04-09
Soulitré,72341,72370,Maison,52.0,250000.0,4807.69,2024-04-10
Courcebœufs,72099,72290,Maison,209.0,245000.0,1172.25,2024-04-05
Courcebœufs,72099,72290,Maison,209.0,245000.0,1172.25,2024-04-05
Saint-Symphorien,72321,72240,Maison,168.0,200000.0,1190.48,2024-03-22
Le Mans,72181,72100,Appartement,56.0,105000.0,1875.0,2024-04-12
Tennie,72351,72240,Maison,36.0,13500.0,375.0,2024-04-11
Dissay-sous-Courcillon,72115,72500,Maison,36.0,35000.0,972.22,2024-04-09
Dissay-sous-Courcillon,72115,72500,Maison,30.0,35000.0,1166.67,2024-04-09
Moulins-le-Carbonnel,72212,72130,Maison,68.0,90000.0,1323.53,2024-03-30
Moulins-le-Carbonnel,72212,72130,Maison,68.0,90000.0,1323.53,2024-03-30
Yvré-le-Pôlin,72385,72330,Maison,107.0,70000.0,654.21,2024-04-04
Coulaines,72095,72190,Appartement,64.0,98000.0,1531.25,2024-04-03
Le Mans,72181,72100,Maison,40.0,68670.0,1716.75,2024-03-25
Saint-Pierre-du-Lorouër,72314,72150,Maison,82.0,80000.0,975.61,2024-04-02
Coulaines,72095,72190,Maison,73.0,191000.0,2616.44,2024-04-05
Allonnes,72003,72700,Appartement,67.0,69600.0,1038.81,2024-04-11
Mulsanne,72213,72230,Maison,120.0,365000.0,3041.67,2024-04-03
Mézeray,72195,72270,Maison,66.0,127000.0,1924.24,2024-04-12
Le Mans,72181,72000,Appartement,24.0,70000.0,2916.67,2024-04-12
Noyen-sur-Sarthe,72223,72430,Maison,68.0,100000.0,1470.59,2024-03-29
Le Mans,72181,72000,Maison,95.0,280000.0,2947.37,2024-04-08
La Ferté-Bernard,72132,72400,Maison,204.0,225000.0,1102.94,2024-04-15
Voivres-lès-le-Mans,72381,72210,Maison,105.0,168815.0,1607.76,2024-04-05
Voivres-lès-le-Mans,72381,72210,Maison,105.0,168815.0,1607.76,2024-04-05
Le Mans,72181,72000,Maison,81.0,247000.0,3049.38,2024-04-12
Roézé-sur-Sarthe,72253,72210,Maison,81.0,144000.0,1777.78,2024-04-05
Le Mans,72181,72100,Appartement,26.0,58000.0,2230.77,2024-04-11
Allonnes,72003,72700,Appartement,58.0,79500.0,1370.69,2024-04-08
Le Mans,72181,72000,Appartement,22.0,70000.0,3181.82,2024-04-02
Sillé-le-Philippe,72335,72460,Maison,92.0,162000.0,1760.87,2024-03-26
Sillé-le-Philippe,72335,72460,Maison,92.0,162000.0,1760.87,2024-03-26
Sillé-le-Philippe,72335,72460,Maison,92.0,162000.0,1760.87,2024-03-26
Courcebœufs,72099,72290,Maison,70.0,110000.0,1571.43,2024-04-11
Duneau,72122,72160,Maison,64.0,95000.0,1484.38,2024-04-16
Duneau,72122,72160,Maison,89.0,95000.0,1067.42,2024-04-16
Gréez-sur-Roc,72144,72320,Maison,24.0,16000.0,666.67,2024-04-02
Le Mans,72181,72000,Appartement,62.0,100000.0,1612.9,2024-04-15
Courgains,72104,72260,Maison,41.0,50000.0,1219.51,2024-04-09
Courgains,72104,72260,Maison,41.0,50000.0,1219.51,2024-04-09
Courgains,72104,72260,Maison,41.0,50000.0,1219.51,2024-04-09
Le Mans,72181,72100,Maison,92.0,185000.0,2010.87,2024-04-15
Le Breil-sur-Mérize,72046,72370,Maison,67.0,80000.0,1194.03,2024-04-10
La Bazoge,72024,72650,Maison,126.0,340000.0,2698.41,2024-04-05
Le Mans,72181,72000,Maison,110.0,335000.0,3045.45,2024-04-05
La Flèche,72154,72200,Maison,83.0,122000.0,1469.88,2024-04-03
La Flèche,72154,72200,Maison,83.0,122000.0,1469.88,2024-04-03
Saint-Corneille,72275,72460,Maison,45.0,65000.0,1444.44,2024-03-26
Saint-Corneille,72275,72460,Maison,45.0,65000.0,1444.44,2024-03-26
Le Mans,72181,72000,Maison,96.0,140000.0,1458.33,2024-04-10
La Ferté-Bernard,72132,72400,Maison,124.0,90000.0,725.81,2024-04-17
Le Mans,72181,72000,Appartement,59.0,136500.0,2313.56,2024-04-17
Moncé-en-Belin,72200,72230,Maison,103.0,205000.0,1990.29,2024-03-29
Moncé-en-Belin,72200,72230,Maison,103.0,205000.0,1990.29,2024-03-29
Le Mans,72181,72000,Appartement,49.0,92000.0,1877.55,2024-04-17
Le Mans,72181,72000,Appartement,50.0,92000.0,1840.0,2024-04-17
Le Mans,72181,72000,Appartement,58.0,105000.0,1810.34,2024-04-02
La Flèche,72154,72200,Maison,83.0,130000.0,1566.27,2024-03-29
Crosmières,72110,72200,Maison,106.0,154000.0,1452.83,2024-04-08
Teloché,72350,72220,Maison,88.0,180000.0,2045.45,2024-04-05
Le Mans,72181,72000,Maison,78.0,157150.0,2014.74,2024-04-12
Le Mans,72181,72000,Appartement,50.0,98000.0,1960.0,2024-04-17
Le Mans,72181,72000,Maison,116.0,270000.0,2327.59,2024-04-15
Soulitré,72341,72370,Maison,104.0,155000.0,1490.38,2024-04-02
Le Mans,72181,72000,Maison,61.0,198000.0,3245.9,2024-04-12
Connerré,72090,72160,Maison,48.0,70000.0,1458.33,2024-03-28
Rouillon,72257,72700,Appartement,62.0,176000.0,2838.71,2024-04-03
Le Mans,72181,72100,Maison,60.0,120000.0,2000.0,2024-04-12
La Flèche,72154,72200,Maison,89.0,180000.0,2022.47,2024-04-03
La Flèche,72154,72200,Maison,89.0,180000.0,2022.47,2024-04-03
Étival-lès-le-Mans,72127,72700,Maison,161.0,431095.0,2677.61,2024-04-05
Crosmières,72110,72200,Maison,109.0,172000.0,1577.98,2024-04-05
Lombron,72165,72450,Maison,103.0,150000.0,1456.31,2024-04-04
Lombron,72165,72450,Maison,103.0,150000.0,1456.31,2024-04-04
Lombron,72165,72450,Maison,103.0,150000.0,1456.31,2024-04-04
Beaumont-sur-Sarthe,72029,72170,Maison,117.0,80000.0,683.76,2024-03-15
Domfront-en-Champagne,72119,72240,Maison,38.0,66000.0,1736.84,2024-04-15
Yvré-l'Évêque,72386,72530,Maison,124.0,260000.0,2096.77,2024-04-15
Écommoy,72124,72220,Maison,208.0,150000.0,721.15,2024-04-09
Écommoy,72124,72220,Maison,84.0,150000.0,1785.71,2024-04-09
Allonnes,72003,72700,Appartement,80.0,73000.0,912.5,2024-04-10
Sargé-lès-le-Mans,72328,72190,Maison,96.0,206000.0,2145.83,2024-04-03
Le Mans,72181,72000,Appartement,59.0,130000.0,2203.39,2024-04-16
Le Mans,72181,72000,Appartement,86.0,70000.0,813.95,2024-04-15
Le Mans,72181,72000,Maison,165.0,495000.0,3000.0,2024-04-08
Yvré-le-Pôlin,72385,72330,Maison,126.0,117800.0,934.92,2024-04-08
Le Grand-Lucé,72143,72150,Appartement,70.0,140000.0,2000.0,2024-03-29
Le Grand-Lucé,72143,72150,Appartement,40.0,140000.0,3500.0,2024-03-29
Cherré-Au,72080,72400,Maison,93.0,210000.0,2258.06,2024-04-02
Saint-Ouen-de-Mimbré,72305,72130,Maison,112.0,214500.0,1915.18,2024-04-04
Saint-Ouen-de-Mimbré,72305,72130,Maison,112.0,214500.0,1915.18,2024-04-04
La Ferté-Bernard,72132,72400,Maison,87.0,196000.0,2252.87,2024-03-25
Le Mans,72181,72000,Appartement,60.0,127380.0,2123.0,2024-04-12
La Ferté-Bernard,72132,72400,Appartement,72.0,59000.0,819.44,2024-03-29
Saint-Mars-d'Outillé,72299,72220,Maison,96.0,100000.0,1041.67,2024-04-10
Le Mans,72181,72000,Appartement,57.0,80000.0,1403.51,2024-03-27
Le Mans,72181,72000,Maison,81.0,195000.0,2407.41,2024-04-05
Lavaré,72158,72390,Maison,54.0,70000.0,1296.3,2024-04-04
Lavaré,72158,72390,Maison,54.0,70000.0,1296.3,2024-04-04
Aubigné-Racan,72013,72800,Maison,33.0,130000.0,3939.39,2024-04-17
Saint-Jean-de-la-Motte,72291,72510,Maison,81.0,95000.0,1172.84,2024-01-26
Saint-Jean-de-la-Motte,72291,72510,Maison,81.0,95000.0,1172.84,2024-01-26
Le Mans,72181,72100,Maison,76.0,185000.0,2434.21,2024-04-16
La Flèche,72154,72200,Maison,71.0,180000.0,2535.21,2024-02-08
La Flèche,72154,72200,Maison,71.0,180000.0,2535.21,2024-02-08
Montval-sur-Loir,72071,72500,Maison,100.0,22000.0,220.0,2024-04-18
Pontvallain,72243,72510,Maison,51.0,28000.0,549.02,2024-02-28
Le Mans,72181,72000,Appartement,69.0,108585.0,1573.7,2024-04-10
Parigné-l'Évêque,72231,72250,Maison,156.0,195000.0,1250.0,2024-04-16
Le Mans,72181,72100,Appartement,58.0,78000.0,1344.83,2024-04-04
Vibraye,72373,72320,Maison,57.0,70000.0,1228.07,2024-04-12
Vibraye,72373,72320,Maison,57.0,70000.0,1228.07,2024-04-12
Assé-le-Boisne,72011,72130,Maison,90.0,140000.0,1555.56,2024-04-13
Assé-le-Boisne,72011,72130,Maison,54.0,140000.0,2592.59,2024-04-13
Auvers-le-Hamon,72016,72300,Maison,55.0,70000.0,1272.73,2024-03-27
Auvers-le-Hamon,72016,72300,Maison,55.0,70000.0,1272.73,2024-03-27
Auvers-le-Hamon,72016,72300,Maison,55.0,70000.0,1272.73,2024-03-27
Le Mans,72181,72000,Appartement,56.0,81000.0,1446.43,2024-04-12
Sablé-sur-Sarthe,72264,72300,Maison,142.0,275000.0,1936.62,2024-04-16
Sablé-sur-Sarthe,72264,72300,Maison,142.0,275000.0,1936.62,2024-04-16
Le Mans,72181,72100,Maison,114.0,240000.0,2105.26,2024-03-28
Loué,72168,72540,Maison,137.0,260020.0,1897.96,2024-03-27
Tennie,72351,72240,Maison,71.0,171000.0,2408.45,2024-03-28
Mézières-sous-Lavardin,72197,72240,Maison,95.0,125000.0,1315.79,2024-03-28
Le Mans,72181,72000,Appartement,42.0,238000.0,5666.67,2024-04-12
Le Mans,72181,72000,Appartement,42.0,238000.0,5666.67,2024-04-12
Le Mans,72181,72000,Appartement,42.0,238000.0,5666.67,2024-04-12
Pezé-le-Robert,72234,72140,Maison,113.0,50000.0,442.48,2024-03-29
Bonnétable,72039,72110,Maison,90.0,115000.0,1277.78,2024-04-02
Spay,72344,72700,Maison,44.0,73000.0,1659.09,2024-04-04
Spay,72344,72700,Maison,44.0,73000.0,1659.09,2024-04-04
Spay,72344,72700,Maison,44.0,73000.0,1659.09,2024-04-04
Vibraye,72373,72320,Maison,102.0,195000.0,1911.76,2024-04-12
Le Mans,72181,72000,Appartement,68.0,149000.0,2191.18,2024-04-03
Mansigné,72182,72510,Maison,16.0,24000.0,1500.0,2024-02-21
Mansigné,72182,72510,Maison,16.0,24000.0,1500.0,2024-02-21
Luché-Pringé,72175,72800,Maison,109.0,227000.0,2082.57,2024-03-22
Le Mans,72181,72000,Appartement,72.0,85000.0,1180.56,2024-04-17
Bonnétable,72039,72110,Appartement,32.0,155000.0,4843.75,2024-04-18
Bonnétable,72039,72110,Appartement,33.0,155000.0,4696.97,2024-04-18
Bonnétable,72039,72110,Appartement,40.0,155000.0,3875.0,2024-04-18
Teloché,72350,72220,Maison,67.0,123000.0,1835.82,2024-04-17
Neufchâtel-en-Saosnois,72215,72600,Maison,95.0,106000.0,1115.79,2024-04-18
Neufchâtel-en-Saosnois,72215,72600,Maison,95.0,106000.0,1115.79,2024-04-18
Le Mans,72181,72000,Appartement,44.0,114000.0,2590.91,2024-04-03
Le Mans,72181,72000,Appartement,36.0,55000.0,1527.78,2024-04-03
Le Mans,72181,72100,Appartement,79.0,135000.0,1708.86,2024-04-15
La Ferté-Bernard,72132,72400,Maison,73.0,142000.0,1945.21,2024-03-27
La Ferté-Bernard,72132,72400,Maison,48.0,78500.0,1635.42,2024-04-19
La Bazoge,72024,72650,Maison,97.0,234000.0,2412.37,2024-04-05
Aigné,72001,72650,Maison,71.0,145000.0,2042.25,2024-04-12
Bessé-sur-Braye,72035,72310,Maison,71.0,80000.0,1126.76,2024-04-08
Bessé-sur-Braye,72035,72310,Maison,71.0,80000.0,1126.76,2024-04-08
Gesnes-le-Gandelin,72141,72130,Maison,86.0,64000.0,744.19,2024-04-11
Ballon-Saint Mars,72023,72290,Maison,145.0,205000.0,1413.79,2024-04-16
Le Mans,72181,72000,Appartement,72.0,152285.53,2115.08,2024-04-12
Le Mans,72181,72100,Maison,109.0,162700.0,1492.66,2024-04-17
Courcemont,72101,72110,Maison,65.0,61000.0,938.46,2024-04-19
Le Mans,72181,72000,Maison,68.0,185000.0,2720.59,2024-03-29
Le Mans,72181,72100,Appartement,61.0,77000.0,1262.3,2024-04-16
Saint-Gervais-en-Belin,72287,72220,Maison,150.0,285000.0,1900.0,2024-04-17
Saint-Gervais-en-Belin,72287,72220,Maison,150.0,285000.0,1900.0,2024-04-17
Coulongé,72098,72800,Maison,84.0,50000.0,595.24,2024-03-26
Coulongé,72098,72800,Maison,65.0,50000.0,769.23,2024-03-26
Le Mans,72181,72000,Appartement,14.0,160000.0,11428.57,2024-04-15
Le Mans,72181,72000,Appartement,14.0,160000.0,11428.57,2024-04-15
Le Mans,72181,72000,Appartement,14.0,160000.0,11428.57,2024-04-15
Le Mans,72181,72000,Appartement,15.0,160000.0,10666.67,2024-04-15
Noyen-sur-Sarthe,72223,72430,Maison,70.0,83000.0,1185.71,2024-04-18
Noyen-sur-Sarthe,72223,72430,Maison,50.0,83000.0,1660.0,2024-04-18
Souvigné-sur-Sarthe,72343,72300,Maison,76.0,30500.0,401.32,2024-04-17
Le Mans,72181,72100,Maison,75.0,143000.0,1906.67,2024-04-19
Le Mans,72181,72000,Maison,143.0,450000.0,3146.85,2024-04-17
Le Mans,72181,72000,Maison,143.0,450000.0,3146.85,2024-04-17
Le Mans,72181,72000,Appartement,45.0,50000.0,1111.11,2024-04-16
Lavernat,72160,72500,Maison,52.0,105100.0,2021.15,2024-04-22
Le Bailleul,72022,72200,Maison,81.0,120900.0,1492.59,2024-04-19
Chahaignes,72052,72340,Maison,92.0,110000.0,1195.65,2024-04-20
Chahaignes,72052,72340,Maison,92.0,110000.0,1195.65,2024-04-20
Chahaignes,72052,72340,Maison,92.0,110000.0,1195.65,2024-04-20
Le Mans,72181,72100,Maison,60.0,175000.0,2916.67,2024-04-09
Montval-sur-Loir,72071,72500,Maison,66.0,120000.0,1818.18,2024-04-20
Montval-sur-Loir,72071,72500,Maison,170.0,230000.0,1352.94,2024-04-18
Marigné-Laillé,72187,72220,Maison,55.0,50000.0,909.09,2024-04-10
Souvigné-sur-Sarthe,72343,72300,Maison,156.0,41689.2,267.24,2024-03-29
Souvigné-sur-Sarthe,72343,72300,Maison,156.0,41689.2,267.24,2024-03-29
Souvigné-sur-Sarthe,72343,72300,Maison,156.0,41689.2,267.24,2024-03-29
Souvigné-sur-Sarthe,72343,72300,Maison,156.0,41689.2,267.24,2024-03-29
Souvigné-sur-Sarthe,72343,72300,Maison,156.0,41689.2,267.24,2024-03-29
Souvigné-sur-Sarthe,72343,72300,Maison,156.0,41689.2,267.24,2024-03-29
La Flèche,72154,72200,Maison,64.0,65000.0,1015.62,2024-04-16
Sablé-sur-Sarthe,72264,72300,Maison,60.0,75000.0,1250.0,2024-04-18
La Chartre-sur-le-Loir,72068,72340,Maison,102.0,115000.0,1127.45,2024-04-16
Le Lude,72176,72800,Maison,68.0,60000.0,882.35,2024-04-17
Le Mans,72181,72100,Maison,43.0,80328.0,1868.09,2024-04-12
Le Mans,72181,72000,Maison,90.0,150000.0,1666.67,2024-04-18
Le Mans,72181,72000,Appartement,58.0,118000.0,2034.48,2024-04-17
Le Mans,72181,72000,Appartement,99.0,221750.0,2239.9,2024-04-12
Mamers,72180,72600,Appartement,44.0,113000.0,2568.18,2024-04-08
Mamers,72180,72600,Appartement,39.0,113000.0,2897.44,2024-04-08
Mamers,72180,72600,Appartement,39.0,113000.0,2897.44,2024-04-08
Mamers,72180,72600,Appartement,37.0,113000.0,3054.05,2024-04-08
Courcebœufs,72099,72290,Maison,32.0,55000.0,1718.75,2024-04-08
Cures,72111,72240,Maison,57.0,40000.0,701.75,2024-04-08
Cures,72111,72240,Maison,57.0,40000.0,701.75,2024-04-08
Lavardin,72157,72240,Maison,73.0,125000.0,1712.33,2024-03-27
Ballon-Saint Mars,72023,72290,Maison,87.0,162000.0,1862.07,2024-04-05
Saint-Ouen-de-Mimbré,72305,72130,Maison,102.0,114000.0,1117.65,2024-03-25
Saint-Ouen-de-Mimbré,72305,72130,Maison,102.0,114000.0,1117.65,2024-03-25
Challes,72053,72250,Maison,85.0,137500.0,1617.65,2024-04-12
Ballon-Saint Mars,72023,72290,Maison,69.0,110000.0,1594.2,2024-04-19
Ballon-Saint Mars,72023,72290,Maison,69.0,110000.0,1594.2,2024-04-19
Spay,72344,72700,Maison,97.0,215000.0,2216.49,2024-04-15
Allonnes,72003,72700,Appartement,48.0,63300.0,1318.75,2024-04-15
Le Mans,72181,72100,Appartement,55.0,85791.0,1559.84,2024-03-27
Voivres-lès-le-Mans,72381,72210,Maison,142.0,265000.0,1866.2,2024-04-15
Voivres-lès-le-Mans,72381,72210,Maison,142.0,265000.0,1866.2,2024-04-15
Sainte-Jamme-sur-Sarthe,72289,72380,Maison,74.0,115000.0,1554.05,2024-04-16
Luceau,72173,72500,Maison,77.0,115000.0,1493.51,2024-04-19
Fillé,72133,72210,Maison,136.0,242500.0,1783.09,2024-04-22
Fillé,72133,72210,Maison,136.0,242500.0,1783.09,2024-04-22
Le Mans,72181,72100,Maison,30.0,176000.0,5866.67,2024-04-18
Le Mans,72181,72100,Maison,60.0,176000.0,2933.33,2024-04-18
Mont-Saint-Jean,72211,72140,Maison,90.0,115000.0,1277.78,2024-04-05
Le Mans,72181,72000,Appartement,24.0,59000.0,2458.33,2024-04-09
Mayet,72191,72360,Maison,130.0,154000.0,1184.62,2024-04-19
Mayet,72191,72360,Maison,130.0,154000.0,1184.62,2024-04-19
Thorigné-sur-Dué,72358,72160,Maison,113.0,145000.0,1283.19,2024-04-17
Mayet,72191,72360,Maison,114.0,140000.0,1228.07,2024-04-18
Mayet,72191,72360,Maison,114.0,140000.0,1228.07,2024-04-18
Mayet,72191,72360,Maison,114.0,140000.0,1228.07,2024-04-18
La Flèche,72154,72200,Maison,72.0,80000.0,1111.11,2024-04-15
Saint-Mars-d'Outillé,72299,72220,Maison,93.0,130000.0,1397.85,2024-04-19
Étival-lès-le-Mans,72127,72700,Maison,135.0,310000.0,2296.3,2024-04-18
Étival-lès-le-Mans,72127,72700,Maison,135.0,310000.0,2296.3,2024-04-18
Allonnes,72003,72700,Appartement,67.0,101000.0,1507.46,2024-04-16
Saint-Georges-du-Bois,72280,72700,Maison,103.0,150000.0,1456.31,2024-04-19
Saint-Georges-du-Bois,72280,72700,Maison,103.0,150000.0,1456.31,2024-04-19
Le Mans,72181,72000,Maison,120.0,210000.0,1750.0,2024-04-19
Ballon-Saint Mars,72023,72290,Maison,130.0,190000.0,1461.54,2024-04-12
Ballon-Saint Mars,72023,72290,Maison,130.0,190000.0,1461.54,2024-04-12
Ballon-Saint Mars,72023,72290,Maison,130.0,190000.0,1461.54,2024-04-12
Précigné,72244,72300,Maison,89.0,145000.0,1629.21,2024-04-13
Précigné,72244,72300,Maison,134.0,190000.0,1417.91,2024-03-28
Précigné,72244,72300,Maison,134.0,190000.0,1417.91,2024-03-28
Précigné,72244,72300,Maison,110.0,185000.0,1681.82,2024-04-12
Précigné,72244,72300,Maison,110.0,185000.0,1681.82,2024-04-12
Le Mans,72181,72000,Appartement,41.0,85000.0,2073.17,2024-04-02
Parcé-sur-Sarthe,72228,72300,Maison,54.0,7000.0,129.63,2024-04-03
Parcé-sur-Sarthe,72228,72300,Maison,54.0,7000.0,129.63,2024-04-03
Le Mans,72181,72000,Maison,76.0,140000.0,1842.11,2024-03-28
Joué-en-Charnie,72149,72540,Maison,182.0,56490.0,310.38,2024-03-28
Le Mans,72181,72000,Maison,110.0,168500.0,1531.82,2024-04-19
Le Mans,72181,72100,Appartement,55.0,93000.0,1690.91,2024-04-23
Joué-l'Abbé,72150,72380,Maison,203.0,370000.0,1822.66,2024-04-23
Joué-l'Abbé,72150,72380,Maison,203.0,370000.0,1822.66,2024-04-23
Précigné,72244,72300,Maison,64.0,30000.0,468.75,2024-04-12
Le Mans,72181,72000,Appartement,70.0,189000.0,2700.0,2024-04-05
Le Mans,72181,72000,Appartement,18.0,189000.0,10500.0,2024-04-05
Brette-les-Pins,72047,72250,Maison,113.0,176000.0,1557.52,2024-04-05
Saint-Saturnin,72320,72650,Maison,142.0,395600.0,2785.92,2024-04-18
Saint-Saturnin,72320,72650,Maison,142.0,395600.0,2785.92,2024-04-18
Assé-le-Riboul,72012,72170,Maison,22.0,21500.0,977.27,2024-04-19
Le Mans,72181,72000,Appartement,55.0,155900.0,2834.55,2024-04-12
Le Mans,72181,72100,Maison,91.0,136500.0,1500.0,2024-04-18
Saint-Georges-le-Gaultier,72282,72130,Maison,56.0,62500.0,1116.07,2024-04-22
Le Mans,72181,72000,Maison,80.0,97500.0,1218.75,2024-04-22
Le Mans,72181,72000,Maison,66.0,145000.0,2196.97,2024-04-12
Crannes-en-Champagne,72107,72540,Maison,95.0,526550.0,5542.63,2024-04-08
Crannes-en-Champagne,72107,72540,Maison,95.0,526550.0,5542.63,2024-04-08
Crannes-en-Champagne,72107,72540,Maison,95.0,526550.0,5542.63,2024-04-08
Lombron,72165,72450,Maison,73.0,130000.0,1780.82,2024-04-03
Lombron,72165,72450,Maison,73.0,130000.0,1780.82,2024-04-03
Lombron,72165,72450,Maison,73.0,130000.0,1780.82,2024-04-03
Lombron,72165,72450,Maison,73.0,130000.0,1780.82,2024-04-03
Lombron,72165,72450,Maison,73.0,130000.0,1780.82,2024-04-03
Lombron,72165,72450,Maison,73.0,130000.0,1780.82,2024-04-03
Lombron,72165,72450,Maison,73.0,130000.0,1780.82,2024-04-03
Changé,72058,72560,Maison,67.0,130000.0,1940.3,2024-04-05
Fresnay-sur-Sarthe,72138,72130,Maison,57.0,166000.0,2912.28,2024-04-17
Viré-en-Champagne,72379,72350,Maison,124.0,57000.0,459.68,2024-03-29
Viré-en-Champagne,72379,72350,Maison,124.0,57000.0,459.68,2024-03-29
Viré-en-Champagne,72379,72350,Maison,124.0,57000.0,459.68,2024-03-29
Viré-en-Champagne,72379,72350,Maison,124.0,57000.0,459.68,2024-03-29
Coudrecieux,72094,72440,Maison,125.0,82500.0,660.0,2024-04-05
Étival-lès-le-Mans,72127,72700,Maison,73.0,120000.0,1643.84,2024-04-22
Saint-Aubin-de-Locquenay,72266,72130,Maison,72.0,20000.0,277.78,2024-04-11
Arnage,72008,72230,Maison,77.0,130000.0,1688.31,2024-04-19
Fillé,72133,72210,Maison,95.0,109500.0,1152.63,2024-04-19
Fillé,72133,72210,Maison,95.0,109500.0,1152.63,2024-04-19
Saint-Georges-le-Gaultier,72282,72130,Maison,58.0,95000.0,1637.93,2024-04-13
Malicorne-sur-Sarthe,72179,72270,Maison,80.0,135000.0,1687.5,2024-04-16
Étival-lès-le-Mans,72127,72700,Maison,117.0,226000.0,1931.62,2024-04-10
Étival-lès-le-Mans,72127,72700,Maison,117.0,226000.0,1931.62,2024-04-10
Le Mans,72181,72100,Maison,60.0,135000.0,2250.0,2024-04-19
Le Mans,72181,72000,Appartement,24.0,39000.0,1625.0,2024-04-17
Moncé-en-Belin,72200,72230,Maison,95.0,230000.0,2421.05,2024-04-18
Le Mans,72181,72100,Appartement,69.0,123000.0,1782.61,2024-04-19
Mamers,72180,72600,Maison,51.0,38500.0,754.9,2024-04-18
La Suze-sur-Sarthe,72346,72210,Maison,215.0,150000.0,697.67,2024-04-18
La Suze-sur-Sarthe,72346,72210,Maison,215.0,150000.0,697.67,2024-04-18
Saint-Georges-du-Bois,72280,72700,Maison,114.0,255000.0,2236.84,2024-04-18
Mareil-en-Champagne,72184,72540,Maison,70.0,118000.0,1685.71,2024-04-12
Mareil-en-Champagne,72184,72540,Maison,30.0,118000.0,3933.33,2024-04-12
Le Mans,72181,72000,Appartement,47.0,100000.0,2127.66,2024-04-17
La Milesse,72198,72650,Maison,150.0,312000.0,2080.0,2024-04-15
Souillé,72338,72380,Maison,81.0,145000.0,1790.12,2024-04-18
Souillé,72338,72380,Maison,81.0,145000.0,1790.12,2024-04-18
Souillé,72338,72380,Maison,81.0,145000.0,1790.12,2024-04-18
Souillé,72338,72380,Maison,81.0,145000.0,1790.12,2024-04-18
Domfront-en-Champagne,72119,72240,Maison,55.0,70000.0,1272.73,2024-04-10
Domfront-en-Champagne,72119,72240,Maison,55.0,70000.0,1272.73,2024-04-10
Le Mans,72181,72100,Appartement,69.0,129500.0,1876.81,2024-04-25
Le Mans,72181,72000,Appartement,130.0,280000.0,2153.85,2024-04-12
Sablé-sur-Sarthe,72264,72300,Maison,147.0,319300.0,2172.11,2024-04-13
Malicorne-sur-Sarthe,72179,72270,Maison,62.0,30000.0,483.87,2024-04-12
Moncé-en-Belin,72200,72230,Maison,106.0,227000.0,2141.51,2024-04-17
Le Mans,72181,72000,Appartement,38.0,83000.0,2184.21,2024-04-11
Le Mans,72181,72000,Appartement,71.0,135000.0,1901.41,2024-04-23
Le Mans,72181,72000,Appartement,42.0,71000.0,1690.48,2024-04-18
Le Mans,72181,72000,Appartement,69.0,105000.0,1521.74,2024-04-22
Le Mans,72181,72000,Appartement,51.0,174500.0,3421.57,2024-04-10
Parcé-sur-Sarthe,72228,72300,Maison,190.0,254896.5,1341.56,2024-03-29
Parcé-sur-Sarthe,72228,72300,Maison,190.0,254896.5,1341.56,2024-03-29
Le Mans,72181,72000,Appartement,49.0,160000.0,3265.31,2024-04-23
Chaufour-Notre-Dame,72073,72550,Maison,90.0,164500.0,1827.78,2024-04-24
Bessé-sur-Braye,72035,72310,Maison,80.0,110000.0,1375.0,2024-04-18
Montval-sur-Loir,72071,72500,Maison,63.0,32000.0,507.94,2024-04-17
Loir en Vallée,72262,72340,Maison,100.0,220000.0,2200.0,2024-04-15
Saint-Georges-de-la-Couée,72279,72150,Maison,120.0,249900.0,2082.5,2024-04-15
Villaines-la-Carelle,72374,72600,Maison,40.0,15000.0,375.0,2024-04-16
Le Mans,72181,72000,Maison,116.0,398730.12,3437.33,2024-04-15
Nogent-le-Bernard,72220,72110,Maison,82.0,80000.0,975.61,2024-04-24
Sillé-le-Guillaume,72334,72140,Maison,62.0,100000.0,1612.9,2024-04-24
Le Grand-Lucé,72143,72150,Maison,86.0,85000.0,988.37,2024-04-15
Prévelles,72246,72110,Maison,170.0,280000.0,1647.06,2024-04-20
Le Grand-Lucé,72143,72150,Maison,96.0,95255.0,992.24,2024-04-15
Saint-Maixent,72296,72320,Maison,90.0,88000.0,977.78,2024-04-22
Le Mans,72181,72000,Appartement,36.0,62000.0,1722.22,2024-04-19
Volnay,72382,72440,Maison,89.0,173500.0,1949.44,2024-04-20
Volnay,72382,72440,Maison,89.0,173500.0,1949.44,2024-04-20
Montfort-le-Gesnois,72241,72450,Maison,100.0,180000.0,1800.0,2024-04-19
Congé-sur-Orne,72088,72290,Maison,140.0,130000.0,928.57,2024-04-24
Congé-sur-Orne,72088,72290,Maison,140.0,130000.0,928.57,2024-04-24
Congé-sur-Orne,72088,72290,Maison,140.0,130000.0,928.57,2024-04-24
Le Mans,72181,72100,Appartement,74.0,92880.0,1255.14,2024-04-24
Ballon-Saint Mars,72023,72290,Maison,127.0,188000.0,1480.31,2024-04-19
Ballon-Saint Mars,72023,72290,Maison,127.0,188000.0,1480.31,2024-04-19
Neuville-sur-Sarthe,72217,72190,Maison,134.0,290000.0,2164.18,2024-04-19
Saint-Maixent,72296,72320,Maison,99.0,175000.0,1767.68,2024-04-26
Saint-Maixent,72296,72320,Maison,99.0,175000.0,1767.68,2024-04-26
Fercé-sur-Sarthe,72131,72430,Maison,68.0,50000.0,735.29,2024-04-08
Le Mans,72181,72000,Maison,86.0,215000.0,2500.0,2024-04-25
Vibraye,72373,72320,Maison,73.0,220000.0,3013.7,2024-04-24
Vibraye,72373,72320,Maison,73.0,220000.0,3013.7,2024-04-24
Vibraye,72373,72320,Maison,33.0,220000.0,6666.67,2024-04-24
Vibraye,72373,72320,Maison,73.0,220000.0,3013.7,2024-04-24
Vibraye,72373,72320,Maison,33.0,220000.0,6666.67,2024-04-24
Vibraye,72373,72320,Maison,73.0,220000.0,3013.7,2024-04-24
Le Mans,72181,72000,Appartement,18.0,46000.0,2555.56,2024-04-29
Loué,72168,72540,Maison,130.0,207000.0,1592.31,2024-04-24
Boëssé-le-Sec,72038,72400,Maison,71.0,116000.0,1633.8,2024-04-26
Mulsanne,72213,72230,Maison,96.0,200000.0,2083.33,2024-04-22
Mulsanne,72213,72230,Maison,96.0,200000.0,2083.33,2024-04-22
Précigné,72244,72300,Maison,89.0,178000.0,2000.0,2024-04-29
Notre-Dame-du-Pé,72232,72300,Maison,88.0,155000.0,1761.36,2024-04-29
Notre-Dame-du-Pé,72232,72300,Maison,102.0,177000.0,1735.29,2024-04-16
Notre-Dame-du-Pé,72232,72300,Maison,102.0,177000.0,1735.29,2024-04-16
Saint-Aubin-des-Coudrais,72267,72400,Maison,120.0,143000.0,1191.67,2024-04-15
Saint-Aubin-des-Coudrais,72267,72400,Maison,90.0,143000.0,1588.89,2024-04-15
Saint-Aubin-des-Coudrais,72267,72400,Maison,20.0,143000.0,7150.0,2024-04-15
Saint-Aubin-des-Coudrais,72267,72400,Maison,40.0,143000.0,3575.0,2024-04-15
Le Mans,72181,72000,Appartement,51.0,77000.0,1509.8,2024-04-22
Arçonnay,72006,72610,Maison,76.0,145000.0,1907.89,2024-04-29
Coulaines,72095,72190,Maison,166.0,360800.0,2173.49,2024-04-23
Ballon-Saint Mars,72023,72290,Maison,90.0,183000.0,2033.33,2024-04-05
Bonnétable,72039,72110,Maison,92.0,105000.0,1141.3,2024-04-19
Fresnay-sur-Sarthe,72138,72130,Maison,104.0,172000.0,1653.85,2024-04-26
Le Mans,72181,72000,Appartement,122.0,525000.0,4303.28,2024-04-18
Fresnay-sur-Sarthe,72138,72130,Maison,106.0,90000.0,849.06,2024-04-19
Fresnay-sur-Sarthe,72138,72130,Maison,106.0,90000.0,849.06,2024-04-19
Le Mans,72181,72000,Appartement,90.0,199500.0,2216.67,2024-04-26
Lamnay,72156,72320,Maison,48.0,65000.0,1354.17,2024-04-29
La Suze-sur-Sarthe,72346,72210,Maison,82.0,115000.0,1402.44,2024-04-24
Le Mans,72181,72000,Maison,65.0,166000.0,2553.85,2024-04-26
Le Mans,72181,72000,Appartement,40.0,75000.0,1875.0,2024-04-04
Coulaines,72095,72190,Appartement,73.0,93400.0,1279.45,2024-04-26
Courcemont,72101,72110,Maison,76.0,140000.0,1842.11,2024-04-25
Clermont-Créans,72084,72200,Maison,99.0,195000.0,1969.7,2024-04-29
Clermont-Créans,72084,72200,Maison,99.0,195000.0,1969.7,2024-04-29
Le Mans,72181,72000,Maison,178.0,565000.0,3174.16,2024-04-22
La Suze-sur-Sarthe,72346,72210,Maison,71.0,140000.0,1971.83,2024-04-24
Le Mans,72181,72000,Appartement,31.0,72000.0,2322.58,2024-04-26
Le Mans,72181,72000,Maison,85.0,130000.0,1529.41,2024-04-26
Le Mans,72181,72100,Maison,49.0,113000.0,2306.12,2024-04-29
Saint-Georges-le-Gaultier,72282,72130,Maison,81.0,41500.0,512.35,2024-04-26
Allonnes,72003,72700,Appartement,80.0,92000.0,1150.0,2024-04-29
Allonnes,72003,72700,Appartement,71.0,92000.0,1295.77,2024-04-29
Le Mans,72181,72000,Appartement,100.0,180000.0,1800.0,2024-04-29
Dollon,72118,72390,Maison,60.0,99000.0,1650.0,2024-04-29
Roézé-sur-Sarthe,72253,72210,Maison,90.0,136000.0,1511.11,2024-04-23
Roézé-sur-Sarthe,72253,72210,Maison,90.0,136000.0,1511.11,2024-04-23
Arnage,72008,72230,Maison,76.0,157000.0,2065.79,2024-04-23
Le Mans,72181,72100,Maison,49.0,85000.0,1734.69,2024-04-23
Savigné-l'Évêque,72329,72460,Maison,83.0,172000.0,2072.29,2024-04-26
Roézé-sur-Sarthe,72253,72210,Maison,50.0,103000.0,2060.0,2024-04-29
Saint-Ouen-en-Belin,72306,72220,Maison,156.0,295000.0,1891.03,2024-04-30
Allonnes,72003,72700,Maison,91.0,131000.0,1439.56,2024-04-25
Souligné-Flacé,72339,72210,Maison,39.0,35000.0,897.44,2024-04-29
La Guierche,72147,72380,Maison,105.0,157000.0,1495.24,2024-04-24
Moncé-en-Belin,72200,72230,Maison,116.0,205000.0,1767.24,2024-04-24
Moncé-en-Belin,72200,72230,Maison,116.0,205000.0,1767.24,2024-04-24
Moncé-en-Belin,72200,72230,Maison,116.0,205000.0,1767.24,2024-04-24
Moncé-en-Belin,72200,72230,Maison,116.0,205000.0,1767.24,2024-04-24
Domfront-en-Champagne,72119,72240,Maison,124.0,229000.0,1846.77,2024-04-26
Domfront-en-Champagne,72119,72240,Maison,124.0,229000.0,1846.77,2024-04-26
Saint-Maixent,72296,72320,Maison,124.0,100000.0,806.45,2024-04-26
Saint-Denis-d'Orques,72278,72350,Maison,100.0,156000.0,1560.0,2024-05-02
Saint-Denis-d'Orques,72278,72350,Maison,100.0,156000.0,1560.0,2024-05-02
Parcé-sur-Sarthe,72228,72300,Maison,82.0,141000.0,1719.51,2024-04-09
Parcé-sur-Sarthe,72228,72300,Maison,82.0,141000.0,1719.51,2024-04-09
Parcé-sur-Sarthe,72228,72300,Maison,45.0,75000.0,1666.67,2024-05-02
Le Mans,72181,72100,Maison,87.0,130000.0,1494.25,2024-04-29
Volnay,72382,72440,Maison,75.0,99000.0,1320.0,2024-04-26
La Ferté-Bernard,72132,72400,Appartement,130.0,280000.0,2153.85,2024-04-29
Bonnétable,72039,72110,Maison,62.0,125000.0,2016.13,2024-03-29
Bonnétable,72039,72110,Maison,90.0,125000.0,1388.89,2024-03-29
Marolles-les-Braults,72189,72260,Maison,48.0,848125.0,17669.27,2024-04-29
Marolles-les-Braults,72189,72260,Maison,48.0,848125.0,17669.27,2024-04-29
Marolles-les-Braults,72189,72260,Maison,48.0,848125.0,17669.27,2024-04-29
Marolles-les-Braults,72189,72260,Maison,300.0,848125.0,2827.08,2024-04-29
Marolles-les-Braults,72189,72260,Maison,112.0,848125.0,7572.54,2024-04-29
Marolles-les-Braults,72189,72260,Maison,300.0,848125.0,2827.08,2024-04-29
Marolles-les-Braults,72189,72260,Maison,112.0,848125.0,7572.54,2024-04-29
La Ferté-Bernard,72132,72400,Maison,62.0,415000.0,6693.55,2024-04-29
La Ferté-Bernard,72132,72400,Maison,243.0,415000.0,1707.82,2024-04-29
La Ferté-Bernard,72132,72400,Maison,62.0,415000.0,6693.55,2024-04-29
La Ferté-Bernard,72132,72400,Maison,243.0,415000.0,1707.82,2024-04-29
Le Mans,72181,72000,Appartement,56.0,113925.0,2034.38,2024-04-22
Montval-sur-Loir,72071,72500,Maison,68.0,70000.0,1029.41,2024-04-26
Bessé-sur-Braye,72035,72310,Maison,75.0,80000.0,1066.67,2024-04-23
Coulaines,72095,72190,Maison,40.0,88000.0,2200.0,2024-04-29
Le Mans,72181,72000,Maison,119.0,178571.44,1500.6,2024-04-24
Le Mans,72181,72000,Maison,119.0,178571.44,1500.6,2024-04-24
Le Mans,72181,72000,Appartement,38.0,64000.0,1684.21,2024-04-12
Gréez-sur-Roc,72144,72320,Maison,39.0,19000.0,487.18,2024-04-29
Vaas,72364,72500,Maison,42.0,50000.0,1190.48,2024-04-26
Cérans-Foulletourte,72051,72330,Maison,57.0,110000.0,1929.82,2024-04-25
Le Bailleul,72022,72200,Maison,105.0,61500.0,585.71,2024-05-03
Le Bailleul,72022,72200,Maison,105.0,61500.0,585.71,2024-05-03
Villaines-la-Gonais,72375,72400,Maison,105.0,145000.0,1380.95,2024-04-26
Lamnay,72156,72320,Maison,138.0,190000.0,1376.81,2024-04-30
Lamnay,72156,72320,Maison,138.0,190000.0,1376.81,2024-04-30
Le Breil-sur-Mérize,72046,72370,Maison,94.0,47500.0,505.32,2024-04-30
Le Breil-sur-Mérize,72046,72370,Maison,74.0,47500.0,641.89,2024-04-30
Louplande,72169,72210,Maison,117.0,178500.0,1525.64,2024-04-24
Le Grand-Lucé,72143,72150,Maison,49.0,20000.0,408.16,2024-04-19
Parcé-sur-Sarthe,72228,72300,Maison,46.0,18000.0,391.3,2024-04-30
Le Mans,72181,72000,Appartement,42.0,68000.0,1619.05,2024-04-23
Le Mans,72181,72100,Maison,44.0,33750.0,767.05,2024-04-30
Rouperroux-le-Coquet,72259,72110,Maison,90.0,100000.0,1111.11,2024-05-03
Le Mans,72181,72100,Maison,35.0,112000.0,3200.0,2024-04-26
Le Mans,72181,72000,Maison,52.0,181000.0,3480.77,2024-04-29
Saint-Corneille,72275,72460,Maison,126.0,235000.0,1865.08,2024-04-26
Cherré-Au,72080,72400,Maison,93.0,195000.0,2096.77,2024-05-03
Le Mans,72181,72000,Appartement,57.0,67000.0,1175.44,2024-04-26
Le Mans,72181,72100,Maison,73.0,1399702.0,19174.0,2024-04-29
Le Mans,72181,72100,Maison,73.0,1399702.0,19174.0,2024-04-29
Le Mans,72181,72100,Maison,114.0,1399702.0,12278.09,2024-04-29
Le Mans,72181,72100,Maison,114.0,1399702.0,12278.09,2024-04-29
Le Mans,72181,72100,Maison,99.0,1399702.0,14138.4,2024-04-29
Le Mans,72181,72100,Appartement,98.0,1399702.0,14282.67,2024-04-29
Le Mans,72181,72100,Appartement,49.0,1399702.0,28565.35,2024-04-29
Le Mans,72181,72000,Appartement,61.0,120000.0,1967.21,2024-04-30
Le Mans,72181,72100,Appartement,100.0,455000.0,4550.0,2024-04-23
Le Mans,72181,72100,Appartement,45.0,455000.0,10111.11,2024-04-23
Le Mans,72181,72100,Appartement,51.0,455000.0,8921.57,2024-04-23
Le Mans,72181,72100,Appartement,42.0,455000.0,10833.33,2024-04-23
Le Mans,72181,72100,Appartement,80.0,455000.0,5687.5,2024-04-23
Le Mans,72181,72100,Appartement,50.0,455000.0,9100.0,2024-04-23
Pruillé-le-Chétif,72247,72700,Maison,90.0,205000.0,2277.78,2024-05-03
Le Mans,72181,72000,Maison,83.0,169000.0,2036.14,2024-04-30
Le Mans,72181,72000,Maison,155.0,473000.0,3051.61,2024-04-26
Montfort-le-Gesnois,72241,72450,Maison,59.0,73200.0,1240.68,2024-05-03
Le Mans,72181,72000,Maison,98.0,200000.0,2040.82,2024-04-26
Le Mans,72181,72000,Maison,30.0,100000.0,3333.33,2024-04-30
Le Mans,72181,72000,Maison,55.0,100000.0,1818.18,2024-04-30
Auvers-le-Hamon,72016,72300,Maison,92.0,80000.0,869.57,2024-04-18
Le Mans,72181,72100,Appartement,76.0,101990.0,1341.97,2024-04-26
Coulaines,72095,72190,Maison,92.0,170000.0,1847.83,2024-04-30
Le Mans,72181,72000,Maison,69.0,148000.0,2144.93,2024-04-30
Le Mans,72181,72000,Appartement,34.0,59000.0,1735.29,2024-04-30
Arnage,72008,72230,Maison,78.0,188000.0,2410.26,2024-04-26
Le Mans,72181,72000,Maison,72.0,160000.0,2222.22,2024-04-23
Le Mans,72181,72000,Appartement,40.0,68000.0,1700.0,2024-04-19
Le Mans,72181,72000,Maison,119.0,250000.0,2100.84,2024-04-26
Le Mans,72181,72100,Appartement,64.0,87000.0,1359.38,2024-04-22
Le Mans,72181,72000,Appartement,87.0,175000.0,2011.49,2024-05-06
Dollon,72118,72390,Maison,106.0,270000.0,2547.17,2024-05-04
Dollon,72118,72390,Maison,106.0,270000.0,2547.17,2024-05-04
Dollon,72118,72390,Maison,106.0,270000.0,2547.17,2024-05-04
Souillé,72338,72380,Maison,115.0,216250.0,1880.43,2024-04-25
Lhomme,72161,72340,Maison,55.0,48000.0,872.73,2024-04-26
Le Mans,72181,72000,Maison,87.0,165000.0,1896.55,2024-04-26
Le Mans,72181,72000,Appartement,110.0,206000.0,1872.73,2024-04-22
La Flèche,72154,72200,Maison,87.0,45703.34,525.33,2024-04-18
Le Mans,72181,72000,Appartement,57.0,108000.0,1894.74,2024-04-22
Le Mans,72181,72000,Maison,75.0,198000.0,2640.0,2024-04-30
Le Mans,72181,72100,Maison,90.0,101500.0,1127.78,2024-04-23
Thoiré-sur-Dinan,72356,72500,Maison,64.0,45000.0,703.12,2024-04-23
Chahaignes,72052,72340,Maison,40.0,220000.0,5500.0,2024-04-27
Chahaignes,72052,72340,Maison,200.0,220000.0,1100.0,2024-04-27
Cherré-Au,72080,72400,Maison,121.0,227900.0,1883.47,2024-04-22
Marçon,72183,72340,Maison,39.0,155000.0,3974.36,2024-04-27
Marçon,72183,72340,Maison,39.0,155000.0,3974.36,2024-04-27
Marçon,72183,72340,Maison,39.0,155000.0,3974.36,2024-04-27
Marçon,72183,72340,Maison,39.0,155000.0,3974.36,2024-04-27
Nogent-sur-Loir,72221,72500,Maison,196.0,280000.0,1428.57,2024-04-27
Montreuil-le-Henri,72210,72150,Maison,55.0,28000.0,509.09,2024-04-22
Clermont-Créans,72084,72200,Maison,120.0,307000.0,2558.33,2024-04-29
Clermont-Créans,72084,72200,Maison,120.0,307000.0,2558.33,2024-04-29
La Flèche,72154,72200,Maison,73.0,117000.0,1602.74,2024-04-26
La Flèche,72154,72200,Maison,73.0,117000.0,1602.74,2024-04-26
Le Mans,72181,72000,Maison,97.0,280000.0,2886.6,2024-05-03
Savigné-l'Évêque,72329,72460,Maison,92.0,125000.0,1358.7,2024-04-19
Le Mans,72181,72000,Appartement,63.0,130000.0,2063.49,2024-04-30
Bonnétable,72039,72110,Maison,42.0,58000.0,1380.95,2024-04-26
Sillé-le-Philippe,72335,72460,Maison,73.0,185000.0,2534.25,2024-04-29
Sillé-le-Philippe,72335,72460,Maison,73.0,185000.0,2534.25,2024-04-29
Le Bailleul,72022,72200,Maison,38.0,105000.0,2763.16,2024-04-30
Le Bailleul,72022,72200,Maison,38.0,105000.0,2763.16,2024-04-30
Saint-Cosme-en-Vairais,72276,72110,Maison,156.0,250000.0,1602.56,2024-05-06
Saint-Cosme-en-Vairais,72276,72110,Maison,156.0,250000.0,1602.56,2024-05-06
Beaufay,72026,72110,Maison,110.0,246000.0,2236.36,2024-04-26
Beaufay,72026,72110,Maison,110.0,246000.0,2236.36,2024-04-26
Beaufay,72026,72110,Maison,110.0,246000.0,2236.36,2024-04-26
Beaufay,72026,72110,Maison,110.0,246000.0,2236.36,2024-04-26
Saint-Célerin,72271,72110,Maison,156.0,195000.0,1250.0,2024-05-06
Sillé-le-Guillaume,72334,72140,Maison,70.0,110180.0,1574.0,2024-04-30
La Chapelle-d'Aligné,72061,72300,Maison,97.0,100000.0,1030.93,2024-04-16
La Chapelle-d'Aligné,72061,72300,Maison,97.0,100000.0,1030.93,2024-04-16
La Chapelle-d'Aligné,72061,72300,Maison,97.0,100000.0,1030.93,2024-04-16
La Chapelle-d'Aligné,72061,72300,Maison,97.0,100000.0,1030.93,2024-04-16
La Chapelle-d'Aligné,72061,72300,Maison,97.0,100000.0,1030.93,2024-04-16
La Chapelle-d'Aligné,72061,72300,Maison,97.0,100000.0,1030.93,2024-04-16
La Chapelle-d'Aligné,72061,72300,Maison,97.0,100000.0,1030.93,2024-04-16
La Chapelle-d'Aligné,72061,72300,Maison,97.0,100000.0,1030.93,2024-04-16
Le Mans,72181,72000,Appartement,36.0,81000.0,2250.0,2024-04-15
Le Mans,72181,72000,Appartement,58.0,113500.0,1956.9,2024-04-09
Le Mans,72181,72000,Appartement,32.0,68500.0,2140.62,2024-04-19
Champagné,72054,72470,Maison,116.0,130000.0,1120.69,2024-04-25
Vancé,72368,72310,Maison,67.0,32500.0,485.07,2024-04-30
Vancé,72368,72310,Maison,17.0,32500.0,1911.76,2024-04-30
Vancé,72368,72310,Maison,42.0,32500.0,773.81,2024-04-30
Montval-sur-Loir,72071,72500,Appartement,100.0,100000.0,1000.0,2024-04-27
La Flèche,72154,72200,Appartement,60.0,107000.0,1783.33,2024-04-19
La Flèche,72154,72200,Appartement,47.0,107000.0,2276.6,2024-04-19
La Flèche,72154,72200,Appartement,34.0,146300.0,4302.94,2024-04-19
La Flèche,72154,72200,Appartement,55.0,146300.0,2660.0,2024-04-19
La Flèche,72154,72200,Maison,111.0,178500.0,1608.11,2024-04-30
Thorigné-sur-Dué,72358,72160,Maison,29.0,183000.0,6310.34,2024-04-29
Thorigné-sur-Dué,72358,72160,Maison,29.0,183000.0,6310.34,2024-04-29
Mont-Saint-Jean,72211,72140,Maison,99.0,95500.0,964.65,2024-04-24
Saint-Rémy-de-Sillé,72315,72140,Maison,84.0,85000.0,1011.9,2024-04-24
Champfleur,72056,72610,Maison,118.0,142000.0,1203.39,2024-05-03
Arçonnay,72006,72610,Maison,50.0,72100.0,1442.0,2024-05-03
Fresnay-sur-Sarthe,72138,72130,Maison,121.0,100000.0,826.45,2024-04-25
Lavardin,72157,72240,Maison,190.0,377500.0,1986.84,2024-04-29
Lavardin,72157,72240,Maison,190.0,377500.0,1986.84,2024-04-29
Asnières-sur-Vègre,72010,72430,Maison,66.0,45000.0,681.82,2024-04-30
Saint-Mars-de-Locquenay,72298,72440,Maison,72.0,65000.0,902.78,2024-05-03
Coulaines,72095,72190,Maison,123.0,205000.0,1666.67,2024-04-24
Juigné-sur-Sarthe,72151,72300,Maison,72.0,110000.0,1527.78,2024-04-25
Juigné-sur-Sarthe,72151,72300,Maison,72.0,110000.0,1527.78,2024-04-25
Sillé-le-Guillaume,72334,72140,Maison,54.0,40000.0,740.74,2024-04-25
Saint-Calais,72269,72120,Maison,131.0,227000.0,1732.82,2024-04-26
Saint-Calais,72269,72120,Maison,131.0,227000.0,1732.82,2024-04-26
Le Mans,72181,72000,Maison,120.0,230000.0,1916.67,2024-05-07
La Chapelle-Huon,72064,72310,Maison,85.0,120000.0,1411.76,2024-04-25
Loir en Vallée,72262,72310,Maison,112.0,134000.0,1196.43,2024-05-03
Sablé-sur-Sarthe,72264,72300,Maison,50.0,80000.0,1600.0,2024-04-22
Le Mans,72181,72000,Maison,72.0,192000.0,2666.67,2024-05-06
Le Mans,72181,72000,Maison,100.0,187000.0,1870.0,2024-04-29
Lombron,72165,72450,Maison,134.0,82000.0,611.94,2024-04-18
Changé,72058,72560,Maison,160.0,281500.0,1759.38,2024-05-06
Changé,72058,72560,Maison,160.0,281500.0,1759.38,2024-05-06
Oisseau-le-Petit,72225,72610,Maison,43.0,39900.0,927.91,2024-05-13
Oisseau-le-Petit,72225,72610,Maison,43.0,39900.0,927.91,2024-05-13
Le Luart,72172,72390,Maison,89.0,170000.0,1910.11,2024-04-26
Le Luart,72172,72390,Maison,89.0,170000.0,1910.11,2024-04-26
Villaines-la-Gonais,72375,72400,Maison,106.0,117000.0,1103.77,2024-04-25
Le Mans,72181,72000,Appartement,35.0,89500.0,2557.14,2024-04-26
Le Mans,72181,72000,Appartement,61.0,140000.0,2295.08,2024-05-06
Le Mans,72181,72100,Appartement,60.0,80500.0,1341.67,2024-05-07
Écommoy,72124,72220,Maison,90.0,118410.0,1315.67,2024-05-03
Le Mans,72181,72100,Maison,75.0,130000.0,1733.33,2024-05-06
Le Mans,72181,72000,Appartement,66.0,75700.0,1146.97,2024-05-07
Mézeray,72195,72270,Maison,124.0,87500.0,705.65,2024-04-30
Mézeray,72195,72270,Maison,124.0,87500.0,705.65,2024-04-30
Aubigné-Racan,72013,72800,Maison,96.0,60400.0,629.17,2024-05-03
Mulsanne,72213,72230,Maison,119.0,228000.0,1915.97,2024-05-06
Le Mans,72181,72000,Appartement,49.0,55000.0,1122.45,2024-04-29
Le Mans,72181,72000,Appartement,32.0,223000.0,6968.75,2024-05-02
Le Mans,72181,72000,Appartement,60.0,223000.0,3716.67,2024-05-02
Torcé-en-Vallée,72359,72110,Maison,104.0,215000.0,2067.31,2024-05-06
Torcé-en-Vallée,72359,72110,Maison,104.0,215000.0,2067.31,2024-05-06
Villeneuve-en-Perseigne,72137,72600,Maison,220.0,110500.0,502.27,2024-04-29
Louvigny,72170,72600,Maison,143.0,200000.0,1398.6,2024-05-10
Le Mans,72181,72000,Maison,125.0,300000.0,2400.0,2024-04-17
Le Mans,72181,72000,Maison,138.0,131000.0,949.28,2024-05-03
Le Mans,72181,72100,Maison,97.0,193500.0,1994.85,2024-05-06
La Ferté-Bernard,72132,72400,Maison,239.0,610085.0,2552.66,2024-04-24
Écommoy,72124,72220,Maison,139.0,280000.0,2014.39,2024-05-03
Arnage,72008,72230,Maison,109.0,149000.0,1366.97,2024-04-24
Vancé,72368,72310,Maison,130.0,85000.0,653.85,2024-04-18
Le Mans,72181,72000,Maison,112.0,284250.0,2537.95,2024-04-29
Le Mans,72181,72000,Appartement,85.0,185000.0,2176.47,2024-04-30
Neuville-sur-Sarthe,72217,72190,Maison,166.0,325000.0,1957.83,2024-04-29
Torcé-en-Vallée,72359,72110,Maison,118.0,160000.0,1355.93,2024-05-10
Torcé-en-Vallée,72359,72110,Maison,118.0,160000.0,1355.93,2024-05-10
La Chapelle-du-Bois,72062,72400,Maison,106.0,100000.0,943.4,2024-04-25
La Chapelle-du-Bois,72062,72400,Maison,106.0,100000.0,943.4,2024-04-25
Malicorne-sur-Sarthe,72179,72270,Maison,25.0,46000.0,1840.0,2024-05-03
Bonnétable,72039,72110,Maison,46.0,15000.0,326.09,2024-05-13
Bonnétable,72039,72110,Maison,46.0,15000.0,326.09,2024-05-13
La Flèche,72154,72200,Maison,51.0,91000.0,1784.31,2024-05-06
Juigné-sur-Sarthe,72151,72300,Maison,83.0,110000.0,1325.3,2024-04-25
Juigné-sur-Sarthe,72151,72300,Maison,83.0,110000.0,1325.3,2024-04-25
Sablé-sur-Sarthe,72264,72300,Maison,35.0,45000.0,1285.71,2024-04-26
Auvers-le-Hamon,72016,72300,Maison,174.0,220000.0,1264.37,2024-04-26
La Flèche,72154,72200,Maison,89.0,167900.0,1886.52,2024-04-29
Souligné-sous-Ballon,72340,72290,Maison,74.0,145000.0,1959.46,2024-04-16
Le Mans,72181,72000,Appartement,87.0,79000.0,908.05,2024-04-26
Le Mans,72181,72000,Appartement,68.0,79000.0,1161.76,2024-04-26
Le Mans,72181,72000,Maison,84.0,237500.0,2827.38,2024-05-02
La Milesse,72198,72650,Maison,73.0,153000.0,2095.89,2024-04-30
La Guierche,72147,72380,Maison,89.0,160000.0,1797.75,2024-04-30
Le Mans,72181,72000,Appartement,84.0,137000.0,1630.95,2024-04-17
Vion,72378,72300,Maison,123.0,190000.0,1544.72,2024-04-18
Vion,72378,72300,Maison,123.0,190000.0,1544.72,2024-04-18
Le Mans,72181,72100,Maison,63.0,135000.0,2142.86,2024-04-30
Le Mans,72181,72100,Appartement,104.0,264000.0,2538.46,2024-04-29
Le Lude,72176,72800,Maison,42.0,97000.0,2309.52,2024-04-19
Le Bailleul,72022,72200,Maison,66.0,70000.0,1060.61,2024-04-17
Le Bailleul,72022,72200,Maison,66.0,70000.0,1060.61,2024-04-17
Saint-Calais,72269,72120,Maison,103.0,38000.0,368.93,2024-04-27
Le Mans,72181,72000,Appartement,42.0,86500.0,2059.52,2024-05-13
La Chapelle-Saint-Aubin,72065,72650,Maison,120.0,200000.0,1666.67,2024-04-30
La Chapelle-Saint-Aubin,72065,72650,Maison,120.0,200000.0,1666.67,2024-04-30
Le Mans,72181,72000,Appartement,42.0,100000.0,2380.95,2024-04-30
Noyen-sur-Sarthe,72223,72430,Maison,88.0,131875.0,1498.58,2024-04-12
Noyen-sur-Sarthe,72223,72430,Maison,88.0,131875.0,1498.58,2024-04-12
Savigné-l'Évêque,72329,72460,Maison,75.0,134000.0,1786.67,2024-04-19
Saint-Corneille,72275,72460,Maison,86.0,187000.0,2174.42,2024-04-19
Saint-Corneille,72275,72460,Maison,86.0,187000.0,2174.42,2024-04-19
Saint-Corneille,72275,72460,Maison,67.0,30000.0,447.76,2024-04-16
Saint-Corneille,72275,72460,Maison,86.0,30000.0,348.84,2024-04-16
Montval-sur-Loir,72071,72500,Maison,100.0,213000.0,2130.0,2024-05-03
Le Mans,72181,72000,Appartement,64.0,143000.0,2234.38,2024-05-03
La Flèche,72154,72200,Maison,114.0,205000.0,1798.25,2024-05-02
La Flèche,72154,72200,Maison,114.0,205000.0,1798.25,2024-05-02
Changé,72058,72560,Maison,78.0,95000.0,1217.95,2024-04-17
Changé,72058,72560,Maison,78.0,95000.0,1217.95,2024-04-17
Le Mans,72181,72000,Maison,110.0,255000.0,2318.18,2024-05-03
Luché-Pringé,72175,72800,Maison,75.0,108000.0,1440.0,2024-04-23
Crosmières,72110,72200,Maison,93.0,150000.0,1612.9,2024-05-02
Le Mans,72181,72100,Maison,61.0,173000.0,2836.07,2024-05-03
Le Mans,72181,72100,Appartement,92.0,123500.0,1342.39,2024-05-02
Mulsanne,72213,72230,Maison,199.0,302000.0,1517.59,2024-05-07
Mulsanne,72213,72230,Maison,199.0,302000.0,1517.59,2024-05-07
Teloché,72350,72220,Maison,163.0,215000.0,1319.02,2024-05-06
Teloché,72350,72220,Maison,163.0,215000.0,1319.02,2024-05-06
La Flèche,72154,72200,Maison,48.0,145000.0,3020.83,2024-04-16
Vallon-sur-Gée,72367,72540,Maison,120.0,170000.0,1416.67,2024-04-23
Le Mans,72181,72100,Maison,65.0,90000.0,1384.62,2024-04-26
Montval-sur-Loir,72071,72500,Maison,115.0,211976.0,1843.27,2024-04-25
La Ferté-Bernard,72132,72400,Maison,118.0,215000.0,1822.03,2024-05-07
La Ferté-Bernard,72132,72400,Maison,118.0,215000.0,1822.03,2024-05-07
Le Mans,72181,72000,Maison,63.0,210000.0,3333.33,2024-04-27
La Ferté-Bernard,72132,72400,Maison,70.0,105000.0,1500.0,2024-05-06
Vaas,72364,72500,Maison,75.0,75000.0,1000.0,2024-05-02
Le Mans,72181,72100,Maison,57.0,135000.0,2368.42,2024-05-13
La Flèche,72154,72200,Maison,99.0,195000.0,1969.7,2024-04-29
Parigné-l'Évêque,72231,72250,Maison,283.0,470000.0,1660.78,2024-04-17
Parigné-l'Évêque,72231,72250,Maison,283.0,470000.0,1660.78,2024-04-17
Parigné-l'Évêque,72231,72250,Maison,283.0,470000.0,1660.78,2024-04-17
Parigné-l'Évêque,72231,72250,Maison,283.0,470000.0,1660.78,2024-04-17
Bazouges Cré sur Loir,72025,72200,Maison,40.0,155000.0,3875.0,2024-05-07
Bazouges Cré sur Loir,72025,72200,Maison,40.0,155000.0,3875.0,2024-05-07
Cérans-Foulletourte,72051,72330,Maison,160.0,257000.0,1606.25,2024-05-07
Cérans-Foulletourte,72051,72330,Maison,160.0,257000.0,1606.25,2024-05-07
Le Mans,72181,72000,Maison,56.0,178000.0,3178.57,2024-05-13
Vallon-sur-Gée,72367,72540,Maison,98.0,70000.0,714.29,2024-04-19
Écommoy,72124,72220,Maison,56.0,146000.0,2607.14,2024-04-30
Arnage,72008,72230,Maison,202.0,295000.0,1460.4,2024-04-30
Arnage,72008,72230,Maison,202.0,295000.0,1460.4,2024-04-30
Loué,72168,72540,Maison,110.0,117500.0,1068.18,2024-04-15
Loué,72168,72540,Maison,80.0,50000.0,625.0,2024-04-18
Conlie,72089,72240,Maison,92.0,140000.0,1521.74,2024-04-17
Neufchâtel-en-Saosnois,72215,72600,Maison,78.0,140000.0,1794.87,2024-05-13
Sargé-lès-le-Mans,72328,72190,Maison,152.0,281875.0,1854.44,2024-05-06
La Milesse,72198,72650,Maison,88.0,240000.0,2727.27,2024-05-07
Le Mans,72181,72000,Appartement,20.0,55000.0,2750.0,2024-05-13
Teillé,72349,72290,Maison,50.0,38000.0,760.0,2024-04-24
La Flèche,72154,72200,Maison,105.0,170000.0,1619.05,2024-05-07
La Suze-sur-Sarthe,72346,72210,Maison,103.0,210000.0,2038.83,2024-05-07
Connerré,72090,72160,Maison,67.0,73000.0,1089.55,2024-04-30
Chaufour-Notre-Dame,72073,72550,Maison,90.0,187000.0,2077.78,2024-04-23
Allonnes,72003,72700,Appartement,71.0,30000.0,422.54,2024-05-13
Allonnes,72003,72700,Appartement,45.0,30000.0,666.67,2024-05-13
Le Mans,72181,72100,Maison,80.0,162000.0,2025.0,2024-05-06
Le Lude,72176,72800,Maison,98.0,160000.0,1632.65,2024-05-07
Le Lude,72176,72800,Maison,98.0,160000.0,1632.65,2024-05-07
Saint-Jean-d'Assé,72290,72380,Maison,93.0,180000.0,1935.48,2024-04-22
Mulsanne,72213,72230,Maison,69.0,160000.0,2318.84,2024-05-15
Pirmil,72237,72430,Maison,142.0,14557.0,102.51,2024-04-18
Le Mans,72181,72000,Maison,79.0,122000.0,1544.3,2024-04-30
Yvré-l'Évêque,72386,72530,Maison,70.0,87000.0,1242.86,2024-05-07
Mamers,72180,72600,Appartement,105.0,170000.0,1619.05,2024-04-24
Cérans-Foulletourte,72051,72330,Maison,70.0,134000.0,1914.29,2024-05-07
Cérans-Foulletourte,72051,72330,Maison,18.0,134000.0,7444.44,2024-05-07
Mamers,72180,72600,Maison,54.0,58000.0,1074.07,2024-04-24
Lhomme,72161,72340,Maison,98.0,50000.0,510.2,2024-04-27
Lhomme,72161,72340,Maison,98.0,50000.0,510.2,2024-04-27
Lhomme,72161,72340,Maison,98.0,50000.0,510.2,2024-04-27
Lhomme,72161,72340,Maison,98.0,50000.0,510.2,2024-04-27
Vaas,72364,72500,Maison,72.0,100000.0,1388.89,2024-05-03
Le Mans,72181,72000,Appartement,42.0,81900.0,1950.0,2024-04-30
Le Mans,72181,72000,Appartement,30.0,65000.0,2166.67,2024-04-25
Le Mans,72181,72000,Appartement,29.0,101300.0,3493.1,2024-05-17
Saint-Rémy-du-Val,72317,72600,Maison,88.0,84000.0,954.55,2024-04-29
Mamers,72180,72600,Maison,107.0,18500.0,172.9,2024-04-25
Bonnétable,72039,72110,Maison,52.0,64000.0,1230.77,2024-05-03
Saint-Cosme-en-Vairais,72276,72110,Maison,42.0,35700.0,850.0,2024-05-07
Bonnétable,72039,72110,Maison,147.0,180000.0,1224.49,2024-05-07
Saint-Symphorien,72321,72240,Maison,127.0,70000.0,551.18,2024-04-29
Le Mans,72181,72000,Maison,96.0,207000.0,2156.25,2024-05-14
Vaas,72364,72500,Maison,59.0,77000.0,1305.08,2024-05-14
Le Mans,72181,72000,Appartement,79.0,73000.0,924.05,2024-04-19
Écommoy,72124,72220,Maison,102.0,239295.0,2346.03,2024-05-06
Villeneuve-en-Perseigne,72137,72600,Maison,128.0,192250.0,1501.95,2024-05-02
Thoiré-sous-Contensor,72355,72610,Maison,72.0,90000.0,1250.0,2024-05-03
Mayet,72191,72360,Maison,82.0,117000.0,1426.83,2024-05-13
Mayet,72191,72360,Maison,82.0,117000.0,1426.83,2024-05-13
Étival-lès-le-Mans,72127,72700,Maison,87.0,169000.0,1942.53,2024-04-24
Vallon-sur-Gée,72367,72540,Maison,55.0,80000.0,1454.55,2024-04-18
Vallon-sur-Gée,72367,72540,Maison,34.0,80000.0,2352.94,2024-04-18
Le Mans,72181,72000,Appartement,99.0,128000.0,1292.93,2024-05-15
Le Mans,72181,72000,Appartement,63.0,110000.0,1746.03,2024-05-13
Le Mans,72181,72100,Appartement,56.0,89000.0,1589.29,2024-05-13
Étival-lès-le-Mans,72127,72700,Maison,87.0,174000.0,2000.0,2024-04-24
Saint-Mars-la-Brière,72300,72470,Maison,70.0,80000.0,1142.86,2024-04-22
Mulsanne,72213,72230,Maison,88.0,197500.0,2244.32,2024-04-24
Montval-sur-Loir,72071,72500,Maison,104.0,145000.0,1394.23,2024-05-07
Montval-sur-Loir,72071,72500,Maison,104.0,145000.0,1394.23,2024-05-07
Le Mans,72181,72000,Maison,70.0,180000.0,2571.43,2024-04-22
Nogent-sur-Loir,72221,72500,Maison,145.0,218000.0,1503.45,2024-05-14
Nogent-sur-Loir,72221,72500,Maison,145.0,218000.0,1503.45,2024-05-14
Le Mans,72181,72000,Appartement,59.0,101050.0,1712.71,2024-04-25
Loir en Vallée,72262,72340,Maison,48.0,104445.0,2175.94,2024-05-10
Dissay-sous-Courcillon,72115,72500,Maison,85.0,170000.0,2000.0,2024-05-14
Trangé,72360,72650,Maison,113.0,308000.0,2725.66,2024-05-07
Marçon,72183,72340,Maison,120.0,140000.0,1166.67,2024-05-14
Le Mans,72181,72000,Appartement,34.0,74995.0,2205.74,2024-05-15
Saint-Paterne - Le Chevain,72308,72610,Maison,74.0,105000.0,1418.92,2024-05-13
Le Mans,72181,72000,Maison,86.0,185000.0,2151.16,2024-04-24
Le Mans,72181,72100,Maison,127.0,200000.0,1574.8,2024-04-22
Le Mans,72181,72100,Maison,98.0,185000.0,1887.76,2024-05-13
Sargé-lès-le-Mans,72328,72190,Maison,132.0,310000.0,2348.48,2024-05-14
La Ferté-Bernard,72132,72400,Appartement,63.0,62000.0,984.13,2024-05-16
Le Mans,72181,72000,Appartement,19.0,48000.0,2526.32,2024-05-13
Le Mans,72181,72000,Appartement,93.0,298000.0,3204.3,2024-05-14
Le Mans,72181,72000,Maison,145.0,236250.0,1629.31,2024-05-14
Le Mans,72181,72000,Maison,145.0,236250.0,1629.31,2024-05-14
Le Mans,72181,72000,Appartement,68.0,153000.0,2250.0,2024-05-15
La Ferté-Bernard,72132,72400,Maison,54.0,60000.0,1111.11,2024-05-16
Le Mans,72181,72000,Appartement,69.0,84112.0,1219.01,2024-05-16
Le Mans,72181,72000,Maison,104.0,258000.0,2480.77,2024-05-16
Saint-Aubin-des-Coudrais,72267,72400,Maison,171.0,200000.0,1169.59,2024-05-15
Saint-Aubin-des-Coudrais,72267,72400,Maison,171.0,200000.0,1169.59,2024-05-15
Le Mans,72181,72100,Maison,83.0,145000.0,1746.99,2024-05-02
Loir en Vallée,72262,72340,Maison,107.0,110000.0,1028.04,2024-04-30
Le Grand-Lucé,72143,72150,Maison,180.0,118000.0,655.56,2024-04-29
Loir en Vallée,72262,72340,Maison,135.0,190000.0,1407.41,2024-04-29
Loir en Vallée,72262,72340,Maison,135.0,190000.0,1407.41,2024-04-29
Loir en Vallée,72262,72340,Maison,135.0,190000.0,1407.41,2024-04-29
Vion,72378,72300,Maison,166.0,230000.0,1385.54,2024-05-14
Saint-Vincent-du-Lorouër,72325,72150,Maison,208.0,140000.0,673.08,2024-04-30
Saint-Vincent-du-Lorouër,72325,72150,Maison,208.0,140000.0,673.08,2024-04-30
Saint-Vincent-du-Lorouër,72325,72150,Maison,208.0,140000.0,673.08,2024-04-30
Le Mans,72181,72000,Maison,63.0,108500.0,1722.22,2024-04-26
Le Mans,72181,72000,Appartement,53.0,82000.0,1547.17,2024-05-13
Auvers-le-Hamon,72016,72300,Maison,99.0,190000.0,1919.19,2024-05-07
Le Mans,72181,72000,Maison,67.0,109000.0,1626.87,2024-05-07
Brette-les-Pins,72047,72250,Maison,188.0,313000.0,1664.89,2024-04-24
Brette-les-Pins,72047,72250,Maison,188.0,313000.0,1664.89,2024-04-24
Brette-les-Pins,72047,72250,Maison,188.0,313000.0,1664.89,2024-04-24
Parigné-l'Évêque,72231,72250,Maison,126.0,340000.0,2698.41,2024-04-25
Parigné-l'Évêque,72231,72250,Maison,126.0,340000.0,2698.41,2024-04-25
Fatines,72129,72470,Maison,84.0,166500.0,1982.14,2024-05-14
Le Mans,72181,72100,Maison,42.0,113000.0,2690.48,2024-05-13
Fercé-sur-Sarthe,72131,72430,Maison,75.0,184000.0,2453.33,2024-04-26
Saint-Pavace,72310,72190,Maison,80.0,190000.0,2375.0,2024-05-13
Saint-Maixent,72296,72320,Maison,78.0,67000.0,858.97,2024-05-13
Coulaines,72095,72190,Maison,93.0,160000.0,1720.43,2024-05-17
Coulaines,72095,72190,Maison,126.0,295000.0,2341.27,2024-04-30
Le Mans,72181,72000,Maison,70.0,137000.0,1957.14,2024-05-07
Souligné-sous-Ballon,72340,72290,Maison,102.0,178000.0,1745.1,2024-05-17
Le Mans,72181,72000,Appartement,39.0,77500.0,1987.18,2024-04-24
Le Mans,72181,72000,Appartement,41.0,77500.0,1890.24,2024-04-24
La Ferté-Bernard,72132,72400,Appartement,60.0,128000.0,2133.33,2024-05-06
Montval-sur-Loir,72071,72500,Maison,165.0,60000.0,363.64,2024-05-02
Lavaré,72158,72390,Maison,53.0,12500.0,235.85,2024-05-15
Lavaré,72158,72390,Maison,53.0,12500.0,235.85,2024-05-15
Connerré,72090,72160,Maison,75.0,106000.0,1413.33,2024-04-16
La Chartre-sur-le-Loir,72068,72340,Maison,138.0,40000.0,289.86,2024-05-15
La Chartre-sur-le-Loir,72068,72340,Maison,138.0,40000.0,289.86,2024-05-15
Sablé-sur-Sarthe,72264,72300,Appartement,47.0,55000.0,1170.21,2024-05-22
Sablé-sur-Sarthe,72264,72300,Appartement,60.0,55000.0,916.67,2024-05-22
Le Mans,72181,72000,Appartement,59.0,127500.0,2161.02,2024-05-17
Challes,72053,72250,Maison,194.0,265000.0,1365.98,2024-05-21
Challes,72053,72250,Maison,194.0,265000.0,1365.98,2024-05-21
Loir en Vallée,72262,72310,Maison,62.0,22000.0,354.84,2024-04-26
Saint-Calais,72269,72120,Maison,111.0,55000.0,495.5,2024-05-14
Le Mans,72181,72000,Maison,90.0,218000.0,2422.22,2024-05-16
Ligron,72163,72270,Maison,120.0,150000.0,1250.0,2024-05-13
Ligron,72163,72270,Maison,120.0,150000.0,1250.0,2024-05-13
Sablé-sur-Sarthe,72264,72300,Appartement,69.0,110000.0,1594.2,2024-05-15
Le Mans,72181,72100,Appartement,32.0,163000.0,5093.75,2024-05-15
Le Mans,72181,72100,Appartement,30.0,163000.0,5433.33,2024-05-15
Le Mans,72181,72100,Appartement,52.0,163000.0,3134.62,2024-05-15
Le Mans,72181,72100,Appartement,25.0,163000.0,6520.0,2024-05-15
Le Mans,72181,72100,Appartement,18.0,163000.0,9055.56,2024-05-15
Le Mans,72181,72100,Appartement,54.0,163000.0,3018.52,2024-05-15
Sablé-sur-Sarthe,72264,72300,Maison,110.0,82500.0,750.0,2024-05-03
Villeneuve-en-Perseigne,72137,72600,Maison,87.0,148000.0,1701.15,2024-05-17
Parigné-l'Évêque,72231,72250,Maison,87.0,125000.0,1436.78,2024-04-25
Le Mans,72181,72000,Appartement,92.0,195000.0,2119.57,2024-05-14
Sablé-sur-Sarthe,72264,72300,Maison,91.0,150000.0,1648.35,2024-05-17
Solesmes,72336,72300,Maison,96.0,225000.0,2343.75,2024-05-16
Auvers-le-Hamon,72016,72300,Maison,106.0,75000.0,707.55,2024-05-14
Bessé-sur-Braye,72035,72310,Maison,57.0,22000.0,385.96,2024-05-14
Saint-Denis-des-Coudrais,72277,72110,Maison,178.0,315000.0,1769.66,2024-05-13
Saint-Denis-des-Coudrais,72277,72110,Maison,178.0,315000.0,1769.66,2024-05-13
Marçon,72183,72340,Maison,186.0,271000.0,1456.99,2024-04-30
Marçon,72183,72340,Maison,186.0,271000.0,1456.99,2024-04-30
Le Mans,72181,72000,Maison,117.0,237000.0,2025.64,2024-04-29
Montval-sur-Loir,72071,72500,Maison,92.0,140000.0,1521.74,2024-05-17
Lavernat,72160,72500,Maison,86.0,175000.0,2034.88,2024-05-07
Le Mans,72181,72100,Maison,79.0,188000.0,2379.75,2024-05-15
Le Mans,72181,72100,Appartement,67.0,61000.0,910.45,2024-04-29
Le Mans,72181,72000,Appartement,46.0,120000.0,2608.7,2024-04-22
Le Mans,72181,72000,Appartement,20.0,81250.0,4062.5,2024-04-30
Mont-Saint-Jean,72211,72140,Maison,120.0,90000.0,750.0,2024-04-25
Val d'Étangson,72128,72120,Maison,141.0,25000.0,177.3,2024-05-17
Val d'Étangson,72128,72120,Maison,141.0,25000.0,177.3,2024-05-17
Bessé-sur-Braye,72035,72310,Maison,91.0,150000.0,1648.35,2024-05-10
Bessé-sur-Braye,72035,72310,Maison,45.0,49000.0,1088.89,2024-05-15
Guécélard,72146,72230,Maison,112.0,57261.08,511.26,2024-05-16
Saint-Pierre-de-Chevillé,72311,72500,Maison,93.0,67500.0,725.81,2024-05-17
Saint-Pierre-de-Chevillé,72311,72500,Maison,93.0,67500.0,725.81,2024-05-17
Le Mans,72181,72000,Maison,75.0,134500.0,1793.33,2024-05-16
Le Mans,72181,72000,Maison,101.0,168000.0,1663.37,2024-05-17
Montfort-le-Gesnois,72241,72450,Maison,73.0,161000.0,2205.48,2024-05-14
Luceau,72173,72500,Maison,75.0,55000.0,733.33,2024-05-21
Saint-Rémy-des-Monts,72316,72600,Maison,138.0,147000.0,1065.22,2024-04-29
La Bruère-sur-Loir,72049,72500,Maison,65.0,80000.0,1230.77,2024-05-21
La Bruère-sur-Loir,72049,72500,Maison,65.0,80000.0,1230.77,2024-05-21
La Bruère-sur-Loir,72049,72500,Maison,65.0,80000.0,1230.77,2024-05-21
La Bruère-sur-Loir,72049,72500,Maison,65.0,80000.0,1230.77,2024-05-21
La Bruère-sur-Loir,72049,72500,Maison,65.0,80000.0,1230.77,2024-05-21
La Bruère-sur-Loir,72049,72500,Maison,65.0,80000.0,1230.77,2024-05-21
Montval-sur-Loir,72071,72500,Maison,67.0,58000.0,865.67,2024-05-22
Lavernat,72160,72500,Maison,88.0,105000.0,1193.18,2024-05-17
Lavernat,72160,72500,Maison,88.0,105000.0,1193.18,2024-05-17
Saint-Paterne - Le Chevain,72308,72610,Maison,83.0,23550.0,283.73,2024-05-02
Le Mans,72181,72000,Appartement,61.0,132500.0,2172.13,2024-05-14
Le Mans,72181,72000,Appartement,36.0,58000.0,1611.11,2024-05-06
Précigné,72244,72300,Maison,74.0,126000.0,1702.7,2024-05-01
Pincé,72236,72300,Maison,98.0,120000.0,1224.49,2024-04-27
Saint-Aubin-de-Locquenay,72266,72130,Maison,48.0,263000.0,5479.17,2024-05-03
Saint-Aubin-de-Locquenay,72266,72130,Maison,48.0,263000.0,5479.17,2024-05-03
Le Mans,72181,72000,Maison,45.0,120000.0,2666.67,2024-05-21
Le Mans,72181,72000,Appartement,79.0,100000.0,1265.82,2024-05-21
Moncé-en-Belin,72200,72230,Maison,80.0,160000.0,2000.0,2024-05-15
Le Mans,72181,72000,Maison,80.0,270000.0,3375.0,2024-05-21
Marolles-les-Braults,72189,72260,Maison,134.0,245000.0,1828.36,2024-04-26
La Flèche,72154,72200,Maison,121.0,323880.0,2676.69,2024-05-02
Le Mans,72181,72000,Maison,75.0,160000.0,2133.33,2024-05-03
La Flèche,72154,72200,Maison,265.0,104800.0,395.47,2024-05-02
La Flèche,72154,72200,Maison,265.0,104800.0,395.47,2024-05-02
Fresnay-sur-Sarthe,72138,72130,Maison,40.0,75000.0,1875.0,2024-05-21
Tuffé Val de la Chéronne,72363,72160,Maison,75.0,110000.0,1466.67,2024-05-21
Allonnes,72003,72700,Maison,64.0,82500.0,1289.06,2024-05-14
Sainte-Jamme-sur-Sarthe,72289,72380,Maison,90.0,145500.0,1616.67,2024-04-29
Soulitré,72341,72370,Maison,73.0,100000.0,1369.86,2024-03-25
Soulitré,72341,72370,Maison,63.0,100000.0,1587.3,2024-03-25
Bazouges Cré sur Loir,72025,72200,Maison,114.0,199120.0,1746.67,2024-05-16
Bazouges Cré sur Loir,72025,72200,Maison,114.0,199120.0,1746.67,2024-05-16
Le Mans,72181,72100,Maison,80.0,136000.0,1700.0,2024-05-22
Bessé-sur-Braye,72035,72310,Maison,144.0,105000.0,729.17,2024-05-14
Beillé,72031,72160,Maison,103.0,177000.0,1718.45,2024-05-22
Beillé,72031,72160,Maison,103.0,177000.0,1718.45,2024-05-22
Rouessé-Vassé,72255,72140,Maison,104.0,95000.0,913.46,2024-04-30
Yvré-l'Évêque,72386,72530,Maison,118.0,253000.0,2144.07,2024-05-16
Montval-sur-Loir,72071,72500,Maison,120.0,160000.0,1333.33,2024-05-07
Montval-sur-Loir,72071,72500,Maison,120.0,160000.0,1333.33,2024-05-07
Le Mans,72181,72000,Maison,102.0,239000.0,2343.14,2024-04-26
Le Mans,72181,72100,Maison,65.0,73426.0,1129.63,2024-05-13
Mulsanne,72213,72230,Maison,96.0,188000.0,1958.33,2024-05-22
Le Mans,72181,72000,Maison,65.0,105000.0,1615.38,2024-05-22
Le Luart,72172,72390,Maison,80.0,130100.0,1626.25,2024-05-14
Champfleur,72056,72610,Maison,129.0,174000.0,1348.84,2024-04-26
Saint-Victeur,72323,72130,Maison,92.0,60000.0,652.17,2024-05-03
Fresnay-sur-Sarthe,72138,72130,Maison,113.0,165000.0,1460.18,2024-05-15
Sillé-le-Guillaume,72334,72140,Maison,70.0,89000.0,1271.43,2024-05-07
Le Mans,72181,72100,Appartement,60.0,43000.0,716.67,2024-05-15
Bernay-Neuvy-en-Champagne,72219,72240,Maison,77.0,53000.0,688.31,2024-05-10
Sillé-le-Guillaume,72334,72140,Appartement,60.0,72000.0,1200.0,2024-05-02
Sillé-le-Guillaume,72334,72140,Appartement,56.0,72000.0,1285.71,2024-05-02
Allonnes,72003,72700,Appartement,48.0,65000.0,1354.17,2024-05-03
Sillé-le-Guillaume,72334,72140,Maison,58.0,80000.0,1379.31,2024-04-26
Marolles-les-Braults,72189,72260,Maison,76.0,79000.0,1039.47,2024-04-25
Auvers-le-Hamon,72016,72300,Maison,97.0,37350.0,385.05,2024-05-21
Pruillé-l'Éguillé,72248,72150,Maison,95.0,125000.0,1315.79,2024-05-22
Nuillé-le-Jalais,72224,72370,Maison,83.0,130000.0,1566.27,2024-05-14
Nuillé-le-Jalais,72224,72370,Maison,83.0,130000.0,1566.27,2024-05-14
Vibraye,72373,72320,Maison,25.0,18000.0,720.0,2024-05-14
Vibraye,72373,72320,Maison,25.0,18000.0,720.0,2024-05-14
Vibraye,72373,72320,Maison,25.0,18000.0,720.0,2024-05-14
Vibraye,72373,72320,Maison,25.0,18000.0,720.0,2024-05-14
Bessé-sur-Braye,72035,72310,Maison,76.0,64000.0,842.11,2024-05-21
Vibraye,72373,72320,Maison,46.0,65000.0,1413.04,2024-05-22
Vibraye,72373,72320,Maison,46.0,65000.0,1413.04,2024-05-22
La Chartre-sur-le-Loir,72068,72340,Maison,112.0,50000.0,446.43,2024-05-22
Tennie,72351,72240,Maison,30.0,65000.0,2166.67,2024-05-17
La Ferté-Bernard,72132,72400,Maison,71.0,55000.0,774.65,2024-05-21
Mont-Saint-Jean,72211,72140,Maison,100.0,100000.0,1000.0,2024-05-21
Saint-Georges-de-la-Couée,72279,72150,Maison,78.0,152000.0,1948.72,2024-05-02
Sillé-le-Guillaume,72334,72140,Maison,38.0,39000.0,1026.32,2024-05-21
Arçonnay,72006,72610,Maison,100.0,168000.0,1680.0,2024-05-11
Arçonnay,72006,72610,Maison,100.0,168000.0,1680.0,2024-05-11
Le Mans,72181,72000,Maison,49.0,96790.0,1975.31,2024-04-30
Sablé-sur-Sarthe,72264,72300,Maison,127.0,230000.0,1811.02,2024-05-23
Sablé-sur-Sarthe,72264,72300,Maison,127.0,230000.0,1811.02,2024-05-23
Sablé-sur-Sarthe,72264,72300,Maison,127.0,230000.0,1811.02,2024-05-23
Le Lude,72176,72800,Maison,71.0,103000.0,1450.7,2024-05-15
Saint-Jean-d'Assé,72290,72380,Maison,103.0,179000.0,1737.86,2024-05-07
Le Mans,72181,72100,Appartement,94.0,123000.0,1308.51,2024-05-24
Le Mans,72181,72000,Appartement,55.0,62000.0,1127.27,2024-05-17
Le Mans,72181,72000,Appartement,77.0,67600.0,877.92,2024-05-22
Le Mans,72181,72000,Appartement,29.0,73000.0,2517.24,2024-05-17
Le Mans,72181,72000,Appartement,42.0,110000.0,2619.05,2024-05-23
Saint-Célerin,72271,72110,Maison,57.0,35000.0,614.04,2024-04-30
Saint-Célerin,72271,72110,Maison,44.0,35000.0,795.45,2024-04-30
Saint-Aubin-de-Locquenay,72266,72130,Maison,75.0,63500.0,846.67,2024-05-21
Connerré,72090,72160,Maison,61.0,145000.0,2377.05,2024-05-24
Tuffé Val de la Chéronne,72363,72160,Maison,99.0,155000.0,1565.66,2024-05-24
Lombron,72165,72450,Maison,78.0,190000.0,2435.9,2024-05-25
Le Mans,72181,72100,Appartement,44.0,66000.0,1500.0,2024-05-27
Le Mans,72181,72000,Appartement,62.0,148000.0,2387.1,2024-05-24
Parigné-l'Évêque,72231,72250,Maison,117.0,254500.0,2175.21,2024-05-13
Maisoncelles,72178,72440,Maison,87.0,165000.0,1896.55,2024-05-21
Saint-Mars-d'Outillé,72299,72220,Maison,138.0,177000.0,1282.61,2024-05-24
Saint-Mars-d'Outillé,72299,72220,Maison,138.0,177000.0,1282.61,2024-05-24
Bazouges Cré sur Loir,72025,72200,Maison,80.0,123000.0,1537.5,2024-05-03
Champagné,72054,72470,Maison,75.0,140000.0,1866.67,2024-05-23
Parigné-l'Évêque,72231,72250,Maison,217.0,425000.0,1958.53,2024-05-03
Parigné-l'Évêque,72231,72250,Maison,217.0,425000.0,1958.53,2024-05-03
Saint-Rémy-du-Val,72317,72600,Maison,92.0,60000.0,652.17,2024-05-16
Connerré,72090,72160,Maison,64.0,55000.0,859.38,2024-05-15
Ancinnes,72005,72610,Maison,29.0,195000.0,6724.14,2024-05-17
Ancinnes,72005,72610,Maison,80.0,195000.0,2437.5,2024-05-17
Rouillon,72257,72700,Maison,160.0,270000.0,1687.5,2024-05-14
Rouillon,72257,72700,Maison,160.0,270000.0,1687.5,2024-05-14
Mamers,72180,72600,Appartement,87.0,238500.0,2741.38,2024-05-24
Mamers,72180,72600,Appartement,80.0,238500.0,2981.25,2024-05-24
Mamers,72180,72600,Appartement,62.0,238500.0,3846.77,2024-05-24
Mamers,72180,72600,Appartement,85.0,238500.0,2805.88,2024-05-24
La Ferté-Bernard,72132,72400,Appartement,43.0,100000.0,2325.58,2024-05-13
La Flèche,72154,72200,Maison,80.0,90000.0,1125.0,2024-05-22
Montval-sur-Loir,72071,72500,Maison,135.0,160000.0,1185.19,2024-05-24
Montval-sur-Loir,72071,72500,Maison,135.0,160000.0,1185.19,2024-05-24
Saint-Pavace,72310,72190,Maison,84.0,160000.0,1904.76,2024-04-30
Le Mans,72181,72000,Appartement,79.0,106200.0,1344.3,2024-05-23
Saint-Rémy-de-Sillé,72315,72140,Maison,106.0,42000.0,396.23,2024-05-23
Rouessé-Vassé,72255,72140,Maison,72.0,58000.0,805.56,2024-05-24
Saint-Georges-le-Gaultier,72282,72130,Maison,220.0,50000.0,227.27,2024-05-03
Saint-Gervais-en-Belin,72287,72220,Maison,73.0,90000.0,1232.88,2024-05-20
Rouessé-Vassé,72255,72140,Maison,140.0,230000.0,1642.86,2024-05-03
Beaumont-sur-Sarthe,72029,72170,Maison,130.0,107500.0,826.92,2024-05-02
Coulaines,72095,72190,Maison,80.0,77500.0,968.75,2024-05-22
Tuffé Val de la Chéronne,72363,72160,Maison,45.0,60000.0,1333.33,2024-05-27
Sainte-Jamme-sur-Sarthe,72289,72380,Maison,89.0,185000.0,2078.65,2024-05-03
Le Mans,72181,72100,Maison,105.0,204990.0,1952.29,2024-05-27
Le Mans,72181,72000,Maison,84.0,183500.0,2184.52,2024-05-07
Tresson,72361,72440,Maison,135.0,140000.0,1037.04,2024-05-22
Bouloire,72042,72440,Maison,90.0,112000.0,1244.44,2024-05-22
Nuillé-le-Jalais,72224,72370,Maison,70.0,193000.0,2757.14,2024-05-03
Nuillé-le-Jalais,72224,72370,Maison,70.0,193000.0,2757.14,2024-05-03
Neuville-sur-Sarthe,72217,72190,Maison,135.0,204000.0,1511.11,2024-05-13
Neuville-sur-Sarthe,72217,72190,Maison,135.0,204000.0,1511.11,2024-05-13
Saint-Mars-la-Brière,72300,72470,Maison,88.0,156000.0,1772.73,2024-05-03
Bouloire,72042,72440,Maison,95.0,86000.0,905.26,2024-05-03
Saint-Ouen-en-Belin,72306,72220,Maison,53.0,60000.0,1132.08,2024-05-07
Domfront-en-Champagne,72119,72240,Maison,101.0,168000.0,1663.37,2024-05-14
Le Mans,72181,72000,Appartement,80.0,257150.0,3214.38,2024-05-27
Saint-Célerin,72271,72110,Maison,111.0,175000.0,1576.58,2024-05-29
Saint-Célerin,72271,72110,Maison,111.0,175000.0,1576.58,2024-05-29
Thorigné-sur-Dué,72358,72160,Maison,75.0,135000.0,1800.0,2024-05-29
Parigné-l'Évêque,72231,72250,Maison,78.0,145000.0,1858.97,2024-05-17
Le Mans,72181,72100,Appartement,57.0,50000.0,877.19,2024-05-17
Tassé,72347,72430,Maison,46.0,35000.0,760.87,2024-05-17
Tassé,72347,72430,Maison,46.0,35000.0,760.87,2024-05-17
Le Mans,72181,72000,Appartement,65.0,105000.0,1615.38,2024-05-17
Tresson,72361,72440,Maison,105.0,110000.0,1047.62,2024-05-24
Noyen-sur-Sarthe,72223,72430,Maison,114.0,125000.0,1096.49,2024-05-14
Le Mans,72181,72000,Maison,93.0,40000.0,430.11,2024-05-15
Fercé-sur-Sarthe,72131,72430,Maison,150.0,300000.0,2000.0,2024-05-07
Villaines-la-Carelle,72374,72600,Maison,80.0,160000.0,2000.0,2024-04-30
Le Mans,72181,72000,Appartement,73.0,182920.0,2505.75,2024-05-14
Le Mans,72181,72000,Maison,79.0,190000.0,2405.06,2024-05-27
La Ferté-Bernard,72132,72400,Maison,102.0,173000.0,1696.08,2024-05-23
Lombron,72165,72450,Maison,88.0,220000.0,2500.0,2024-05-27
Lombron,72165,72450,Maison,88.0,220000.0,2500.0,2024-05-27
Lombron,72165,72450,Maison,88.0,220000.0,2500.0,2024-05-27
Saint-Aubin-des-Coudrais,72267,72400,Maison,149.0,135000.0,906.04,2024-05-27
Théligny,72353,72320,Maison,102.0,360000.0,3529.41,2024-05-17
Théligny,72353,72320,Maison,102.0,360000.0,3529.41,2024-05-17
Théligny,72353,72320,Maison,102.0,360000.0,3529.41,2024-05-17
Vibraye,72373,72320,Maison,73.0,125000.0,1712.33,2024-05-17
Vibraye,72373,72320,Maison,73.0,125000.0,1712.33,2024-05-17
Vibraye,72373,72320,Maison,73.0,125000.0,1712.33,2024-05-17
Avezé,72020,72400,Maison,105.0,246000.0,2342.86,2024-05-30
Le Mans,72181,72000,Maison,96.0,180000.0,1875.0,2024-05-23
Le Mans,72181,72100,Maison,120.0,177500.0,1479.17,2024-05-14
Le Mans,72181,72000,Maison,79.0,190800.0,2415.19,2024-05-07
Le Mans,72181,72000,Maison,91.0,242000.0,2659.34,2024-05-21
Le Mans,72181,72000,Appartement,27.0,54000.0,2000.0,2024-05-29
Mamers,72180,72600,Maison,73.0,26000.0,356.16,2024-05-16
Le Mans,72181,72000,Appartement,54.0,252000.0,4666.67,2024-05-07
Le Mans,72181,72000,Appartement,16.0,252000.0,15750.0,2024-05-07
Le Mans,72181,72000,Appartement,60.0,252000.0,4200.0,2024-05-07
Le Mans,72181,72000,Appartement,36.0,252000.0,7000.0,2024-05-07
Le Mans,72181,72000,Appartement,47.0,252000.0,5361.7,2024-05-07
Moncé-en-Belin,72200,72230,Maison,116.0,184000.0,1586.21,2024-05-21
Le Mans,72181,72000,Appartement,44.0,80000.0,1818.18,2024-05-30
Volnay,72382,72440,Maison,119.0,211000.0,1773.11,2024-05-24
Surfonds,72345,72370,Maison,84.0,110000.0,1309.52,2024-05-16
Cérans-Foulletourte,72051,72330,Maison,90.0,167000.0,1855.56,2024-05-14
Cérans-Foulletourte,72051,72330,Maison,90.0,167000.0,1855.56,2024-05-14
Duneau,72122,72160,Maison,149.0,195000.0,1308.72,2024-05-16
Duneau,72122,72160,Maison,149.0,195000.0,1308.72,2024-05-16
Louzes,72171,72600,Maison,32.0,9000.0,281.25,2024-05-17
Montval-sur-Loir,72071,72500,Maison,84.0,98000.0,1166.67,2024-05-30
Le Mans,72181,72100,Appartement,38.0,84990.0,2236.58,2024-05-22
Le Mans,72181,72100,Appartement,50.0,107000.0,2140.0,2024-05-24
Le Mans,72181,72000,Maison,94.0,188000.0,2000.0,2024-05-24
Saint-Corneille,72275,72460,Maison,149.0,225000.0,1510.07,2024-05-21
Saint-Corneille,72275,72460,Maison,149.0,225000.0,1510.07,2024-05-21
Yvré-l'Évêque,72386,72530,Maison,66.0,160000.0,2424.24,2024-05-06
Écommoy,72124,72220,Appartement,91.0,123000.0,1351.65,2024-05-30
Écommoy,72124,72220,Appartement,96.0,123000.0,1281.25,2024-05-30
Semur-en-Vallon,72333,72390,Maison,95.0,24225.0,255.0,2024-05-06
Bonnétable,72039,72110,Maison,106.0,110000.0,1037.74,2024-05-31
Chenu,72077,72500,Maison,163.0,265000.0,1625.77,2024-05-29
La Chapelle-Saint-Rémy,72067,72160,Maison,118.0,28571.43,242.13,2024-05-16
La Chapelle-Saint-Rémy,72067,72160,Maison,118.0,28571.43,242.13,2024-05-16
La Chapelle-Saint-Rémy,72067,72160,Maison,118.0,28571.43,242.13,2024-05-16
Le Mans,72181,72000,Appartement,41.0,72750.0,1774.39,2024-05-31
Le Mans,72181,72100,Maison,104.0,172000.0,1653.85,2024-05-06
Le Mans,72181,72100,Appartement,94.0,147200.0,1565.96,2024-05-31
Malicorne-sur-Sarthe,72179,72270,Maison,100.0,92000.0,920.0,2024-05-24
Malicorne-sur-Sarthe,72179,72270,Maison,100.0,92000.0,920.0,2024-05-24
Le Mans,72181,72100,Maison,78.0,60000.0,769.23,2024-05-23
Sablé-sur-Sarthe,72264,72300,Maison,153.0,205000.0,1339.87,2024-05-31
Sablé-sur-Sarthe,72264,72300,Maison,153.0,205000.0,1339.87,2024-05-31
Solesmes,72336,72300,Maison,84.0,90000.0,1071.43,2024-05-16
Sablé-sur-Sarthe,72264,72300,Maison,51.0,100000.0,1960.78,2024-05-20
Le Mans,72181,72000,Appartement,51.0,100000.0,1960.78,2024-05-07
Le Mans,72181,72000,Appartement,29.0,70000.0,2413.79,2024-05-13
La Suze-sur-Sarthe,72346,72210,Maison,72.0,87000.0,1208.33,2024-05-16
Le Grand-Lucé,72143,72150,Maison,61.0,55555.0,910.74,2024-05-16
Le Mans,72181,72000,Appartement,23.0,54000.0,2347.83,2024-05-24
Le Mans,72181,72000,Appartement,32.0,67000.0,2093.75,2024-05-13
Neuville-sur-Sarthe,72217,72190,Maison,49.0,34000.0,693.88,2024-05-30
Neuville-sur-Sarthe,72217,72190,Maison,49.0,34000.0,693.88,2024-05-30
Conlie,72089,72240,Maison,140.0,210000.0,1500.0,2024-05-14
Saint-Gervais-en-Belin,72287,72220,Maison,97.0,179000.0,1845.36,2024-05-23
Luché-Pringé,72175,72800,Maison,77.0,122500.0,1590.91,2024-05-07
Luché-Pringé,72175,72800,Maison,77.0,122500.0,1590.91,2024-05-07
Connerré,72090,72160,Maison,87.0,145000.0,1666.67,2024-05-17
Terrehault,72352,72110,Maison,90.0,160000.0,1777.78,2024-05-30
Terrehault,72352,72110,Maison,90.0,160000.0,1777.78,2024-05-30
Le Mans,72181,72000,Maison,75.0,160000.0,2133.33,2024-05-13
Le Mans,72181,72000,Appartement,67.0,146000.0,2179.1,2024-05-27
Bonnétable,72039,72110,Maison,62.0,121500.0,1959.68,2024-05-27
Le Mans,72181,72000,Appartement,30.0,70000.0,2333.33,2024-05-30
Le Mans,72181,72000,Appartement,60.0,140000.0,2333.33,2024-05-22
Allonnes,72003,72700,Maison,45.0,97500.0,2166.67,2024-05-30
La Chapelle-aux-Choux,72060,72800,Maison,70.0,46000.0,657.14,2024-05-29
Moncé-en-Belin,72200,72230,Maison,61.0,92000.0,1508.2,2024-05-22
Le Mans,72181,72000,Appartement,118.0,100000.0,847.46,2024-05-24
Yvré-le-Pôlin,72385,72330,Maison,141.0,140000.0,992.91,2024-05-21
Le Mans,72181,72000,Appartement,76.0,105000.0,1381.58,2024-05-30
Allonnes,72003,72700,Appartement,80.0,68000.0,850.0,2024-05-27
Cérans-Foulletourte,72051,72330,Maison,60.0,180000.0,3000.0,2024-05-30
Cérans-Foulletourte,72051,72330,Maison,60.0,180000.0,3000.0,2024-05-30
Cérans-Foulletourte,72051,72330,Maison,82.0,180000.0,2195.12,2024-05-30
Cérans-Foulletourte,72051,72330,Maison,70.0,180000.0,2571.43,2024-05-30
La Chartre-sur-le-Loir,72068,72340,Maison,140.0,25000.0,178.57,2024-05-31
La Flèche,72154,72200,Maison,82.0,95000.0,1158.54,2024-05-22
Le Lude,72176,72800,Maison,66.0,93000.0,1409.09,2024-05-29
Le Mans,72181,72000,Maison,92.0,224980.0,2445.43,2024-06-04
Le Mans,72181,72000,Appartement,51.0,68000.0,1333.33,2024-05-27
Le Mans,72181,72000,Maison,90.0,120000.0,1333.33,2024-05-29
Montval-sur-Loir,72071,72500,Maison,227.0,317500.0,1398.68,2024-05-24
Marolles-les-Braults,72189,72260,Maison,53.0,41250.0,778.3,2024-05-27
Sainte-Jamme-sur-Sarthe,72289,72380,Maison,88.0,165000.0,1875.0,2024-05-30
La Chartre-sur-le-Loir,72068,72340,Maison,75.0,65000.0,866.67,2024-05-31
Le Mans,72181,72000,Maison,92.0,130000.0,1413.04,2024-05-23
Le Mans,72181,72000,Appartement,35.0,79320.0,2266.29,2024-05-30
Fillé,72133,72210,Maison,162.0,403000.0,2487.65,2024-05-29
Fillé,72133,72210,Maison,162.0,403000.0,2487.65,2024-05-29
Villeneuve-en-Perseigne,72137,72600,Maison,110.0,75000.0,681.82,2024-05-14
Villeneuve-en-Perseigne,72137,72600,Maison,110.0,75000.0,681.82,2024-05-14
Crosmières,72110,72200,Maison,103.0,140000.0,1359.22,2024-05-17
Saint-Ouen-en-Belin,72306,72220,Maison,109.0,171000.0,1568.81,2024-06-03
Saint-Ouen-en-Belin,72306,72220,Maison,109.0,171000.0,1568.81,2024-06-03
Saint-Ouen-en-Belin,72306,72220,Maison,109.0,171000.0,1568.81,2024-06-03
Le Mans,72181,72100,Maison,72.0,160000.0,2222.22,2024-06-03
Le Mans,72181,72000,Appartement,81.0,79152.0,977.19,2024-05-27
Le Mans,72181,72000,Appartement,82.0,180000.0,2195.12,2024-05-23
Champagné,72054,72470,Maison,68.0,105000.0,1544.12,2024-05-21
Brette-les-Pins,72047,72250,Maison,104.0,210000.0,2019.23,2024-05-15
Brette-les-Pins,72047,72250,Maison,104.0,210000.0,2019.23,2024-05-15
Cures,72111,72240,Maison,170.0,348000.0,2047.06,2024-05-31
Requeil,72252,72510,Maison,155.0,200000.0,1290.32,2024-05-30
Requeil,72252,72510,Maison,155.0,200000.0,1290.32,2024-05-30
Le Mans,72181,72000,Appartement,88.0,220000.0,2500.0,2024-05-13
Saint-Symphorien,72321,72240,Maison,88.0,93000.0,1056.82,2024-05-15
Saint-Symphorien,72321,72240,Maison,88.0,93000.0,1056.82,2024-05-15
Le Mans,72181,72000,Appartement,65.0,122550.0,1885.38,2024-06-03
Sillé-le-Philippe,72335,72460,Maison,77.0,78000.0,1012.99,2024-05-27
Le Mans,72181,72100,Appartement,67.0,87000.0,1298.51,2024-06-03
Ruaudin,72260,72230,Maison,114.0,270400.0,2371.93,2024-05-31
La Chartre-sur-le-Loir,72068,72340,Maison,84.0,173005.0,2059.58,2024-05-17
Le Mans,72181,72100,Maison,55.0,138000.0,2509.09,2024-05-31
Le Mans,72181,72000,Maison,98.0,145000.0,1479.59,2024-05-29
Le Lude,72176,72800,Maison,112.0,125000.0,1116.07,2024-06-03
Le Lude,72176,72800,Maison,112.0,125000.0,1116.07,2024-06-03
Le Mans,72181,72000,Appartement,55.0,97800.0,1778.18,2024-05-23
Le Mans,72181,72100,Maison,63.0,100000.0,1587.3,2024-05-31
Mont-Saint-Jean,72211,72140,Maison,80.0,85000.0,1062.5,2024-05-27
Le Mans,72181,72000,Appartement,56.0,111000.0,1982.14,2024-06-03
Brûlon,72050,72350,Maison,122.0,205200.0,1681.97,2024-05-31
Brûlon,72050,72350,Maison,122.0,205200.0,1681.97,2024-05-31
Beaumont-sur-Sarthe,72029,72170,Maison,112.0,190000.0,1696.43,2024-05-27
Arnage,72008,72230,Maison,77.0,136000.0,1766.23,2024-05-24
Neuvillalais,72216,72240,Maison,105.0,170000.0,1619.05,2024-05-23
Saint-Pavace,72310,72190,Maison,76.0,154000.0,2026.32,2024-05-22
Allonnes,72003,72700,Maison,119.0,180000.0,1512.61,2024-06-03
Le Mans,72181,72000,Appartement,122.0,284500.0,2331.97,2024-05-31
Beaumont-sur-Sarthe,72029,72170,Maison,96.0,50000.0,520.83,2024-05-27
Le Mans,72181,72000,Appartement,41.0,96566.0,2355.27,2024-05-28
Aubigné-Racan,72013,72800,Maison,40.0,57000.0,1425.0,2024-05-31
Bazouges Cré sur Loir,72025,72200,Maison,60.0,75000.0,1250.0,2024-05-14
Bazouges Cré sur Loir,72025,72200,Maison,50.0,75000.0,1500.0,2024-05-14
Le Mans,72181,72100,Maison,84.0,177000.0,2107.14,2024-05-24
Louplande,72169,72210,Maison,119.0,175000.0,1470.59,2024-05-30
Brette-les-Pins,72047,72250,Maison,81.0,90000.0,1111.11,2024-05-27
Allonnes,72003,72700,Appartement,71.0,95000.0,1338.03,2024-05-31
Allonnes,72003,72700,Appartement,90.0,95000.0,1055.56,2024-05-31
Guécélard,72146,72230,Maison,110.0,191900.0,1744.55,2024-05-30
Louplande,72169,72210,Maison,151.0,160000.0,1059.6,2024-05-31
Le Mans,72181,72000,Maison,92.0,190000.0,2065.22,2024-06-04
Yvré-l'Évêque,72386,72530,Maison,139.0,240000.0,1726.62,2024-05-29
Guécélard,72146,72230,Maison,71.0,145000.0,2042.25,2024-05-23
Guécélard,72146,72230,Maison,71.0,145000.0,2042.25,2024-05-23
Teloché,72350,72220,Maison,46.0,54000.0,1173.91,2024-05-30
Teloché,72350,72220,Maison,14.0,54000.0,3857.14,2024-05-30
Beaumont-sur-Sarthe,72029,72170,Maison,60.0,33000.0,550.0,2024-05-30
Le Mans,72181,72000,Maison,88.0,272000.0,3090.91,2024-05-23
Ruaudin,72260,72230,Maison,120.0,269000.0,2241.67,2024-05-31
Le Mans,72181,72100,Maison,38.0,105000.0,2763.16,2024-05-29
Saint-Mars-d'Outillé,72299,72220,Maison,193.0,100000.0,518.13,2024-05-23
Saint-Corneille,72275,72460,Maison,91.0,158000.0,1736.26,2024-05-31
Montfort-le-Gesnois,72241,72450,Maison,58.0,70500.0,1215.52,2024-05-27
Marolles-les-Braults,72189,72260,Maison,105.0,85000.0,809.52,2024-05-30
Marolles-les-Braults,72189,72260,Maison,105.0,85000.0,809.52,2024-05-30
Le Mans,72181,72100,Maison,65.0,220000.0,3384.62,2024-05-27
Poillé-sur-Vègre,72239,72350,Maison,129.0,214500.0,1662.79,2024-05-21
Fresnay-sur-Sarthe,72138,72130,Maison,47.0,130000.0,2765.96,2024-05-17
Fresnay-sur-Sarthe,72138,72130,Appartement,64.0,130000.0,2031.25,2024-05-17
Fresnay-sur-Sarthe,72138,72130,Appartement,70.0,130000.0,1857.14,2024-05-17
Saint-Pavace,72310,72190,Maison,150.0,410000.0,2733.33,2024-05-21
Saint-Pavace,72310,72190,Maison,150.0,410000.0,2733.33,2024-05-21
Sainte-Jamme-sur-Sarthe,72289,72380,Maison,61.0,138000.0,2262.3,2024-05-27
Vivoin,72380,72170,Maison,68.0,132900.0,1954.41,2024-06-04
Fresnay-sur-Sarthe,72138,72130,Maison,120.0,125000.0,1041.67,2024-05-24
Sablé-sur-Sarthe,72264,72300,Maison,171.0,240000.0,1403.51,2024-05-14
Sablé-sur-Sarthe,72264,72300,Maison,81.0,240000.0,2962.96,2024-05-14
Sablé-sur-Sarthe,72264,72300,Appartement,101.0,240000.0,2376.24,2024-05-14
Sablé-sur-Sarthe,72264,72300,Appartement,32.0,240000.0,7500.0,2024-05-14
Flée,72134,72500,Maison,204.0,205000.0,1004.9,2024-05-29
Flée,72134,72500,Maison,204.0,205000.0,1004.9,2024-05-29
Saint-Aubin-de-Locquenay,72266,72130,Maison,80.0,57250.0,715.62,2024-05-22
Le Mans,72181,72000,Appartement,63.0,134000.0,2126.98,2024-05-17
Gréez-sur-Roc,72144,72320,Maison,80.0,105000.0,1312.5,2024-06-04
Gréez-sur-Roc,72144,72320,Maison,80.0,105000.0,1312.5,2024-06-04
Courgains,72104,72260,Maison,114.0,127000.0,1114.04,2024-05-24
Courgains,72104,72260,Maison,114.0,127000.0,1114.04,2024-05-24
Le Mans,72181,72000,Appartement,49.0,90000.0,1836.73,2024-05-29
Valennes,72366,72320,Maison,123.0,45000.0,365.85,2024-05-31
Le Mans,72181,72100,Appartement,25.0,335000.0,13400.0,2024-05-27
Le Mans,72181,72100,Appartement,108.0,335000.0,3101.85,2024-05-27
Le Mans,72181,72100,Appartement,46.0,335000.0,7282.61,2024-05-27
Rahay,72250,72120,Maison,170.0,280000.0,1647.06,2024-05-30
Le Mans,72181,72000,Appartement,43.0,240000.0,5581.4,2024-05-27
Le Mans,72181,72000,Appartement,45.0,240000.0,5333.33,2024-05-27
Le Mans,72181,72000,Appartement,45.0,240000.0,5333.33,2024-05-27
Vibraye,72373,72320,Maison,89.0,75000.0,842.7,2024-05-31
Vibraye,72373,72320,Maison,89.0,75000.0,842.7,2024-05-31
Rouessé-Fontaine,72254,72610,Maison,140.0,57000.0,407.14,2024-05-30
La Flèche,72154,72200,Appartement,54.0,79000.0,1462.96,2024-06-04
Le Mans,72181,72000,Appartement,60.0,361888.0,6031.47,2024-05-29
Le Mans,72181,72000,Maison,108.0,361888.0,3350.81,2024-05-29
Neufchâtel-en-Saosnois,72215,72600,Maison,63.0,145000.0,2301.59,2024-06-01
Neufchâtel-en-Saosnois,72215,72600,Maison,63.0,145000.0,2301.59,2024-06-01
Neufchâtel-en-Saosnois,72215,72600,Maison,79.0,145000.0,1835.44,2024-06-01
Le Mans,72181,72000,Maison,80.0,160000.0,2000.0,2024-05-31
La Suze-sur-Sarthe,72346,72210,Appartement,39.0,180000.0,4615.38,2024-06-05
Ancinnes,72005,72610,Maison,97.0,95000.0,979.38,2024-05-29
Ancinnes,72005,72610,Maison,97.0,95000.0,979.38,2024-05-29
La Chapelle-du-Bois,72062,72400,Maison,63.0,65000.0,1031.75,2024-05-21
Le Mans,72181,72100,Maison,62.0,155000.0,2500.0,2024-05-27
Le Mans,72181,72100,Maison,168.0,255000.0,1517.86,2024-05-27
Le Mans,72181,72100,Maison,85.0,87500.0,1029.41,2024-05-21
Le Mans,72181,72100,Maison,85.0,87500.0,1029.41,2024-05-21
Le Mans,72181,72000,Appartement,90.0,228500.0,2538.89,2024-05-27
Le Mans,72181,72000,Maison,73.0,160000.0,2191.78,2024-05-29
Le Mans,72181,72100,Appartement,30.0,170000.0,5666.67,2024-06-05
Le Mans,72181,72100,Appartement,45.0,170000.0,3777.78,2024-06-05
Le Mans,72181,72100,Appartement,35.0,170000.0,4857.14,2024-06-05
Le Mans,72181,72000,Maison,84.0,307000.0,3654.76,2024-05-23
Le Lude,72176,72800,Maison,103.0,156000.0,1514.56,2024-06-05
Le Mans,72181,72000,Appartement,51.0,82700.0,1621.57,2024-05-31
Le Mans,72181,72000,Maison,75.0,150000.0,2000.0,2024-06-03
Montaillé,72204,72120,Maison,165.0,210000.0,1272.73,2024-05-22
Saint-Calais,72269,72120,Maison,60.0,48000.0,800.0,2024-05-21
Mulsanne,72213,72230,Maison,144.0,280000.0,1944.44,2024-04-30
Mulsanne,72213,72230,Maison,144.0,280000.0,1944.44,2024-04-30
Le Mans,72181,72000,Maison,47.0,130127.0,2768.66,2024-05-21
Luché-Pringé,72175,72800,Maison,79.0,104000.0,1316.46,2024-05-07
Luché-Pringé,72175,72800,Maison,79.0,104000.0,1316.46,2024-05-07
Le Mans,72181,72000,Appartement,66.0,108000.0,1636.36,2024-05-31
Le Mans,72181,72100,Maison,105.0,175000.0,1666.67,2024-05-30
Le Mans,72181,72100,Appartement,92.0,115000.0,1250.0,2024-05-30
La Ferté-Bernard,72132,72400,Maison,155.0,200000.0,1290.32,2024-06-06
Saosnes,72326,72600,Maison,54.0,65500.0,1212.96,2024-05-27
Saosnes,72326,72600,Maison,54.0,65500.0,1212.96,2024-05-27
Saosnes,72326,72600,Maison,54.0,65500.0,1212.96,2024-05-27
Saosnes,72326,72600,Maison,54.0,65500.0,1212.96,2024-05-27
Le Mans,72181,72000,Appartement,132.0,265000.0,2007.58,2024-06-05
Le Mans,72181,72100,Appartement,57.0,114000.0,2000.0,2024-05-31
Le Mans,72181,72000,Appartement,66.0,70000.0,1060.61,2024-05-31
Marçon,72183,72340,Maison,77.0,30000.0,389.61,2024-06-06
Saint-Calais,72269,72120,Maison,42.0,55000.0,1309.52,2024-05-31
Malicorne-sur-Sarthe,72179,72270,Maison,90.0,110000.0,1222.22,2024-05-13
Malicorne-sur-Sarthe,72179,72270,Maison,90.0,110000.0,1222.22,2024-05-13
Le Mans,72181,72000,Maison,136.0,233200.0,1714.71,2024-05-29
Le Mans,72181,72100,Maison,53.0,192000.0,3622.64,2024-05-21
Brette-les-Pins,72047,72250,Maison,168.0,260000.0,1547.62,2024-06-04
Brette-les-Pins,72047,72250,Maison,168.0,260000.0,1547.62,2024-06-04
Brette-les-Pins,72047,72250,Maison,168.0,260000.0,1547.62,2024-06-04
Le Breil-sur-Mérize,72046,72370,Maison,61.0,105000.0,1721.31,2024-06-04
Arnage,72008,72230,Maison,114.0,150000.0,1315.79,2024-05-29
Le Mans,72181,72100,Maison,85.0,153000.0,1800.0,2024-05-30
Mulsanne,72213,72230,Maison,112.0,257000.0,2294.64,2024-05-29
Arnage,72008,72230,Maison,75.0,130000.0,1733.33,2024-06-06
Beaumont-sur-Sarthe,72029,72170,Maison,84.0,90000.0,1071.43,2024-06-07
Le Mans,72181,72000,Appartement,54.0,125000.0,2314.81,2024-05-24
Courgenard,72105,72320,Maison,47.0,59000.0,1255.32,2024-06-05
Courgenard,72105,72320,Maison,47.0,59000.0,1255.32,2024-06-05
Marçon,72183,72340,Maison,118.0,270000.0,2288.14,2024-06-10
Marçon,72183,72340,Maison,118.0,270000.0,2288.14,2024-06-10
Thorigné-sur-Dué,72358,72160,Maison,141.0,118000.0,836.88,2024-05-25
Montfort-le-Gesnois,72241,72450,Maison,66.0,120000.0,1818.18,2024-06-05
Mont-Saint-Jean,72211,72140,Maison,55.0,35000.0,636.36,2024-05-30
Marolles-les-Braults,72189,72260,Maison,86.0,160000.0,1860.47,2024-05-31
Sainte-Jamme-sur-Sarthe,72289,72380,Maison,102.0,195000.0,1911.76,2024-05-29
Spay,72344,72700,Maison,94.0,260000.0,2765.96,2024-06-06
Sainte-Jamme-sur-Sarthe,72289,72380,Maison,87.0,127000.0,1459.77,2024-05-30
Rouez,72256,72140,Maison,94.0,50000.0,531.91,2024-05-30
Le Mans,72181,72000,Maison,55.0,185000.0,3363.64,2024-06-06
Le Mans,72181,72000,Maison,80.0,178000.0,2225.0,2024-06-05
Le Mans,72181,72000,Appartement,30.0,40000.0,1333.33,2024-05-30
Aillières-Beauvoir,72002,72600,Maison,94.0,126600.0,1346.81,2024-05-24
Aillières-Beauvoir,72002,72600,Maison,94.0,126600.0,1346.81,2024-05-24
Le Mans,72181,72000,Appartement,62.0,115000.0,1854.84,2024-06-05
La Ferté-Bernard,72132,72400,Maison,19.0,260000.0,13684.21,2024-06-03
Marçon,72183,72340,Maison,118.0,90000.0,762.71,2024-06-06
Marçon,72183,72340,Maison,118.0,90000.0,762.71,2024-06-06
Nuillé-le-Jalais,72224,72370,Maison,91.0,127200.0,1397.8,2024-05-30
Le Mans,72181,72000,Maison,80.0,192000.0,2400.0,2024-06-07
Beaumont-sur-Dême,72027,72340,Maison,93.0,150000.0,1612.9,2024-06-07
Beaumont-sur-Dême,72027,72340,Maison,93.0,150000.0,1612.9,2024-06-07
Crosmières,72110,72200,Maison,86.0,154000.0,1790.7,2024-06-01
Le Mans,72181,72100,Maison,76.0,149000.0,1960.53,2024-05-30
Le Mans,72181,72000,Maison,109.0,280000.0,2568.81,2024-05-30
Yvré-l'Évêque,72386,72530,Maison,168.0,430000.0,2559.52,2024-05-31
Yvré-l'Évêque,72386,72530,Maison,168.0,430000.0,2559.52,2024-05-31
Sainte-Jamme-sur-Sarthe,72289,72380,Maison,54.0,99000.0,1833.33,2024-06-04
Le Mans,72181,72000,Maison,95.0,164900.0,1735.79,2024-05-23
Le Mans,72181,72000,Maison,126.0,335000.0,2658.73,2024-05-27
Connerré,72090,72160,Maison,66.0,186800.0,2830.3,2024-06-04
Meurcé,72194,72170,Maison,98.0,179500.0,1831.63,2024-06-07
Meurcé,72194,72170,Maison,98.0,179500.0,1831.63,2024-06-07
Dollon,72118,72390,Maison,50.0,70000.0,1400.0,2024-06-04
Étival-lès-le-Mans,72127,72700,Maison,73.0,100000.0,1369.86,2024-05-27
Souligné-Flacé,72339,72210,Maison,85.0,77000.0,905.88,2024-05-27
Souligné-Flacé,72339,72210,Maison,85.0,77000.0,905.88,2024-05-27
Le Mans,72181,72000,Appartement,46.0,108000.0,2347.83,2024-06-07
Le Mans,72181,72100,Maison,37.0,105250.0,2844.59,2024-06-10
Montval-sur-Loir,72071,72500,Maison,100.0,25000.0,250.0,2024-05-31
Le Mans,72181,72000,Appartement,30.0,235000.0,7833.33,2024-06-10
Le Mans,72181,72000,Appartement,30.0,235000.0,7833.33,2024-06-10
Le Mans,72181,72000,Appartement,30.0,235000.0,7833.33,2024-06-10
Le Mans,72181,72000,Appartement,25.0,235000.0,9400.0,2024-06-10
Connerré,72090,72160,Maison,87.0,125000.0,1436.78,2024-05-30
Bernay-Neuvy-en-Champagne,72219,72240,Maison,130.0,120000.0,923.08,2024-05-24
Loué,72168,72540,Maison,89.0,75000.0,842.7,2024-04-30
Loué,72168,72540,Maison,89.0,75000.0,842.7,2024-04-30
Coulans-sur-Gée,72096,72550,Maison,126.0,219900.0,1745.24,2024-05-23
Coulaines,72095,72190,Maison,108.0,155000.0,1435.19,2024-06-07
Le Mans,72181,72000,Maison,70.0,139000.0,1985.71,2024-05-27
Saint-Georges-du-Bois,72280,72700,Maison,83.0,219000.0,2638.55,2024-06-06
Le Mans,72181,72000,Maison,133.0,270000.0,2030.08,2024-06-07
Le Mans,72181,72000,Appartement,15.0,35200.0,2346.67,2024-06-06
Beaumont-sur-Sarthe,72029,72170,Maison,100.0,153400.0,1534.0,2024-06-10
Courgains,72104,72260,Maison,96.0,87000.0,906.25,2024-06-05
Le Mans,72181,72000,Appartement,30.0,510000.0,17000.0,2024-05-22
Le Mans,72181,72000,Appartement,40.0,510000.0,12750.0,2024-05-22
Le Mans,72181,72000,Appartement,26.0,510000.0,19615.38,2024-05-22
Le Mans,72181,72000,Appartement,47.0,510000.0,10851.06,2024-05-22
Le Mans,72181,72000,Appartement,45.0,510000.0,11333.33,2024-05-22
Roézé-sur-Sarthe,72253,72210,Maison,76.0,100000.0,1315.79,2024-06-03
Roézé-sur-Sarthe,72253,72210,Maison,72.0,100000.0,1388.89,2024-06-03
Roézé-sur-Sarthe,72253,72210,Maison,72.0,100000.0,1388.89,2024-06-03
Le Mans,72181,72000,Appartement,16.0,10000.0,625.0,2024-05-27
Le Mans,72181,72000,Appartement,16.0,10000.0,625.0,2024-05-27
Le Mans,72181,72000,Appartement,16.0,10000.0,625.0,2024-05-27
Le Mans,72181,72000,Appartement,16.0,10000.0,625.0,2024-05-27
Le Mans,72181,72000,Appartement,15.0,10000.0,666.67,2024-05-27
Le Mans,72181,72000,Appartement,40.0,10000.0,250.0,2024-05-27
Le Mans,72181,72000,Appartement,16.0,10000.0,625.0,2024-05-27
Le Mans,72181,72000,Appartement,16.0,10000.0,625.0,2024-05-27
Le Mans,72181,72000,Appartement,16.0,10000.0,625.0,2024-05-27
Le Mans,72181,72000,Appartement,16.0,10000.0,625.0,2024-05-27
Le Mans,72181,72000,Appartement,16.0,10000.0,625.0,2024-05-27
Le Mans,72181,72000,Appartement,16.0,10000.0,625.0,2024-05-27
Le Mans,72181,72000,Appartement,26.0,10000.0,384.62,2024-05-27
Le Mans,72181,72000,Appartement,20.0,10000.0,500.0,2024-05-27
Bessé-sur-Braye,72035,72310,Maison,98.0,90000.0,918.37,2024-06-10
Domfront-en-Champagne,72119,72240,Maison,34.0,35000.0,1029.41,2024-06-05
Sainte-Jamme-sur-Sarthe,72289,72380,Maison,65.0,86000.0,1323.08,2024-06-10
Le Mans,72181,72000,Maison,82.0,165000.0,2012.2,2024-06-04
Le Mans,72181,72100,Appartement,78.0,101900.0,1306.41,2024-06-11
Le Mans,72181,72100,Maison,105.0,180000.0,1714.29,2024-06-07
Le Mans,72181,72100,Maison,80.0,165000.0,2062.5,2024-06-07
Le Mans,72181,72000,Appartement,91.0,250000.0,2747.25,2024-06-10
Le Mans,72181,72100,Maison,46.0,46000.0,1000.0,2024-06-07
Le Mans,72181,72000,Appartement,54.0,86000.0,1592.59,2024-06-10
Le Mans,72181,72000,Maison,46.0,98000.0,2130.43,2024-06-05
Le Mans,72181,72000,Maison,75.0,218000.0,2906.67,2024-06-10
Le Mans,72181,72000,Maison,29.0,103000.0,3551.72,2024-06-12
Montval-sur-Loir,72071,72500,Maison,118.0,222000.0,1881.36,2024-06-11
Le Mans,72181,72000,Maison,110.0,155000.0,1409.09,2024-05-30
Fresnay-sur-Sarthe,72138,72130,Maison,64.0,60000.0,937.5,2024-06-05
Saint-Léonard-des-Bois,72294,72130,Maison,130.0,135000.0,1038.46,2024-05-24
Saint-Léonard-des-Bois,72294,72130,Maison,130.0,135000.0,1038.46,2024-05-24
Mamers,72180,72600,Maison,77.0,145000.0,1883.12,2024-06-07
Saint-Paul-le-Gaultier,72309,72130,Maison,84.0,110000.0,1309.52,2024-06-04
Saint-Paul-le-Gaultier,72309,72130,Maison,84.0,110000.0,1309.52,2024-06-04
Le Mans,72181,72000,Appartement,45.0,104500.0,2322.22,2024-06-07
Écommoy,72124,72220,Maison,68.0,64500.0,948.53,2024-06-10
La Flèche,72154,72200,Maison,74.0,138250.0,1868.24,2024-06-07
La Ferté-Bernard,72132,72400,Maison,72.0,182500.0,2534.72,2024-05-24
Beaumont-sur-Sarthe,72029,72170,Maison,55.0,54000.0,981.82,2024-05-31
Avoise,72021,72430,Maison,140.0,290000.0,2071.43,2024-05-13
Le Mans,72181,72000,Maison,63.0,145000.0,2301.59,2024-05-31
Noyen-sur-Sarthe,72223,72430,Maison,54.0,62000.0,1148.15,2024-06-05
Saint-Symphorien,72321,72240,Maison,136.0,86000.0,632.35,2024-06-01
Saint-Aubin-de-Locquenay,72266,72130,Maison,90.0,140000.0,1555.56,2024-05-31
Fresnay-sur-Sarthe,72138,72130,Maison,58.0,47000.0,810.34,2024-05-29
Valennes,72366,72320,Maison,131.0,113000.0,862.6,2024-05-16
Vibraye,72373,72320,Maison,31.0,40000.0,1290.32,2024-06-04
Courdemanche,72103,72150,Maison,148.0,250000.0,1689.19,2024-05-30
Arçonnay,72006,72610,Maison,81.0,170000.0,2098.77,2024-06-06
Préval,72245,72400,Maison,81.0,147000.0,1814.81,2024-05-31
Trangé,72360,72650,Maison,123.0,248000.0,2016.26,2024-05-30
Courgenard,72105,72320,Maison,30.0,33000.0,1100.0,2024-05-24
Le Mans,72181,72000,Appartement,45.0,75000.0,1666.67,2024-06-07
Mézières-sous-Lavardin,72197,72240,Maison,55.0,50000.0,909.09,2024-06-07
Saint-Maixent,72296,72320,Maison,60.0,70000.0,1166.67,2024-06-11
Le Mans,72181,72000,Appartement,56.0,95000.0,1696.43,2024-06-10
Le Mans,72181,72000,Appartement,48.0,49000.0,1020.83,2024-05-27
Allonnes,72003,72700,Appartement,80.0,63500.0,793.75,2024-05-31
Loué,72168,72540,Maison,56.0,55000.0,982.14,2024-05-03
Le Mans,72181,72100,Appartement,65.0,70000.0,1076.92,2024-05-30
La Flèche,72154,72200,Maison,91.0,192000.0,2109.89,2024-05-31
Clermont-Créans,72084,72200,Maison,58.0,78000.0,1344.83,2024-05-17
Le Mans,72181,72000,Appartement,89.0,280000.0,3146.07,2024-06-03
La Flèche,72154,72200,Maison,90.0,135000.0,1500.0,2024-05-31
La Flèche,72154,72200,Maison,172.0,280000.0,1627.91,2024-05-27
Le Mans,72181,72000,Maison,58.0,108000.0,1862.07,2024-06-07
Le Mans,72181,72100,Maison,59.0,87200.0,1477.97,2024-05-23
Le Mans,72181,72100,Maison,59.0,87200.0,1477.97,2024-05-23
Le Mans,72181,72100,Maison,59.0,87200.0,1477.97,2024-05-23
Le Mans,72181,72100,Maison,59.0,87200.0,1477.97,2024-05-23
Saint-Rémy-de-Sillé,72315,72140,Maison,55.0,30000.0,545.45,2024-06-13
Sablé-sur-Sarthe,72264,72300,Maison,79.0,90000.0,1139.24,2024-06-07
Le Mans,72181,72100,Maison,73.0,145000.0,1986.3,2024-06-10
Le Mans,72181,72000,Maison,80.0,110000.0,1375.0,2024-05-31
Chantenay-Villedieu,72059,72430,Maison,70.0,118000.0,1685.71,2024-06-10
Chantenay-Villedieu,72059,72430,Maison,70.0,118000.0,1685.71,2024-06-10
Chantenay-Villedieu,72059,72430,Maison,70.0,118000.0,1685.71,2024-06-10
Loir en Vallée,72262,72340,Maison,80.0,100000.0,1250.0,2024-06-06
Le Mans,72181,72100,Appartement,36.0,33500.0,930.56,2024-03-12
Le Mans,72181,72000,Appartement,70.0,115000.0,1642.86,2024-06-04
Le Mans,72181,72000,Appartement,68.0,170000.0,2500.0,2024-05-24
Savigné-l'Évêque,72329,72460,Maison,80.0,168000.0,2100.0,2024-05-24
Montval-sur-Loir,72071,72500,Maison,90.0,85000.0,944.44,2024-06-08
Chahaignes,72052,72340,Maison,73.0,85400.0,1169.86,2024-06-11
Précigné,72244,72300,Maison,76.0,122000.0,1605.26,2024-05-23
Sablé-sur-Sarthe,72264,72300,Appartement,50.0,33000.0,660.0,2024-05-31
Sablé-sur-Sarthe,72264,72300,Appartement,27.0,33000.0,1222.22,2024-05-31
Sablé-sur-Sarthe,72264,72300,Maison,81.0,147000.0,1814.81,2024-05-29
Sillé-le-Guillaume,72334,72140,Maison,81.0,30000.0,370.37,2024-06-11
Le Mans,72181,72000,Maison,162.0,355000.0,2191.36,2024-05-23
Neuvillalais,72216,72240,Maison,80.0,130000.0,1625.0,2024-06-12
Le Mans,72181,72100,Appartement,65.0,107000.0,1646.15,2024-06-03
Conlie,72089,72240,Maison,117.0,143000.0,1222.22,2024-06-03
Changé,72058,72560,Maison,86.0,148000.0,1720.93,2024-06-12
Souvigné-sur-Sarthe,72343,72300,Maison,140.0,50000.0,357.14,2024-06-06
Précigné,72244,72300,Maison,58.0,52000.0,896.55,2024-05-21
Précigné,72244,72300,Maison,35.0,52000.0,1485.71,2024-05-21
Le Mans,72181,72000,Maison,84.0,169742.0,2020.74,2024-05-27
Le Breil-sur-Mérize,72046,72370,Maison,100.0,60000.0,600.0,2024-06-12
Sablé-sur-Sarthe,72264,72300,Maison,90.0,82000.0,911.11,2024-06-10
Louplande,72169,72210,Maison,94.0,270000.0,2872.34,2024-05-29
Louplande,72169,72210,Maison,94.0,270000.0,2872.34,2024-05-29
Thorée-les-Pins,72357,72800,Maison,126.0,190000.0,1507.94,2024-06-14
Loir en Vallée,72262,72340,Maison,115.0,63000.0,547.83,2024-06-13
René,72251,72260,Maison,54.0,40000.0,740.74,2024-06-10
René,72251,72260,Maison,54.0,40000.0,740.74,2024-06-10
Le Mans,72181,72000,Appartement,94.0,245000.0,2606.38,2024-06-13
Le Mans,72181,72000,Appartement,14.0,400000.0,28571.43,2024-06-11
Le Mans,72181,72000,Appartement,14.0,400000.0,28571.43,2024-06-11
Le Mans,72181,72000,Maison,146.0,400000.0,2739.73,2024-06-11
Saint-Aubin-de-Locquenay,72266,72130,Maison,61.0,37600.0,616.39,2024-05-24
Le Mans,72181,72000,Appartement,43.0,86000.0,2000.0,2024-06-04
Juigné-sur-Sarthe,72151,72300,Maison,70.0,500000.0,7142.86,2024-06-05
Sablé-sur-Sarthe,72264,72300,Maison,76.0,500000.0,6578.95,2024-06-05
Sablé-sur-Sarthe,72264,72300,Maison,66.0,500000.0,7575.76,2024-06-05
Solesmes,72336,72300,Maison,66.0,500000.0,7575.76,2024-06-05
Solesmes,72336,72300,Maison,72.0,500000.0,6944.44,2024-06-05
Le Mans,72181,72000,Maison,45.0,120000.0,2666.67,2024-06-07
Le Mans,72181,72000,Appartement,30.0,63000.0,2100.0,2024-06-07
Cormes,72093,72400,Maison,150.0,530000.0,3533.33,2024-06-08
Cormes,72093,72400,Maison,150.0,530000.0,3533.33,2024-06-08
Avoise,72021,72430,Maison,80.0,87000.0,1087.5,2024-06-12
La Chapelle-Saint-Aubin,72065,72650,Maison,106.0,294000.0,2773.58,2024-05-29
Le Mans,72181,72000,Appartement,45.0,83000.0,1844.44,2024-05-30
Sablé-sur-Sarthe,72264,72300,Maison,121.0,90000.0,743.8,2024-06-11
Fatines,72129,72470,Maison,109.0,254580.0,2335.6,2024-06-18
Joué-l'Abbé,72150,72380,Maison,90.0,100000.0,1111.11,2024-05-24
Joué-l'Abbé,72150,72380,Maison,90.0,100000.0,1111.11,2024-05-24
Le Mans,72181,72000,Appartement,81.0,136500.0,1685.19,2024-06-12
Le Mans,72181,72000,Appartement,41.0,146000.0,3560.98,2024-05-29
Mulsanne,72213,72230,Maison,100.0,270000.0,2700.0,2024-05-23
Mulsanne,72213,72230,Maison,100.0,270000.0,2700.0,2024-05-23
Le Mans,72181,72000,Appartement,48.0,80000.0,1666.67,2024-06-11
Villeneuve-en-Perseigne,72137,72600,Maison,75.0,127000.0,1693.33,2024-05-29
La Flèche,72154,72200,Maison,140.0,360000.0,2571.43,2024-06-11
Villeneuve-en-Perseigne,72137,72600,Maison,89.0,141000.0,1584.27,2024-05-22
Villeneuve-en-Perseigne,72137,72600,Maison,89.0,141000.0,1584.27,2024-05-22
Théligny,72353,72320,Maison,38.0,54000.0,1421.05,2024-05-24
Montreuil-le-Henri,72210,72150,Maison,147.0,100000.0,680.27,2024-06-14
Le Mans,72181,72000,Appartement,104.0,115000.0,1105.77,2024-06-13
Aubigné-Racan,72013,72800,Maison,98.0,139900.0,1427.55,2024-06-14
Le Mans,72181,72000,Appartement,57.0,147000.0,2578.95,2024-06-11
Le Mans,72181,72000,Appartement,42.0,94000.0,2238.1,2024-05-24
Mayet,72191,72360,Maison,78.0,140000.0,1794.87,2024-06-11
Mayet,72191,72360,Maison,78.0,140000.0,1794.87,2024-06-11
Saint-Pavace,72310,72190,Maison,78.0,198000.0,2538.46,2024-06-12
Saint-Pavace,72310,72190,Maison,78.0,198000.0,2538.46,2024-06-12
La Ferté-Bernard,72132,72400,Maison,100.0,110000.0,1100.0,2024-05-29
Sougé-le-Ganelon,72337,72130,Maison,57.0,64000.0,1122.81,2024-06-14
Le Mans,72181,72100,Maison,202.0,430000.0,2128.71,2024-06-17
Le Mans,72181,72100,Maison,202.0,430000.0,2128.71,2024-06-17
Sainte-Cérotte,72272,72120,Maison,80.0,86000.0,1075.0,2024-06-11
Bernay-Neuvy-en-Champagne,72219,72240,Maison,82.0,100000.0,1219.51,2024-06-07
Saint-Calais,72269,72120,Maison,67.0,10000.0,149.25,2024-06-13
Le Mans,72181,72100,Appartement,80.0,90000.0,1125.0,2024-06-12
Coulans-sur-Gée,72096,72550,Maison,92.0,197000.0,2141.3,2024-06-04
Le Mans,72181,72000,Appartement,66.0,171500.0,2598.48,2024-06-07
Le Mans,72181,72000,Appartement,36.0,86000.0,2388.89,2024-06-12
Le Mans,72181,72000,Appartement,32.0,86000.0,2687.5,2024-06-12
Le Mans,72181,72100,Maison,87.0,151000.0,1735.63,2024-06-14
Bonnétable,72039,72110,Maison,43.0,50000.0,1162.79,2024-06-13
Le Mans,72181,72000,Appartement,62.0,124000.0,2000.0,2024-06-17
Arçonnay,72006,72610,Maison,59.0,22500.0,381.36,2024-06-11
La Bazoge,72024,72650,Maison,105.0,180000.0,1714.29,2024-06-11
La Bazoge,72024,72650,Maison,105.0,180000.0,1714.29,2024-06-11
Montfort-le-Gesnois,72241,72450,Maison,96.0,180000.0,1875.0,2024-06-17
Le Mans,72181,72100,Appartement,71.0,140000.0,1971.83,2024-06-12
La Ferté-Bernard,72132,72400,Appartement,47.0,100000.0,2127.66,2024-06-14
Arnage,72008,72230,Maison,102.0,127000.0,1245.1,2024-06-14
Arnage,72008,72230,Maison,102.0,127000.0,1245.1,2024-06-14
Arçonnay,72006,72610,Maison,70.0,94000.0,1342.86,2024-06-11
Gesnes-le-Gandelin,72141,72130,Maison,128.0,177000.0,1382.81,2024-06-13
Gesnes-le-Gandelin,72141,72130,Maison,128.0,177000.0,1382.81,2024-06-13
La Chapelle-du-Bois,72062,72400,Maison,89.0,130000.0,1460.67,2024-06-13
Villaines-la-Gonais,72375,72400,Maison,69.0,108000.0,1565.22,2024-06-13
Villaines-la-Gonais,72375,72400,Maison,69.0,108000.0,1565.22,2024-06-13
Villaines-la-Gonais,72375,72400,Maison,69.0,108000.0,1565.22,2024-06-13
Verneil-le-Chétif,72369,72360,Maison,105.0,50000.0,476.19,2024-06-14
Verneil-le-Chétif,72369,72360,Maison,105.0,50000.0,476.19,2024-06-14
Volnay,72382,72440,Maison,78.0,42000.0,538.46,2024-06-14
Le Mans,72181,72000,Appartement,28.0,58000.0,2071.43,2024-06-10
Bessé-sur-Braye,72035,72310,Maison,83.0,124000.0,1493.98,2024-06-06
Le Mans,72181,72100,Maison,40.0,92000.0,2300.0,2024-06-07
Tresson,72361,72440,Maison,115.0,143000.0,1243.48,2024-06-13
Saint-Cosme-en-Vairais,72276,72110,Maison,130.0,220000.0,1692.31,2024-05-30
Le Mans,72181,72100,Appartement,72.0,98000.0,1361.11,2024-06-07
Arnage,72008,72230,Maison,54.0,103180.0,1910.74,2024-06-06
La Fontaine-Saint-Martin,72135,72330,Maison,71.0,82000.0,1154.93,2024-06-03
Requeil,72252,72510,Maison,95.0,103000.0,1084.21,2024-06-14
Montval-sur-Loir,72071,72500,Maison,132.0,155000.0,1174.24,2024-06-07
Le Mans,72181,72100,Appartement,97.0,88500.0,912.37,2024-06-06
Saint-Longis,72295,72600,Maison,196.0,283000.0,1443.88,2024-06-14
Saint-Longis,72295,72600,Maison,196.0,283000.0,1443.88,2024-06-14
Le Mans,72181,72100,Appartement,56.0,67500.0,1205.36,2024-06-11
Le Mans,72181,72100,Appartement,65.0,80000.0,1230.77,2024-06-18
Yvré-l'Évêque,72386,72530,Maison,112.0,160000.0,1428.57,2024-06-17
Teloché,72350,72220,Maison,133.0,280000.0,2105.26,2024-06-17
Teloché,72350,72220,Maison,133.0,280000.0,2105.26,2024-06-17
Allonnes,72003,72700,Appartement,70.0,117000.0,1671.43,2024-06-19
Fyé,72139,72610,Maison,80.0,50000.0,625.0,2024-06-14
Tuffé Val de la Chéronne,72363,72160,Maison,99.0,125000.0,1262.63,2024-06-18
Le Mans,72181,72100,Appartement,54.0,70000.0,1296.3,2024-05-22
Sablé-sur-Sarthe,72264,72300,Maison,100.0,85000.0,850.0,2024-06-14
Le Mans,72181,72000,Maison,70.0,157000.0,2242.86,2024-05-29
Le Mans,72181,72000,Appartement,62.0,86000.0,1387.1,2024-06-05
Allonnes,72003,72700,Maison,71.0,200000.0,2816.9,2024-05-31
Changé,72058,72560,Maison,97.0,140000.0,1443.3,2024-06-06
Le Mans,72181,72000,Appartement,72.0,115000.0,1597.22,2024-06-03
Le Mans,72181,72000,Appartement,67.0,121500.0,1813.43,2024-05-31
Le Mans,72181,72100,Maison,71.0,135000.0,1901.41,2024-05-31
Laigné-en-Belin,72155,72220,Maison,180.0,253000.0,1405.56,2024-05-22
Laigné-en-Belin,72155,72220,Maison,180.0,253000.0,1405.56,2024-05-22
Laigné-en-Belin,72155,72220,Maison,180.0,253000.0,1405.56,2024-05-22
La Fontaine-Saint-Martin,72135,72330,Maison,85.0,40000.0,470.59,2024-05-31
Oizé,72226,72330,Maison,80.0,75000.0,937.5,2024-06-04
Le Mans,72181,72000,Appartement,76.0,146000.0,1921.05,2024-05-24
Cérans-Foulletourte,72051,72330,Maison,97.0,175000.0,1804.12,2024-06-04
Requeil,72252,72510,Maison,20.0,21000.0,1050.0,2024-06-18
Le Mans,72181,72000,Appartement,46.0,79160.0,1720.87,2024-06-11
Mansigné,72182,72510,Maison,48.0,75000.0,1562.5,2024-06-03
Le Mans,72181,72100,Maison,56.0,110000.0,1964.29,2024-05-31
Allonnes,72003,72700,Maison,81.0,148000.0,1827.16,2024-06-14
Oizé,72226,72330,Maison,190.0,120000.0,631.58,2024-06-06
Roézé-sur-Sarthe,72253,72210,Maison,107.0,290000.0,2710.28,2024-06-11
Loué,72168,72540,Maison,86.0,110000.0,1279.07,2024-06-07
Saosnes,72326,72600,Maison,92.0,85000.0,923.91,2024-05-29
Saosnes,72326,72600,Maison,92.0,85000.0,923.91,2024-05-29
Yvré-l'Évêque,72386,72530,Maison,73.0,140400.0,1923.29,2024-05-30
La Quinte,72249,72550,Maison,74.0,224500.0,3033.78,2024-06-18
Vibraye,72373,72320,Maison,88.0,117000.0,1329.55,2024-06-06
Sablé-sur-Sarthe,72264,72300,Maison,197.0,245527.0,1246.33,2024-04-30
Noyen-sur-Sarthe,72223,72430,Maison,50.0,27000.0,540.0,2024-05-30
Le Mans,72181,72000,Maison,91.0,225000.0,2472.53,2024-06-04
Loir en Vallée,72262,72310,Maison,43.0,39000.0,906.98,2024-05-23
Bouloire,72042,72440,Maison,160.0,185000.0,1156.25,2024-06-17
Volnay,72382,72440,Maison,110.0,164000.0,1490.91,2024-06-19
Le Mans,72181,72000,Appartement,29.0,60000.0,2068.97,2024-06-13
Le Mans,72181,72000,Maison,64.0,147665.77,2307.28,2024-06-18
Vibraye,72373,72320,Maison,82.0,110000.0,1341.46,2024-06-13
Saint-Cosme-en-Vairais,72276,72110,Maison,63.0,110000.0,1746.03,2024-06-18
Le Mans,72181,72000,Maison,64.0,34334.24,536.47,2024-06-18
Le Mans,72181,72000,Maison,75.0,90000.0,1200.0,2024-06-11
Arnage,72008,72230,Maison,73.0,180000.0,2465.75,2024-06-19
Marolles-lès-Saint-Calais,72190,72120,Maison,135.0,225000.0,1666.67,2024-06-14
Le Mans,72181,72000,Appartement,34.0,85000.0,2500.0,2024-06-11
Lhomme,72161,72340,Maison,133.0,130000.0,977.44,2024-06-19
Cherré-Au,72080,72400,Maison,82.0,145000.0,1768.29,2024-05-30
Duneau,72122,72160,Maison,110.0,169000.0,1536.36,2024-06-07
Duneau,72122,72160,Maison,110.0,169000.0,1536.36,2024-06-07
Duneau,72122,72160,Maison,110.0,169000.0,1536.36,2024-06-07
Soulitré,72341,72370,Maison,91.0,120000.0,1318.68,2024-06-10
Connerré,72090,72160,Maison,84.0,140000.0,1666.67,2024-06-10
Cormes,72093,72400,Maison,220.0,138000.0,627.27,2024-05-24
Cormes,72093,72400,Maison,220.0,138000.0,627.27,2024-05-24
Saint-Calais,72269,72120,Maison,61.0,70000.0,1147.54,2024-06-17
Bessé-sur-Braye,72035,72310,Maison,63.0,69000.0,1095.24,2024-06-18
La Ferté-Bernard,72132,72400,Maison,60.0,30000.0,500.0,2024-06-14
Cherré-Au,72080,72400,Maison,69.0,102000.0,1478.26,2024-06-17
Le Mans,72181,72000,Appartement,43.0,73000.0,1697.67,2024-06-10
Le Mans,72181,72000,Maison,74.0,141300.0,1909.46,2024-06-11
Brains-sur-Gée,72045,72550,Maison,107.0,149000.0,1392.52,2024-06-12
Le Mans,72181,72100,Appartement,61.0,87000.0,1426.23,2024-06-17
Le Mans,72181,72000,Appartement,73.0,100000.0,1369.86,2024-06-11
Le Mans,72181,72000,Appartement,68.0,115000.0,1691.18,2024-06-14
Le Mans,72181,72100,Maison,195.0,610000.0,3128.21,2024-06-11
Courdemanche,72103,72150,Maison,86.0,60000.0,697.67,2024-06-19
Courdemanche,72103,72150,Maison,86.0,60000.0,697.67,2024-06-19
Courdemanche,72103,72150,Maison,86.0,60000.0,697.67,2024-06-19
Précigné,72244,72300,Maison,88.0,115000.0,1306.82,2024-06-01
Le Mans,72181,72000,Appartement,87.0,316000.0,3632.18,2024-05-24
Mamers,72180,72600,Maison,92.0,83000.0,902.17,2024-06-07
Saint-Rémy-du-Val,72317,72600,Maison,56.0,106000.0,1892.86,2024-06-05
Mamers,72180,72600,Appartement,98.0,140000.0,1428.57,2024-06-14
Luché-Pringé,72175,72800,Maison,57.0,100000.0,1754.39,2024-05-24
Luché-Pringé,72175,72800,Maison,85.0,100000.0,1176.47,2024-05-24
Bonnétable,72039,72110,Maison,128.0,105000.0,820.31,2024-06-14
Chaufour-Notre-Dame,72073,72550,Maison,86.0,110000.0,1279.07,2024-06-11
Tuffé Val de la Chéronne,72363,72160,Maison,100.0,140000.0,1400.0,2024-06-22
Le Mans,72181,72000,Appartement,70.0,70000.0,1000.0,2024-06-17
Bessé-sur-Braye,72035,72310,Maison,73.0,120000.0,1643.84,2024-06-21
Lombron,72165,72450,Maison,125.0,160000.0,1280.0,2024-06-20
Cormes,72093,72400,Maison,98.0,178000.0,1816.33,2024-06-21
Cormes,72093,72400,Maison,98.0,178000.0,1816.33,2024-06-21
Cormes,72093,72400,Maison,98.0,178000.0,1816.33,2024-06-21
Joué-l'Abbé,72150,72380,Maison,117.0,175000.0,1495.73,2024-06-18
Le Mans,72181,72100,Maison,27.0,110000.0,4074.07,2024-06-07
Neuvillette-en-Charnie,72218,72140,Maison,70.0,30000.0,428.57,2024-06-05
Bonnétable,72039,72110,Maison,166.0,171000.0,1030.12,2024-06-11
Le Mans,72181,72000,Appartement,61.0,175000.0,2868.85,2024-06-01
Bonnétable,72039,72110,Maison,68.0,133000.0,1955.88,2024-06-11
Bessé-sur-Braye,72035,72310,Maison,173.0,55000.0,317.92,2024-06-13
Bessé-sur-Braye,72035,72310,Maison,104.0,55000.0,528.85,2024-06-13
Bessé-sur-Braye,72035,72310,Maison,164.0,55000.0,335.37,2024-06-13
Bessé-sur-Braye,72035,72310,Maison,104.0,55000.0,528.85,2024-06-13
Bessé-sur-Braye,72035,72310,Maison,173.0,55000.0,317.92,2024-06-13
Bessé-sur-Braye,72035,72310,Maison,164.0,55000.0,335.37,2024-06-13
Parigné-l'Évêque,72231,72250,Maison,59.0,80000.0,1355.93,2024-06-19
Saint-Mars-la-Brière,72300,72470,Maison,82.0,7705.0,93.96,2024-06-04
Montaillé,72204,72120,Maison,148.0,138000.0,932.43,2024-06-22
Saint-Germain-d'Arcé,72283,72800,Maison,94.0,45000.0,478.72,2024-06-13
Mayet,72191,72360,Maison,89.0,118000.0,1325.84,2024-06-19
La Quinte,72249,72550,Maison,147.0,230000.0,1564.63,2024-06-17
Parigné-l'Évêque,72231,72250,Maison,74.0,130000.0,1756.76,2024-06-10
Le Mans,72181,72000,Appartement,30.0,64000.0,2133.33,2024-05-30
Saint-Rémy-des-Monts,72316,72600,Maison,139.0,210000.0,1510.79,2024-06-14
Saint-Rémy-des-Monts,72316,72600,Maison,139.0,210000.0,1510.79,2024-06-14
Saint-Rémy-des-Monts,72316,72600,Maison,139.0,210000.0,1510.79,2024-06-14
Le Mans,72181,72100,Maison,53.0,131000.0,2471.7,2024-06-13
Le Mans,72181,72100,Appartement,40.0,73000.0,1825.0,2024-06-19
Allonnes,72003,72700,Appartement,70.0,97500.0,1392.86,2024-06-24
Malicorne-sur-Sarthe,72179,72270,Appartement,110.0,123000.0,1118.18,2024-05-23
Le Mans,72181,72100,Maison,65.0,128000.0,1969.23,2024-06-21
Mulsanne,72213,72230,Maison,97.0,141170.0,1455.36,2024-06-19
Mulsanne,72213,72230,Maison,97.0,141170.0,1455.36,2024-06-19
Le Mans,72181,72000,Appartement,52.0,134600.0,2588.46,2024-06-17
Le Mans,72181,72000,Appartement,43.0,113000.0,2627.91,2024-06-24
Aigné,72001,72650,Maison,149.0,250000.0,1677.85,2024-06-07
Le Mans,72181,72000,Appartement,44.0,96000.0,2181.82,2024-06-21
Pontvallain,72243,72510,Maison,100.0,118000.0,1180.0,2024-06-17
Le Mans,72181,72000,Appartement,101.0,217500.0,2153.47,2024-05-30
Le Mans,72181,72000,Appartement,70.0,149000.0,2128.57,2024-06-21
Courcemont,72101,72110,Maison,30.0,39000.0,1300.0,2024-06-13
Allonnes,72003,72700,Maison,100.0,163000.0,1630.0,2024-06-17
Sainte-Jamme-sur-Sarthe,72289,72380,Maison,55.0,80000.0,1454.55,2024-06-24
Changé,72058,72560,Maison,82.0,164000.0,2000.0,2024-06-18
Changé,72058,72560,Maison,82.0,164000.0,2000.0,2024-06-18
Fresnay-sur-Sarthe,72138,72130,Maison,70.0,87000.0,1242.86,2024-06-11
Mézeray,72195,72270,Maison,69.0,140000.0,2028.99,2024-06-14
Parigné-l'Évêque,72231,72250,Maison,163.0,235000.0,1441.72,2024-06-21
Le Mans,72181,72000,Appartement,35.0,108000.0,3085.71,2024-06-21
Le Mans,72181,72000,Appartement,75.0,103000.0,1373.33,2024-06-13
Le Mans,72181,72000,Appartement,91.0,119750.0,1315.93,2024-06-14
Coulaines,72095,72190,Maison,86.0,139990.0,1627.79,2024-05-23
Le Grand-Lucé,72143,72150,Maison,70.0,55000.0,785.71,2024-06-17
Le Grand-Lucé,72143,72150,Maison,145.0,205000.0,1413.79,2024-06-21
Requeil,72252,72510,Maison,107.0,112000.0,1046.73,2024-05-27
Le Mans,72181,72100,Appartement,51.0,45000.0,882.35,2024-06-05
Le Mans,72181,72000,Appartement,71.0,105000.0,1478.87,2024-06-21
Bonnétable,72039,72110,Maison,43.0,52000.0,1209.3,2024-06-26
Le Mans,72181,72000,Appartement,92.0,190000.0,2065.22,2024-06-24
Marigné-Laillé,72187,72220,Maison,106.0,155000.0,1462.26,2024-06-21
Le Mans,72181,72100,Appartement,69.0,95000.0,1376.81,2024-06-25
Brains-sur-Gée,72045,72550,Maison,96.0,104500.0,1088.54,2024-06-19
Brains-sur-Gée,72045,72550,Maison,96.0,104500.0,1088.54,2024-06-19
Le Mans,72181,72000,Maison,66.0,138000.0,2090.91,2024-06-14
Le Mans,72181,72000,Appartement,101.0,248000.0,2455.45,2024-06-14
Le Mans,72181,72000,Maison,137.0,367500.0,2682.48,2024-06-17
Loué,72168,72540,Maison,88.0,140000.0,1590.91,2024-06-10
Loué,72168,72540,Maison,88.0,140000.0,1590.91,2024-06-10
Le Mans,72181,72000,Maison,61.0,149000.0,2442.62,2024-06-17
Requeil,72252,72510,Maison,103.0,150000.0,1456.31,2024-06-19
Requeil,72252,72510,Maison,103.0,150000.0,1456.31,2024-06-19
Trangé,72360,72650,Maison,77.0,153000.0,1987.01,2024-06-10
Le Mans,72181,72000,Maison,135.0,209524.0,1552.03,2024-06-10
Le Mans,72181,72000,Appartement,44.0,113500.0,2579.55,2024-06-14
Montfort-le-Gesnois,72241,72450,Maison,152.0,310000.0,2039.47,2024-06-17
Montfort-le-Gesnois,72241,72450,Maison,152.0,310000.0,2039.47,2024-06-17
Le Mans,72181,72100,Maison,85.0,159500.0,1876.47,2024-06-20
Courcebœufs,72099,72290,Maison,151.0,217000.0,1437.09,2024-06-06
Courcebœufs,72099,72290,Maison,151.0,217000.0,1437.09,2024-06-06
Mulsanne,72213,72230,Maison,85.0,120000.0,1411.76,2024-06-20
La Suze-sur-Sarthe,72346,72210,Maison,100.0,110000.0,1100.0,2024-06-21
Chemiré-le-Gaudin,72075,72210,Maison,63.0,219000.0,3476.19,2024-06-21
Précigné,72244,72300,Maison,71.0,165000.0,2323.94,2024-06-03
Précigné,72244,72300,Maison,71.0,165000.0,2323.94,2024-06-03
Le Mans,72181,72100,Appartement,40.0,57000.0,1425.0,2024-06-25
Domfront-en-Champagne,72119,72240,Maison,111.0,129000.0,1162.16,2024-06-13
Le Mans,72181,72000,Appartement,101.0,305000.0,3019.8,2024-06-20
Le Mans,72181,72000,Maison,103.0,156000.0,1514.56,2024-06-24
Ardenay-sur-Mérize,72007,72370,Maison,126.0,220000.0,1746.03,2024-06-13
Ardenay-sur-Mérize,72007,72370,Maison,126.0,220000.0,1746.03,2024-06-13
Le Mans,72181,72000,Appartement,52.0,70000.0,1346.15,2024-06-07
Montfort-le-Gesnois,72241,72450,Maison,113.0,195000.0,1725.66,2024-06-06
Saint-Pavace,72310,72190,Maison,164.0,310000.0,1890.24,2024-06-14
Parigné-l'Évêque,72231,72250,Maison,67.0,150000.0,2238.81,2024-06-07
Parigné-l'Évêque,72231,72250,Maison,67.0,150000.0,2238.81,2024-06-07
Spay,72344,72700,Maison,90.0,65000.0,722.22,2024-06-10
Le Mans,72181,72100,Maison,57.0,40000.0,701.75,2024-06-19
Le Mans,72181,72000,Appartement,75.0,130000.0,1733.33,2024-06-14
Le Mans,72181,72100,Maison,89.0,137000.0,1539.33,2024-06-21
Le Mans,72181,72000,Maison,152.0,305000.0,2006.58,2024-06-24
Le Mans,72181,72000,Maison,152.0,305000.0,2006.58,2024-06-24
Le Tronchet,72362,72170,Maison,104.0,119000.0,1144.23,2024-06-25
Allonnes,72003,72700,Maison,75.0,145000.0,1933.33,2024-06-05
Le Mans,72181,72100,Maison,89.0,150000.0,1685.39,2024-06-12
Auvers-le-Hamon,72016,72300,Maison,74.0,140000.0,1891.89,2024-06-24
Auvers-le-Hamon,72016,72300,Maison,74.0,140000.0,1891.89,2024-06-24
Le Lude,72176,72800,Maison,84.0,69000.0,821.43,2024-06-21
Fresnay-sur-Sarthe,72138,72130,Maison,107.0,72000.0,672.9,2024-06-12
Vallon-sur-Gée,72367,72540,Maison,50.0,51000.0,1020.0,2024-06-13
Le Mans,72181,72000,Appartement,32.0,83300.0,2603.12,2024-05-27
Vaas,72364,72500,Maison,142.0,170000.0,1197.18,2024-06-22
Vaas,72364,72500,Maison,142.0,170000.0,1197.18,2024-06-22
Le Mans,72181,72100,Maison,65.0,116850.0,1797.69,2024-06-25
Le Mans,72181,72000,Appartement,69.0,90000.0,1304.35,2024-06-14
Saint-Ouen-de-Mimbré,72305,72130,Maison,52.0,114692.0,2205.62,2024-06-15
Saint-Symphorien,72321,72240,Maison,36.0,5852.0,162.56,2024-06-20
Saint-Germain-d'Arcé,72283,72800,Maison,71.0,77000.0,1084.51,2024-06-25
Le Lude,72176,72800,Maison,50.0,12500.0,250.0,2024-06-20
Clermont-Créans,72084,72200,Maison,146.0,150000.0,1027.4,2024-06-20
Bessé-sur-Braye,72035,72310,Appartement,48.0,16000.0,333.33,2024-06-22
Neuvillalais,72216,72240,Maison,140.0,146000.0,1042.86,2024-06-20
Le Mans,72181,72000,Appartement,66.0,167000.0,2530.3,2024-06-24
Dollon,72118,72390,Maison,70.0,29500.0,421.43,2024-06-18
Bouloire,72042,72440,Maison,98.0,200000.0,2040.82,2024-06-18
Saint-Calais,72269,72120,Maison,148.0,120000.0,810.81,2024-06-22
Cherré-Au,72080,72400,Maison,48.0,305000.0,6354.17,2024-06-21
Cherré-Au,72080,72400,Maison,193.0,305000.0,1580.31,2024-06-21
Le Mans,72181,72000,Appartement,57.0,134500.0,2359.65,2024-06-26
Arçonnay,72006,72610,Maison,69.0,98300.0,1424.64,2024-06-24
Teloché,72350,72220,Maison,146.0,218000.0,1493.15,2024-06-27
La Ferté-Bernard,72132,72400,Maison,68.0,95500.0,1404.41,2024-06-05
La Ferté-Bernard,72132,72400,Maison,62.0,120000.0,1935.48,2024-06-11
Le Mans,72181,72100,Maison,104.0,177650.0,1708.17,2024-06-21
Ségrie,72332,72170,Maison,125.0,189000.0,1512.0,2024-06-19
Le Mans,72181,72000,Maison,117.0,174986.0,1495.61,2024-06-26
Le Mans,72181,72100,Appartement,76.0,64000.0,842.11,2024-06-14
Le Mans,72181,72100,Appartement,63.0,64000.0,1015.87,2024-06-14
Le Mans,72181,72000,Appartement,29.0,81500.0,2810.34,2024-06-19
Le Mans,72181,72000,Maison,63.0,186000.0,2952.38,2024-06-20
Écommoy,72124,72220,Maison,80.0,90000.0,1125.0,2024-06-26
Oisseau-le-Petit,72225,72610,Maison,79.0,82000.0,1037.97,2024-06-19
Champfleur,72056,72610,Maison,39.0,73600.0,1887.18,2024-06-24
Champfleur,72056,72610,Maison,39.0,73600.0,1887.18,2024-06-24
Le Mans,72181,72100,Maison,72.0,160000.0,2222.22,2024-06-21
Le Mans,72181,72000,Maison,92.0,215000.0,2336.96,2024-06-11
Neuville-sur-Sarthe,72217,72190,Maison,100.0,187500.0,1875.0,2024-06-25
Luceau,72173,72500,Appartement,50.0,179900.0,3598.0,2024-06-27
Luceau,72173,72500,Appartement,60.0,179900.0,2998.33,2024-06-27
Le Mans,72181,72000,Appartement,33.0,81800.0,2478.79,2024-06-06
Le Mans,72181,72100,Appartement,56.0,69000.0,1232.14,2024-06-14
Sillé-le-Philippe,72335,72460,Maison,90.0,215000.0,2388.89,2024-06-17
Sillé-le-Philippe,72335,72460,Maison,90.0,215000.0,2388.89,2024-06-17
Le Mans,72181,72000,Appartement,19.0,47500.0,2500.0,2024-06-26
Sablé-sur-Sarthe,72264,72300,Maison,99.0,195000.0,1969.7,2024-06-24
Le Mans,72181,72100,Maison,84.0,169000.0,2011.9,2024-06-26
Mulsanne,72213,72230,Maison,77.0,125000.0,1623.38,2024-06-27
Le Mans,72181,72000,Maison,85.0,250000.0,2941.18,2024-06-17
Le Lude,72176,72800,Maison,131.0,29000.0,221.37,2024-06-28
Lavernat,72160,72500,Maison,103.0,59500.0,577.67,2024-06-28
Fay,72130,72550,Maison,96.0,168000.0,1750.0,2024-06-25
Le Mans,72181,72100,Appartement,75.0,86000.0,1146.67,2024-06-17
Parigné-l'Évêque,72231,72250,Maison,90.0,195000.0,2166.67,2024-06-28
Saint-Cosme-en-Vairais,72276,72110,Maison,91.0,155000.0,1703.3,2024-06-21
Le Mans,72181,72000,Maison,100.0,299000.0,2990.0,2024-06-27
Mamers,72180,72600,Appartement,62.0,105000.0,1693.55,2024-06-27
Saint-Pavace,72310,72190,Maison,135.0,240600.0,1782.22,2024-06-24
Loir en Vallée,72262,72340,Maison,85.0,100000.0,1176.47,2024-06-24
Loir en Vallée,72262,72340,Maison,85.0,100000.0,1176.47,2024-06-24
La Chapelle-Saint-Aubin,72065,72650,Maison,120.0,230120.0,1917.67,2024-06-20
Le Mans,72181,72100,Appartement,56.0,72000.0,1285.71,2024-06-20
La Flèche,72154,72200,Maison,90.0,150000.0,1666.67,2024-06-17
Crosmières,72110,72200,Maison,109.0,195400.0,1792.66,2024-06-10
Crosmières,72110,72200,Maison,109.0,195400.0,1792.66,2024-06-10
Cérans-Foulletourte,72051,72330,Maison,92.0,165000.0,1793.48,2024-06-14
Cérans-Foulletourte,72051,72330,Maison,92.0,165000.0,1793.48,2024-06-14
Le Mans,72181,72000,Maison,198.0,520000.0,2626.26,2024-06-20
Bazouges Cré sur Loir,72025,72200,Maison,188.0,585000.0,3111.7,2024-06-27
Bazouges Cré sur Loir,72025,72200,Maison,30.0,585000.0,19500.0,2024-06-27
Neufchâtel-en-Saosnois,72215,72600,Appartement,67.0,87000.0,1298.51,2024-06-27
Neufchâtel-en-Saosnois,72215,72600,Appartement,96.0,87000.0,906.25,2024-06-27
Challes,72053,72250,Maison,81.0,169900.0,2097.53,2024-06-29
Courcemont,72101,72110,Maison,70.0,123000.0,1757.14,2024-06-18
Bonnétable,72039,72110,Maison,60.0,75000.0,1250.0,2024-06-19
Saint-Paterne - Le Chevain,72308,72610,Maison,61.0,150000.0,2459.02,2024-06-28
Montfort-le-Gesnois,72241,72450,Maison,58.0,100000.0,1724.14,2024-06-28
Saint-Léonard-des-Bois,72294,72130,Maison,45.0,36010.0,800.22,2024-06-28
Coulongé,72098,72800,Maison,161.0,245000.0,1521.74,2024-06-28
Le Mans,72181,72000,Appartement,64.0,116000.0,1812.5,2024-06-24
Le Mans,72181,72000,Appartement,35.0,59000.0,1685.71,2024-06-24
Spay,72344,72700,Maison,80.0,250000.0,3125.0,2024-06-26
Spay,72344,72700,Maison,80.0,250000.0,3125.0,2024-06-26
Cérans-Foulletourte,72051,72330,Maison,166.0,230000.0,1385.54,2024-06-28
La Chapelle-du-Bois,72062,72400,Maison,176.0,277000.0,1573.86,2024-06-20
La Chapelle-du-Bois,72062,72400,Maison,176.0,277000.0,1573.86,2024-06-20
La Chapelle-du-Bois,72062,72400,Maison,176.0,277000.0,1573.86,2024-06-20
Le Mans,72181,72000,Maison,129.0,310000.0,2403.1,2024-06-28
Saint-Cosme-en-Vairais,72276,72110,Maison,64.0,55000.0,859.38,2024-06-26
Le Mans,72181,72000,Maison,104.0,282000.0,2711.54,2024-07-01
Fatines,72129,72470,Maison,139.0,205000.0,1474.82,2024-06-24
Bonnétable,72039,72110,Maison,99.0,110000.0,1111.11,2024-06-28
Sablé-sur-Sarthe,72264,72300,Maison,130.0,125000.0,961.54,2024-06-26
Le Mans,72181,72000,Appartement,40.0,90000.0,2250.0,2024-06-26
Le Mans,72181,72000,Maison,89.0,165000.0,1853.93,2024-06-28
Préval,72245,72400,Maison,83.0,140000.0,1686.75,2024-06-28
Préval,72245,72400,Maison,83.0,140000.0,1686.75,2024-06-28
Allonnes,72003,72700,Maison,135.0,325393.0,2410.32,2024-06-27
Allonnes,72003,72700,Maison,135.0,325393.0,2410.32,2024-06-27
Le Mans,72181,72100,Appartement,86.0,121000.0,1406.98,2024-06-21
Le Mans,72181,72000,Appartement,60.0,135000.0,2250.0,2024-06-27
Saint-Mars-d'Outillé,72299,72220,Maison,57.0,13600.0,238.6,2024-06-27
Saint-Mars-d'Outillé,72299,72220,Maison,57.0,13600.0,238.6,2024-06-27
La Chapelle-du-Bois,72062,72400,Maison,75.0,120000.0,1600.0,2024-07-01
La Fontaine-Saint-Martin,72135,72330,Maison,140.0,120000.0,857.14,2024-06-28
Teloché,72350,72220,Maison,81.0,208000.0,2567.9,2024-07-01
Le Mans,72181,72100,Maison,88.0,190000.0,2159.09,2024-07-01
Coulaines,72095,72190,Maison,195.0,330000.0,1692.31,2024-06-28
Coulaines,72095,72190,Maison,195.0,330000.0,1692.31,2024-06-28
Moncé-en-Belin,72200,72230,Maison,101.0,190000.0,1881.19,2024-06-24
Moncé-en-Belin,72200,72230,Maison,101.0,190000.0,1881.19,2024-06-24
Yvré-le-Pôlin,72385,72330,Maison,50.0,130000.0,2600.0,2024-06-26
Yvré-le-Pôlin,72385,72330,Maison,50.0,130000.0,2600.0,2024-06-26
Étival-lès-le-Mans,72127,72700,Maison,32.0,70000.0,2187.5,2024-06-26
Étival-lès-le-Mans,72127,72700,Maison,155.0,70000.0,451.61,2024-06-26
Étival-lès-le-Mans,72127,72700,Maison,155.0,70000.0,451.61,2024-06-26
Étival-lès-le-Mans,72127,72700,Maison,32.0,70000.0,2187.5,2024-06-26
Étival-lès-le-Mans,72127,72700,Maison,32.0,70000.0,2187.5,2024-06-26
Étival-lès-le-Mans,72127,72700,Maison,155.0,70000.0,451.61,2024-06-26
Écommoy,72124,72220,Maison,51.0,69000.0,1352.94,2024-07-01
Le Mans,72181,72000,Appartement,80.0,114000.0,1425.0,2024-07-01
Cérans-Foulletourte,72051,72330,Maison,104.0,130000.0,1250.0,2024-06-28
Cérans-Foulletourte,72051,72330,Maison,104.0,130000.0,1250.0,2024-06-28
Mulsanne,72213,72230,Maison,83.0,120000.0,1445.78,2024-06-26
Cherré-Au,72080,72400,Maison,147.0,290000.0,1972.79,2024-06-28
Avezé,72020,72400,Maison,93.0,159000.0,1709.68,2024-06-28
Le Luart,72172,72390,Maison,83.0,80000.0,963.86,2024-07-01
Le Luart,72172,72390,Maison,64.0,80000.0,1250.0,2024-07-01
Le Mans,72181,72000,Appartement,74.0,80000.0,1081.08,2024-06-20
Le Mans,72181,72000,Appartement,88.0,98500.0,1119.32,2024-06-26
La Suze-sur-Sarthe,72346,72210,Maison,120.0,239000.0,1991.67,2024-06-28
Sablé-sur-Sarthe,72264,72300,Appartement,80.0,122000.0,1525.0,2024-06-24
Le Mans,72181,72000,Appartement,198.0,355000.0,1792.93,2024-06-19
Saint-Jean-de-la-Motte,72291,72510,Maison,74.0,62000.0,837.84,2024-06-01
La Chapelle-Saint-Rémy,72067,72160,Maison,144.0,292000.0,2027.78,2024-06-29
La Chapelle-Saint-Rémy,72067,72160,Maison,144.0,292000.0,2027.78,2024-06-29
Saint-Georges-du-Bois,72280,72700,Maison,69.0,155000.0,2246.38,2024-06-26
Arnage,72008,72230,Maison,97.0,218000.0,2247.42,2024-06-24
Voivres-lès-le-Mans,72381,72210,Maison,160.0,234000.0,1462.5,2024-06-25
Louvigny,72170,72600,Maison,123.0,145000.0,1178.86,2024-06-28
Beaufay,72026,72110,Maison,72.0,195000.0,2708.33,2024-06-28
Beaufay,72026,72110,Maison,72.0,195000.0,2708.33,2024-06-28
Ruaudin,72260,72230,Maison,158.0,290000.0,1835.44,2024-07-01
Cérans-Foulletourte,72051,72330,Maison,160.0,99000.0,618.75,2024-06-20
Cérans-Foulletourte,72051,72330,Maison,160.0,99000.0,618.75,2024-06-20
Lhomme,72161,72340,Maison,35.0,10000.0,285.71,2024-07-02
Chemiré-le-Gaudin,72075,72210,Maison,140.0,129500.0,925.0,2024-06-27
Chemiré-le-Gaudin,72075,72210,Maison,140.0,129500.0,925.0,2024-06-27
Chemiré-le-Gaudin,72075,72210,Maison,140.0,129500.0,925.0,2024-06-27
Écommoy,72124,72220,Maison,64.0,100000.0,1562.5,2024-06-28
Saint-Gervais-de-Vic,72286,72120,Maison,66.0,72000.0,1090.91,2024-06-27
Le Mans,72181,72000,Maison,90.0,211000.0,2344.44,2024-06-26
Le Mans,72181,72000,Appartement,62.0,140000.0,2258.06,2024-06-28
Le Mans,72181,72000,Maison,93.0,116000.0,1247.31,2024-06-26
La Ferté-Bernard,72132,72400,Maison,93.0,170000.0,1827.96,2024-06-26
Le Mans,72181,72000,Maison,125.0,340000.0,2720.0,2024-06-25
Le Mans,72181,72100,Appartement,63.0,80000.0,1269.84,2024-06-24
Melleray,72193,72320,Maison,96.0,55000.0,572.92,2024-06-17
Le Mans,72181,72000,Appartement,62.0,125000.0,2016.13,2024-06-25
Mont-Saint-Jean,72211,72140,Maison,84.0,265000.0,3154.76,2024-06-28
Mont-Saint-Jean,72211,72140,Maison,84.0,265000.0,3154.76,2024-06-28
Mont-Saint-Jean,72211,72140,Maison,84.0,265000.0,3154.76,2024-06-28
Montval-sur-Loir,72071,72500,Maison,78.0,70000.0,897.44,2024-07-02
Tuffé Val de la Chéronne,72363,72160,Maison,119.0,200000.0,1680.67,2024-07-02
Yvré-l'Évêque,72386,72530,Maison,92.0,275000.0,2989.13,2024-06-27
La Ferté-Bernard,72132,72400,Appartement,126.0,255000.0,2023.81,2024-06-28
Le Mans,72181,72000,Maison,42.0,187000.0,4452.38,2024-06-26
Le Mans,72181,72000,Appartement,45.0,130000.0,2888.89,2024-07-01
La Chapelle-Saint-Aubin,72065,72650,Maison,75.0,217000.0,2893.33,2024-06-21
La Chapelle-Saint-Aubin,72065,72650,Maison,75.0,217000.0,2893.33,2024-06-21
Le Mans,72181,72000,Maison,190.0,365000.0,1921.05,2024-06-28
Le Mans,72181,72000,Appartement,32.0,52000.0,1625.0,2024-06-25
La Ferté-Bernard,72132,72400,Maison,89.0,150000.0,1685.39,2024-06-14
La Ferté-Bernard,72132,72400,Appartement,66.0,85000.0,1287.88,2024-06-13
Changé,72058,72560,Maison,96.0,230000.0,2395.83,2024-07-02
Le Mans,72181,72100,Appartement,67.0,40000.0,597.01,2024-06-25
Saint-Maixent,72296,72320,Maison,123.0,149000.0,1211.38,2024-06-29
Saint-Maixent,72296,72320,Maison,123.0,149000.0,1211.38,2024-06-29
Le Mans,72181,72000,Appartement,67.0,90000.0,1343.28,2024-06-24
Bazouges Cré sur Loir,72025,72200,Maison,100.0,140000.0,1400.0,2024-06-22
Bazouges Cré sur Loir,72025,72200,Maison,100.0,140000.0,1400.0,2024-06-22
La Flèche,72154,72200,Maison,70.0,188000.0,2685.71,2024-06-26
La Flèche,72154,72200,Maison,70.0,188000.0,2685.71,2024-06-26
Allonnes,72003,72700,Maison,103.0,224500.0,2179.61,2024-06-27
Trangé,72360,72650,Maison,75.0,126500.0,1686.67,2024-04-09
Le Mans,72181,72000,Maison,118.0,276000.0,2338.98,2024-06-27
Le Luart,72172,72390,Maison,110.0,178000.0,1618.18,2024-06-25
Le Luart,72172,72390,Maison,110.0,178000.0,1618.18,2024-06-25
Saint-Pavace,72310,72190,Maison,125.0,230000.0,1840.0,2024-06-27
Le Mans,72181,72100,Appartement,54.0,77000.0,1425.93,2024-07-02
Le Mans,72181,72000,Appartement,62.0,64975.0,1047.98,2024-06-24
Savigné-sous-le-Lude,72330,72800,Maison,57.0,50000.0,877.19,2024-07-01
Aubigné-Racan,72013,72800,Maison,100.0,70000.0,700.0,2024-06-14
Brûlon,72050,72350,Maison,114.0,140000.0,1228.07,2024-06-14
La Flèche,72154,72200,Maison,216.0,390000.0,1805.56,2024-06-27
Le Mans,72181,72000,Appartement,45.0,117500.0,2611.11,2024-06-05
Saint-Mars-d'Outillé,72299,72220,Maison,80.0,158000.0,1975.0,2024-07-04
Saint-Mars-d'Outillé,72299,72220,Maison,80.0,158000.0,1975.0,2024-07-04
Saint-Mars-de-Locquenay,72298,72440,Maison,65.0,38000.0,584.62,2024-07-04
Louailles,72167,72300,Maison,109.0,178000.0,1633.03,2024-06-27
Le Mans,72181,72000,Maison,72.0,140000.0,1944.44,2024-06-20
Trangé,72360,72650,Maison,123.0,336000.0,2731.71,2024-06-20
Teloché,72350,72220,Maison,150.0,360000.0,2400.0,2024-06-18
Teloché,72350,72220,Maison,150.0,360000.0,2400.0,2024-06-18
Teloché,72350,72220,Maison,150.0,360000.0,2400.0,2024-06-18
Le Mans,72181,72100,Maison,55.0,140000.0,2545.45,2024-06-25
Le Mans,72181,72000,Appartement,70.0,127000.0,1814.29,2024-06-27
Le Mans,72181,72000,Maison,123.0,289000.0,2349.59,2024-06-26
Le Mans,72181,72000,Appartement,118.0,260000.0,2203.39,2024-07-01
Luché-Pringé,72175,72800,Maison,25.0,14000.0,560.0,2024-07-03
Le Mans,72181,72000,Appartement,34.0,71500.0,2102.94,2024-06-26
Le Mans,72181,72000,Appartement,71.0,100000.0,1408.45,2024-06-28
Bazouges Cré sur Loir,72025,72200,Maison,83.0,173000.0,2084.34,2024-07-02
Saint-Cosme-en-Vairais,72276,72110,Maison,86.0,65000.0,755.81,2024-06-26
Saint-Cosme-en-Vairais,72276,72110,Maison,86.0,65000.0,755.81,2024-06-26
Le Mans,72181,72000,Maison,100.0,930000.0,9300.0,2024-07-01
Le Mans,72181,72100,Appartement,33.0,57500.0,1742.42,2024-06-28
Bonnétable,72039,72110,Maison,51.0,58000.0,1137.25,2024-06-25
Val d'Étangson,72128,72120,Maison,130.0,80000.0,615.38,2024-06-27
Le Mans,72181,72000,Appartement,31.0,51000.0,1645.16,2024-06-26
La Milesse,72198,72650,Maison,139.0,200000.0,1438.85,2024-06-25
Le Mans,72181,72000,Appartement,70.0,99000.0,1414.29,2024-06-26
La Flèche,72154,72200,Maison,112.0,157000.0,1401.79,2024-06-21
Bessé-sur-Braye,72035,72310,Maison,62.0,83750.0,1350.81,2024-06-28
Bessé-sur-Braye,72035,72310,Maison,62.0,83750.0,1350.81,2024-06-28
Le Mans,72181,72100,Maison,80.0,175000.0,2187.5,2024-07-03
Le Mans,72181,72000,Maison,130.0,250000.0,1923.08,2024-06-25
Brûlon,72050,72350,Maison,92.0,95000.0,1032.61,2024-06-27
Le Mans,72181,72000,Appartement,95.0,169000.0,1778.95,2024-06-21
Luché-Pringé,72175,72800,Maison,79.0,65000.0,822.78,2024-06-26
Sablé-sur-Sarthe,72264,72300,Appartement,40.0,45000.0,1125.0,2024-06-22
Sablé-sur-Sarthe,72264,72300,Appartement,55.0,45000.0,818.18,2024-06-22
Sablé-sur-Sarthe,72264,72300,Appartement,105.0,45000.0,428.57,2024-06-22
Neuvillette-en-Charnie,72218,72140,Maison,69.0,36000.0,521.74,2024-07-01
La Bazoge,72024,72650,Maison,88.0,184000.0,2090.91,2024-06-20
Moncé-en-Belin,72200,72230,Maison,81.0,155000.0,1913.58,2024-06-27
Le Mans,72181,72000,Appartement,23.0,59500.0,2586.96,2024-06-27
Le Mans,72181,72000,Appartement,54.0,68000.0,1259.26,2024-06-25
Moncé-en-Belin,72200,72230,Maison,88.0,174000.0,1977.27,2024-06-27
Luceau,72173,72500,Maison,140.0,190000.0,1357.14,2024-06-27
Le Mans,72181,72000,Appartement,58.0,130000.0,2241.38,2024-06-22
Changé,72058,72560,Maison,105.0,240000.0,2285.71,2024-07-03
Malicorne-sur-Sarthe,72179,72270,Appartement,65.0,507000.0,7800.0,2024-06-14
Malicorne-sur-Sarthe,72179,72270,Appartement,29.0,507000.0,17482.76,2024-06-14
Malicorne-sur-Sarthe,72179,72270,Appartement,35.0,507000.0,14485.71,2024-06-14
Malicorne-sur-Sarthe,72179,72270,Appartement,40.0,507000.0,12675.0,2024-06-14
Malicorne-sur-Sarthe,72179,72270,Appartement,40.0,507000.0,12675.0,2024-06-14
Malicorne-sur-Sarthe,72179,72270,Appartement,60.0,507000.0,8450.0,2024-06-14
Malicorne-sur-Sarthe,72179,72270,Appartement,64.0,507000.0,7921.88,2024-06-14
Malicorne-sur-Sarthe,72179,72270,Appartement,72.0,507000.0,7041.67,2024-06-14
Malicorne-sur-Sarthe,72179,72270,Appartement,62.0,507000.0,8177.42,2024-06-14
Malicorne-sur-Sarthe,72179,72270,Appartement,98.0,507000.0,5173.47,2024-06-14
Le Mans,72181,72000,Appartement,147.0,288000.0,1959.18,2024-06-20
Connerré,72090,72160,Maison,160.0,215000.0,1343.75,2024-07-02
La Chapelle-Saint-Aubin,72065,72650,Maison,72.0,170000.0,2361.11,2024-06-18
La Chapelle-Saint-Aubin,72065,72650,Maison,72.0,170000.0,2361.11,2024-06-18
Le Grand-Lucé,72143,72150,Maison,75.0,199000.0,2653.33,2024-07-01
Chaufour-Notre-Dame,72073,72550,Maison,80.0,170000.0,2125.0,2024-06-24
Parigné-l'Évêque,72231,72250,Maison,77.0,133000.0,1727.27,2024-06-28
Parigné-l'Évêque,72231,72250,Maison,77.0,133000.0,1727.27,2024-06-28
Tresson,72361,72440,Maison,21.0,7000.0,333.33,2024-06-12
Saint-Calais,72269,72120,Maison,42.0,35000.0,833.33,2024-06-21
Le Mans,72181,72000,Maison,80.0,171000.0,2137.5,2024-07-03
Clermont-Créans,72084,72200,Maison,90.0,149000.0,1655.56,2024-06-20
Le Mans,72181,72000,Maison,73.0,85140.0,1166.3,2024-07-04
Teloché,72350,72220,Maison,213.0,160000.0,751.17,2024-06-29
Le Mans,72181,72000,Appartement,67.0,225900.0,3371.64,2024-07-01
Mulsanne,72213,72230,Maison,85.0,100000.0,1176.47,2024-06-20
Savigné-l'Évêque,72329,72460,Maison,143.0,213500.0,1493.01,2024-06-14
Le Mans,72181,72000,Appartement,70.0,87500.0,1250.0,2024-06-11
La Flèche,72154,72200,Maison,63.0,127300.0,2020.63,2024-06-19
Saint-Georges-du-Rosay,72281,72110,Maison,140.0,55000.0,392.86,2024-07-03
Saint-Symphorien,72321,72240,Maison,60.0,147500.0,2458.33,2024-06-13
Saint-Symphorien,72321,72240,Maison,60.0,147500.0,2458.33,2024-06-13
Saint-Symphorien,72321,72240,Maison,60.0,147500.0,2458.33,2024-06-13
Saint-Denis-d'Orques,72278,72350,Maison,85.0,65000.0,764.71,2024-06-14
Saint-Pierre-des-Bois,72312,72430,Maison,137.0,180000.0,1313.87,2024-06-18
Saint-Pierre-des-Bois,72312,72430,Maison,137.0,180000.0,1313.87,2024-06-18
Le Mans,72181,72000,Appartement,25.0,60000.0,2400.0,2024-07-01
Fresnay-sur-Sarthe,72138,72130,Maison,94.0,57000.0,606.38,2024-06-29
Parigné-l'Évêque,72231,72250,Maison,73.0,57651.44,789.75,2024-07-02
Parigné-l'Évêque,72231,72250,Maison,73.0,57651.44,789.75,2024-07-02
Challes,72053,72250,Maison,105.0,190000.0,1809.52,2024-07-04
Tennie,72351,72240,Maison,90.0,227000.0,2522.22,2024-06-11
Saint-Mars-d'Outillé,72299,72220,Maison,93.0,135000.0,1451.61,2024-06-27
Le Mans,72181,72000,Appartement,26.0,70000.0,2692.31,2024-06-28
Le Mans,72181,72000,Appartement,20.0,64000.0,3200.0,2024-06-17
Le Mans,72181,72000,Maison,112.0,230000.0,2053.57,2024-06-27
Montbizot,72205,72380,Maison,67.0,80000.0,1194.03,2024-06-11
Moncé-en-Belin,72200,72230,Maison,120.0,280000.0,2333.33,2024-06-27
Moncé-en-Belin,72200,72230,Maison,120.0,280000.0,2333.33,2024-06-27
Berfay,72032,72320,Maison,67.0,76250.0,1138.06,2024-06-26
Le Breil-sur-Mérize,72046,72370,Maison,120.0,199500.0,1662.5,2024-06-14
Mansigné,72182,72510,Maison,57.0,90000.0,1578.95,2024-07-01
Mézières-sous-Lavardin,72197,72240,Maison,131.0,115000.0,877.86,2024-06-20
La Chapelle-Saint-Aubin,72065,72650,Maison,240.0,330000.0,1375.0,2024-06-21
La Chapelle-du-Bois,72062,72400,Maison,89.0,68500.0,769.66,2024-06-17
Cormes,72093,72400,Maison,89.0,80000.0,898.88,2024-07-02
Cormes,72093,72400,Maison,89.0,80000.0,898.88,2024-07-02
La Ferté-Bernard,72132,72400,Maison,87.0,100000.0,1149.43,2024-07-03
Mamers,72180,72600,Maison,130.0,160000.0,1230.77,2024-06-27
Mamers,72180,72600,Maison,75.0,112000.0,1493.33,2024-06-21
Fatines,72129,72470,Maison,86.0,175000.0,2034.88,2024-06-19
Allonnes,72003,72700,Appartement,70.0,69500.0,992.86,2024-07-03
Allonnes,72003,72700,Appartement,71.0,69500.0,978.87,2024-07-03
Saint-Saturnin,72320,72650,Maison,124.0,344962.8,2781.96,2024-06-20
Le Mans,72181,72000,Maison,84.0,172000.0,2047.62,2024-07-01
Le Mans,72181,72100,Appartement,86.0,75150.0,873.84,2024-06-13
La Suze-sur-Sarthe,72346,72210,Maison,190.0,430000.0,2263.16,2024-07-01
Sablé-sur-Sarthe,72264,72300,Maison,72.0,73000.0,1013.89,2024-06-28
Saint-Vincent-des-Prés,72324,72600,Maison,133.0,240000.0,1804.51,2024-06-28
Saint-Vincent-des-Prés,72324,72600,Maison,133.0,240000.0,1804.51,2024-06-28
Saint-Vincent-des-Prés,72324,72600,Maison,133.0,240000.0,1804.51,2024-06-28
Le Mans,72181,72000,Appartement,57.0,95000.0,1666.67,2024-07-04
Le Mans,72181,72000,Maison,80.0,165190.0,2064.88,2024-07-01
Mézières-sur-Ponthouin,72196,72290,Maison,84.0,120000.0,1428.57,2024-06-28
Connerré,72090,72160,Maison,55.0,200000.0,3636.36,2024-07-01
Connerré,72090,72160,Maison,56.0,200000.0,3571.43,2024-07-01
Courcemont,72101,72110,Maison,116.0,200000.0,1724.14,2024-06-28
Courcemont,72101,72110,Maison,116.0,200000.0,1724.14,2024-06-28
Saint-Mars-la-Brière,72300,72470,Maison,130.0,180000.0,1384.62,2024-07-05
Pincé,72236,72300,Maison,97.0,160000.0,1649.48,2024-06-21
Pincé,72236,72300,Maison,97.0,160000.0,1649.48,2024-06-21
La Flèche,72154,72200,Maison,81.0,119000.0,1469.14,2024-07-01
La Flèche,72154,72200,Maison,81.0,119000.0,1469.14,2024-07-01
Malicorne-sur-Sarthe,72179,72270,Maison,58.0,55000.0,948.28,2024-06-17
Parcé-sur-Sarthe,72228,72300,Maison,90.0,150000.0,1666.67,2024-06-14
Parcé-sur-Sarthe,72228,72300,Maison,90.0,150000.0,1666.67,2024-06-14
Parcé-sur-Sarthe,72228,72300,Maison,90.0,150000.0,1666.67,2024-06-14
Le Mans,72181,72000,Appartement,42.0,77500.0,1845.24,2024-07-02
Le Mans,72181,72000,Maison,154.0,365000.0,2370.13,2024-06-19
Chenu,72077,72500,Maison,54.0,48000.0,888.89,2024-07-05
Beaufay,72026,72110,Maison,64.0,50000.0,781.25,2024-06-28
La Ferté-Bernard,72132,72400,Maison,88.0,177000.0,2011.36,2024-07-05
Le Mans,72181,72000,Appartement,87.0,104000.0,1195.4,2024-06-21
Allonnes,72003,72700,Maison,102.0,234000.0,2294.12,2024-06-28
Le Mans,72181,72000,Maison,80.0,140000.0,1750.0,2024-06-24
Le Mans,72181,72000,Appartement,43.0,79000.0,1837.21,2024-07-04
Le Mans,72181,72100,Appartement,20.0,43000.0,2150.0,2024-06-25
Le Mans,72181,72000,Appartement,45.0,79000.0,1755.56,2024-07-04
Montval-sur-Loir,72071,72500,Maison,65.0,57000.0,876.92,2024-06-29
Mamers,72180,72600,Maison,84.0,118000.0,1404.76,2024-07-01
Le Mans,72181,72000,Appartement,44.0,90000.0,2045.45,2024-07-08
Mamers,72180,72600,Maison,106.0,70000.0,660.38,2024-06-28
Lavaré,72158,72390,Maison,76.0,125000.0,1644.74,2024-06-19
Le Mans,72181,72000,Maison,200.0,665000.0,3325.0,2024-07-05
Marçon,72183,72340,Maison,73.0,141000.0,1931.51,2024-06-29
Marçon,72183,72340,Maison,73.0,141000.0,1931.51,2024-06-29
Courdemanche,72103,72150,Appartement,18.0,108000.0,6000.0,2024-06-27
Courdemanche,72103,72150,Appartement,30.0,108000.0,3600.0,2024-06-27
Le Mans,72181,72000,Maison,67.0,101000.0,1507.46,2024-06-27
Le Mans,72181,72100,Appartement,58.0,59000.0,1017.24,2024-07-03
Vaas,72364,72500,Maison,36.0,14000.0,388.89,2024-06-14
La Bazoge,72024,72650,Maison,165.0,233000.0,1412.12,2024-07-05
Le Mans,72181,72000,Appartement,20.0,73000.0,3650.0,2024-06-26
Le Mans,72181,72000,Maison,66.0,230000.0,3484.85,2024-07-03
Le Mans,72181,72100,Appartement,61.0,79335.0,1300.57,2024-07-08
Le Mans,72181,72000,Maison,65.0,269000.0,4138.46,2024-06-28
Le Mans,72181,72000,Appartement,113.0,139560.0,1235.04,2024-07-03
Challes,72053,72250,Maison,105.0,167600.0,1596.19,2024-06-26
Le Mans,72181,72000,Appartement,36.0,313102.0,8697.28,2024-07-02
Le Mans,72181,72000,Appartement,45.0,313102.0,6957.82,2024-07-02
Le Mans,72181,72000,Appartement,38.0,313102.0,8239.53,2024-07-02
Le Mans,72181,72000,Appartement,58.0,313102.0,5398.31,2024-07-02
Le Mans,72181,72000,Appartement,38.0,313102.0,8239.53,2024-07-02
Le Mans,72181,72100,Maison,99.0,203000.0,2050.51,2024-07-04
Sceaux-sur-Huisne,72331,72160,Maison,86.0,81000.0,941.86,2024-07-03
Le Mans,72181,72000,Maison,84.0,188180.11,2240.24,2024-07-01
Saint-Pavace,72310,72190,Maison,200.0,521000.0,2605.0,2024-06-27
Saint-Pavace,72310,72190,Maison,200.0,521000.0,2605.0,2024-06-27
Le Mans,72181,72000,Appartement,27.0,51000.0,1888.89,2024-07-05
Ancinnes,72005,72610,Maison,84.0,110000.0,1309.52,2024-07-05
Ancinnes,72005,72610,Maison,84.0,110000.0,1309.52,2024-07-05
Ancinnes,72005,72610,Maison,84.0,110000.0,1309.52,2024-07-05
Villaines-sous-Malicorne,72377,72270,Maison,85.0,92000.0,1082.35,2024-06-21
La Chapelle-Saint-Aubin,72065,72650,Maison,170.0,402000.0,2364.71,2024-07-05
Le Mans,72181,72000,Maison,78.0,155000.0,1987.18,2024-07-02
Le Mans,72181,72000,Maison,112.0,369000.0,3294.64,2024-06-24
Le Mans,72181,72000,Maison,78.0,262500.0,3365.38,2024-06-24
La Flèche,72154,72200,Maison,170.0,386067.0,2270.98,2024-06-25
La Flèche,72154,72200,Maison,170.0,386067.0,2270.98,2024-06-25
Le Mans,72181,72000,Maison,101.0,208000.0,2059.41,2024-06-18
Le Mans,72181,72000,Appartement,33.0,65000.0,1969.7,2024-07-04
Le Mans,72181,72000,Appartement,44.0,139390.0,3167.95,2024-06-28
Le Mans,72181,72000,Appartement,60.0,95000.0,1583.33,2024-06-26
Le Mans,72181,72000,Appartement,18.0,63500.0,3527.78,2024-07-03
Le Mans,72181,72000,Appartement,48.0,119000.0,2479.17,2024-07-02
Le Mans,72181,72000,Maison,164.0,60000.0,365.85,2024-07-01
Clermont-Créans,72084,72200,Maison,214.0,350000.0,1635.51,2024-06-24
Clermont-Créans,72084,72200,Maison,214.0,350000.0,1635.51,2024-06-24
Le Mans,72181,72100,Appartement,16.0,35000.0,2187.5,2024-07-08
Maisoncelles,72178,72440,Maison,69.0,30500.0,442.03,2024-07-09
Loir en Vallée,72262,72340,Maison,186.0,245000.0,1317.2,2024-07-09
Loir en Vallée,72262,72340,Maison,186.0,245000.0,1317.2,2024-07-09
Saint-Mars-la-Brière,72300,72470,Maison,100.0,183000.0,1830.0,2024-06-25
Fillé,72133,72210,Maison,126.0,290000.0,2301.59,2024-07-02
Fillé,72133,72210,Maison,126.0,290000.0,2301.59,2024-07-02
Connerré,72090,72160,Maison,99.0,133000.0,1343.43,2024-06-28
Bouloire,72042,72440,Maison,66.0,70000.0,1060.61,2024-06-28
Chantenay-Villedieu,72059,72430,Maison,52.0,30000.0,576.92,2024-07-03
Écommoy,72124,72220,Maison,95.0,73000.0,768.42,2024-07-09
Cérans-Foulletourte,72051,72330,Maison,104.0,130000.0,1250.0,2024-07-09
Allonnes,72003,72700,Appartement,95.0,132000.0,1389.47,2024-07-04
Saint-Mars-d'Outillé,72299,72220,Maison,140.0,174000.0,1242.86,2024-07-02
Le Mans,72181,72100,Maison,93.0,190000.0,2043.01,2024-07-09
Coulans-sur-Gée,72096,72550,Maison,48.0,78000.0,1625.0,2024-07-08
La Quinte,72249,72550,Maison,71.0,316000.0,4450.7,2024-06-13
La Quinte,72249,72550,Maison,110.0,316000.0,2872.73,2024-06-13
La Quinte,72249,72550,Maison,110.0,316000.0,2872.73,2024-06-13
Souligné-sous-Ballon,72340,72290,Maison,120.0,208000.0,1733.33,2024-07-04
Saint-Michel-de-Chavaignes,72303,72440,Maison,49.0,53000.0,1081.63,2024-06-24
Moncé-en-Belin,72200,72230,Maison,69.0,147200.0,2133.33,2024-07-05
Moncé-en-Belin,72200,72230,Maison,69.0,147200.0,2133.33,2024-07-05
Sillé-le-Philippe,72335,72460,Maison,105.0,183000.0,1742.86,2024-07-05
Le Mans,72181,72000,Appartement,46.0,220500.0,4793.48,2024-07-04
Le Mans,72181,72000,Appartement,37.0,220500.0,5959.46,2024-07-04
Le Mans,72181,72000,Appartement,37.0,220500.0,5959.46,2024-07-04
Pontvallain,72243,72510,Maison,136.0,150000.0,1102.94,2024-06-14
Pontvallain,72243,72510,Maison,136.0,150000.0,1102.94,2024-06-14
Connerré,72090,72160,Maison,55.0,45000.0,818.18,2024-06-28
Saint-Gervais-de-Vic,72286,72120,Maison,190.0,120000.0,631.58,2024-06-24
Saint-Gervais-de-Vic,72286,72120,Maison,190.0,120000.0,631.58,2024-06-24
Malicorne-sur-Sarthe,72179,72270,Maison,80.0,93000.0,1162.5,2024-06-14
Sablé-sur-Sarthe,72264,72300,Maison,144.0,203000.0,1409.72,2024-07-08
Poillé-sur-Vègre,72239,72350,Maison,125.0,179000.0,1432.0,2024-07-08
Le Luart,72172,72390,Maison,109.0,200000.0,1834.86,2024-07-10
La Ferté-Bernard,72132,72400,Maison,130.0,255000.0,1961.54,2024-07-09
Parigné-le-Pôlin,72230,72330,Maison,68.0,75000.0,1102.94,2024-07-08
Parigné-le-Pôlin,72230,72330,Maison,68.0,75000.0,1102.94,2024-07-08
Spay,72344,72700,Maison,114.0,232380.0,2038.42,2024-07-05
Le Mans,72181,72100,Maison,89.0,186000.0,2089.89,2024-07-08
Le Mans,72181,72100,Maison,138.0,198000.0,1434.78,2024-07-05
Étival-lès-le-Mans,72127,72700,Maison,75.0,163500.0,2180.0,2024-07-03
Étival-lès-le-Mans,72127,72700,Maison,75.0,163500.0,2180.0,2024-07-03
Étival-lès-le-Mans,72127,72700,Maison,75.0,163500.0,2180.0,2024-07-03
Saint-Mars-la-Brière,72300,72470,Maison,71.0,120000.0,1690.14,2024-06-24
Saint-Mars-la-Brière,72300,72470,Maison,71.0,120000.0,1690.14,2024-06-24
Saint-Mars-la-Brière,72300,72470,Maison,71.0,120000.0,1690.14,2024-06-24
Saint-Mars-la-Brière,72300,72470,Maison,71.0,120000.0,1690.14,2024-06-24
Pruillé-le-Chétif,72247,72700,Maison,49.0,55000.0,1122.45,2024-07-08
Pruillé-le-Chétif,72247,72700,Maison,49.0,55000.0,1122.45,2024-07-08
Roézé-sur-Sarthe,72253,72210,Maison,90.0,76000.0,844.44,2024-07-03
Étival-lès-le-Mans,72127,72700,Maison,66.0,159000.0,2409.09,2024-07-04
Étival-lès-le-Mans,72127,72700,Maison,66.0,159000.0,2409.09,2024-07-04
Le Mans,72181,72000,Appartement,68.0,136000.0,2000.0,2024-06-25
Arnage,72008,72230,Maison,129.0,117500.0,910.85,2024-07-08
Le Mans,72181,72000,Appartement,51.0,111000.0,2176.47,2024-07-05
Oizé,72226,72330,Maison,97.0,131000.0,1350.52,2024-07-05
Ruaudin,72260,72230,Maison,147.0,280000.0,1904.76,2024-07-01
Souvigné-sur-Sarthe,72343,72300,Maison,180.0,167900.0,932.78,2024-07-02
La Flèche,72154,72200,Maison,68.0,117106.0,1722.15,2024-06-11
Marigné-Laillé,72187,72220,Maison,68.0,72500.0,1066.18,2024-07-10
Marigné-Laillé,72187,72220,Maison,68.0,72500.0,1066.18,2024-07-10
Boëssé-le-Sec,72038,72400,Maison,86.0,85000.0,988.37,2024-07-05
Ruaudin,72260,72230,Maison,84.0,182000.0,2166.67,2024-07-08
Parigné-l'Évêque,72231,72250,Maison,85.0,40000.0,470.59,2024-06-28
Brette-les-Pins,72047,72250,Maison,92.0,158500.0,1722.83,2024-06-21
Brette-les-Pins,72047,72250,Maison,92.0,158500.0,1722.83,2024-06-21
Brette-les-Pins,72047,72250,Maison,92.0,158500.0,1722.83,2024-06-21
La Milesse,72198,72650,Maison,78.0,141000.0,1807.69,2024-06-24
Teloché,72350,72220,Maison,91.0,117370.0,1289.78,2024-07-09
Teloché,72350,72220,Maison,91.0,117370.0,1289.78,2024-07-09
Teloché,72350,72220,Maison,91.0,117370.0,1289.78,2024-07-09
Grandchamp,72142,72610,Maison,95.0,97000.0,1021.05,2024-06-12
Grandchamp,72142,72610,Maison,95.0,97000.0,1021.05,2024-06-12
La Flèche,72154,72200,Appartement,33.0,118000.0,3575.76,2024-07-05
La Flèche,72154,72200,Appartement,31.0,118000.0,3806.45,2024-07-05
Sablé-sur-Sarthe,72264,72300,Maison,91.0,90000.0,989.01,2024-06-27
Berfay,72032,72320,Maison,60.0,56000.0,933.33,2024-06-07
Le Mans,72181,72100,Appartement,65.0,72470.0,1114.92,2024-07-04
La Flèche,72154,72200,Maison,110.0,165000.0,1500.0,2024-07-10
La Flèche,72154,72200,Maison,110.0,165000.0,1500.0,2024-07-10
Le Mans,72181,72100,Appartement,38.0,70000.0,1842.11,2024-06-28
Le Mans,72181,72100,Maison,66.0,200000.0,3030.3,2024-07-10
Le Mans,72181,72000,Appartement,70.0,117000.0,1671.43,2024-07-10
Saint-Aubin-des-Coudrais,72267,72400,Maison,43.0,50000.0,1162.79,2024-06-28
Sablé-sur-Sarthe,72264,72300,Appartement,175.0,300000.0,1714.29,2024-07-10
Sablé-sur-Sarthe,72264,72300,Appartement,25.0,300000.0,12000.0,2024-07-10
Le Mans,72181,72000,Appartement,46.0,132000.0,2869.57,2024-06-27
Le Mans,72181,72000,Appartement,60.0,174500.0,2908.33,2024-06-27
Sablé-sur-Sarthe,72264,72300,Maison,78.0,140000.0,1794.87,2024-07-10
Le Mans,72181,72000,Maison,64.0,200000.0,3125.0,2024-07-10
Allonnes,72003,72700,Maison,73.0,142000.0,1945.21,2024-07-11
Le Luart,72172,72390,Maison,105.0,152000.0,1447.62,2024-06-28
Le Luart,72172,72390,Maison,105.0,152000.0,1447.62,2024-06-28
Joué-en-Charnie,72149,72540,Maison,90.0,150000.0,1666.67,2024-06-28
Joué-en-Charnie,72149,72540,Maison,90.0,150000.0,1666.67,2024-06-28
Sargé-lès-le-Mans,72328,72190,Maison,100.0,200000.0,2000.0,2024-07-09
Sargé-lès-le-Mans,72328,72190,Maison,100.0,200000.0,2000.0,2024-07-09
Loué,72168,72540,Maison,67.0,90000.0,1343.28,2024-06-27
Loué,72168,72540,Maison,67.0,90000.0,1343.28,2024-06-27
Connerré,72090,72160,Maison,151.0,227000.0,1503.31,2024-07-10
Connerré,72090,72160,Maison,151.0,227000.0,1503.31,2024-07-10
La Flèche,72154,72200,Maison,95.0,225000.0,2368.42,2024-07-08
La Flèche,72154,72200,Maison,95.0,225000.0,2368.42,2024-07-08
Le Mans,72181,72000,Maison,95.0,270000.0,2842.11,2024-07-10
Lombron,72165,72450,Maison,135.0,165000.0,1222.22,2024-06-26
Lombron,72165,72450,Maison,135.0,165000.0,1222.22,2024-06-26
Saint-Pierre-des-Bois,72312,72430,Maison,67.0,46000.0,686.57,2024-06-28
Lavardin,72157,72240,Maison,340.0,520000.0,1529.41,2024-06-26
Lavardin,72157,72240,Maison,340.0,520000.0,1529.41,2024-06-26
La Bazoge,72024,72650,Maison,95.0,58800.0,618.95,2024-06-27
Savigné-l'Évêque,72329,72460,Maison,76.0,175000.0,2302.63,2024-07-01
Torcé-en-Vallée,72359,72110,Maison,84.0,170000.0,2023.81,2024-06-28
Joué-l'Abbé,72150,72380,Maison,112.0,112000.0,1000.0,2024-07-01
Souillé,72338,72380,Maison,153.0,279000.0,1823.53,2024-07-05
Le Mans,72181,72000,Maison,80.0,140000.0,1750.0,2024-06-25
Loué,72168,72540,Maison,148.0,160000.0,1081.08,2024-06-26
Montfort-le-Gesnois,72241,72450,Maison,108.0,77000.0,712.96,2024-05-23
Brette-les-Pins,72047,72250,Maison,80.0,105000.0,1312.5,2024-06-26
Le Mans,72181,72000,Maison,158.0,359900.0,2277.85,2024-06-27
Neuville-sur-Sarthe,72217,72190,Maison,138.0,380000.0,2753.62,2024-06-28
Ballon-Saint Mars,72023,72290,Maison,81.0,85000.0,1049.38,2024-07-05
Saint-Pavace,72310,72190,Maison,85.0,254800.0,2997.65,2024-06-27
Bonnétable,72039,72110,Maison,134.0,53000.0,395.52,2024-07-01
Bazouges Cré sur Loir,72025,72200,Maison,91.0,110000.0,1208.79,2024-06-28
Bazouges Cré sur Loir,72025,72200,Maison,91.0,110000.0,1208.79,2024-06-28
La Guierche,72147,72380,Maison,112.0,215000.0,1919.64,2024-07-01
Coulaines,72095,72190,Maison,85.0,206000.0,2423.53,2024-07-01
Saint-Paterne - Le Chevain,72308,72610,Maison,133.0,332035.0,2496.5,2024-06-19
Sablé-sur-Sarthe,72264,72300,Maison,42.0,70000.0,1666.67,2024-07-09
Sablé-sur-Sarthe,72264,72300,Maison,120.0,92500.0,770.83,2024-07-09
Le Mans,72181,72000,Appartement,25.0,70000.0,2800.0,2024-06-27
Juigné-sur-Sarthe,72151,72300,Maison,117.0,190000.0,1623.93,2024-07-05
Neuville-sur-Sarthe,72217,72190,Maison,118.0,295000.0,2500.0,2024-07-02
Le Mans,72181,72000,Appartement,26.0,54000.0,2076.92,2024-07-12
Le Mans,72181,72100,Appartement,49.0,86000.0,1755.1,2024-07-12
Sablé-sur-Sarthe,72264,72300,Appartement,78.0,73500.0,942.31,2024-07-03
Le Mans,72181,72100,Appartement,81.0,79000.0,975.31,2024-06-28
Juigné-sur-Sarthe,72151,72300,Maison,98.0,130000.0,1326.53,2024-06-28
Sablé-sur-Sarthe,72264,72300,Maison,96.0,140000.0,1458.33,2024-07-09
Le Mans,72181,72100,Maison,209.0,425000.0,2033.49,2024-06-27
Chahaignes,72052,72340,Maison,50.0,23000.0,460.0,2024-06-28
Le Mans,72181,72000,Maison,72.0,265000.0,3680.56,2024-07-12
Le Mans,72181,72000,Maison,26.0,265000.0,10192.31,2024-07-12
Vibraye,72373,72320,Maison,66.0,162000.0,2454.55,2024-07-01
Coulans-sur-Gée,72096,72550,Maison,85.0,192000.0,2258.82,2024-06-28
Beaumont-Pied-de-Bœuf,72028,72500,Maison,181.0,240000.0,1325.97,2024-07-05
Beaumont-Pied-de-Bœuf,72028,72500,Maison,181.0,240000.0,1325.97,2024-07-05
Brains-sur-Gée,72045,72550,Maison,115.0,173250.0,1506.52,2024-06-28
Le Mans,72181,72000,Maison,76.0,118000.0,1552.63,2024-07-03
Nuillé-le-Jalais,72224,72370,Maison,86.0,95000.0,1104.65,2024-06-18
Le Mans,72181,72000,Maison,162.0,345000.0,2129.63,2024-07-11
Montval-sur-Loir,72071,72500,Maison,65.0,80000.0,1230.77,2024-06-14
Aigné,72001,72650,Maison,82.0,222000.0,2707.32,2024-07-11
Noyen-sur-Sarthe,72223,72430,Maison,80.0,126000.0,1575.0,2024-07-10
Noyen-sur-Sarthe,72223,72430,Maison,66.0,126000.0,1909.09,2024-07-10
Le Mans,72181,72000,Appartement,43.0,114390.0,2660.23,2024-07-01
Sargé-lès-le-Mans,72328,72190,Maison,130.0,357000.0,2746.15,2024-07-10
Lombron,72165,72450,Maison,110.0,237000.0,2154.55,2024-07-11
Lombron,72165,72450,Maison,110.0,237000.0,2154.55,2024-07-11
Le Grand-Lucé,72143,72150,Maison,135.0,85000.0,629.63,2024-06-28
Nogent-sur-Loir,72221,72500,Maison,121.0,125000.0,1033.06,2024-06-28
Loir en Vallée,72262,72340,Maison,130.0,139000.0,1069.23,2024-06-27
Le Mans,72181,72100,Appartement,42.0,92000.0,2190.48,2024-07-12
Le Mans,72181,72000,Maison,120.0,345000.0,2875.0,2024-07-05
Souillé,72338,72380,Maison,121.0,260000.0,2148.76,2024-07-02
Le Mans,72181,72000,Appartement,17.0,78500.0,4617.65,2024-07-04
Nogent-le-Bernard,72220,72110,Maison,50.0,28200.0,564.0,2024-07-12
Chenu,72077,72500,Maison,105.0,65000.0,619.05,2024-06-27
Lamnay,72156,72320,Maison,96.0,165000.0,1718.75,2024-07-09
Le Mans,72181,72100,Maison,71.0,180000.0,2535.21,2024-07-02
Le Lude,72176,72800,Maison,70.0,92000.0,1314.29,2024-07-11
Saint-Aubin-des-Coudrais,72267,72400,Maison,84.0,165000.0,1964.29,2024-07-12
Le Mans,72181,72000,Appartement,24.0,75000.0,3125.0,2024-07-03
Lavardin,72157,72240,Maison,230.0,465000.0,2021.74,2024-07-09
Lavardin,72157,72240,Maison,230.0,465000.0,2021.74,2024-07-09
La Flèche,72154,72200,Maison,94.0,82500.0,877.66,2024-06-19
Teloché,72350,72220,Maison,168.0,240000.0,1428.57,2024-07-10
Beaumont-Pied-de-Bœuf,72028,72500,Maison,73.0,99000.0,1356.16,2024-07-12
Le Mans,72181,72000,Maison,207.0,407000.0,1966.18,2024-06-21
Le Grand-Lucé,72143,72150,Maison,69.0,65000.0,942.03,2024-06-24
Courdemanche,72103,72150,Maison,76.0,92000.0,1210.53,2024-06-27
Courdemanche,72103,72150,Maison,76.0,92000.0,1210.53,2024-06-27
Courdemanche,72103,72150,Maison,76.0,92000.0,1210.53,2024-06-27
Cogners,72085,72310,Maison,67.0,50000.0,746.27,2024-07-11
Cogners,72085,72310,Maison,67.0,50000.0,746.27,2024-07-11
Le Mans,72181,72000,Appartement,71.0,137800.0,1940.85,2024-06-26
La Milesse,72198,72650,Maison,53.0,65000.0,1226.42,2024-07-09
Sougé-le-Ganelon,72337,72130,Maison,96.0,35000.0,364.58,2024-06-28
Loir en Vallée,72262,72340,Maison,60.0,64000.0,1066.67,2024-06-28
Contilly,72091,72600,Maison,82.0,115000.0,1402.44,2024-07-15
Contilly,72091,72600,Maison,82.0,115000.0,1402.44,2024-07-15
Ardenay-sur-Mérize,72007,72370,Maison,131.0,213000.0,1625.95,2024-07-01
Ardenay-sur-Mérize,72007,72370,Maison,131.0,213000.0,1625.95,2024-07-01
Le Mans,72181,72000,Maison,86.0,130000.0,1511.63,2024-07-09
La Ferté-Bernard,72132,72400,Maison,83.0,108800.0,1310.84,2024-06-28
Le Mans,72181,72000,Maison,114.0,365000.0,3201.75,2024-07-05
Assé-le-Boisne,72011,72130,Maison,71.0,20000.0,281.69,2024-06-28
Saint-Saturnin,72320,72650,Maison,118.0,345000.0,2923.73,2024-07-08
Luceau,72173,72500,Maison,360.0,240000.0,666.67,2024-07-04
Luceau,72173,72500,Maison,360.0,240000.0,666.67,2024-07-04
Le Mans,72181,72000,Appartement,28.0,39000.0,1392.86,2024-07-09
Le Mans,72181,72100,Maison,97.0,206000.0,2123.71,2024-07-08
La Chapelle-du-Bois,72062,72400,Maison,91.0,165000.0,1813.19,2024-07-16
La Flèche,72154,72200,Maison,121.0,250000.0,2066.12,2024-07-12
Théligny,72353,72320,Maison,158.0,165372.0,1046.66,2024-06-26
Guécélard,72146,72230,Maison,88.0,138000.0,1568.18,2024-07-11
Soulitré,72341,72370,Maison,253.0,710000.0,2806.32,2024-07-12
Soulitré,72341,72370,Maison,253.0,710000.0,2806.32,2024-07-12
Montfort-le-Gesnois,72241,72450,Maison,85.0,174000.0,2047.06,2024-07-10
Le Mans,72181,72100,Appartement,79.0,61000.0,772.15,2024-07-11
Le Mans,72181,72000,Appartement,43.0,72000.0,1674.42,2024-07-12
Saint-Célerin,72271,72110,Maison,93.0,140700.0,1512.9,2024-07-08
Le Mans,72181,72100,Maison,52.0,800000.0,15384.62,2024-06-27
Le Mans,72181,72100,Maison,112.0,800000.0,7142.86,2024-06-27
Le Mans,72181,72000,Maison,250.0,590000.0,2360.0,2024-07-12
Moncé-en-Belin,72200,72230,Maison,140.0,221000.0,1578.57,2024-07-15
Le Mans,72181,72000,Maison,135.0,160000.0,1185.19,2024-07-10
Saint-Jean-de-la-Motte,72291,72510,Maison,180.0,37500.0,208.33,2024-07-04
Saint-Jean-de-la-Motte,72291,72510,Maison,180.0,37500.0,208.33,2024-07-04
Le Mans,72181,72000,Maison,160.0,345000.0,2156.25,2024-07-11
Le Mans,72181,72000,Appartement,63.0,150000.0,2380.95,2024-07-10
Neufchâtel-en-Saosnois,72215,72600,Maison,87.0,40000.0,459.77,2024-07-01
La Ferté-Bernard,72132,72400,Maison,115.0,288000.0,2504.35,2024-07-02
La Ferté-Bernard,72132,72400,Maison,115.0,288000.0,2504.35,2024-07-02
Le Mans,72181,72000,Appartement,41.0,100000.0,2439.02,2024-07-11
Mamers,72180,72600,Maison,56.0,102000.0,1821.43,2024-07-03
Le Mans,72181,72000,Appartement,65.0,142600.0,2193.85,2024-07-05
Le Mans,72181,72000,Appartement,60.0,142600.0,2376.67,2024-07-05
Coulaines,72095,72190,Maison,75.0,162000.0,2160.0,2024-07-15
Le Mans,72181,72000,Appartement,26.0,28000.0,1076.92,2024-07-04
Saint-Longis,72295,72600,Maison,89.0,147000.0,1651.69,2024-07-08
Le Mans,72181,72000,Maison,310.0,675000.0,2177.42,2024-07-12
Brette-les-Pins,72047,72250,Maison,71.0,140000.0,1971.83,2024-07-15
Courgains,72104,72260,Maison,86.0,91500.0,1063.95,2024-07-04
Neufchâtel-en-Saosnois,72215,72600,Maison,78.0,80000.0,1025.64,2024-07-04
Montbizot,72205,72380,Maison,90.0,169000.0,1877.78,2024-06-27
Montbizot,72205,72380,Maison,90.0,169000.0,1877.78,2024-06-27
Le Mans,72181,72000,Appartement,74.0,205000.0,2770.27,2024-07-08
Malicorne-sur-Sarthe,72179,72270,Maison,60.0,39000.0,650.0,2024-06-28
Le Mans,72181,72000,Maison,206.0,505000.0,2451.46,2024-07-02
La Flèche,72154,72200,Maison,97.0,230000.0,2371.13,2024-07-11
Coulongé,72098,72800,Maison,205.0,320000.0,1560.98,2024-07-13
Coulongé,72098,72800,Maison,205.0,320000.0,1560.98,2024-07-13
Coulongé,72098,72800,Maison,205.0,320000.0,1560.98,2024-07-13
Yvré-l'Évêque,72386,72530,Maison,107.0,274000.0,2560.75,2024-06-19
Yvré-l'Évêque,72386,72530,Maison,107.0,274000.0,2560.75,2024-06-19
Bazouges Cré sur Loir,72025,72200,Maison,90.0,110000.0,1222.22,2024-07-10
Bazouges Cré sur Loir,72025,72200,Maison,90.0,110000.0,1222.22,2024-07-10
Bazouges Cré sur Loir,72025,72200,Maison,90.0,110000.0,1222.22,2024-07-10
Le Mans,72181,72100,Maison,78.0,185000.0,2371.79,2024-06-21
Le Mans,72181,72000,Appartement,88.0,245000.0,2784.09,2024-07-11
Saint-Michel-de-Chavaignes,72303,72440,Maison,80.0,135000.0,1687.5,2024-07-13
Saint-Michel-de-Chavaignes,72303,72440,Maison,80.0,135000.0,1687.5,2024-07-13
Le Mans,72181,72000,Maison,70.0,138500.0,1978.57,2024-07-09
Louplande,72169,72210,Maison,70.0,140000.0,2000.0,2024-07-11
Louplande,72169,72210,Maison,70.0,140000.0,2000.0,2024-07-11
Louplande,72169,72210,Maison,70.0,140000.0,2000.0,2024-07-11
Écommoy,72124,72220,Maison,9.0,32000.0,3555.56,2024-07-16
Écommoy,72124,72220,Maison,9.0,32000.0,3555.56,2024-07-16
Écommoy,72124,72220,Maison,9.0,32000.0,3555.56,2024-07-16
Rouillon,72257,72700,Maison,112.0,310000.0,2767.86,2024-07-15
Le Mans,72181,72100,Maison,84.0,176100.0,2096.43,2024-07-10
Allonnes,72003,72700,Maison,101.0,151000.0,1495.05,2024-07-15
Beaumont-sur-Sarthe,72029,72170,Maison,144.0,200000.0,1388.89,2024-06-27
La Suze-sur-Sarthe,72346,72210,Maison,72.0,129000.0,1791.67,2024-07-12
Laigné-en-Belin,72155,72220,Maison,102.0,240000.0,2352.94,2024-07-16
Laigné-en-Belin,72155,72220,Maison,102.0,240000.0,2352.94,2024-07-16
Étival-lès-le-Mans,72127,72700,Maison,84.0,215000.0,2559.52,2024-07-09
Montreuil-le-Henri,72210,72150,Maison,108.0,90000.0,833.33,2024-06-27
Souillé,72338,72380,Maison,190.0,323000.0,1700.0,2024-07-05
Souillé,72338,72380,Maison,190.0,323000.0,1700.0,2024-07-05
Le Mans,72181,72100,Appartement,35.0,70000.0,2000.0,2024-07-15
Le Mans,72181,72000,Appartement,53.0,120000.0,2264.15,2024-07-11
Chaufour-Notre-Dame,72073,72550,Maison,172.0,232000.0,1348.84,2024-07-11
Chaufour-Notre-Dame,72073,72550,Maison,172.0,232000.0,1348.84,2024-07-11
Le Mans,72181,72000,Maison,145.0,267000.0,1841.38,2024-07-10
Sargé-lès-le-Mans,72328,72190,Maison,127.0,287000.0,2259.84,2024-06-27
Le Mans,72181,72100,Maison,96.0,124000.0,1291.67,2024-07-10
Savigné-l'Évêque,72329,72460,Maison,76.0,153000.0,2013.16,2024-06-25
Villaines-la-Carelle,72374,72600,Maison,94.0,68000.0,723.4,2024-07-16
La Ferté-Bernard,72132,72400,Appartement,82.0,198620.0,2422.2,2024-07-16
Le Mans,72181,72000,Appartement,12.0,17500.0,1458.33,2024-07-10
Neufchâtel-en-Saosnois,72215,72600,Maison,56.0,26000.0,464.29,2024-07-05
Surfonds,72345,72370,Maison,123.0,90000.0,731.71,2024-07-12
Surfonds,72345,72370,Maison,123.0,90000.0,731.71,2024-07-12
Le Mans,72181,72000,Maison,69.0,167000.0,2420.29,2024-07-09
Le Mans,72181,72000,Maison,87.0,147500.0,1695.4,2024-07-10
Le Mans,72181,72100,Maison,109.0,178000.0,1633.03,2024-07-12
Malicorne-sur-Sarthe,72179,72270,Maison,161.0,215000.0,1335.4,2024-07-04
Malicorne-sur-Sarthe,72179,72270,Maison,63.0,215000.0,3412.7,2024-07-04
Chaufour-Notre-Dame,72073,72550,Maison,102.0,90000.0,882.35,2024-07-15
La Suze-sur-Sarthe,72346,72210,Maison,108.0,175000.0,1620.37,2024-07-12
Le Mans,72181,72000,Appartement,56.0,90000.0,1607.14,2024-07-08
Étival-lès-le-Mans,72127,72700,Maison,90.0,170000.0,1888.89,2024-07-10
Le Mans,72181,72000,Appartement,18.0,42000.0,2333.33,2024-06-27
Étival-lès-le-Mans,72127,72700,Maison,97.0,214000.0,2206.19,2024-07-15
Joué-l'Abbé,72150,72380,Maison,89.0,145000.0,1629.21,2024-07-09
Le Mans,72181,72000,Maison,89.0,190000.0,2134.83,2024-07-02
Coulaines,72095,72190,Maison,149.0,365750.0,2454.7,2024-07-10
Saint-Léonard-des-Bois,72294,72130,Maison,32.0,72000.0,2250.0,2024-06-27
Oizé,72226,72330,Maison,117.0,166000.0,1418.8,2024-06-24
Le Mans,72181,72100,Maison,113.0,220000.0,1946.9,2024-06-27
Le Mans,72181,72000,Appartement,20.0,50000.0,2500.0,2024-07-16
Saint-Calais,72269,72120,Maison,64.0,78000.0,1218.75,2024-07-12
Le Mans,72181,72000,Maison,82.0,179352.0,2187.22,2024-07-15
Le Mans,72181,72000,Maison,85.0,225000.0,2647.06,2024-07-17
Le Mans,72181,72000,Appartement,77.0,124330.0,1614.68,2024-07-17
Connerré,72090,72160,Maison,97.0,193000.0,1989.69,2024-07-05
Malicorne-sur-Sarthe,72179,72270,Maison,83.0,175000.0,2108.43,2024-06-18
Connerré,72090,72160,Maison,74.0,119000.0,1608.11,2024-07-04
Le Mans,72181,72000,Appartement,40.0,86500.0,2162.5,2024-07-08
Champagné,72054,72470,Maison,109.0,137000.0,1256.88,2024-06-25
Le Mans,72181,72000,Maison,75.0,205000.0,2733.33,2024-06-20
Val d'Étangson,72128,72120,Maison,83.0,40000.0,481.93,2024-07-05
La Chapelle-Huon,72064,72310,Maison,65.0,65000.0,1000.0,2024-06-28
Saint-Mars-de-Locquenay,72298,72440,Maison,98.0,1999500.0,20403.06,2024-07-03
Le Mans,72181,72000,Appartement,42.0,125000.0,2976.19,2024-07-12
Sillé-le-Guillaume,72334,72140,Maison,82.0,80000.0,975.61,2024-07-18
Le Mans,72181,72000,Maison,99.0,300000.0,3030.3,2024-07-04
Mulsanne,72213,72230,Maison,70.0,135000.0,1928.57,2024-07-18
La Chapelle-d'Aligné,72061,72300,Maison,128.0,185000.0,1445.31,2024-07-17
La Chapelle-d'Aligné,72061,72300,Maison,128.0,185000.0,1445.31,2024-07-17
La Flèche,72154,72200,Maison,60.0,130000.0,2166.67,2024-06-27
Conflans-sur-Anille,72087,72120,Maison,53.0,20000.0,377.36,2024-06-27
Saint-Calais,72269,72120,Maison,80.0,76000.0,950.0,2024-07-08
Saint-Calais,72269,72120,Appartement,62.0,45000.0,725.81,2024-07-12
Sainte-Cérotte,72272,72120,Maison,92.0,60000.0,652.17,2024-07-15
Sablé-sur-Sarthe,72264,72300,Maison,73.0,92000.0,1260.27,2024-07-10
Saint-Pierre-des-Bois,72312,72430,Maison,86.0,123000.0,1430.23,2024-07-12
Saint-Pierre-des-Bois,72312,72430,Maison,86.0,123000.0,1430.23,2024-07-12
Blèves,72037,72600,Maison,231.0,214500.0,928.57,2024-07-09
Bonnétable,72039,72110,Maison,130.0,126300.0,971.54,2024-07-05
Saint-Longis,72295,72600,Maison,160.0,124000.0,775.0,2024-07-05
Saint-Longis,72295,72600,Maison,160.0,124000.0,775.0,2024-07-05
Saint-Ouen-de-Mimbré,72305,72130,Maison,128.0,480000.0,3750.0,2024-07-12
Saint-Ouen-de-Mimbré,72305,72130,Maison,128.0,480000.0,3750.0,2024-07-12
Saint-Ouen-de-Mimbré,72305,72130,Maison,128.0,480000.0,3750.0,2024-07-12
Saint-Rémy-des-Monts,72316,72600,Maison,74.0,80000.0,1081.08,2024-07-11
Saint-Rémy-des-Monts,72316,72600,Maison,74.0,80000.0,1081.08,2024-07-11
Gesnes-le-Gandelin,72141,72130,Maison,85.0,137000.0,1611.76,2024-07-15
Sablé-sur-Sarthe,72264,72300,Maison,77.0,55000.0,714.29,2024-06-25
Oisseau-le-Petit,72225,72610,Maison,78.0,95000.0,1217.95,2024-07-06
Le Mans,72181,72000,Maison,75.0,160000.0,2133.33,2024-07-05
Saint-Jean-d'Assé,72290,72380,Maison,105.0,122000.0,1161.9,2024-07-04
Congé-sur-Orne,72088,72290,Maison,36.0,15500.0,430.56,2024-07-01
Trangé,72360,72650,Maison,127.0,294000.0,2314.96,2024-07-18
Trangé,72360,72650,Maison,127.0,294000.0,2314.96,2024-07-18
Le Mans,72181,72000,Appartement,30.0,97800.0,3260.0,2024-07-17
Assé-le-Boisne,72011,72130,Maison,90.0,60000.0,666.67,2024-07-10
Saint-Jean-d'Assé,72290,72380,Maison,112.0,185000.0,1651.79,2024-07-05
Le Mans,72181,72100,Maison,88.0,156000.0,1772.73,2024-07-09
Le Mans,72181,72000,Appartement,55.0,104000.0,1890.91,2024-07-03
Le Mans,72181,72000,Appartement,37.0,82000.0,2216.22,2024-07-09
Fresnay-sur-Sarthe,72138,72130,Maison,68.0,65000.0,955.88,2024-07-13
Le Mans,72181,72000,Maison,114.0,240000.0,2105.26,2024-07-11
Villaines-sous-Malicorne,72377,72270,Maison,105.0,245000.0,2333.33,2024-07-18
Beaumont-sur-Sarthe,72029,72170,Maison,47.0,94500.0,2010.64,2024-07-11
La Ferté-Bernard,72132,72400,Maison,117.0,360000.0,3076.92,2024-07-09
Vion,72378,72300,Maison,110.0,210000.0,1909.09,2024-07-12
Sablé-sur-Sarthe,72264,72300,Maison,49.0,87500.0,1785.71,2024-07-15
Pruillé-l'Éguillé,72248,72150,Maison,85.0,90000.0,1058.82,2024-07-11
Longnes,72166,72540,Maison,75.0,25250.0,336.67,2024-07-09
Villeneuve-en-Perseigne,72137,72600,Maison,139.0,165000.0,1187.05,2024-07-19
Ruaudin,72260,72230,Appartement,48.0,80000.0,1666.67,2024-07-18
Loir en Vallée,72262,72310,Maison,52.0,42000.0,807.69,2024-07-16
Sainte-Jamme-sur-Sarthe,72289,72380,Maison,141.0,192000.0,1361.7,2024-07-12
Beaumont-sur-Sarthe,72029,72170,Maison,59.0,50000.0,847.46,2024-07-09
Vion,72378,72300,Maison,62.0,160000.0,2580.65,2024-07-12
Montbizot,72205,72380,Maison,93.0,203000.0,2182.8,2024-07-11
Aubigné-Racan,72013,72800,Maison,159.0,38000.0,238.99,2024-07-04
Aubigné-Racan,72013,72800,Maison,159.0,38000.0,238.99,2024-07-04
La Ferté-Bernard,72132,72400,Appartement,20.0,50000.0,2500.0,2024-06-14
Saint-Pierre-des-Ormes,72313,72600,Maison,116.0,90000.0,775.86,2024-07-19
Le Mans,72181,72100,Maison,80.0,175000.0,2187.5,2024-07-18
Saint-Marceau,72297,72170,Maison,195.0,92100.0,472.31,2024-06-28
Sablé-sur-Sarthe,72264,72300,Appartement,80.0,82000.0,1025.0,2024-07-08
Le Mans,72181,72000,Appartement,30.0,59000.0,1966.67,2024-07-10
Écommoy,72124,72220,Maison,190.0,200000.0,1052.63,2024-07-19
Le Mans,72181,72100,Appartement,47.0,110000.0,2340.43,2024-07-18
Le Mans,72181,72000,Maison,95.0,135000.0,1421.05,2024-07-16
Le Mans,72181,72000,Appartement,25.0,64000.0,2560.0,2024-07-17
La Suze-sur-Sarthe,72346,72210,Appartement,94.0,95400.0,1014.89,2024-07-10
La Suze-sur-Sarthe,72346,72210,Maison,158.0,95400.0,603.8,2024-07-10
La Suze-sur-Sarthe,72346,72210,Appartement,38.0,95400.0,2510.53,2024-07-10
La Suze-sur-Sarthe,72346,72210,Appartement,27.0,95400.0,3533.33,2024-07-10
La Suze-sur-Sarthe,72346,72210,Appartement,50.0,95400.0,1908.0,2024-07-10
La Suze-sur-Sarthe,72346,72210,Appartement,50.0,95400.0,1908.0,2024-07-10
La Suze-sur-Sarthe,72346,72210,Appartement,50.0,95400.0,1908.0,2024-07-10
La Suze-sur-Sarthe,72346,72210,Appartement,50.0,95400.0,1908.0,2024-07-10
La Suze-sur-Sarthe,72346,72210,Maison,99.0,153000.0,1545.45,2024-07-15
Yvré-le-Pôlin,72385,72330,Maison,80.0,117000.0,1462.5,2024-07-16
Le Mans,72181,72000,Maison,79.0,170000.0,2151.9,2024-07-15
Teillé,72349,72290,Maison,64.0,190000.0,2968.75,2024-07-05
Teillé,72349,72290,Maison,30.0,190000.0,6333.33,2024-07-05
La Fontaine-Saint-Martin,72135,72330,Maison,54.0,55000.0,1018.52,2024-07-16
Mamers,72180,72600,Appartement,35.0,100000.0,2857.14,2024-06-27
Mamers,72180,72600,Appartement,35.0,100000.0,2857.14,2024-06-27
Le Mans,72181,72100,Maison,89.0,154000.0,1730.34,2024-07-15
Beaumont-sur-Sarthe,72029,72170,Maison,85.0,140000.0,1647.06,2024-06-27
Le Mans,72181,72000,Maison,90.0,205000.0,2277.78,2024-07-15
Le Mans,72181,72000,Maison,92.0,198000.0,2152.17,2024-07-15
Coulaines,72095,72190,Maison,77.0,130000.0,1688.31,2024-07-16
Mamers,72180,72600,Maison,56.0,36500.0,651.79,2024-07-12
Allonnes,72003,72700,Maison,86.0,110000.0,1279.07,2024-07-12
Arçonnay,72006,72610,Maison,166.0,360000.0,2168.67,2024-07-17
Arçonnay,72006,72610,Maison,166.0,360000.0,2168.67,2024-07-17
Arçonnay,72006,72610,Maison,166.0,360000.0,2168.67,2024-07-17
Marolles-les-Braults,72189,72260,Appartement,45.0,30300.0,673.33,2024-07-04
Marolles-les-Braults,72189,72260,Appartement,36.0,30300.0,841.67,2024-07-04
Sargé-lès-le-Mans,72328,72190,Maison,90.0,208000.0,2311.11,2024-07-15
Marolles-les-Braults,72189,72260,Appartement,42.0,70700.0,1683.33,2024-07-04
Marolles-les-Braults,72189,72260,Appartement,40.0,70700.0,1767.5,2024-07-04
Doucelles,72120,72170,Maison,146.0,260300.0,1782.88,2024-07-01
Doucelles,72120,72170,Maison,146.0,260300.0,1782.88,2024-07-01
Le Mans,72181,72100,Appartement,61.0,83000.0,1360.66,2024-07-09
Monhoudou,72202,72260,Maison,140.0,160000.0,1142.86,2024-07-04
Monhoudou,72202,72260,Maison,140.0,160000.0,1142.86,2024-07-04
Mamers,72180,72600,Maison,280.0,251030.0,896.54,2024-07-17
Le Mans,72181,72000,Maison,152.0,487500.0,3207.24,2024-07-17
Le Mans,72181,72100,Maison,194.0,293000.0,1510.31,2024-07-18
Le Mans,72181,72000,Maison,160.0,354000.0,2212.5,2024-07-18
Le Mans,72181,72000,Maison,71.0,162990.0,2295.63,2024-07-15
Le Lude,72176,72800,Maison,160.0,10000.0,62.5,2024-06-25
Allonnes,72003,72700,Appartement,48.0,70000.0,1458.33,2024-07-19
Le Mans,72181,72000,Appartement,68.0,180000.0,2647.06,2024-06-24
Savigné-sous-le-Lude,72330,72800,Maison,85.0,90000.0,1058.82,2024-07-18
Savigné-sous-le-Lude,72330,72800,Maison,85.0,90000.0,1058.82,2024-07-18
Le Mans,72181,72000,Maison,76.0,86000.0,1131.58,2024-07-18
Le Mans,72181,72000,Appartement,66.0,121000.0,1833.33,2024-07-16
Guécélard,72146,72230,Maison,94.0,141000.0,1500.0,2024-07-16
Guécélard,72146,72230,Maison,94.0,141000.0,1500.0,2024-07-16
Chantenay-Villedieu,72059,72430,Maison,88.0,40000.0,454.55,2024-07-16
Le Mans,72181,72100,Maison,81.0,220000.0,2716.05,2024-07-15
Le Mans,72181,72000,Maison,70.0,180000.0,2571.43,2024-07-19
Le Mans,72181,72000,Appartement,31.0,82754.0,2669.48,2024-07-12
La Suze-sur-Sarthe,72346,72210,Maison,60.0,75000.0,1250.0,2024-07-17
Beaumont-sur-Sarthe,72029,72170,Maison,26.0,14000.0,538.46,2024-07-10
Beaumont-sur-Sarthe,72029,72170,Maison,51.0,14000.0,274.51,2024-07-10
Rouessé-Fontaine,72254,72610,Maison,87.0,56000.0,643.68,2024-07-23
Rouessé-Fontaine,72254,72610,Maison,87.0,56000.0,643.68,2024-07-23
La Flèche,72154,72200,Maison,92.0,130000.0,1413.04,2024-07-11
Le Grand-Lucé,72143,72150,Maison,65.0,120000.0,1846.15,2024-07-08
Le Grand-Lucé,72143,72150,Maison,65.0,120000.0,1846.15,2024-07-08
Le Grand-Lucé,72143,72150,Maison,69.0,85000.0,1231.88,2024-07-04
Luceau,72173,72500,Maison,96.0,82900.0,863.54,2024-07-19
Coulongé,72098,72800,Maison,59.0,100000.0,1694.92,2024-07-19
La Ferté-Bernard,72132,72400,Maison,88.0,248724.38,2826.41,2024-04-05
La Ferté-Bernard,72132,72400,Maison,88.0,248724.38,2826.41,2024-04-05
Champagné,72054,72470,Maison,168.0,184500.0,1098.21,2024-06-28
Champagné,72054,72470,Maison,168.0,184500.0,1098.21,2024-06-28
Dollon,72118,72390,Maison,35.0,137000.0,3914.29,2024-07-17
Dollon,72118,72390,Maison,45.0,137000.0,3044.44,2024-07-17
Le Mans,72181,72000,Maison,100.0,247000.0,2470.0,2024-07-22
Montaillé,72204,72120,Maison,100.0,200000.0,2000.0,2024-07-03
Montaillé,72204,72120,Maison,100.0,200000.0,2000.0,2024-07-03
Le Mans,72181,72100,Appartement,43.0,50000.0,1162.79,2024-06-28
La Ferté-Bernard,72132,72400,Maison,98.0,90000.0,918.37,2024-07-23
Le Mans,72181,72000,Appartement,70.0,112900.0,1612.86,2024-07-16
Le Mans,72181,72000,Appartement,25.0,72432.0,2897.28,2024-07-22
Sargé-lès-le-Mans,72328,72190,Maison,82.0,272000.0,3317.07,2024-07-16
Le Mans,72181,72100,Appartement,61.0,96000.0,1573.77,2024-07-18
Allonnes,72003,72700,Maison,102.0,220000.0,2156.86,2024-07-16
Le Mans,72181,72000,Appartement,66.0,115000.0,1742.42,2024-07-02
Le Mans,72181,72000,Appartement,90.0,128000.0,1422.22,2024-07-24
Le Mans,72181,72000,Maison,134.0,395000.0,2947.76,2024-07-19
Parigné-l'Évêque,72231,72250,Maison,143.0,286530.0,2003.71,2024-07-19
Ardenay-sur-Mérize,72007,72370,Maison,104.0,217000.0,2086.54,2024-07-19
Le Mans,72181,72000,Maison,190.0,420000.0,2210.53,2024-07-11
Écommoy,72124,72220,Maison,96.0,185000.0,1927.08,2024-07-23
Écommoy,72124,72220,Maison,96.0,185000.0,1927.08,2024-07-23
Écommoy,72124,72220,Maison,100.0,150000.0,1500.0,2024-07-23
La Suze-sur-Sarthe,72346,72210,Maison,68.0,100000.0,1470.59,2024-07-19
Le Mans,72181,72000,Maison,120.0,169500.0,1412.5,2024-07-23
La Milesse,72198,72650,Maison,107.0,230000.0,2149.53,2024-07-17
La Milesse,72198,72650,Maison,107.0,230000.0,2149.53,2024-07-17
Ruaudin,72260,72230,Maison,149.0,215000.0,1442.95,2024-07-23
Ruaudin,72260,72230,Maison,149.0,215000.0,1442.95,2024-07-23
Le Mans,72181,72000,Maison,160.0,253000.0,1581.25,2024-07-19
Le Mans,72181,72000,Maison,160.0,253000.0,1581.25,2024-07-19
Malicorne-sur-Sarthe,72179,72270,Maison,77.0,154000.0,2000.0,2024-07-19
Teloché,72350,72220,Maison,177.0,315000.0,1779.66,2024-07-22
Teloché,72350,72220,Maison,177.0,315000.0,1779.66,2024-07-22
Allonnes,72003,72700,Maison,117.0,232000.0,1982.91,2024-07-19
Le Mans,72181,72000,Maison,148.0,200000.0,1351.35,2024-07-22
Le Mans,72181,72000,Maison,209.0,312500.0,1495.22,2024-06-26
Mansigné,72182,72510,Maison,50.0,27000.0,540.0,2024-07-01
Allonnes,72003,72700,Maison,106.0,215000.0,2028.3,2024-07-23
Allonnes,72003,72700,Maison,106.0,215000.0,2028.3,2024-07-23
Étival-lès-le-Mans,72127,72700,Maison,105.0,238000.0,2266.67,2024-07-22
Roézé-sur-Sarthe,72253,72210,Maison,174.0,260000.0,1494.25,2024-07-16
Roézé-sur-Sarthe,72253,72210,Maison,174.0,260000.0,1494.25,2024-07-16
Guécélard,72146,72230,Maison,90.0,190580.0,2117.56,2024-07-16
Le Mans,72181,72000,Appartement,20.0,53000.0,2650.0,2024-07-04
La Chapelle-du-Bois,72062,72400,Maison,92.0,170000.0,1847.83,2024-07-16
Fyé,72139,72610,Maison,116.0,112800.0,972.41,2024-07-08
Le Mans,72181,72100,Maison,46.0,82000.0,1782.61,2024-07-19
Le Mans,72181,72000,Appartement,60.0,120000.0,2000.0,2024-07-05
Saint-Jean-d'Assé,72290,72380,Maison,120.0,182000.0,1516.67,2024-07-22
Le Mans,72181,72000,Appartement,44.0,87000.0,1977.27,2024-07-23
Le Lude,72176,72800,Maison,84.0,335000.0,3988.1,2024-07-15
Le Mans,72181,72000,Maison,101.0,152000.0,1504.95,2024-07-11
Le Mans,72181,72000,Appartement,40.0,79500.0,1987.5,2024-07-15
Arnage,72008,72230,Maison,94.0,248000.0,2638.3,2024-07-12
Arnage,72008,72230,Maison,94.0,248000.0,2638.3,2024-07-12
Le Mans,72181,72100,Maison,66.0,140000.0,2121.21,2024-07-19
Souligné-Flacé,72339,72210,Maison,100.0,148000.0,1480.0,2024-07-17
Souligné-Flacé,72339,72210,Maison,100.0,148000.0,1480.0,2024-07-17
Le Mans,72181,72000,Maison,93.0,308000.0,3311.83,2024-07-04
Lamnay,72156,72320,Maison,83.0,130000.0,1566.27,2024-06-27
Lamnay,72156,72320,Maison,83.0,130000.0,1566.27,2024-06-27
Malicorne-sur-Sarthe,72179,72270,Maison,22.0,9000.0,409.09,2024-07-03
Courgenard,72105,72320,Maison,160.0,175000.0,1093.75,2024-07-19
Douillet,72121,72130,Maison,110.0,98000.0,890.91,2024-07-17
Noyen-sur-Sarthe,72223,72430,Maison,75.0,90000.0,1200.0,2024-07-22
Saint-Aubin-des-Coudrais,72267,72400,Maison,120.0,195000.0,1625.0,2024-07-04
Saint-Aubin-des-Coudrais,72267,72400,Maison,120.0,195000.0,1625.0,2024-07-04
Saint-Aubin-des-Coudrais,72267,72400,Maison,120.0,195000.0,1625.0,2024-07-04
Le Breil-sur-Mérize,72046,72370,Maison,69.0,102000.0,1478.26,2024-07-09
Avezé,72020,72400,Maison,60.0,50000.0,833.33,2024-07-04
Le Luart,72172,72390,Maison,57.0,74000.0,1298.25,2024-07-10
Le Mans,72181,72100,Appartement,81.0,90000.0,1111.11,2024-07-19
Le Mans,72181,72000,Appartement,47.0,116000.0,2468.09,2024-07-12
Saint-Mars-d'Outillé,72299,72220,Maison,296.0,240000.0,810.81,2024-07-19
Saint-Mars-d'Outillé,72299,72220,Maison,296.0,240000.0,810.81,2024-07-19
Précigné,72244,72300,Maison,101.0,160000.0,1584.16,2024-07-09
Lombron,72165,72450,Maison,74.0,134000.0,1810.81,2024-07-11
Lombron,72165,72450,Maison,74.0,134000.0,1810.81,2024-07-11
Précigné,72244,72300,Maison,162.0,210000.0,1296.3,2024-07-08
Précigné,72244,72300,Maison,162.0,210000.0,1296.3,2024-07-08
Notre-Dame-du-Pé,72232,72300,Maison,79.0,135000.0,1708.86,2024-07-23
Coulaines,72095,72190,Maison,101.0,216000.0,2138.61,2024-07-15
Vion,72378,72300,Maison,127.0,170000.0,1338.58,2024-07-11
Vion,72378,72300,Maison,127.0,170000.0,1338.58,2024-07-11
Villeneuve-en-Perseigne,72137,72610,Maison,110.0,300000.0,2727.27,2024-07-23
Villeneuve-en-Perseigne,72137,,Maison,140.0,340000.0,2428.57,2024-07-23
Le Mans,72181,72000,Appartement,143.0,302000.0,2111.89,2024-07-23
Le Mans,72181,72000,Appartement,22.0,302000.0,13727.27,2024-07-23
La Ferté-Bernard,72132,72400,Maison,115.0,60000.0,521.74,2024-07-19
Le Mans,72181,72000,Maison,150.0,325000.0,2166.67,2024-07-12
Montfort-le-Gesnois,72241,72450,Maison,138.0,155000.0,1123.19,2024-07-11
Montfort-le-Gesnois,72241,72450,Maison,138.0,155000.0,1123.19,2024-07-11
Dollon,72118,72390,Maison,61.0,155000.0,2540.98,2024-07-19
Monhoudou,72202,72260,Maison,70.0,40000.0,571.43,2024-07-15
Sargé-lès-le-Mans,72328,72190,Maison,116.0,281000.0,2422.41,2024-07-16
Arthezé,72009,72270,Maison,45.0,50000.0,1111.11,2024-07-19
Arthezé,72009,72270,Maison,45.0,50000.0,1111.11,2024-07-19
Arthezé,72009,72270,Maison,65.0,50000.0,769.23,2024-07-19
Arthezé,72009,72270,Maison,65.0,50000.0,769.23,2024-07-19
Arthezé,72009,72270,Maison,65.0,50000.0,769.23,2024-07-19
Sainte-Sabine-sur-Longève,72319,72380,Maison,73.0,115000.0,1575.34,2024-06-12
Sainte-Sabine-sur-Longève,72319,72380,Maison,73.0,115000.0,1575.34,2024-06-12
Saint-Longis,72295,72600,Maison,104.0,48000.0,461.54,2024-07-12
Torcé-en-Vallée,72359,72110,Maison,65.0,85000.0,1307.69,2024-07-11
Torcé-en-Vallée,72359,72110,Maison,65.0,85000.0,1307.69,2024-07-11
Le Mans,72181,72000,Appartement,34.0,85000.0,2500.0,2024-07-24
Le Mans,72181,72000,Appartement,34.0,83000.0,2441.18,2024-07-22
Saint-Vincent-des-Prés,72324,72600,Maison,68.0,85000.0,1250.0,2024-07-16
Le Mans,72181,72000,Maison,92.0,186000.0,2021.74,2024-07-15
Nuillé-le-Jalais,72224,72370,Maison,73.0,135000.0,1849.32,2024-07-12
Nuillé-le-Jalais,72224,72370,Maison,73.0,135000.0,1849.32,2024-07-12
Nuillé-le-Jalais,72224,72370,Maison,73.0,135000.0,1849.32,2024-07-12
Montval-sur-Loir,72071,72500,Maison,111.0,130000.0,1171.17,2024-07-18
Montval-sur-Loir,72071,72500,Maison,93.0,130000.0,1397.85,2024-07-18
Le Mans,72181,72000,Appartement,43.0,90000.0,2093.02,2024-07-22
Vaas,72364,72500,Maison,127.0,108000.0,850.39,2024-07-19
Vaas,72364,72500,Maison,127.0,108000.0,850.39,2024-07-19
Loir en Vallée,72262,72340,Maison,26.0,16000.0,615.38,2024-07-24
Loir en Vallée,72262,72340,Maison,26.0,16000.0,615.38,2024-07-24
Teloché,72350,72220,Maison,105.0,220000.0,2095.24,2024-07-24
Le Mans,72181,72000,Appartement,98.0,180000.0,1836.73,2024-07-24
Connerré,72090,72160,Maison,127.0,196000.0,1543.31,2024-07-12
Sillé-le-Guillaume,72334,72140,Maison,90.0,85000.0,944.44,2024-07-22
Le Grand-Lucé,72143,72150,Maison,150.0,215000.0,1433.33,2024-07-25
Le Mans,72181,72100,Maison,60.0,75000.0,1250.0,2024-06-26
Mulsanne,72213,72230,Maison,83.0,200000.0,2409.64,2024-07-22
Arnage,72008,72230,Maison,62.0,129390.0,2086.94,2024-06-26
Le Mans,72181,72100,Maison,88.0,148000.0,1681.82,2024-07-24
Sougé-le-Ganelon,72337,72130,Maison,130.0,180000.0,1384.62,2024-07-20
Connerré,72090,72160,Maison,80.0,54000.0,675.0,2024-07-23
Sablé-sur-Sarthe,72264,72300,Maison,81.0,170000.0,2098.77,2024-06-28
Conlie,72089,72240,Maison,63.0,93000.0,1476.19,2024-07-25
Conlie,72089,72240,Maison,10.0,93000.0,9300.0,2024-07-25
Le Mans,72181,72000,Maison,70.0,155000.0,2214.29,2024-07-12
Arnage,72008,72230,Maison,85.0,175000.0,2058.82,2024-07-29
Le Mans,72181,72100,Maison,72.0,159000.0,2208.33,2024-07-12
Bessé-sur-Braye,72035,72310,Maison,86.0,60000.0,697.67,2024-07-18
Bessé-sur-Braye,72035,72310,Maison,76.0,30000.0,394.74,2024-07-18
Montval-sur-Loir,72071,72500,Maison,45.0,70000.0,1555.56,2024-07-12
Laigné-en-Belin,72155,72220,Maison,117.0,143000.0,1222.22,2024-07-12
Le Mans,72181,72100,Appartement,54.0,69900.0,1294.44,2024-07-11
Saint-Maixent,72296,72320,Maison,151.0,180000.0,1192.05,2024-07-26
Le Mans,72181,72000,Appartement,31.0,200000.0,6451.61,2024-07-25
Le Mans,72181,72000,Appartement,28.0,200000.0,7142.86,2024-07-25
Changé,72058,72560,Maison,160.0,315000.0,1968.75,2024-07-09
Le Mans,72181,72000,Maison,67.0,160000.0,2388.06,2024-07-20
Le Mans,72181,72100,Appartement,75.0,93000.0,1240.0,2024-07-24
Gréez-sur-Roc,72144,72320,Maison,180.0,329000.0,1827.78,2024-07-18
Saint-Longis,72295,72600,Maison,73.0,90000.0,1232.88,2024-07-17
Le Mans,72181,72000,Maison,91.0,225000.0,2472.53,2024-07-22
Changé,72058,72560,Maison,200.0,463000.0,2315.0,2024-07-09
Changé,72058,72560,Maison,200.0,463000.0,2315.0,2024-07-09
Vion,72378,72300,Maison,117.0,140000.0,1196.58,2024-07-24
Vion,72378,72300,Maison,117.0,140000.0,1196.58,2024-07-24
Brette-les-Pins,72047,72250,Maison,140.0,320000.0,2285.71,2024-07-18
Le Mans,72181,72000,Maison,100.0,229500.0,2295.0,2024-07-12
Le Mans,72181,72000,Maison,49.0,229500.0,4683.67,2024-07-12
Sablé-sur-Sarthe,72264,72300,Appartement,70.0,115000.0,1642.86,2024-07-19
La Guierche,72147,72380,Maison,101.0,251500.0,2490.1,2024-07-12
Parigné-l'Évêque,72231,72250,Maison,137.0,235000.0,1715.33,2024-07-15
Parigné-l'Évêque,72231,72250,Maison,137.0,235000.0,1715.33,2024-07-15
Flée,72134,72500,Maison,45.0,60000.0,1333.33,2024-07-26
Flée,72134,72500,Maison,45.0,60000.0,1333.33,2024-07-26
Flée,72134,72500,Maison,45.0,60000.0,1333.33,2024-07-26
Le Mans,72181,72000,Maison,155.0,230000.0,1483.87,2024-07-16
Changé,72058,72560,Maison,61.0,110000.0,1803.28,2024-07-24
Mayet,72191,72360,Maison,152.0,291500.0,1917.76,2024-07-26
Mayet,72191,72360,Maison,152.0,291500.0,1917.76,2024-07-26
Avoise,72021,72430,Maison,93.0,100800.0,1083.87,2024-07-16
Le Mans,72181,72000,Appartement,67.0,125000.0,1865.67,2024-07-17
Le Mans,72181,72000,Maison,90.0,170000.0,1888.89,2024-07-25
Boëssé-le-Sec,72038,72400,Maison,61.0,86000.0,1409.84,2024-07-24
Boëssé-le-Sec,72038,72400,Maison,61.0,86000.0,1409.84,2024-07-24
Allonnes,72003,72700,Maison,68.0,182500.0,2683.82,2024-07-15
Le Mans,72181,72000,Maison,95.0,235000.0,2473.68,2024-07-01
Le Mans,72181,72000,Maison,90.0,170000.0,1888.89,2024-07-24
Le Mans,72181,72000,Appartement,18.0,78000.0,4333.33,2024-07-24
Sargé-lès-le-Mans,72328,72190,Maison,92.0,220000.0,2391.3,2024-07-12
Mamers,72180,72600,Maison,48.0,20000.0,416.67,2024-07-24
Mayet,72191,72360,Maison,70.0,154000.0,2200.0,2024-07-10
Mayet,72191,72360,Maison,70.0,154000.0,2200.0,2024-07-10
Mayet,72191,72360,Maison,70.0,154000.0,2200.0,2024-07-10
Saint-Mars-de-Locquenay,72298,72440,Maison,92.0,87000.0,945.65,2024-07-16
Le Lude,72176,72800,Maison,109.0,70000.0,642.2,2024-07-25
Le Lude,72176,72800,Maison,87.0,139000.0,1597.7,2024-07-26
Sainte-Sabine-sur-Longève,72319,72380,Maison,71.0,53500.0,753.52,2024-07-24
Lombron,72165,72450,Maison,103.0,213000.0,2067.96,2024-07-26
Loir en Vallée,72262,72340,Maison,69.0,80000.0,1159.42,2024-07-24
Loir en Vallée,72262,72340,Maison,69.0,80000.0,1159.42,2024-07-24
Le Mans,72181,72000,Maison,105.0,150943.39,1437.56,2024-07-18
Saint-Aubin-des-Coudrais,72267,72400,Maison,105.0,165000.0,1571.43,2024-07-26
Connerré,72090,72160,Maison,40.0,94000.0,2350.0,2024-07-26
Montval-sur-Loir,72071,72500,Maison,108.0,126000.0,1166.67,2024-07-26
La Flèche,72154,72200,Maison,75.0,115000.0,1533.33,2024-07-26
Fillé,72133,72210,Maison,150.0,140000.0,933.33,2024-07-25
Fillé,72133,72210,Maison,150.0,140000.0,933.33,2024-07-25
Le Mans,72181,72100,Appartement,37.0,54054.0,1460.92,2024-07-26
Le Mans,72181,72100,Maison,126.0,275000.0,2182.54,2024-07-29
Le Mans,72181,72000,Maison,135.0,418090.0,3096.96,2024-07-19
Mamers,72180,72600,Maison,85.0,37000.0,435.29,2024-07-24
Le Bailleul,72022,72200,Maison,32.0,88000.0,2750.0,2024-07-18
Louailles,72167,72300,Maison,70.0,118000.0,1685.71,2024-06-17
Loué,72168,72540,Maison,88.0,125000.0,1420.45,2024-07-18
Saint-Calais,72269,72120,Maison,106.0,92000.0,867.92,2024-07-04
Noyen-sur-Sarthe,72223,72430,Maison,122.0,178000.0,1459.02,2024-07-10
Noyen-sur-Sarthe,72223,72430,Maison,122.0,178000.0,1459.02,2024-07-10
Cérans-Foulletourte,72051,72330,Maison,137.0,240000.0,1751.82,2024-07-29
Ballon-Saint Mars,72023,72290,Maison,53.0,70000.0,1320.75,2024-07-20
Parcé-sur-Sarthe,72228,72300,Maison,60.0,20000.0,333.33,2024-07-23
Parcé-sur-Sarthe,72228,72300,Maison,60.0,20000.0,333.33,2024-07-23
Cérans-Foulletourte,72051,72330,Maison,82.0,119500.0,1457.32,2024-07-26
Champagné,72054,72470,Maison,82.0,120000.0,1463.41,2024-07-23
Le Mans,72181,72000,Maison,340.0,720000.0,2117.65,2024-07-26
Le Mans,72181,72000,Maison,340.0,720000.0,2117.65,2024-07-26
Ségrie,72332,72170,Maison,103.0,155000.0,1504.85,2024-07-25
Ségrie,72332,72170,Maison,103.0,155000.0,1504.85,2024-07-25
Le Mans,72181,72000,Maison,137.0,360000.0,2627.74,2024-07-03
Courcebœufs,72099,72290,Maison,101.0,160000.0,1584.16,2024-07-25
Sillé-le-Philippe,72335,72460,Maison,78.0,115000.0,1474.36,2024-07-17
Le Mans,72181,72100,Appartement,74.0,160000.0,2162.16,2024-07-25
Saint-Michel-de-Chavaignes,72303,72440,Maison,69.0,182000.0,2637.68,2024-07-12
Saint-Michel-de-Chavaignes,72303,72440,Maison,69.0,182000.0,2637.68,2024-07-12
Beaumont-sur-Sarthe,72029,72170,Maison,122.0,200000.0,1639.34,2024-07-26
Lombron,72165,72450,Maison,71.0,145000.0,2042.25,2024-07-25
La Flèche,72154,72200,Maison,130.0,179600.0,1381.54,2024-07-26
Champagné,72054,72470,Maison,84.0,145000.0,1726.19,2024-07-26
La Fontaine-Saint-Martin,72135,72330,Maison,107.0,36500.0,341.12,2024-07-05
Lombron,72165,72450,Maison,160.0,162000.0,1012.5,2024-07-25
Brette-les-Pins,72047,72250,Maison,130.0,195000.0,1500.0,2024-07-26
Changé,72058,72560,Maison,169.0,280000.0,1656.8,2024-07-12
Changé,72058,72560,Maison,169.0,280000.0,1656.8,2024-07-12
Le Mans,72181,72000,Appartement,18.0,47000.0,2611.11,2024-07-29
Le Mans,72181,72100,Maison,120.0,217000.0,1808.33,2024-07-15
Le Mans,72181,72000,Appartement,48.0,90000.0,1875.0,2024-07-26
La Guierche,72147,72380,Maison,93.0,221000.0,2376.34,2024-07-22
Le Mans,72181,72000,Maison,65.0,133000.0,2046.15,2024-07-05
Le Mans,72181,72000,Maison,96.0,173935.0,1811.82,2024-07-23
Moncé-en-Belin,72200,72230,Maison,69.0,149000.0,2159.42,2024-07-26
Parcé-sur-Sarthe,72228,72300,Maison,87.0,72000.0,827.59,2024-07-06
Parcé-sur-Sarthe,72228,72300,Maison,87.0,72000.0,827.59,2024-07-06
Sablé-sur-Sarthe,72264,72300,Maison,92.0,72000.0,782.61,2024-07-06
Bessé-sur-Braye,72035,72310,Maison,72.0,95000.0,1319.44,2024-06-14
Bessé-sur-Braye,72035,72310,Maison,72.0,95000.0,1319.44,2024-06-14
Bouër,72041,72390,Maison,75.0,112000.0,1493.33,2024-07-29
Le Mans,72181,72000,Appartement,34.0,42000.0,1235.29,2024-07-26
Brette-les-Pins,72047,72250,Maison,180.0,327000.0,1816.67,2024-07-15
Brette-les-Pins,72047,72250,Maison,180.0,327000.0,1816.67,2024-07-15
Chemiré-en-Charnie,72074,72540,Maison,86.0,60000.0,697.67,2024-07-25
Yvré-l'Évêque,72386,72530,Maison,129.0,255000.0,1976.74,2024-07-12
Yvré-l'Évêque,72386,72530,Maison,129.0,255000.0,1976.74,2024-07-12
Le Mans,72181,72000,Maison,71.0,116500.0,1640.85,2024-07-19
Ancinnes,72005,72610,Maison,230.0,200000.0,869.57,2024-07-16
Gesnes-le-Gandelin,72141,72130,Maison,66.0,195000.0,2954.55,2024-07-16
Aigné,72001,72650,Maison,127.0,285000.0,2244.09,2024-07-17
Pruillé-le-Chétif,72247,72700,Maison,102.0,175000.0,1715.69,2024-07-19
Pruillé-le-Chétif,72247,72700,Maison,102.0,175000.0,1715.69,2024-07-19
Brûlon,72050,72350,Maison,55.0,68000.0,1236.36,2024-07-27
Changé,72058,72560,Maison,75.0,170000.0,2266.67,2024-07-15
Noyen-sur-Sarthe,72223,72430,Maison,70.0,106000.0,1514.29,2024-07-09
Le Mans,72181,72000,Maison,167.0,400000.0,2395.21,2024-07-25
Coulaines,72095,72190,Maison,60.0,166780.0,2779.67,2024-07-25
Laigné-en-Belin,72155,72220,Maison,92.0,148000.0,1608.7,2024-07-26
Le Mans,72181,72100,Appartement,40.0,75000.0,1875.0,2024-07-11
Le Mans,72181,72100,Appartement,54.0,73000.0,1351.85,2024-07-24
Le Mans,72181,72100,Appartement,15.0,36000.0,2400.0,2024-07-25
Le Mans,72181,72000,Appartement,48.0,70000.0,1458.33,2024-07-26
Le Mans,72181,72000,Appartement,86.0,195000.0,2267.44,2024-07-29
Le Mans,72181,72000,Maison,107.0,210352.0,1965.91,2024-07-25
Soulitré,72341,72370,Maison,192.0,99310.0,517.24,2024-07-30
Teloché,72350,72220,Maison,122.0,525000.0,4303.28,2024-07-25
Teloché,72350,72220,Maison,122.0,525000.0,4303.28,2024-07-25
Fatines,72129,72470,Maison,98.0,175000.0,1785.71,2024-07-30
Fatines,72129,72470,Maison,98.0,175000.0,1785.71,2024-07-30
Bessé-sur-Braye,72035,72310,Maison,104.0,34300.0,329.81,2024-07-26
Écommoy,72124,72220,Maison,101.0,215000.0,2128.71,2024-07-26
Notre-Dame-du-Pé,72232,72300,Maison,140.0,100000.0,714.29,2024-07-18
Saint-Paterne - Le Chevain,72308,72610,Maison,93.0,161000.0,1731.18,2024-07-24
Saint-Paterne - Le Chevain,72308,72610,Maison,93.0,161000.0,1731.18,2024-07-24
Mayet,72191,72360,Maison,99.0,98000.0,989.9,2024-07-30
Pontvallain,72243,72510,Maison,69.0,115000.0,1666.67,2024-07-30
Pontvallain,72243,72510,Maison,69.0,115000.0,1666.67,2024-07-30
Pontvallain,72243,72510,Maison,69.0,115000.0,1666.67,2024-07-30
Laigné-en-Belin,72155,72220,Maison,87.0,183900.0,2113.79,2024-07-24
Le Bailleul,72022,72200,Maison,76.0,150000.0,1973.68,2024-07-22
Beaumont-sur-Dême,72027,72340,Maison,133.0,86000.0,646.62,2024-07-24
Montval-sur-Loir,72071,72500,Maison,71.0,85000.0,1197.18,2024-07-30
La Chartre-sur-le-Loir,72068,72340,Maison,87.0,110500.0,1270.11,2024-07-31
Le Mans,72181,72000,Appartement,61.0,80000.0,1311.48,2024-07-29
Mézières-sur-Ponthouin,72196,72290,Maison,98.0,91630.0,935.0,2024-07-31
Le Mans,72181,72100,Maison,70.0,159000.0,2271.43,2024-07-26
La Flèche,72154,72200,Maison,122.0,100000.0,819.67,2024-07-26
Écommoy,72124,72220,Maison,361.0,540000.0,1495.84,2024-07-25
Écommoy,72124,72220,Maison,361.0,540000.0,1495.84,2024-07-25
La Flèche,72154,72200,Maison,103.0,260000.0,2524.27,2024-07-19
Flée,72134,72500,Maison,42.0,27000.0,642.86,2024-07-25
Le Mans,72181,72000,Appartement,70.0,139000.0,1985.71,2024-07-29
Le Lude,72176,72800,Maison,92.0,153000.0,1663.04,2024-07-19
La Chartre-sur-le-Loir,72068,72340,Maison,25.0,30000.0,1200.0,2024-07-30
Le Mans,72181,72000,Appartement,84.0,209000.0,2488.1,2024-07-23
Le Mans,72181,72000,Maison,114.0,270800.0,2375.44,2024-07-26
Ruaudin,72260,72230,Maison,168.0,350000.0,2083.33,2024-07-25
Arnage,72008,72230,Maison,333.0,600000.0,1801.8,2024-07-12
Arnage,72008,72230,Maison,333.0,600000.0,1801.8,2024-07-12
Coulaines,72095,72190,Appartement,50.0,98850.0,1977.0,2024-07-25
Fresnay-sur-Sarthe,72138,72130,Maison,70.0,87000.0,1242.86,2024-07-25
Mulsanne,72213,72230,Maison,165.0,60000.0,363.64,2024-07-26
Ancinnes,72005,72610,Maison,63.0,38000.0,603.17,2024-07-25
Ancinnes,72005,72610,Maison,30.0,38000.0,1266.67,2024-07-25
Yvré-l'Évêque,72386,72530,Maison,85.0,144000.0,1694.12,2024-07-12
Changé,72058,72560,Maison,104.0,221000.0,2125.0,2024-07-24
Dollon,72118,72390,Maison,88.0,107000.0,1215.91,2024-07-23
Rouperroux-le-Coquet,72259,72110,Maison,40.0,80000.0,2000.0,2024-07-30
Cherré-Au,72080,72400,Maison,150.0,255000.0,1700.0,2024-07-12
Cherré-Au,72080,72400,Maison,150.0,255000.0,1700.0,2024-07-12
Le Mans,72181,72000,Maison,89.0,180000.0,2022.47,2024-07-18
Saint-Michel-de-Chavaignes,72303,72440,Maison,62.0,40000.0,645.16,2024-07-23
Chenu,72077,72500,Maison,75.0,40000.0,533.33,2024-07-26
Chenu,72077,72500,Maison,75.0,40000.0,533.33,2024-07-26
Le Mans,72181,72000,Appartement,41.0,100000.0,2439.02,2024-07-15
Dollon,72118,72390,Maison,120.0,150000.0,1250.0,2024-07-19
Préval,72245,72400,Maison,67.0,110000.0,1641.79,2024-07-08
Le Mans,72181,72000,Appartement,63.0,109000.0,1730.16,2024-07-19
La Ferté-Bernard,72132,72400,Maison,82.0,137000.0,1670.73,2024-07-16
La Ferté-Bernard,72132,72400,Maison,82.0,137000.0,1670.73,2024-07-16
Le Mans,72181,72000,Appartement,44.0,80000.0,1818.18,2024-07-29
Teloché,72350,72220,Maison,56.0,135000.0,2410.71,2024-07-29
Teloché,72350,72220,Maison,56.0,135000.0,2410.71,2024-07-29
Saint-Calais,72269,72120,Maison,42.0,60000.0,1428.57,2024-07-25
Le Mans,72181,72000,Appartement,38.0,55000.0,1447.37,2024-07-12
Loir en Vallée,72262,72310,Maison,66.0,70000.0,1060.61,2024-07-25
Le Mans,72181,72100,Maison,142.0,435000.0,3063.38,2024-07-22
Le Mans,72181,72100,Maison,142.0,435000.0,3063.38,2024-07-22
Le Mans,72181,72000,Maison,60.0,135000.0,2250.0,2024-07-22
La Ferté-Bernard,72132,72400,Appartement,59.0,50000.0,847.46,2024-07-23
Vibraye,72373,72320,Maison,100.0,148000.0,1480.0,2024-07-23
Brette-les-Pins,72047,72250,Maison,79.0,168000.0,2126.58,2024-07-03
Rouillon,72257,72700,Maison,99.0,233000.0,2353.54,2024-07-30
Mulsanne,72213,72230,Maison,135.0,290000.0,2148.15,2024-07-30
Saint-Longis,72295,72600,Maison,85.0,86000.0,1011.76,2024-07-31
Chemiré-le-Gaudin,72075,72210,Maison,76.0,180000.0,2368.42,2024-07-30
Chemiré-le-Gaudin,72075,72210,Maison,76.0,180000.0,2368.42,2024-07-30
Le Mans,72181,72100,Appartement,60.0,115000.0,1916.67,2024-07-23
Le Mans,72181,72000,Maison,72.0,175000.0,2430.56,2024-07-24
Le Mans,72181,72000,Appartement,62.0,98000.0,1580.65,2024-07-26
Le Mans,72181,72000,Maison,56.0,65000.0,1160.71,2024-07-30
Allonnes,72003,72700,Maison,90.0,132000.0,1466.67,2024-07-30
Le Mans,72181,72000,Maison,64.0,115000.0,1796.88,2024-07-23
Le Mans,72181,72100,Appartement,61.0,80500.0,1319.67,2024-07-31
Le Mans,72181,72000,Appartement,38.0,208000.0,5473.68,2024-07-29
Le Mans,72181,72000,Appartement,25.0,208000.0,8320.0,2024-07-29
Le Mans,72181,72000,Appartement,80.0,208000.0,2600.0,2024-07-29
Coulaines,72095,72190,Appartement,61.0,52360.0,858.36,2024-07-24
Le Mans,72181,72100,Maison,68.0,110000.0,1617.65,2024-07-31
La Flèche,72154,72200,Appartement,57.0,295000.0,5175.44,2024-07-31
La Flèche,72154,72200,Appartement,62.0,295000.0,4758.06,2024-07-31
La Flèche,72154,72200,Appartement,9.0,295000.0,32777.78,2024-07-31
Le Mans,72181,72100,Appartement,68.0,90000.0,1323.53,2024-07-30
Allonnes,72003,72700,Appartement,47.0,77000.0,1638.3,2024-07-12
Allonnes,72003,72700,Appartement,80.0,68000.0,850.0,2024-07-29
Allonnes,72003,72700,Maison,72.0,110000.0,1527.78,2024-07-23
Le Mans,72181,72000,Maison,165.0,465000.0,2818.18,2024-07-24
Melleray,72193,72320,Maison,150.0,159900.0,1066.0,2024-07-05
Ballon-Saint Mars,72023,72290,Maison,152.0,155000.0,1019.74,2024-07-30
Étival-lès-le-Mans,72127,72700,Maison,102.0,170000.0,1666.67,2024-07-29
Roézé-sur-Sarthe,72253,72210,Maison,88.0,180000.0,2045.45,2024-07-25
Roézé-sur-Sarthe,72253,72210,Maison,88.0,180000.0,2045.45,2024-07-25
Contilly,72091,72600,Maison,126.0,87500.0,694.44,2024-07-31
Lombron,72165,72450,Maison,110.0,230000.0,2090.91,2024-07-29
Lombron,72165,72450,Maison,110.0,230000.0,2090.91,2024-07-29
Douillet,72121,72130,Maison,76.0,60000.0,789.47,2024-07-25
Douillet,72121,72130,Maison,76.0,60000.0,789.47,2024-07-25
La Suze-sur-Sarthe,72346,72210,Maison,78.0,83000.0,1064.1,2024-07-26
Moncé-en-Belin,72200,72230,Maison,86.0,159705.0,1857.03,2024-07-29
Sablé-sur-Sarthe,72264,72300,Maison,56.0,92510.0,1651.96,2024-07-29
Sablé-sur-Sarthe,72264,72300,Maison,77.0,114000.0,1480.52,2024-07-19
La Bazoge,72024,72650,Maison,120.0,275000.0,2291.67,2024-08-01
Le Mans,72181,72000,Appartement,38.0,64400.0,1694.74,2024-07-26
Le Grez,72145,72140,Maison,150.0,18000.0,120.0,2024-07-06
Le Grez,72145,72140,Maison,150.0,18000.0,120.0,2024-07-06
Juigné-sur-Sarthe,72151,72300,Maison,107.0,143274.0,1339.01,2024-07-22
Le Mans,72181,72000,Appartement,80.0,150156.0,1876.95,2024-07-26
Neuville-sur-Sarthe,72217,72190,Maison,38.0,20000.0,526.32,2024-08-01
Mamers,72180,72600,Maison,85.0,90000.0,1058.82,2024-07-30
Le Mans,72181,72000,Maison,75.0,154000.0,2053.33,2024-07-30
Saosnes,72326,72600,Maison,85.0,173000.0,2035.29,2024-07-30
Le Mans,72181,72000,Maison,79.0,229000.0,2898.73,2024-07-29
Sillé-le-Guillaume,72334,72140,Maison,177.0,275000.0,1553.67,2024-07-23
Sillé-le-Guillaume,72334,72140,Maison,177.0,275000.0,1553.67,2024-07-23
Marçon,72183,72340,Maison,41.0,40000.0,975.61,2024-07-30
Mamers,72180,72600,Maison,90.0,70000.0,777.78,2024-07-31
Chemiré-le-Gaudin,72075,72210,Maison,138.0,210500.0,1525.36,2024-07-29
Chemiré-le-Gaudin,72075,72210,Maison,138.0,210500.0,1525.36,2024-07-29
Bessé-sur-Braye,72035,72310,Maison,97.0,150000.0,1546.39,2024-07-30
Le Mans,72181,72000,Maison,90.0,299000.0,3322.22,2024-07-30
Mamers,72180,72600,Maison,88.0,92000.0,1045.45,2024-07-30
Mamers,72180,72600,Maison,110.0,100000.0,909.09,2024-07-29
Mamers,72180,72600,Maison,54.0,100000.0,1851.85,2024-07-29
Cures,72111,72240,Maison,50.0,225000.0,4500.0,2024-07-29
Cures,72111,72240,Maison,50.0,225000.0,4500.0,2024-07-29
Le Mans,72181,72000,Appartement,25.0,65000.0,2600.0,2024-07-08
Allonnes,72003,72700,Maison,108.0,126000.0,1166.67,2024-07-26
Allonnes,72003,72700,Maison,108.0,126000.0,1166.67,2024-07-26
Sougé-le-Ganelon,72337,72130,Maison,81.0,52000.0,641.98,2024-07-27
Chenu,72077,72500,Maison,75.0,91400.0,1218.67,2024-07-31
Chenu,72077,72500,Maison,75.0,91400.0,1218.67,2024-07-31
Le Mans,72181,72000,Appartement,56.0,105000.0,1875.0,2024-08-02
Oisseau-le-Petit,72225,72610,Maison,116.0,85000.0,732.76,2024-07-10
Villeneuve-en-Perseigne,72137,72600,Maison,122.0,198000.0,1622.95,2024-07-10
Le Lude,72176,72800,Maison,121.0,222170.9,1836.12,2024-08-01
Le Lude,72176,72800,Maison,120.0,111000.0,925.0,2024-07-19
Thorée-les-Pins,72357,72800,Maison,84.0,155000.0,1845.24,2024-07-24
Yvré-le-Pôlin,72385,72330,Maison,80.0,95000.0,1187.5,2024-07-31
La Chartre-sur-le-Loir,72068,72340,Maison,124.0,58000.0,467.74,2024-08-02
Louailles,72167,72300,Maison,49.0,45000.0,918.37,2024-08-01
Louailles,72167,72300,Maison,49.0,45000.0,918.37,2024-08-01
Vaas,72364,72500,Maison,89.0,112000.0,1258.43,2024-08-01
Vaas,72364,72500,Maison,89.0,112000.0,1258.43,2024-08-01
Aubigné-Racan,72013,72800,Maison,222.0,100000.0,450.45,2024-08-01
Le Mans,72181,72000,Appartement,43.0,106000.0,2465.12,2024-07-30
La Chapelle-d'Aligné,72061,72300,Maison,52.0,33000.0,634.62,2024-07-18
La Flèche,72154,72200,Maison,58.0,130000.0,2241.38,2024-07-25
Mayet,72191,72360,Maison,132.0,194000.0,1469.7,2024-07-26
Mayet,72191,72360,Maison,132.0,194000.0,1469.7,2024-07-26
Mayet,72191,72360,Maison,132.0,194000.0,1469.7,2024-07-26
Verneil-le-Chétif,72369,72360,Maison,114.0,148000.0,1298.25,2024-08-01
Verneil-le-Chétif,72369,72360,Maison,114.0,148000.0,1298.25,2024-08-01
Verneil-le-Chétif,72369,72360,Maison,114.0,148000.0,1298.25,2024-08-01
Teloché,72350,72220,Maison,65.0,130000.0,2000.0,2024-08-01
Saint-Jean-de-la-Motte,72291,72510,Maison,70.0,139000.0,1985.71,2024-07-31
Saint-Jean-de-la-Motte,72291,72510,Maison,70.0,139000.0,1985.71,2024-07-31
Chemiré-en-Charnie,72074,72540,Maison,34.0,31000.0,911.76,2024-08-02
Chemiré-en-Charnie,72074,72540,Maison,34.0,31000.0,911.76,2024-08-02
Chemiré-en-Charnie,72074,72540,Maison,34.0,31000.0,911.76,2024-08-02
Le Mans,72181,72100,Maison,100.0,210200.0,2102.0,2024-07-15
Le Mans,72181,72000,Maison,78.0,212000.0,2717.95,2024-07-18
Teloché,72350,72220,Maison,77.0,155000.0,2012.99,2024-07-02
Cérans-Foulletourte,72051,72330,Maison,100.0,315000.0,3150.0,2024-07-24
Ségrie,72332,72170,Maison,97.0,48250.0,497.42,2024-07-31
Gréez-sur-Roc,72144,72320,Maison,70.0,20000.0,285.71,2024-07-26
Le Mans,72181,72100,Maison,54.0,75000.0,1388.89,2024-07-19
Vaas,72364,72500,Maison,82.0,129000.0,1573.17,2024-07-31
Montval-sur-Loir,72071,72500,Maison,118.0,151000.0,1279.66,2024-07-31
La Chartre-sur-le-Loir,72068,72340,Maison,195.0,173000.0,887.18,2024-07-25
Le Mans,72181,72100,Maison,86.0,171000.0,1988.37,2024-07-30
Le Mans,72181,72000,Appartement,43.0,272000.0,6325.58,2024-08-02
Le Mans,72181,72000,Appartement,55.0,272000.0,4945.45,2024-08-02
Le Mans,72181,72000,Appartement,17.0,272000.0,16000.0,2024-08-02
Le Mans,72181,72000,Appartement,35.0,272000.0,7771.43,2024-08-02
Bonnétable,72039,72110,Maison,57.0,90000.0,1578.95,2024-07-23
Spay,72344,72700,Maison,94.0,200000.0,2127.66,2024-07-29
Saint-Cosme-en-Vairais,72276,72110,Maison,70.0,180000.0,2571.43,2024-07-19
Bonnétable,72039,72110,Maison,65.0,65000.0,1000.0,2024-07-17
Allonnes,72003,72700,Appartement,51.0,74000.0,1450.98,2024-08-01
Le Mans,72181,72000,Appartement,56.0,83500.0,1491.07,2024-08-01
Le Mans,72181,72000,Appartement,67.0,167200.0,2495.52,2024-08-01
Le Mans,72181,72000,Appartement,33.0,62000.0,1878.79,2024-08-01
Le Mans,72181,72000,Appartement,97.0,214000.0,2206.19,2024-07-19
Saint-Célerin,72271,72110,Maison,80.0,181000.0,2262.5,2024-07-17
Saint-Célerin,72271,72110,Maison,80.0,181000.0,2262.5,2024-07-17
Montval-sur-Loir,72071,72500,Appartement,90.0,219000.0,2433.33,2024-07-30
Le Mans,72181,72000,Maison,133.0,629000.0,4729.32,2024-07-26
La Flèche,72154,72200,Maison,258.0,243000.0,941.86,2024-08-01
La Flèche,72154,72200,Maison,258.0,243000.0,941.86,2024-08-01
Marolles-les-Braults,72189,72260,Maison,53.0,42000.0,792.45,2024-07-16
Le Mans,72181,72000,Appartement,61.0,134390.0,2203.11,2024-07-24
Le Mans,72181,72000,Appartement,39.0,80000.0,2051.28,2024-07-18
Le Mans,72181,72100,Maison,62.0,130000.0,2096.77,2024-07-22
Le Mans,72181,72000,Maison,104.0,188000.0,1807.69,2024-07-22
Saint-Victeur,72323,72130,Maison,80.0,162000.0,2025.0,2024-08-03
Saint-Victeur,72323,72130,Maison,80.0,162000.0,2025.0,2024-08-03
La Milesse,72198,72650,Maison,97.0,250000.0,2577.32,2024-07-24
Le Mans,72181,72100,Appartement,43.0,77000.0,1790.7,2024-07-15
Le Mans,72181,72100,Appartement,69.0,100000.0,1449.28,2024-07-31
Souillé,72338,72380,Maison,109.0,229900.0,2109.17,2024-08-02
Le Mans,72181,72000,Appartement,51.0,89000.0,1745.1,2024-08-01
Le Mans,72181,72000,Appartement,73.0,147000.0,2013.7,2024-08-05
Le Mans,72181,72000,Appartement,110.0,320000.0,2909.09,2024-08-01
Le Mans,72181,72100,Appartement,56.0,51800.0,925.0,2024-07-26
Le Mans,72181,72000,Maison,158.0,420000.0,2658.23,2024-07-29
Laigné-en-Belin,72155,72220,Maison,126.0,320000.0,2539.68,2024-07-29
Laigné-en-Belin,72155,72220,Maison,126.0,320000.0,2539.68,2024-07-29
Coulaines,72095,72190,Maison,72.0,173000.0,2402.78,2024-07-30
René,72251,72260,Maison,101.0,131000.0,1297.03,2024-07-23
Saint-Calais,72269,72120,Maison,71.0,25000.0,352.11,2024-07-29
Le Mans,72181,72100,Maison,104.0,147500.0,1418.27,2024-07-25
Arnage,72008,72230,Maison,89.0,189950.0,2134.27,2024-07-31
Le Mans,72181,72000,Appartement,82.0,128000.0,1560.98,2024-07-31
Le Mans,72181,72000,Appartement,65.0,184000.0,2830.77,2024-08-05
Saint-Georges-du-Bois,72280,72700,Maison,45.0,65000.0,1444.44,2024-08-01
Mézières-sous-Lavardin,72197,72240,Maison,92.0,80000.0,869.57,2024-07-25
La Milesse,72198,72650,Maison,112.0,281000.0,2508.93,2024-07-30
Teloché,72350,72220,Maison,50.0,115000.0,2300.0,2024-08-01
Fercé-sur-Sarthe,72131,72430,Maison,130.0,116000.0,892.31,2024-07-26
Fercé-sur-Sarthe,72131,72430,Maison,130.0,116000.0,892.31,2024-07-26
Allonnes,72003,72700,Appartement,47.0,82000.0,1744.68,2024-07-31
Saint-Calais,72269,72120,Maison,28.0,20000.0,714.29,2024-07-26
Arnage,72008,72230,Maison,87.0,140000.0,1609.2,2024-08-05
Allonnes,72003,72700,Maison,96.0,129990.0,1354.06,2024-08-01
Saint-Saturnin,72320,72650,Maison,142.0,270000.0,1901.41,2024-07-29
Brains-sur-Gée,72045,72550,Maison,138.0,222500.0,1612.32,2024-07-31
Brains-sur-Gée,72045,72550,Maison,138.0,222500.0,1612.32,2024-07-31
La Quinte,72249,72550,Maison,97.0,206000.0,2123.71,2024-08-06
Conlie,72089,72240,Maison,55.0,170000.0,3090.91,2024-07-26
Saint-Saturnin,72320,72650,Maison,145.0,402000.0,2772.41,2024-07-26
Dollon,72118,72390,Maison,83.0,130000.0,1566.27,2024-08-05
Le Mans,72181,72000,Appartement,60.0,235000.0,3916.67,2024-07-31
Le Mans,72181,72000,Appartement,88.0,235000.0,2670.45,2024-07-31
Voivres-lès-le-Mans,72381,72210,Maison,106.0,195000.0,1839.62,2024-08-02
Le Mans,72181,72000,Appartement,21.0,50000.0,2380.95,2024-08-01
Étival-lès-le-Mans,72127,72700,Maison,169.0,290000.0,1715.98,2024-08-01
Le Mans,72181,72000,Maison,90.0,148000.0,1644.44,2024-08-05
Le Mans,72181,72000,Appartement,79.0,105000.0,1329.11,2024-07-24
Allonnes,72003,72700,Appartement,53.0,87000.0,1641.51,2024-08-01
Prévelles,72246,72110,Maison,120.0,245000.0,2041.67,2024-07-26
Prévelles,72246,72110,Maison,120.0,245000.0,2041.67,2024-07-26
Prévelles,72246,72110,Maison,120.0,245000.0,2041.67,2024-07-26
Prévelles,72246,72110,Maison,120.0,245000.0,2041.67,2024-07-26
Le Mans,72181,72000,Maison,60.0,277000.0,4616.67,2024-07-23
Le Mans,72181,72000,Appartement,76.0,123000.0,1618.42,2024-07-18
Savigné-sous-le-Lude,72330,72800,Maison,30.0,40000.0,1333.33,2024-07-31
Savigné-sous-le-Lude,72330,72800,Maison,42.0,40000.0,952.38,2024-07-31
Le Mans,72181,72000,Maison,95.0,184500.0,1942.11,2024-08-05
Le Mans,72181,72000,Appartement,32.0,62000.0,1937.5,2024-07-12
Dissay-sous-Courcillon,72115,72500,Maison,131.0,190000.0,1450.38,2024-07-31
Dissay-sous-Courcillon,72115,72500,Maison,131.0,190000.0,1450.38,2024-07-31
Thoiré-sur-Dinan,72356,72500,Maison,48.0,26000.0,541.67,2024-08-06
Thoiré-sur-Dinan,72356,72500,Maison,48.0,26000.0,541.67,2024-08-06
Chevillé,72083,72350,Maison,207.0,252000.0,1217.39,2024-07-30
Chevillé,72083,72350,Maison,207.0,252000.0,1217.39,2024-07-30
Cherré-Au,72080,72400,Maison,88.0,160000.0,1818.18,2024-08-07
Le Mans,72181,72000,Maison,91.0,230000.0,2527.47,2024-07-31
Le Mans,72181,72000,Appartement,13.0,52990.0,4076.15,2024-07-31
Brette-les-Pins,72047,72250,Maison,81.0,140000.0,1728.4,2024-07-26
Arnage,72008,72230,Maison,84.0,70200.0,835.71,2024-08-07
Le Mans,72181,72000,Appartement,62.0,164500.0,2653.23,2024-08-08
Le Mans,72181,72000,Appartement,27.0,164500.0,6092.59,2024-08-08
Le Mans,72181,72000,Maison,100.0,246000.0,2460.0,2024-07-19
Le Mans,72181,72000,Appartement,33.0,57250.0,1734.85,2024-08-07
Luché-Pringé,72175,72800,Maison,99.0,180000.0,1818.18,2024-07-31
Luché-Pringé,72175,72800,Maison,99.0,180000.0,1818.18,2024-07-31
Sablé-sur-Sarthe,72264,72300,Appartement,51.0,56000.0,1098.04,2024-08-01
Bazouges Cré sur Loir,72025,72200,Maison,100.0,570000.0,5700.0,2024-07-31
Bazouges Cré sur Loir,72025,72200,Maison,100.0,570000.0,5700.0,2024-07-31
Bazouges Cré sur Loir,72025,72200,Maison,200.0,570000.0,2850.0,2024-07-31
Le Mans,72181,72000,Maison,90.0,132000.0,1466.67,2024-07-29
Le Mans,72181,72000,Appartement,35.0,65000.0,1857.14,2024-08-01
Luché-Pringé,72175,72800,Maison,69.0,38000.0,550.72,2024-07-19
Le Mans,72181,72100,Maison,85.0,151500.0,1782.35,2024-07-23
Villaines-sous-Malicorne,72377,72270,Maison,105.0,170000.0,1619.05,2024-07-31
Villaines-sous-Malicorne,72377,72270,Maison,105.0,170000.0,1619.05,2024-07-31
Le Mans,72181,72000,Appartement,32.0,80000.0,2500.0,2024-08-08
Étival-lès-le-Mans,72127,72700,Maison,111.0,230000.0,2072.07,2024-08-07
Le Mans,72181,72000,Appartement,83.0,210000.0,2530.12,2024-07-22
Le Mans,72181,72000,Maison,170.0,450000.0,2647.06,2024-08-05
Coulaines,72095,72190,Appartement,32.0,55000.0,1718.75,2024-08-07
Le Mans,72181,72100,Maison,79.0,163000.0,2063.29,2024-08-07
Le Mans,72181,72000,Appartement,42.0,125500.0,2988.1,2024-07-19
Le Mans,72181,72000,Appartement,21.0,52816.0,2515.05,2024-07-19
Marolles-les-Braults,72189,72260,Maison,53.0,55000.0,1037.74,2024-07-16
La Flèche,72154,72200,Maison,153.0,100000.0,653.59,2024-07-12
Maresché,72186,72170,Maison,90.0,220000.0,2444.44,2024-07-16
Marolles-les-Braults,72189,72260,Maison,81.0,100000.0,1234.57,2024-07-25
Beaumont-sur-Sarthe,72029,72170,Appartement,50.0,67200.0,1344.0,2024-07-10
Beaumont-sur-Sarthe,72029,72170,Maison,104.0,67200.0,646.15,2024-07-10
Saint-Calais,72269,72120,Maison,117.0,110000.0,940.17,2024-08-05
Torcé-en-Vallée,72359,72110,Maison,46.0,75000.0,1630.43,2024-08-01
Mayet,72191,72360,Maison,148.0,124000.0,837.84,2024-07-16
Bonnétable,72039,72110,Maison,78.0,75000.0,961.54,2024-08-02
Bonnétable,72039,72110,Maison,78.0,75000.0,961.54,2024-08-02
Le Mans,72181,72000,Maison,140.0,362500.0,2589.29,2024-08-05
Le Mans,72181,72000,Maison,90.0,262500.0,2916.67,2024-07-16
Marolles-les-Braults,72189,72260,Maison,140.0,82500.0,589.29,2024-08-06
Le Mans,72181,72000,Appartement,55.0,66000.0,1200.0,2024-08-12
Le Mans,72181,72000,Appartement,62.0,90000.0,1451.61,2024-08-07
Le Mans,72181,72100,Maison,66.0,178000.0,2696.97,2024-08-01
Montval-sur-Loir,72071,72500,Maison,30.0,29000.0,966.67,2024-08-12
Le Mans,72181,72100,Appartement,97.0,85000.0,876.29,2024-08-12
Changé,72058,72560,Maison,111.0,320000.0,2882.88,2024-08-09
Mansigné,72182,72510,Maison,98.0,142500.0,1454.08,2024-07-20
Mansigné,72182,72510,Maison,98.0,142500.0,1454.08,2024-07-20
Le Bailleul,72022,72200,Maison,85.0,134800.0,1585.88,2024-07-24
Le Bailleul,72022,72200,Maison,76.0,134800.0,1773.68,2024-07-24
Saint-Jean-de-la-Motte,72291,72510,Maison,150.0,255000.0,1700.0,2024-07-30
Saint-Jean-de-la-Motte,72291,72510,Maison,150.0,255000.0,1700.0,2024-07-30
Mansigné,72182,72510,Maison,141.0,180000.0,1276.6,2024-07-31
Beaumont-sur-Sarthe,72029,72170,Maison,81.0,80000.0,987.65,2024-08-05
Le Mans,72181,72100,Maison,81.0,145000.0,1790.12,2024-08-06
Le Mans,72181,72000,Maison,202.0,275000.0,1361.39,2024-08-01
Arçonnay,72006,72610,Maison,90.0,90000.0,1000.0,2024-08-08
Cérans-Foulletourte,72051,72330,Maison,110.0,260000.0,2363.64,2024-08-08
Brûlon,72050,72350,Maison,87.0,50000.0,574.71,2024-07-25
Sargé-lès-le-Mans,72328,72190,Maison,130.0,321000.0,2469.23,2024-08-06
Sablé-sur-Sarthe,72264,72300,Appartement,83.0,127000.0,1530.12,2024-07-29
Montbizot,72205,72380,Maison,107.0,131000.0,1224.3,2024-07-17
Sablé-sur-Sarthe,72264,72300,Appartement,103.0,100000.0,970.87,2024-08-06
La Suze-sur-Sarthe,72346,72210,Maison,88.0,210000.0,2386.36,2024-08-01
La Suze-sur-Sarthe,72346,72210,Maison,88.0,210000.0,2386.36,2024-08-01
Pontvallain,72243,72510,Maison,40.0,45000.0,1125.0,2024-08-02
Le Mans,72181,72100,Maison,107.0,265000.0,2476.64,2024-08-06
Saint-Ouen-en-Belin,72306,72220,Maison,70.0,105000.0,1500.0,2024-08-05
Saint-Ouen-en-Belin,72306,72220,Maison,67.0,105000.0,1567.16,2024-08-05
Gesnes-le-Gandelin,72141,72130,Maison,97.0,170000.0,1752.58,2024-08-05
Gesnes-le-Gandelin,72141,72130,Maison,97.0,170000.0,1752.58,2024-08-05
Grandchamp,72142,72610,Maison,120.0,178000.0,1483.33,2024-07-31
Grandchamp,72142,72610,Maison,120.0,178000.0,1483.33,2024-07-31
Grandchamp,72142,72610,Maison,120.0,178000.0,1483.33,2024-07-31
Grandchamp,72142,72610,Maison,120.0,178000.0,1483.33,2024-07-31
Laigné-en-Belin,72155,72220,Maison,153.0,115000.0,751.63,2024-08-08
Laigné-en-Belin,72155,72220,Maison,153.0,115000.0,751.63,2024-08-08
La Flèche,72154,72200,Maison,165.0,257000.0,1557.58,2024-08-08
Le Mans,72181,72000,Maison,93.0,215000.0,2311.83,2024-07-16
Assé-le-Riboul,72012,72170,Maison,54.0,70000.0,1296.3,2024-07-18
Beaumont-sur-Sarthe,72029,72170,Appartement,45.0,140000.0,3111.11,2024-07-18
Beaumont-sur-Sarthe,72029,72170,Appartement,20.0,140000.0,7000.0,2024-07-18
Beaumont-sur-Sarthe,72029,72170,Appartement,40.0,140000.0,3500.0,2024-07-18
Beaumont-sur-Sarthe,72029,72170,Appartement,56.0,140000.0,2500.0,2024-07-18
Beaumont-sur-Sarthe,72029,72170,Appartement,30.0,140000.0,4666.67,2024-07-18
Beaumont-sur-Sarthe,72029,72170,Appartement,22.0,140000.0,6363.64,2024-07-18
Beaumont-sur-Sarthe,72029,72170,Appartement,32.0,140000.0,4375.0,2024-07-18
Beaumont-sur-Sarthe,72029,72170,Appartement,96.0,140000.0,1458.33,2024-07-18
Beaumont-sur-Sarthe,72029,72170,Appartement,45.0,140000.0,3111.11,2024-07-18
Beaumont-sur-Sarthe,72029,72170,Maison,70.0,140000.0,2000.0,2024-07-18
Beaumont-sur-Sarthe,72029,72170,Appartement,39.0,140000.0,3589.74,2024-07-18
Beaumont-sur-Sarthe,72029,72170,Appartement,38.0,140000.0,3684.21,2024-07-18
Arçonnay,72006,72610,Maison,76.0,144000.0,1894.74,2024-08-09
Mansigné,72182,72510,Maison,176.0,220000.0,1250.0,2024-08-07
Mansigné,72182,72510,Maison,176.0,220000.0,1250.0,2024-08-07
Marolles-les-Braults,72189,72260,Maison,52.0,325000.0,6250.0,2024-05-29
Marolles-les-Braults,72189,72260,Maison,56.0,325000.0,5803.57,2024-05-29
Marolles-les-Braults,72189,72260,Maison,56.0,325000.0,5803.57,2024-05-29
Marolles-les-Braults,72189,72260,Maison,72.0,150000.0,2083.33,2024-07-18
Requeil,72252,72510,Maison,81.0,80000.0,987.65,2024-08-13
Valennes,72366,72320,Maison,75.0,30000.0,400.0,2024-07-31
Saint-Ouen-en-Belin,72306,72220,Maison,100.0,178000.0,1780.0,2024-08-13
Saint-Ouen-en-Belin,72306,72220,Maison,100.0,178000.0,1780.0,2024-08-13
Précigné,72244,72300,Maison,93.0,89005.0,957.04,2024-07-26
Lucé-sous-Ballon,72174,72290,Maison,159.0,140000.0,880.5,2024-07-22
Lucé-sous-Ballon,72174,72290,Maison,159.0,140000.0,880.5,2024-07-22
Lucé-sous-Ballon,72174,72290,Maison,159.0,140000.0,880.5,2024-07-22
Lucé-sous-Ballon,72174,72290,Maison,159.0,140000.0,880.5,2024-07-22
Ancinnes,72005,72610,Maison,102.0,277900.0,2724.51,2024-07-22
Ancinnes,72005,72610,Maison,102.0,277900.0,2724.51,2024-07-22
Ancinnes,72005,72610,Maison,102.0,277900.0,2724.51,2024-07-22
Le Mans,72181,72000,Maison,94.0,178000.0,1893.62,2024-08-13
Nuillé-le-Jalais,72224,72370,Maison,86.0,145000.0,1686.05,2024-08-16
Nuillé-le-Jalais,72224,72370,Maison,86.0,145000.0,1686.05,2024-08-16
Allonnes,72003,72700,Maison,73.0,157500.0,2157.53,2024-08-14
Connerré,72090,72160,Maison,28.0,50000.0,1785.71,2024-07-25
Le Mans,72181,72100,Maison,60.0,110000.0,1833.33,2024-08-13
Connerré,72090,72160,Maison,29.0,35000.0,1206.9,2024-07-25
Le Lude,72176,72800,Maison,70.0,65000.0,928.57,2024-07-26
Saint-Georges-du-Bois,72280,72700,Maison,89.0,195000.0,2191.01,2024-08-14
Lamnay,72156,72320,Maison,71.0,116990.0,1647.75,2024-07-29
Lamnay,72156,72320,Maison,71.0,116990.0,1647.75,2024-07-29
Lamnay,72156,72320,Maison,71.0,116990.0,1647.75,2024-07-29
Lamnay,72156,72320,Maison,71.0,116990.0,1647.75,2024-07-29
Vibraye,72373,72320,Maison,81.0,67120.0,828.64,2024-07-31
Le Mans,72181,72000,Appartement,62.0,143000.0,2306.45,2024-08-09
La Ferté-Bernard,72132,72400,Maison,168.0,160500.0,955.36,2024-08-02
La Ferté-Bernard,72132,72400,Maison,168.0,160500.0,955.36,2024-08-02
Le Mans,72181,72000,Appartement,31.0,80000.0,2580.65,2024-08-12
La Milesse,72198,72650,Maison,158.0,250000.0,1582.28,2024-07-25
Neuville-sur-Sarthe,72217,72190,Maison,170.0,319000.0,1876.47,2024-07-25
Le Mans,72181,72000,Appartement,67.0,96000.0,1432.84,2024-08-07
Champagné,72054,72470,Maison,139.0,218000.0,1568.35,2024-08-13
Le Mans,72181,72000,Appartement,37.0,56000.0,1513.51,2024-08-09
Le Mans,72181,72000,Appartement,31.0,47500.0,1532.26,2024-08-01
La Ferté-Bernard,72132,72400,Appartement,63.0,65000.0,1031.75,2024-08-08
Vion,72378,72300,Maison,103.0,90000.0,873.79,2024-08-14
Vion,72378,72300,Maison,88.0,170000.0,1931.82,2024-08-14
Sainte-Jamme-sur-Sarthe,72289,72380,Maison,85.0,96500.0,1135.29,2024-07-24
Le Mans,72181,72100,Maison,106.0,272500.0,2570.75,2024-08-14
Lamnay,72156,72320,Maison,152.0,190000.0,1250.0,2024-08-12
Marigné-Laillé,72187,72220,Maison,114.0,143000.0,1254.39,2024-08-14
Marigné-Laillé,72187,72220,Maison,114.0,143000.0,1254.39,2024-08-14
Teloché,72350,72220,Maison,107.0,213000.0,1990.65,2024-08-09
Teloché,72350,72220,Maison,107.0,213000.0,1990.65,2024-08-09
Le Mans,72181,72000,Appartement,53.0,93000.0,1754.72,2024-08-09
Allonnes,72003,72700,Maison,126.0,180000.0,1428.57,2024-08-12
Arnage,72008,72230,Maison,158.0,120000.0,759.49,2024-08-09
Arnage,72008,72230,Maison,158.0,120000.0,759.49,2024-08-09
Arnage,72008,72230,Maison,158.0,120000.0,759.49,2024-08-09
Berfay,72032,72320,Maison,140.0,209900.0,1499.29,2024-08-02
Berfay,72032,72320,Maison,140.0,209900.0,1499.29,2024-08-02
Louplande,72169,72210,Maison,128.0,220000.0,1718.75,2024-08-13
Louplande,72169,72210,Maison,128.0,220000.0,1718.75,2024-08-13
Guécélard,72146,72230,Maison,93.0,170000.0,1827.96,2024-08-14
Mulsanne,72213,72230,Maison,117.0,275000.0,2350.43,2024-08-14
Mulsanne,72213,72230,Maison,117.0,275000.0,2350.43,2024-08-14
Requeil,72252,72510,Maison,88.0,164000.0,1863.64,2024-08-19
La Flèche,72154,72200,Maison,80.0,152000.0,1900.0,2024-08-01
La Flèche,72154,72200,Maison,80.0,152000.0,1900.0,2024-08-01
La Flèche,72154,72200,Maison,80.0,152000.0,1900.0,2024-08-01
Luché-Pringé,72175,72800,Maison,36.0,42000.0,1166.67,2024-08-02
Chaufour-Notre-Dame,72073,72550,Maison,83.0,142150.0,1712.65,2024-08-14
Le Mans,72181,72100,Maison,91.0,160000.0,1758.24,2024-08-19
La Suze-sur-Sarthe,72346,72210,Maison,56.0,80000.0,1428.57,2024-08-16
La Suze-sur-Sarthe,72346,72210,Maison,132.0,220000.0,1666.67,2024-08-20
Fay,72130,72550,Maison,101.0,255000.0,2524.75,2024-08-12
Dollon,72118,72390,Maison,88.0,48000.0,545.45,2024-08-13
Dollon,72118,72390,Maison,88.0,48000.0,545.45,2024-08-13
Ballon-Saint Mars,72023,72290,Maison,63.0,87000.0,1380.95,2024-08-20
Vion,72378,72300,Maison,124.0,163000.0,1314.52,2024-08-19
Malicorne-sur-Sarthe,72179,72270,Maison,82.0,79000.0,963.41,2024-08-16
Malicorne-sur-Sarthe,72179,72270,Maison,82.0,79000.0,963.41,2024-08-16
Coulans-sur-Gée,72096,72550,Maison,93.0,180000.0,1935.48,2024-07-31
Neuville-sur-Sarthe,72217,72190,Maison,135.0,270000.0,2000.0,2024-07-29
Saint-Symphorien,72321,72240,Maison,159.0,173250.0,1089.62,2024-07-29
Rouez,72256,72140,Maison,142.0,135000.0,950.7,2024-07-31
Marçon,72183,72340,Maison,54.0,60000.0,1111.11,2024-08-16
Conlie,72089,72240,Maison,85.0,80000.0,941.18,2024-07-31
Tassé,72347,72430,Maison,130.0,225000.0,1730.77,2024-08-16
Tassé,72347,72430,Maison,130.0,225000.0,1730.77,2024-08-16
Tassé,72347,72430,Maison,130.0,225000.0,1730.77,2024-08-16
Le Mans,72181,72000,Maison,120.0,165000.0,1375.0,2024-08-16
Le Mans,72181,72000,Appartement,73.0,126000.0,1726.03,2024-08-20
Le Mans,72181,72000,Maison,68.0,118000.0,1735.29,2024-08-21
Neuville-sur-Sarthe,72217,72190,Maison,140.0,338000.0,2414.29,2024-08-14
Neuville-sur-Sarthe,72217,72190,Maison,140.0,338000.0,2414.29,2024-08-14
La Guierche,72147,72380,Maison,132.0,237700.0,1800.76,2024-08-20
La Guierche,72147,72380,Maison,132.0,237700.0,1800.76,2024-08-20
Arçonnay,72006,72610,Maison,99.0,185000.0,1868.69,2024-08-20
Sargé-lès-le-Mans,72328,72190,Maison,82.0,245000.0,2987.8,2024-08-14
Sargé-lès-le-Mans,72328,72190,Maison,82.0,245000.0,2987.8,2024-08-14
Le Mans,72181,72000,Appartement,44.0,60000.0,1363.64,2024-08-20
Le Mans,72181,72100,Appartement,65.0,90000.0,1384.62,2024-08-12
Le Mans,72181,72000,Appartement,47.0,90000.0,1914.89,2024-08-12
Le Mans,72181,72100,Maison,78.0,129000.0,1653.85,2024-07-26
Écommoy,72124,72220,Maison,51.0,74000.0,1450.98,2024-08-20
Coulaines,72095,72190,Maison,89.0,227000.0,2550.56,2024-07-29
Écommoy,72124,72220,Maison,105.0,365000.0,3476.19,2024-08-20
Écommoy,72124,72220,Maison,105.0,365000.0,3476.19,2024-08-20
La Flèche,72154,72200,Appartement,50.0,166000.0,3320.0,2024-08-14
La Flèche,72154,72200,Appartement,50.0,166000.0,3320.0,2024-08-14
La Flèche,72154,72200,Appartement,83.0,166000.0,2000.0,2024-08-14
Beaumont-sur-Sarthe,72029,72170,Maison,72.0,90000.0,1250.0,2024-07-23
Le Mans,72181,72100,Appartement,79.0,139000.0,1759.49,2024-08-22
Le Mans,72181,72000,Maison,75.0,130000.0,1733.33,2024-08-21
Beaufay,72026,72110,Maison,44.0,65000.0,1477.27,2024-08-06
Saint-Aubin-des-Coudrais,72267,72400,Maison,70.0,130000.0,1857.14,2024-08-19
Beillé,72031,72160,Maison,52.0,52500.0,1009.62,2024-08-21
Beillé,72031,72160,Maison,52.0,52500.0,1009.62,2024-08-21
Beillé,72031,72160,Maison,120.0,105000.0,875.0,2024-08-20
Dollon,72118,72390,Maison,93.0,163000.0,1752.69,2024-08-21
Dollon,72118,72390,Maison,93.0,163000.0,1752.69,2024-08-21
Dollon,72118,72390,Maison,93.0,163000.0,1752.69,2024-08-21
Montbizot,72205,72380,Maison,136.0,230000.0,1691.18,2024-07-30
Le Mans,72181,72000,Appartement,12.0,20500.0,1708.33,2024-05-14
Le Mans,72181,72100,Appartement,79.0,140000.0,1772.15,2024-08-02
Le Mans,72181,72000,Maison,84.0,209000.0,2488.1,2024-07-31
Le Mans,72181,72100,Maison,102.0,158000.0,1549.02,2024-07-29
Le Mans,72181,72000,Appartement,67.0,119000.0,1776.12,2024-08-06
Le Mans,72181,72000,Maison,115.0,259435.0,2255.96,2024-07-30
La Bazoge,72024,72650,Maison,116.0,56700.0,488.79,2024-08-22
La Flèche,72154,72200,Appartement,45.0,210000.0,4666.67,2024-08-22
La Flèche,72154,72200,Appartement,45.0,210000.0,4666.67,2024-08-22
La Flèche,72154,72200,Appartement,35.0,210000.0,6000.0,2024-08-22
La Flèche,72154,72200,Appartement,43.0,210000.0,4883.72,2024-08-22
Saint-Georges-du-Rosay,72281,72110,Maison,60.0,27627.1,460.45,2024-07-31
Savigné-l'Évêque,72329,72460,Maison,96.0,210000.0,2187.5,2024-07-30
Mayet,72191,72360,Maison,73.0,30000.0,410.96,2024-08-08
Le Mans,72181,72100,Maison,87.0,159500.0,1833.33,2024-08-20
Le Mans,72181,72000,Appartement,36.0,90000.0,2500.0,2024-08-23
Le Mans,72181,72100,Appartement,61.0,44500.0,729.51,2024-08-20
Le Mans,72181,72000,Appartement,24.0,70000.0,2916.67,2024-08-20
Le Mans,72181,72100,Maison,118.0,189800.0,1608.47,2024-08-21
Précigné,72244,72300,Appartement,45.0,84150.0,1870.0,2024-08-26
Saint-Ouen-de-Mimbré,72305,72130,Maison,87.0,140000.0,1609.2,2024-08-09
Le Mans,72181,72000,Appartement,32.0,79500.0,2484.38,2024-08-12
Saint-Aubin-de-Locquenay,72266,72130,Maison,60.0,91000.0,1516.67,2024-08-10
Saint-Aubin-de-Locquenay,72266,72130,Maison,60.0,91000.0,1516.67,2024-08-10
Le Mans,72181,72000,Appartement,76.0,132000.0,1736.84,2024-08-23
Connerré,72090,72160,Maison,154.0,276000.0,1792.21,2024-08-07
Fresnay-sur-Sarthe,72138,72130,Maison,53.0,97000.0,1830.19,2024-08-08
Montbizot,72205,72380,Maison,146.0,279950.0,1917.47,2024-08-14
Montbizot,72205,72380,Maison,146.0,279950.0,1917.47,2024-08-14
Marigné-Laillé,72187,72220,Maison,30.0,19000.0,633.33,2024-08-09
Marigné-Laillé,72187,72220,Maison,30.0,19000.0,633.33,2024-08-09
Rouessé-Fontaine,72254,72610,Maison,60.0,30000.0,500.0,2024-08-07
Ruaudin,72260,72230,Maison,51.0,124000.0,2431.37,2024-08-23
Le Mans,72181,72000,Appartement,95.0,220000.0,2315.79,2024-08-08
Fresnay-sur-Sarthe,72138,72130,Maison,120.0,280000.0,2333.33,2024-08-06
Le Mans,72181,72000,Maison,85.0,172000.0,2023.53,2024-08-08
Le Mans,72181,72000,Appartement,24.0,72000.0,3000.0,2024-08-23
Précigné,72244,72300,Maison,101.0,172000.0,1702.97,2024-08-14
Précigné,72244,72300,Maison,80.0,165000.0,2062.5,2024-08-19
Mamers,72180,72600,Maison,114.0,127500.0,1118.42,2024-08-05
Villeneuve-en-Perseigne,72137,,Maison,83.0,230000.0,2771.08,2024-08-09
Meurcé,72194,72170,Maison,91.0,140000.0,1538.46,2024-07-30
Meurcé,72194,72170,Maison,91.0,140000.0,1538.46,2024-07-30
Valennes,72366,72320,Maison,70.0,105000.0,1500.0,2024-07-29
Le Mans,72181,72000,Maison,50.0,103150.0,2063.0,2024-07-31
Lombron,72165,72450,Maison,73.0,180000.0,2465.75,2024-07-29
Lombron,72165,72450,Maison,73.0,180000.0,2465.75,2024-07-29
Lombron,72165,72450,Maison,73.0,180000.0,2465.75,2024-07-29
Lombron,72165,72450,Maison,73.0,180000.0,2465.75,2024-07-29
Lombron,72165,72450,Maison,73.0,180000.0,2465.75,2024-07-29
Saint-Symphorien,72321,72240,Maison,86.0,147000.0,1709.3,2024-07-31
Yvré-l'Évêque,72386,72530,Maison,149.0,365000.0,2449.66,2024-08-21
Assé-le-Riboul,72012,72170,Maison,80.0,55000.0,687.5,2024-07-30
Assé-le-Riboul,72012,72170,Maison,34.0,15000.0,441.18,2024-07-30
Assé-le-Riboul,72012,72170,Maison,35.0,15000.0,428.57,2024-07-30
Le Mans,72181,72000,Appartement,20.0,100000.0,5000.0,2024-08-07
Le Mans,72181,72000,Appartement,21.0,100000.0,4761.9,2024-08-07
Mamers,72180,72600,Maison,84.0,27000.0,321.43,2024-08-01
Mamers,72180,72600,Maison,130.0,115000.0,884.62,2024-08-22
Le Mans,72181,72000,Appartement,53.0,130800.0,2467.92,2024-08-23
Le Mans,72181,72000,Appartement,77.0,120000.0,1558.44,2024-08-08
Arnage,72008,72230,Maison,73.0,126000.0,1726.03,2024-08-21
Sillé-le-Guillaume,72334,72140,Maison,115.0,160000.0,1391.3,2024-08-23
Ancinnes,72005,72610,Maison,172.0,312000.0,1813.95,2024-08-06
Ancinnes,72005,72610,Maison,172.0,312000.0,1813.95,2024-08-06
Ancinnes,72005,72610,Maison,172.0,312000.0,1813.95,2024-08-06
Ancinnes,72005,72610,Maison,172.0,312000.0,1813.95,2024-08-06
Ancinnes,72005,72610,Maison,172.0,312000.0,1813.95,2024-08-06
Grandchamp,72142,72610,Maison,44.0,15000.0,340.91,2024-08-01
Mézières-sur-Ponthouin,72196,72290,Maison,28.0,49000.0,1750.0,2024-08-13
Saint-Pierre-de-Chevillé,72311,72500,Maison,65.0,156000.0,2400.0,2024-08-08
Saint-Pierre-de-Chevillé,72311,72500,Maison,65.0,156000.0,2400.0,2024-08-08
Moulins-le-Carbonnel,72212,72130,Maison,156.0,55000.0,352.56,2024-08-19
Moulins-le-Carbonnel,72212,72130,Maison,156.0,55000.0,352.56,2024-08-19
Moulins-le-Carbonnel,72212,72130,Maison,156.0,55000.0,352.56,2024-08-19
La Milesse,72198,72650,Maison,193.0,568000.0,2943.01,2024-08-23
La Milesse,72198,72650,Maison,193.0,568000.0,2943.01,2024-08-23
Chérancé,72078,72170,Appartement,36.0,180000.0,5000.0,2024-08-01
Chérancé,72078,72170,Appartement,31.0,180000.0,5806.45,2024-08-01
Chérancé,72078,72170,Appartement,45.0,180000.0,4000.0,2024-08-01
Chérancé,72078,72170,Appartement,38.0,180000.0,4736.84,2024-08-01
Chérancé,72078,72170,Appartement,31.0,180000.0,5806.45,2024-08-01
Chérancé,72078,72170,Appartement,127.0,180000.0,1417.32,2024-08-01
Chérancé,72078,72170,Appartement,38.0,180000.0,4736.84,2024-08-01
Chérancé,72078,72170,Appartement,45.0,180000.0,4000.0,2024-08-01
Chérancé,72078,72170,Appartement,36.0,180000.0,5000.0,2024-08-01
Chérancé,72078,72170,Appartement,31.0,180000.0,5806.45,2024-08-01
Chérancé,72078,72170,Appartement,127.0,180000.0,1417.32,2024-08-01
Chérancé,72078,72170,Appartement,31.0,180000.0,5806.45,2024-08-01
La Flèche,72154,72200,Maison,82.0,120000.0,1463.41,2024-08-09
Saint-Saturnin,72320,72650,Maison,120.0,240000.0,2000.0,2024-08-08
Clermont-Créans,72084,72200,Maison,74.0,83000.0,1121.62,2024-07-31
Clermont-Créans,72084,72200,Maison,74.0,83000.0,1121.62,2024-07-31
La Milesse,72198,72650,Maison,107.0,220000.0,2056.07,2024-08-23
Le Mans,72181,72000,Maison,87.0,176000.0,2022.99,2024-08-26
Tuffé Val de la Chéronne,72363,72160,Maison,98.0,95000.0,969.39,2024-07-31
Marolles-les-Braults,72189,72260,Maison,81.0,78850.0,973.46,2024-08-01
Torcé-en-Vallée,72359,72110,Maison,68.0,115000.0,1691.18,2024-08-08
Rouessé-Vassé,72255,72140,Maison,112.0,40000.0,357.14,2024-08-14
Loir en Vallée,72262,72340,Maison,48.0,107000.0,2229.17,2024-08-12
Courdemanche,72103,72150,Maison,69.0,43000.0,623.19,2024-07-30
Sillé-le-Guillaume,72334,72140,Maison,70.0,108000.0,1542.86,2024-08-12
Lavernat,72160,72500,Maison,20.0,69000.0,3450.0,2024-08-05
Allonnes,72003,72700,Appartement,57.0,94000.0,1649.12,2024-08-26
Montval-sur-Loir,72071,72500,Appartement,68.0,69000.0,1014.71,2024-08-23
Montval-sur-Loir,72071,72500,Appartement,68.0,69000.0,1014.71,2024-08-23
Yvré-l'Évêque,72386,72530,Maison,200.0,520000.0,2600.0,2024-08-01
Yvré-l'Évêque,72386,72530,Maison,200.0,520000.0,2600.0,2024-08-01
Le Mans,72181,72100,Appartement,66.0,105000.0,1590.91,2024-08-26
Arnage,72008,72230,Maison,70.0,145000.0,2071.43,2024-08-14
Le Mans,72181,72100,Appartement,52.0,40000.0,769.23,2024-08-09
Villeneuve-en-Perseigne,72137,72610,Maison,180.0,85000.0,472.22,2024-07-31
Villeneuve-en-Perseigne,72137,72610,Maison,180.0,85000.0,472.22,2024-07-31
Villeneuve-en-Perseigne,72137,72610,Maison,180.0,85000.0,472.22,2024-07-31
Crosmières,72110,72200,Maison,65.0,37000.0,569.23,2024-08-07
Val d'Étangson,72128,72120,Maison,124.0,190000.0,1532.26,2024-08-08
Sablé-sur-Sarthe,72264,72300,Appartement,80.0,82083.98,1026.05,2024-08-07
Le Mans,72181,72000,Maison,58.0,129000.0,2224.14,2024-08-26
Coulaines,72095,72190,Maison,77.0,120000.0,1558.44,2024-08-26
Sablé-sur-Sarthe,72264,72300,Maison,91.0,120000.0,1318.68,2024-08-13
Bernay-Neuvy-en-Champagne,72219,72240,Maison,95.0,120000.0,1263.16,2024-08-06
Le Lude,72176,72800,Maison,70.0,120000.0,1714.29,2024-08-12
Le Lude,72176,72800,Maison,39.0,54800.0,1405.13,2024-08-28
Mayet,72191,72360,Maison,89.0,116500.0,1308.99,2024-08-13
La Bazoge,72024,72650,Maison,116.0,177500.0,1530.17,2024-07-24
Le Mans,72181,72000,Maison,112.0,235000.0,2098.21,2024-08-13
Requeil,72252,72510,Maison,148.0,50000.0,337.84,2024-08-13
La Chapelle-Saint-Aubin,72065,72650,Maison,140.0,365000.0,2607.14,2024-08-27
Beaumont-Pied-de-Bœuf,72028,72500,Maison,76.0,60000.0,789.47,2024-08-19
La Fontaine-Saint-Martin,72135,72330,Maison,170.0,195000.0,1147.06,2024-08-09
Saint-Denis-d'Orques,72278,72350,Maison,93.0,109000.0,1172.04,2024-08-09
La Flèche,72154,72200,Maison,156.0,260000.0,1666.67,2024-08-09
La Bazoge,72024,72650,Maison,65.0,157000.0,2415.38,2024-08-06
La Bazoge,72024,72650,Maison,65.0,157000.0,2415.38,2024-08-06
Fercé-sur-Sarthe,72131,72430,Maison,83.0,155000.0,1867.47,2024-08-23
Chassillé,72070,72540,Maison,160.0,426000.0,2662.5,2024-08-26
Arnage,72008,72230,Maison,90.0,199400.0,2215.56,2024-08-27
Le Mans,72181,72000,Maison,75.0,155000.0,2066.67,2024-08-23
Arnage,72008,72230,Maison,70.0,130000.0,1857.14,2024-08-22
La Milesse,72198,72650,Maison,114.0,230000.0,2017.54,2024-08-22
Le Mans,72181,72000,Appartement,65.0,127000.0,1953.85,2024-08-07
Le Mans,72181,72100,Maison,65.0,140000.0,2153.85,2024-08-26
Auvers-le-Hamon,72016,72300,Maison,61.0,33000.0,540.98,2024-08-14
Le Mans,72181,72000,Appartement,36.0,83000.0,2305.56,2024-08-27
Mamers,72180,72600,Maison,69.0,64000.0,927.54,2024-08-01
Courdemanche,72103,72150,Maison,60.0,73140.0,1219.0,2024-08-12
Courdemanche,72103,72150,Maison,60.0,73140.0,1219.0,2024-08-12
Coulaines,72095,72190,Maison,96.0,195000.0,2031.25,2024-08-05
Saint-Victeur,72323,72130,Maison,82.0,86000.0,1048.78,2024-08-01
Tennie,72351,72240,Maison,41.0,40000.0,975.61,2024-08-05
Sablé-sur-Sarthe,72264,72300,Maison,49.0,82000.0,1673.47,2024-08-14
Écorpain,72125,72120,Maison,80.0,115000.0,1437.5,2024-08-27
Le Mans,72181,72000,Appartement,46.0,125000.0,2717.39,2024-08-28
Le Mans,72181,72100,Maison,101.0,153000.0,1514.85,2024-08-26
Arçonnay,72006,72610,Maison,114.0,145000.0,1271.93,2024-08-23
Neuvillalais,72216,72240,Maison,140.0,160000.0,1142.86,2024-08-02
Brûlon,72050,72350,Maison,41.0,49800.0,1214.63,2024-07-31
Montval-sur-Loir,72071,72500,Maison,90.0,84000.0,933.33,2024-08-23
Le Mans,72181,72000,Appartement,59.0,54000.0,915.25,2024-08-05
Monhoudou,72202,72260,Maison,77.0,70000.0,909.09,2024-08-28
Monhoudou,72202,72260,Maison,77.0,70000.0,909.09,2024-08-28
Boëssé-le-Sec,72038,72400,Maison,90.0,47925.0,532.5,2024-08-27
Boëssé-le-Sec,72038,72400,Maison,90.0,47925.0,532.5,2024-08-27
Pontvallain,72243,72510,Maison,142.0,185000.0,1302.82,2024-08-14
Pontvallain,72243,72510,Maison,142.0,185000.0,1302.82,2024-08-14
Saint-Jean-de-la-Motte,72291,72510,Maison,152.0,210000.0,1381.58,2024-08-06
Le Mans,72181,72100,Maison,63.0,150000.0,2380.95,2024-08-26
La Flèche,72154,72200,Maison,142.0,243000.0,1711.27,2024-08-09
La Flèche,72154,72200,Maison,142.0,243000.0,1711.27,2024-08-09
Villaines-sous-Malicorne,72377,72270,Maison,18.0,17500.0,972.22,2024-08-09
Villaines-sous-Malicorne,72377,72270,Maison,18.0,17500.0,972.22,2024-08-09
Congé-sur-Orne,72088,72290,Maison,112.0,140000.0,1250.0,2024-08-09
Mayet,72191,72360,Maison,72.0,169000.0,2347.22,2024-08-16
Mayet,72191,72360,Maison,72.0,169000.0,2347.22,2024-08-16
Verneil-le-Chétif,72369,72360,Maison,98.0,129000.0,1316.33,2024-08-19
Souligné-sous-Ballon,72340,72290,Maison,138.0,180000.0,1304.35,2024-08-26
Le Mans,72181,72000,Appartement,68.0,75701.0,1113.25,2024-08-22
Le Mans,72181,72000,Appartement,71.0,102000.0,1436.62,2024-08-26
Le Mans,72181,72000,Maison,112.0,284000.0,2535.71,2024-08-26
Vibraye,72373,72320,Maison,62.0,62000.0,1000.0,2024-08-07
Ségrie,72332,72170,Maison,105.0,130000.0,1238.1,2024-08-29
Ségrie,72332,72170,Maison,105.0,130000.0,1238.1,2024-08-29
Le Mans,72181,72100,Appartement,72.0,73000.0,1013.89,2024-08-06
Le Lude,72176,72800,Maison,76.0,80000.0,1052.63,2024-08-20
Sablé-sur-Sarthe,72264,72300,Maison,138.0,251000.0,1818.84,2024-08-23
Sablé-sur-Sarthe,72264,72300,Maison,138.0,251000.0,1818.84,2024-08-23
Solesmes,72336,72300,Maison,97.0,155000.0,1597.94,2024-08-22
Savigné-l'Évêque,72329,72460,Maison,234.0,556000.0,2376.07,2024-08-21
Savigné-l'Évêque,72329,72460,Maison,234.0,556000.0,2376.07,2024-08-21
Torcé-en-Vallée,72359,72110,Maison,90.0,175000.0,1944.44,2024-08-20
Saint-Gervais-de-Vic,72286,72120,Maison,54.0,13500.0,250.0,2024-08-02
La Flèche,72154,72200,Maison,74.0,159000.0,2148.65,2024-08-06
Le Mans,72181,72000,Appartement,33.0,75000.0,2272.73,2024-08-06
Clermont-Créans,72084,72200,Maison,120.0,120000.0,1000.0,2024-08-23
Saint-Aignan,72265,72110,Maison,31.0,131707.0,4248.61,2024-08-23
Saint-Aignan,72265,72110,Maison,31.0,131707.0,4248.61,2024-08-23
Torcé-en-Vallée,72359,72110,Maison,100.0,190000.0,1900.0,2024-08-27
Torcé-en-Vallée,72359,72110,Maison,50.0,190000.0,3800.0,2024-08-27
Saint-Calais,72269,72120,Maison,110.0,105000.0,954.55,2024-08-19
Allonnes,72003,72700,Maison,88.0,168000.0,1909.09,2024-08-26
Le Mans,72181,72100,Appartement,60.0,58000.0,966.67,2024-08-29
Le Mans,72181,72000,Maison,76.0,214000.0,2815.79,2024-08-26
Bonnétable,72039,72110,Maison,95.0,77000.0,810.53,2024-08-28
Bonnétable,72039,72110,Maison,95.0,77000.0,810.53,2024-08-28
Le Mans,72181,72100,Appartement,56.0,110000.0,1964.29,2024-08-26
Pruillé-le-Chétif,72247,72700,Maison,79.0,216000.0,2734.18,2024-08-26
Le Mans,72181,72100,Maison,42.0,88000.0,2095.24,2024-08-07
La Suze-sur-Sarthe,72346,72210,Maison,75.0,107000.0,1426.67,2024-08-22
Le Mans,72181,72000,Appartement,20.0,53500.0,2675.0,2024-08-14
Le Mans,72181,72000,Appartement,28.0,74248.0,2651.71,2024-08-22
Bousse,72044,72270,Maison,108.0,140000.0,1296.3,2024-08-01
Avessé,72019,72350,Maison,94.0,130000.0,1382.98,2024-07-30
Avessé,72019,72350,Maison,94.0,130000.0,1382.98,2024-07-30
Le Mans,72181,72000,Appartement,22.0,53000.0,2409.09,2024-08-27
Loir en Vallée,72262,72340,Maison,65.0,190800.0,2935.38,2024-08-07
Loir en Vallée,72262,72340,Maison,65.0,190800.0,2935.38,2024-08-07
Loir en Vallée,72262,72340,Maison,65.0,190800.0,2935.38,2024-08-07
Le Mans,72181,72000,Appartement,88.0,172500.0,1960.23,2024-08-29
Lhomme,72161,72340,Maison,135.0,112603.0,834.1,2024-08-08
Lhomme,72161,72340,Maison,135.0,112603.0,834.1,2024-08-08
Valennes,72366,72320,Maison,52.0,65000.0,1250.0,2024-08-23
Le Mans,72181,72000,Maison,42.0,52000.0,1238.1,2024-08-23
Villaines-sous-Lucé,72376,72150,Maison,190.0,375000.0,1973.68,2024-08-29
Villaines-sous-Lucé,72376,72150,Maison,190.0,375000.0,1973.68,2024-08-29
Villaines-sous-Lucé,72376,72150,Maison,190.0,375000.0,1973.68,2024-08-29
Parennes,72229,72140,Maison,121.0,55000.0,454.55,2024-08-05
Le Mans,72181,72000,Maison,94.0,260352.0,2769.7,2024-08-29
Val d'Étangson,72128,72120,Maison,100.0,55000.0,550.0,2024-08-02
Joué-l'Abbé,72150,72380,Maison,59.0,108000.0,1830.51,2024-08-08
Le Mans,72181,72000,Maison,180.0,280000.0,1555.56,2024-08-28
Le Mans,72181,72100,Appartement,85.0,75000.0,882.35,2024-08-09
Sillé-le-Philippe,72335,72460,Maison,70.0,90000.0,1285.71,2024-08-22
Le Breil-sur-Mérize,72046,72370,Maison,116.0,147000.0,1267.24,2024-08-12
Aigné,72001,72650,Maison,162.0,360000.0,2222.22,2024-08-23
Aigné,72001,72650,Maison,162.0,360000.0,2222.22,2024-08-23
Le Mans,72181,72000,Maison,97.0,370000.0,3814.43,2024-08-12
Le Mans,72181,72000,Maison,123.0,311500.0,2532.52,2024-08-12
Le Mans,72181,72100,Maison,93.0,232000.0,2494.62,2024-08-29
René,72251,72260,Maison,112.0,140000.0,1250.0,2024-08-13
René,72251,72260,Maison,112.0,140000.0,1250.0,2024-08-13
René,72251,72260,Maison,33.0,140000.0,4242.42,2024-08-13
René,72251,72260,Maison,33.0,140000.0,4242.42,2024-08-13
La Ferté-Bernard,72132,72400,Maison,139.0,180000.0,1294.96,2024-08-29
La Ferté-Bernard,72132,72400,Maison,139.0,180000.0,1294.96,2024-08-29
Connerré,72090,72160,Maison,82.0,142000.0,1731.71,2024-08-13
Le Mans,72181,72000,Appartement,180.0,401000.0,2227.78,2024-08-28
Le Mans,72181,72000,Appartement,81.0,314000.0,3876.54,2024-08-27
Le Mans,72181,72000,Appartement,125.0,314000.0,2512.0,2024-08-27
Bonnétable,72039,72110,Maison,45.0,60000.0,1333.33,2024-08-30
Sillé-le-Philippe,72335,72460,Maison,88.0,150000.0,1704.55,2024-08-20
Sillé-le-Philippe,72335,72460,Maison,88.0,150000.0,1704.55,2024-08-20
Le Mans,72181,72000,Maison,65.0,180150.0,2771.54,2024-08-08
Teillé,72349,72290,Maison,140.0,65000.0,464.29,2024-08-28
Courcemont,72101,72110,Maison,58.0,125000.0,2155.17,2024-08-13
Saint-Corneille,72275,72460,Maison,160.0,240000.0,1500.0,2024-08-26
Saint-Corneille,72275,72460,Maison,160.0,240000.0,1500.0,2024-08-26
Saint-Corneille,72275,72460,Maison,160.0,240000.0,1500.0,2024-08-26
Saint-Corneille,72275,72460,Maison,160.0,240000.0,1500.0,2024-08-26
Neuvillette-en-Charnie,72218,72140,Maison,70.0,88000.0,1257.14,2024-08-28
Le Mans,72181,72000,Appartement,26.0,57000.0,2192.31,2024-08-14
Écommoy,72124,72220,Maison,160.0,305000.0,1906.25,2024-08-30
Le Mans,72181,72100,Appartement,49.0,76000.0,1551.02,2024-08-14
Le Mans,72181,72000,Maison,67.0,130000.0,1940.3,2024-09-02
Marolles-les-Braults,72189,72260,Maison,66.0,32500.0,492.42,2024-08-14
Meurcé,72194,72170,Maison,89.0,80000.0,898.88,2024-08-13
Meurcé,72194,72170,Maison,89.0,80000.0,898.88,2024-08-13
Lavaré,72158,72390,Maison,77.0,109000.0,1415.58,2024-08-01
Lavaré,72158,72390,Maison,77.0,109000.0,1415.58,2024-08-01
Courgains,72104,72260,Maison,123.0,270000.0,2195.12,2024-08-13
Courgains,72104,72260,Maison,123.0,270000.0,2195.12,2024-08-13
Le Mans,72181,72000,Appartement,34.0,265000.0,7794.12,2024-08-30
Le Mans,72181,72000,Appartement,34.0,265000.0,7794.12,2024-08-30
Connerré,72090,72160,Maison,93.0,115000.0,1236.56,2024-08-26
Connerré,72090,72160,Maison,93.0,115000.0,1236.56,2024-08-26
Marolles-les-Braults,72189,72260,Maison,83.0,135000.0,1626.51,2024-08-02
Marolles-les-Braults,72189,72260,Maison,83.0,135000.0,1626.51,2024-08-02
Écommoy,72124,72220,Maison,87.0,158000.0,1816.09,2024-08-27
Le Mans,72181,72100,Maison,70.0,115000.0,1642.86,2024-08-21
Tuffé Val de la Chéronne,72363,72160,Maison,68.0,88000.0,1294.12,2024-08-31
Le Mans,72181,72100,Maison,62.0,123000.0,1983.87,2024-08-05
Arnage,72008,72230,Maison,59.0,115000.0,1949.15,2024-08-28
Arnage,72008,72230,Maison,59.0,115000.0,1949.15,2024-08-28
Le Mans,72181,72000,Maison,90.0,140000.0,1555.56,2024-08-05
Villaines-la-Gonais,72375,72400,Maison,135.0,200000.0,1481.48,2024-08-30
Allonnes,72003,72700,Appartement,71.0,61000.0,859.15,2024-08-30
Allonnes,72003,72700,Appartement,80.0,61000.0,762.5,2024-08-30
Le Mans,72181,72000,Appartement,68.0,90000.0,1323.53,2024-09-02
Le Mans,72181,72000,Maison,49.0,139000.0,2836.73,2024-09-02
Le Mans,72181,72100,Maison,97.0,185000.0,1907.22,2024-08-12
Le Mans,72181,72000,Maison,90.0,230000.0,2555.56,2024-08-27
Lavardin,72157,72240,Maison,111.0,182000.0,1639.64,2024-08-13
Lavardin,72157,72240,Maison,111.0,182000.0,1639.64,2024-08-13
Le Mans,72181,72000,Appartement,65.0,95000.0,1461.54,2024-08-09
Le Mans,72181,72000,Appartement,68.0,60000.0,882.35,2024-08-19
Juigné-sur-Sarthe,72151,72300,Maison,140.0,12000.0,85.71,2024-08-28
Le Mans,72181,72000,Maison,73.0,188925.0,2588.01,2024-08-14
Le Mans,72181,72000,Maison,62.0,310000.0,5000.0,2024-08-14
Le Mans,72181,72000,Maison,100.0,230000.0,2300.0,2024-08-13
Arnage,72008,72230,Maison,99.0,200000.0,2020.2,2024-08-29
Arnage,72008,72230,Maison,99.0,200000.0,2020.2,2024-08-29
Parigné-l'Évêque,72231,72250,Maison,54.0,40000.0,740.74,2024-08-12
Saint-Paterne - Le Chevain,72308,72610,Maison,119.0,172000.0,1445.38,2024-09-02
Le Mans,72181,72100,Maison,117.0,170000.0,1452.99,2024-08-29
Ancinnes,72005,72610,Maison,161.0,181000.0,1124.22,2024-08-23
Parigné-l'Évêque,72231,72250,Maison,63.0,160000.0,2539.68,2024-08-07
Saint-Paterne - Le Chevain,72308,72610,Maison,201.0,195000.0,970.15,2024-08-09
Saint-Paterne - Le Chevain,72308,72610,Maison,201.0,195000.0,970.15,2024-08-09
Bourg-le-Roi,72043,72610,Maison,40.0,50000.0,1250.0,2024-08-13
Le Mans,72181,72100,Appartement,74.0,109500.0,1479.73,2024-09-03
Le Mans,72181,72000,Appartement,61.0,115000.0,1885.25,2024-08-06
Vallon-sur-Gée,72367,72540,Maison,90.0,150000.0,1666.67,2024-08-28
Valennes,72366,72320,Maison,55.0,120000.0,2181.82,2024-08-28
Le Mans,72181,72100,Maison,73.0,106670.0,1461.23,2024-08-23
Le Lude,72176,72800,Maison,108.0,65000.0,601.85,2024-08-13
Dollon,72118,72390,Maison,90.0,142000.0,1577.78,2024-08-23
Dollon,72118,72390,Maison,90.0,142000.0,1577.78,2024-08-23
Dollon,72118,72390,Maison,90.0,142000.0,1577.78,2024-08-23
Le Mans,72181,72000,Appartement,73.0,210000.0,2876.71,2024-08-27
Lavaré,72158,72390,Maison,80.0,119900.0,1498.75,2024-08-23
Lavaré,72158,72390,Maison,80.0,119900.0,1498.75,2024-08-23
Souligné-Flacé,72339,72210,Maison,81.0,188000.0,2320.99,2024-08-30
La Flèche,72154,72200,Maison,105.0,215000.0,2047.62,2024-08-22
La Flèche,72154,72200,Maison,89.0,180000.0,2022.47,2024-08-22
Le Mans,72181,72100,Maison,88.0,135500.0,1539.77,2024-08-28
Parigné-le-Pôlin,72230,72330,Maison,93.0,215000.0,2311.83,2024-08-20
Parigné-le-Pôlin,72230,72330,Maison,93.0,215000.0,2311.83,2024-08-20
Roézé-sur-Sarthe,72253,72210,Maison,118.0,246000.0,2084.75,2024-08-06
Le Mans,72181,72100,Maison,119.0,115000.0,966.39,2024-08-28
Mayet,72191,72360,Maison,95.0,100000.0,1052.63,2024-08-27
Mayet,72191,72360,Maison,95.0,100000.0,1052.63,2024-08-27
Saint-Aubin-des-Coudrais,72267,72400,Maison,97.0,131000.0,1350.52,2024-08-23
Saint-Aubin-des-Coudrais,72267,72400,Maison,97.0,131000.0,1350.52,2024-08-23
Changé,72058,72560,Maison,69.0,125000.0,1811.59,2024-08-08
Changé,72058,72560,Maison,69.0,125000.0,1811.59,2024-08-08
Mayet,72191,72360,Maison,92.0,112000.0,1217.39,2024-08-23
Mayet,72191,72360,Maison,92.0,112000.0,1217.39,2024-08-23
La Flèche,72154,72200,Maison,121.0,180000.0,1487.6,2024-08-28
La Suze-sur-Sarthe,72346,72210,Maison,66.0,125000.0,1893.94,2024-08-30
Malicorne-sur-Sarthe,72179,72270,Maison,110.0,75000.0,681.82,2024-08-23
Allonnes,72003,72700,Maison,101.0,100000.0,990.1,2024-08-30
Le Mans,72181,72100,Maison,81.0,170000.0,2098.77,2024-08-14
Le Mans,72181,72000,Appartement,27.0,52000.0,1925.93,2024-08-14
Cormes,72093,72400,Maison,89.0,139000.0,1561.8,2024-08-23
Le Mans,72181,72000,Appartement,77.0,135000.0,1753.25,2024-08-13
La Bazoge,72024,72650,Maison,144.0,290000.0,2013.89,2024-08-09
La Bazoge,72024,72650,Maison,144.0,290000.0,2013.89,2024-08-09
Le Mans,72181,72000,Appartement,80.0,110000.0,1375.0,2024-08-19
Sablé-sur-Sarthe,72264,72300,Maison,91.0,45000.0,494.51,2024-08-29
Boëssé-le-Sec,72038,72400,Maison,74.0,65000.0,878.38,2024-08-09
Le Mans,72181,72100,Maison,74.0,160000.0,2162.16,2024-08-09
Beaumont-sur-Sarthe,72029,72170,Maison,77.0,40000.0,519.48,2024-08-19
Vivoin,72380,72170,Maison,82.0,172500.0,2103.66,2024-08-14
Mulsanne,72213,72230,Maison,99.0,205000.0,2070.71,2024-08-28
Le Grand-Lucé,72143,72150,Maison,89.0,220000.0,2471.91,2024-08-19
Le Grand-Lucé,72143,72150,Maison,89.0,220000.0,2471.91,2024-08-19
Le Grand-Lucé,72143,72150,Maison,89.0,220000.0,2471.91,2024-08-19
Coulaines,72095,72190,Maison,102.0,320000.0,3137.25,2024-08-22
Coulaines,72095,72190,Maison,68.0,145000.0,2132.35,2024-08-21
Vancé,72368,72310,Maison,240.0,380000.0,1583.33,2024-08-27
Le Mans,72181,72000,Maison,78.0,155000.0,1987.18,2024-08-22
Lhomme,72161,72340,Maison,62.0,90000.0,1451.61,2024-08-26
Parcé-sur-Sarthe,72228,72300,Maison,98.0,85000.0,867.35,2024-09-02
Marçon,72183,72340,Maison,99.0,85000.0,858.59,2024-08-20
Marçon,72183,72340,Maison,99.0,85000.0,858.59,2024-08-20
Marçon,72183,72340,Maison,99.0,85000.0,858.59,2024-08-20
Montval-sur-Loir,72071,72500,Maison,53.0,120000.0,2264.15,2024-08-20
Le Mans,72181,72100,Maison,66.0,134000.0,2030.3,2024-09-02
Ancinnes,72005,72610,Maison,140.0,142650.0,1018.93,2024-08-30
Ancinnes,72005,72610,Maison,140.0,142650.0,1018.93,2024-08-30
Saint-Paterne - Le Chevain,72308,72610,Maison,113.0,230000.0,2035.4,2024-08-30
Saint-Paterne - Le Chevain,72308,72610,Maison,113.0,230000.0,2035.4,2024-08-30
Pruillé-l'Éguillé,72248,72150,Maison,147.0,246000.0,1673.47,2024-08-29
Pruillé-l'Éguillé,72248,72150,Maison,147.0,246000.0,1673.47,2024-08-29
Le Mans,72181,72000,Maison,96.0,212000.0,2208.33,2024-08-29
Vaas,72364,72500,Maison,97.0,190000.0,1958.76,2024-08-29
Chahaignes,72052,72340,Maison,56.0,45000.0,803.57,2024-08-21
Chahaignes,72052,72340,Maison,56.0,45000.0,803.57,2024-08-21
Jupilles,72153,72500,Maison,31.0,90000.0,2903.23,2024-08-29
Jupilles,72153,72500,Maison,31.0,90000.0,2903.23,2024-08-29
Coulongé,72098,72800,Maison,90.0,185000.0,2055.56,2024-08-30
Coulongé,72098,72800,Maison,90.0,185000.0,2055.56,2024-08-30
Coulongé,72098,72800,Maison,90.0,185000.0,2055.56,2024-08-30
Le Mans,72181,72000,Maison,173.0,315789.0,1825.37,2024-08-28
La Ferté-Bernard,72132,72400,Maison,179.0,398000.0,2223.46,2024-08-12
La Chartre-sur-le-Loir,72068,72340,Maison,109.0,154000.0,1412.84,2024-08-14
Solesmes,72336,72300,Maison,33.0,45000.0,1363.64,2024-08-27
Bonnétable,72039,72110,Maison,55.0,36000.0,654.55,2024-08-14
Notre-Dame-du-Pé,72232,72300,Maison,87.0,239000.0,2747.13,2024-08-30
Sceaux-sur-Huisne,72331,72160,Maison,150.0,220461.98,1469.75,2024-08-22
Sablé-sur-Sarthe,72264,72300,Maison,117.0,190385.0,1627.22,2024-08-27
La Flèche,72154,72200,Maison,84.0,110000.0,1309.52,2024-07-26
La Flèche,72154,72200,Maison,84.0,110000.0,1309.52,2024-07-26
La Flèche,72154,72200,Maison,84.0,110000.0,1309.52,2024-07-26
Vivoin,72380,72170,Maison,106.0,130000.0,1226.42,2024-08-14
Souillé,72338,72380,Maison,82.0,168000.0,2048.78,2024-08-30
Aillières-Beauvoir,72002,72600,Maison,220.0,450000.0,2045.45,2024-08-23
Aillières-Beauvoir,72002,72600,Maison,220.0,450000.0,2045.45,2024-08-23
Aillières-Beauvoir,72002,72600,Maison,220.0,450000.0,2045.45,2024-08-23
Aillières-Beauvoir,72002,72600,Maison,220.0,450000.0,2045.45,2024-08-23
Le Mans,72181,72000,Appartement,41.0,114915.0,2802.8,2024-09-04
Le Mans,72181,72100,Maison,71.0,147000.0,2070.42,2024-09-04
Parcé-sur-Sarthe,72228,72300,Maison,110.0,37000.0,336.36,2024-09-05
Saint-Pierre-du-Lorouër,72314,72150,Maison,136.0,210000.0,1544.12,2024-08-20
Le Mans,72181,72000,Appartement,63.0,120000.0,1904.76,2024-08-30
Le Mans,72181,72100,Appartement,95.0,84000.0,884.21,2024-08-30
Le Mans,72181,72000,Maison,44.0,61972.0,1408.45,2024-08-22
Bouloire,72042,72440,Maison,150.0,210000.0,1400.0,2024-08-12
Conlie,72089,72240,Maison,78.0,99910.0,1280.9,2024-08-21
Volnay,72382,72440,Maison,128.0,230000.0,1796.88,2024-08-23
Rouessé-Vassé,72255,72140,Maison,90.0,127000.0,1411.11,2024-08-21
Le Mans,72181,72000,Appartement,70.0,95000.0,1357.14,2024-08-28
Le Mans,72181,72000,Appartement,41.0,95000.0,2317.07,2024-08-22
Le Mans,72181,72100,Appartement,26.0,72000.0,2769.23,2024-08-09
La Ferté-Bernard,72132,72400,Maison,43.0,58000.0,1348.84,2024-08-22
Le Mans,72181,72000,Appartement,87.0,167000.0,1919.54,2024-09-04
Mansigné,72182,72510,Maison,100.0,157000.0,1570.0,2024-08-27
Mansigné,72182,72510,Maison,100.0,157000.0,1570.0,2024-08-27
Mansigné,72182,72510,Maison,100.0,157000.0,1570.0,2024-08-27
Laigné-en-Belin,72155,72220,Maison,135.0,220500.0,1633.33,2024-08-22
Laigné-en-Belin,72155,72220,Maison,135.0,220500.0,1633.33,2024-08-22
Saint-Célerin,72271,72110,Maison,91.0,100000.0,1098.9,2024-08-23
Sablé-sur-Sarthe,72264,72300,Maison,66.0,83000.0,1257.58,2024-08-30
Vion,72378,72300,Maison,161.0,360000.0,2236.02,2024-09-03
Vion,72378,72300,Maison,161.0,360000.0,2236.02,2024-09-03
Malicorne-sur-Sarthe,72179,72270,Maison,91.0,100000.0,1098.9,2024-08-19
Juigné-sur-Sarthe,72151,72300,Maison,113.0,137000.0,1212.39,2024-08-30
Malicorne-sur-Sarthe,72179,72270,Maison,75.0,65000.0,866.67,2024-08-22
Le Mans,72181,72000,Maison,99.0,223000.0,2252.53,2024-08-22
Parcé-sur-Sarthe,72228,72300,Maison,90.0,110000.0,1222.22,2024-09-02
Parcé-sur-Sarthe,72228,72300,Maison,90.0,110000.0,1222.22,2024-09-02
La Chapelle-Huon,72064,72310,Maison,48.0,100000.0,2083.33,2024-08-29
La Chapelle-Huon,72064,72310,Appartement,48.0,100000.0,2083.33,2024-08-29
Bouloire,72042,72440,Maison,99.0,150000.0,1515.15,2024-08-23
Duneau,72122,72160,Maison,100.0,175000.0,1750.0,2024-08-23
Crissé,72109,72140,Maison,67.0,80000.0,1194.03,2024-08-13
Montfort-le-Gesnois,72241,72450,Maison,68.0,165000.0,2426.47,2024-09-06
Beaumont-sur-Sarthe,72029,72170,Maison,95.0,175000.0,1842.11,2024-08-29
Le Mans,72181,72000,Maison,170.0,407500.0,2397.06,2024-08-23
Le Tronchet,72362,72170,Maison,110.0,210000.0,1909.09,2024-08-22
Brûlon,72050,72350,Appartement,85.0,81480.0,958.59,2024-09-05
Brûlon,72050,72350,Appartement,55.0,81480.0,1481.45,2024-09-05
Brûlon,72050,72350,Appartement,19.0,81480.0,4288.42,2024-09-05
La Chapelle-d'Aligné,72061,72300,Maison,80.0,125000.0,1562.5,2024-09-06
La Chapelle-d'Aligné,72061,72300,Maison,80.0,125000.0,1562.5,2024-09-06
La Guierche,72147,72380,Maison,121.0,186800.0,1543.8,2024-08-09
Lavardin,72157,72240,Maison,74.0,207000.0,2797.3,2024-08-22
Le Mans,72181,72100,Maison,84.0,197590.0,2352.26,2024-09-09
Parigné-l'Évêque,72231,72250,Maison,77.0,210000.0,2727.27,2024-08-30
Parigné-l'Évêque,72231,72250,Maison,77.0,210000.0,2727.27,2024-08-30
Parigné-l'Évêque,72231,72250,Maison,50.0,140000.0,2800.0,2024-08-29
Parigné-l'Évêque,72231,72250,Maison,63.0,140000.0,2222.22,2024-08-29
Parigné-l'Évêque,72231,72250,Maison,54.0,140000.0,2592.59,2024-08-29
Sablé-sur-Sarthe,72264,72300,Maison,78.0,100000.0,1282.05,2024-09-02
Gesnes-le-Gandelin,72141,72130,Maison,58.0,75000.0,1293.1,2024-09-06
Le Mans,72181,72100,Maison,80.0,162000.0,2025.0,2024-09-04
Solesmes,72336,72300,Maison,185.0,332000.0,1794.59,2024-09-06
Solesmes,72336,72300,Maison,185.0,332000.0,1794.59,2024-09-06
Le Mans,72181,72000,Maison,110.0,230000.0,2090.91,2024-08-09
Saint-Saturnin,72320,72650,Maison,133.0,343000.0,2578.95,2024-08-08
Saint-Saturnin,72320,72650,Maison,133.0,343000.0,2578.95,2024-08-08
Vallon-sur-Gée,72367,72540,Maison,105.0,42600.0,405.71,2024-08-23
Sablé-sur-Sarthe,72264,72300,Appartement,55.0,61000.0,1109.09,2024-09-04
Saosnes,72326,72600,Maison,36.0,129000.0,3583.33,2024-08-27
Saosnes,72326,72600,Maison,99.0,129000.0,1303.03,2024-08-27
Sablé-sur-Sarthe,72264,72300,Appartement,78.0,77500.0,993.59,2024-08-28
Saint-Rémy-du-Val,72317,72600,Maison,115.0,35000.0,304.35,2024-08-28
La Ferté-Bernard,72132,72400,Appartement,69.0,156000.0,2260.87,2024-09-04
La Ferté-Bernard,72132,72400,Appartement,96.0,156000.0,1625.0,2024-09-04
Noyen-sur-Sarthe,72223,72430,Maison,162.0,120000.0,740.74,2024-09-05
Noyen-sur-Sarthe,72223,72430,Maison,162.0,120000.0,740.74,2024-09-05
Noyen-sur-Sarthe,72223,72430,Maison,162.0,120000.0,740.74,2024-09-05
Le Mans,72181,72000,Appartement,26.0,45000.0,1730.77,2024-09-05
Mareil-sur-Loir,72185,72200,Maison,82.0,115800.0,1412.2,2024-09-03
Sablé-sur-Sarthe,72264,72300,Maison,60.0,50000.0,833.33,2024-09-02
Précigné,72244,72300,Maison,113.0,170000.0,1504.42,2024-09-06
Le Mans,72181,72000,Appartement,34.0,72000.0,2117.65,2024-08-12
Sougé-le-Ganelon,72337,72130,Maison,65.0,45000.0,692.31,2024-08-21
Sougé-le-Ganelon,72337,72130,Maison,65.0,45000.0,692.31,2024-08-21
Changé,72058,72560,Maison,132.0,305000.0,2310.61,2024-08-30
Changé,72058,72560,Maison,132.0,305000.0,2310.61,2024-08-30
Jupilles,72153,72500,Maison,104.0,184900.0,1777.88,2024-08-30
Le Mans,72181,72100,Maison,70.0,72500.0,1035.71,2024-09-06
Avoise,72021,72430,Maison,126.0,220000.0,1746.03,2024-08-29
Avoise,72021,72430,Maison,126.0,220000.0,1746.03,2024-08-29
Louailles,72167,72300,Maison,79.0,138000.0,1746.84,2024-09-07
Louailles,72167,72300,Maison,79.0,138000.0,1746.84,2024-09-07
Le Mans,72181,72100,Appartement,65.0,98000.0,1507.69,2024-09-05
La Ferté-Bernard,72132,72400,Maison,47.0,90000.0,1914.89,2024-09-09
Le Mans,72181,72000,Maison,72.0,115000.0,1597.22,2024-08-29
Loué,72168,72540,Maison,69.0,120000.0,1739.13,2024-08-22
Loué,72168,72540,Maison,78.0,117000.0,1500.0,2024-08-29
Mayet,72191,72360,Maison,103.0,175000.0,1699.03,2024-09-06
Mayet,72191,72360,Maison,103.0,175000.0,1699.03,2024-09-06
Cherré-Au,72080,72400,Maison,85.0,135000.0,1588.24,2024-09-04
Le Lude,72176,72800,Maison,27.0,30000.0,1111.11,2024-09-03
Le Lude,72176,72800,Maison,72.0,30000.0,416.67,2024-09-03
Le Mans,72181,72000,Appartement,60.0,70000.0,1166.67,2024-08-13
Le Mans,72181,72000,Appartement,125.0,125000.0,1000.0,2024-08-13
Rouillon,72257,72700,Maison,84.0,210000.0,2500.0,2024-08-13
Sillé-le-Philippe,72335,72460,Maison,74.0,170000.0,2297.3,2024-08-28
Sillé-le-Philippe,72335,72460,Maison,74.0,170000.0,2297.3,2024-08-28
Le Mans,72181,72100,Maison,76.0,168000.0,2210.53,2024-08-26
Souligné-sous-Ballon,72340,72290,Maison,127.0,230000.0,1811.02,2024-08-29
Torcé-en-Vallée,72359,72110,Maison,28.0,26250.0,937.5,2024-09-03
Torcé-en-Vallée,72359,72110,Maison,28.0,26250.0,937.5,2024-09-03
Torcé-en-Vallée,72359,72110,Maison,28.0,26250.0,937.5,2024-09-03
Beaumont-sur-Sarthe,72029,72170,Maison,140.0,200000.0,1428.57,2024-09-05
Saint-Martin-des-Monts,72302,72400,Maison,74.0,87500.0,1182.43,2024-09-06
Saint-Martin-des-Monts,72302,72400,Maison,74.0,87500.0,1182.43,2024-09-06
Saint-Aubin-des-Coudrais,72267,72400,Maison,68.0,125000.0,1838.24,2024-08-12
Le Mans,72181,72100,Appartement,64.0,53000.0,828.12,2024-08-27
Le Mans,72181,72000,Appartement,41.0,104900.0,2558.54,2024-09-06
Le Mans,72181,72100,Maison,65.0,175000.0,2692.31,2024-09-06
Assé-le-Riboul,72012,72170,Maison,58.0,37000.0,637.93,2024-08-14
Saint-Maixent,72296,72320,Maison,117.0,61876.0,528.85,2024-09-05
Saint-Maixent,72296,72320,Maison,117.0,61876.0,528.85,2024-09-05
Saint-Maixent,72296,72320,Maison,117.0,61876.0,528.85,2024-09-05
Oizé,72226,72330,Maison,74.0,165000.0,2229.73,2024-08-20
Bonnétable,72039,72110,Maison,150.0,270000.0,1800.0,2024-08-30
Bonnétable,72039,72110,Maison,150.0,270000.0,1800.0,2024-08-30
Bonnétable,72039,72110,Maison,150.0,270000.0,1800.0,2024-08-30
Rahay,72250,72120,Maison,122.0,60000.0,491.8,2024-08-29
Le Mans,72181,72100,Maison,85.0,173000.0,2035.29,2024-09-09
Bouër,72041,72390,Maison,143.0,230000.0,1608.39,2024-08-26
Yvré-l'Évêque,72386,72530,Maison,247.0,480000.0,1943.32,2024-08-13
Yvré-l'Évêque,72386,72530,Maison,247.0,480000.0,1943.32,2024-08-13
Sillé-le-Guillaume,72334,72140,Appartement,38.0,225009.0,5921.29,2024-08-26
Sillé-le-Guillaume,72334,72140,Appartement,68.0,225009.0,3308.96,2024-08-26
Montfort-le-Gesnois,72241,72450,Maison,74.0,85000.0,1148.65,2024-08-14
Le Mans,72181,72000,Maison,130.0,265000.0,2038.46,2024-08-22
Le Mans,72181,72000,Maison,82.0,245000.0,2987.8,2024-09-03
Le Mans,72181,72000,Appartement,74.0,110600.0,1494.59,2024-09-02
Le Mans,72181,72100,Appartement,50.0,77000.0,1540.0,2024-08-22
Coulaines,72095,72190,Maison,153.0,200000.0,1307.19,2024-09-06
Le Mans,72181,72000,Maison,84.0,156750.0,1866.07,2024-09-02
Coulongé,72098,72800,Maison,80.0,29000.0,362.5,2024-08-12
Parennes,72229,72140,Maison,50.0,33200.0,664.0,2024-08-22
Champagné,72054,72470,Maison,112.0,235000.0,2098.21,2024-08-13
Champagné,72054,72470,Maison,112.0,235000.0,2098.21,2024-08-13
Le Mans,72181,72000,Appartement,13.0,49000.0,3769.23,2024-08-23
Moncé-en-Belin,72200,72230,Maison,82.0,142500.0,1737.8,2024-09-10
Moncé-en-Belin,72200,72230,Maison,82.0,142500.0,1737.8,2024-09-10
Louplande,72169,72210,Maison,113.0,347400.0,3074.34,2024-09-04
Louplande,72169,72210,Maison,113.0,347400.0,3074.34,2024-09-04
Le Mans,72181,72100,Maison,80.0,138000.0,1725.0,2024-09-09
Allonnes,72003,72700,Maison,153.0,278000.0,1816.99,2024-09-05
Moncé-en-Belin,72200,72230,Maison,147.0,195000.0,1326.53,2024-08-26
Le Mans,72181,72000,Appartement,42.0,96700.0,2302.38,2024-08-28
Le Mans,72181,72000,Maison,274.0,715000.0,2609.49,2024-08-31
Saint-Pavace,72310,72190,Maison,24.0,69000.0,2875.0,2024-09-06
La Ferté-Bernard,72132,72400,Maison,60.0,17000.0,283.33,2024-09-09
Le Mans,72181,72000,Appartement,81.0,143500.0,1771.6,2024-09-09
Le Mans,72181,72000,Appartement,40.0,80000.0,2000.0,2024-09-04
Cérans-Foulletourte,72051,72330,Maison,86.0,76500.0,889.53,2024-09-09
Chemiré-le-Gaudin,72075,72210,Maison,120.0,50000.0,416.67,2024-09-09
Oizé,72226,72330,Maison,40.0,128000.0,3200.0,2024-09-09
Oizé,72226,72330,Maison,66.0,128000.0,1939.39,2024-09-09
Fresnay-sur-Sarthe,72138,72130,Maison,123.0,122245.0,993.86,2024-08-30
Le Mans,72181,72000,Maison,33.0,58000.0,1757.58,2024-09-04
Étival-lès-le-Mans,72127,72700,Maison,77.0,40000.0,519.48,2024-09-05
Étival-lès-le-Mans,72127,72700,Maison,77.0,40000.0,519.48,2024-09-05
Le Mans,72181,72000,Maison,70.0,166000.0,2371.43,2024-09-09
Spay,72344,72700,Maison,93.0,158000.0,1698.92,2024-09-03
Le Mans,72181,72000,Appartement,82.0,180000.0,2195.12,2024-08-27
Allonnes,72003,72700,Maison,71.0,99000.0,1394.37,2024-09-04
Le Mans,72181,72000,Appartement,30.0,85000.0,2833.33,2024-08-28
Étival-lès-le-Mans,72127,72700,Maison,46.0,65000.0,1413.04,2024-09-05
Marigné-Laillé,72187,72220,Maison,90.0,160000.0,1777.78,2024-09-06
Marigné-Laillé,72187,72220,Maison,90.0,160000.0,1777.78,2024-09-06
Aubigné-Racan,72013,72800,Maison,70.0,120000.0,1714.29,2024-09-05
La Chapelle-Saint-Aubin,72065,72650,Maison,105.0,450000.0,4285.71,2024-08-28
Parigné-l'Évêque,72231,72250,Maison,123.0,236000.0,1918.7,2024-09-09
Saint-Ouen-en-Belin,72306,72220,Appartement,59.0,110000.0,1864.41,2024-09-06
Saint-Ouen-en-Belin,72306,72220,Appartement,37.0,110000.0,2972.97,2024-09-06
Saint-Ouen-en-Belin,72306,72220,Appartement,30.0,110000.0,3666.67,2024-09-06
Le Mans,72181,72100,Maison,51.0,105000.0,2058.82,2024-08-28
Le Mans,72181,72000,Maison,150.0,519000.0,3460.0,2024-09-04
Savigné-l'Évêque,72329,72460,Maison,70.0,140000.0,2000.0,2024-09-11
Yvré-l'Évêque,72386,72530,Maison,57.0,140000.0,2456.14,2024-09-11
Neuville-sur-Sarthe,72217,72190,Maison,89.0,108000.0,1213.48,2024-09-06
Le Mans,72181,72000,Appartement,147.0,1000000.0,6802.72,2024-08-28
Le Mans,72181,72000,Appartement,147.0,1000000.0,6802.72,2024-08-28
Saint-Jean-d'Assé,72290,72380,Maison,80.0,170000.0,2125.0,2024-09-10
Saint-Paterne - Le Chevain,72308,72610,Maison,170.0,261274.0,1536.91,2024-08-24
Villaines-sous-Lucé,72376,72150,Maison,140.0,179900.0,1285.0,2024-08-28
Villaines-sous-Lucé,72376,72150,Maison,140.0,179900.0,1285.0,2024-08-28
Montval-sur-Loir,72071,72500,Maison,158.0,227000.0,1436.71,2024-08-30
Le Mans,72181,72000,Maison,80.0,180000.0,2250.0,2024-08-26
Louvigny,72170,72600,Maison,60.0,49500.0,825.0,2024-09-05
Villaines-sous-Lucé,72376,72150,Maison,116.0,175000.0,1508.62,2024-08-29
Le Mans,72181,72000,Maison,59.0,125000.0,2118.64,2024-09-06
Le Mans,72181,72000,Appartement,27.0,87000.0,3222.22,2024-08-26
Sillé-le-Guillaume,72334,72140,Maison,45.0,8000.0,177.78,2024-09-11
La Chartre-sur-le-Loir,72068,72340,Maison,50.0,216000.0,4320.0,2024-08-29
La Chartre-sur-le-Loir,72068,72340,Maison,65.0,216000.0,3323.08,2024-08-29
La Chartre-sur-le-Loir,72068,72340,Maison,70.0,216000.0,3085.71,2024-08-29
Saint-Corneille,72275,72460,Maison,76.0,125000.0,1644.74,2024-09-10
Saint-Corneille,72275,72460,Maison,76.0,125000.0,1644.74,2024-09-10
Saint-Corneille,72275,72460,Maison,76.0,125000.0,1644.74,2024-09-10
Le Mans,72181,72000,Appartement,29.0,55000.0,1896.55,2024-09-06
Le Mans,72181,72000,Appartement,57.0,129000.0,2263.16,2024-09-06
Thoiré-sous-Contensor,72355,72610,Maison,40.0,20000.0,500.0,2024-09-02
Thoiré-sous-Contensor,72355,72610,Maison,40.0,20000.0,500.0,2024-09-02
Thoiré-sous-Contensor,72355,72610,Maison,40.0,20000.0,500.0,2024-09-02
Saint-Michel-de-Chavaignes,72303,72440,Maison,48.0,151000.0,3145.83,2024-09-06
Saint-Michel-de-Chavaignes,72303,72440,Maison,120.0,151000.0,1258.33,2024-09-06
Le Mans,72181,72000,Appartement,47.0,108000.0,2297.87,2024-09-09
La Milesse,72198,72650,Maison,99.0,192000.0,1939.39,2024-08-28
Marolles-les-Braults,72189,72260,Maison,103.0,180000.0,1747.57,2024-09-10
Montval-sur-Loir,72071,72500,Maison,60.0,40000.0,666.67,2024-09-07
Le Mans,72181,72100,Maison,33.0,145000.0,4393.94,2024-09-06
Berfay,72032,72320,Maison,95.0,40800.0,429.47,2024-09-02
Berfay,72032,72320,Maison,95.0,40800.0,429.47,2024-09-02
Sainte-Sabine-sur-Longève,72319,72380,Maison,50.0,110000.0,2200.0,2024-08-30
Moncé-en-Saosnois,72201,72260,Maison,129.0,197500.0,1531.01,2024-09-12
Moncé-en-Saosnois,72201,72260,Maison,129.0,197500.0,1531.01,2024-09-12
Dangeul,72112,72260,Maison,69.0,55000.0,797.1,2024-09-11
Le Mans,72181,72000,Appartement,61.0,60000.0,983.61,2024-09-09
Le Mans,72181,72000,Appartement,21.0,50000.0,2380.95,2024-08-21
Mayet,72191,72360,Maison,68.0,38000.0,558.82,2024-09-12
Le Mans,72181,72000,Maison,95.0,180000.0,1894.74,2024-09-03
Le Mans,72181,72000,Appartement,45.0,72000.0,1600.0,2024-09-11
Le Mans,72181,72100,Appartement,77.0,122000.0,1584.42,2024-09-10
Le Mans,72181,72100,Appartement,65.0,62000.0,953.85,2024-08-20
Le Mans,72181,72100,Maison,50.0,52000.0,1040.0,2024-09-02
Le Mans,72181,72000,Appartement,74.0,140000.0,1891.89,2024-08-29
Neuville-sur-Sarthe,72217,72190,Maison,129.0,300000.0,2325.58,2024-08-27
La Guierche,72147,72380,Maison,59.0,132000.0,2237.29,2024-09-06
Cherré-Au,72080,72400,Maison,149.0,272000.0,1825.5,2024-09-12
Montreuil-le-Chétif,72209,72130,Maison,207.0,160000.0,772.95,2024-09-04
Arnage,72008,72230,Maison,135.0,231000.0,1711.11,2024-09-13
Arnage,72008,72230,Maison,135.0,231000.0,1711.11,2024-09-13
Saint-Cosme-en-Vairais,72276,72110,Maison,90.0,40000.0,444.44,2024-09-13
Saint-Cosme-en-Vairais,72276,72110,Maison,33.0,40000.0,1212.12,2024-09-13
Chérisay,72079,72610,Maison,152.0,150000.0,986.84,2024-09-11
Montreuil-le-Chétif,72209,72130,Maison,60.0,20000.0,333.33,2024-08-30
Le Mans,72181,72000,Appartement,33.0,54000.0,1636.36,2024-08-26
Loir en Vallée,72262,72310,Maison,107.0,141220.0,1319.81,2024-08-30
Loir en Vallée,72262,72310,Maison,36.0,141220.0,3922.78,2024-08-30
Loir en Vallée,72262,72310,Maison,36.0,141220.0,3922.78,2024-08-30
Bonnétable,72039,72110,Maison,85.0,42000.0,494.12,2024-09-13
Le Mans,72181,72000,Appartement,44.0,69000.0,1568.18,2024-09-07
Neuvillalais,72216,72240,Maison,109.0,179500.0,1646.79,2024-08-20
Fresnay-sur-Sarthe,72138,72130,Maison,93.0,127000.0,1365.59,2024-09-10
Douillet,72121,72130,Maison,70.0,30000.0,428.57,2024-09-03
Saint-Ouen-de-Mimbré,72305,72130,Maison,96.0,115000.0,1197.92,2024-08-31
Saint-Jean-d'Assé,72290,72380,Maison,113.0,273000.0,2415.93,2024-09-10
Saint-Jean-d'Assé,72290,72380,Maison,113.0,273000.0,2415.93,2024-09-10
Pruillé-l'Éguillé,72248,72150,Maison,112.0,175000.0,1562.5,2024-09-02
Le Mans,72181,72000,Appartement,93.0,160000.0,1720.43,2024-09-04
La Flèche,72154,72200,Maison,96.0,195000.0,2031.25,2024-08-26
Le Mans,72181,72000,Appartement,131.0,505000.0,3854.96,2024-09-10
Le Mans,72181,72000,Appartement,43.0,82000.0,1906.98,2024-09-06
Le Mans,72181,72000,Appartement,42.0,90000.0,2142.86,2024-09-06
Sillé-le-Guillaume,72334,72140,Maison,33.0,11000.0,333.33,2024-09-13
Le Mans,72181,72000,Maison,98.0,220000.0,2244.9,2024-09-02
Le Mans,72181,72100,Appartement,81.0,146300.0,1806.17,2024-09-02
La Bazoge,72024,72650,Maison,73.0,196000.0,2684.93,2024-09-02
Montval-sur-Loir,72071,72500,Maison,58.0,60000.0,1034.48,2024-08-23
Montval-sur-Loir,72071,72500,Maison,30.0,60000.0,2000.0,2024-08-23
Ruillé-en-Champagne,72261,72240,Maison,164.0,182500.0,1112.8,2024-08-23
Spay,72344,72700,Maison,132.0,253500.0,1920.45,2024-09-02
Saint-Mars-la-Brière,72300,72470,Maison,70.0,135000.0,1928.57,2024-08-23
Beaumont-sur-Dême,72027,72340,Maison,127.0,80000.0,629.92,2024-09-04
Flée,72134,72500,Maison,95.0,1376500.0,14489.47,2024-09-14
Flée,72134,72500,Maison,377.0,1376500.0,3651.19,2024-09-14
Flée,72134,72500,Maison,95.0,1376500.0,14489.47,2024-09-14
Flée,72134,72500,Maison,115.0,1376500.0,11969.57,2024-09-14
Flée,72134,72500,Maison,66.0,1376500.0,20856.06,2024-09-14
Flée,72134,72500,Maison,68.0,1376500.0,20242.65,2024-09-14
Flée,72134,72500,Maison,377.0,1376500.0,3651.19,2024-09-14
Flée,72134,72500,Maison,95.0,1376500.0,14489.47,2024-09-14
Flée,72134,72500,Maison,377.0,1376500.0,3651.19,2024-09-14
Flée,72134,72500,Maison,115.0,1376500.0,11969.57,2024-09-14
Flée,72134,72500,Maison,68.0,1376500.0,20242.65,2024-09-14
Flée,72134,72500,Maison,66.0,1376500.0,20856.06,2024-09-14
Flée,72134,72500,Maison,115.0,1376500.0,11969.57,2024-09-14
Flée,72134,72500,Maison,66.0,1376500.0,20856.06,2024-09-14
Flée,72134,72500,Maison,68.0,1376500.0,20242.65,2024-09-14
Montval-sur-Loir,72071,72500,Maison,60.0,145000.0,2416.67,2024-09-14
Noyen-sur-Sarthe,72223,72430,Maison,167.0,150000.0,898.2,2024-08-23
Noyen-sur-Sarthe,72223,72430,Maison,167.0,150000.0,898.2,2024-08-23
Noyen-sur-Sarthe,72223,72430,Maison,167.0,150000.0,898.2,2024-08-23
Noyen-sur-Sarthe,72223,72430,Maison,167.0,150000.0,898.2,2024-08-23
Coulaines,72095,72190,Appartement,93.0,121000.0,1301.08,2024-09-11
Villeneuve-en-Perseigne,72137,72610,Maison,130.0,185000.0,1423.08,2024-09-04
Loir en Vallée,72262,72340,Maison,79.0,48000.0,607.59,2024-09-05
Mareil-sur-Loir,72185,72200,Maison,97.0,240000.0,2474.23,2024-09-06
Mareil-sur-Loir,72185,72200,Maison,97.0,240000.0,2474.23,2024-09-06
Le Mans,72181,72000,Maison,120.0,378000.0,3150.0,2024-09-13
Le Mans,72181,72000,Maison,96.0,105000.0,1093.75,2024-09-05
Changé,72058,72560,Maison,143.0,460000.0,3216.78,2024-09-10
Changé,72058,72560,Maison,143.0,460000.0,3216.78,2024-09-10
Le Mans,72181,72000,Maison,114.0,315000.0,2763.16,2024-09-05
Voivres-lès-le-Mans,72381,72210,Maison,130.0,250000.0,1923.08,2024-09-04
Voivres-lès-le-Mans,72381,72210,Maison,130.0,250000.0,1923.08,2024-09-04
Le Mans,72181,72100,Appartement,61.0,110000.0,1803.28,2024-09-06
Lavardin,72157,72240,Maison,71.0,135000.0,1901.41,2024-08-30
Avoise,72021,72430,Maison,100.0,76500.0,765.0,2024-08-27
Mareil-sur-Loir,72185,72200,Maison,100.0,240000.0,2400.0,2024-09-06
Mareil-sur-Loir,72185,72200,Maison,100.0,240000.0,2400.0,2024-09-06
Cérans-Foulletourte,72051,72330,Maison,123.0,161000.0,1308.94,2024-09-12
Cérans-Foulletourte,72051,72330,Maison,123.0,161000.0,1308.94,2024-09-12
Clermont-Créans,72084,72200,Maison,69.0,70000.0,1014.49,2024-08-30
Clermont-Créans,72084,72200,Maison,69.0,70000.0,1014.49,2024-08-30
Le Mans,72181,72100,Appartement,39.0,160000.0,4102.56,2024-09-11
Le Mans,72181,72100,Appartement,58.0,160000.0,2758.62,2024-09-11
Conlie,72089,72240,Maison,127.0,135000.0,1062.99,2024-09-05
Connerré,72090,72160,Maison,53.0,50000.0,943.4,2024-09-04
Saint-Mars-d'Outillé,72299,72220,Maison,74.0,97000.0,1310.81,2024-09-12
Le Mans,72181,72000,Appartement,44.0,56000.0,1272.73,2024-09-11
Sougé-le-Ganelon,72337,72130,Maison,94.0,168000.0,1787.23,2024-09-11
Sougé-le-Ganelon,72337,72130,Maison,94.0,168000.0,1787.23,2024-09-11
Vallon-sur-Gée,72367,72540,Maison,185.0,150000.0,810.81,2024-09-13
Vaas,72364,72500,Maison,70.0,140000.0,2000.0,2024-08-31
Sablé-sur-Sarthe,72264,72300,Maison,73.0,95000.0,1301.37,2024-09-10
Le Mans,72181,72000,Appartement,37.0,63000.0,1702.7,2024-09-13
La Bazoge,72024,72650,Maison,115.0,147000.0,1278.26,2024-09-11
Guécélard,72146,72230,Maison,131.0,100000.0,763.36,2024-09-13
Guécélard,72146,72230,Maison,131.0,100000.0,763.36,2024-09-13
Guécélard,72146,72230,Maison,131.0,100000.0,763.36,2024-09-13
Le Mans,72181,72000,Appartement,18.0,45000.0,2500.0,2024-09-10
Le Mans,72181,72100,Maison,111.0,268500.0,2418.92,2024-09-16
Le Mans,72181,72000,Appartement,67.0,131500.0,1962.69,2024-09-12
Le Mans,72181,72000,Appartement,31.0,102000.0,3290.32,2024-09-06
Le Mans,72181,72100,Appartement,56.0,74000.0,1321.43,2024-09-13
Le Mans,72181,72000,Appartement,87.0,180000.0,2068.97,2024-08-29
La Ferté-Bernard,72132,72400,Maison,100.0,110000.0,1100.0,2024-08-23
Lavernat,72160,72500,Maison,134.0,190000.0,1417.91,2024-09-14
Sillé-le-Philippe,72335,72460,Maison,96.0,248000.0,2583.33,2024-08-22
Sillé-le-Philippe,72335,72460,Maison,96.0,248000.0,2583.33,2024-08-22
Montval-sur-Loir,72071,72500,Maison,82.0,135000.0,1646.34,2024-09-13
Montval-sur-Loir,72071,72500,Maison,82.0,135000.0,1646.34,2024-09-13
Saint-Maixent,72296,72320,Maison,28.0,28000.0,1000.0,2024-09-16
Le Mans,72181,72000,Maison,132.0,326000.0,2469.7,2024-09-10
Montval-sur-Loir,72071,72500,Maison,62.0,95000.0,1532.26,2024-09-13
Spay,72344,72700,Maison,84.0,150000.0,1785.71,2024-09-13
Spay,72344,72700,Maison,84.0,150000.0,1785.71,2024-09-13
Parigné-l'Évêque,72231,72250,Maison,149.0,259000.0,1738.26,2024-08-26
Sablé-sur-Sarthe,72264,72300,Appartement,78.0,71500.0,916.67,2024-09-11
Bessé-sur-Braye,72035,72310,Maison,63.0,40000.0,634.92,2024-09-13
Saint-Marceau,72297,72170,Maison,113.0,235000.0,2079.65,2024-09-06
Saint-Marceau,72297,72170,Maison,113.0,235000.0,2079.65,2024-09-06
Mamers,72180,72600,Maison,144.0,160000.0,1111.11,2024-09-06
Le Mans,72181,72100,Maison,100.0,185000.0,1850.0,2024-09-16
Gesnes-le-Gandelin,72141,72130,Maison,82.0,148000.0,1804.88,2024-09-17
Saint-Maixent,72296,72320,Maison,66.0,70000.0,1060.61,2024-09-16
Le Mans,72181,72000,Appartement,80.0,230000.0,2875.0,2024-09-13
Le Mans,72181,72000,Appartement,60.0,230000.0,3833.33,2024-09-13
Le Mans,72181,72000,Appartement,39.0,230000.0,5897.44,2024-09-13
Bonnétable,72039,72110,Maison,70.0,137060.0,1958.0,2024-09-06
Bonnétable,72039,72110,Maison,70.0,137060.0,1958.0,2024-09-06
Champfleur,72056,72610,Maison,72.0,109500.0,1520.83,2024-09-11
Marçon,72183,72340,Maison,86.0,355000.0,4127.91,2024-09-13
Marçon,72183,72340,Maison,120.0,355000.0,2958.33,2024-09-13
Marçon,72183,72340,Maison,86.0,355000.0,4127.91,2024-09-13
Marçon,72183,72340,Maison,120.0,355000.0,2958.33,2024-09-13
Saint-Paterne - Le Chevain,72308,72610,Maison,138.0,245000.0,1775.36,2024-09-12
Saint-Paterne - Le Chevain,72308,72610,Maison,138.0,245000.0,1775.36,2024-09-12
Le Mans,72181,72000,Appartement,15.0,65000.0,4333.33,2024-09-06
Le Mans,72181,72000,Appartement,22.0,65000.0,2954.55,2024-09-06
Noyen-sur-Sarthe,72223,72430,Maison,80.0,160000.0,2000.0,2024-08-27
Noyen-sur-Sarthe,72223,72430,Maison,80.0,160000.0,2000.0,2024-08-27
Teloché,72350,72220,Maison,126.0,220000.0,1746.03,2024-09-13
Ruaudin,72260,72230,Maison,108.0,155000.0,1435.19,2024-09-16
Ruaudin,72260,72230,Appartement,64.0,130000.0,2031.25,2024-09-12
Neuville-sur-Sarthe,72217,72190,Maison,186.0,395000.0,2123.66,2024-08-27
Neuville-sur-Sarthe,72217,72190,Maison,186.0,395000.0,2123.66,2024-08-27
Neuville-sur-Sarthe,72217,72190,Maison,186.0,395000.0,2123.66,2024-08-27
Ruaudin,72260,72230,Appartement,47.0,94000.0,2000.0,2024-09-16
La Flèche,72154,72200,Maison,150.0,370000.0,2466.67,2024-09-02
Le Mans,72181,72000,Appartement,30.0,58000.0,1933.33,2024-09-11
Le Mans,72181,72100,Maison,73.0,149800.0,2052.05,2024-09-16
Noyen-sur-Sarthe,72223,72430,Maison,25.0,50000.0,2000.0,2024-08-27
Noyen-sur-Sarthe,72223,72430,Maison,25.0,50000.0,2000.0,2024-08-27
Saint-Mars-la-Brière,72300,72470,Maison,20.0,68000.0,3400.0,2024-09-13
Amné,72004,72540,Maison,105.0,134500.0,1280.95,2024-08-23
Le Mans,72181,72100,Maison,81.0,226000.0,2790.12,2024-08-28
Saint-Jean-de-la-Motte,72291,72510,Maison,36.0,54000.0,1500.0,2024-09-16
Oisseau-le-Petit,72225,72610,Maison,180.0,80000.0,444.44,2024-09-16
Noyen-sur-Sarthe,72223,72430,Maison,60.0,75000.0,1250.0,2024-09-02
La Flèche,72154,72200,Maison,60.0,100000.0,1666.67,2024-09-02
La Flèche,72154,72200,Maison,70.0,170000.0,2428.57,2024-09-02
Allonnes,72003,72700,Maison,86.0,145000.0,1686.05,2024-09-13
Le Mans,72181,72000,Appartement,36.0,74625.0,2072.92,2024-09-11
Allonnes,72003,72700,Maison,88.0,132000.0,1500.0,2024-09-10
Bousse,72044,72270,Maison,88.0,133000.0,1511.36,2024-09-02
Le Mans,72181,72100,Maison,95.0,199000.0,2094.74,2024-09-11
Le Mans,72181,72100,Maison,122.0,135000.0,1106.56,2024-09-13
Saint-Gervais-de-Vic,72286,72120,Maison,78.0,75000.0,961.54,2024-09-12
Saint-Gervais-de-Vic,72286,72120,Maison,45.0,75000.0,1666.67,2024-09-12
Saint-Gervais-de-Vic,72286,72120,Maison,78.0,75000.0,961.54,2024-09-12
Saint-Gervais-de-Vic,72286,72120,Maison,45.0,75000.0,1666.67,2024-09-12
Saint-Gervais-de-Vic,72286,72120,Maison,78.0,75000.0,961.54,2024-09-12
Saint-Gervais-de-Vic,72286,72120,Maison,45.0,75000.0,1666.67,2024-09-12
Préval,72245,72400,Maison,127.0,260000.0,2047.24,2024-09-13
Préval,72245,72400,Maison,127.0,260000.0,2047.24,2024-09-13
Le Mans,72181,72000,Appartement,136.0,296000.0,2176.47,2024-09-16
Le Mans,72181,72100,Appartement,45.0,60000.0,1333.33,2024-08-28
Le Breil-sur-Mérize,72046,72370,Maison,81.0,144000.0,1777.78,2024-09-12
Moncé-en-Belin,72200,72230,Maison,105.0,285000.0,2714.29,2024-09-16
Moncé-en-Belin,72200,72230,Maison,105.0,285000.0,2714.29,2024-09-16
Le Mans,72181,72000,Maison,67.0,13500.0,201.49,2024-09-10
Contilly,72091,72600,Maison,176.0,206000.0,1170.45,2024-09-18
Le Mans,72181,72000,Appartement,50.0,125000.0,2500.0,2024-09-13
Le Mans,72181,72000,Appartement,46.0,75000.0,1630.43,2024-09-05
Saint-Cosme-en-Vairais,72276,72110,Maison,60.0,45000.0,750.0,2024-09-17
Le Mans,72181,72000,Appartement,24.0,12500.0,520.83,2024-09-05
Le Mans,72181,72000,Appartement,15.0,12500.0,833.33,2024-09-05
Yvré-le-Pôlin,72385,72330,Maison,116.0,127000.0,1094.83,2024-09-13
Sablé-sur-Sarthe,72264,72300,Maison,42.0,70000.0,1666.67,2024-09-19
Le Mans,72181,72100,Appartement,69.0,75500.0,1094.2,2024-09-18
Écommoy,72124,72220,Maison,82.0,100000.0,1219.51,2024-09-18
Écommoy,72124,72220,Maison,82.0,100000.0,1219.51,2024-09-18
Écommoy,72124,72220,Maison,82.0,100000.0,1219.51,2024-09-18
Saint-Mars-d'Outillé,72299,72220,Maison,105.0,155000.0,1476.19,2024-09-18
Saint-Mars-d'Outillé,72299,72220,Maison,105.0,155000.0,1476.19,2024-09-18
Le Mans,72181,72000,Appartement,32.0,84500.0,2640.62,2024-09-19
Lucé-sous-Ballon,72174,72290,Maison,108.0,100000.0,925.93,2024-09-13
Changé,72058,72560,Maison,190.0,430000.0,2263.16,2024-09-16
Changé,72058,72560,Maison,190.0,430000.0,2263.16,2024-09-16
Le Mans,72181,72000,Appartement,36.0,93000.0,2583.33,2024-09-09
La Bazoge,72024,72650,Maison,142.0,360000.0,2535.21,2024-09-06
La Bazoge,72024,72650,Maison,142.0,360000.0,2535.21,2024-09-06
Noyen-sur-Sarthe,72223,72430,Maison,87.0,150000.0,1724.14,2024-08-30
Noyen-sur-Sarthe,72223,72430,Maison,52.0,80000.0,1538.46,2024-08-30
Noyen-sur-Sarthe,72223,72430,Maison,52.0,80000.0,1538.46,2024-08-30
Noyen-sur-Sarthe,72223,72430,Maison,52.0,80000.0,1538.46,2024-08-30
Noyen-sur-Sarthe,72223,72430,Maison,52.0,80000.0,1538.46,2024-08-30
Le Mans,72181,72000,Appartement,68.0,175000.0,2573.53,2024-09-03
Parigné-l'Évêque,72231,72250,Maison,73.0,90230.0,1236.03,2024-09-06
Aubigné-Racan,72013,72800,Maison,62.0,171000.0,2758.06,2024-09-18
Mayet,72191,72360,Maison,136.0,190000.0,1397.06,2024-09-19
Mayet,72191,72360,Maison,136.0,190000.0,1397.06,2024-09-19
Le Lude,72176,72800,Maison,92.0,23600.0,256.52,2024-09-19
Saint-Calais,72269,72120,Maison,77.0,112000.0,1454.55,2024-09-05
Montval-sur-Loir,72071,72500,Maison,110.0,130000.0,1181.82,2024-09-14
Montval-sur-Loir,72071,72500,Maison,180.0,165890.0,921.61,2024-09-12
Le Mans,72181,72000,Appartement,42.0,90000.0,2142.86,2024-09-05
Saint-Denis-d'Orques,72278,72350,Maison,75.0,70000.0,933.33,2024-09-02
Sargé-lès-le-Mans,72328,72190,Maison,148.0,238000.0,1608.11,2024-09-18
Sargé-lès-le-Mans,72328,72190,Maison,148.0,238000.0,1608.11,2024-09-18
Le Mans,72181,72000,Maison,76.0,168000.0,2210.53,2024-09-04
Val d'Étangson,72128,72120,Maison,57.0,58500.0,1026.32,2024-09-10
Le Mans,72181,72000,Appartement,20.0,22000.0,1100.0,2024-09-16
La Bruère-sur-Loir,72049,72500,Maison,80.0,110000.0,1375.0,2024-09-17
Le Mans,72181,72000,Appartement,50.0,75000.0,1500.0,2024-09-12
Le Mans,72181,72000,Maison,295.0,1005000.0,3406.78,2024-09-13
Le Mans,72181,72000,Maison,295.0,1005000.0,3406.78,2024-09-13
Villeneuve-en-Perseigne,72137,72600,Maison,86.0,130000.0,1511.63,2024-08-30
Villeneuve-en-Perseigne,72137,72600,Maison,86.0,130000.0,1511.63,2024-08-30
Spay,72344,72700,Maison,75.0,160000.0,2133.33,2024-08-21
Saint-Pavace,72310,72190,Maison,63.0,162000.0,2571.43,2024-09-18
Lombron,72165,72450,Maison,100.0,250000.0,2500.0,2024-08-27
Lombron,72165,72450,Maison,100.0,250000.0,2500.0,2024-08-27
Lombron,72165,72450,Maison,100.0,250000.0,2500.0,2024-08-27
Fresnay-sur-Sarthe,72138,72130,Maison,62.0,100000.0,1612.9,2024-09-05
Montaillé,72204,72120,Maison,84.0,63500.0,755.95,2024-09-10
Le Breil-sur-Mérize,72046,72370,Maison,82.0,156500.0,1908.54,2024-09-13
Le Breil-sur-Mérize,72046,72370,Maison,136.0,155000.0,1139.71,2024-09-12
Saint-Jean-d'Assé,72290,72380,Maison,174.0,393000.0,2258.62,2024-09-13
Moncé-en-Belin,72200,72230,Maison,137.0,365000.0,2664.23,2024-09-18
Moncé-en-Belin,72200,72230,Maison,137.0,365000.0,2664.23,2024-09-18
Sainte-Jamme-sur-Sarthe,72289,72380,Maison,131.0,205000.0,1564.89,2024-09-13
Saint-Aubin-des-Coudrais,72267,72400,Maison,115.0,63000.0,547.83,2024-09-21
Tuffé Val de la Chéronne,72363,72160,Maison,91.0,190000.0,2087.91,2024-09-20
Tuffé Val de la Chéronne,72363,72160,Maison,91.0,190000.0,2087.91,2024-09-20
Tuffé Val de la Chéronne,72363,72160,Maison,91.0,190000.0,2087.91,2024-09-20
Domfront-en-Champagne,72119,72240,Maison,100.0,240000.0,2400.0,2024-08-30
Le Mans,72181,72100,Maison,83.0,187000.0,2253.01,2024-09-12
Le Mans,72181,72000,Appartement,49.0,123000.0,2510.2,2024-08-30
Mansigné,72182,72510,Maison,87.0,135000.0,1551.72,2024-09-19
Mansigné,72182,72510,Maison,87.0,135000.0,1551.72,2024-09-19
Mansigné,72182,72510,Maison,49.0,135000.0,2755.1,2024-09-19
Mansigné,72182,72510,Maison,49.0,135000.0,2755.1,2024-09-19
Sainte-Jamme-sur-Sarthe,72289,72380,Maison,115.0,177400.0,1542.61,2024-09-11
Sainte-Jamme-sur-Sarthe,72289,72380,Maison,115.0,177400.0,1542.61,2024-09-11
Saint-Symphorien,72321,72240,Maison,37.0,30361.0,820.57,2024-09-19
Souligné-sous-Ballon,72340,72290,Maison,50.0,217143.0,4342.86,2024-09-12
Souligné-sous-Ballon,72340,72290,Maison,86.0,217143.0,2524.92,2024-09-12
Souligné-sous-Ballon,72340,72290,Maison,46.0,217143.0,4720.5,2024-09-12
Montbizot,72205,72380,Maison,135.0,210000.0,1555.56,2024-09-16
Arnage,72008,72230,Maison,76.0,145000.0,1907.89,2024-09-18
Moulins-le-Carbonnel,72212,72130,Maison,34.0,39000.0,1147.06,2024-09-04
Le Mans,72181,72000,Appartement,24.0,55000.0,2291.67,2024-09-19
Montval-sur-Loir,72071,72500,Maison,80.0,60000.0,750.0,2024-09-20
Montval-sur-Loir,72071,72500,Maison,64.0,60000.0,937.5,2024-09-20
Précigné,72244,72300,Maison,138.0,240000.0,1739.13,2024-09-16
Le Mans,72181,72000,Maison,69.0,149000.0,2159.42,2024-08-26
Dollon,72118,72390,Maison,129.0,283000.0,2193.8,2024-09-12
Dollon,72118,72390,Maison,129.0,283000.0,2193.8,2024-09-12
Saint-Marceau,72297,72170,Maison,60.0,83000.0,1383.33,2024-09-11
Verneil-le-Chétif,72369,72360,Maison,108.0,105000.0,972.22,2024-09-20
Le Mans,72181,72100,Appartement,56.0,81000.0,1446.43,2024-09-19
Saint-Pierre-des-Ormes,72313,72600,Maison,14.0,16000.0,1142.86,2024-09-13
Le Mans,72181,72000,Appartement,36.0,80500.0,2236.11,2024-09-18
Le Mans,72181,72000,Appartement,84.0,135000.0,1607.14,2024-08-27
Mulsanne,72213,72230,Maison,112.0,205000.0,1830.36,2024-09-20
Le Mans,72181,72000,Appartement,47.0,120000.0,2553.19,2024-09-20
Sargé-lès-le-Mans,72328,72190,Maison,110.0,500650.0,4551.36,2024-09-16
Le Mans,72181,72000,Appartement,53.0,47500.0,896.23,2024-08-29
Le Mans,72181,72000,Maison,71.0,175000.0,2464.79,2024-09-20
Le Mans,72181,72000,Appartement,78.0,110000.0,1410.26,2024-09-19
Le Lude,72176,72800,Maison,88.0,64000.0,727.27,2024-09-23
Le Mans,72181,72100,Maison,79.0,198000.0,2506.33,2024-09-20
La Flèche,72154,72200,Maison,88.0,120000.0,1363.64,2024-09-16
Mulsanne,72213,72230,Maison,104.0,180000.0,1730.77,2024-09-19
Le Lude,72176,72800,Maison,29.0,10000.0,344.83,2024-09-16
Le Lude,72176,72800,Maison,74.0,10000.0,135.14,2024-09-16
Dissay-sous-Courcillon,72115,72500,Maison,90.0,131000.0,1455.56,2024-09-12
Noyen-sur-Sarthe,72223,72430,Maison,36.0,50000.0,1388.89,2024-09-06
La Flèche,72154,72200,Maison,120.0,140000.0,1166.67,2024-09-09
Montval-sur-Loir,72071,72500,Maison,54.0,117000.0,2166.67,2024-09-20
Montval-sur-Loir,72071,72500,Maison,54.0,117000.0,2166.67,2024-09-20
Le Lude,72176,72800,Appartement,41.0,23000.0,560.98,2024-09-16
Le Lude,72176,72800,Appartement,34.0,23000.0,676.47,2024-09-16
Le Lude,72176,72800,Appartement,20.0,23000.0,1150.0,2024-09-16
Dissay-sous-Courcillon,72115,72500,Maison,86.0,66500.0,773.26,2024-09-21
Le Mans,72181,72000,Appartement,39.0,170000.0,4358.97,2024-09-12
Le Mans,72181,72000,Appartement,43.0,170000.0,3953.49,2024-09-12
Le Mans,72181,72000,Appartement,30.0,170000.0,5666.67,2024-09-12
Saint-Georges-du-Bois,72280,72700,Maison,61.0,135000.0,2213.11,2024-09-19
Le Mans,72181,72000,Appartement,36.0,65000.0,1805.56,2024-09-18
Degré,72113,72550,Maison,88.0,172000.0,1954.55,2024-09-11
Spay,72344,72700,Maison,94.0,203600.0,2165.96,2024-09-20
Spay,72344,72700,Maison,94.0,203600.0,2165.96,2024-09-20
Chemiré-le-Gaudin,72075,72210,Maison,104.0,85000.0,817.31,2024-05-14
Maigné,72177,72210,Maison,90.0,88000.0,977.78,2024-09-07
Saint-Calais,72269,72120,Maison,60.0,34000.0,566.67,2024-09-06
Guécélard,72146,72230,Maison,90.0,158000.0,1755.56,2024-09-19
Le Mans,72181,72000,Appartement,47.0,102000.0,2170.21,2024-09-20
Le Mans,72181,72000,Maison,80.0,300000.0,3750.0,2024-09-19
Le Mans,72181,72000,Maison,80.0,300000.0,3750.0,2024-09-19
Le Mans,72181,72000,Maison,80.0,300000.0,3750.0,2024-09-19
Le Mans,72181,72000,Maison,98.0,260000.0,2653.06,2024-09-20
La Chapelle-Saint-Rémy,72067,72160,Maison,88.0,165000.0,1875.0,2024-09-23
Le Mans,72181,72100,Maison,73.0,219000.0,3000.0,2024-08-26
Le Mans,72181,72100,Maison,32.0,77500.0,2421.88,2024-09-20
Le Mans,72181,72000,Appartement,46.0,95000.0,2065.22,2024-09-10
Le Mans,72181,72100,Appartement,54.0,65000.0,1203.7,2024-09-23
Le Mans,72181,72000,Maison,88.0,198000.0,2250.0,2024-09-20
Le Mans,72181,72000,Appartement,65.0,133000.0,2046.15,2024-09-23
Louplande,72169,72210,Maison,120.0,230000.0,1916.67,2024-09-10
Le Mans,72181,72000,Maison,80.0,400000.0,5000.0,2024-09-19
Le Mans,72181,72000,Maison,80.0,400000.0,5000.0,2024-09-19
Le Mans,72181,72000,Maison,80.0,400000.0,5000.0,2024-09-19
Pruillé-le-Chétif,72247,72700,Maison,180.0,364000.0,2022.22,2024-09-18
Neuvillalais,72216,72240,Maison,155.0,235445.0,1519.0,2024-09-13
Savigné-sous-le-Lude,72330,72800,Maison,89.0,108500.0,1219.1,2024-09-11
Rouillon,72257,72700,Appartement,40.0,158000.0,3950.0,2024-09-10
Fresnay-sur-Sarthe,72138,72130,Appartement,28.0,30000.0,1071.43,2024-09-23
Fresnay-sur-Sarthe,72138,72130,Appartement,51.0,30000.0,588.24,2024-09-23
Fresnay-sur-Sarthe,72138,72130,Appartement,28.0,30000.0,1071.43,2024-09-23
Fresnay-sur-Sarthe,72138,72130,Appartement,20.0,30000.0,1500.0,2024-09-23
Sablé-sur-Sarthe,72264,72300,Appartement,14.0,45000.0,3214.29,2024-09-19
Sablé-sur-Sarthe,72264,72300,Appartement,26.0,45000.0,1730.77,2024-09-19
Sablé-sur-Sarthe,72264,72300,Appartement,18.0,45000.0,2500.0,2024-09-19
Sablé-sur-Sarthe,72264,72300,Appartement,48.0,45000.0,937.5,2024-09-19
Sablé-sur-Sarthe,72264,72300,Appartement,39.0,45000.0,1153.85,2024-09-19
Le Mans,72181,72000,Maison,137.0,230000.0,1678.83,2024-09-23
Le Mans,72181,72100,Maison,91.0,190000.0,2087.91,2024-09-19
Saint-Cosme-en-Vairais,72276,72110,Maison,160.0,182500.0,1140.62,2024-09-20
Saint-Cosme-en-Vairais,72276,72110,Maison,160.0,182500.0,1140.62,2024-09-20
Saint-Cosme-en-Vairais,72276,72110,Maison,160.0,182500.0,1140.62,2024-09-20
Sablé-sur-Sarthe,72264,72300,Maison,115.0,120000.0,1043.48,2024-09-17
Le Mans,72181,72000,Maison,47.0,67000.0,1425.53,2024-09-18
Cérans-Foulletourte,72051,72330,Maison,70.0,115000.0,1642.86,2024-09-19
Cérans-Foulletourte,72051,72330,Maison,70.0,115000.0,1642.86,2024-09-19
La Flèche,72154,72200,Maison,83.0,300000.0,3614.46,2024-09-06
La Flèche,72154,72200,Maison,83.0,300000.0,3614.46,2024-09-06
La Flèche,72154,72200,Maison,83.0,300000.0,3614.46,2024-09-06
La Flèche,72154,72200,Maison,83.0,300000.0,3614.46,2024-09-06
Le Mans,72181,72000,Appartement,29.0,91000.0,3137.93,2024-09-20
Bouloire,72042,72440,Maison,138.0,50000.0,362.32,2024-08-14
La Bazoge,72024,72650,Maison,65.0,213000.0,3276.92,2024-08-30
Moncé-en-Belin,72200,72230,Maison,101.0,272500.0,2698.02,2024-09-23
Savigné-l'Évêque,72329,72460,Maison,119.0,194000.0,1630.25,2024-08-30
Cherré-Au,72080,72400,Maison,98.0,151000.0,1540.82,2024-08-19
Le Mans,72181,72100,Maison,71.0,120000.0,1690.14,2024-09-19
Moncé-en-Belin,72200,72230,Maison,124.0,225000.0,1814.52,2024-09-20
La Ferté-Bernard,72132,72400,Appartement,65.0,45000.0,692.31,2024-09-18
Arnage,72008,72230,Maison,76.0,238000.0,3131.58,2024-09-18
Mulsanne,72213,72230,Maison,66.0,145000.0,2196.97,2024-09-19
Le Mans,72181,72100,Appartement,53.0,50000.0,943.4,2024-09-12
Yvré-l'Évêque,72386,72530,Maison,99.0,135000.0,1363.64,2024-09-20
La Flèche,72154,72200,Maison,87.0,204000.0,2344.83,2024-09-11
Yvré-l'Évêque,72386,72530,Maison,176.0,218000.0,1238.64,2024-09-13
Yvré-l'Évêque,72386,72530,Maison,176.0,218000.0,1238.64,2024-09-13
Yvré-l'Évêque,72386,72530,Maison,87.0,61100.0,702.3,2024-08-28
Yvré-l'Évêque,72386,72530,Maison,87.0,61100.0,702.3,2024-08-28
Ruaudin,72260,72230,Maison,67.0,225000.0,3358.21,2024-08-29
Ruaudin,72260,72230,Maison,67.0,225000.0,3358.21,2024-08-29
La Flèche,72154,72200,Maison,104.0,93316.0,897.27,2024-09-06
Soulitré,72341,72370,Maison,160.0,280000.0,1750.0,2024-09-12
Le Mans,72181,72100,Appartement,25.0,83000.0,3320.0,2024-09-13
Le Mans,72181,72100,Appartement,25.0,83000.0,3320.0,2024-09-13
Ancinnes,72005,72610,Maison,74.0,162000.0,2189.19,2024-09-24
Ancinnes,72005,72610,Maison,74.0,162000.0,2189.19,2024-09-24
Le Mans,72181,72100,Maison,44.0,134000.0,3045.45,2024-08-30
Le Mans,72181,72100,Maison,79.0,110000.0,1392.41,2024-09-02
La Flèche,72154,72200,Maison,160.0,341750.0,2135.94,2024-09-13
La Flèche,72154,72200,Maison,135.0,165000.0,1222.22,2024-09-13
La Flèche,72154,72200,Maison,135.0,165000.0,1222.22,2024-09-13
Le Mans,72181,72100,Appartement,65.0,127500.0,1961.54,2024-09-25
Mézières-sous-Lavardin,72197,72240,Maison,69.0,52200.0,756.52,2024-09-20
Domfront-en-Champagne,72119,72240,Maison,94.0,182000.0,1936.17,2024-09-24
Domfront-en-Champagne,72119,72240,Maison,94.0,182000.0,1936.17,2024-09-24
Montbizot,72205,72380,Maison,127.0,159000.0,1251.97,2024-09-19
Montbizot,72205,72380,Maison,127.0,159000.0,1251.97,2024-09-19
Le Mans,72181,72100,Maison,83.0,124000.0,1493.98,2024-09-24
Assé-le-Riboul,72012,72170,Maison,91.0,105010.0,1153.96,2024-09-19
Changé,72058,72560,Maison,215.0,340000.0,1581.4,2024-09-09
Mamers,72180,72600,Maison,101.0,140000.0,1386.14,2024-09-06
Mézeray,72195,72270,Maison,134.0,80000.0,597.01,2024-09-20
Vibraye,72373,72320,Maison,133.0,207000.0,1556.39,2024-09-20
Chaufour-Notre-Dame,72073,72550,Maison,91.0,173250.0,1903.85,2024-09-20
Mamers,72180,72600,Maison,50.0,13000.0,260.0,2024-09-13
Le Mans,72181,72000,Maison,80.0,100000.0,1250.0,2024-09-13
Montfort-le-Gesnois,72241,72450,Maison,90.0,130000.0,1444.44,2024-09-11
Montfort-le-Gesnois,72241,72450,Maison,90.0,130000.0,1444.44,2024-09-11
Le Mans,72181,72000,Appartement,47.0,112500.0,2393.62,2024-09-16
Saint-Célerin,72271,72110,Maison,80.0,116500.0,1456.25,2024-09-03
La Ferté-Bernard,72132,72400,Maison,171.0,188000.0,1099.42,2024-09-23
La Ferté-Bernard,72132,72400,Maison,171.0,188000.0,1099.42,2024-09-23
Le Mans,72181,72000,Appartement,22.0,58904.0,2677.45,2024-09-11
Le Mans,72181,72000,Maison,138.0,160000.0,1159.42,2024-09-11
La Ferté-Bernard,72132,72400,Maison,70.0,121000.0,1728.57,2024-09-16
Saint-Cosme-en-Vairais,72276,72110,Maison,60.0,73720.0,1228.67,2024-09-13
Le Mans,72181,72000,Maison,85.0,202000.0,2376.47,2024-09-23
Champagné,72054,72470,Maison,83.0,165000.0,1987.95,2024-09-05
Le Mans,72181,72000,Appartement,42.0,97000.0,2309.52,2024-09-20
Bernay-Neuvy-en-Champagne,72219,72240,Maison,80.0,50000.0,625.0,2024-09-06
Bernay-Neuvy-en-Champagne,72219,72240,Maison,10.0,50000.0,5000.0,2024-09-06
Amné,72004,72540,Maison,77.0,96000.0,1246.75,2024-09-19
Amné,72004,72540,Maison,77.0,96000.0,1246.75,2024-09-19
Allonnes,72003,72700,Maison,67.0,115000.0,1716.42,2024-09-10
Changé,72058,72560,Maison,111.0,270000.0,2432.43,2024-09-20
Saint-Michel-de-Chavaignes,72303,72440,Maison,52.0,80000.0,1538.46,2024-09-25
Saint-Michel-de-Chavaignes,72303,72440,Maison,48.0,80000.0,1666.67,2024-09-25
Chahaignes,72052,72340,Maison,44.0,76000.0,1727.27,2024-09-24
Chahaignes,72052,72340,Maison,44.0,76000.0,1727.27,2024-09-24
Saint-Célerin,72271,72110,Maison,68.0,83590.0,1229.26,2024-09-16
Montval-sur-Loir,72071,72500,Maison,77.0,90000.0,1168.83,2024-09-25
Dollon,72118,72390,Maison,66.0,69000.0,1045.45,2024-09-25
Le Mans,72181,72000,Appartement,50.0,115000.0,2300.0,2024-09-23
Montval-sur-Loir,72071,72500,Maison,101.0,190000.0,1881.19,2024-09-24
Montval-sur-Loir,72071,72500,Maison,101.0,190000.0,1881.19,2024-09-24
Le Mans,72181,72100,Maison,65.0,176470.0,2714.92,2024-09-20
Le Mans,72181,72100,Appartement,94.0,85000.0,904.26,2024-09-25
Le Mans,72181,72000,Appartement,53.0,125000.0,2358.49,2024-09-24
Le Mans,72181,72000,Appartement,53.0,125000.0,2358.49,2024-09-24
Le Mans,72181,72000,Maison,73.0,170000.0,2328.77,2024-09-25
Mont-Saint-Jean,72211,72140,Maison,125.0,212000.0,1696.0,2024-09-13
Teloché,72350,72220,Maison,195.0,290000.0,1487.18,2024-09-25
Beaufay,72026,72110,Maison,98.0,265000.0,2704.08,2024-09-13
Beaufay,72026,72110,Maison,98.0,265000.0,2704.08,2024-09-13
Saint-Saturnin,72320,72650,Maison,130.0,233000.0,1792.31,2024-09-06
Saint-Saturnin,72320,72650,Maison,130.0,233000.0,1792.31,2024-09-06
Le Mans,72181,72100,Maison,67.0,150000.0,2238.81,2024-09-25
Le Mans,72181,72000,Appartement,43.0,100000.0,2325.58,2024-09-16
Le Mans,72181,72000,Maison,70.0,205000.0,2928.57,2024-09-17
Le Mans,72181,72000,Maison,196.0,355000.0,1811.22,2024-09-06
Courcemont,72101,72110,Maison,90.0,91500.0,1016.67,2024-09-13
Courcemont,72101,72110,Maison,90.0,91500.0,1016.67,2024-09-13
Courcemont,72101,72110,Maison,90.0,91500.0,1016.67,2024-09-13
Montval-sur-Loir,72071,72500,Maison,62.0,115000.0,1854.84,2024-08-28
Montval-sur-Loir,72071,72500,Maison,55.0,115000.0,2090.91,2024-08-28
Le Mans,72181,72000,Maison,65.0,128000.0,1969.23,2024-09-17
Brûlon,72050,72350,Maison,55.0,95000.0,1727.27,2024-09-16
Brûlon,72050,72350,Maison,55.0,95000.0,1727.27,2024-09-16
Bernay-Neuvy-en-Champagne,72219,72240,Maison,62.0,99750.0,1608.87,2024-09-16
Avoise,72021,72430,Maison,35.0,56000.0,1600.0,2024-08-28
Avoise,72021,72430,Maison,35.0,56000.0,1600.0,2024-08-28
Bessé-sur-Braye,72035,72310,Maison,79.0,97000.0,1227.85,2024-09-25
Le Mans,72181,72000,Appartement,46.0,70000.0,1521.74,2024-09-12
Le Mans,72181,72000,Appartement,113.0,133000.0,1176.99,2024-09-12
Sillé-le-Guillaume,72334,72140,Maison,90.0,65000.0,722.22,2024-09-25
Savigné-l'Évêque,72329,72460,Maison,97.0,176990.0,1824.64,2024-09-09
Villeneuve-en-Perseigne,72137,72610,Maison,102.0,70000.0,686.27,2024-09-20
Bonnétable,72039,72110,Maison,110.0,162000.0,1472.73,2024-09-13
Saint-Vincent-du-Lorouër,72325,72150,Maison,56.0,57000.0,1017.86,2024-09-12
Laigné-en-Belin,72155,72220,Maison,105.0,258000.0,2457.14,2024-09-20
Le Mans,72181,72000,Appartement,98.0,920000.0,9387.76,2024-09-16
Le Mans,72181,72000,Maison,241.0,920000.0,3817.43,2024-09-16
Loir en Vallée,72262,72340,Maison,35.0,215000.0,6142.86,2024-09-28
Loir en Vallée,72262,72340,Maison,35.0,215000.0,6142.86,2024-09-28
Loir en Vallée,72262,72340,Maison,240.0,215000.0,895.83,2024-09-28
Loir en Vallée,72262,72340,Maison,240.0,215000.0,895.83,2024-09-28
Loir en Vallée,72262,72340,Maison,240.0,215000.0,895.83,2024-09-28
Le Mans,72181,72100,Appartement,61.0,73000.0,1196.72,2024-09-16
Saint-Biez-en-Belin,72268,72220,Maison,55.0,118000.0,2145.45,2024-09-26
Pontvallain,72243,72510,Maison,75.0,100000.0,1333.33,2024-09-11
Chahaignes,72052,72340,Maison,64.0,107000.0,1671.88,2024-09-19
Villaines-sous-Lucé,72376,72150,Maison,49.0,35000.0,714.29,2024-09-19
Le Mans,72181,72000,Appartement,40.0,90500.0,2262.5,2024-09-27
Arnage,72008,72230,Maison,112.0,220000.0,1964.29,2024-09-20
Neuville-sur-Sarthe,72217,72190,Maison,90.0,200000.0,2222.22,2024-09-26
Coulaines,72095,72190,Appartement,73.0,88750.0,1215.75,2024-09-09
La Milesse,72198,72650,Maison,118.0,245000.0,2076.27,2024-09-30
Le Mans,72181,72000,Maison,82.0,143000.0,1743.9,2024-09-06
Le Mans,72181,72000,Maison,80.0,176200.0,2202.5,2024-09-26
Le Mans,72181,72000,Appartement,66.0,117000.0,1772.73,2024-09-26
Laigné-en-Belin,72155,72220,Maison,96.0,210000.0,2187.5,2024-09-25
Arçonnay,72006,72610,Maison,84.0,100000.0,1190.48,2024-09-19
Le Mans,72181,72100,Appartement,42.0,69900.0,1664.29,2024-09-25
Maresché,72186,72170,Maison,80.0,68000.0,850.0,2024-09-25
Saint-Pierre-de-Chevillé,72311,72500,Maison,130.0,136000.0,1046.15,2024-09-23
Le Mans,72181,72000,Appartement,91.0,239500.0,2631.87,2024-09-25
Sceaux-sur-Huisne,72331,72160,Maison,109.0,117500.0,1077.98,2024-09-27
Le Mans,72181,72100,Maison,78.0,155000.0,1987.18,2024-09-05
Sceaux-sur-Huisne,72331,72160,Maison,43.0,30000.0,697.67,2024-09-27
Arnage,72008,72230,Maison,54.0,155000.0,2870.37,2024-09-30
Arnage,72008,72230,Maison,130.0,225000.0,1730.77,2024-09-02
Le Mans,72181,72000,Maison,88.0,295715.0,3360.4,2024-09-10
Mont-Saint-Jean,72211,72140,Maison,56.0,20000.0,357.14,2024-09-19
Thoigné,72354,72260,Maison,113.0,190000.0,1681.42,2024-09-04
Bonnétable,72039,72110,Maison,107.0,101000.0,943.93,2024-09-27
Cérans-Foulletourte,72051,72330,Maison,51.0,105500.0,2068.63,2024-09-05
Le Mans,72181,72100,Maison,81.0,178000.0,2197.53,2024-09-13
Le Mans,72181,72000,Maison,108.0,157800.0,1461.11,2024-09-20
Montval-sur-Loir,72071,72500,Maison,104.0,200000.0,1923.08,2024-09-19
Montval-sur-Loir,72071,72500,Maison,104.0,200000.0,1923.08,2024-09-19
Saint-Vincent-du-Lorouër,72325,72150,Maison,88.0,138000.0,1568.18,2024-09-20
Saint-Vincent-du-Lorouër,72325,72150,Maison,88.0,138000.0,1568.18,2024-09-20
Le Mans,72181,72000,Appartement,33.0,88000.0,2666.67,2024-09-20
Lamnay,72156,72320,Maison,143.0,150000.0,1048.95,2024-09-16
Coulaines,72095,72190,Maison,77.0,125000.0,1623.38,2024-09-05
Sablé-sur-Sarthe,72264,72300,Appartement,33.0,63000.0,1909.09,2024-09-26
Yvré-le-Pôlin,72385,72330,Maison,73.0,105000.0,1438.36,2024-09-26
Moncé-en-Belin,72200,72230,Maison,94.0,188000.0,2000.0,2024-09-20
Moncé-en-Belin,72200,72230,Maison,94.0,188000.0,2000.0,2024-09-20
Le Mans,72181,72000,Appartement,70.0,127000.0,1814.29,2024-09-26
Nogent-sur-Loir,72221,72500,Maison,61.0,104000.0,1704.92,2024-09-27
La Suze-sur-Sarthe,72346,72210,Maison,109.0,170000.0,1559.63,2024-09-26
La Suze-sur-Sarthe,72346,72210,Maison,109.0,170000.0,1559.63,2024-09-26
Aubigné-Racan,72013,72800,Maison,79.0,60000.0,759.49,2024-09-26
Chemiré-le-Gaudin,72075,72210,Maison,79.0,145000.0,1835.44,2024-09-26
Chemiré-le-Gaudin,72075,72210,Maison,79.0,145000.0,1835.44,2024-09-26
Neuville-sur-Sarthe,72217,72190,Maison,87.0,65000.0,747.13,2024-09-23
Le Mans,72181,72100,Maison,82.0,160000.0,1951.22,2024-09-26
Le Mans,72181,72000,Maison,123.0,335000.0,2723.58,2024-09-04
Trangé,72360,72650,Maison,75.0,92000.0,1226.67,2024-09-26
Dissay-sous-Courcillon,72115,72500,Maison,81.0,65000.0,802.47,2024-09-24
Le Mans,72181,72000,Appartement,78.0,155000.0,1987.18,2024-09-30
Le Lude,72176,72800,Maison,62.0,209900.0,3385.48,2024-09-30
La Chartre-sur-le-Loir,72068,72340,Maison,80.0,108000.0,1350.0,2024-09-25
Le Grand-Lucé,72143,72150,Maison,130.0,148000.0,1138.46,2024-09-24
Le Mans,72181,72000,Appartement,53.0,92000.0,1735.85,2024-09-23
Saint-Georges-de-la-Couée,72279,72150,Maison,70.0,56680.0,809.71,2024-09-24
Sablé-sur-Sarthe,72264,72300,Maison,78.0,110000.0,1410.26,2024-09-27
Le Mans,72181,72000,Appartement,65.0,64000.0,984.62,2024-09-06
Le Mans,72181,72100,Appartement,68.0,113500.0,1669.12,2024-09-27
Aigné,72001,72650,Maison,101.0,228162.0,2259.03,2024-09-06
Saint-Célerin,72271,72110,Maison,79.0,186000.0,2354.43,2024-09-27
Le Mans,72181,72000,Maison,142.0,250000.0,1760.56,2024-09-18
Le Mans,72181,72000,Maison,142.0,250000.0,1760.56,2024-09-18
Bonnétable,72039,72110,Maison,91.0,84000.0,923.08,2024-10-01
Bonnétable,72039,72110,Maison,91.0,84000.0,923.08,2024-10-01
Le Mans,72181,72000,Appartement,28.0,89000.0,3178.57,2024-09-30
Sablé-sur-Sarthe,72264,72300,Maison,157.0,230000.0,1464.97,2024-09-02
Yvré-l'Évêque,72386,72530,Maison,105.0,170000.0,1619.05,2024-09-05
Volnay,72382,72440,Maison,136.0,160000.0,1176.47,2024-09-30
Neufchâtel-en-Saosnois,72215,72600,Maison,118.0,155000.0,1313.56,2024-09-23
Neufchâtel-en-Saosnois,72215,72600,Maison,118.0,155000.0,1313.56,2024-09-23
Neufchâtel-en-Saosnois,72215,72600,Maison,118.0,155000.0,1313.56,2024-09-23
Vaas,72364,72500,Maison,70.0,75000.0,1071.43,2024-09-20
Le Mans,72181,72100,Appartement,68.0,85000.0,1250.0,2024-09-27
Torcé-en-Vallée,72359,72110,Maison,186.0,185000.0,994.62,2024-09-20
La Bazoge,72024,72650,Maison,77.0,155000.0,2012.99,2024-09-10
Cérans-Foulletourte,72051,72330,Maison,124.0,157000.0,1266.13,2024-09-27
Ballon-Saint Mars,72023,72290,Maison,144.0,130000.0,902.78,2024-09-06
Ballon-Saint Mars,72023,72290,Maison,144.0,130000.0,902.78,2024-09-06
Arnage,72008,72230,Maison,95.0,83000.0,873.68,2024-09-27
Dissay-sous-Courcillon,72115,72500,Maison,96.0,55000.0,572.92,2024-09-24
Le Mans,72181,72000,Maison,108.0,170000.0,1574.07,2024-09-20
Pruillé-le-Chétif,72247,72700,Maison,73.0,129000.0,1767.12,2024-09-24
Ligron,72163,72270,Maison,166.0,155000.0,933.73,2024-09-20
Ligron,72163,72270,Maison,166.0,155000.0,933.73,2024-09-20
Savigné-l'Évêque,72329,72460,Maison,82.0,159990.0,1951.1,2024-09-10
Guécélard,72146,72230,Appartement,112.0,90000.0,803.57,2024-09-11
Roézé-sur-Sarthe,72253,72210,Maison,116.0,215000.0,1853.45,2024-09-24
Roézé-sur-Sarthe,72253,72210,Maison,116.0,215000.0,1853.45,2024-09-24
Mareil-sur-Loir,72185,72200,Maison,88.0,97000.0,1102.27,2024-09-24
Mareil-sur-Loir,72185,72200,Maison,88.0,97000.0,1102.27,2024-09-24
Bazouges Cré sur Loir,72025,72200,Maison,77.0,123000.0,1597.4,2024-09-11
La Ferté-Bernard,72132,72400,Appartement,30.0,53500.0,1783.33,2024-09-23
Prévelles,72246,72110,Maison,92.0,150000.0,1630.43,2024-09-19
Savigné-l'Évêque,72329,72460,Maison,85.0,166990.0,1964.59,2024-09-10
Le Mans,72181,72000,Maison,94.0,169000.0,1797.87,2024-09-25
Noyen-sur-Sarthe,72223,72430,Maison,115.0,135000.0,1173.91,2024-09-10
Auvers-le-Hamon,72016,72300,Maison,146.0,126000.0,863.01,2024-09-27
La Chapelle-Saint-Rémy,72067,72160,Maison,42.0,80000.0,1904.76,2024-09-30
Le Mans,72181,72000,Appartement,18.0,98000.0,5444.44,2024-10-01
Le Mans,72181,72000,Appartement,18.0,98000.0,5444.44,2024-10-01
Noyen-sur-Sarthe,72223,72430,Maison,70.0,143000.0,2042.86,2024-09-24
Bessé-sur-Braye,72035,72310,Maison,82.0,116500.0,1420.73,2024-09-20
Bessé-sur-Braye,72035,72310,Appartement,17.0,14000.0,823.53,2024-09-20
Bessé-sur-Braye,72035,72310,Appartement,50.0,14000.0,280.0,2024-09-20
Le Mans,72181,72000,Maison,155.0,488800.0,3153.55,2024-09-23
Saint-Rémy-de-Sillé,72315,72140,Maison,125.0,66000.0,528.0,2024-09-13
Le Mans,72181,72100,Appartement,76.0,65000.0,855.26,2024-09-26
La Chapelle-d'Aligné,72061,72300,Maison,85.0,130000.0,1529.41,2024-09-27
La Chapelle-d'Aligné,72061,72300,Maison,85.0,130000.0,1529.41,2024-09-27
La Ferté-Bernard,72132,72400,Appartement,49.0,46000.0,938.78,2024-09-30
Valennes,72366,72320,Maison,43.0,150000.0,3488.37,2024-09-20
Douillet,72121,72130,Maison,59.0,60500.0,1025.42,2024-09-13
Le Mans,72181,72000,Maison,111.0,322000.0,2900.9,2024-09-17
Le Mans,72181,72000,Appartement,42.0,120000.0,2857.14,2024-09-25
Saint-Ouen-en-Belin,72306,72220,Maison,121.0,160000.0,1322.31,2024-09-30
Saint-Ouen-en-Belin,72306,72220,Maison,121.0,160000.0,1322.31,2024-09-30
Le Mans,72181,72000,Maison,122.0,300425.0,2462.5,2024-09-30
Le Mans,72181,72000,Maison,73.0,200303.0,2743.88,2024-09-13
Le Mans,72181,72100,Maison,24.0,77000.0,3208.33,2024-09-26
Le Mans,72181,72000,Appartement,67.0,78000.0,1164.18,2024-09-25
Écommoy,72124,72220,Maison,90.0,130000.0,1444.44,2024-09-30
Le Mans,72181,72000,Appartement,32.0,80000.0,2500.0,2024-09-30
Le Mans,72181,72000,Maison,133.0,350000.0,2631.58,2024-09-26
Le Mans,72181,72100,Maison,50.0,133000.0,2660.0,2024-09-26
Le Mans,72181,72000,Appartement,38.0,69120.0,1818.95,2024-09-20
Le Mans,72181,72100,Maison,102.0,143000.0,1401.96,2024-09-30
Chenay,72076,72610,Maison,98.0,140000.0,1428.57,2024-09-30
Chenay,72076,72610,Maison,98.0,140000.0,1428.57,2024-09-30
Précigné,72244,72300,Maison,96.0,145000.0,1510.42,2024-09-30
Pincé,72236,72300,Maison,83.0,152000.0,1831.33,2024-09-27
Le Mans,72181,72000,Appartement,111.0,302000.0,2720.72,2024-09-27
Le Mans,72181,72000,Appartement,95.0,108500.0,1142.11,2024-09-25
Moncé-en-Belin,72200,72230,Maison,62.0,88000.0,1419.35,2024-09-30
Oisseau-le-Petit,72225,72610,Maison,90.0,180000.0,2000.0,2024-09-27
Oisseau-le-Petit,72225,72610,Maison,90.0,180000.0,2000.0,2024-09-27
Oisseau-le-Petit,72225,72610,Maison,90.0,180000.0,2000.0,2024-09-27
Saint-Pierre-des-Bois,72312,72430,Maison,50.0,56000.0,1120.0,2024-10-01
Le Mans,72181,72100,Appartement,63.0,74000.0,1174.6,2024-09-30
Le Mans,72181,72100,Appartement,76.0,74000.0,973.68,2024-09-30
Rouillon,72257,72700,Maison,90.0,200000.0,2222.22,2024-09-12
Le Mans,72181,72000,Appartement,65.0,129000.0,1984.62,2024-09-27
Le Mans,72181,72000,Appartement,80.0,249000.0,3112.5,2024-09-30
Dissay-sous-Courcillon,72115,72500,Maison,49.0,110000.0,2244.9,2024-10-02
Coulaines,72095,72190,Maison,140.0,270000.0,1928.57,2024-09-30
Sillé-le-Guillaume,72334,72140,Maison,102.0,115000.0,1127.45,2024-09-28
Aigné,72001,72650,Appartement,64.0,130000.0,2031.25,2024-09-25
Aigné,72001,72650,Appartement,54.0,130000.0,2407.41,2024-09-25
Le Mans,72181,72000,Appartement,26.0,52000.0,2000.0,2024-09-30
La Flèche,72154,72200,Appartement,37.0,140000.0,3783.78,2024-09-30
La Flèche,72154,72200,Appartement,32.0,140000.0,4375.0,2024-09-30
La Flèche,72154,72200,Appartement,27.0,140000.0,5185.19,2024-09-30
La Chartre-sur-le-Loir,72068,72340,Maison,68.0,79000.0,1161.76,2024-10-01
Le Mans,72181,72100,Maison,87.0,160000.0,1839.08,2024-09-25
La Chartre-sur-le-Loir,72068,72340,Maison,47.0,65000.0,1382.98,2024-10-02
Montval-sur-Loir,72071,72500,Maison,53.0,65000.0,1226.42,2024-09-27
Montval-sur-Loir,72071,72500,Maison,61.0,119000.0,1950.82,2024-10-02
Volnay,72382,72440,Maison,75.0,104000.0,1386.67,2024-09-23
Volnay,72382,72440,Maison,48.0,18500.0,385.42,2024-09-23
Le Mans,72181,72000,Appartement,79.0,190000.0,2405.06,2024-09-13
Les Aulneaux,72015,72600,Maison,30.0,185000.0,6166.67,2024-09-20
Les Aulneaux,72015,72600,Maison,30.0,185000.0,6166.67,2024-09-20
Les Aulneaux,72015,72600,Maison,70.0,185000.0,2642.86,2024-09-20
Les Aulneaux,72015,72600,Maison,70.0,185000.0,2642.86,2024-09-20
Le Mans,72181,72000,Maison,72.0,238000.0,3305.56,2024-10-01
Le Mans,72181,72000,Appartement,79.0,140000.0,1772.15,2024-10-01
Le Luart,72172,72390,Maison,108.0,196500.0,1819.44,2024-09-27
Aubigné-Racan,72013,72800,Maison,79.0,51896.0,656.91,2024-10-01
Le Mans,72181,72100,Maison,87.0,110000.0,1264.37,2024-10-04
Parigné-le-Pôlin,72230,72330,Maison,40.0,75000.0,1875.0,2024-10-03
Mayet,72191,72360,Maison,99.0,181000.0,1828.28,2024-10-02
Mayet,72191,72360,Maison,99.0,181000.0,1828.28,2024-10-02
Mayet,72191,72360,Maison,99.0,181000.0,1828.28,2024-10-02
Doucelles,72120,72170,Maison,73.0,135000.0,1849.32,2024-10-03
Doucelles,72120,72170,Maison,73.0,135000.0,1849.32,2024-10-03
Yvré-l'Évêque,72386,72530,Maison,127.0,130000.0,1023.62,2024-09-28
Le Mans,72181,72100,Appartement,52.0,65000.0,1250.0,2024-10-01
La Ferté-Bernard,72132,72400,Maison,70.0,122500.0,1750.0,2024-09-23
Mulsanne,72213,72230,Maison,90.0,165000.0,1833.33,2024-09-19
Montmirail,72208,72320,Maison,94.0,25000.0,265.96,2024-09-27
Mayet,72191,72360,Maison,81.0,140000.0,1728.4,2024-10-02
Le Mans,72181,72000,Appartement,60.0,110000.0,1833.33,2024-10-03
Savigné-sous-le-Lude,72330,72800,Maison,86.0,210000.0,2441.86,2024-10-04
Le Mans,72181,72100,Maison,77.0,130000.0,1688.31,2024-09-23
Cherré-Au,72080,72400,Maison,74.0,145000.0,1959.46,2024-09-24
Vancé,72368,72310,Maison,144.0,160000.0,1111.11,2024-09-27
Vancé,72368,72310,Maison,144.0,160000.0,1111.11,2024-09-27
Le Mans,72181,72100,Maison,89.0,65000.0,730.34,2024-09-16
Avessé,72019,72350,Maison,77.0,107500.0,1396.1,2024-09-23
Avessé,72019,72350,Maison,77.0,107500.0,1396.1,2024-09-23
Avessé,72019,72350,Maison,77.0,107500.0,1396.1,2024-09-23
Le Mans,72181,72000,Maison,116.0,242600.0,2091.38,2024-10-02
Saint-Calais,72269,72120,Maison,76.0,110000.0,1447.37,2024-09-27
Le Mans,72181,72000,Appartement,91.0,200000.0,2197.8,2024-09-30
Le Mans,72181,72000,Appartement,38.0,54000.0,1421.05,2024-10-03
Le Mans,72181,72100,Maison,72.0,295000.0,4097.22,2024-10-04
Le Mans,72181,72100,Maison,72.0,295000.0,4097.22,2024-10-04
Montfort-le-Gesnois,72241,72450,Maison,112.0,169600.0,1514.29,2024-09-26
Connerré,72090,72160,Maison,43.0,60000.0,1395.35,2024-09-18
Poillé-sur-Vègre,72239,72350,Maison,72.0,57836.54,803.29,2024-10-01
Poillé-sur-Vègre,72239,72350,Maison,72.0,57836.54,803.29,2024-10-01
Maresché,72186,72170,Maison,94.0,177783.0,1891.31,2024-09-20
Maresché,72186,72170,Maison,50.0,177783.0,3555.66,2024-09-20
Coulongé,72098,72800,Maison,32.0,82501.0,2578.16,2024-09-16
Coulongé,72098,72800,Maison,90.0,82501.0,916.68,2024-09-16
Le Mans,72181,72000,Appartement,77.0,119000.0,1545.45,2024-10-01
Rouperroux-le-Coquet,72259,72110,Maison,86.0,125000.0,1453.49,2024-09-26
Beaumont-sur-Sarthe,72029,72170,Maison,96.0,115000.0,1197.92,2024-09-19
Ruaudin,72260,72230,Maison,127.0,120000.0,944.88,2024-10-04
Sillé-le-Philippe,72335,72460,Maison,117.0,122000.0,1042.74,2024-09-30
Sillé-le-Philippe,72335,72460,Maison,117.0,122000.0,1042.74,2024-09-30
Le Mans,72181,72000,Appartement,60.0,140000.0,2333.33,2024-09-25
Le Lude,72176,72800,Maison,110.0,170000.0,1545.45,2024-09-27
Le Lude,72176,72800,Maison,110.0,170000.0,1545.45,2024-09-27
La Flèche,72154,72200,Maison,59.0,180000.0,3050.85,2024-10-02
Le Mans,72181,72000,Appartement,65.0,96294.0,1481.45,2024-09-24
Le Mans,72181,72000,Appartement,48.0,114000.0,2375.0,2024-10-04
Le Breil-sur-Mérize,72046,72370,Maison,100.0,45000.0,450.0,2024-09-16
Le Mans,72181,72000,Appartement,46.0,66500.0,1445.65,2024-09-25
Le Mans,72181,72000,Appartement,20.0,280000.0,14000.0,2024-10-03
Le Mans,72181,72000,Appartement,20.0,280000.0,14000.0,2024-10-03
Le Mans,72181,72000,Appartement,28.0,280000.0,10000.0,2024-10-03
Le Mans,72181,72000,Appartement,28.0,280000.0,10000.0,2024-10-03
Le Mans,72181,72000,Appartement,26.0,280000.0,10769.23,2024-10-03
Le Mans,72181,72000,Appartement,26.0,280000.0,10769.23,2024-10-03
Vibraye,72373,72320,Maison,93.0,145000.0,1559.14,2024-09-27
Vibraye,72373,72320,Maison,93.0,145000.0,1559.14,2024-09-27
Le Mans,72181,72000,Appartement,158.0,305000.0,1930.38,2024-09-23
Le Mans,72181,72000,Appartement,90.0,190000.0,2111.11,2024-09-23
Le Mans,72181,72000,Appartement,60.0,100000.0,1666.67,2024-09-23
Montval-sur-Loir,72071,72500,Maison,84.0,85000.0,1011.9,2024-09-27
La Chapelle-du-Bois,72062,72400,Maison,87.0,110000.0,1264.37,2024-09-27
La Chapelle-du-Bois,72062,72400,Maison,87.0,110000.0,1264.37,2024-09-27
Le Mans,72181,72000,Appartement,138.0,277900.0,2013.77,2024-09-30
Le Mans,72181,72000,Appartement,61.0,104000.0,1704.92,2024-09-30
Changé,72058,72560,Maison,131.0,217000.0,1656.49,2024-10-04
Le Mans,72181,72000,Appartement,56.0,74200.0,1325.0,2024-09-30
Saint-Paterne - Le Chevain,72308,72610,Maison,68.0,196000.0,2882.35,2024-09-20
Saint-Paterne - Le Chevain,72308,72610,Maison,68.0,196000.0,2882.35,2024-09-20
Le Mans,72181,72000,Maison,125.0,395000.0,3160.0,2024-09-30
Coulaines,72095,72190,Maison,180.0,314000.0,1744.44,2024-09-30
Coulaines,72095,72190,Maison,180.0,314000.0,1744.44,2024-09-30
Le Mans,72181,72000,Maison,108.0,97000.0,898.15,2024-10-03
Le Mans,72181,72000,Appartement,15.0,188500.0,12566.67,2024-09-06
Le Mans,72181,72000,Appartement,15.0,188500.0,12566.67,2024-09-06
Le Mans,72181,72000,Appartement,30.0,188500.0,6283.33,2024-09-06
Aubigné-Racan,72013,72800,Maison,78.0,98000.0,1256.41,2024-10-01
Tresson,72361,72440,Maison,119.0,260000.0,2184.87,2024-09-18
La Suze-sur-Sarthe,72346,72210,Maison,116.0,190000.0,1637.93,2024-10-03
Le Mans,72181,72100,Appartement,96.0,118000.0,1229.17,2024-10-04
Préval,72245,72400,Maison,105.0,185000.0,1761.9,2024-10-04
Le Mans,72181,72000,Appartement,39.0,64000.0,1641.03,2024-10-04
Le Mans,72181,72000,Maison,71.0,173000.0,2436.62,2024-09-20
Neuvillette-en-Charnie,72218,72140,Maison,73.0,160000.0,2191.78,2024-09-13
Le Mans,72181,72100,Maison,125.0,170000.0,1360.0,2024-10-07
Moncé-en-Belin,72200,72230,Maison,68.0,166000.0,2441.18,2024-10-07
Moncé-en-Belin,72200,72230,Maison,68.0,166000.0,2441.18,2024-10-07
Le Mans,72181,72000,Appartement,28.0,65500.0,2339.29,2024-10-08
Montval-sur-Loir,72071,72500,Maison,161.0,160000.0,993.79,2024-10-05
Montval-sur-Loir,72071,72500,Maison,161.0,160000.0,993.79,2024-10-05
Le Mans,72181,72100,Appartement,71.0,112000.0,1577.46,2024-09-24
Montval-sur-Loir,72071,72500,Appartement,46.0,131000.0,2847.83,2024-10-04
Montval-sur-Loir,72071,72500,Appartement,58.0,131000.0,2258.62,2024-10-04
Montfort-le-Gesnois,72241,72450,Maison,83.0,140000.0,1686.75,2024-09-24
Lombron,72165,72450,Maison,92.0,194000.0,2108.7,2024-09-23
Aubigné-Racan,72013,72800,Maison,120.0,181000.0,1508.33,2024-10-05
Aubigné-Racan,72013,72800,Maison,120.0,181000.0,1508.33,2024-10-05
Arnage,72008,72230,Maison,99.0,186000.0,1878.79,2024-10-02
Mareil-sur-Loir,72185,72200,Maison,88.0,125000.0,1420.45,2024-09-24
Le Mans,72181,72000,Maison,172.0,685000.0,3982.56,2024-10-01
Le Mans,72181,72000,Maison,172.0,685000.0,3982.56,2024-10-01
Soulitré,72341,72370,Maison,82.0,110000.0,1341.46,2024-10-02
Coudrecieux,72094,72440,Maison,67.0,40000.0,597.01,2024-09-27
Le Mans,72181,72000,Maison,100.0,335000.0,3350.0,2024-09-27
Voivres-lès-le-Mans,72381,72210,Maison,109.0,245000.0,2247.71,2024-09-27
Voivres-lès-le-Mans,72381,72210,Maison,32.0,245000.0,7656.25,2024-09-27
Le Mans,72181,72100,Maison,104.0,135000.0,1298.08,2024-09-30
Joué-l'Abbé,72150,72380,Maison,89.0,275000.0,3089.89,2024-10-02
Joué-l'Abbé,72150,72380,Maison,89.0,275000.0,3089.89,2024-10-02
Brette-les-Pins,72047,72250,Maison,126.0,250000.0,1984.13,2024-09-24
Brette-les-Pins,72047,72250,Maison,126.0,250000.0,1984.13,2024-09-24
Brette-les-Pins,72047,72250,Maison,126.0,250000.0,1984.13,2024-09-24
Conflans-sur-Anille,72087,72120,Maison,124.0,189000.0,1524.19,2024-10-03
Conflans-sur-Anille,72087,72120,Maison,124.0,189000.0,1524.19,2024-10-03
Conflans-sur-Anille,72087,72120,Maison,110.0,65000.0,590.91,2024-10-05
Le Mans,72181,72000,Appartement,72.0,157412.0,2186.28,2024-09-11
Le Mans,72181,72000,Maison,49.0,90100.0,1838.78,2024-09-26
Précigné,72244,72300,Maison,130.0,220000.0,1692.31,2024-09-24
Précigné,72244,72300,Maison,130.0,220000.0,1692.31,2024-09-24
Le Mans,72181,72000,Maison,72.0,37160.69,516.12,2024-09-24
Arçonnay,72006,72610,Maison,82.0,111000.0,1353.66,2024-09-27
Villeneuve-en-Perseigne,72137,72610,Maison,154.0,230000.0,1493.51,2024-10-07
Arnage,72008,72230,Maison,150.0,185000.0,1233.33,2024-10-07
Cérans-Foulletourte,72051,72330,Maison,104.0,167500.0,1610.58,2024-10-04
Neufchâtel-en-Saosnois,72215,72600,Maison,82.0,96000.0,1170.73,2024-10-03
Fresnay-sur-Sarthe,72138,72130,Maison,80.0,131366.02,1642.08,2024-10-04
Le Mans,72181,72000,Appartement,33.0,63500.0,1924.24,2024-10-07
Yvré-le-Pôlin,72385,72330,Maison,40.0,26000.0,650.0,2024-10-10
Le Mans,72181,72000,Maison,64.0,128500.0,2007.81,2024-10-09
Le Mans,72181,72100,Maison,80.0,100000.0,1250.0,2024-10-04
Étival-lès-le-Mans,72127,72700,Maison,87.0,160000.0,1839.08,2024-09-19
Le Lude,72176,72800,Maison,81.0,105000.0,1296.3,2024-10-01
Le Mans,72181,72000,Appartement,62.0,90000.0,1451.61,2024-09-24
René,72251,72260,Maison,51.0,25990.0,509.61,2024-09-20
Saint-Denis-d'Orques,72278,72350,Maison,45.0,77000.0,1711.11,2024-09-27
Le Lude,72176,72800,Maison,40.0,46000.0,1150.0,2024-09-26
Juigné-sur-Sarthe,72151,72300,Maison,90.0,198000.0,2200.0,2024-09-26
Juigné-sur-Sarthe,72151,72300,Maison,90.0,198000.0,2200.0,2024-09-26
Luché-Pringé,72175,72800,Maison,116.0,110000.0,948.28,2024-09-12
Mansigné,72182,72510,Maison,113.0,15000.0,132.74,2024-10-07
Vibraye,72373,72320,Maison,87.0,90000.0,1034.48,2024-09-30
La Suze-sur-Sarthe,72346,72210,Maison,92.0,65000.0,706.52,2024-09-27
Clermont-Créans,72084,72200,Maison,48.0,23700.0,493.75,2024-09-18
Clermont-Créans,72084,72200,Maison,48.0,23700.0,493.75,2024-09-18
Dollon,72118,72390,Maison,56.0,90000.0,1607.14,2024-09-26
Ruaudin,72260,72230,Maison,80.0,165000.0,2062.5,2024-10-04
Le Mans,72181,72100,Appartement,68.0,72000.0,1058.82,2024-09-25
Ligron,72163,72270,Maison,75.0,80000.0,1066.67,2024-09-25
Le Mans,72181,72000,Maison,84.0,115000.0,1369.05,2024-09-30
Fresnay-sur-Sarthe,72138,72130,Maison,110.0,30000.0,272.73,2024-09-20
Pontvallain,72243,72510,Maison,105.0,165000.0,1571.43,2024-09-30
Pontvallain,72243,72510,Maison,105.0,165000.0,1571.43,2024-09-30
La Ferté-Bernard,72132,72400,Maison,67.0,121500.0,1813.43,2024-09-25
Le Mans,72181,72000,Maison,80.0,150000.0,1875.0,2024-10-01
Le Mans,72181,72000,Appartement,65.0,120000.0,1846.15,2024-09-23
Courgenard,72105,72320,Maison,128.0,158000.0,1234.38,2024-10-04
Courgenard,72105,72320,Maison,128.0,158000.0,1234.38,2024-10-04
Cogners,72085,72310,Maison,66.0,56500.0,856.06,2024-10-08
La Ferté-Bernard,72132,72400,Maison,148.0,212000.0,1432.43,2024-10-08
Sillé-le-Philippe,72335,72460,Maison,160.0,315000.0,1968.75,2024-09-16
Le Mans,72181,72000,Maison,110.0,283900.0,2580.91,2024-10-08
Saint-Longis,72295,72600,Maison,120.0,93410.0,778.42,2024-09-26
Saint-Longis,72295,72600,Maison,120.0,93410.0,778.42,2024-09-26
Noyen-sur-Sarthe,72223,72430,Maison,81.0,205000.0,2530.86,2024-09-27
Le Mans,72181,72000,Appartement,49.0,120000.0,2448.98,2024-10-01
Noyen-sur-Sarthe,72223,72430,Maison,135.0,145000.0,1074.07,2024-09-19
Noyen-sur-Sarthe,72223,72430,Maison,75.0,125000.0,1666.67,2024-09-25
Saint-Cosme-en-Vairais,72276,72110,Maison,50.0,140000.0,2800.0,2024-10-08
Saint-Cosme-en-Vairais,72276,72110,Maison,101.0,140000.0,1386.14,2024-10-08
Saint-Cosme-en-Vairais,72276,72110,Maison,40.0,140000.0,3500.0,2024-10-08
Montval-sur-Loir,72071,72500,Maison,107.0,128000.0,1196.26,2024-10-04
Monhoudou,72202,72260,Maison,95.0,76000.0,800.0,2024-09-26
Monhoudou,72202,72260,Maison,95.0,76000.0,800.0,2024-09-26
Monhoudou,72202,72260,Maison,95.0,76000.0,800.0,2024-09-26
Le Mans,72181,72000,Maison,66.0,105000.0,1590.91,2024-10-07
Auvers-sous-Montfaucon,72017,72540,Maison,107.0,185000.0,1728.97,2024-09-24
Auvers-sous-Montfaucon,72017,72540,Maison,107.0,185000.0,1728.97,2024-09-24
Le Mans,72181,72000,Appartement,18.0,280000.0,15555.56,2024-10-04
Le Mans,72181,72000,Appartement,14.0,280000.0,20000.0,2024-10-04
Le Mans,72181,72000,Appartement,16.0,280000.0,17500.0,2024-10-04
Le Mans,72181,72000,Appartement,14.0,280000.0,20000.0,2024-10-04
Le Mans,72181,72000,Appartement,15.0,280000.0,18666.67,2024-10-04
Le Mans,72181,72000,Appartement,16.0,280000.0,17500.0,2024-10-04
Le Mans,72181,72000,Appartement,36.0,280000.0,7777.78,2024-10-04
Le Mans,72181,72000,Appartement,46.0,280000.0,6086.96,2024-10-04
Tresson,72361,72440,Maison,122.0,140000.0,1147.54,2024-10-08
Bouloire,72042,72440,Maison,112.0,70000.0,625.0,2024-09-25
Saint-Célerin,72271,72110,Maison,129.0,150000.0,1162.79,2024-09-30
Saint-Célerin,72271,72110,Maison,129.0,150000.0,1162.79,2024-09-30
Saint-Calais,72269,72120,Maison,37.0,21500.0,581.08,2024-09-28
Saint-Calais,72269,72120,Maison,69.0,72000.0,1043.48,2024-09-26
Saint-Calais,72269,72120,Maison,70.0,16000.0,228.57,2024-09-27
Conflans-sur-Anille,72087,72120,Maison,170.0,103000.0,605.88,2024-09-28
Le Mans,72181,72000,Appartement,64.0,150000.0,2343.75,2024-09-24
La Chartre-sur-le-Loir,72068,72340,Maison,203.0,280000.0,1379.31,2024-10-01
La Chartre-sur-le-Loir,72068,72340,Maison,268.0,280000.0,1044.78,2024-10-01
La Chartre-sur-le-Loir,72068,72340,Maison,268.0,280000.0,1044.78,2024-10-01
Courcemont,72101,72110,Maison,68.0,187000.0,2750.0,2024-09-27
Vaas,72364,72500,Maison,27.0,32500.0,1203.7,2024-10-09
Montval-sur-Loir,72071,72500,Maison,91.0,164900.0,1812.09,2024-10-08
Moncé-en-Belin,72200,72230,Maison,98.0,126000.0,1285.71,2024-10-07
Sarcé,72327,72360,Maison,64.0,32000.0,500.0,2024-10-09
Solesmes,72336,72300,Maison,71.0,148000.0,2084.51,2024-09-30
Parcé-sur-Sarthe,72228,72300,Maison,66.0,80000.0,1212.12,2024-09-30
Le Mans,72181,72000,Appartement,22.0,495000.0,22500.0,2024-09-30
Le Mans,72181,72000,Appartement,36.0,495000.0,13750.0,2024-09-30
Le Mans,72181,72000,Appartement,34.0,495000.0,14558.82,2024-09-30
Le Mans,72181,72000,Appartement,22.0,495000.0,22500.0,2024-09-30
Le Mans,72181,72000,Appartement,23.0,495000.0,21521.74,2024-09-30
Le Mans,72181,72000,Appartement,37.0,495000.0,13378.38,2024-09-30
Ancinnes,72005,72610,Maison,111.0,115750.0,1042.79,2024-10-10
Moncé-en-Belin,72200,72230,Maison,104.0,234000.0,2250.0,2024-10-10
Mulsanne,72213,72230,Maison,85.0,45000.0,529.41,2024-10-09
Beaumont-sur-Sarthe,72029,72170,Maison,100.0,120000.0,1200.0,2024-09-20
Le Mans,72181,72000,Maison,49.0,159400.0,3253.06,2024-09-16
Louailles,72167,72300,Maison,100.0,154000.0,1540.0,2024-09-17
Château-l'Hermitage,72072,72510,Maison,140.0,180000.0,1285.71,2024-10-11
Château-l'Hermitage,72072,72510,Maison,140.0,180000.0,1285.71,2024-10-11
Sainte-Jamme-sur-Sarthe,72289,72380,Maison,110.0,250000.0,2272.73,2024-09-20
Le Mans,72181,72100,Maison,85.0,115000.0,1352.94,2024-10-08
Le Mans,72181,72000,Appartement,90.0,280000.0,3111.11,2024-10-07
Le Mans,72181,72000,Appartement,24.0,280000.0,11666.67,2024-10-07
Le Mans,72181,72000,Appartement,14.0,280000.0,20000.0,2024-10-07
Le Mans,72181,72000,Appartement,45.0,280000.0,6222.22,2024-10-07
La Flèche,72154,72200,Maison,85.0,124000.0,1458.82,2024-09-30
Le Mans,72181,72000,Maison,72.0,177000.0,2458.33,2024-09-16
Allonnes,72003,72700,Appartement,90.0,55000.0,611.11,2024-09-20
Allonnes,72003,72700,Appartement,71.0,55000.0,774.65,2024-09-20
La Ferté-Bernard,72132,72400,Maison,100.0,234900.0,2349.0,2024-09-30
Fatines,72129,72470,Maison,145.0,270000.0,1862.07,2024-10-11
Écorpain,72125,72120,Maison,90.0,215000.0,2388.89,2024-09-24
Écommoy,72124,72220,Maison,99.0,280000.0,2828.28,2024-10-08
Montreuil-le-Henri,72210,72150,Maison,122.0,28000.0,229.51,2024-09-26
Saint-Maixent,72296,72320,Maison,224.0,350000.0,1562.5,2024-10-08
Le Mans,72181,72000,Maison,65.0,120000.0,1846.15,2024-09-24
Ancinnes,72005,72610,Maison,130.0,85000.0,653.85,2024-10-11
Ancinnes,72005,72610,Maison,130.0,85000.0,653.85,2024-10-11
Sablé-sur-Sarthe,72264,72300,Maison,89.0,225000.0,2528.09,2024-09-16
Sablé-sur-Sarthe,72264,72300,Maison,89.0,225000.0,2528.09,2024-09-16
Le Mans,72181,72000,Maison,87.0,112000.0,1287.36,2024-10-01
Conlie,72089,72240,Maison,95.0,73000.0,768.42,2024-10-11
Mayet,72191,72360,Maison,118.0,125000.0,1059.32,2024-10-02
Villaines-sous-Malicorne,72377,72270,Maison,170.0,400000.0,2352.94,2024-09-27
Villaines-sous-Malicorne,72377,72270,Maison,70.0,400000.0,5714.29,2024-09-27
Villaines-sous-Malicorne,72377,72270,Maison,170.0,400000.0,2352.94,2024-09-27
Villaines-sous-Malicorne,72377,72270,Maison,70.0,400000.0,5714.29,2024-09-27
Villaines-sous-Malicorne,72377,72270,Maison,70.0,400000.0,5714.29,2024-09-27
Villaines-sous-Malicorne,72377,72270,Maison,170.0,400000.0,2352.94,2024-09-27
Villaines-sous-Malicorne,72377,72270,Maison,170.0,400000.0,2352.94,2024-09-27
Villaines-sous-Malicorne,72377,72270,Maison,170.0,400000.0,2352.94,2024-09-27
Villaines-sous-Malicorne,72377,72270,Maison,70.0,400000.0,5714.29,2024-09-27
Villaines-sous-Malicorne,72377,72270,Maison,170.0,400000.0,2352.94,2024-09-27
Villaines-sous-Malicorne,72377,72270,Maison,70.0,400000.0,5714.29,2024-09-27
Villaines-sous-Malicorne,72377,72270,Maison,70.0,400000.0,5714.29,2024-09-27
Le Mans,72181,72100,Maison,89.0,80000.0,898.88,2024-10-07
Le Mans,72181,72000,Maison,308.0,875000.0,2840.91,2024-09-16
Le Mans,72181,72000,Maison,89.0,185000.0,2078.65,2024-10-09
Yvré-l'Évêque,72386,72530,Maison,54.0,100000.0,1851.85,2024-09-16
Sillé-le-Guillaume,72334,72140,Appartement,77.0,100000.0,1298.7,2024-10-07
Sillé-le-Guillaume,72334,72140,Appartement,77.0,100000.0,1298.7,2024-10-07
Sillé-le-Guillaume,72334,72140,Appartement,77.0,100000.0,1298.7,2024-10-07
Sillé-le-Guillaume,72334,72140,Appartement,77.0,100000.0,1298.7,2024-10-07
Sillé-le-Guillaume,72334,72140,Appartement,67.0,100000.0,1492.54,2024-10-07
Sillé-le-Guillaume,72334,72140,Appartement,87.0,100000.0,1149.43,2024-10-07
Sillé-le-Guillaume,72334,72140,Appartement,77.0,100000.0,1298.7,2024-10-07
Sillé-le-Guillaume,72334,72140,Appartement,77.0,100000.0,1298.7,2024-10-07
Sillé-le-Guillaume,72334,72140,Appartement,77.0,100000.0,1298.7,2024-10-07
Sillé-le-Guillaume,72334,72140,Appartement,77.0,100000.0,1298.7,2024-10-07
Sillé-le-Guillaume,72334,72140,Appartement,67.0,100000.0,1492.54,2024-10-07
Sillé-le-Guillaume,72334,72140,Appartement,87.0,100000.0,1149.43,2024-10-07
Le Mans,72181,72000,Appartement,77.0,158000.0,2051.95,2024-10-08
Saint-Ulphace,72322,72320,Maison,144.0,39000.0,270.83,2024-10-05
Saint-Ulphace,72322,72320,Maison,117.0,39000.0,333.33,2024-10-05
Arçonnay,72006,72610,Maison,96.0,169000.0,1760.42,2024-10-04
Le Mans,72181,72100,Appartement,26.0,53900.0,2073.08,2024-10-12
Le Mans,72181,72100,Maison,80.0,85000.0,1062.5,2024-10-09
Villeneuve-en-Perseigne,72137,72600,Maison,83.0,180000.0,2168.67,2024-10-03
Louplande,72169,72210,Maison,103.0,138500.0,1344.66,2024-09-23
Louplande,72169,72210,Maison,103.0,138500.0,1344.66,2024-09-23
Vaas,72364,72500,Maison,54.0,70000.0,1296.3,2024-10-12
Allonnes,72003,72700,Maison,91.0,120000.0,1318.68,2024-10-01
Le Mans,72181,72100,Maison,71.0,121000.0,1704.23,2024-10-04
Le Mans,72181,72000,Maison,50.0,135000.0,2700.0,2024-10-09
Saint-Victeur,72323,72130,Maison,72.0,52500.0,729.17,2024-10-10
Le Mans,72181,72000,Appartement,74.0,130000.0,1756.76,2024-10-02
Flée,72134,72500,Maison,130.0,155000.0,1192.31,2024-10-12
Le Mans,72181,72100,Appartement,74.0,112000.0,1513.51,2024-10-02
Le Mans,72181,72100,Maison,75.0,159400.0,2125.33,2024-10-07
Le Mans,72181,72000,Maison,68.0,185000.0,2720.59,2024-10-03
Cormes,72093,72400,Maison,71.0,110000.0,1549.3,2024-10-12
Changé,72058,72560,Maison,110.0,330000.0,3000.0,2024-10-07
Changé,72058,72560,Maison,110.0,330000.0,3000.0,2024-10-07
Le Mans,72181,72000,Appartement,21.0,70650.0,3364.29,2024-10-11
Le Mans,72181,72100,Maison,92.0,210000.0,2282.61,2024-10-07
Le Mans,72181,72100,Maison,58.0,138000.0,2379.31,2024-09-19
Le Mans,72181,72000,Maison,87.0,168000.0,1931.03,2024-10-07
Ruaudin,72260,72230,Maison,99.0,221000.0,2232.32,2024-10-14
Le Mans,72181,72000,Appartement,20.0,46000.0,2300.0,2024-10-09
Le Mans,72181,72000,Maison,49.0,110000.0,2244.9,2024-10-08
Le Mans,72181,72000,Maison,99.0,160000.0,1616.16,2024-10-01
Saint-Vincent-des-Prés,72324,72600,Maison,67.0,90000.0,1343.28,2024-10-03
Saint-Denis-d'Orques,72278,72350,Maison,56.0,55000.0,982.14,2024-09-24
Le Mans,72181,72000,Maison,71.0,117000.0,1647.89,2024-09-24
Le Mans,72181,72100,Maison,100.0,172000.0,1720.0,2024-09-30
Le Mans,72181,72000,Appartement,28.0,38500.0,1375.0,2024-10-09
Le Mans,72181,72100,Maison,99.0,150000.0,1515.15,2024-10-09
Mansigné,72182,72510,Maison,130.0,107000.0,823.08,2024-10-11
Mansigné,72182,72510,Maison,130.0,107000.0,823.08,2024-10-11
Le Mans,72181,72000,Maison,84.0,162000.0,1928.57,2024-10-04
Allonnes,72003,72700,Maison,88.0,175000.0,1988.64,2024-10-09
Vivoin,72380,72170,Maison,98.0,53000.0,540.82,2024-09-19
Vivoin,72380,72170,Maison,98.0,53000.0,540.82,2024-09-19
Saint-Ouen-en-Belin,72306,72220,Maison,206.0,244000.0,1184.47,2024-10-11
Saint-Ouen-en-Belin,72306,72220,Maison,206.0,244000.0,1184.47,2024-10-11
Connerré,72090,72160,Maison,101.0,195000.0,1930.69,2024-10-11
Le Breil-sur-Mérize,72046,72370,Maison,85.0,180000.0,2117.65,2024-10-11
Parcé-sur-Sarthe,72228,72300,Maison,48.0,100000.0,2083.33,2024-10-01
Parcé-sur-Sarthe,72228,72300,Maison,48.0,100000.0,2083.33,2024-10-01
La Chapelle-d'Aligné,72061,72300,Maison,124.0,150000.0,1209.68,2024-09-23
Auvers-le-Hamon,72016,72300,Maison,114.0,140000.0,1228.07,2024-10-07
Auvers-le-Hamon,72016,72300,Maison,114.0,140000.0,1228.07,2024-10-07
Sablé-sur-Sarthe,72264,72300,Maison,77.0,79000.0,1025.97,2024-09-26
Yvré-l'Évêque,72386,72530,Maison,61.0,13000.0,213.11,2024-06-11
Sablé-sur-Sarthe,72264,72300,Maison,124.0,175000.0,1411.29,2024-09-30
Bazouges Cré sur Loir,72025,72200,Maison,128.0,73000.0,570.31,2024-10-02
Pruillé-l'Éguillé,72248,72150,Maison,101.0,167500.0,1658.42,2024-10-04
Pruillé-l'Éguillé,72248,72150,Maison,101.0,167500.0,1658.42,2024-10-04
Le Mans,72181,72000,Maison,25.0,290000.0,11600.0,2024-10-09
Le Mans,72181,72000,Maison,21.0,290000.0,13809.52,2024-10-09
Le Mans,72181,72000,Maison,65.0,290000.0,4461.54,2024-10-09
Duneau,72122,72160,Maison,105.0,230000.0,2190.48,2024-10-14
Saint-Ulphace,72322,72320,Maison,86.0,142000.0,1651.16,2024-10-02
Savigné-l'Évêque,72329,72460,Maison,130.0,222000.0,1707.69,2024-10-09
Savigné-l'Évêque,72329,72460,Maison,130.0,222000.0,1707.69,2024-10-09
Souligné-sous-Ballon,72340,72290,Maison,85.0,152500.0,1794.12,2024-09-30
Le Mans,72181,72000,Appartement,28.0,56000.0,2000.0,2024-09-30
Courdemanche,72103,72150,Maison,89.0,90000.0,1011.24,2024-09-27
Sainte-Jamme-sur-Sarthe,72289,72380,Maison,113.0,140000.0,1238.94,2024-09-30
La Milesse,72198,72650,Maison,98.0,220000.0,2244.9,2024-10-09
Loir en Vallée,72262,72310,Maison,72.0,100000.0,1388.89,2024-10-11
Le Lude,72176,72800,Maison,60.0,50000.0,833.33,2024-09-24
Le Lude,72176,72800,Maison,60.0,50000.0,833.33,2024-09-24
Le Mans,72181,72000,Appartement,30.0,58000.0,1933.33,2024-10-03
Sablé-sur-Sarthe,72264,72300,Maison,120.0,230000.0,1916.67,2024-10-07
Saint-Maixent,72296,72320,Maison,165.0,231880.0,1405.33,2024-10-08
Saint-Maixent,72296,72320,Maison,165.0,231880.0,1405.33,2024-10-08
Le Mans,72181,72000,Appartement,54.0,106000.0,1962.96,2024-10-11
Le Mans,72181,72100,Maison,80.0,159990.0,1999.88,2024-09-23
Chantenay-Villedieu,72059,72430,Maison,76.0,120000.0,1578.95,2024-10-15
Chantenay-Villedieu,72059,72430,Maison,76.0,120000.0,1578.95,2024-10-15
Yvré-l'Évêque,72386,72530,Appartement,48.0,168000.0,3500.0,2024-09-25
Yvré-l'Évêque,72386,72530,Appartement,82.0,168000.0,2048.78,2024-09-25
La Flèche,72154,72200,Maison,100.0,120000.0,1200.0,2024-10-08
Le Mans,72181,72000,Appartement,18.0,56500.0,3138.89,2024-10-14
La Bazoge,72024,72650,Maison,45.0,70000.0,1555.56,2024-09-26
Saint-Ulphace,72322,72320,Maison,50.0,117500.0,2350.0,2024-10-02
Saint-Ulphace,72322,72320,Maison,50.0,117500.0,2350.0,2024-10-02
Le Mans,72181,72000,Maison,109.0,320000.0,2935.78,2024-10-14
Melleray,72193,72320,Maison,94.0,18000.0,191.49,2024-10-03
Le Mans,72181,72000,Maison,87.0,210000.0,2413.79,2024-08-30
Bernay-Neuvy-en-Champagne,72219,72240,Maison,96.0,60000.0,625.0,2024-09-30
Tassé,72347,72430,Maison,154.0,80000.0,519.48,2024-10-05
Pirmil,72237,72430,Maison,90.0,119217.0,1324.63,2024-10-08
Cérans-Foulletourte,72051,72330,Maison,94.0,212900.0,2264.89,2024-10-14
Cérans-Foulletourte,72051,72330,Maison,94.0,212900.0,2264.89,2024-10-14
Coulans-sur-Gée,72096,72550,Maison,110.0,108000.0,981.82,2024-09-27
Coulans-sur-Gée,72096,72550,Maison,110.0,108000.0,981.82,2024-09-27
Bouloire,72042,72440,Maison,128.0,80000.0,625.0,2024-10-07
Saint-Michel-de-Chavaignes,72303,72440,Maison,55.0,175000.0,3181.82,2024-09-30
Montval-sur-Loir,72071,72500,Maison,87.0,99000.0,1137.93,2024-10-07
Le Mans,72181,72000,Maison,49.0,250000.0,5102.04,2024-10-18
Neuville-sur-Sarthe,72217,72190,Maison,287.0,302000.0,1052.26,2024-09-27
Neuville-sur-Sarthe,72217,72190,Maison,287.0,302000.0,1052.26,2024-09-27
Neuville-sur-Sarthe,72217,72190,Maison,287.0,302000.0,1052.26,2024-09-27
Coulaines,72095,72190,Maison,60.0,91188.0,1519.8,2024-10-02
Mézeray,72195,72270,Maison,150.0,137000.0,913.33,2024-10-14
Mézeray,72195,72270,Maison,150.0,137000.0,913.33,2024-10-14
Le Mans,72181,72000,Appartement,58.0,85000.0,1465.52,2024-10-16
Le Mans,72181,72000,Appartement,47.0,75000.0,1595.74,2024-10-16
Saint-Mars-d'Outillé,72299,72220,Maison,39.0,40296.0,1033.23,2024-10-14
Saint-Mars-d'Outillé,72299,72220,Maison,39.0,40296.0,1033.23,2024-10-14
Montval-sur-Loir,72071,72500,Maison,132.0,7000.0,53.03,2024-10-07
Le Mans,72181,72000,Appartement,20.0,120000.0,6000.0,2024-09-30
Le Mans,72181,72000,Appartement,21.0,120000.0,5714.29,2024-09-30
Sainte-Jamme-sur-Sarthe,72289,72380,Maison,118.0,108000.0,915.25,2024-09-24
Chenu,72077,72500,Maison,15.0,140000.0,9333.33,2024-10-01
Chenu,72077,72500,Maison,15.0,140000.0,9333.33,2024-10-01
Chenu,72077,72500,Maison,80.0,140000.0,1750.0,2024-10-01
Chenu,72077,72500,Maison,80.0,140000.0,1750.0,2024-10-01
Chenu,72077,72500,Maison,80.0,140000.0,1750.0,2024-10-01
Chenu,72077,72500,Maison,15.0,140000.0,9333.33,2024-10-01
Courdemanche,72103,72150,Maison,59.0,45000.0,762.71,2024-10-16
Courdemanche,72103,72150,Maison,59.0,45000.0,762.71,2024-10-16
Fresnay-sur-Sarthe,72138,72130,Maison,87.0,86000.0,988.51,2024-09-27
Saint-Denis-d'Orques,72278,72350,Maison,160.0,220000.0,1375.0,2024-09-24
Saint-Denis-d'Orques,72278,72350,Maison,160.0,220000.0,1375.0,2024-09-24
Bessé-sur-Braye,72035,72310,Maison,75.0,116000.0,1546.67,2024-09-30
Mézières-sous-Lavardin,72197,72240,Maison,96.0,118000.0,1229.17,2024-10-09
La Ferté-Bernard,72132,72400,Maison,125.0,310000.0,2480.0,2024-10-01
Le Mans,72181,72000,Appartement,24.0,255000.0,10625.0,2024-10-07
Le Mans,72181,72000,Appartement,20.0,255000.0,12750.0,2024-10-07
Le Mans,72181,72000,Appartement,20.0,255000.0,12750.0,2024-10-07
Le Mans,72181,72000,Appartement,28.0,255000.0,9107.14,2024-10-07
Le Mans,72181,72000,Appartement,20.0,255000.0,12750.0,2024-10-07
Le Mans,72181,72000,Appartement,20.0,255000.0,12750.0,2024-10-07
Le Mans,72181,72000,Appartement,20.0,255000.0,12750.0,2024-10-07
Le Mans,72181,72000,Appartement,28.0,255000.0,9107.14,2024-10-07
Le Grand-Lucé,72143,72150,Maison,67.0,222000.0,3313.43,2024-10-07
Le Grand-Lucé,72143,72150,Maison,37.0,222000.0,6000.0,2024-10-07
Le Grand-Lucé,72143,72150,Maison,53.0,222000.0,4188.68,2024-10-07
Roézé-sur-Sarthe,72253,72210,Maison,63.0,60000.0,952.38,2024-10-14
Allonnes,72003,72700,Appartement,80.0,110000.0,1375.0,2024-10-03
Savigné-l'Évêque,72329,72460,Maison,86.0,166990.0,1941.74,2024-10-14
Pruillé-l'Éguillé,72248,72150,Maison,137.0,180000.0,1313.87,2024-10-08
Pruillé-l'Éguillé,72248,72150,Maison,137.0,180000.0,1313.87,2024-10-08
Pruillé-l'Éguillé,72248,72150,Maison,137.0,180000.0,1313.87,2024-10-08
Saint-Mars-la-Brière,72300,72470,Maison,32.0,68677.0,2146.16,2024-10-07
Beaumont-sur-Sarthe,72029,72170,Maison,120.0,226000.0,1883.33,2024-10-04
Le Mans,72181,72000,Maison,136.0,267000.0,1963.24,2024-10-02
La Ferté-Bernard,72132,72400,Maison,135.0,68000.0,503.7,2024-10-14
Le Mans,72181,72100,Appartement,40.0,65500.0,1637.5,2024-10-03
Arnage,72008,72230,Maison,79.0,205000.0,2594.94,2024-10-16
Le Mans,72181,72000,Maison,320.0,830000.0,2593.75,2024-10-03
Fresnay-sur-Sarthe,72138,72130,Maison,98.0,140000.0,1428.57,2024-10-04
Neuville-sur-Sarthe,72217,72190,Maison,231.0,540000.0,2337.66,2024-09-30
Poillé-sur-Vègre,72239,72350,Maison,192.0,150000.0,781.25,2024-10-08
Poillé-sur-Vègre,72239,72350,Maison,192.0,150000.0,781.25,2024-10-08
La Ferté-Bernard,72132,72400,Maison,56.0,140000.0,2500.0,2024-10-02
Brette-les-Pins,72047,72250,Maison,78.0,120000.0,1538.46,2024-10-18
Brette-les-Pins,72047,72250,Maison,78.0,120000.0,1538.46,2024-10-18
Marolles-les-Braults,72189,72260,Maison,70.0,51000.0,728.57,2024-09-27
Marolles-les-Braults,72189,72260,Maison,70.0,51000.0,728.57,2024-09-27
Marolles-les-Braults,72189,72260,Maison,70.0,51000.0,728.57,2024-09-27
Marolles-les-Braults,72189,72260,Maison,70.0,51000.0,728.57,2024-09-27
Le Mans,72181,72000,Appartement,63.0,171000.0,2714.29,2024-10-10
Tennie,72351,72240,Maison,91.0,100000.0,1098.9,2024-10-08
Auvers-le-Hamon,72016,72300,Maison,110.0,160000.0,1454.55,2024-10-10
Auvers-le-Hamon,72016,72300,Maison,110.0,160000.0,1454.55,2024-10-10
Auvers-le-Hamon,72016,72300,Maison,110.0,160000.0,1454.55,2024-10-10
Le Mans,72181,72100,Maison,73.0,164000.0,2246.58,2024-10-18
Le Mans,72181,72000,Appartement,43.0,77000.0,1790.7,2024-10-16
Parigné-l'Évêque,72231,72250,Maison,148.0,350000.0,2364.86,2024-10-14
Parigné-l'Évêque,72231,72250,Maison,148.0,350000.0,2364.86,2024-10-14
Le Mans,72181,72000,Appartement,62.0,123990.0,1999.84,2024-10-17
Le Mans,72181,72000,Appartement,62.0,90000.0,1451.61,2024-10-18
Le Mans,72181,72000,Maison,91.0,280000.0,3076.92,2024-10-14
Le Mans,72181,72000,Appartement,17.0,48000.0,2823.53,2024-10-14
Conlie,72089,72240,Maison,113.0,238000.0,2106.19,2024-10-01
Conlie,72089,72240,Maison,113.0,238000.0,2106.19,2024-10-01
Changé,72058,72560,Maison,145.0,302000.0,2082.76,2024-09-27
Bonnétable,72039,72110,Maison,76.0,80000.0,1052.63,2024-10-03
Degré,72113,72550,Maison,141.0,249000.0,1765.96,2024-10-08
Le Mans,72181,72000,Maison,117.0,265000.0,2264.96,2024-10-01
Le Mans,72181,72000,Appartement,57.0,72000.0,1263.16,2024-10-14
Viré-en-Champagne,72379,72350,Maison,86.0,12000.0,139.53,2024-09-27
Le Mans,72181,72000,Maison,144.0,310000.0,2152.78,2024-10-17
Allonnes,72003,72700,Maison,101.0,159000.0,1574.26,2024-10-15
Le Mans,72181,72000,Appartement,62.0,102000.0,1645.16,2024-10-16
Rouessé-Vassé,72255,72140,Maison,100.0,84000.0,840.0,2024-10-16
Saint-Rémy-de-Sillé,72315,72140,Maison,68.0,115000.0,1691.18,2024-10-08
Précigné,72244,72300,Maison,80.0,85000.0,1062.5,2024-10-04
Soulitré,72341,72370,Maison,140.0,160000.0,1142.86,2024-10-03
Beaumont-Pied-de-Bœuf,72028,72500,Maison,80.0,85000.0,1062.5,2024-10-17
Aubigné-Racan,72013,72800,Maison,84.0,84000.0,1000.0,2024-10-18
Nauvay,72214,72260,Maison,160.0,260000.0,1625.0,2024-10-09
Le Mans,72181,72000,Maison,90.0,172000.0,1911.11,2024-10-18
Saint-Cosme-en-Vairais,72276,72110,Maison,139.0,240000.0,1726.62,2024-10-09
Saint-Cosme-en-Vairais,72276,72110,Maison,139.0,240000.0,1726.62,2024-10-09
Le Mans,72181,72000,Appartement,60.0,116500.0,1941.67,2024-10-18
Bouloire,72042,72440,Maison,75.0,155000.0,2066.67,2024-10-05
Nogent-sur-Loir,72221,72500,Maison,75.0,35000.0,466.67,2024-10-16
Thorigné-sur-Dué,72358,72160,Maison,81.0,200000.0,2469.14,2024-10-09
Thorigné-sur-Dué,72358,72160,Maison,81.0,200000.0,2469.14,2024-10-09
Thorigné-sur-Dué,72358,72160,Maison,81.0,200000.0,2469.14,2024-10-09
Le Mans,72181,72000,Maison,75.0,141628.0,1888.37,2024-10-11
Saint-Rémy-du-Val,72317,72600,Maison,240.0,407000.0,1695.83,2024-09-20
Saint-Rémy-du-Val,72317,72600,Maison,240.0,407000.0,1695.83,2024-09-20
Saint-Rémy-du-Val,72317,72600,Maison,240.0,407000.0,1695.83,2024-09-20
Montval-sur-Loir,72071,72500,Maison,97.0,45000.0,463.92,2024-10-19
Teloché,72350,72220,Maison,163.0,349500.0,2144.17,2024-10-17
Teloché,72350,72220,Maison,163.0,349500.0,2144.17,2024-10-17
Fontenay-sur-Vègre,72136,72350,Maison,90.0,90000.0,1000.0,2024-09-25
Fontenay-sur-Vègre,72136,72350,Maison,90.0,90000.0,1000.0,2024-09-25
Courtillers,72106,72300,Maison,76.0,215000.0,2828.95,2024-10-04
Courtillers,72106,72300,Maison,76.0,215000.0,2828.95,2024-10-04
Le Mans,72181,72000,Maison,78.0,205000.0,2628.21,2024-09-25
Le Breil-sur-Mérize,72046,72370,Maison,120.0,190000.0,1583.33,2024-10-09
Le Breil-sur-Mérize,72046,72370,Maison,100.0,190000.0,1900.0,2024-10-09
Le Mans,72181,72000,Appartement,36.0,97000.0,2694.44,2024-10-17
Volnay,72382,72440,Maison,69.0,80000.0,1159.42,2024-10-15
Bernay-Neuvy-en-Champagne,72219,72240,Maison,115.0,110000.0,956.52,2024-10-14
Bernay-Neuvy-en-Champagne,72219,72240,Maison,115.0,110000.0,956.52,2024-10-14
La Bazoge,72024,72650,Maison,101.0,146800.0,1453.47,2024-09-27
Bouloire,72042,72440,Maison,73.0,130000.0,1780.82,2024-10-12
Coudrecieux,72094,72440,Maison,47.0,33000.0,702.13,2024-10-14
Villaines-sous-Lucé,72376,72150,Maison,115.0,15000.0,130.43,2024-10-02
Sainte-Jamme-sur-Sarthe,72289,72380,Maison,91.0,63000.0,692.31,2024-09-27
Sainte-Jamme-sur-Sarthe,72289,72380,Maison,91.0,63000.0,692.31,2024-09-27
Sainte-Jamme-sur-Sarthe,72289,72380,Maison,91.0,63000.0,692.31,2024-09-27
Changé,72058,72560,Maison,125.0,248000.0,1984.0,2024-09-27
Parigné-l'Évêque,72231,72250,Maison,143.0,120020.0,839.3,2024-09-27
Challes,72053,72250,Maison,120.0,118000.0,983.33,2024-09-30
Le Mans,72181,72000,Maison,69.0,153000.0,2217.39,2024-10-18
Le Mans,72181,72000,Appartement,44.0,110000.0,2500.0,2024-10-15
Le Mans,72181,72000,Maison,80.0,210400.0,2630.0,2024-10-17
Spay,72344,72700,Maison,142.0,244000.0,1718.31,2024-10-18
Bazouges Cré sur Loir,72025,72200,Maison,134.0,140600.0,1049.25,2024-10-09
La Ferté-Bernard,72132,72400,Maison,75.0,135000.0,1800.0,2024-10-11
Le Mans,72181,72000,Maison,183.0,520000.0,2841.53,2024-09-27
Le Mans,72181,72000,Maison,183.0,520000.0,2841.53,2024-09-27
Le Mans,72181,72000,Maison,183.0,520000.0,2841.53,2024-09-27
Le Mans,72181,72000,Appartement,64.0,130000.0,2031.25,2024-09-27
Villaines-la-Gonais,72375,72400,Maison,180.0,72000.0,400.0,2024-10-18
Chérancé,72078,72170,Maison,128.0,141000.0,1101.56,2024-09-30
Lavaré,72158,72390,Maison,100.0,180850.0,1808.5,2024-10-16
Saint-Jean-d'Assé,72290,72380,Maison,63.0,55000.0,873.02,2024-09-23
Le Mans,72181,72000,Appartement,64.0,135000.0,2109.38,2024-10-16
Montfort-le-Gesnois,72241,72450,Maison,78.0,85000.0,1089.74,2024-10-21
Le Mans,72181,72100,Appartement,53.0,79500.0,1500.0,2024-10-21
Cherré-Au,72080,72400,Maison,212.0,382000.0,1801.89,2024-10-09
Cherré-Au,72080,72400,Maison,212.0,382000.0,1801.89,2024-10-09
Cherré-Au,72080,72400,Maison,212.0,382000.0,1801.89,2024-10-09
Nogent-sur-Loir,72221,72500,Maison,119.0,35000.0,294.12,2024-10-18
Aubigné-Racan,72013,72800,Maison,69.0,140000.0,2028.99,2024-10-19
Beaumont-Pied-de-Bœuf,72028,72500,Maison,121.0,60000.0,495.87,2024-10-16
Marolles-les-Braults,72189,72260,Maison,118.0,65000.0,550.85,2024-10-02
La Suze-sur-Sarthe,72346,72210,Maison,50.0,55000.0,1100.0,2024-10-17
Clermont-Créans,72084,72200,Maison,69.0,130000.0,1884.06,2024-10-09
Sainte-Jamme-sur-Sarthe,72289,72380,Maison,72.0,110000.0,1527.78,2024-10-02
Le Mans,72181,72100,Maison,167.0,395000.0,2365.27,2024-10-17
La Flèche,72154,72200,Maison,60.0,195000.0,3250.0,2024-10-03
La Suze-sur-Sarthe,72346,72210,Maison,102.0,215000.0,2107.84,2024-10-18
Parigné-le-Pôlin,72230,72330,Maison,107.0,220000.0,2056.07,2024-10-21
Moncé-en-Belin,72200,72230,Maison,91.0,125000.0,1373.63,2024-10-09
Épineu-le-Chevreuil,72126,72540,Maison,86.0,110000.0,1279.07,2024-10-18
Le Mans,72181,72000,Appartement,68.0,66240.0,974.12,2024-10-17
La Chapelle-du-Bois,72062,72400,Maison,136.0,170000.0,1250.0,2024-10-22
La Bazoge,72024,72650,Maison,80.0,222000.0,2775.0,2024-10-15
La Guierche,72147,72380,Maison,20.0,32000.0,1600.0,2024-10-07
La Guierche,72147,72380,Maison,20.0,32000.0,1600.0,2024-10-07
Saint-Calais,72269,72120,Maison,57.0,55000.0,964.91,2024-10-17
Le Mans,72181,72000,Appartement,41.0,104000.0,2536.59,2024-10-21
Mayet,72191,72360,Maison,84.0,108000.0,1285.71,2024-10-19
Saint-Célerin,72271,72110,Maison,110.0,102500.0,931.82,2024-09-10
La Bazoge,72024,72650,Maison,82.0,90000.0,1097.56,2024-10-09
Saint-Calais,72269,72120,Maison,101.0,40000.0,396.04,2024-10-01
Lavaré,72158,72390,Maison,84.0,134500.0,1601.19,2024-10-17
Lavaré,72158,72390,Maison,84.0,134500.0,1601.19,2024-10-17
La Ferté-Bernard,72132,72400,Maison,89.0,150000.0,1685.39,2024-10-22
Bouloire,72042,72440,Maison,80.0,191500.0,2393.75,2024-10-09
La Ferté-Bernard,72132,72400,Maison,86.0,85000.0,988.37,2024-10-22
Courcebœufs,72099,72290,Maison,108.0,188000.0,1740.74,2024-10-18
Courcebœufs,72099,72290,Maison,108.0,188000.0,1740.74,2024-10-18
Bouloire,72042,72440,Maison,76.0,150000.0,1973.68,2024-10-11
Bouloire,72042,72440,Maison,76.0,150000.0,1973.68,2024-10-11
Le Mans,72181,72000,Appartement,80.0,150000.0,1875.0,2024-09-30
Fyé,72139,72610,Maison,132.0,220000.0,1666.67,2024-10-01
Fyé,72139,72610,Maison,132.0,220000.0,1666.67,2024-10-01
Changé,72058,72560,Maison,114.0,160000.0,1403.51,2024-10-09
Aubigné-Racan,72013,72800,Maison,84.0,65993.98,785.64,2024-10-04
Le Mans,72181,72000,Maison,110.0,286000.0,2600.0,2024-10-21
Le Mans,72181,72000,Appartement,18.0,65640.0,3646.67,2024-10-11
Bessé-sur-Braye,72035,72310,Maison,162.0,223000.0,1376.54,2024-10-17
Bessé-sur-Braye,72035,72310,Maison,162.0,223000.0,1376.54,2024-10-17
Le Mans,72181,72100,Maison,95.0,180000.0,1894.74,2024-10-18
Malicorne-sur-Sarthe,72179,72270,Maison,65.0,77000.0,1184.62,2024-10-07
Le Mans,72181,72000,Appartement,23.0,57000.0,2478.26,2024-10-22
Domfront-en-Champagne,72119,72240,Maison,126.0,169000.0,1341.27,2024-10-09
Sargé-lès-le-Mans,72328,72190,Maison,115.0,130700.0,1136.52,2024-10-18
Gesnes-le-Gandelin,72141,72130,Maison,132.0,215000.0,1628.79,2024-10-15
Gesnes-le-Gandelin,72141,72130,Maison,132.0,215000.0,1628.79,2024-10-15
Mont-Saint-Jean,72211,72140,Maison,96.0,86000.0,895.83,2024-10-09
Mansigné,72182,72510,Maison,133.0,210000.0,1578.95,2024-10-07
Mansigné,72182,72510,Maison,133.0,210000.0,1578.95,2024-10-07
Sillé-le-Guillaume,72334,72140,Maison,64.0,100000.0,1562.5,2024-10-18
Le Mans,72181,72000,Maison,105.0,140000.0,1333.33,2024-10-15
Le Mans,72181,72000,Appartement,77.0,120000.0,1558.44,2024-10-11
Montval-sur-Loir,72071,72500,Maison,67.0,89000.0,1328.36,2024-10-23
Gréez-sur-Roc,72144,72320,Maison,95.0,80000.0,842.11,2024-10-21
René,72251,72260,Maison,134.0,120000.0,895.52,2024-10-17
Le Mans,72181,72000,Maison,75.0,151000.0,2013.33,2024-10-23
Saint-Aubin-de-Locquenay,72266,72130,Maison,61.0,29500.0,483.61,2024-10-18
Saint-Ouen-de-Mimbré,72305,72130,Maison,130.0,150000.0,1153.85,2024-10-11
Courgains,72104,72260,Maison,104.0,180000.0,1730.77,2024-10-08
Courgains,72104,72260,Maison,104.0,180000.0,1730.77,2024-10-08
Mézeray,72195,72270,Maison,130.0,139000.0,1069.23,2024-10-08
Mézeray,72195,72270,Maison,88.0,139000.0,1579.55,2024-10-08
Malicorne-sur-Sarthe,72179,72270,Maison,57.0,110000.0,1929.82,2024-10-08
Malicorne-sur-Sarthe,72179,72270,Maison,57.0,110000.0,1929.82,2024-10-08
Courcelles-la-Forêt,72100,72270,Maison,122.0,220000.0,1803.28,2024-10-09
Solesmes,72336,72300,Maison,166.0,320000.0,1927.71,2024-10-01
Solesmes,72336,72300,Maison,166.0,320000.0,1927.71,2024-10-01
Mézeray,72195,72270,Maison,109.0,35000.0,321.1,2024-10-11
La Flèche,72154,72200,Maison,188.0,270000.0,1436.17,2024-10-17
La Flèche,72154,72200,Maison,188.0,270000.0,1436.17,2024-10-17
Montval-sur-Loir,72071,72500,Maison,66.0,32000.0,484.85,2024-10-17
Fresnay-sur-Sarthe,72138,72130,Maison,128.0,106000.0,828.12,2024-10-12
Montmirail,72208,72320,Maison,164.0,165000.0,1006.1,2024-10-22
Dollon,72118,72390,Maison,100.0,180000.0,1800.0,2024-10-18
Vibraye,72373,72320,Maison,106.0,75000.0,707.55,2024-10-18
Arnage,72008,72230,Maison,116.0,350000.0,3017.24,2024-10-15
Mamers,72180,72600,Maison,179.0,185000.0,1033.52,2024-10-14
Le Mans,72181,72100,Maison,77.0,187500.0,2435.06,2024-10-18
Le Mans,72181,72000,Appartement,27.0,101000.0,3740.74,2024-10-14
Le Mans,72181,72000,Maison,104.0,385000.0,3701.92,2024-10-10
Arnage,72008,72230,Maison,75.0,138500.0,1846.67,2024-10-07
Arnage,72008,72230,Maison,75.0,138500.0,1846.67,2024-10-07
Vion,72378,72300,Maison,70.0,87000.0,1242.86,2024-10-23
Vion,72378,72300,Maison,70.0,87000.0,1242.86,2024-10-23
La Bazoge,72024,72650,Maison,134.0,224000.0,1671.64,2024-10-04
La Bazoge,72024,72650,Maison,134.0,224000.0,1671.64,2024-10-04
Le Mans,72181,72000,Appartement,38.0,72500.0,1907.89,2024-10-14
Montval-sur-Loir,72071,72500,Maison,49.0,90000.0,1836.73,2024-10-05
Le Mans,72181,72000,Appartement,42.0,70000.0,1666.67,2024-10-15
Le Mans,72181,72000,Maison,130.0,420000.0,3230.77,2024-10-18
Le Luart,72172,72390,Maison,54.0,97000.0,1796.3,2024-10-25
Le Luart,72172,72390,Maison,54.0,97000.0,1796.3,2024-10-25
Le Mans,72181,72000,Appartement,64.0,120000.0,1875.0,2024-10-23
Le Mans,72181,72000,Maison,77.0,178200.0,2314.29,2024-10-01
Le Mans,72181,72000,Appartement,13.0,280000.0,21538.46,2024-10-21
Le Mans,72181,72000,Appartement,15.0,280000.0,18666.67,2024-10-21
Le Mans,72181,72000,Appartement,20.0,280000.0,14000.0,2024-10-21
Le Mans,72181,72000,Appartement,16.0,280000.0,17500.0,2024-10-21
Le Mans,72181,72000,Appartement,15.0,280000.0,18666.67,2024-10-21
Le Mans,72181,72000,Appartement,17.0,280000.0,16470.59,2024-10-21
Le Mans,72181,72000,Appartement,85.0,112500.0,1323.53,2024-10-21
Le Mans,72181,72000,Maison,78.0,164000.0,2102.56,2024-10-25
Arnage,72008,72230,Maison,75.0,130000.0,1733.33,2024-10-15
Parcé-sur-Sarthe,72228,72300,Maison,62.0,69000.0,1112.9,2024-10-05
Le Mans,72181,72000,Maison,78.0,285000.0,3653.85,2024-10-24
Montfort-le-Gesnois,72241,72450,Maison,89.0,180000.0,2022.47,2024-10-09
Montfort-le-Gesnois,72241,72450,Maison,89.0,180000.0,2022.47,2024-10-09
Beaufay,72026,72110,Maison,53.0,116000.0,2188.68,2024-10-05
Beaufay,72026,72110,Maison,53.0,116000.0,2188.68,2024-10-05
Souligné-sous-Ballon,72340,72290,Maison,129.0,180000.0,1395.35,2024-10-03
Souligné-sous-Ballon,72340,72290,Maison,129.0,180000.0,1395.35,2024-10-03
Mulsanne,72213,72230,Maison,128.0,205000.0,1601.56,2024-10-25
Connerré,72090,72160,Maison,75.0,180200.0,2402.67,2024-10-08
Souligné-sous-Ballon,72340,72290,Maison,116.0,236000.0,2034.48,2024-10-08
Duneau,72122,72160,Maison,147.0,95000.0,646.26,2024-10-24
Le Mans,72181,72100,Appartement,61.0,63500.0,1040.98,2024-10-11
La Flèche,72154,72200,Maison,80.0,93000.0,1162.5,2024-10-17
Courtillers,72106,72300,Maison,120.0,240000.0,2000.0,2024-10-09
Courtillers,72106,72300,Maison,120.0,240000.0,2000.0,2024-10-09
Saint-Mars-la-Brière,72300,72470,Maison,56.0,74000.0,1321.43,2024-10-15
Le Mans,72181,72000,Maison,106.0,238000.0,2245.28,2024-10-17
Épineu-le-Chevreuil,72126,72540,Maison,80.0,81500.0,1018.75,2024-09-30
Le Mans,72181,72000,Maison,124.0,385000.0,3104.84,2024-10-24
Changé,72058,72560,Maison,68.0,80000.0,1176.47,2024-09-30
Changé,72058,72560,Maison,68.0,80000.0,1176.47,2024-09-30
Écommoy,72124,72220,Maison,129.0,167000.0,1294.57,2024-10-21
La Bazoge,72024,72650,Maison,95.0,148000.0,1557.89,2024-10-22
La Bazoge,72024,72650,Maison,95.0,148000.0,1557.89,2024-10-22
Fresnay-sur-Sarthe,72138,72130,Maison,66.0,60000.0,909.09,2024-10-24
Mézières-sur-Ponthouin,72196,72290,Maison,111.0,130000.0,1171.17,2024-10-05
Courcebœufs,72099,72290,Maison,240.0,285000.0,1187.5,2024-10-18
Pruillé-l'Éguillé,72248,72150,Maison,107.0,80000.0,747.66,2024-10-14
Le Mans,72181,72000,Maison,84.0,230000.0,2738.1,2024-10-07
Guécélard,72146,72230,Maison,71.0,155000.0,2183.1,2024-10-11
Le Mans,72181,72000,Appartement,51.0,115000.0,2254.9,2024-10-24
Le Mans,72181,72000,Appartement,56.0,25000.0,446.43,2024-10-04
Le Mans,72181,72000,Maison,193.0,448000.0,2321.24,2024-10-24
Mulsanne,72213,72230,Maison,138.0,295000.0,2137.68,2024-10-24
Saint-Biez-en-Belin,72268,72220,Maison,42.0,92000.0,2190.48,2024-09-24
Tennie,72351,72240,Maison,89.0,95100.0,1068.54,2024-10-23
Dureil,72123,72270,Maison,71.0,119000.0,1676.06,2024-10-21
Le Mans,72181,72000,Maison,67.0,112960.0,1685.97,2024-10-16
Le Mans,72181,72000,Maison,76.0,93000.0,1223.68,2024-10-16
Soulitré,72341,72370,Maison,90.0,103000.0,1144.44,2024-10-03
Savigné-l'Évêque,72329,72460,Maison,140.0,270000.0,1928.57,2024-10-09
Savigné-l'Évêque,72329,72460,Maison,140.0,270000.0,1928.57,2024-10-09
Le Mans,72181,72100,Appartement,32.0,70500.0,2203.12,2024-10-25
Livet-en-Saosnois,72164,72610,Maison,59.0,45000.0,762.71,2024-10-09
Livet-en-Saosnois,72164,72610,Maison,59.0,45000.0,762.71,2024-10-09
Conlie,72089,72240,Maison,101.0,155000.0,1534.65,2024-10-11
Connerré,72090,72160,Maison,72.0,148000.0,2055.56,2024-10-16
Montfort-le-Gesnois,72241,72450,Maison,108.0,173000.0,1601.85,2024-10-18
Montfort-le-Gesnois,72241,72450,Maison,108.0,173000.0,1601.85,2024-10-18
Challes,72053,72250,Maison,142.0,210000.0,1478.87,2024-10-11
Ruillé-en-Champagne,72261,72240,Maison,117.0,164000.0,1401.71,2024-10-24
Vibraye,72373,72320,Maison,93.0,87118.0,936.75,2024-09-25
Le Mans,72181,72000,Maison,80.0,125000.0,1562.5,2024-10-11
Nogent-le-Bernard,72220,72110,Maison,137.0,125000.0,912.41,2024-10-23
Nogent-le-Bernard,72220,72110,Maison,137.0,125000.0,912.41,2024-10-23
Bonnétable,72039,72110,Maison,120.0,155000.0,1291.67,2024-10-23
Le Mans,72181,72100,Appartement,75.0,96120.0,1281.6,2024-10-23
Coulaines,72095,72190,Maison,150.0,360000.0,2400.0,2024-10-01
Coulans-sur-Gée,72096,72550,Maison,127.0,195000.0,1535.43,2024-10-17
Saint-Aubin-des-Coudrais,72267,72400,Maison,130.0,90000.0,692.31,2024-10-03
Le Mans,72181,72000,Maison,114.0,240000.0,2105.26,2024-10-01
Parigné-l'Évêque,72231,72250,Maison,76.0,142500.0,1875.0,2024-09-30
Montval-sur-Loir,72071,72500,Maison,100.0,64000.0,640.0,2024-10-14
Montval-sur-Loir,72071,72500,Maison,148.0,230000.0,1554.05,2024-10-25
Montval-sur-Loir,72071,72500,Maison,148.0,230000.0,1554.05,2024-10-25
Vaas,72364,72500,Maison,45.0,35000.0,777.78,2024-10-26
La Chartre-sur-le-Loir,72068,72340,Appartement,95.0,60000.0,631.58,2024-10-23
Clermont-Créans,72084,72200,Maison,30.0,50000.0,1666.67,2024-10-07
Clermont-Créans,72084,72200,Maison,30.0,50000.0,1666.67,2024-10-07
Montval-sur-Loir,72071,72500,Maison,73.0,100000.0,1369.86,2024-10-25
Montval-sur-Loir,72071,72500,Maison,73.0,100000.0,1369.86,2024-10-25
Champfleur,72056,72610,Maison,114.0,129000.0,1131.58,2024-10-22
Mayet,72191,72360,Maison,220.0,270000.0,1227.27,2024-10-28
Mayet,72191,72360,Maison,220.0,270000.0,1227.27,2024-10-28
Mayet,72191,72360,Maison,220.0,270000.0,1227.27,2024-10-28
Marolles-les-Braults,72189,72260,Maison,112.0,165000.0,1473.21,2024-10-08
Le Mans,72181,72000,Appartement,55.0,175000.0,3181.82,2024-10-24
Arnage,72008,72230,Maison,77.0,113800.0,1477.92,2024-10-09
Bonnétable,72039,72110,Maison,145.0,339500.0,2341.38,2024-10-22
Bonnétable,72039,72110,Maison,72.0,150000.0,2083.33,2024-10-22
Le Mans,72181,72100,Maison,91.0,150000.0,1648.35,2024-10-23
Bonnétable,72039,72110,Maison,66.0,55100.0,834.85,2024-10-16
Allonnes,72003,72700,Maison,86.0,155000.0,1802.33,2024-10-24
Le Mans,72181,72100,Maison,84.0,180000.0,2142.86,2024-10-21
Étival-lès-le-Mans,72127,72700,Maison,160.0,320000.0,2000.0,2024-10-25
Étival-lès-le-Mans,72127,72700,Maison,160.0,320000.0,2000.0,2024-10-25
Montval-sur-Loir,72071,72500,Maison,62.0,86000.0,1387.1,2024-10-22
La Flèche,72154,72200,Appartement,77.0,78000.0,1012.99,2024-10-18
Guécélard,72146,72230,Maison,195.0,330000.0,1692.31,2024-10-11
Guécélard,72146,72230,Maison,195.0,330000.0,1692.31,2024-10-11
Guécélard,72146,72230,Maison,195.0,330000.0,1692.31,2024-10-11
Saint-Denis-d'Orques,72278,72350,Maison,130.0,55000.0,423.08,2024-10-15
Crannes-en-Champagne,72107,72540,Maison,64.0,150000.0,2343.75,2024-10-25
Saint-Georges-du-Bois,72280,72700,Maison,69.0,170000.0,2463.77,2024-10-28
Neuville-sur-Sarthe,72217,72190,Maison,101.0,202000.0,2000.0,2024-10-28
Allonnes,72003,72700,Maison,80.0,125000.0,1562.5,2024-10-22
Saint-Rémy-des-Monts,72316,72600,Maison,44.0,69700.0,1584.09,2024-10-28
Épineu-le-Chevreuil,72126,72540,Maison,45.0,85000.0,1888.89,2024-10-15
Étival-lès-le-Mans,72127,72700,Maison,88.0,179000.0,2034.09,2024-10-25
Souligné-Flacé,72339,72210,Maison,93.0,202000.0,2172.04,2024-10-25
Luché-Pringé,72175,72800,Maison,46.0,95000.0,2065.22,2024-10-04
Souligné-Flacé,72339,72210,Maison,70.0,160000.0,2285.71,2024-10-28
Fillé,72133,72210,Maison,75.0,132500.0,1766.67,2024-10-18
Fillé,72133,72210,Maison,75.0,132500.0,1766.67,2024-10-18
Coulaines,72095,72190,Maison,110.0,192352.0,1748.65,2024-10-15
Le Mans,72181,72100,Maison,110.0,250000.0,2272.73,2024-10-28
Le Mans,72181,72000,Appartement,38.0,90000.0,2368.42,2024-10-25
Le Mans,72181,72100,Appartement,55.0,110000.0,2000.0,2024-10-28
Sargé-lès-le-Mans,72328,72190,Maison,96.0,100000.0,1041.67,2024-10-01
Brette-les-Pins,72047,72250,Maison,69.0,82500.0,1195.65,2024-10-25
Courcelles-la-Forêt,72100,72270,Maison,91.0,80000.0,879.12,2024-10-26
Sablé-sur-Sarthe,72264,72300,Maison,112.0,94000.0,839.29,2024-10-30
Villaines-sous-Lucé,72376,72150,Maison,84.0,200000.0,2380.95,2024-10-24
La Chapelle-Saint-Aubin,72065,72650,Maison,130.0,262000.0,2015.38,2024-10-24
Ballon-Saint Mars,72023,72290,Maison,83.0,60000.0,722.89,2024-10-07
Mansigné,72182,72510,Maison,59.0,84200.0,1427.12,2024-10-31
Mansigné,72182,72510,Maison,84.0,84200.0,1002.38,2024-10-31
La Milesse,72198,72650,Maison,157.0,415000.0,2643.31,2024-10-08
Le Mans,72181,72000,Appartement,32.0,57500.0,1796.88,2024-10-28
La Ferté-Bernard,72132,72400,Appartement,29.0,49000.0,1689.66,2024-10-28
La Ferté-Bernard,72132,72400,Appartement,18.0,49000.0,2722.22,2024-10-28
Le Mans,72181,72100,Maison,90.0,170000.0,1888.89,2024-10-28
Mansigné,72182,72510,Maison,74.0,155000.0,2094.59,2024-10-24
Ballon-Saint Mars,72023,72290,Maison,140.0,100000.0,714.29,2024-10-10
Maresché,72186,72170,Maison,140.0,180000.0,1285.71,2024-10-11
Louplande,72169,72210,Maison,106.0,234000.0,2207.55,2024-10-31
La Ferté-Bernard,72132,72400,Maison,60.0,108000.0,1800.0,2024-10-21
Saint-Calais,72269,72120,Maison,85.0,55000.0,647.06,2024-10-23
Mayet,72191,72360,Maison,51.0,59000.0,1156.86,2024-10-31
Parigné-l'Évêque,72231,72250,Maison,113.0,203000.0,1796.46,2024-10-18
Mulsanne,72213,72230,Maison,128.0,162750.0,1271.48,2024-10-29
Flée,72134,72500,Maison,140.0,85000.0,607.14,2024-10-26
Mansigné,72182,72510,Maison,81.0,135000.0,1666.67,2024-10-29
Spay,72344,72700,Maison,74.0,106000.0,1432.43,2024-10-30
Spay,72344,72700,Maison,74.0,106000.0,1432.43,2024-10-30
Vancé,72368,72310,Maison,125.0,148500.0,1188.0,2024-10-25
Montval-sur-Loir,72071,72500,Maison,98.0,60000.0,612.24,2024-10-25
Le Mans,72181,72000,Appartement,56.0,90000.0,1607.14,2024-10-23
Le Mans,72181,72000,Appartement,36.0,58300.0,1619.44,2024-10-28
Le Mans,72181,72100,Appartement,97.0,85000.0,876.29,2024-10-29
Sargé-lès-le-Mans,72328,72190,Maison,91.0,272000.0,2989.01,2024-10-23
Saint-Ouen-en-Belin,72306,72220,Maison,81.0,90000.0,1111.11,2024-10-28
Arnage,72008,72230,Maison,68.0,110000.0,1617.65,2024-10-31
Le Mans,72181,72000,Appartement,26.0,65400.0,2515.38,2024-10-21
Marigné-Laillé,72187,72220,Maison,79.0,140000.0,1772.15,2024-10-29
Nogent-le-Bernard,72220,72110,Maison,50.0,82300.0,1646.0,2024-10-30
Nogent-le-Bernard,72220,72110,Maison,50.0,82300.0,1646.0,2024-10-30
Neufchâtel-en-Saosnois,72215,72600,Maison,68.0,119000.0,1750.0,2024-10-18
Courcemont,72101,72110,Maison,103.0,32000.0,310.68,2024-10-30
Le Mans,72181,72000,Appartement,25.0,56000.0,2240.0,2024-10-30
Torcé-en-Vallée,72359,72110,Maison,88.0,145000.0,1647.73,2024-10-30
Le Mans,72181,72000,Appartement,49.0,111000.0,2265.31,2024-10-24
Le Mans,72181,72000,Maison,115.0,275000.0,2391.3,2024-10-29
Mansigné,72182,72510,Maison,75.0,134000.0,1786.67,2024-10-04
Le Mans,72181,72000,Maison,72.0,220000.0,3055.56,2024-10-31
Le Mans,72181,72000,Maison,120.0,352000.0,2933.33,2024-10-24
Montaillé,72204,72120,Maison,67.0,49000.0,731.34,2024-10-31
Le Mans,72181,72000,Maison,55.0,135000.0,2454.55,2024-10-25
Le Mans,72181,72100,Maison,63.0,123300.0,1957.14,2024-10-30
Yvré-l'Évêque,72386,72530,Maison,103.0,187500.0,1820.39,2024-10-28
Yvré-l'Évêque,72386,72530,Maison,103.0,187500.0,1820.39,2024-10-28
Le Mans,72181,72000,Appartement,23.0,35000.0,1521.74,2024-10-29
Le Mans,72181,72000,Appartement,88.0,182000.0,2068.18,2024-10-31
Moncé-en-Saosnois,72201,72260,Maison,108.0,118000.0,1092.59,2024-10-18
Moncé-en-Saosnois,72201,72260,Maison,108.0,118000.0,1092.59,2024-10-18
Sarcé,72327,72360,Maison,144.0,138000.0,958.33,2024-10-31
Sarcé,72327,72360,Maison,144.0,138000.0,958.33,2024-10-31
Le Mans,72181,72000,Appartement,36.0,56500.0,1569.44,2024-10-31
Le Mans,72181,72000,Maison,115.0,170000.0,1478.26,2024-10-29
Le Mans,72181,72100,Maison,94.0,155000.0,1648.94,2024-10-28
Saint-Mars-la-Brière,72300,72470,Maison,70.0,110000.0,1571.43,2024-10-30
Malicorne-sur-Sarthe,72179,72270,Maison,73.0,170000.0,2328.77,2024-10-17
Malicorne-sur-Sarthe,72179,72270,Maison,73.0,170000.0,2328.77,2024-10-17
Malicorne-sur-Sarthe,72179,72270,Maison,73.0,170000.0,2328.77,2024-10-17
Malicorne-sur-Sarthe,72179,72270,Maison,73.0,170000.0,2328.77,2024-10-17
Soulitré,72341,72370,Maison,140.0,222500.0,1589.29,2024-10-30
Auvers-le-Hamon,72016,72300,Maison,30.0,175000.0,5833.33,2024-10-23
Auvers-le-Hamon,72016,72300,Maison,30.0,175000.0,5833.33,2024-10-23
Le Mans,72181,72100,Maison,77.0,260000.0,3376.62,2024-10-28
Teillé,72349,72290,Maison,134.0,165000.0,1231.34,2024-10-15
Teillé,72349,72290,Maison,134.0,165000.0,1231.34,2024-10-15
Teillé,72349,72290,Maison,134.0,165000.0,1231.34,2024-10-15
Torcé-en-Vallée,72359,72110,Maison,250.0,540000.0,2160.0,2024-10-31
Torcé-en-Vallée,72359,72110,Maison,250.0,540000.0,2160.0,2024-10-31
Beaumont-sur-Sarthe,72029,72170,Maison,117.0,130000.0,1111.11,2024-10-15
La Chapelle-Saint-Aubin,72065,72650,Maison,146.0,250000.0,1712.33,2024-10-28
La Chapelle-Saint-Aubin,72065,72650,Maison,146.0,250000.0,1712.33,2024-10-28
Sargé-lès-le-Mans,72328,72190,Maison,134.0,345000.0,2574.63,2024-10-28
Le Mans,72181,72000,Appartement,18.0,52000.0,2888.89,2024-10-31
Parennes,72229,72140,Maison,109.0,50000.0,458.72,2024-10-18
Brains-sur-Gée,72045,72550,Maison,92.0,129000.0,1402.17,2024-10-30
La Milesse,72198,72650,Maison,150.0,292000.0,1946.67,2024-10-18
La Milesse,72198,72650,Maison,150.0,292000.0,1946.67,2024-10-18
Sainte-Sabine-sur-Longève,72319,72380,Maison,93.0,200126.0,2151.89,2024-10-25
Le Mans,72181,72000,Maison,99.0,165000.0,1666.67,2024-10-29
Le Mans,72181,72000,Appartement,78.0,143000.0,1833.33,2024-10-22
Bouloire,72042,72440,Maison,90.0,175000.0,1944.44,2024-10-29
Bouloire,72042,72440,Maison,90.0,175000.0,1944.44,2024-10-29
Saint-Victeur,72323,72130,Maison,89.0,145000.0,1629.21,2024-10-11
Saint-Victeur,72323,72130,Maison,89.0,145000.0,1629.21,2024-10-11
Noyen-sur-Sarthe,72223,72430,Maison,84.0,205000.0,2440.48,2024-10-12
Noyen-sur-Sarthe,72223,72430,Maison,84.0,205000.0,2440.48,2024-10-12
Noyen-sur-Sarthe,72223,72430,Maison,84.0,205000.0,2440.48,2024-10-12
Saint-Denis-d'Orques,72278,72350,Maison,118.0,208000.0,1762.71,2024-10-25
Saint-Denis-d'Orques,72278,72350,Maison,118.0,208000.0,1762.71,2024-10-25
Mont-Saint-Jean,72211,72140,Maison,40.0,20000.0,500.0,2024-11-04
Brûlon,72050,72350,Maison,145.0,125000.0,862.07,2024-10-08
Noyen-sur-Sarthe,72223,72430,Maison,63.0,88000.0,1396.83,2024-10-17
Le Mans,72181,72000,Maison,117.0,242000.0,2068.38,2024-10-17
Allonnes,72003,72700,Maison,73.0,71000.0,972.6,2024-10-28
Beaumont-sur-Sarthe,72029,72170,Maison,167.0,54000.0,323.35,2024-10-15
Le Mans,72181,72000,Maison,106.0,405000.0,3820.75,2024-10-29
Rouessé-Vassé,72255,72140,Maison,47.0,9000.0,191.49,2024-10-30
Allonnes,72003,72700,Appartement,63.0,38000.0,603.17,2024-06-11
Cérans-Foulletourte,72051,72330,Maison,114.0,200000.0,1754.39,2024-10-14
Cérans-Foulletourte,72051,72330,Maison,114.0,200000.0,1754.39,2024-10-14
Sillé-le-Guillaume,72334,72140,Maison,83.0,195000.0,2349.4,2024-10-31
Noyen-sur-Sarthe,72223,72430,Maison,109.0,192000.0,1761.47,2024-10-24
Sablé-sur-Sarthe,72264,72300,Appartement,78.0,140000.0,1794.87,2024-10-18
Sablé-sur-Sarthe,72264,72300,Appartement,20.0,140000.0,7000.0,2024-10-18
Sablé-sur-Sarthe,72264,72300,Appartement,18.0,140000.0,7777.78,2024-10-18
Villaines-sous-Malicorne,72377,72270,Maison,128.0,90000.0,703.12,2024-10-28
La Flèche,72154,72200,Maison,237.0,410000.0,1729.96,2024-10-25
La Flèche,72154,72200,Maison,237.0,410000.0,1729.96,2024-10-25
Villaines-sous-Malicorne,72377,72270,Maison,86.0,170000.0,1976.74,2024-10-25
Sainte-Jamme-sur-Sarthe,72289,72380,Maison,98.0,150000.0,1530.61,2024-10-31
Le Mans,72181,72000,Maison,80.0,180000.0,2250.0,2024-10-24
Le Grez,72145,72140,Maison,188.0,215000.0,1143.62,2024-10-30
Parigné-le-Pôlin,72230,72330,Maison,175.0,210000.0,1200.0,2024-10-29
Parigné-le-Pôlin,72230,72330,Maison,175.0,210000.0,1200.0,2024-10-29
Allonnes,72003,72700,Maison,86.0,162500.0,1889.53,2024-10-31
Le Mans,72181,72000,Appartement,78.0,70000.0,897.44,2024-10-28
Vion,72378,72300,Maison,80.0,70000.0,875.0,2024-10-17
Vion,72378,72300,Maison,80.0,70000.0,875.0,2024-10-17
Vion,72378,72300,Maison,80.0,70000.0,875.0,2024-10-17
Sablé-sur-Sarthe,72264,72300,Maison,93.0,115000.0,1236.56,2024-10-17
Le Mans,72181,72100,Maison,82.0,197000.0,2402.44,2024-10-25
Guécélard,72146,72230,Maison,114.0,220000.0,1929.82,2024-10-31
Allonnes,72003,72700,Maison,91.0,139000.0,1527.47,2024-10-30
Sillé-le-Philippe,72335,72460,Maison,94.0,220500.0,2345.74,2024-10-09
Sillé-le-Philippe,72335,72460,Maison,94.0,220500.0,2345.74,2024-10-09
Coulaines,72095,72190,Maison,182.0,332000.0,1824.18,2024-10-15
La Ferté-Bernard,72132,72400,Maison,99.0,217000.0,2191.92,2024-10-25
Le Mans,72181,72000,Maison,105.0,115000.0,1095.24,2024-10-21
Sablé-sur-Sarthe,72264,72300,Appartement,95.0,140000.0,1473.68,2024-10-21
Allonnes,72003,72700,Maison,97.0,75200.0,775.26,2024-10-11
Vancé,72368,72310,Maison,40.0,19000.0,475.0,2024-10-18
La Flèche,72154,72200,Maison,94.0,230000.0,2446.81,2024-10-23
Le Mans,72181,72000,Maison,73.0,170000.0,2328.77,2024-10-17
Le Mans,72181,72000,Appartement,101.0,115000.0,1138.61,2024-11-04
Saint-Calais,72269,72120,Maison,50.0,44000.0,880.0,2024-10-24
La Flèche,72154,72200,Maison,94.0,170000.0,1808.51,2024-10-29
La Flèche,72154,72200,Maison,181.0,264000.0,1458.56,2024-10-28
Moulins-le-Carbonnel,72212,72130,Maison,53.0,190000.0,3584.91,2024-10-09
Moulins-le-Carbonnel,72212,72130,Maison,104.0,190000.0,1826.92,2024-10-09
Moulins-le-Carbonnel,72212,72130,Maison,53.0,190000.0,3584.91,2024-10-09
Moulins-le-Carbonnel,72212,72130,Maison,104.0,190000.0,1826.92,2024-10-09
Moulins-le-Carbonnel,72212,72130,Maison,104.0,190000.0,1826.92,2024-10-09
Moulins-le-Carbonnel,72212,72130,Maison,53.0,190000.0,3584.91,2024-10-09
Moulins-le-Carbonnel,72212,72130,Maison,91.0,190000.0,2087.91,2024-10-09
La Bazoge,72024,72650,Maison,160.0,382000.0,2387.5,2024-10-16
La Bazoge,72024,72650,Maison,160.0,382000.0,2387.5,2024-10-16
La Bazoge,72024,72650,Maison,160.0,382000.0,2387.5,2024-10-16
Fresnay-sur-Sarthe,72138,72130,Maison,96.0,80000.0,833.33,2024-11-05
Marolles-les-Braults,72189,72260,Maison,90.0,95000.0,1055.56,2024-10-18
Le Mans,72181,72100,Maison,92.0,200000.0,2173.91,2024-10-21
Sainte-Jamme-sur-Sarthe,72289,72380,Maison,128.0,101000.0,789.06,2024-10-16
Sainte-Jamme-sur-Sarthe,72289,72380,Maison,128.0,101000.0,789.06,2024-10-16
Sainte-Jamme-sur-Sarthe,72289,72380,Maison,128.0,101000.0,789.06,2024-10-16
Allonnes,72003,72700,Maison,78.0,120000.0,1538.46,2024-10-14
Le Mans,72181,72100,Maison,62.0,131800.0,2125.81,2024-11-06
Montval-sur-Loir,72071,72500,Appartement,66.0,320000.0,4848.48,2024-11-02
Montval-sur-Loir,72071,72500,Appartement,46.0,320000.0,6956.52,2024-11-02
Montval-sur-Loir,72071,72500,Appartement,74.0,320000.0,4324.32,2024-11-02
Montval-sur-Loir,72071,72500,Appartement,64.0,320000.0,5000.0,2024-11-02
Montval-sur-Loir,72071,72500,Appartement,65.0,320000.0,4923.08,2024-11-02
Montval-sur-Loir,72071,72500,Maison,70.0,154000.0,2200.0,2024-11-05
Le Lude,72176,72800,Maison,112.0,110092.0,982.96,2024-11-04
Le Lude,72176,72800,Maison,112.0,110092.0,982.96,2024-11-04
Le Lude,72176,72800,Maison,112.0,110092.0,982.96,2024-11-04
Savigné-l'Évêque,72329,72460,Maison,86.0,166990.0,1941.74,2024-10-28
Le Mans,72181,72000,Appartement,68.0,135000.0,1985.29,2024-10-28
Savigné-l'Évêque,72329,72460,Maison,86.0,166990.0,1941.74,2024-10-30
Rouillon,72257,72700,Maison,116.0,200000.0,1724.14,2024-11-04
Vibraye,72373,72320,Maison,88.0,160000.0,1818.18,2024-10-23
Le Mans,72181,72000,Appartement,30.0,58000.0,1933.33,2024-11-04
La Suze-sur-Sarthe,72346,72210,Maison,77.0,90000.0,1168.83,2024-10-24
Le Lude,72176,72800,Maison,70.0,90000.0,1285.71,2024-10-30
Dollon,72118,72390,Maison,150.0,140000.0,933.33,2024-10-25
Louplande,72169,72210,Maison,73.0,90000.0,1232.88,2024-10-29
Allonnes,72003,72700,Maison,121.0,120000.0,991.74,2024-10-24
Vaas,72364,72500,Maison,90.0,105000.0,1166.67,2024-11-02
Le Mans,72181,72000,Maison,80.0,170000.0,2125.0,2024-10-28
Étival-lès-le-Mans,72127,72700,Maison,115.0,208000.0,1808.7,2024-10-29
Le Mans,72181,72000,Maison,110.0,185000.0,1681.82,2024-10-21
Dollon,72118,72390,Maison,34.0,15500.0,455.88,2024-10-22
Volnay,72382,72440,Maison,64.0,125000.0,1953.12,2024-10-21
Le Mans,72181,72100,Maison,86.0,120000.0,1395.35,2024-10-16
Saint-Calais,72269,72120,Maison,77.0,55000.0,714.29,2024-10-25
Pruillé-l'Éguillé,72248,72150,Maison,95.0,168000.0,1768.42,2024-11-05
Le Mans,72181,72100,Appartement,61.0,72000.0,1180.33,2024-10-31
Moulins-le-Carbonnel,72212,72130,Maison,51.0,27000.0,529.41,2024-10-18
Sainte-Cérotte,72272,72120,Maison,136.0,215000.0,1580.88,2024-10-31
Sainte-Cérotte,72272,72120,Maison,136.0,215000.0,1580.88,2024-10-31
Le Mans,72181,72000,Appartement,33.0,68250.0,2068.18,2024-10-24
Dollon,72118,72390,Maison,111.0,55000.0,495.5,2024-10-28
Fresnay-sur-Sarthe,72138,72130,Maison,60.0,26500.0,441.67,2024-10-26
Assé-le-Boisne,72011,72130,Maison,79.0,110500.0,1398.73,2024-10-30
Chahaignes,72052,72340,Maison,111.0,63500.0,572.07,2024-10-29
Chahaignes,72052,72340,Maison,65.0,63500.0,976.92,2024-10-29
Sablé-sur-Sarthe,72264,72300,Maison,82.0,100000.0,1219.51,2024-10-08
Saint-Cosme-en-Vairais,72276,72110,Maison,70.0,70000.0,1000.0,2024-11-04
Fyé,72139,72610,Maison,73.0,128000.0,1753.42,2024-10-10
Fyé,72139,72610,Maison,73.0,128000.0,1753.42,2024-10-10
Le Mans,72181,72000,Appartement,22.0,265000.0,12045.45,2024-10-22
Le Mans,72181,72000,Appartement,21.0,265000.0,12619.05,2024-10-22
Le Mans,72181,72000,Appartement,21.0,265000.0,12619.05,2024-10-22
Le Mans,72181,72000,Appartement,22.0,265000.0,12045.45,2024-10-22
Le Mans,72181,72000,Appartement,20.0,265000.0,13250.0,2024-10-22
Le Mans,72181,72000,Appartement,14.0,265000.0,18928.57,2024-10-22
Le Mans,72181,72000,Appartement,67.0,104500.0,1559.7,2024-10-23
Beaufay,72026,72110,Maison,101.0,200000.0,1980.2,2024-10-28
Champfleur,72056,72610,Maison,50.0,60000.0,1200.0,2024-10-24
Rouessé-Fontaine,72254,72610,Maison,63.0,28500.0,452.38,2024-10-29
Rouessé-Fontaine,72254,72610,Maison,63.0,28500.0,452.38,2024-10-29
Yvré-l'Évêque,72386,72530,Maison,134.0,221000.0,1649.25,2024-11-06
Mamers,72180,72600,Maison,95.0,57000.0,600.0,2024-11-04
Saint-Paul-le-Gaultier,72309,72130,Maison,104.0,37000.0,355.77,2024-10-26
Sougé-le-Ganelon,72337,72130,Maison,150.0,342100.0,2280.67,2024-10-22
Le Mans,72181,72100,Appartement,18.0,55000.0,3055.56,2024-11-07
Le Mans,72181,72000,Appartement,30.0,70000.0,2333.33,2024-10-31
Saint-Christophe-du-Jambet,72273,72170,Maison,52.0,58000.0,1115.38,2024-10-29
Mont-Saint-Jean,72211,72140,Maison,19.0,41500.0,2184.21,2024-10-26
Le Mans,72181,72000,Appartement,23.0,46500.0,2021.74,2024-10-22
Le Mans,72181,72000,Appartement,40.0,95000.0,2375.0,2024-10-30
Beaumont-sur-Sarthe,72029,72170,Maison,87.0,190000.0,2183.91,2024-10-23
Bazouges Cré sur Loir,72025,72200,Maison,77.0,1450610.0,18839.09,2024-10-18
Le Mans,72181,72100,Maison,86.0,205000.0,2383.72,2024-11-07
Le Mans,72181,72000,Appartement,78.0,168000.0,2153.85,2024-11-05
Le Mans,72181,72000,Maison,39.0,65000.0,1666.67,2024-11-04
Saint-Jean-d'Assé,72290,72380,Maison,120.0,220500.0,1837.5,2024-10-24
Aubigné-Racan,72013,72800,Maison,75.0,130000.0,1733.33,2024-10-25
Aubigné-Racan,72013,72800,Maison,75.0,130000.0,1733.33,2024-10-25
Loir en Vallée,72262,72340,Maison,69.0,117000.0,1695.65,2024-10-29
Coulans-sur-Gée,72096,72550,Maison,234.0,740000.0,3162.39,2024-10-21
Coulans-sur-Gée,72096,72550,Maison,234.0,740000.0,3162.39,2024-10-21
Coulans-sur-Gée,72096,72550,Maison,234.0,740000.0,3162.39,2024-10-21
Coulans-sur-Gée,72096,72550,Maison,234.0,740000.0,3162.39,2024-10-21
Montval-sur-Loir,72071,72500,Maison,65.0,120000.0,1846.15,2024-11-06
Le Breil-sur-Mérize,72046,72370,Maison,72.0,122700.0,1704.17,2024-11-06
Spay,72344,72700,Maison,160.0,375000.0,2343.75,2024-11-06
Spay,72344,72700,Maison,160.0,375000.0,2343.75,2024-11-06
Le Mans,72181,72100,Appartement,55.0,91000.0,1654.55,2024-10-25
Cherré-Au,72080,72400,Maison,134.0,309000.0,2305.97,2024-10-30
Cherré-Au,72080,72400,Maison,134.0,309000.0,2305.97,2024-10-30
Melleray,72193,72320,Maison,95.0,90000.0,947.37,2024-11-07
Le Mans,72181,72000,Appartement,52.0,117500.0,2259.62,2024-11-07
Sargé-lès-le-Mans,72328,72190,Maison,135.0,577000.0,4274.07,2024-11-07
Sargé-lès-le-Mans,72328,72190,Maison,135.0,577000.0,4274.07,2024-11-07
Cérans-Foulletourte,72051,72330,Maison,104.0,235000.0,2259.62,2024-11-07
Bousse,72044,72270,Maison,90.0,70000.0,777.78,2024-10-14
Bousse,72044,72270,Maison,90.0,70000.0,777.78,2024-10-14
Sablé-sur-Sarthe,72264,72300,Maison,74.0,130000.0,1756.76,2024-10-23
Saint-Biez-en-Belin,72268,72220,Appartement,63.0,105000.0,1666.67,2024-11-06
Saint-Biez-en-Belin,72268,72220,Appartement,63.0,105000.0,1666.67,2024-11-06
Saint-Biez-en-Belin,72268,72220,Appartement,63.0,105000.0,1666.67,2024-11-06
Saint-Biez-en-Belin,72268,72220,Appartement,63.0,105000.0,1666.67,2024-11-06
Saint-Biez-en-Belin,72268,72220,Appartement,63.0,105000.0,1666.67,2024-11-06
Saint-Biez-en-Belin,72268,72220,Appartement,63.0,105000.0,1666.67,2024-11-06
Roézé-sur-Sarthe,72253,72210,Maison,40.0,20000.0,500.0,2024-10-29
Connerré,72090,72160,Maison,64.0,72900.0,1139.06,2024-10-17
Bazouges Cré sur Loir,72025,72200,Maison,52.0,70000.0,1346.15,2024-10-24
Le Mans,72181,72100,Appartement,83.0,145990.0,1758.92,2024-10-16
Tuffé Val de la Chéronne,72363,72160,Maison,144.0,240000.0,1666.67,2024-10-18
Tuffé Val de la Chéronne,72363,72160,Maison,144.0,240000.0,1666.67,2024-10-18
Gréez-sur-Roc,72144,72320,Maison,72.0,140000.0,1944.44,2024-11-08
Saint-Cosme-en-Vairais,72276,72110,Maison,42.0,30000.0,714.29,2024-10-23
Saint-Léonard-des-Bois,72294,72130,Maison,130.0,220000.0,1692.31,2024-10-31
Saint-Léonard-des-Bois,72294,72130,Maison,130.0,220000.0,1692.31,2024-10-31
Le Mans,72181,72100,Maison,59.0,159000.0,2694.92,2024-11-07
Requeil,72252,72510,Maison,280.0,211000.0,753.57,2024-11-08
Le Mans,72181,72000,Maison,33.0,20000.0,606.06,2024-10-28
Lavardin,72157,72240,Maison,87.0,209900.0,2412.64,2024-10-30
Le Mans,72181,72000,Maison,83.0,180000.0,2168.67,2024-10-14
La Guierche,72147,72380,Maison,54.0,60000.0,1111.11,2024-10-30
La Guierche,72147,72380,Maison,54.0,60000.0,1111.11,2024-10-30
La Guierche,72147,72380,Maison,54.0,60000.0,1111.11,2024-10-30
Clermont-Créans,72084,72200,Maison,80.0,116000.0,1450.0,2024-10-15
Le Mans,72181,72000,Appartement,40.0,300000.0,7500.0,2024-10-30
Mézeray,72195,72270,Maison,198.0,200000.0,1010.1,2024-10-15
Mézeray,72195,72270,Maison,198.0,200000.0,1010.1,2024-10-15
Le Mans,72181,72100,Maison,52.0,140000.0,2692.31,2024-10-14
Le Mans,72181,72100,Maison,52.0,140000.0,2692.31,2024-10-14
Bazouges Cré sur Loir,72025,72200,Maison,104.0,260000.0,2500.0,2024-10-23
Précigné,72244,72300,Maison,103.0,210000.0,2038.83,2024-11-06
Précigné,72244,72300,Maison,103.0,210000.0,2038.83,2024-11-06
Villeneuve-en-Perseigne,72137,72610,Maison,78.0,120000.0,1538.46,2024-11-07
Villeneuve-en-Perseigne,72137,72610,Maison,78.0,120000.0,1538.46,2024-11-07
Vezot,72372,72600,Maison,53.0,55000.0,1037.74,2024-10-25
Vezot,72372,72600,Maison,53.0,55000.0,1037.74,2024-10-25
Vezot,72372,72600,Maison,53.0,55000.0,1037.74,2024-10-25
Vezot,72372,72600,Maison,53.0,55000.0,1037.74,2024-10-25
Tresson,72361,72440,Maison,69.0,75000.0,1086.96,2024-11-08
Le Mans,72181,72000,Appartement,21.0,60000.0,2857.14,2024-11-06
Montval-sur-Loir,72071,72500,Maison,90.0,27500.0,305.56,2024-11-08
Fresnay-sur-Sarthe,72138,72130,Maison,89.0,120000.0,1348.31,2024-11-12
Allonnes,72003,72700,Appartement,80.0,87000.0,1087.5,2024-11-05
Le Mans,72181,72000,Appartement,65.0,105000.0,1615.38,2024-11-07
Maisoncelles,72178,72440,Maison,80.0,76000.0,950.0,2024-11-04
Assé-le-Riboul,72012,72170,Maison,191.0,52000.0,272.25,2024-11-08
Lhomme,72161,72340,Maison,94.0,190000.0,2021.28,2024-11-09
Lhomme,72161,72340,Maison,94.0,190000.0,2021.28,2024-11-09
Bonnétable,72039,72110,Maison,145.0,245000.0,1689.66,2024-10-29
Bonnétable,72039,72110,Maison,145.0,245000.0,1689.66,2024-10-29
Voivres-lès-le-Mans,72381,72210,Maison,367.0,765000.0,2084.47,2024-11-07
Voivres-lès-le-Mans,72381,72210,Maison,367.0,765000.0,2084.47,2024-11-07
Saint-Georges-du-Bois,72280,72700,Maison,150.0,257000.0,1713.33,2024-11-05
Parcé-sur-Sarthe,72228,72300,Maison,111.0,170000.0,1531.53,2024-10-30
Contilly,72091,72600,Maison,93.0,200000.0,2150.54,2024-10-28
Contilly,72091,72600,Maison,93.0,200000.0,2150.54,2024-10-28
Degré,72113,72550,Maison,117.0,100000.0,854.7,2024-11-06
Jauzé,72148,72110,Maison,70.0,140000.0,2000.0,2024-11-06
Château-l'Hermitage,72072,72510,Maison,45.0,45000.0,1000.0,2024-11-07
Le Lude,72176,72800,Maison,190.0,194000.0,1021.05,2024-10-25
Le Lude,72176,72800,Maison,190.0,194000.0,1021.05,2024-10-25
Le Lude,72176,72800,Maison,190.0,194000.0,1021.05,2024-10-25
Saint-Calais,72269,72120,Maison,64.0,35000.0,546.88,2024-10-29
Changé,72058,72560,Maison,66.0,168900.0,2559.09,2024-11-07
Le Mans,72181,72100,Appartement,83.0,75000.0,903.61,2024-11-06
Le Mans,72181,72100,Appartement,71.0,104000.0,1464.79,2024-11-04
Le Mans,72181,72000,Maison,108.0,233200.0,2159.26,2024-11-06
Assé-le-Riboul,72012,72170,Maison,51.0,20000.0,392.16,2024-10-25
Le Mans,72181,72000,Appartement,54.0,147000.0,2722.22,2024-11-08
Le Mans,72181,72000,Appartement,104.0,215000.0,2067.31,2024-10-29
Saint-Corneille,72275,72460,Maison,87.0,170000.0,1954.02,2024-10-28
Saint-Corneille,72275,72460,Maison,87.0,170000.0,1954.02,2024-10-28
Le Mans,72181,72000,Maison,160.0,455000.0,2843.75,2024-11-12
Val d'Étangson,72128,72120,Maison,81.0,70000.0,864.2,2024-11-07
Oizé,72226,72330,Maison,30.0,24000.0,800.0,2024-11-12
Oizé,72226,72330,Maison,30.0,24000.0,800.0,2024-11-12
Oizé,72226,72330,Maison,30.0,24000.0,800.0,2024-11-12
La Guierche,72147,72380,Maison,162.0,280000.0,1728.4,2024-10-29
La Guierche,72147,72380,Maison,162.0,280000.0,1728.4,2024-10-29
Le Mans,72181,72000,Maison,70.0,95000.0,1357.14,2024-10-29
Aubigné-Racan,72013,72800,Maison,65.0,336000.0,5169.23,2024-10-28
Aubigné-Racan,72013,72800,Maison,200.0,336000.0,1680.0,2024-10-28
Vaas,72364,72500,Maison,90.0,60000.0,666.67,2024-10-30
Avesnes-en-Saosnois,72018,72260,Maison,46.0,39000.0,847.83,2024-10-22
Le Mans,72181,72000,Maison,112.0,280000.0,2500.0,2024-11-05
Allonnes,72003,72700,Maison,161.0,235000.0,1459.63,2024-11-07
Allonnes,72003,72700,Maison,50.0,235000.0,4700.0,2024-11-07
Allonnes,72003,72700,Maison,161.0,235000.0,1459.63,2024-11-07
Allonnes,72003,72700,Maison,50.0,235000.0,4700.0,2024-11-07
Allonnes,72003,72700,Maison,115.0,227000.0,1973.91,2024-11-08
Le Mans,72181,72000,Maison,66.0,182000.0,2757.58,2024-11-13
Sargé-lès-le-Mans,72328,72190,Maison,92.0,265000.0,2880.43,2024-10-24
Auvers-le-Hamon,72016,72300,Maison,62.0,59000.0,951.61,2024-11-12
Sargé-lès-le-Mans,72328,72190,Maison,202.0,305000.0,1509.9,2024-11-06
Savigné-l'Évêque,72329,72460,Maison,90.0,138000.0,1533.33,2024-10-31
Teloché,72350,72220,Maison,154.0,250000.0,1623.38,2024-10-31
Teloché,72350,72220,Maison,154.0,250000.0,1623.38,2024-10-31
Le Mans,72181,72000,Appartement,59.0,160000.0,2711.86,2024-10-25
Le Mans,72181,72000,Appartement,72.0,160000.0,2222.22,2024-10-25
Le Mans,72181,72100,Appartement,52.0,70000.0,1346.15,2024-10-25
Le Mans,72181,72000,Appartement,44.0,97000.0,2204.55,2024-11-05
Le Mans,72181,72100,Maison,71.0,82000.0,1154.93,2024-11-04
Savigné-l'Évêque,72329,72460,Maison,160.0,248000.0,1550.0,2024-10-23
Savigné-l'Évêque,72329,72460,Maison,160.0,248000.0,1550.0,2024-10-23
Noyen-sur-Sarthe,72223,72430,Maison,80.0,120000.0,1500.0,2024-10-31
Noyen-sur-Sarthe,72223,72430,Maison,84.0,155000.0,1845.24,2024-10-31
Noyen-sur-Sarthe,72223,72430,Maison,84.0,155000.0,1845.24,2024-10-31
La Chapelle-d'Aligné,72061,72300,Maison,80.0,219000.0,2737.5,2024-11-06
La Chapelle-d'Aligné,72061,72300,Maison,80.0,219000.0,2737.5,2024-11-06
Le Mans,72181,72000,Maison,66.0,110000.0,1666.67,2024-11-06
Brûlon,72050,72350,Appartement,82.0,55000.0,670.73,2024-10-31
Poillé-sur-Vègre,72239,72350,Maison,49.0,50000.0,1020.41,2024-10-31
Le Mans,72181,72000,Appartement,72.0,155000.0,2152.78,2024-11-05
Yvré-l'Évêque,72386,72530,Maison,92.0,260000.0,2826.09,2024-10-25
Yvré-l'Évêque,72386,72530,Maison,92.0,260000.0,2826.09,2024-10-25
Le Mans,72181,72000,Maison,80.0,153000.0,1912.5,2024-10-28
La Suze-sur-Sarthe,72346,72210,Maison,128.0,230000.0,1796.88,2024-10-31
Saint-Ouen-en-Belin,72306,72220,Maison,90.0,150000.0,1666.67,2024-11-08
Pezé-le-Robert,72234,72140,Maison,202.0,154707.9,765.88,2024-10-29
Le Mans,72181,72000,Appartement,20.0,63000.0,3150.0,2024-10-31
Le Mans,72181,72100,Maison,62.0,162000.0,2612.9,2024-11-13
Le Mans,72181,72100,Maison,69.0,134500.0,1949.28,2024-10-22
Loir en Vallée,72262,72340,Maison,77.0,46000.0,597.4,2024-11-12
Le Mans,72181,72000,Appartement,60.0,185000.0,3083.33,2024-11-07
Le Mans,72181,72000,Appartement,63.0,128000.0,2031.75,2024-11-12
Saint-Jean-d'Assé,72290,72380,Maison,126.0,212000.0,1682.54,2024-10-29
Saint-Jean-d'Assé,72290,72380,Maison,126.0,212000.0,1682.54,2024-10-29
Oizé,72226,72330,Maison,122.0,138500.0,1135.25,2024-11-08
Le Mans,72181,72000,Appartement,28.0,715000.0,25535.71,2024-10-25
Le Mans,72181,72000,Appartement,28.0,715000.0,25535.71,2024-10-25
Le Mans,72181,72000,Appartement,44.0,715000.0,16250.0,2024-10-25
Le Mans,72181,72000,Appartement,41.0,715000.0,17439.02,2024-10-25
Le Mans,72181,72000,Appartement,34.0,715000.0,21029.41,2024-10-25
Le Mans,72181,72000,Appartement,72.0,715000.0,9930.56,2024-10-25
Le Mans,72181,72000,Appartement,27.0,715000.0,26481.48,2024-10-25
Le Mans,72181,72000,Appartement,32.0,715000.0,22343.75,2024-10-25
Le Mans,72181,72000,Appartement,28.0,715000.0,25535.71,2024-10-25
Le Mans,72181,72000,Appartement,44.0,715000.0,16250.0,2024-10-25
Le Mans,72181,72000,Appartement,42.0,715000.0,17023.81,2024-10-25
Le Mans,72181,72000,Appartement,51.0,715000.0,14019.61,2024-10-25
Le Mans,72181,72000,Appartement,49.0,715000.0,14591.84,2024-10-25
Le Mans,72181,72000,Appartement,47.0,126400.0,2689.36,2024-10-25
Vibraye,72373,72320,Maison,70.0,75000.0,1071.43,2024-11-08
Vibraye,72373,72320,Maison,70.0,75000.0,1071.43,2024-11-08
Bonnétable,72039,72110,Maison,67.0,46185.6,689.34,2024-11-06
Bonnétable,72039,72110,Maison,67.0,46185.6,689.34,2024-11-06
Saint-Ouen-en-Belin,72306,72220,Maison,85.0,76000.0,894.12,2024-11-13
Saint-Ouen-en-Belin,72306,72220,Maison,85.0,76000.0,894.12,2024-11-13
Rouessé-Vassé,72255,72140,Maison,152.0,170000.0,1118.42,2024-10-30
Le Mans,72181,72000,Appartement,95.0,175000.0,1842.11,2024-10-31
Coulaines,72095,72190,Maison,77.0,180000.0,2337.66,2024-11-07
Vallon-sur-Gée,72367,72540,Maison,252.0,200000.0,793.65,2024-11-04
Vallon-sur-Gée,72367,72540,Maison,252.0,200000.0,793.65,2024-11-04
Vallon-sur-Gée,72367,72540,Maison,252.0,200000.0,793.65,2024-11-04
Vallon-sur-Gée,72367,72540,Maison,252.0,200000.0,793.65,2024-11-04
Le Mans,72181,72000,Appartement,21.0,176000.0,8380.95,2024-10-31
Le Mans,72181,72000,Appartement,25.0,176000.0,7040.0,2024-10-31
Le Mans,72181,72000,Appartement,30.0,176000.0,5866.67,2024-10-31
Le Mans,72181,72000,Appartement,30.0,176000.0,5866.67,2024-10-31
Bouloire,72042,72440,Maison,239.0,325000.0,1359.83,2024-11-07
Surfonds,72345,72370,Maison,79.0,117000.0,1481.01,2024-10-31
Arnage,72008,72230,Maison,92.0,242000.0,2630.43,2024-10-31
Parigné-le-Pôlin,72230,72330,Maison,153.0,245000.0,1601.31,2024-11-09
Parigné-le-Pôlin,72230,72330,Maison,153.0,245000.0,1601.31,2024-11-09
Le Mans,72181,72000,Maison,73.0,180000.0,2465.75,2024-10-29
Le Mans,72181,72000,Maison,73.0,180000.0,2465.75,2024-10-29
Le Mans,72181,72000,Maison,73.0,180000.0,2465.75,2024-10-29
Ségrie,72332,72170,Maison,64.0,85000.0,1328.12,2024-10-29
Sargé-lès-le-Mans,72328,72190,Maison,158.0,340000.0,2151.9,2024-11-12
Livet-en-Saosnois,72164,72610,Maison,88.0,106000.0,1204.55,2024-10-31
Livet-en-Saosnois,72164,72610,Maison,88.0,106000.0,1204.55,2024-10-31
Rouillon,72257,72700,Maison,210.0,340000.0,1619.05,2024-11-04
Saint-Calais,72269,72120,Maison,61.0,92000.0,1508.2,2024-11-06
Ballon-Saint Mars,72023,72290,Maison,96.0,111000.0,1156.25,2024-11-08
Ballon-Saint Mars,72023,72290,Maison,96.0,111000.0,1156.25,2024-11-08
Duneau,72122,72160,Maison,96.0,57000.0,593.75,2024-11-07
Duneau,72122,72160,Maison,96.0,57000.0,593.75,2024-11-07
Le Mans,72181,72000,Maison,72.0,130000.0,1805.56,2024-10-28
Le Mans,72181,72000,Appartement,32.0,71000.0,2218.75,2024-10-31
Gesnes-le-Gandelin,72141,72130,Maison,100.0,113000.0,1130.0,2024-10-28
Gesnes-le-Gandelin,72141,72130,Maison,100.0,113000.0,1130.0,2024-10-28
Le Mans,72181,72100,Appartement,67.0,95990.0,1432.69,2024-10-28
Coulaines,72095,72190,Maison,72.0,161000.0,2236.11,2024-11-07
Ballon-Saint Mars,72023,72290,Maison,54.0,60000.0,1111.11,2024-10-29
Ballon-Saint Mars,72023,72290,Maison,54.0,60000.0,1111.11,2024-10-29
Le Mans,72181,72100,Maison,56.0,115000.0,2053.57,2024-11-08
Mansigné,72182,72510,Maison,86.0,110000.0,1279.07,2024-11-08
Mansigné,72182,72510,Maison,86.0,110000.0,1279.07,2024-11-08
Le Mans,72181,72100,Maison,75.0,182400.0,2432.0,2024-10-25
Aubigné-Racan,72013,72800,Maison,90.0,120000.0,1333.33,2024-11-08
Aubigné-Racan,72013,72800,Maison,114.0,92000.0,807.02,2024-11-14
Sablé-sur-Sarthe,72264,72300,Maison,84.0,164000.0,1952.38,2024-10-25
Solesmes,72336,72300,Maison,83.0,190000.0,2289.16,2024-10-31
Solesmes,72336,72300,Maison,88.0,190000.0,2159.09,2024-10-31
Le Mans,72181,72000,Appartement,69.0,163850.0,2374.64,2024-10-18
Lavardin,72157,72240,Maison,86.0,213000.0,2476.74,2024-10-31
Lavardin,72157,72240,Maison,86.0,213000.0,2476.74,2024-10-31
Nogent-le-Bernard,72220,72110,Maison,60.0,50000.0,833.33,2024-11-04
Mayet,72191,72360,Maison,51.0,59000.0,1156.86,2024-11-14
Vibraye,72373,72320,Maison,78.0,192500.0,2467.95,2024-11-06
Bonnétable,72039,72110,Maison,66.0,65000.0,984.85,2024-11-15
Mamers,72180,72600,Maison,88.0,115000.0,1306.82,2024-11-06
Vezot,72372,72600,Maison,70.0,45000.0,642.86,2024-11-04
Aubigné-Racan,72013,72800,Maison,48.0,62000.0,1291.67,2024-11-05
Saint-Marceau,72297,72170,Maison,142.0,240000.0,1690.14,2024-10-28
Saint-Marceau,72297,72170,Maison,142.0,240000.0,1690.14,2024-10-28
Le Mans,72181,72100,Maison,98.0,240000.0,2448.98,2024-10-28
Duneau,72122,72160,Maison,111.0,189000.0,1702.7,2024-11-15
Contilly,72091,72600,Maison,157.0,92000.0,585.99,2024-11-12
Mamers,72180,72600,Maison,54.0,55000.0,1018.52,2024-10-30
Le Mans,72181,72000,Appartement,83.0,215000.0,2590.36,2024-11-13
Le Mans,72181,72000,Maison,72.0,164500.0,2284.72,2024-11-07
Mézières-sous-Lavardin,72197,72240,Maison,75.0,54000.0,720.0,2024-11-15
Mézières-sous-Lavardin,72197,72240,Maison,75.0,54000.0,720.0,2024-11-15
La Bazoge,72024,72650,Maison,124.0,245000.0,1975.81,2024-11-15
La Bazoge,72024,72650,Maison,124.0,245000.0,1975.81,2024-11-15
Arçonnay,72006,72610,Maison,71.0,80000.0,1126.76,2024-11-09
Le Mans,72181,72000,Maison,71.0,222000.0,3126.76,2024-11-13
La Flèche,72154,72200,Maison,100.0,145000.0,1450.0,2024-10-31
La Suze-sur-Sarthe,72346,72210,Maison,96.0,140000.0,1458.33,2024-11-12
Joué-l'Abbé,72150,72380,Maison,141.0,163000.0,1156.03,2024-11-15
Le Mans,72181,72000,Maison,89.0,197000.0,2213.48,2024-11-04
Nogent-sur-Loir,72221,72500,Maison,30.0,85000.0,2833.33,2024-11-12
Bazouges Cré sur Loir,72025,72200,Maison,108.0,185000.0,1712.96,2024-11-06
Bazouges Cré sur Loir,72025,72200,Maison,108.0,185000.0,1712.96,2024-11-06
Bazouges Cré sur Loir,72025,72200,Maison,90.0,210000.0,2333.33,2024-10-24
Bazouges Cré sur Loir,72025,72200,Maison,90.0,210000.0,2333.33,2024-10-24
Le Mans,72181,72100,Appartement,88.0,124000.0,1409.09,2024-11-15
Le Mans,72181,72100,Maison,64.0,100000.0,1562.5,2024-11-13
Vallon-sur-Gée,72367,72540,Maison,156.0,262000.0,1679.49,2024-10-31
Vallon-sur-Gée,72367,72540,Maison,156.0,262000.0,1679.49,2024-10-31
Joué-l'Abbé,72150,72380,Maison,113.0,200000.0,1769.91,2024-11-08
Joué-l'Abbé,72150,72380,Maison,113.0,200000.0,1769.91,2024-11-08
Ballon-Saint Mars,72023,72290,Maison,49.0,107000.0,2183.67,2024-10-31
Ballon-Saint Mars,72023,72290,Maison,49.0,107000.0,2183.67,2024-10-31
Loir en Vallée,72262,72340,Maison,93.0,67000.0,720.43,2024-10-31
Précigné,72244,72300,Maison,183.0,105000.0,573.77,2024-10-17
Rouessé-Vassé,72255,72140,Maison,72.0,59000.0,819.44,2024-11-18
Parcé-sur-Sarthe,72228,72300,Maison,118.0,145000.0,1228.81,2024-10-23
Arthezé,72009,72270,Maison,93.0,115000.0,1236.56,2024-10-31
Arthezé,72009,72270,Maison,93.0,115000.0,1236.56,2024-10-31
Teillé,72349,72290,Maison,95.0,92000.0,968.42,2024-10-31
Épineu-le-Chevreuil,72126,72540,Maison,40.0,40000.0,1000.0,2024-11-18
Le Mans,72181,72000,Appartement,66.0,90000.0,1363.64,2024-11-15
La Suze-sur-Sarthe,72346,72210,Maison,73.0,129570.0,1774.93,2024-11-18
Neuville-sur-Sarthe,72217,72190,Maison,137.0,248000.0,1810.22,2024-11-12
Solesmes,72336,72300,Maison,63.0,100000.0,1587.3,2024-11-04
Le Mans,72181,72000,Maison,130.0,315000.0,2423.08,2024-11-12
Tuffé Val de la Chéronne,72363,72160,Maison,78.0,117000.0,1500.0,2024-11-16
Auvers-le-Hamon,72016,72300,Maison,97.0,131200.0,1352.58,2024-10-24
Le Mans,72181,72100,Appartement,67.0,85000.0,1268.66,2024-10-31
Allonnes,72003,72700,Maison,79.0,118300.0,1497.47,2024-11-08
Parigné-l'Évêque,72231,72250,Maison,93.0,190000.0,2043.01,2024-10-29
Parigné-l'Évêque,72231,72250,Maison,93.0,190000.0,2043.01,2024-10-29
Saint-Pavace,72310,72190,Maison,30.0,290000.0,9666.67,2024-11-06
Saint-Pavace,72310,72190,Maison,30.0,290000.0,9666.67,2024-11-06
Saint-Pavace,72310,72190,Maison,104.0,290000.0,2788.46,2024-11-06
Saint-Pavace,72310,72190,Maison,104.0,290000.0,2788.46,2024-11-06
Le Mans,72181,72000,Maison,40.0,68000.0,1700.0,2024-11-18
Assé-le-Riboul,72012,72170,Maison,16.0,143530.0,8970.62,2024-11-14
Assé-le-Riboul,72012,72170,Maison,109.0,143530.0,1316.79,2024-11-14
Cérans-Foulletourte,72051,72330,Maison,132.0,189000.0,1431.82,2024-11-12
Beaumont-sur-Sarthe,72029,72170,Maison,69.0,51500.0,746.38,2024-11-06
Le Luart,72172,72390,Maison,90.0,175000.0,1944.44,2024-11-16
Le Luart,72172,72390,Maison,90.0,175000.0,1944.44,2024-11-16
Le Luart,72172,72390,Maison,90.0,175000.0,1944.44,2024-11-16
Le Luart,72172,72390,Maison,90.0,175000.0,1944.44,2024-11-16
Mansigné,72182,72510,Maison,59.0,25000.0,423.73,2024-11-15
Souligné-Flacé,72339,72210,Maison,70.0,135000.0,1928.57,2024-10-17
Souligné-Flacé,72339,72210,Maison,70.0,135000.0,1928.57,2024-10-17
Sablé-sur-Sarthe,72264,72300,Appartement,29.0,32000.0,1103.45,2024-11-15
Loué,72168,72540,Maison,97.0,160000.0,1649.48,2024-10-25
Montfort-le-Gesnois,72241,72450,Maison,138.0,67000.0,485.51,2024-11-14
Allonnes,72003,72700,Appartement,64.0,85000.0,1328.12,2024-11-13
Rouillon,72257,72700,Maison,82.0,200350.0,2443.29,2024-11-07
Allonnes,72003,72700,Appartement,70.0,51500.0,735.71,2024-11-13
Le Mans,72181,72000,Appartement,16.0,130000.0,8125.0,2024-11-08
Le Mans,72181,72000,Appartement,16.0,130000.0,8125.0,2024-11-08
Vion,72378,72300,Maison,153.0,170000.0,1111.11,2024-10-29
Brette-les-Pins,72047,72250,Maison,119.0,225000.0,1890.76,2024-10-21
Connerré,72090,72160,Maison,57.0,70000.0,1228.07,2024-11-04
Connerré,72090,72160,Maison,70.0,56000.0,800.0,2024-11-12
Teloché,72350,72220,Maison,86.0,190000.0,2209.3,2024-11-18
Le Mans,72181,72000,Appartement,16.0,50110.0,3131.88,2024-11-14
Le Breil-sur-Mérize,72046,72370,Maison,103.0,171300.0,1663.11,2024-11-18
Parigné-l'Évêque,72231,72250,Maison,127.0,210000.0,1653.54,2024-11-19
Saint-Saturnin,72320,72650,Appartement,25.0,775000.0,31000.0,2024-10-28
Juillé,72152,72170,Maison,90.0,31924.0,354.71,2024-11-05
Juillé,72152,72170,Maison,90.0,31924.0,354.71,2024-11-05
Saint-Jean-d'Assé,72290,72380,Maison,140.0,245000.0,1750.0,2024-11-07
Le Mans,72181,72000,Maison,92.0,14700.0,159.78,2024-11-04
Le Mans,72181,72000,Maison,50.0,14700.0,294.0,2024-11-04
Parigné-l'Évêque,72231,72250,Maison,84.0,169500.0,2017.86,2024-11-08
Parigné-l'Évêque,72231,72250,Maison,84.0,169500.0,2017.86,2024-11-08
Saint-Célerin,72271,72110,Maison,138.0,155000.0,1123.19,2024-10-30
Laigné-en-Belin,72155,72220,Maison,129.0,210000.0,1627.91,2024-10-31
Laigné-en-Belin,72155,72220,Maison,129.0,210000.0,1627.91,2024-10-31
Parigné-l'Évêque,72231,72250,Maison,100.0,195200.0,1952.0,2024-10-21
La Suze-sur-Sarthe,72346,72210,Maison,56.0,105000.0,1875.0,2024-11-19
Louplande,72169,72210,Maison,85.0,205000.0,2411.76,2024-11-19
Arnage,72008,72230,Maison,77.0,138700.0,1801.3,2024-11-08
Parigné-l'Évêque,72231,72250,Maison,128.0,325000.0,2539.06,2024-10-21
Parigné-l'Évêque,72231,72250,Maison,128.0,325000.0,2539.06,2024-10-21
Le Mans,72181,72000,Maison,82.0,170000.0,2073.17,2024-11-18
La Flèche,72154,72200,Appartement,75.0,272000.0,3626.67,2024-11-04
La Flèche,72154,72200,Appartement,55.0,272000.0,4945.45,2024-11-04
La Flèche,72154,72200,Appartement,25.0,272000.0,10880.0,2024-11-04
Le Mans,72181,72100,Maison,60.0,113800.0,1896.67,2024-11-15
Saint-Saturnin,72320,72650,Maison,121.0,229500.0,1896.69,2024-11-08
Champagné,72054,72470,Maison,73.0,80000.0,1095.89,2024-10-30
Saint-Corneille,72275,72460,Maison,41.0,62500.0,1524.39,2024-11-06
Saint-Mars-la-Brière,72300,72470,Maison,69.0,90000.0,1304.35,2024-11-12
Verneil-le-Chétif,72369,72360,Maison,131.0,170000.0,1297.71,2024-11-13
Montval-sur-Loir,72071,72500,Maison,150.0,200000.0,1333.33,2024-11-16
Montval-sur-Loir,72071,72500,Maison,150.0,200000.0,1333.33,2024-11-16
Montval-sur-Loir,72071,72500,Maison,98.0,80000.0,816.33,2024-11-13
Le Lude,72176,72800,Maison,143.0,180000.0,1258.74,2024-11-19
Bouloire,72042,72440,Maison,96.0,89000.0,927.08,2024-11-05
Lavernat,72160,72500,Maison,70.0,250000.0,3571.43,2024-11-19
Lavernat,72160,72500,Maison,70.0,250000.0,3571.43,2024-11-19
Lavernat,72160,72500,Maison,70.0,250000.0,3571.43,2024-11-19
Lavernat,72160,72500,Maison,70.0,250000.0,3571.43,2024-11-19
Le Lude,72176,72800,Maison,170.0,130000.0,764.71,2024-11-20
Saint-Michel-de-Chavaignes,72303,72440,Maison,78.0,55000.0,705.13,2024-11-12
Mamers,72180,72600,Maison,155.0,171000.0,1103.23,2024-11-15
Conlie,72089,72240,Maison,96.0,32500.0,338.54,2024-11-21
Dollon,72118,72390,Maison,65.0,74503.0,1146.2,2024-11-07
Brette-les-Pins,72047,72250,Maison,130.0,234990.0,1807.62,2024-10-25
Le Mans,72181,72000,Maison,90.0,174000.0,1933.33,2024-10-28
La Ferté-Bernard,72132,72400,Appartement,22.0,245000.0,11136.36,2024-11-12
La Ferté-Bernard,72132,72400,Appartement,22.0,245000.0,11136.36,2024-11-12
La Ferté-Bernard,72132,72400,Appartement,22.0,245000.0,11136.36,2024-11-12
La Ferté-Bernard,72132,72400,Appartement,22.0,245000.0,11136.36,2024-11-12
La Ferté-Bernard,72132,72400,Appartement,17.0,245000.0,14411.76,2024-11-12
La Ferté-Bernard,72132,72400,Appartement,34.0,245000.0,7205.88,2024-11-12
La Ferté-Bernard,72132,72400,Appartement,25.0,245000.0,9800.0,2024-11-12
Mamers,72180,72600,Maison,86.0,51000.0,593.02,2024-11-08
Le Mans,72181,72000,Maison,96.0,187000.0,1947.92,2024-11-15
Le Mans,72181,72100,Maison,80.0,151000.0,1887.5,2024-11-18
Valennes,72366,72320,Maison,145.0,80000.0,551.72,2024-11-15
Vibraye,72373,72320,Maison,76.0,130000.0,1710.53,2024-11-15
Volnay,72382,72440,Maison,137.0,185000.0,1350.36,2024-11-15
Saint-Michel-de-Chavaignes,72303,72440,Maison,90.0,81000.0,900.0,2024-11-07
Le Mans,72181,72000,Appartement,31.0,73000.0,2354.84,2024-11-13
Saint-Rémy-de-Sillé,72315,72140,Maison,90.0,20000.0,222.22,2024-11-04
La Ferté-Bernard,72132,72400,Maison,76.0,135000.0,1776.32,2024-11-06
Boëssé-le-Sec,72038,72400,Maison,76.0,84726.0,1114.82,2024-11-20
Vancé,72368,72310,Maison,97.0,55000.0,567.01,2024-11-12
Vancé,72368,72310,Maison,97.0,55000.0,567.01,2024-11-12
Vancé,72368,72310,Maison,97.0,55000.0,567.01,2024-11-12
Pezé-le-Robert,72234,72140,Maison,50.0,50000.0,1000.0,2024-11-21
Pezé-le-Robert,72234,72140,Maison,50.0,50000.0,1000.0,2024-11-21
Le Mans,72181,72100,Maison,64.0,180000.0,2812.5,2024-11-15
Sablé-sur-Sarthe,72264,72300,Appartement,73.0,83000.0,1136.99,2024-11-04
Le Mans,72181,72000,Maison,55.0,194927.0,3544.13,2024-11-12
Saint-Ouen-de-Mimbré,72305,72130,Maison,98.0,118000.0,1204.08,2024-11-19
Sougé-le-Ganelon,72337,72130,Maison,78.0,60000.0,769.23,2024-11-07
Sougé-le-Ganelon,72337,72130,Maison,78.0,60000.0,769.23,2024-11-07
La Flèche,72154,72200,Maison,131.0,137000.0,1045.8,2024-11-20
La Flèche,72154,72200,Maison,131.0,137000.0,1045.8,2024-11-20
Saint-Georges-le-Gaultier,72282,72130,Maison,83.0,117900.0,1420.48,2024-11-13
Saint-Georges-le-Gaultier,72282,72130,Maison,83.0,117900.0,1420.48,2024-11-13
Mamers,72180,72600,Maison,68.0,105000.0,1544.12,2024-11-21
Lhomme,72161,72340,Maison,66.0,101000.0,1530.3,2024-11-21
Le Mans,72181,72000,Appartement,25.0,69000.0,2760.0,2024-11-21
Neuville-sur-Sarthe,72217,72190,Maison,79.0,70000.0,886.08,2024-11-06
Neuville-sur-Sarthe,72217,72190,Maison,79.0,70000.0,886.08,2024-11-06
Beillé,72031,72160,Maison,67.0,55000.0,820.9,2024-11-22
Beillé,72031,72160,Maison,67.0,55000.0,820.9,2024-11-22
Neuville-sur-Sarthe,72217,72190,Maison,56.0,110000.0,1964.29,2024-11-20
Cérans-Foulletourte,72051,72330,Maison,41.0,98000.0,2390.24,2024-11-18
Le Mans,72181,72000,Maison,38.0,72000.0,1894.74,2024-11-19
Marigné-Laillé,72187,72220,Maison,90.0,178000.0,1977.78,2024-11-20
Allonnes,72003,72700,Appartement,55.0,86500.0,1572.73,2024-11-21
Arnage,72008,72230,Maison,61.0,197000.0,3229.51,2024-11-21
Parennes,72229,72140,Maison,60.0,18000.0,300.0,2024-11-20
Chemiré-en-Charnie,72074,72540,Maison,71.0,70000.0,985.92,2024-11-19
Allonnes,72003,72700,Maison,81.0,106500.0,1314.81,2024-11-18
Vernie,72370,72170,Maison,78.0,50000.0,641.03,2024-11-22
La Suze-sur-Sarthe,72346,72210,Maison,76.0,90000.0,1184.21,2024-11-21
Le Mans,72181,72100,Maison,66.0,110000.0,1666.67,2024-11-18
Teloché,72350,72220,Maison,114.0,110000.0,964.91,2024-11-22
Teloché,72350,72220,Maison,114.0,110000.0,964.91,2024-11-22
Saint-Pierre-des-Ormes,72313,72600,Maison,101.0,150000.0,1485.15,2024-11-18
Saint-Pierre-des-Ormes,72313,72600,Maison,101.0,150000.0,1485.15,2024-11-18
Saint-Pierre-des-Ormes,72313,72600,Maison,101.0,150000.0,1485.15,2024-11-18
Le Mans,72181,72100,Appartement,65.0,76500.0,1176.92,2024-11-22
Roézé-sur-Sarthe,72253,72210,Maison,96.0,219000.0,2281.25,2024-11-20
Roézé-sur-Sarthe,72253,72210,Maison,96.0,219000.0,2281.25,2024-11-20
Cérans-Foulletourte,72051,72330,Maison,80.0,150000.0,1875.0,2024-11-12
La Bazoge,72024,72650,Maison,80.0,203500.0,2543.75,2024-11-04
Teloché,72350,72220,Maison,88.0,169000.0,1920.45,2024-11-23
Écommoy,72124,72220,Maison,114.0,90000.0,789.47,2024-11-22
Le Mans,72181,72000,Appartement,76.0,120000.0,1578.95,2024-11-22
La Ferté-Bernard,72132,72400,Appartement,51.0,280000.0,5490.2,2024-11-08
La Ferté-Bernard,72132,72400,Appartement,54.0,280000.0,5185.19,2024-11-08
La Ferté-Bernard,72132,72400,Appartement,37.0,280000.0,7567.57,2024-11-08
Le Mans,72181,72000,Appartement,18.0,61650.0,3425.0,2024-11-07
La Ferté-Bernard,72132,72400,Maison,74.0,165000.0,2229.73,2024-11-20
Le Mans,72181,72000,Appartement,18.0,65640.0,3646.67,2024-10-30
Vibraye,72373,72320,Maison,63.0,70000.0,1111.11,2024-11-18
La Ferté-Bernard,72132,72400,Maison,97.0,160000.0,1649.48,2024-11-15
Neuvillalais,72216,72240,Maison,98.0,130000.0,1326.53,2024-11-14
Aubigné-Racan,72013,72800,Maison,80.0,89900.0,1123.75,2024-11-23
Neuville-sur-Sarthe,72217,72190,Maison,259.0,489000.0,1888.03,2024-10-29
Neuville-sur-Sarthe,72217,72190,Maison,259.0,489000.0,1888.03,2024-10-29
Saint-Ouen-en-Belin,72306,72220,Maison,101.0,165000.0,1633.66,2024-11-20
Saint-Ouen-en-Belin,72306,72220,Maison,101.0,165000.0,1633.66,2024-11-20
Sainte-Jamme-sur-Sarthe,72289,72380,Maison,82.0,166000.0,2024.39,2024-11-07
La Suze-sur-Sarthe,72346,72210,Maison,70.0,130000.0,1857.14,2024-11-19
Fay,72130,72550,Maison,182.0,120000.0,659.34,2024-11-20
Précigné,72244,72300,Maison,82.0,160000.0,1951.22,2024-10-30
Yvré-l'Évêque,72386,72530,Maison,149.0,361000.0,2422.82,2024-11-25
Yvré-l'Évêque,72386,72530,Maison,149.0,361000.0,2422.82,2024-11-25
Montfort-le-Gesnois,72241,72450,Maison,80.0,120000.0,1500.0,2024-11-18
Bonnétable,72039,72110,Maison,82.0,132000.0,1609.76,2024-11-20
Le Mans,72181,72100,Appartement,76.0,80000.0,1052.63,2024-11-22
Vivoin,72380,72170,Maison,64.0,76000.0,1187.5,2024-11-19
Vivoin,72380,72170,Maison,64.0,76000.0,1187.5,2024-11-19
Vivoin,72380,72170,Maison,64.0,76000.0,1187.5,2024-11-19
La Flèche,72154,72200,Appartement,50.0,90000.0,1800.0,2024-11-22
Juigné-sur-Sarthe,72151,72300,Maison,102.0,100000.0,980.39,2024-10-29
Brûlon,72050,72350,Maison,102.0,150000.0,1470.59,2024-11-12
Le Mans,72181,72100,Maison,84.0,150000.0,1785.71,2024-11-25
Souligné-Flacé,72339,72210,Maison,140.0,235000.0,1678.57,2024-11-22
Allonnes,72003,72700,Appartement,71.0,66000.0,929.58,2024-11-25
Allonnes,72003,72700,Appartement,80.0,66000.0,825.0,2024-11-25
Le Mans,72181,72000,Maison,65.0,178500.0,2746.15,2024-11-08
Le Mans,72181,72000,Maison,96.0,100000.0,1041.67,2024-10-29
Le Mans,72181,72100,Appartement,97.0,105000.0,1082.47,2024-11-20
La Flèche,72154,72200,Maison,116.0,165000.0,1422.41,2024-11-13
Chaufour-Notre-Dame,72073,72550,Maison,150.0,253000.0,1686.67,2024-11-22
Chaufour-Notre-Dame,72073,72550,Maison,150.0,253000.0,1686.67,2024-11-22
Marolles-les-Braults,72189,72260,Maison,46.0,11000.0,239.13,2024-11-20
Le Mans,72181,72000,Maison,61.0,164000.0,2688.52,2024-11-20
Neuville-sur-Sarthe,72217,72190,Maison,160.0,160000.0,1000.0,2024-11-22
Neuville-sur-Sarthe,72217,72190,Maison,160.0,160000.0,1000.0,2024-11-22
Le Mans,72181,72000,Appartement,51.0,83000.0,1627.45,2024-11-25
Brûlon,72050,72350,Maison,102.0,140000.0,1372.55,2024-11-12
Brûlon,72050,72350,Maison,100.0,140000.0,1400.0,2024-11-12
Brûlon,72050,72350,Maison,102.0,140000.0,1372.55,2024-11-12
Brûlon,72050,72350,Maison,100.0,140000.0,1400.0,2024-11-12
Brûlon,72050,72350,Maison,102.0,140000.0,1372.55,2024-11-12
Brûlon,72050,72350,Maison,102.0,140000.0,1372.55,2024-11-12
Brûlon,72050,72350,Maison,100.0,140000.0,1400.0,2024-11-12
Brûlon,72050,72350,Maison,100.0,140000.0,1400.0,2024-11-12
Brûlon,72050,72350,Maison,100.0,140000.0,1400.0,2024-11-12
Brûlon,72050,72350,Maison,102.0,140000.0,1372.55,2024-11-12
Le Mans,72181,72100,Maison,88.0,170000.0,1931.82,2024-11-15
Le Mans,72181,72000,Appartement,34.0,60000.0,1764.71,2024-11-25
Avoise,72021,72430,Maison,287.0,135000.0,470.38,2024-11-27
Avoise,72021,72430,Maison,287.0,135000.0,470.38,2024-11-27
Le Mans,72181,72000,Appartement,43.0,128000.0,2976.74,2024-11-14
Saint-Pavace,72310,72190,Maison,83.0,195000.0,2349.4,2024-11-14
Laigné-en-Belin,72155,72220,Maison,62.0,148000.0,2387.1,2024-10-28
Coulaines,72095,72190,Appartement,64.0,202500.0,3164.06,2024-11-07
Laigné-en-Belin,72155,72220,Maison,21.0,8000.0,380.95,2024-11-12
Laigné-en-Belin,72155,72220,Maison,21.0,8000.0,380.95,2024-11-12
Le Mans,72181,72000,Maison,92.0,173000.0,1880.43,2024-11-06
Laigné-en-Belin,72155,72220,Maison,150.0,152500.0,1016.67,2024-11-08
Sablé-sur-Sarthe,72264,72300,Appartement,72.0,80000.0,1111.11,2024-11-07
Mulsanne,72213,72230,Maison,51.0,105000.0,2058.82,2024-11-25
Saint-Aubin-des-Coudrais,72267,72400,Maison,54.0,80000.0,1481.48,2024-11-09
Vaas,72364,72500,Maison,145.0,145000.0,1000.0,2024-11-22
Vaas,72364,72500,Maison,145.0,145000.0,1000.0,2024-11-22
Vaas,72364,72500,Maison,145.0,145000.0,1000.0,2024-11-22
Mamers,72180,72600,Maison,120.0,110000.0,916.67,2024-11-18
Écommoy,72124,72220,Maison,90.0,192000.0,2133.33,2024-11-25
Solesmes,72336,72300,Maison,160.0,258130.0,1613.31,2024-11-08
Solesmes,72336,72300,Maison,160.0,258130.0,1613.31,2024-11-08
Viré-en-Champagne,72379,72350,Maison,111.0,7500.0,67.57,2024-11-20
Sablé-sur-Sarthe,72264,72300,Maison,41.0,88010.0,2146.59,2024-10-30
La Ferté-Bernard,72132,72400,Maison,80.0,158000.0,1975.0,2024-10-29
La Chartre-sur-le-Loir,72068,72340,Maison,79.0,80000.0,1012.66,2024-11-04
Sablé-sur-Sarthe,72264,72300,Maison,117.0,150000.0,1282.05,2024-11-08
Le Mans,72181,72000,Appartement,37.0,87500.0,2364.86,2024-11-05
Sablé-sur-Sarthe,72264,72300,Maison,97.0,85000.0,876.29,2024-11-19
Le Mans,72181,72100,Maison,113.0,265000.0,2345.13,2024-11-18
Montfort-le-Gesnois,72241,72450,Maison,118.0,138000.0,1169.49,2024-11-20
La Flèche,72154,72200,Maison,92.0,240000.0,2608.7,2024-11-15
Boëssé-le-Sec,72038,72400,Maison,120.0,51000.0,425.0,2024-11-21
Boëssé-le-Sec,72038,72400,Maison,60.0,51000.0,850.0,2024-11-21
Boëssé-le-Sec,72038,72400,Maison,60.0,51000.0,850.0,2024-11-21
Le Mans,72181,72000,Maison,104.0,257350.0,2474.52,2024-10-28
Montfort-le-Gesnois,72241,72450,Maison,71.0,141500.0,1992.96,2024-11-04
Montfort-le-Gesnois,72241,72450,Maison,71.0,141500.0,1992.96,2024-11-04
Teloché,72350,72220,Maison,133.0,315000.0,2368.42,2024-11-22
Saint-Pavace,72310,72190,Maison,265.0,360000.0,1358.49,2024-11-25
Saint-Pavace,72310,72190,Maison,265.0,360000.0,1358.49,2024-11-25
Le Mans,72181,72000,Maison,60.0,135000.0,2250.0,2024-11-14
Saint-Mars-la-Brière,72300,72470,Maison,65.0,71500.0,1100.0,2024-11-15
Sainte-Jamme-sur-Sarthe,72289,72380,Maison,49.0,60000.0,1224.49,2024-11-22
Le Mans,72181,72100,Appartement,58.0,52000.0,896.55,2024-11-27
Le Mans,72181,72000,Maison,66.0,120000.0,1818.18,2024-11-06
Le Mans,72181,72000,Appartement,34.0,63700.0,1873.53,2024-11-22
Le Mans,72181,72000,Maison,86.0,210000.0,2441.86,2024-11-22
Rouperroux-le-Coquet,72259,72110,Maison,84.0,83000.0,988.1,2024-11-29
Rouperroux-le-Coquet,72259,72110,Maison,84.0,83000.0,988.1,2024-11-29
Le Mans,72181,72100,Maison,86.0,167000.0,1941.86,2024-11-20
Le Mans,72181,72000,Appartement,17.0,60000.0,3529.41,2024-11-25
Notre-Dame-du-Pé,72232,72300,Maison,119.0,103292.0,868.0,2024-11-12
Beaufay,72026,72110,Maison,240.0,400000.0,1666.67,2024-11-27
La Flèche,72154,72200,Maison,90.0,430000.0,4777.78,2024-11-13
La Flèche,72154,72200,Maison,90.0,430000.0,4777.78,2024-11-13
La Flèche,72154,72200,Maison,127.0,430000.0,3385.83,2024-11-13
La Flèche,72154,72200,Maison,127.0,430000.0,3385.83,2024-11-13
Précigné,72244,72300,Maison,168.0,170000.0,1011.9,2024-11-15
Le Mans,72181,72000,Appartement,93.0,210000.0,2258.06,2024-11-21
Saint-Georges-du-Rosay,72281,72110,Maison,60.0,30000.0,500.0,2024-11-28
Saint-Georges-du-Rosay,72281,72110,Maison,60.0,30000.0,500.0,2024-11-28
La Flèche,72154,72200,Maison,70.0,105000.0,1500.0,2024-11-18
Changé,72058,72560,Maison,203.0,540000.0,2660.1,2024-11-28
Changé,72058,72560,Maison,203.0,540000.0,2660.1,2024-11-28
Brûlon,72050,72350,Maison,84.0,60000.0,714.29,2024-11-06
Asnières-sur-Vègre,72010,72430,Maison,260.0,690000.0,2653.85,2024-11-14
Asnières-sur-Vègre,72010,72430,Maison,260.0,690000.0,2653.85,2024-11-14
Asnières-sur-Vègre,72010,72430,Maison,43.0,690000.0,16046.51,2024-11-14
Asnières-sur-Vègre,72010,72430,Maison,260.0,690000.0,2653.85,2024-11-14
Asnières-sur-Vègre,72010,72430,Maison,260.0,690000.0,2653.85,2024-11-14
Asnières-sur-Vègre,72010,72430,Maison,43.0,690000.0,16046.51,2024-11-14
Étival-lès-le-Mans,72127,72700,Maison,117.0,230000.0,1965.81,2024-11-22
Étival-lès-le-Mans,72127,72700,Maison,117.0,230000.0,1965.81,2024-11-22
Étival-lès-le-Mans,72127,72700,Maison,117.0,230000.0,1965.81,2024-11-22
Luceau,72173,72500,Maison,98.0,145000.0,1479.59,2024-11-28
Luceau,72173,72500,Maison,98.0,145000.0,1479.59,2024-11-28
Viré-en-Champagne,72379,72350,Maison,39.0,11000.0,282.05,2024-11-06
Coulans-sur-Gée,72096,72550,Maison,77.0,150000.0,1948.05,2024-11-07
Coulans-sur-Gée,72096,72550,Maison,77.0,150000.0,1948.05,2024-11-07
Le Mans,72181,72000,Appartement,32.0,220000.0,6875.0,2024-11-20
Le Mans,72181,72000,Appartement,24.0,220000.0,9166.67,2024-11-20
Le Mans,72181,72000,Appartement,25.0,220000.0,8800.0,2024-11-20
Le Mans,72181,72000,Appartement,35.0,220000.0,6285.71,2024-11-20
Le Mans,72181,72100,Maison,78.0,146000.0,1871.79,2024-11-25
Le Mans,72181,72000,Appartement,42.0,63000.0,1500.0,2024-11-28
Parigné-l'Évêque,72231,72250,Maison,123.0,320000.0,2601.63,2024-11-21
Saint-Denis-d'Orques,72278,72350,Maison,66.0,85000.0,1287.88,2024-11-15
Saint-Cosme-en-Vairais,72276,72110,Maison,64.0,50000.0,781.25,2024-11-21
Saint-Vincent-des-Prés,72324,72600,Maison,94.0,100000.0,1063.83,2024-11-20
Saint-Vincent-des-Prés,72324,72600,Maison,94.0,100000.0,1063.83,2024-11-20
Joué-en-Charnie,72149,72540,Maison,58.0,40000.0,689.66,2024-11-20
La Flèche,72154,72200,Maison,95.0,120000.0,1263.16,2024-10-31
La Flèche,72154,72200,Maison,95.0,120000.0,1263.16,2024-10-31
Sarcé,72327,72360,Maison,115.0,353000.0,3069.57,2024-11-26
Sarcé,72327,72360,Maison,30.0,353000.0,11766.67,2024-11-26
Conlie,72089,72240,Maison,107.0,120000.0,1121.5,2024-11-28
Louplande,72169,72210,Maison,112.0,90000.0,803.57,2024-11-19
Sainte-Jamme-sur-Sarthe,72289,72380,Maison,65.0,148000.0,2276.92,2024-11-25
Rouillon,72257,72700,Maison,99.0,180282.0,1821.03,2024-11-19
Coulaines,72095,72190,Appartement,73.0,95000.0,1301.37,2024-11-25
Le Mans,72181,72000,Maison,36.0,80000.0,2222.22,2024-11-08
Coulaines,72095,72190,Maison,129.0,275000.0,2131.78,2024-11-18
Coulaines,72095,72190,Maison,129.0,275000.0,2131.78,2024-11-18
Saint-Calais,72269,72120,Maison,49.0,70000.0,1428.57,2024-11-25
Beaumont-sur-Sarthe,72029,72170,Maison,56.0,75000.0,1339.29,2024-11-22
Le Mans,72181,72000,Appartement,20.0,55000.0,2750.0,2024-11-25
Saint-Calais,72269,72120,Maison,80.0,85000.0,1062.5,2024-11-19
Juigné-sur-Sarthe,72151,72300,Maison,76.0,35000.0,460.53,2024-10-30
Le Mans,72181,72000,Appartement,19.0,50000.0,2631.58,2024-11-25
Louailles,72167,72300,Maison,115.0,187000.0,1626.09,2024-11-20
Louailles,72167,72300,Maison,115.0,187000.0,1626.09,2024-11-20
Le Mans,72181,72000,Appartement,95.0,100000.0,1052.63,2024-11-29
Bouloire,72042,72440,Maison,111.0,150000.0,1351.35,2024-11-25
Oisseau-le-Petit,72225,72610,Maison,63.0,112500.0,1785.71,2024-11-29
Parigné-l'Évêque,72231,72250,Maison,103.0,265000.0,2572.82,2024-11-08
Parigné-l'Évêque,72231,72250,Maison,103.0,265000.0,2572.82,2024-11-08
Moulins-le-Carbonnel,72212,72130,Maison,135.0,193500.0,1433.33,2024-11-20
Moulins-le-Carbonnel,72212,72130,Maison,135.0,193500.0,1433.33,2024-11-20
La Bazoge,72024,72650,Maison,150.0,243000.0,1620.0,2024-11-21
Parigné-l'Évêque,72231,72250,Maison,102.0,235000.0,2303.92,2024-11-08
Melleray,72193,72320,Maison,241.0,162000.0,672.2,2024-11-29
Melleray,72193,72320,Maison,241.0,162000.0,672.2,2024-11-29
Connerré,72090,72160,Maison,61.0,110373.5,1809.4,2024-11-22
Mamers,72180,72600,Maison,60.0,10500.0,175.0,2024-11-22
Villeneuve-en-Perseigne,72137,72600,Maison,133.0,159000.0,1195.49,2024-11-22
La Flèche,72154,72200,Maison,82.0,175000.0,2134.15,2024-11-13
Tuffé Val de la Chéronne,72363,72160,Maison,46.0,99500.0,2163.04,2024-11-29
Tuffé Val de la Chéronne,72363,72160,Maison,46.0,99500.0,2163.04,2024-11-29
Saint-Vincent-du-Lorouër,72325,72150,Maison,107.0,120000.0,1121.5,2024-11-22
Sainte-Jamme-sur-Sarthe,72289,72380,Maison,92.0,75000.0,815.22,2024-11-27
Sainte-Jamme-sur-Sarthe,72289,72380,Maison,92.0,75000.0,815.22,2024-11-27
Sainte-Jamme-sur-Sarthe,72289,72380,Maison,92.0,75000.0,815.22,2024-11-27
Saint-Maixent,72296,72320,Maison,75.0,114000.0,1520.0,2024-11-20
Le Grand-Lucé,72143,72150,Maison,61.0,90000.0,1475.41,2024-11-18
Avezé,72020,72400,Maison,123.0,175200.0,1424.39,2024-11-29
Avezé,72020,72400,Maison,123.0,175200.0,1424.39,2024-11-29
Joué-l'Abbé,72150,72380,Maison,55.0,95300.0,1732.73,2024-11-19
Thorigné-sur-Dué,72358,72160,Maison,116.0,75000.0,646.55,2024-11-29
Thorigné-sur-Dué,72358,72160,Maison,139.0,189000.0,1359.71,2024-11-23
Saint-Cosme-en-Vairais,72276,72110,Maison,129.0,107000.0,829.46,2024-11-28
Le Mans,72181,72000,Appartement,78.0,143000.0,1833.33,2024-11-29
Flée,72134,72500,Maison,69.0,163000.0,2362.32,2024-11-29
Cérans-Foulletourte,72051,72330,Maison,225.0,642500.0,2855.56,2024-11-27
Cérans-Foulletourte,72051,72330,Maison,225.0,642500.0,2855.56,2024-11-27
Cérans-Foulletourte,72051,72330,Maison,225.0,642500.0,2855.56,2024-11-27
Oisseau-le-Petit,72225,72610,Maison,109.0,115500.0,1059.63,2024-11-29
La Bazoge,72024,72650,Maison,82.0,220000.0,2682.93,2024-11-22
La Bazoge,72024,72650,Maison,82.0,220000.0,2682.93,2024-11-22
La Guierche,72147,72380,Maison,40.0,55000.0,1375.0,2024-11-20
La Guierche,72147,72380,Maison,40.0,55000.0,1375.0,2024-11-20
La Guierche,72147,72380,Maison,40.0,55000.0,1375.0,2024-11-20
Changé,72058,72560,Maison,280.0,530000.0,1892.86,2024-11-26
Changé,72058,72560,Maison,280.0,530000.0,1892.86,2024-11-26
Le Mans,72181,72100,Maison,77.0,137000.0,1779.22,2024-11-05
Changé,72058,72560,Maison,65.0,130000.0,2000.0,2024-11-04
Changé,72058,72560,Maison,65.0,130000.0,2000.0,2024-11-04
Changé,72058,72560,Maison,65.0,130000.0,2000.0,2024-11-04
Verneil-le-Chétif,72369,72360,Maison,150.0,340000.0,2266.67,2024-11-28
Verneil-le-Chétif,72369,72360,Maison,150.0,340000.0,2266.67,2024-11-28
Verneil-le-Chétif,72369,72360,Maison,150.0,340000.0,2266.67,2024-11-28
Verneil-le-Chétif,72369,72360,Maison,150.0,340000.0,2266.67,2024-11-28
Saint-Cosme-en-Vairais,72276,72110,Maison,116.0,179156.5,1544.45,2024-11-21
Aubigné-Racan,72013,72800,Maison,72.0,100000.0,1388.89,2024-11-26
Aubigné-Racan,72013,72800,Maison,72.0,100000.0,1388.89,2024-11-26
Le Lude,72176,72800,Maison,41.0,15000.0,365.85,2024-11-28
Le Lude,72176,72800,Maison,41.0,15000.0,365.85,2024-11-28
Boëssé-le-Sec,72038,72400,Maison,114.0,70000.0,614.04,2024-11-20
Saint-Mars-d'Outillé,72299,72220,Maison,80.0,105990.0,1324.88,2024-11-29
Mansigné,72182,72510,Maison,87.0,175000.0,2011.49,2024-12-02
Mansigné,72182,72510,Maison,87.0,175000.0,2011.49,2024-12-02
Le Mans,72181,72100,Maison,80.0,150000.0,1875.0,2024-11-27
Le Mans,72181,72100,Appartement,80.0,87000.0,1087.5,2024-11-29
Chaufour-Notre-Dame,72073,72550,Maison,95.0,184000.0,1936.84,2024-11-27
Crannes-en-Champagne,72107,72540,Maison,82.0,175000.0,2134.15,2024-11-29
Sainte-Cérotte,72272,72120,Maison,80.0,90000.0,1125.0,2024-11-28
Allonnes,72003,72700,Appartement,71.0,86000.0,1211.27,2024-11-28
Allonnes,72003,72700,Appartement,80.0,86000.0,1075.0,2024-11-28
Le Mans,72181,72000,Maison,96.0,408240.0,4252.5,2024-11-28
Le Mans,72181,72000,Maison,72.0,88000.0,1222.22,2024-11-27
Juillé,72152,72170,Maison,154.0,450000.0,2922.08,2024-11-27
Le Mans,72181,72000,Appartement,43.0,121000.0,2813.95,2024-11-27
Épineu-le-Chevreuil,72126,72540,Maison,148.0,60000.0,405.41,2024-11-29
Le Mans,72181,72000,Maison,84.0,161500.0,1922.62,2024-11-28
Le Mans,72181,72000,Appartement,47.0,127000.0,2702.13,2024-11-13
Le Grand-Lucé,72143,72150,Maison,73.0,88000.0,1205.48,2024-11-12
Pirmil,72237,72430,Maison,140.0,160000.0,1142.86,2024-11-27
Pirmil,72237,72430,Maison,140.0,160000.0,1142.86,2024-11-27
Nuillé-le-Jalais,72224,72370,Maison,74.0,100000.0,1351.35,2024-12-02
Nuillé-le-Jalais,72224,72370,Maison,74.0,100000.0,1351.35,2024-12-02
Coulaines,72095,72190,Appartement,73.0,83000.0,1136.99,2024-11-20
Le Mans,72181,72100,Maison,55.0,93000.0,1690.91,2024-12-02
Saint-Calais,72269,72120,Maison,54.0,31500.0,583.33,2024-11-29
La Chapelle-d'Aligné,72061,72300,Maison,52.0,20000.0,384.62,2024-11-28
Le Mans,72181,72000,Maison,65.0,130000.0,2000.0,2024-11-20
Épineu-le-Chevreuil,72126,72540,Maison,63.0,90000.0,1428.57,2024-11-28
Dollon,72118,72390,Maison,48.0,35000.0,729.17,2024-11-22
Rouillon,72257,72700,Maison,80.0,225000.0,2812.5,2024-11-12
Rouillon,72257,72700,Maison,117.0,225000.0,1923.08,2024-11-12
Le Mans,72181,72100,Maison,87.0,146000.0,1678.16,2024-11-20
Moncé-en-Belin,72200,72230,Maison,158.0,191000.0,1208.86,2024-11-22
Le Mans,72181,72100,Appartement,53.0,510000.0,9622.64,2024-12-02
Le Mans,72181,72100,Appartement,105.0,510000.0,4857.14,2024-12-02
Le Mans,72181,72100,Appartement,49.0,510000.0,10408.16,2024-12-02
Bonnétable,72039,72110,Maison,96.0,115000.0,1197.92,2024-11-29
Le Mans,72181,72000,Appartement,100.0,163000.0,1630.0,2024-12-02
Le Mans,72181,72000,Maison,60.0,145000.0,2416.67,2024-11-29
Trangé,72360,72650,Maison,93.0,190000.0,2043.01,2024-11-21
Le Mans,72181,72000,Appartement,25.0,195000.0,7800.0,2024-12-02
Le Mans,72181,72000,Appartement,20.0,195000.0,9750.0,2024-12-02
Le Mans,72181,72000,Appartement,20.0,195000.0,9750.0,2024-12-02
Le Mans,72181,72000,Appartement,34.0,85000.0,2500.0,2024-11-14
Montaillé,72204,72120,Maison,130.0,140000.0,1076.92,2024-11-27
Montaillé,72204,72120,Maison,130.0,140000.0,1076.92,2024-11-27
La Milesse,72198,72650,Maison,33.0,200000.0,6060.61,2024-11-05
La Milesse,72198,72650,Maison,33.0,200000.0,6060.61,2024-11-05
La Milesse,72198,72650,Maison,33.0,200000.0,6060.61,2024-11-05
Laigné-en-Belin,72155,72220,Maison,157.0,185500.0,1181.53,2024-11-05
Étival-lès-le-Mans,72127,72700,Maison,63.0,80000.0,1269.84,2024-11-06
Le Mans,72181,72000,Maison,92.0,188000.0,2043.48,2024-11-29
Le Mans,72181,72000,Appartement,65.0,105500.0,1623.08,2024-11-30
Auvers-le-Hamon,72016,72300,Maison,120.0,90000.0,750.0,2024-11-27
Malicorne-sur-Sarthe,72179,72270,Maison,57.0,80000.0,1403.51,2024-11-08
Melleray,72193,72320,Maison,79.0,32000.0,405.06,2024-11-28
Auvers-le-Hamon,72016,72300,Maison,67.0,100000.0,1492.54,2024-11-28
Coudrecieux,72094,72440,Maison,140.0,128000.0,914.29,2024-11-29
La Flèche,72154,72200,Maison,110.0,320000.0,2909.09,2024-11-15
Le Mans,72181,72000,Maison,94.0,169000.0,1797.87,2024-11-28
La Guierche,72147,72380,Maison,90.0,140000.0,1555.56,2024-11-29
Sargé-lès-le-Mans,72328,72190,Maison,162.0,390000.0,2407.41,2024-11-28
Le Mans,72181,72000,Maison,88.0,178200.0,2025.0,2024-11-22
Montval-sur-Loir,72071,72500,Maison,103.0,178000.0,1728.16,2024-11-22
Montval-sur-Loir,72071,72500,Maison,103.0,178000.0,1728.16,2024-11-22
La Chapelle-Saint-Rémy,72067,72160,Maison,70.0,90000.0,1285.71,2024-11-25
La Chapelle-Saint-Rémy,72067,72160,Maison,70.0,90000.0,1285.71,2024-11-25
Le Mans,72181,72000,Appartement,18.0,65640.0,3646.67,2024-11-28
Le Mans,72181,72000,Appartement,35.0,76000.0,2171.43,2024-11-29
Le Mans,72181,72000,Appartement,33.0,73000.0,2212.12,2024-11-29
Le Mans,72181,72000,Appartement,49.0,115000.0,2346.94,2024-12-02
La Bazoge,72024,72650,Maison,168.0,460000.0,2738.1,2024-11-27
La Bazoge,72024,72650,Maison,168.0,460000.0,2738.1,2024-11-27
La Bazoge,72024,72650,Maison,168.0,460000.0,2738.1,2024-11-27
Le Mans,72181,72000,Maison,135.0,333000.0,2466.67,2024-11-29
Parcé-sur-Sarthe,72228,72300,Maison,74.0,145000.0,1959.46,2024-11-22
Le Mans,72181,72000,Maison,91.0,130000.0,1428.57,2024-11-25
Avezé,72020,72400,Maison,60.0,50000.0,833.33,2024-11-28
Précigné,72244,72300,Maison,74.0,119000.0,1608.11,2024-11-22
Trangé,72360,72650,Maison,65.0,134000.0,2061.54,2024-11-25
Saint-Jean-des-Échelles,72292,72320,Maison,97.0,65000.0,670.1,2024-11-28
Mamers,72180,72600,Maison,116.0,90000.0,775.86,2024-11-25
Saint-Ulphace,72322,72320,Maison,90.0,45000.0,500.0,2024-11-05
Saint-Ulphace,72322,72320,Maison,90.0,45000.0,500.0,2024-11-05
Bouloire,72042,72440,Maison,93.0,185000.0,1989.25,2024-11-23
Sainte-Sabine-sur-Longève,72319,72380,Maison,70.0,46700.0,667.14,2024-11-29
Gréez-sur-Roc,72144,72320,Maison,60.0,75000.0,1250.0,2024-11-22
La Suze-sur-Sarthe,72346,72210,Maison,80.0,125000.0,1562.5,2024-11-29
Précigné,72244,72300,Maison,83.0,166000.0,2000.0,2024-11-19
Clermont-Créans,72084,72200,Maison,101.0,190000.0,1881.19,2024-12-03
Clermont-Créans,72084,72200,Maison,101.0,190000.0,1881.19,2024-12-03
Crosmières,72110,72200,Maison,131.0,210000.0,1603.05,2024-11-21
Le Mans,72181,72100,Maison,37.0,60000.0,1621.62,2024-11-25
Loir en Vallée,72262,72310,Maison,64.0,65000.0,1015.62,2024-11-30
Loir en Vallée,72262,72310,Maison,64.0,65000.0,1015.62,2024-11-30
Poillé-sur-Vègre,72239,72350,Maison,156.0,83000.0,532.05,2024-11-19
Bessé-sur-Braye,72035,72310,Maison,83.0,79920.0,962.89,2024-12-03
Sablé-sur-Sarthe,72264,72300,Maison,114.0,135500.0,1188.6,2024-11-28
Loir en Vallée,72262,72340,Maison,73.0,60000.0,821.92,2024-11-19
La Ferté-Bernard,72132,72400,Maison,80.0,112000.0,1400.0,2024-11-22
Le Mans,72181,72000,Maison,65.0,150000.0,2307.69,2024-11-15
Le Mans,72181,72000,Maison,122.0,332000.0,2721.31,2024-11-19
Le Mans,72181,72000,Maison,105.0,295000.0,2809.52,2024-12-03
Sarcé,72327,72360,Maison,80.0,78000.0,975.0,2024-11-27
Le Mans,72181,72000,Appartement,60.0,129000.0,2150.0,2024-11-19
Blèves,72037,72600,Maison,150.0,190000.0,1266.67,2024-11-21
Blèves,72037,72600,Maison,150.0,190000.0,1266.67,2024-11-21
Changé,72058,72560,Maison,118.0,272000.0,2305.08,2024-11-22
Noyen-sur-Sarthe,72223,72430,Maison,74.0,65000.0,878.38,2024-11-22
Terrehault,72352,72110,Maison,44.0,25000.0,568.18,2024-11-14
Louailles,72167,72300,Maison,108.0,160000.0,1481.48,2024-12-03
Louailles,72167,72300,Maison,108.0,160000.0,1481.48,2024-12-03
Arnage,72008,72230,Maison,76.0,145000.0,1907.89,2024-12-02
Noyen-sur-Sarthe,72223,72430,Maison,110.0,70000.0,636.36,2024-11-15
La Suze-sur-Sarthe,72346,72210,Maison,70.0,120000.0,1714.29,2024-11-15
Berfay,72032,72320,Maison,144.0,180000.0,1250.0,2024-11-29
Vibraye,72373,72320,Maison,91.0,72500.0,796.7,2024-11-29
Le Mans,72181,72100,Appartement,68.0,99000.0,1455.88,2024-11-22
Saint-Paterne - Le Chevain,72308,72610,Maison,58.0,105000.0,1810.34,2024-12-05
Coudrecieux,72094,72440,Maison,67.0,105000.0,1567.16,2024-11-22
Coudrecieux,72094,72440,Maison,67.0,105000.0,1567.16,2024-11-22
Souligné-sous-Ballon,72340,72290,Maison,70.0,130000.0,1857.14,2024-12-05
Savigné-l'Évêque,72329,72460,Maison,166.0,375000.0,2259.04,2024-11-29
Savigné-l'Évêque,72329,72460,Maison,166.0,375000.0,2259.04,2024-11-29
Ballon-Saint Mars,72023,72290,Maison,57.0,80000.0,1403.51,2024-12-04
Le Mans,72181,72000,Appartement,17.0,49545.0,2914.41,2024-11-21
Le Mans,72181,72000,Maison,137.0,280000.0,2043.8,2024-11-27
Bonnétable,72039,72110,Maison,71.0,70000.0,985.92,2024-11-29
Saint-Mars-la-Brière,72300,72470,Maison,84.0,128000.0,1523.81,2024-11-27
Courcemont,72101,72110,Maison,55.0,18000.0,327.27,2024-12-06
Tresson,72361,72440,Maison,98.0,70000.0,714.29,2024-11-18
Fyé,72139,72610,Maison,78.0,90100.0,1155.13,2024-11-27
Savigné-l'Évêque,72329,72460,Maison,83.0,160000.0,1927.71,2024-11-19
Marçon,72183,72340,Maison,97.0,30000.0,309.28,2024-12-05
Le Mans,72181,72000,Maison,215.0,555000.0,2581.4,2024-11-13
Lombron,72165,72450,Maison,88.0,88500.0,1005.68,2024-11-14
Bonnétable,72039,72110,Maison,51.0,70000.0,1372.55,2024-11-29
Le Mans,72181,72000,Maison,92.0,192000.0,2086.96,2024-12-04
Ballon-Saint Mars,72023,72290,Maison,103.0,50000.0,485.44,2024-12-04
Ballon-Saint Mars,72023,72290,Maison,70.0,50000.0,714.29,2024-12-04
Saint-Corneille,72275,72460,Maison,71.0,115500.0,1626.76,2024-11-27
Saint-Corneille,72275,72460,Maison,71.0,115500.0,1626.76,2024-11-27
Le Mans,72181,72000,Maison,45.0,95000.0,2111.11,2024-12-05
Le Mans,72181,72000,Maison,71.0,164300.0,2314.08,2024-11-28
Sillé-le-Philippe,72335,72460,Maison,68.0,113400.0,1667.65,2024-11-27
Saint-Calez-en-Saosnois,72270,72600,Maison,162.0,130000.0,802.47,2024-11-27
Saint-Calez-en-Saosnois,72270,72600,Maison,162.0,130000.0,802.47,2024-11-27
Changé,72058,72560,Maison,63.0,172000.0,2730.16,2024-11-25
Changé,72058,72560,Maison,63.0,172000.0,2730.16,2024-11-25
La Chartre-sur-le-Loir,72068,72340,Maison,35.0,114000.0,3257.14,2024-12-03
Joué-l'Abbé,72150,72380,Maison,104.0,175000.0,1682.69,2024-11-13
Le Mans,72181,72000,Maison,48.0,80000.0,1666.67,2024-11-19
Changé,72058,72560,Maison,90.0,34200.0,380.0,2024-11-27
Torcé-en-Vallée,72359,72110,Maison,141.0,220000.0,1560.28,2024-12-06
Torcé-en-Vallée,72359,72110,Maison,141.0,220000.0,1560.28,2024-12-06
Beillé,72031,72160,Maison,98.0,135000.0,1377.55,2024-11-25
Connerré,72090,72160,Maison,85.0,130000.0,1529.41,2024-11-25
Souligné-sous-Ballon,72340,72290,Maison,89.0,253200.0,2844.94,2024-12-09
Sablé-sur-Sarthe,72264,72300,Appartement,106.0,126000.0,1188.68,2024-11-14
Le Mans,72181,72100,Appartement,77.0,115000.0,1493.51,2024-12-05
Cérans-Foulletourte,72051,72330,Maison,113.0,211000.0,1867.26,2024-12-02
Le Mans,72181,72000,Maison,78.0,186000.0,2384.62,2024-11-22
Guécélard,72146,72230,Maison,70.0,90000.0,1285.71,2024-12-02
Guécélard,72146,72230,Maison,70.0,90000.0,1285.71,2024-12-02
Cérans-Foulletourte,72051,72330,Maison,81.0,83000.0,1024.69,2024-12-05
La Flèche,72154,72200,Maison,162.0,285000.0,1759.26,2024-11-25
La Flèche,72154,72200,Maison,162.0,285000.0,1759.26,2024-11-25
Parigné-l'Évêque,72231,72250,Maison,51.0,160400.0,3145.1,2024-11-28
Parigné-l'Évêque,72231,72250,Maison,51.0,160400.0,3145.1,2024-11-28
Saint-Mars-d'Outillé,72299,72220,Maison,78.0,80000.0,1025.64,2024-11-18
Saint-Mars-d'Outillé,72299,72220,Maison,78.0,80000.0,1025.64,2024-11-18
La Suze-sur-Sarthe,72346,72210,Maison,132.0,250000.0,1893.94,2024-12-05
La Suze-sur-Sarthe,72346,72210,Maison,132.0,250000.0,1893.94,2024-12-05
Le Mans,72181,72100,Appartement,46.0,105500.0,2293.48,2024-12-02
Mamers,72180,72600,Maison,55.0,100000.0,1818.18,2024-11-29
Parigné-l'Évêque,72231,72250,Maison,85.0,135500.0,1594.12,2024-12-06
Fresnay-sur-Sarthe,72138,72130,Maison,89.0,30000.0,337.08,2024-11-12
Cormes,72093,72400,Maison,188.0,410000.0,2180.85,2024-11-30
Rouillon,72257,72700,Maison,94.0,220000.0,2340.43,2024-11-26
Mulsanne,72213,72230,Maison,86.0,135000.0,1569.77,2024-12-05
Cherré-Au,72080,72400,Maison,110.0,270700.0,2460.91,2024-12-04
Ligron,72163,72270,Maison,100.0,130000.0,1300.0,2024-11-29
Vallon-sur-Gée,72367,72540,Maison,80.0,53000.0,662.5,2024-11-22
Bérus,72034,72610,Maison,53.0,95000.0,1792.45,2024-12-07
Le Lude,72176,72800,Maison,137.0,180000.0,1313.87,2024-11-08
Juigné-sur-Sarthe,72151,72300,Maison,65.0,92000.0,1415.38,2024-11-08
Villaines-la-Gonais,72375,72400,Maison,101.0,176000.0,1742.57,2024-12-06
Villaines-la-Gonais,72375,72400,Maison,101.0,176000.0,1742.57,2024-12-06
Vernie,72370,72170,Maison,79.0,90250.0,1142.41,2024-11-28
Solesmes,72336,72300,Maison,83.0,156000.0,1879.52,2024-12-03
Chahaignes,72052,72340,Maison,71.0,82000.0,1154.93,2024-12-06
Crissé,72109,72140,Maison,214.0,490000.0,2289.72,2024-11-29
Crissé,72109,72140,Maison,214.0,490000.0,2289.72,2024-11-29
Crissé,72109,72140,Maison,214.0,490000.0,2289.72,2024-11-29
Savigné-sous-le-Lude,72330,72800,Maison,90.0,100000.0,1111.11,2024-11-22
Épineu-le-Chevreuil,72126,72540,Maison,250.0,165000.0,660.0,2024-12-09
Épineu-le-Chevreuil,72126,72540,Maison,250.0,165000.0,660.0,2024-12-09
Juigné-sur-Sarthe,72151,72300,Maison,85.0,155000.0,1823.53,2024-12-02
Sillé-le-Guillaume,72334,72140,Maison,90.0,51000.0,566.67,2024-11-25
La Chapelle-du-Bois,72062,72400,Maison,171.0,205000.0,1198.83,2024-11-29
Le Mans,72181,72000,Maison,122.0,370000.0,3032.79,2024-11-27
Le Mans,72181,72000,Appartement,115.0,260000.0,2260.87,2024-11-28
Le Mans,72181,72000,Appartement,53.0,107000.0,2018.87,2024-11-25
Le Mans,72181,72100,Appartement,54.0,61000.0,1129.63,2024-11-25
Le Mans,72181,72000,Appartement,38.0,155000.0,4078.95,2024-12-02
Le Mans,72181,72000,Appartement,38.0,155000.0,4078.95,2024-12-02
Teloché,72350,72220,Maison,99.0,215000.0,2171.72,2024-12-06
Brains-sur-Gée,72045,72550,Maison,133.0,199000.0,1496.24,2024-11-22
Parigné-l'Évêque,72231,72250,Maison,100.0,233000.0,2330.0,2024-11-29
Bessé-sur-Braye,72035,72310,Maison,30.0,12000.0,400.0,2024-12-03
Amné,72004,72540,Maison,182.0,150000.0,824.18,2024-12-09
Amné,72004,72540,Maison,182.0,150000.0,824.18,2024-12-09
Amné,72004,72540,Maison,182.0,150000.0,824.18,2024-12-09
Amné,72004,72540,Maison,182.0,150000.0,824.18,2024-12-09
Amné,72004,72540,Maison,182.0,150000.0,824.18,2024-12-09
Auvers-le-Hamon,72016,72300,Maison,93.0,220000.0,2365.59,2024-11-19
Duneau,72122,72160,Maison,98.0,148000.0,1510.2,2024-12-02
Le Mans,72181,72000,Appartement,17.0,62500.0,3676.47,2024-12-09
Le Mans,72181,72100,Maison,89.0,222000.0,2494.38,2024-12-09
Le Mans,72181,72000,Appartement,30.0,97000.0,3233.33,2024-12-09
Le Mans,72181,72000,Appartement,30.0,69500.0,2316.67,2024-12-04
La Ferté-Bernard,72132,72400,Maison,82.0,93000.0,1134.15,2024-12-06
Chemiré-le-Gaudin,72075,72210,Maison,86.0,158000.0,1837.21,2024-11-28
Chemiré-le-Gaudin,72075,72210,Maison,86.0,158000.0,1837.21,2024-11-28
Chemiré-le-Gaudin,72075,72210,Maison,86.0,158000.0,1837.21,2024-11-28
Chemiré-le-Gaudin,72075,72210,Maison,86.0,158000.0,1837.21,2024-11-28
Juigné-sur-Sarthe,72151,72300,Maison,162.0,240000.0,1481.48,2024-12-09
Noyen-sur-Sarthe,72223,72430,Maison,130.0,140000.0,1076.92,2024-12-03
Aubigné-Racan,72013,72800,Maison,69.0,95000.0,1376.81,2024-12-07
Bouër,72041,72390,Maison,174.0,140000.0,804.6,2024-12-09
La Flèche,72154,72200,Maison,73.0,130000.0,1780.82,2024-12-05
Chemiré-le-Gaudin,72075,72210,Maison,81.0,90000.0,1111.11,2024-12-09
Beillé,72031,72160,Maison,58.0,95000.0,1637.93,2024-12-06
Sougé-le-Ganelon,72337,72130,Maison,62.0,40000.0,645.16,2024-11-29
Saint-Ouen-de-Mimbré,72305,72130,Maison,88.0,164000.0,1863.64,2024-11-22
Saint-Ouen-de-Mimbré,72305,72130,Maison,88.0,164000.0,1863.64,2024-11-22
Laigné-en-Belin,72155,72220,Maison,110.0,212000.0,1927.27,2024-12-02
Volnay,72382,72440,Maison,230.0,210000.0,913.04,2024-11-28
Volnay,72382,72440,Maison,230.0,210000.0,913.04,2024-11-28
Neuville-sur-Sarthe,72217,72190,Maison,49.0,80000.0,1632.65,2024-12-04
Neuville-sur-Sarthe,72217,72190,Maison,49.0,80000.0,1632.65,2024-12-04
La Chapelle-d'Aligné,72061,72300,Maison,87.0,123000.0,1413.79,2024-12-04
Laigné-en-Belin,72155,72220,Maison,98.0,268000.0,2734.69,2024-11-18
Laigné-en-Belin,72155,72220,Maison,98.0,268000.0,2734.69,2024-11-18
Brains-sur-Gée,72045,72550,Maison,63.0,75000.0,1190.48,2024-11-28
Souligné-Flacé,72339,72210,Maison,43.0,45000.0,1046.51,2024-12-06
Souligné-Flacé,72339,72210,Maison,60.0,45000.0,750.0,2024-12-06
Douillet,72121,72130,Maison,69.0,50000.0,724.64,2024-12-05
Douillet,72121,72130,Maison,69.0,50000.0,724.64,2024-12-05
Cérans-Foulletourte,72051,72330,Maison,66.0,105000.0,1590.91,2024-11-19
Coulaines,72095,72190,Maison,85.0,145000.0,1705.88,2024-11-22
Le Mans,72181,72100,Maison,80.0,120000.0,1500.0,2024-11-22
Le Mans,72181,72000,Appartement,28.0,50000.0,1785.71,2024-12-03
Cérans-Foulletourte,72051,72330,Maison,82.0,165000.0,2012.2,2024-11-19
Cérans-Foulletourte,72051,72330,Maison,82.0,165000.0,2012.2,2024-11-19
Saint-Saturnin,72320,72650,Maison,133.0,238000.0,1789.47,2024-12-02
Saint-Saturnin,72320,72650,Maison,133.0,238000.0,1789.47,2024-12-02
Brûlon,72050,72350,Maison,84.0,90000.0,1071.43,2024-11-29
Le Mans,72181,72000,Maison,139.0,330000.0,2374.1,2024-11-28
Saint-Cosme-en-Vairais,72276,72110,Maison,92.0,87500.0,951.09,2024-12-02
Saint-Cosme-en-Vairais,72276,72110,Maison,92.0,87500.0,951.09,2024-12-02
Saint-Cosme-en-Vairais,72276,72110,Maison,82.0,87500.0,1067.07,2024-12-02
Saint-Cosme-en-Vairais,72276,72110,Maison,92.0,87500.0,951.09,2024-12-02
Saint-Cosme-en-Vairais,72276,72110,Maison,92.0,87500.0,951.09,2024-12-02
Saint-Cosme-en-Vairais,72276,72110,Maison,82.0,87500.0,1067.07,2024-12-02
Saint-Cosme-en-Vairais,72276,72110,Maison,92.0,87500.0,951.09,2024-12-02
Bourg-le-Roi,72043,72610,Maison,35.0,68500.0,1957.14,2024-12-09
Bourg-le-Roi,72043,72610,Maison,49.0,68500.0,1397.96,2024-12-09
Arnage,72008,72230,Maison,100.0,135000.0,1350.0,2024-12-09
Vaas,72364,72500,Maison,106.0,169000.0,1594.34,2024-12-04
Le Mans,72181,72100,Appartement,18.0,70000.0,3888.89,2024-12-06
Rouez,72256,72140,Maison,145.0,220000.0,1517.24,2024-12-07
Pirmil,72237,72430,Maison,85.0,170000.0,2000.0,2024-11-29
Pirmil,72237,72430,Maison,85.0,170000.0,2000.0,2024-11-29
Solesmes,72336,72300,Maison,95.0,140000.0,1473.68,2024-12-09
Fresnay-sur-Sarthe,72138,72130,Maison,42.0,73000.0,1738.1,2024-12-07
Montfort-le-Gesnois,72241,72450,Maison,63.0,125000.0,1984.13,2024-12-06
Marolles-les-Braults,72189,72260,Maison,167.0,173000.0,1035.93,2024-12-06
Ballon-Saint Mars,72023,72290,Maison,108.0,108500.0,1004.63,2024-11-25
Melleray,72193,72320,Maison,88.0,70000.0,795.45,2024-12-04
Melleray,72193,72320,Maison,88.0,70000.0,795.45,2024-12-04
Savigné-sous-le-Lude,72330,72800,Maison,79.0,37000.0,468.35,2024-11-30
Vaas,72364,72500,Maison,75.0,109157.71,1455.44,2024-11-25
Marolles-les-Braults,72189,72260,Maison,112.0,92000.0,821.43,2024-12-06
Montreuil-le-Chétif,72209,72130,Maison,64.0,80000.0,1250.0,2024-11-22
Ballon-Saint Mars,72023,72290,Maison,89.0,40000.0,449.44,2024-11-28
Parcé-sur-Sarthe,72228,72300,Maison,51.0,80000.0,1568.63,2024-11-28
Chevillé,72083,72350,Maison,165.0,160000.0,969.7,2024-12-03
Chevillé,72083,72350,Maison,165.0,160000.0,969.7,2024-12-03
Noyen-sur-Sarthe,72223,72430,Maison,168.0,70000.0,416.67,2024-12-02
Saint-Corneille,72275,72460,Maison,80.0,195000.0,2437.5,2024-11-29
Montfort-le-Gesnois,72241,72450,Maison,68.0,63000.0,926.47,2024-12-10
Le Mans,72181,72000,Maison,72.0,170000.0,2361.11,2024-12-09
La Ferté-Bernard,72132,72400,Maison,86.0,145000.0,1686.05,2024-12-06
Le Mans,72181,72000,Appartement,57.0,104000.0,1824.56,2024-12-06
Vibraye,72373,72320,Maison,110.0,119990.0,1090.82,2024-12-05
Challes,72053,72250,Maison,115.0,215000.0,1869.57,2024-12-12
Challes,72053,72250,Maison,115.0,215000.0,1869.57,2024-12-12
Auvers-le-Hamon,72016,72300,Maison,142.0,200000.0,1408.45,2024-12-11
Auvers-le-Hamon,72016,72300,Maison,142.0,200000.0,1408.45,2024-12-11
Auvers-le-Hamon,72016,72300,Maison,142.0,200000.0,1408.45,2024-12-11
Auvers-le-Hamon,72016,72300,Maison,142.0,200000.0,1408.45,2024-12-11
La Chartre-sur-le-Loir,72068,72340,Maison,38.0,75000.0,1973.68,2024-11-25
Changé,72058,72560,Maison,84.0,193000.0,2297.62,2024-12-10
Yvré-le-Pôlin,72385,72330,Maison,109.0,163500.0,1500.0,2024-11-29
Le Mans,72181,72000,Appartement,56.0,130000.0,2321.43,2024-12-11
Le Mans,72181,72000,Maison,63.0,118000.0,1873.02,2024-12-05
Changé,72058,72560,Maison,83.0,136500.0,1644.58,2024-12-10
Changé,72058,72560,Maison,83.0,136500.0,1644.58,2024-12-10
Luché-Pringé,72175,72800,Maison,55.0,118000.0,2145.45,2024-11-28
Luché-Pringé,72175,72800,Appartement,40.0,50000.0,1250.0,2024-11-28
Luché-Pringé,72175,72800,Appartement,40.0,50000.0,1250.0,2024-11-28
Luché-Pringé,72175,72800,Maison,36.0,50000.0,1388.89,2024-11-28
Luché-Pringé,72175,72800,Maison,33.0,50000.0,1515.15,2024-11-28
Marçon,72183,72340,Maison,64.0,82000.0,1281.25,2024-12-10
Marçon,72183,72340,Maison,64.0,12812.5,200.2,2024-12-10
Cogners,72085,72310,Maison,65.0,220000.0,3384.62,2024-12-02
Cogners,72085,72310,Maison,65.0,220000.0,3384.62,2024-12-02
Cogners,72085,72310,Maison,65.0,220000.0,3384.62,2024-12-02
Le Mans,72181,72100,Maison,35.0,76000.0,2171.43,2024-11-27
Mamers,72180,72600,Maison,63.0,70000.0,1111.11,2024-12-04
Le Mans,72181,72000,Maison,102.0,199400.0,1954.9,2024-11-25
Fresnay-sur-Sarthe,72138,72130,Maison,34.0,80000.0,2352.94,2024-11-27
Fresnay-sur-Sarthe,72138,72130,Maison,34.0,80000.0,2352.94,2024-11-27
Le Mans,72181,72000,Appartement,57.0,103000.0,1807.02,2024-12-11
Joué-en-Charnie,72149,72540,Maison,78.0,147000.0,1884.62,2024-12-09
Aubigné-Racan,72013,72800,Maison,64.0,48000.0,750.0,2024-12-12
Le Mans,72181,72000,Appartement,47.0,99900.0,2125.53,2024-11-28
Le Mans,72181,72000,Appartement,78.0,108000.0,1384.62,2024-12-05
Le Mans,72181,72100,Maison,50.0,75000.0,1500.0,2024-12-12
La Flèche,72154,72200,Appartement,71.0,157740.0,2221.69,2024-12-04
La Flèche,72154,72200,Appartement,49.0,157740.0,3219.18,2024-12-04
La Flèche,72154,72200,Appartement,31.0,157740.0,5088.39,2024-12-04
Montreuil-le-Henri,72210,72150,Maison,100.0,102000.0,1020.0,2024-12-05
La Flèche,72154,72200,Maison,70.0,117000.0,1671.43,2024-12-04
Allonnes,72003,72700,Appartement,48.0,73000.0,1520.83,2024-12-13
Le Mans,72181,72000,Appartement,41.0,95500.0,2329.27,2024-12-12
Neuville-sur-Sarthe,72217,72190,Maison,98.0,180000.0,1836.73,2024-11-20
Courcemont,72101,72110,Maison,157.0,275000.0,1751.59,2024-11-28
Le Mans,72181,72000,Appartement,29.0,68000.0,2344.83,2024-11-20
Le Lude,72176,72800,Maison,90.0,53800.0,597.78,2024-12-09
Dangeul,72112,72260,Maison,82.0,115000.0,1402.44,2024-12-06
Précigné,72244,72300,Maison,131.0,120000.0,916.03,2024-11-22
Le Mans,72181,72100,Maison,36.0,88000.0,2444.44,2024-12-12
La Flèche,72154,72200,Maison,72.0,145000.0,2013.89,2024-12-11
Cogners,72085,72310,Maison,74.0,100000.0,1351.35,2024-11-27
Savigné-l'Évêque,72329,72460,Maison,82.0,159990.0,1951.1,2024-12-09
La Flèche,72154,72200,Appartement,93.0,110000.0,1182.8,2024-12-06
Le Mans,72181,72100,Maison,71.0,130000.0,1830.99,2024-12-06
Le Mans,72181,72000,Appartement,55.0,107000.0,1945.45,2024-12-02
Le Mans,72181,72000,Appartement,90.0,125000.0,1388.89,2024-12-11
Beaumont-sur-Sarthe,72029,72170,Maison,117.0,117000.0,1000.0,2024-12-12
Les Mées,72192,72260,Maison,110.0,114000.0,1036.36,2024-12-11
Montbizot,72205,72380,Maison,109.0,185000.0,1697.25,2024-12-11
La Flèche,72154,72200,Maison,99.0,180000.0,1818.18,2024-12-05
Tuffé Val de la Chéronne,72363,72160,Maison,45.0,76000.0,1688.89,2024-11-19
La Milesse,72198,72650,Maison,124.0,285000.0,2298.39,2024-12-03
Le Mans,72181,72000,Maison,180.0,331000.0,1838.89,2024-12-05
Le Mans,72181,72000,Appartement,23.0,64000.0,2782.61,2024-12-11
Le Mans,72181,72000,Appartement,67.0,174000.0,2597.01,2024-12-12
Le Mans,72181,72000,Maison,150.0,305000.0,2033.33,2024-12-12
Le Mans,72181,72000,Maison,150.0,305000.0,2033.33,2024-12-12
Dollon,72118,72390,Maison,64.0,50000.0,781.25,2024-12-13
Neufchâtel-en-Saosnois,72215,72600,Maison,50.0,75000.0,1500.0,2024-12-04
Neufchâtel-en-Saosnois,72215,72600,Maison,50.0,75000.0,1500.0,2024-12-04
Ségrie,72332,72170,Maison,125.0,195000.0,1560.0,2024-12-12
Cérans-Foulletourte,72051,72330,Maison,200.0,258000.0,1290.0,2024-12-09
Écommoy,72124,72220,Maison,185.0,270000.0,1459.46,2024-12-12
Écommoy,72124,72220,Maison,158.0,220000.0,1392.41,2024-12-13
Le Mans,72181,72000,Maison,152.0,170000.0,1118.42,2024-12-10
Le Mans,72181,72000,Maison,63.0,154000.0,2444.44,2024-12-13
Degré,72113,72550,Maison,80.0,168000.0,2100.0,2024-12-06
Montval-sur-Loir,72071,72500,Appartement,58.0,240000.0,4137.93,2024-12-12
Montval-sur-Loir,72071,72500,Appartement,62.0,240000.0,3870.97,2024-12-12
Montval-sur-Loir,72071,72500,Appartement,44.0,240000.0,5454.55,2024-12-12
Montval-sur-Loir,72071,72500,Appartement,45.0,240000.0,5333.33,2024-12-12
Montval-sur-Loir,72071,72500,Appartement,70.0,240000.0,3428.57,2024-12-12
Montval-sur-Loir,72071,72500,Appartement,85.0,240000.0,2823.53,2024-12-12
Coulaines,72095,72190,Appartement,93.0,108000.0,1161.29,2024-12-09
Le Mans,72181,72000,Appartement,45.0,163000.0,3622.22,2024-12-11
Le Mans,72181,72000,Appartement,41.0,163000.0,3975.61,2024-12-11
Le Mans,72181,72000,Appartement,33.0,163000.0,4939.39,2024-12-11
Le Mans,72181,72000,Maison,96.0,230000.0,2395.83,2024-12-12
Le Mans,72181,72000,Appartement,23.0,72650.0,3158.7,2024-12-04
Saint-Paul-le-Gaultier,72309,72130,Maison,83.0,95000.0,1144.58,2024-12-12
Cérans-Foulletourte,72051,72330,Maison,70.0,68000.0,971.43,2024-12-05
Le Mans,72181,72000,Appartement,69.0,102900.0,1491.3,2024-12-13
Mulsanne,72213,72230,Maison,68.0,133000.0,1955.88,2024-12-05
Teloché,72350,72220,Maison,165.0,240000.0,1454.55,2024-12-09
Teloché,72350,72220,Maison,165.0,240000.0,1454.55,2024-12-09
Lombron,72165,72450,Maison,80.0,110000.0,1375.0,2024-12-12
Lombron,72165,72450,Maison,80.0,110000.0,1375.0,2024-12-12
Mamers,72180,72600,Maison,86.0,125400.0,1458.14,2024-12-06
Bonnétable,72039,72110,Maison,46.0,65000.0,1413.04,2024-12-12
Le Mans,72181,72100,Maison,77.0,175000.0,2272.73,2024-11-28
Le Mans,72181,72100,Maison,62.0,195000.0,3145.16,2024-12-13
Le Mans,72181,72000,Maison,84.0,215000.0,2559.52,2024-12-09
Le Mans,72181,72000,Maison,147.0,409000.0,2782.31,2024-12-04
Le Mans,72181,72100,Appartement,60.0,155000.0,2583.33,2024-12-06
Le Mans,72181,72000,Maison,81.0,158000.0,1950.62,2024-12-13
Le Mans,72181,72000,Appartement,50.0,113500.0,2270.0,2024-12-09
Rouillon,72257,72700,Maison,249.0,1400000.0,5622.49,2024-12-13
Rouillon,72257,72700,Maison,249.0,1400000.0,5622.49,2024-12-13
Le Mans,72181,72100,Maison,75.0,184000.0,2453.33,2024-12-13
Saint-Paterne - Le Chevain,72308,72610,Maison,102.0,177000.0,1735.29,2024-12-11
Saint-Paterne - Le Chevain,72308,72610,Maison,102.0,177000.0,1735.29,2024-12-11
Le Luart,72172,72390,Appartement,44.0,20000.0,454.55,2024-12-12
Savigné-l'Évêque,72329,72460,Maison,126.0,117500.0,932.54,2024-12-04
Fyé,72139,72610,Maison,66.0,90000.0,1363.64,2024-12-10
Champagné,72054,72470,Appartement,110.0,190000.0,1727.27,2024-12-09
Champagné,72054,72470,Appartement,110.0,190000.0,1727.27,2024-12-09
Champagné,72054,72470,Maison,79.0,136000.0,1721.52,2024-12-03
Saint-Georges-du-Bois,72280,72700,Maison,85.0,210000.0,2470.59,2024-12-13
Lombron,72165,72450,Maison,83.0,167000.0,2012.05,2024-12-04
Lombron,72165,72450,Maison,83.0,167000.0,2012.05,2024-12-04
Mulsanne,72213,72230,Maison,82.0,175000.0,2134.15,2024-12-11
Savigné-l'Évêque,72329,72460,Maison,93.0,220000.0,2365.59,2024-12-09
Savigné-l'Évêque,72329,72460,Maison,93.0,220000.0,2365.59,2024-12-09
Savigné-l'Évêque,72329,72460,Maison,93.0,220000.0,2365.59,2024-12-09
Le Mans,72181,72100,Appartement,60.0,76000.0,1266.67,2024-12-10
Le Mans,72181,72100,Maison,67.0,161000.0,2402.99,2024-12-12
Savigné-l'Évêque,72329,72460,Maison,68.0,155000.0,2279.41,2024-12-16
Le Mans,72181,72100,Appartement,65.0,78000.0,1200.0,2024-12-13
Le Mans,72181,72000,Appartement,66.0,120000.0,1818.18,2024-12-06
Sillé-le-Philippe,72335,72460,Maison,84.0,125000.0,1488.1,2024-12-06
Le Mans,72181,72000,Appartement,68.0,145000.0,2132.35,2024-12-11
Le Mans,72181,72000,Appartement,22.0,79000.0,3590.91,2024-12-10
Courgains,72104,72260,Maison,97.0,55000.0,567.01,2024-12-06
Savigné-l'Évêque,72329,72460,Maison,52.0,37500.0,721.15,2024-12-02
Savigné-l'Évêque,72329,72460,Maison,52.0,37500.0,721.15,2024-12-02
Tennie,72351,72240,Maison,103.0,91500.0,888.35,2024-12-12
Lavaré,72158,72390,Maison,70.0,118000.0,1685.71,2024-12-11
Lavaré,72158,72390,Maison,70.0,118000.0,1685.71,2024-12-11
Allonnes,72003,72700,Appartement,71.0,90000.0,1267.61,2024-12-12
Allonnes,72003,72700,Appartement,90.0,90000.0,1000.0,2024-12-12
Surfonds,72345,72370,Maison,75.0,180000.0,2400.0,2024-12-13
Surfonds,72345,72370,Maison,66.0,180000.0,2727.27,2024-12-13
Allonnes,72003,72700,Maison,59.0,98000.0,1661.02,2024-12-12
Lamnay,72156,72320,Maison,139.0,40000.0,287.77,2024-12-09
Lamnay,72156,72320,Maison,139.0,40000.0,287.77,2024-12-09
Allonnes,72003,72700,Maison,80.0,124000.0,1550.0,2024-12-11
Maigné,72177,72210,Maison,120.0,202000.0,1683.33,2024-12-16
Saint-Michel-de-Chavaignes,72303,72440,Maison,185.0,191000.0,1032.43,2024-12-12
Saint-Calais,72269,72120,Maison,60.0,45000.0,750.0,2024-12-13
Mayet,72191,72360,Maison,36.0,34500.0,958.33,2024-12-06
Le Mans,72181,72100,Maison,53.0,130000.0,2452.83,2024-12-11
Saint-Jean-du-Bois,72293,72430,Maison,80.0,145000.0,1812.5,2024-12-17
Noyen-sur-Sarthe,72223,72430,Maison,26.0,57300.0,2203.85,2024-12-10
Saint-Gervais-de-Vic,72286,72120,Maison,108.0,175000.0,1620.37,2024-12-13
Saint-Gervais-de-Vic,72286,72120,Maison,108.0,175000.0,1620.37,2024-12-13
Noyen-sur-Sarthe,72223,72430,Maison,60.0,85000.0,1416.67,2024-12-13
Saint-Paterne - Le Chevain,72308,72610,Maison,75.0,128500.0,1713.33,2024-12-06
Bonnétable,72039,72110,Maison,60.0,60000.0,1000.0,2024-12-13
Auvers-le-Hamon,72016,72300,Maison,40.0,80000.0,2000.0,2024-12-07
Auvers-le-Hamon,72016,72300,Maison,40.0,80000.0,2000.0,2024-12-07
Le Mans,72181,72100,Appartement,36.0,35000.0,972.22,2024-12-16
Pezé-le-Robert,72234,72140,Maison,83.0,130000.0,1566.27,2024-12-11
Sablé-sur-Sarthe,72264,72300,Maison,68.0,45000.0,661.76,2024-12-11
Arnage,72008,72230,Maison,81.0,210000.0,2592.59,2024-12-13
Fillé,72133,72210,Maison,104.0,205000.0,1971.15,2024-12-16
Vibraye,72373,72320,Maison,109.0,112000.0,1027.52,2024-12-11
Le Mans,72181,72000,Appartement,25.0,63000.0,2520.0,2024-12-05
Guécélard,72146,72230,Maison,163.0,420000.0,2576.69,2024-12-14
Guécélard,72146,72230,Maison,163.0,420000.0,2576.69,2024-12-14
Berfay,72032,72320,Maison,173.0,195000.0,1127.17,2024-12-11
La Suze-sur-Sarthe,72346,72210,Maison,116.0,150000.0,1293.1,2024-12-13
Arnage,72008,72230,Maison,81.0,150850.0,1862.35,2024-12-13
Saint-Léonard-des-Bois,72294,72130,Maison,99.0,78000.0,787.88,2024-12-13
Fresnay-sur-Sarthe,72138,72130,Maison,102.0,169950.0,1666.18,2024-12-14
Le Mans,72181,72000,Maison,85.0,197782.0,2326.85,2024-11-29
Le Mans,72181,72000,Appartement,16.0,250000.0,15625.0,2024-11-28
Le Mans,72181,72000,Appartement,21.0,250000.0,11904.76,2024-11-28
Le Mans,72181,72000,Appartement,37.0,250000.0,6756.76,2024-11-28
Le Mans,72181,72000,Appartement,16.0,250000.0,15625.0,2024-11-28
Le Mans,72181,72000,Appartement,21.0,250000.0,11904.76,2024-11-28
Spay,72344,72700,Maison,153.0,226000.0,1477.12,2024-12-12
Spay,72344,72700,Maison,153.0,226000.0,1477.12,2024-12-12
Le Mans,72181,72100,Maison,57.0,139000.0,2438.6,2024-12-13
Le Mans,72181,72000,Maison,76.0,150000.0,1973.68,2024-12-10
Allonnes,72003,72700,Appartement,80.0,80000.0,1000.0,2024-12-16
Allonnes,72003,72700,Appartement,71.0,80000.0,1126.76,2024-12-16
Laigné-en-Belin,72155,72220,Maison,116.0,254000.0,2189.66,2024-12-06
Parigné-l'Évêque,72231,72250,Maison,97.0,190000.0,1958.76,2024-12-13
Beaumont-sur-Sarthe,72029,72170,Maison,81.0,180000.0,2222.22,2024-12-13
Sablé-sur-Sarthe,72264,72300,Appartement,55.0,157000.0,2854.55,2024-12-11
Sablé-sur-Sarthe,72264,72300,Appartement,38.0,157000.0,4131.58,2024-12-11
Sablé-sur-Sarthe,72264,72300,Appartement,60.0,157000.0,2616.67,2024-12-11
Spay,72344,72700,Maison,75.0,210000.0,2800.0,2024-12-12
Fercé-sur-Sarthe,72131,72430,Maison,122.0,175000.0,1434.43,2024-12-16
Spay,72344,72700,Maison,100.0,140000.0,1400.0,2024-12-13
Mulsanne,72213,72230,Maison,96.0,120000.0,1250.0,2024-12-16
Loué,72168,72540,Maison,90.0,180000.0,2000.0,2024-08-26
Loué,72168,72540,Maison,90.0,180000.0,2000.0,2024-08-26
Coulans-sur-Gée,72096,72550,Maison,128.0,43345.0,338.63,2024-09-20
Saint-Calez-en-Saosnois,72270,72600,Maison,201.0,185000.0,920.4,2024-12-13
Saint-Calez-en-Saosnois,72270,72600,Maison,201.0,185000.0,920.4,2024-12-13
Saint-Calez-en-Saosnois,72270,72600,Maison,201.0,185000.0,920.4,2024-12-13
La Ferté-Bernard,72132,72400,Appartement,39.0,43000.0,1102.56,2024-12-16
Le Mans,72181,72100,Maison,85.0,100000.0,1176.47,2024-12-05
Yvré-l'Évêque,72386,72530,Maison,198.0,270000.0,1363.64,2024-12-17
Yvré-l'Évêque,72386,72530,Maison,198.0,270000.0,1363.64,2024-12-17
Yvré-l'Évêque,72386,72530,Maison,198.0,270000.0,1363.64,2024-12-17
Laigné-en-Belin,72155,72220,Maison,121.0,330000.0,2727.27,2024-12-12
Laigné-en-Belin,72155,72220,Maison,121.0,330000.0,2727.27,2024-12-12
Saint-Cosme-en-Vairais,72276,72110,Maison,37.0,65000.0,1756.76,2024-12-04
Laigné-en-Belin,72155,72220,Maison,97.0,175000.0,1804.12,2024-11-28
Le Mans,72181,72100,Maison,55.0,93000.0,1690.91,2024-12-17
Le Mans,72181,72100,Maison,119.0,168000.0,1411.76,2024-12-17
Mansigné,72182,72510,Maison,70.0,96000.0,1371.43,2024-12-11
Sillé-le-Guillaume,72334,72140,Maison,81.0,100000.0,1234.57,2024-12-16
Le Mans,72181,72000,Appartement,49.0,99000.0,2020.41,2024-12-16
Le Mans,72181,72100,Appartement,99.0,110000.0,1111.11,2024-12-16
Marolles-les-Braults,72189,72260,Maison,37.0,10000.0,270.27,2024-12-09
Mamers,72180,72600,Maison,156.0,95000.0,608.97,2024-12-09
Le Mans,72181,72100,Appartement,67.0,64000.0,955.22,2024-12-11
Le Mans,72181,72100,Maison,98.0,206700.0,2109.18,2024-12-13
Le Mans,72181,72000,Appartement,56.0,80000.0,1428.57,2024-12-05
La Milesse,72198,72650,Maison,168.0,280000.0,1666.67,2024-12-06
La Milesse,72198,72650,Maison,168.0,280000.0,1666.67,2024-12-06
Le Mans,72181,72000,Maison,93.0,238000.0,2559.14,2024-12-16
Le Mans,72181,72000,Appartement,41.0,124000.0,3024.39,2024-12-17
Le Bailleul,72022,72200,Maison,130.0,177000.0,1361.54,2024-12-13
Le Mans,72181,72000,Appartement,49.0,89000.0,1816.33,2024-12-13
Le Mans,72181,72000,Maison,70.0,147000.0,2100.0,2024-12-05
Le Mans,72181,72000,Appartement,61.0,71500.0,1172.13,2024-12-06
Allonnes,72003,72700,Appartement,48.0,65000.0,1354.17,2024-12-17
Le Mans,72181,72000,Maison,84.0,310000.0,3690.48,2024-12-17
Le Mans,72181,72100,Appartement,98.0,142000.0,1448.98,2024-12-11
Le Mans,72181,72100,Appartement,49.0,142000.0,2897.96,2024-12-11
Le Mans,72181,72100,Maison,93.0,213000.0,2290.32,2024-12-11
Le Mans,72181,72100,Maison,80.0,213000.0,2662.5,2024-12-11
Allonnes,72003,72700,Appartement,46.0,70000.0,1521.74,2024-12-18
La Chapelle-Saint-Rémy,72067,72160,Maison,100.0,225000.0,2250.0,2024-12-17
Le Mans,72181,72000,Appartement,51.0,90000.0,1764.71,2024-12-16
Mamers,72180,72600,Maison,71.0,22000.0,309.86,2024-12-04
Mézières-sur-Ponthouin,72196,72290,Maison,136.0,107000.0,786.76,2024-12-16
Guécélard,72146,72230,Maison,113.0,229500.0,2030.97,2024-12-13
Dehault,72114,72400,Maison,133.0,74000.0,556.39,2024-12-18
La Milesse,72198,72650,Maison,92.0,168000.0,1826.09,2024-12-09
La Milesse,72198,72650,Maison,92.0,168000.0,1826.09,2024-12-09
La Milesse,72198,72650,Maison,92.0,168000.0,1826.09,2024-12-09
Le Mans,72181,72000,Maison,129.0,339000.0,2627.91,2024-12-16
Malicorne-sur-Sarthe,72179,72270,Maison,103.0,150000.0,1456.31,2024-12-09
Le Mans,72181,72100,Maison,90.0,114000.0,1266.67,2024-12-05
Mayet,72191,72360,Maison,96.0,196000.0,2041.67,2024-12-17
Mayet,72191,72360,Maison,96.0,196000.0,2041.67,2024-12-17
Avessé,72019,72350,Maison,99.0,69000.0,696.97,2024-12-17
Avessé,72019,72350,Maison,99.0,69000.0,696.97,2024-12-17
Avessé,72019,72350,Maison,99.0,69000.0,696.97,2024-12-17
Montval-sur-Loir,72071,72500,Maison,100.0,40000.0,400.0,2024-12-12
Luché-Pringé,72175,72800,Maison,100.0,110000.0,1100.0,2024-12-12
Le Mans,72181,72000,Maison,84.0,169741.0,2020.73,2024-12-13
Le Lude,72176,72800,Maison,86.0,150000.0,1744.19,2024-12-13
Allonnes,72003,72700,Appartement,48.0,75000.0,1562.5,2024-12-17
Le Mans,72181,72000,Maison,102.0,145000.0,1421.57,2024-12-13
Montval-sur-Loir,72071,72500,Maison,129.0,269500.0,2089.15,2024-12-18
Montval-sur-Loir,72071,72500,Appartement,65.0,129000.0,1984.62,2024-12-18
Montval-sur-Loir,72071,72500,Appartement,90.0,129000.0,1433.33,2024-12-18
Le Mans,72181,72000,Appartement,66.0,64000.0,969.7,2024-12-06
Saint-Marceau,72297,72170,Maison,70.0,110000.0,1571.43,2024-12-18
Le Mans,72181,72000,Maison,115.0,395000.0,3434.78,2024-12-16
Marolles-les-Braults,72189,72260,Maison,53.0,57000.0,1075.47,2024-12-17
La Ferté-Bernard,72132,72400,Appartement,71.0,192500.0,2711.27,2024-12-17
Sablé-sur-Sarthe,72264,72300,Appartement,45.0,241500.0,5366.67,2024-12-12
Sablé-sur-Sarthe,72264,72300,Appartement,28.0,241500.0,8625.0,2024-12-12
Sablé-sur-Sarthe,72264,72300,Appartement,45.0,241500.0,5366.67,2024-12-12
Sablé-sur-Sarthe,72264,72300,Appartement,25.0,241500.0,9660.0,2024-12-12
Sablé-sur-Sarthe,72264,72300,Appartement,60.0,241500.0,4025.0,2024-12-12
Arçonnay,72006,72610,Maison,90.0,164000.0,1822.22,2024-12-06
Saint-Paul-le-Gaultier,72309,72130,Maison,60.0,35000.0,583.33,2024-12-17
Le Mans,72181,72100,Maison,45.0,99000.0,2200.0,2024-12-09
Fyé,72139,72610,Maison,120.0,145000.0,1208.33,2024-12-09
Le Mans,72181,72100,Appartement,67.0,68500.0,1022.39,2024-12-16
Coulaines,72095,72190,Appartement,71.0,90000.0,1267.61,2024-12-18
Montval-sur-Loir,72071,72500,Maison,90.0,70000.0,777.78,2024-12-07
Mayet,72191,72360,Maison,50.0,49900.0,998.0,2024-12-13
Le Mans,72181,72000,Maison,78.0,110000.0,1410.26,2024-12-17
Le Lude,72176,72800,Appartement,54.0,72000.0,1333.33,2024-12-18
Le Lude,72176,72800,Appartement,69.0,72000.0,1043.48,2024-12-18
Roézé-sur-Sarthe,72253,72210,Maison,110.0,165000.0,1500.0,2024-12-13
Le Mans,72181,72100,Maison,67.0,200000.0,2985.07,2024-12-18
Le Mans,72181,72000,Maison,100.0,115000.0,1150.0,2024-12-16
La Flèche,72154,72200,Maison,99.0,175000.0,1767.68,2024-12-13
Le Mans,72181,72000,Maison,43.0,140000.0,3255.81,2024-12-16
Le Mans,72181,72100,Appartement,62.0,93000.0,1500.0,2024-12-06
Le Mans,72181,72000,Appartement,50.0,105000.0,2100.0,2024-12-12
Le Mans,72181,72000,Appartement,36.0,83000.0,2305.56,2024-11-27
Mayet,72191,72360,Maison,60.0,93000.0,1550.0,2024-12-19
Saint-Ulphace,72322,72320,Maison,60.0,77000.0,1283.33,2024-12-18
Le Mans,72181,72000,Appartement,32.0,67500.0,2109.38,2024-12-16
Rouillon,72257,72700,Maison,67.0,120000.0,1791.04,2024-12-20
Mamers,72180,72600,Maison,25.0,35000.0,1400.0,2024-12-17
Noyen-sur-Sarthe,72223,72430,Maison,133.0,161500.0,1214.29,2024-12-11
Noyen-sur-Sarthe,72223,72430,Maison,133.0,161500.0,1214.29,2024-12-11
Saint-Mars-d'Outillé,72299,72220,Maison,87.0,190000.0,2183.91,2024-12-16
Écommoy,72124,72220,Maison,84.0,113000.0,1345.24,2024-12-18
Écommoy,72124,72220,Maison,84.0,113000.0,1345.24,2024-12-18
Écommoy,72124,72220,Maison,95.0,113000.0,1189.47,2024-12-18
Écommoy,72124,72220,Maison,84.0,113000.0,1345.24,2024-12-18
Écommoy,72124,72220,Maison,95.0,113000.0,1189.47,2024-12-18
Écommoy,72124,72220,Maison,84.0,113000.0,1345.24,2024-12-18
Écommoy,72124,72220,Maison,95.0,113000.0,1189.47,2024-12-18
Écommoy,72124,72220,Maison,84.0,113000.0,1345.24,2024-12-18
Écommoy,72124,72220,Maison,95.0,113000.0,1189.47,2024-12-18
Écommoy,72124,72220,Maison,84.0,113000.0,1345.24,2024-12-18
Écommoy,72124,72220,Maison,95.0,113000.0,1189.47,2024-12-18
Écommoy,72124,72220,Maison,84.0,113000.0,1345.24,2024-12-18
Écommoy,72124,72220,Maison,95.0,113000.0,1189.47,2024-12-18
Écommoy,72124,72220,Maison,95.0,113000.0,1189.47,2024-12-18
Saint-Léonard-des-Bois,72294,72130,Maison,63.0,82000.0,1301.59,2024-12-12
Saint-Léonard-des-Bois,72294,72130,Maison,63.0,82000.0,1301.59,2024-12-12
La Chapelle-d'Aligné,72061,72300,Maison,93.0,210000.0,2258.06,2024-12-20
La Chapelle-d'Aligné,72061,72300,Maison,93.0,210000.0,2258.06,2024-12-20
La Flèche,72154,72200,Maison,78.0,155000.0,1987.18,2024-12-20
Le Mans,72181,72000,Maison,51.0,180000.0,3529.41,2024-12-19
Le Mans,72181,72000,Maison,114.0,270000.0,2368.42,2024-12-20
Le Mans,72181,72000,Maison,102.0,180000.0,1764.71,2024-12-21
La Chapelle-Saint-Rémy,72067,72160,Maison,92.0,180000.0,1956.52,2024-12-19
Mamers,72180,72600,Maison,85.0,80000.0,941.18,2024-12-11
Fresnay-sur-Sarthe,72138,72130,Appartement,55.0,75000.0,1363.64,2024-11-27
Le Mans,72181,72100,Maison,71.0,138000.0,1943.66,2024-12-16
Le Mans,72181,72000,Appartement,33.0,81000.0,2454.55,2024-12-18
Coulaines,72095,72190,Appartement,82.0,130000.0,1585.37,2024-12-18
Le Mans,72181,72100,Appartement,25.0,264000.0,10560.0,2024-12-13
Le Mans,72181,72100,Appartement,55.0,264000.0,4800.0,2024-12-13
Le Mans,72181,72100,Appartement,45.0,264000.0,5866.67,2024-12-13
Le Mans,72181,72100,Appartement,20.0,264000.0,13200.0,2024-12-13
Le Mans,72181,72000,Appartement,48.0,162238.0,3379.96,2024-12-18
Mézières-sur-Ponthouin,72196,72290,Maison,76.0,60000.0,789.47,2024-12-19
Bazouges Cré sur Loir,72025,72200,Maison,81.0,140000.0,1728.4,2024-12-13
Le Mans,72181,72000,Appartement,35.0,83243.0,2378.37,2024-12-10
Villeneuve-en-Perseigne,72137,72600,Maison,160.0,255000.0,1593.75,2024-12-20
Louzes,72171,72600,Maison,153.0,445000.0,2908.5,2024-12-23
Lavardin,72157,72240,Maison,109.0,155000.0,1422.02,2024-12-16
Lavardin,72157,72240,Maison,109.0,155000.0,1422.02,2024-12-16
Le Mans,72181,72100,Maison,50.0,112500.0,2250.0,2024-12-12
Le Mans,72181,72000,Appartement,42.0,45000.0,1071.43,2024-12-19
Le Mans,72181,72000,Appartement,64.0,120000.0,1875.0,2024-12-19
Marolles-les-Braults,72189,72260,Maison,149.0,160000.0,1073.83,2024-12-20
Marolles-les-Braults,72189,72260,Maison,149.0,160000.0,1073.83,2024-12-20
Marolles-les-Braults,72189,72260,Maison,149.0,160000.0,1073.83,2024-12-20
Marolles-les-Braults,72189,72260,Maison,149.0,160000.0,1073.83,2024-12-20
Le Mans,72181,72000,Maison,112.0,290000.0,2589.29,2024-12-13
Changé,72058,72560,Maison,167.0,200000.0,1197.6,2024-12-20
Changé,72058,72560,Maison,167.0,200000.0,1197.6,2024-12-20
Changé,72058,72560,Maison,167.0,200000.0,1197.6,2024-12-20
Le Mans,72181,72000,Maison,80.0,170000.0,2125.0,2024-12-20
Le Mans,72181,72000,Appartement,60.0,119000.0,1983.33,2024-12-20
Chahaignes,72052,72340,Maison,49.0,38000.0,775.51,2024-12-20
Le Mans,72181,72000,Appartement,26.0,183750.0,7067.31,2024-12-16
Le Mans,72181,72000,Appartement,24.0,183750.0,7656.25,2024-12-16
Le Mans,72181,72000,Appartement,18.0,183750.0,10208.33,2024-12-16
Pontvallain,72243,72510,Maison,180.0,90000.0,500.0,2024-12-23
Montval-sur-Loir,72071,72500,Maison,98.0,33000.0,336.73,2024-12-20
Montval-sur-Loir,72071,72500,Maison,53.0,33000.0,622.64,2024-12-20
Montval-sur-Loir,72071,72500,Maison,20.0,33000.0,1650.0,2024-12-20
Sablé-sur-Sarthe,72264,72300,Appartement,92.0,142500.0,1548.91,2024-12-16
Le Mans,72181,72000,Appartement,49.0,516000.0,10530.61,2024-12-16
Le Mans,72181,72000,Appartement,56.0,516000.0,9214.29,2024-12-16
Le Mans,72181,72000,Appartement,29.0,516000.0,17793.1,2024-12-16
Le Mans,72181,72000,Appartement,32.0,516000.0,16125.0,2024-12-16
Le Mans,72181,72000,Appartement,24.0,516000.0,21500.0,2024-12-16
Vaas,72364,72500,Maison,108.0,173000.0,1601.85,2024-12-21
Saint-Pavace,72310,72190,Maison,186.0,360000.0,1935.48,2024-12-23
Le Mans,72181,72000,Appartement,81.0,172500.0,2129.63,2024-12-20
Le Mans,72181,72000,Appartement,56.0,104000.0,1857.14,2024-12-16
Le Mans,72181,72000,Appartement,60.0,124000.0,2066.67,2024-12-13
Montaillé,72204,72120,Maison,145.0,230000.0,1586.21,2024-12-12
Montaillé,72204,72120,Maison,145.0,230000.0,1586.21,2024-12-12
La Suze-sur-Sarthe,72346,72210,Appartement,50.0,50000.0,1000.0,2024-12-19
La Suze-sur-Sarthe,72346,72210,Appartement,50.0,50000.0,1000.0,2024-12-19
La Suze-sur-Sarthe,72346,72210,Appartement,50.0,50000.0,1000.0,2024-12-19
Beillé,72031,72160,Maison,69.0,75500.0,1094.2,2024-10-08
Beillé,72031,72160,Maison,69.0,75500.0,1094.2,2024-10-08
Le Mans,72181,72100,Appartement,73.0,100000.0,1369.86,2024-12-11
Rouillon,72257,72700,Maison,95.0,1200000.0,12631.58,2024-12-17
Rouillon,72257,72700,Appartement,132.0,1200000.0,9090.91,2024-12-17
Rouillon,72257,72700,Appartement,132.0,1200000.0,9090.91,2024-12-17
Rouillon,72257,72700,Appartement,132.0,1200000.0,9090.91,2024-12-17
La Flèche,72154,72200,Maison,80.0,105000.0,1312.5,2024-11-29
Coudrecieux,72094,72440,Maison,54.0,63000.0,1166.67,2024-12-07
Le Mans,72181,72000,Appartement,28.0,30000.0,1071.43,2024-12-17
Sablé-sur-Sarthe,72264,72300,Appartement,85.0,140000.0,1647.06,2024-12-17
Sablé-sur-Sarthe,72264,72300,Appartement,62.0,103000.0,1661.29,2024-12-16
Villaines-sous-Lucé,72376,72150,Maison,153.0,165000.0,1078.43,2024-12-12
Avoise,72021,72430,Maison,82.0,2100000.0,25609.76,2024-12-13
Avoise,72021,72430,Maison,82.0,2100000.0,25609.76,2024-12-13
Allonnes,72003,72700,Appartement,50.0,74000.0,1480.0,2024-12-23
Le Mans,72181,72000,Appartement,60.0,92000.0,1533.33,2024-12-30
Sillé-le-Philippe,72335,72460,Maison,106.0,100000.0,943.4,2024-12-17
Sillé-le-Philippe,72335,72460,Maison,106.0,100000.0,943.4,2024-12-17
Le Mans,72181,72100,Appartement,74.0,149800.0,2024.32,2024-12-17
Savigné-l'Évêque,72329,72460,Maison,47.0,128000.0,2723.4,2024-12-27
Savigné-l'Évêque,72329,72460,Maison,100.0,128000.0,1280.0,2024-12-27
Le Mans,72181,72000,Maison,80.0,200000.0,2500.0,2024-12-20
Savigné-l'Évêque,72329,72460,Maison,87.0,214500.0,2465.52,2024-12-26
Savigné-l'Évêque,72329,72460,Maison,87.0,214500.0,2465.52,2024-12-26
Lhomme,72161,72340,Maison,74.0,115000.0,1554.05,2024-12-27
Le Mans,72181,72000,Maison,75.0,350000.0,4666.67,2024-12-17
Le Mans,72181,72000,Maison,46.0,350000.0,7608.7,2024-12-17
Le Mans,72181,72000,Appartement,31.0,82000.0,2645.16,2024-12-17
Thoiré-sur-Dinan,72356,72500,Maison,114.0,110000.0,964.91,2024-12-20
Le Grez,72145,72140,Maison,158.0,204000.0,1291.14,2024-12-19
Le Grez,72145,72140,Maison,158.0,204000.0,1291.14,2024-12-19
Changé,72058,72560,Maison,98.0,300000.0,3061.22,2024-12-30
Changé,72058,72560,Maison,98.0,300000.0,3061.22,2024-12-30
Fatines,72129,72470,Maison,76.0,150000.0,1973.68,2024-12-13
Fatines,72129,72470,Maison,76.0,150000.0,1973.68,2024-12-13
Saint-Aubin-des-Coudrais,72267,72400,Maison,122.0,15000.0,122.95,2024-12-23
Mamers,72180,72600,Maison,71.0,69000.0,971.83,2024-12-30
Coulaines,72095,72190,Appartement,49.0,115000.0,2346.94,2024-12-30
La Ferté-Bernard,72132,72400,Appartement,63.0,45000.0,714.29,2024-12-19
Villeneuve-en-Perseigne,72137,72610,Maison,130.0,100000.0,769.23,2024-12-26
Le Mans,72181,72000,Maison,70.0,52000.0,742.86,2024-12-27
Connerré,72090,72160,Maison,80.0,68000.0,850.0,2024-12-18
La Ferté-Bernard,72132,72400,Maison,154.0,312000.0,2025.97,2024-12-31
Saint-Jean-du-Bois,72293,72430,Maison,81.0,129500.0,1598.77,2024-12-05
Val d'Étangson,72128,72120,Maison,135.0,170000.0,1259.26,2024-12-12
Tuffé Val de la Chéronne,72363,72160,Maison,77.0,75000.0,974.03,2024-12-18
Tuffé Val de la Chéronne,72363,72160,Maison,77.0,75000.0,974.03,2024-12-18
Guécélard,72146,72230,Maison,70.0,192000.0,2742.86,2024-12-13
Connerré,72090,72160,Maison,103.0,77500.0,752.43,2024-12-13
Le Grand-Lucé,72143,72150,Maison,84.0,170000.0,2023.81,2024-12-13
Le Grand-Lucé,72143,72150,Maison,84.0,170000.0,2023.81,2024-12-13
Le Grand-Lucé,72143,72150,Maison,84.0,170000.0,2023.81,2024-12-13
Villaines-sous-Lucé,72376,72150,Maison,42.0,176000.0,4190.48,2024-12-12
Villaines-sous-Lucé,72376,72150,Maison,42.0,176000.0,4190.48,2024-12-12
Villaines-sous-Lucé,72376,72150,Maison,42.0,176000.0,4190.48,2024-12-12
Villaines-sous-Lucé,72376,72150,Maison,42.0,176000.0,4190.48,2024-12-12
Lavaré,72158,72390,Maison,132.0,168500.0,1276.52,2024-12-30
Beillé,72031,72160,Maison,69.0,63000.0,913.04,2024-12-20
La Chartre-sur-le-Loir,72068,72340,Maison,62.0,51500.0,830.65,2024-12-19
La Chapelle-Saint-Rémy,72067,72160,Maison,172.0,162500.0,944.77,2024-12-20
Parigné-le-Pôlin,72230,72330,Maison,106.0,70000.0,660.38,2024-12-30
Marolles-les-Braults,72189,72260,Maison,100.0,47667.0,476.67,2024-12-20
Marolles-les-Braults,72189,72260,Maison,100.0,47667.0,476.67,2024-12-20
Montfort-le-Gesnois,72241,72450,Maison,95.0,160000.0,1684.21,2024-12-26
Duneau,72122,72160,Maison,86.0,150000.0,1744.19,2024-12-23
Coudrecieux,72094,72440,Maison,77.0,80000.0,1038.96,2024-12-12
Bonnétable,72039,72110,Maison,65.0,61000.0,938.46,2024-12-20
Boëssé-le-Sec,72038,72400,Maison,48.0,23000.0,479.17,2024-12-24
Le Mans,72181,72100,Maison,97.0,215000.0,2216.49,2024-12-11
Saint-Marceau,72297,72170,Maison,105.0,222500.0,2119.05,2024-12-30
Saint-Marceau,72297,72170,Maison,105.0,222500.0,2119.05,2024-12-30
Saint-Pierre-du-Lorouër,72314,72150,Maison,39.0,12000.0,307.69,2024-12-18
Saint-Pierre-du-Lorouër,72314,72150,Maison,39.0,12000.0,307.69,2024-12-18
Val d'Étangson,72128,72120,Maison,73.0,15000.0,205.48,2024-12-20
Loir en Vallée,72262,72340,Maison,70.0,112350.0,1605.0,2024-12-19
Chahaignes,72052,72340,Maison,50.0,42000.0,840.0,2024-12-20
Le Mans,72181,72000,Appartement,33.0,56000.0,1696.97,2024-12-26
Loir en Vallée,72262,72310,Maison,59.0,25000.0,423.73,2024-12-20
Marolles-les-Braults,72189,72260,Maison,78.0,38000.0,487.18,2024-12-20
La Ferté-Bernard,72132,72400,Appartement,80.0,87000.0,1087.5,2024-12-19
Sillé-le-Guillaume,72334,72140,Maison,120.0,64500.0,537.5,2024-12-24
La Ferté-Bernard,72132,72400,Maison,89.0,49623.99,557.57,2024-12-18
Sillé-le-Guillaume,72334,72140,Maison,76.0,147000.0,1934.21,2024-12-31
Crissé,72109,72140,Maison,99.0,68000.0,686.87,2024-12-30
Parennes,72229,72140,Maison,81.0,75000.0,925.93,2024-12-19
Parennes,72229,72140,Maison,81.0,75000.0,925.93,2024-12-19
Saint-Calais,72269,72120,Maison,80.0,75000.0,937.5,2024-12-17
Le Mans,72181,72000,Appartement,51.0,98180.0,1925.1,2024-12-19
Sablé-sur-Sarthe,72264,72300,Maison,138.0,190000.0,1376.81,2024-12-16
Saint-Aubin-des-Coudrais,72267,72400,Maison,74.0,102000.0,1378.38,2024-12-13
Poillé-sur-Vègre,72239,72350,Maison,59.0,35000.0,593.22,2024-12-19
Poillé-sur-Vègre,72239,72350,Maison,59.0,35000.0,593.22,2024-12-19
Courdemanche,72103,72150,Maison,43.0,54000.0,1255.81,2024-12-19
Marçon,72183,72340,Maison,82.0,75600.0,921.95,2024-12-18
Le Mans,72181,72000,Appartement,47.0,76000.0,1617.02,2024-12-19
La Ferté-Bernard,72132,72400,Appartement,55.0,165000.0,3000.0,2024-12-16
La Ferté-Bernard,72132,72400,Appartement,80.0,165000.0,2062.5,2024-12-16
La Ferté-Bernard,72132,72400,Appartement,35.0,165000.0,4714.29,2024-12-16
La Ferté-Bernard,72132,72400,Appartement,55.0,165000.0,3000.0,2024-12-16
La Chapelle-Huon,72064,72310,Maison,115.0,75000.0,652.17,2024-12-20
Savigné-l'Évêque,72329,72460,Maison,80.0,158390.0,1979.88,2024-12-20
Saint-Calais,72269,72120,Maison,96.0,17000.0,177.08,2024-12-20
Savigné-l'Évêque,72329,72460,Maison,86.0,165320.0,1922.33,2024-12-20
Vibraye,72373,72320,Maison,88.0,80000.0,909.09,2024-12-23
Boëssé-le-Sec,72038,72400,Maison,95.0,144200.0,1517.89,2024-12-30
Le Mans,72181,72000,Appartement,59.0,91500.0,1550.85,2024-12-23
Bessé-sur-Braye,72035,72310,Maison,48.0,78000.0,1625.0,2024-12-21
Bessé-sur-Braye,72035,72310,Maison,48.0,78000.0,1625.0,2024-12-21
Savigné-l'Évêque,72329,72460,Maison,69.0,138590.0,2008.55,2024-12-20
Saint-Gervais-de-Vic,72286,72120,Maison,93.0,140000.0,1505.38,2024-12-20
Saint-Gervais-de-Vic,72286,72120,Maison,93.0,140000.0,1505.38,2024-12-20
Lamnay,72156,72320,Maison,130.0,75000.0,576.92,2024-12-27
Volnay,72382,72440,Maison,155.0,306000.0,1974.19,2024-12-30
Savigné-l'Évêque,72329,72460,Maison,82.0,158390.0,1931.59,2024-12-17
Savigné-l'Évêque,72329,72460,Maison,82.0,158390.0,1931.59,2024-12-19
Le Mans,72181,72000,Appartement,24.0,65000.0,2708.33,2024-12-27
Savigné-l'Évêque,72329,72460,Maison,69.0,138590.0,2008.55,2024-12-19
Saint-Calais,72269,72120,Maison,185.0,196000.0,1059.46,2024-12-21
Saint-Calais,72269,72120,Maison,185.0,196000.0,1059.46,2024-12-21
Savigné-l'Évêque,72329,72460,Maison,82.0,158390.0,1931.59,2024-12-20
La Ferté-Bernard,72132,72400,Maison,66.0,120000.0,1818.18,2024-12-23
La Ferté-Bernard,72132,72400,Maison,40.0,120000.0,3000.0,2024-12-23
Montaillé,72204,72120,Maison,84.0,42500.0,505.95,2024-12-19
Montaillé,72204,72120,Maison,84.0,42500.0,505.95,2024-12-19
Arnage,72008,72230,Maison,116.0,179000.0,1543.1,2024-12-18
Arnage,72008,72230,Maison,116.0,179000.0,1543.1,2024-12-18
Le Mans,72181,72100,Maison,61.0,60000.0,983.61,2024-12-20
Le Mans,72181,72000,Appartement,35.0,255000.0,7285.71,2024-12-30
Le Mans,72181,72000,Appartement,45.0,255000.0,5666.67,2024-12-30
Le Mans,72181,72000,Appartement,48.0,255000.0,5312.5,2024-12-30
Le Mans,72181,72000,Maison,43.0,75000.0,1744.19,2024-12-18
Mulsanne,72213,72230,Maison,88.0,155000.0,1761.36,2024-12-23
Louvigny,72170,72600,Maison,90.0,125000.0,1388.89,2024-12-26
Le Mans,72181,72000,Appartement,97.0,160000.0,1649.48,2024-12-17
Guécélard,72146,72230,Maison,82.0,165000.0,2012.2,2024-12-23
Le Breil-sur-Mérize,72046,72370,Maison,149.0,153000.0,1026.85,2024-12-23
Le Breil-sur-Mérize,72046,72370,Maison,149.0,153000.0,1026.85,2024-12-23
Moncé-en-Belin,72200,72230,Maison,203.0,342500.0,1687.19,2024-12-20
Moncé-en-Belin,72200,72230,Maison,203.0,342500.0,1687.19,2024-12-20
Arnage,72008,72230,Maison,66.0,168000.0,2545.45,2024-12-23
Le Mans,72181,72100,Appartement,45.0,77500.0,1722.22,2024-12-20
La Suze-sur-Sarthe,72346,72210,Maison,94.0,203155.0,2161.22,2024-12-18
Le Luart,72172,72390,Maison,84.0,117500.0,1398.81,2024-12-24
Arnage,72008,72230,Maison,117.0,177500.0,1517.09,2024-12-23
Spay,72344,72700,Maison,158.0,290000.0,1835.44,2024-12-30
Allonnes,72003,72700,Maison,92.0,139000.0,1510.87,2024-12-30
Parigné-l'Évêque,72231,72250,Maison,44.0,145000.0,3295.45,2024-12-17
Parigné-l'Évêque,72231,72250,Maison,80.0,145000.0,1812.5,2024-12-17
Le Mans,72181,72100,Maison,84.0,77000.0,916.67,2024-12-18
Le Mans,72181,72000,Maison,125.0,270000.0,2160.0,2024-12-23
Sargé-lès-le-Mans,72328,72190,Maison,130.0,300000.0,2307.69,2024-12-23
Le Mans,72181,72000,Appartement,96.0,128810.0,1341.77,2024-12-23
Aubigné-Racan,72013,72800,Maison,56.0,110000.0,1964.29,2024-12-20
Aubigné-Racan,72013,72800,Maison,56.0,110000.0,1964.29,2024-12-20
Écommoy,72124,72220,Maison,73.0,250000.0,3424.66,2024-12-26
Écommoy,72124,72220,Maison,73.0,250000.0,3424.66,2024-12-26
Thorigné-sur-Dué,72358,72160,Maison,52.0,115000.0,2211.54,2024-12-27
Connerré,72090,72160,Maison,70.0,115000.0,1642.86,2024-12-20
Saint-Calais,72269,72120,Appartement,92.0,70000.0,760.87,2024-12-27
Saint-Calais,72269,72120,Appartement,71.0,70000.0,985.92,2024-12-27
Saint-Calais,72269,72120,Appartement,54.0,70000.0,1296.3,2024-12-27
Saint-Calais,72269,72120,Appartement,54.0,70000.0,1296.3,2024-12-27
Cérans-Foulletourte,72051,72330,Maison,144.0,238500.0,1656.25,2024-12-23
Cérans-Foulletourte,72051,72330,Maison,144.0,238500.0,1656.25,2024-12-23
Roézé-sur-Sarthe,72253,72210,Maison,54.0,80750.0,1495.37,2024-12-20
Loir en Vallée,72262,72310,Maison,80.0,79000.0,987.5,2024-12-27
Yvré-l'Évêque,72386,72530,Maison,114.0,253000.0,2219.3,2024-12-23
La Suze-sur-Sarthe,72346,72210,Maison,85.0,116000.0,1364.71,2024-12-23
Le Mans,72181,72100,Maison,86.0,150000.0,1744.19,2024-12-26
Neufchâtel-en-Saosnois,72215,72600,Maison,68.0,80000.0,1176.47,2024-12-27
Allonnes,72003,72700,Appartement,51.0,80000.0,1568.63,2024-12-17
Écorpain,72125,72120,Maison,66.0,26500.0,401.52,2024-12-20
Saint-Calais,72269,72120,Appartement,48.0,80000.0,1666.67,2024-12-27
Le Mans,72181,72000,Maison,102.0,301935.0,2960.15,2024-12-17
Saint-Cosme-en-Vairais,72276,72110,Maison,75.0,75000.0,1000.0,2024-12-18
Le Mans,72181,72000,Maison,112.0,235180.0,2099.82,2024-12-19
Le Mans,72181,72000,Appartement,57.0,70000.0,1228.07,2024-12-19
Louzes,72171,72600,Maison,60.0,85500.0,1425.0,2024-12-18
Louzes,72171,72600,Maison,60.0,85500.0,1425.0,2024-12-18
Aubigné-Racan,72013,72800,Maison,48.0,49500.0,1031.25,2024-12-19
Mamers,72180,72600,Maison,72.0,103000.0,1430.56,2024-12-18
Le Mans,72181,72100,Maison,135.0,230000.0,1703.7,2024-12-19
Dissay-sous-Courcillon,72115,72500,Maison,142.0,122000.0,859.15,2024-12-19
La Suze-sur-Sarthe,72346,72210,Maison,100.0,140000.0,1400.0,2024-12-18
Mamers,72180,72600,Maison,88.0,75350.0,856.25,2024-12-18
Écommoy,72124,72220,Maison,42.0,70000.0,1666.67,2024-12-20
Cérans-Foulletourte,72051,72330,Maison,90.0,100000.0,1111.11,2024-12-20
Cérans-Foulletourte,72051,72330,Maison,71.0,100000.0,1408.45,2024-12-20
Le Mans,72181,72100,Appartement,51.0,100000.0,1960.78,2024-12-20
Cures,72111,72240,Maison,133.0,192250.0,1445.49,2024-12-30
Cures,72111,72240,Maison,133.0,192250.0,1445.49,2024-12-30
Le Mans,72181,72000,Appartement,51.0,115000.0,2254.9,2024-12-19
Mamers,72180,72600,Maison,98.0,135000.0,1377.55,2024-12-19
Écommoy,72124,72220,Maison,141.0,80500.0,570.92,2024-12-19
Neuville-sur-Sarthe,72217,72190,Maison,100.0,219670.0,2196.7,2024-12-27
Neuville-sur-Sarthe,72217,72190,Maison,100.0,219670.0,2196.7,2024-12-27
Saint-Mars-la-Brière,72300,72470,Maison,45.0,65000.0,1444.44,2024-12-30
Saint-Mars-la-Brière,72300,72470,Maison,45.0,65000.0,1444.44,2024-12-30
Bazouges Cré sur Loir,72025,72200,Maison,230.0,428000.0,1860.87,2024-12-18
Bazouges Cré sur Loir,72025,72200,Maison,230.0,428000.0,1860.87,2024-12-18
Bazouges Cré sur Loir,72025,72200,Maison,230.0,428000.0,1860.87,2024-12-18
Mayet,72191,72360,Maison,118.0,119000.0,1008.47,2024-12-27
Avoise,72021,72430,Maison,22.0,65000.0,2954.55,2024-12-21
Avoise,72021,72430,Maison,22.0,65000.0,2954.55,2024-12-21
Saint-Denis-d'Orques,72278,72350,Maison,175.0,170000.0,971.43,2024-12-23
Souligné-sous-Ballon,72340,72290,Maison,71.0,100000.0,1408.45,2024-12-19
Le Mans,72181,72000,Appartement,21.0,60000.0,2857.14,2024-12-18
La Flèche,72154,72200,Maison,95.0,210000.0,2210.53,2024-12-18
Le Mans,72181,72000,Maison,89.0,240000.0,2696.63,2024-12-23
Trangé,72360,72650,Maison,86.0,25000.0,290.7,2024-12-31
Saint-Mars-la-Brière,72300,72470,Maison,80.0,63000.0,787.5,2024-12-26
Le Mans,72181,72000,Maison,75.0,92000.0,1226.67,2024-12-20
La Suze-sur-Sarthe,72346,72210,Maison,57.0,135000.0,2368.42,2024-12-30
Épineu-le-Chevreuil,72126,72540,Maison,52.0,75000.0,1442.31,2024-12-30
Le Mans,72181,72000,Appartement,30.0,218000.0,7266.67,2024-12-30
Le Mans,72181,72000,Appartement,29.0,218000.0,7517.24,2024-12-30
Le Mans,72181,72000,Appartement,29.0,218000.0,7517.24,2024-12-30
Malicorne-sur-Sarthe,72179,72270,Maison,111.0,104000.0,936.94,2024-12-20
Le Mans,72181,72100,Appartement,52.0,66960.0,1287.69,2024-12-19
Cérans-Foulletourte,72051,72330,Maison,75.0,145000.0,1933.33,2024-12-30
Nuillé-le-Jalais,72224,72370,Maison,66.0,30000.0,454.55,2024-12-26
Spay,72344,72700,Maison,69.0,125000.0,1811.59,2024-12-23
Spay,72344,72700,Maison,120.0,250000.0,2083.33,2024-12-30
Coulaines,72095,72190,Maison,76.0,175000.0,2302.63,2024-12-20
Le Mans,72181,72000,Appartement,62.0,120000.0,1935.48,2024-12-26
Coudrecieux,72094,72440,Maison,54.0,35000.0,648.15,2024-12-27
Écommoy,72124,72220,Maison,71.0,110000.0,1549.3,2024-12-27
Écommoy,72124,72220,Maison,71.0,110000.0,1549.3,2024-12-27
Ruaudin,72260,72230,Maison,79.0,160000.0,2025.32,2024-12-23
Ruaudin,72260,72230,Maison,79.0,160000.0,2025.32,2024-12-23
Ruaudin,72260,72230,Maison,79.0,160000.0,2025.32,2024-12-23
Le Breil-sur-Mérize,72046,72370,Maison,85.0,105000.0,1235.29,2024-12-13
Sainte-Jamme-sur-Sarthe,72289,72380,Maison,47.0,69500.0,1478.72,2024-12-24
Montfort-le-Gesnois,72241,72450,Maison,99.0,150000.0,1515.15,2024-12-20
Montfort-le-Gesnois,72241,72450,Maison,99.0,150000.0,1515.15,2024-12-20
Montfort-le-Gesnois,72241,72450,Maison,99.0,150000.0,1515.15,2024-12-20
Montfort-le-Gesnois,72241,72450,Maison,99.0,150000.0,1515.15,2024-12-20
Montfort-le-Gesnois,72241,72450,Maison,99.0,150000.0,1515.15,2024-12-20
Lavardin,72157,72240,Maison,173.0,216000.0,1248.55,2024-12-23
Lavardin,72157,72240,Maison,173.0,216000.0,1248.55,2024-12-23
Le Mans,72181,72000,Appartement,71.0,130000.0,1830.99,2024-12-16
Teloché,72350,72220,Maison,97.0,170000.0,1752.58,2024-12-31
Saint-Rémy-des-Monts,72316,72600,Maison,102.0,170000.0,1666.67,2024-12-19
Saint-Rémy-des-Monts,72316,72600,Maison,102.0,170000.0,1666.67,2024-12-19
Saint-Rémy-des-Monts,72316,72600,Maison,102.0,170000.0,1666.67,2024-12-19
Le Mans,72181,72100,Appartement,32.0,65000.0,2031.25,2024-12-30
Cures,72111,72240,Maison,95.0,65000.0,684.21,2024-12-19
Saint-Rémy-du-Val,72317,72600,Maison,81.0,75000.0,925.93,2024-12-23
Le Mans,72181,72000,Maison,50.0,90000.0,1800.0,2024-12-24
Vibraye,72373,72320,Maison,102.0,136775.0,1340.93,2024-12-23
Vibraye,72373,72320,Maison,102.0,136775.0,1340.93,2024-12-23
Le Mans,72181,72000,Maison,52.0,48750.0,937.5,2024-12-20
Bouër,72041,72390,Maison,150.0,336000.0,2240.0,2024-12-20
Dollon,72118,72390,Maison,131.0,145000.0,1106.87,2024-12-27
Le Mans,72181,72100,Appartement,42.0,111000.0,2642.86,2024-12-19
La Flèche,72154,72200,Maison,88.0,132000.0,1500.0,2024-12-20
La Bazoge,72024,72650,Maison,50.0,126490.0,2529.8,2024-12-18
La Bazoge,72024,72650,Maison,50.0,126490.0,2529.8,2024-12-18
Vibraye,72373,72320,Maison,120.0,81000.0,675.0,2024-12-20
Le Mans,72181,72000,Maison,63.0,193000.0,3063.49,2024-12-14
Le Mans,72181,72000,Appartement,90.0,345000.0,3833.33,2024-12-30
Luché-Pringé,72175,72800,Maison,52.0,15000.0,288.46,2024-12-19
La Flèche,72154,72200,Maison,66.0,113000.0,1712.12,2024-12-20
La Chapelle-Saint-Aubin,72065,72650,Maison,79.0,181000.0,2291.14,2024-12-17
Loir en Vallée,72262,72340,Maison,110.0,87500.0,795.45,2024-12-30
Saint-Germain-d'Arcé,72283,72800,Maison,40.0,27000.0,675.0,2024-12-19
Berfay,72032,72320,Maison,89.0,120000.0,1348.31,2024-12-23
Berfay,72032,72320,Maison,89.0,120000.0,1348.31,2024-12-23
Sablé-sur-Sarthe,72264,72300,Maison,88.0,120000.0,1363.64,2024-12-18
Melleray,72193,72320,Maison,110.0,90000.0,818.18,2024-12-27
Melleray,72193,72320,Maison,110.0,90000.0,818.18,2024-12-27
Vibraye,72373,72320,Maison,101.0,180000.0,1782.18,2024-12-30
Le Mans,72181,72100,Maison,60.0,142000.0,2366.67,2024-12-31
Berfay,72032,72320,Maison,87.0,110000.0,1264.37,2024-12-31
Berfay,72032,72320,Maison,87.0,110000.0,1264.37,2024-12-31
Berfay,72032,72320,Maison,87.0,110000.0,1264.37,2024-12-31
Berfay,72032,72320,Maison,87.0,110000.0,1264.37,2024-12-31
Berfay,72032,72320,Maison,87.0,110000.0,1264.37,2024-12-31
Fresnay-sur-Sarthe,72138,72130,Maison,208.0,205000.0,985.58,2024-12-28
Vibraye,72373,72320,Maison,92.0,135000.0,1467.39,2024-12-13
Vibraye,72373,72320,Maison,92.0,135000.0,1467.39,2024-12-13
Changé,72058,72560,Maison,204.0,350000.0,1715.69,2024-12-23
Changé,72058,72560,Maison,204.0,350000.0,1715.69,2024-12-23
Dollon,72118,72390,Maison,108.0,140000.0,1296.3,2024-12-30
Chenay,72076,72610,Maison,127.0,216000.0,1700.79,2024-12-20
Marçon,72183,72340,Maison,88.0,70950.0,806.25,2024-11-05
Fresnay-sur-Sarthe,72138,72130,Maison,76.0,44000.0,578.95,2024-12-19
Challes,72053,72250,Maison,96.0,175000.0,1822.92,2024-12-31
Challes,72053,72250,Maison,96.0,175000.0,1822.92,2024-12-31
Challes,72053,72250,Maison,96.0,175000.0,1822.92,2024-12-31
Le Lude,72176,72800,Maison,28.0,50000.0,1785.71,2024-12-17
Le Lude,72176,72800,Maison,61.0,50000.0,819.67,2024-12-17
Changé,72058,72560,Maison,117.0,252000.0,2153.85,2024-12-27
Changé,72058,72560,Maison,117.0,252000.0,2153.85,2024-12-27
Joué-l'Abbé,72150,72380,Maison,88.0,165000.0,1875.0,2024-12-12
Auvers-le-Hamon,72016,72300,Maison,76.0,65000.0,855.26,2024-12-12
Le Mans,72181,72000,Appartement,89.0,164000.0,1842.7,2024-12-30
Changé,72058,72560,Maison,79.0,173000.0,2189.87,2024-12-23
Le Mans,72181,72100,Maison,90.0,115000.0,1277.78,2024-12-23
Le Mans,72181,72100,Maison,90.0,115000.0,1277.78,2024-12-23
Courcelles-la-Forêt,72100,72270,Maison,110.0,75000.0,681.82,2024-12-12
Courcelles-la-Forêt,72100,72270,Maison,110.0,75000.0,681.82,2024-12-12
Changé,72058,72560,Maison,94.0,210000.0,2234.04,2024-12-31
Changé,72058,72560,Maison,94.0,210000.0,2234.04,2024-12-31
Coulans-sur-Gée,72096,72550,Maison,93.0,65000.0,698.92,2024-12-20
La Chapelle-Saint-Fray,72066,72240,Maison,45.0,47500.0,1055.56,2024-12-27
Bouloire,72042,72440,Maison,88.0,75000.0,852.27,2024-12-23
La Guierche,72147,72380,Maison,25.0,115000.0,4600.0,2024-12-23
La Guierche,72147,72380,Maison,25.0,115000.0,4600.0,2024-12-23
Le Bailleul,72022,72200,Maison,181.0,255000.0,1408.84,2024-12-13
Le Mans,72181,72100,Appartement,48.0,80000.0,1666.67,2024-12-23
Allonnes,72003,72700,Appartement,50.0,75000.0,1500.0,2024-12-23
Le Mans,72181,72000,Appartement,90.0,215000.0,2388.89,2024-12-18
Conlie,72089,72240,Maison,58.0,110000.0,1896.55,2024-12-19
Le Mans,72181,72100,Maison,80.0,187000.0,2337.5,2024-12-18
Tassé,72347,72430,Maison,116.0,180000.0,1551.72,2024-12-26
Tassé,72347,72430,Maison,116.0,180000.0,1551.72,2024-12-26
Le Mans,72181,72000,Maison,72.0,140000.0,1944.44,2024-12-16
Le Mans,72181,72000,Maison,72.0,210000.0,2916.67,2024-12-27
Verneil-le-Chétif,72369,72360,Maison,69.0,85000.0,1231.88,2024-12-27
Sablé-sur-Sarthe,72264,72300,Maison,135.0,162000.0,1200.0,2024-12-30
Le Lude,72176,72800,Maison,71.0,127500.0,1795.77,2024-12-30
Poillé-sur-Vègre,72239,72350,Maison,37.0,45000.0,1216.22,2024-12-16
Le Lude,72176,72800,Maison,84.0,10000.0,119.05,2024-12-12
Bessé-sur-Braye,72035,72310,Maison,120.0,155000.0,1291.67,2024-12-24
Bessé-sur-Braye,72035,72310,Maison,120.0,155000.0,1291.67,2024-12-24
La Chapelle-aux-Choux,72060,72800,Maison,80.0,40000.0,500.0,2024-12-31
Aubigné-Racan,72013,72800,Maison,81.0,95000.0,1172.84,2024-12-28
Bessé-sur-Braye,72035,72310,Maison,90.0,105000.0,1166.67,2024-12-19
Le Mans,72181,72000,Appartement,51.0,85000.0,1666.67,2024-12-27
Bonnétable,72039,72110,Maison,61.0,74000.0,1213.11,2024-12-20
Luché-Pringé,72175,72800,Maison,75.0,100000.0,1333.33,2024-12-27
Le Mans,72181,72000,Maison,134.0,45806.98,341.84,2024-12-20
Sablé-sur-Sarthe,72264,72300,Maison,59.0,45000.0,762.71,2024-12-16
Auvers-le-Hamon,72016,72300,Maison,62.0,60000.0,967.74,2024-12-16
Le Mans,72181,72000,Maison,89.0,145000.0,1629.21,2024-12-23
Saint-Georges-de-la-Couée,72279,72150,Maison,90.0,162000.0,1800.0,2024-12-27
Sablé-sur-Sarthe,72264,72300,Maison,77.0,152000.0,1974.03,2024-12-16
Vaas,72364,72500,Maison,97.0,170000.0,1752.58,2024-12-20
Vaas,72364,72500,Maison,97.0,170000.0,1752.58,2024-12-20
Vaas,72364,72500,Maison,97.0,170000.0,1752.58,2024-12-20
Le Mans,72181,72000,Maison,120.0,250000.0,2083.33,2024-12-30
Sablé-sur-Sarthe,72264,72300,Maison,76.0,85000.0,1118.42,2024-12-30
Le Mans,72181,72000,Maison,110.0,173500.0,1577.27,2024-12-20
Chahaignes,72052,72340,Maison,89.0,90000.0,1011.24,2024-12-27
Saint-Paterne - Le Chevain,72308,72610,Maison,88.0,190000.0,2159.09,2024-12-27
Changé,72058,72560,Maison,113.0,299000.0,2646.02,2024-12-27
La Ferté-Bernard,72132,72400,Maison,73.0,110000.0,1506.85,2024-12-27
Gesnes-le-Gandelin,72141,72130,Maison,27.0,112000.0,4148.15,2024-12-19
Gesnes-le-Gandelin,72141,72130,Maison,103.0,112000.0,1087.38,2024-12-19
Gesnes-le-Gandelin,72141,72130,Maison,93.0,112000.0,1204.3,2024-12-19
Gesnes-le-Gandelin,72141,72130,Maison,81.0,112000.0,1382.72,2024-12-19
Assé-le-Riboul,72012,72170,Maison,88.0,100000.0,1136.36,2024-12-19
Sainte-Jamme-sur-Sarthe,72289,72380,Maison,70.0,115000.0,1642.86,2024-12-19
Sceaux-sur-Huisne,72331,72160,Maison,80.0,170000.0,2125.0,2024-12-23
Sceaux-sur-Huisne,72331,72160,Maison,80.0,170000.0,2125.0,2024-12-23
Le Mans,72181,72100,Maison,50.0,117300.0,2346.0,2024-12-17
Montfort-le-Gesnois,72241,72450,Maison,87.0,135000.0,1551.72,2024-12-30
Le Mans,72181,72100,Appartement,56.0,127980.0,2285.36,2024-12-16
Briosne-lès-Sables,72048,72110,Maison,99.0,160000.0,1616.16,2024-12-18
Louvigny,72170,72600,Maison,89.0,85000.0,955.06,2024-12-26
Montfort-le-Gesnois,72241,72450,Maison,120.0,242000.0,2016.67,2024-12-20
Le Mans,72181,72000,Appartement,74.0,110000.0,1486.49,2024-12-19
Parigné-l'Évêque,72231,72250,Maison,73.0,95000.0,1301.37,2024-12-31
Bouloire,72042,72440,Maison,119.0,145000.0,1218.49,2024-12-26
Chemiré-le-Gaudin,72075,72210,Maison,128.0,105000.0,820.31,2024-12-30
Chemiré-le-Gaudin,72075,72210,Maison,128.0,105000.0,820.31,2024-12-30
Auvers-sous-Montfaucon,72017,72540,Maison,107.0,200000.0,1869.16,2024-12-18
Montfort-le-Gesnois,72241,72450,Maison,86.0,213000.0,2476.74,2024-12-20
Coudrecieux,72094,72440,Maison,65.0,27000.0,415.38,2024-12-20
Mamers,72180,72600,Maison,130.0,215000.0,1653.85,2024-12-23
Mamers,72180,72600,Appartement,72.0,110000.0,1527.78,2024-12-26
La Ferté-Bernard,72132,72400,Appartement,69.0,180000.0,2608.7,2024-12-23
Saint-Maixent,72296,72320,Maison,150.0,440000.0,2933.33,2024-12-20
Le Mans,72181,72000,Appartement,65.0,182000.0,2800.0,2024-12-26
Le Mans,72181,72000,Appartement,20.0,182000.0,9100.0,2024-12-26
Vibraye,72373,72320,Maison,54.0,265000.0,4907.41,2024-12-20
Vibraye,72373,72320,Maison,66.0,265000.0,4015.15,2024-12-20
Assé-le-Riboul,72012,72170,Maison,90.0,65000.0,722.22,2024-12-23
Saint-Mars-la-Brière,72300,72470,Maison,125.0,330000.0,2640.0,2024-12-20
Saint-Mars-la-Brière,72300,72470,Maison,125.0,330000.0,2640.0,2024-12-20
Sceaux-sur-Huisne,72331,72160,Maison,26.0,26500.0,1019.23,2024-12-27
Cérans-Foulletourte,72051,72330,Maison,160.0,270000.0,1687.5,2024-12-26
Cérans-Foulletourte,72051,72330,Maison,160.0,270000.0,1687.5,2024-12-26
Le Mans,72181,72100,Maison,87.0,184000.0,2114.94,2024-12-26
Le Mans,72181,72000,Appartement,68.0,110000.0,1617.65,2024-12-27
Le Mans,72181,72000,Appartement,51.0,130500.0,2558.82,2024-12-23
Le Mans,72181,72000,Appartement,125.0,564000.0,4512.0,2024-12-26
Sillé-le-Philippe,72335,72460,Maison,91.0,174600.0,1918.68,2024-12-20
Chaufour-Notre-Dame,72073,72550,Maison,140.0,350000.0,2500.0,2024-12-31
Allonnes,72003,72700,Maison,86.0,130000.0,1511.63,2024-12-26
Le Mans,72181,72100,Appartement,63.0,63000.0,1000.0,2024-12-23
Le Mans,72181,72100,Maison,161.0,215000.0,1335.4,2024-12-18
Le Mans,72181,72000,Appartement,29.0,380000.0,13103.45,2024-12-24
Le Mans,72181,72000,Appartement,50.0,380000.0,7600.0,2024-12-24
Le Mans,72181,72000,Appartement,50.0,380000.0,7600.0,2024-12-24
Le Mans,72181,72000,Maison,61.0,158000.0,2590.16,2024-12-27
Saint-Mars-d'Outillé,72299,72220,Maison,85.0,170000.0,2000.0,2024-12-27
Saint-Mars-d'Outillé,72299,72220,Maison,85.0,170000.0,2000.0,2024-12-27
Vaas,72364,72500,Maison,88.0,85000.0,965.91,2024-12-27
Vaas,72364,72500,Maison,88.0,85000.0,965.91,2024-12-27
Le Mans,72181,72000,Maison,80.0,179500.0,2243.75,2024-12-27
La Fontaine-Saint-Martin,72135,72330,Maison,75.0,110000.0,1466.67,2024-12-16
La Fontaine-Saint-Martin,72135,72330,Maison,75.0,110000.0,1466.67,2024-12-16
Saint-Symphorien,72321,72240,Maison,90.0,154990.0,1722.11,2024-12-23
Arnage,72008,72230,Maison,145.0,340000.0,2344.83,2024-12-27
Le Mans,72181,72000,Maison,122.0,260000.0,2131.15,2024-12-24
Amné,72004,72540,Maison,64.0,80000.0,1250.0,2024-12-20
Amné,72004,72540,Maison,64.0,80000.0,1250.0,2024-12-20
Le Mans,72181,72000,Appartement,26.0,57000.0,2192.31,2024-12-30
Le Mans,72181,72000,Appartement,130.0,600000.0,4615.38,2024-12-30
Sainte-Sabine-sur-Longève,72319,72380,Maison,55.0,56000.0,1018.18,2024-12-26
Le Mans,72181,72000,Appartement,43.0,70000.0,1627.91,2024-12-23
Le Mans,72181,72000,Appartement,66.0,98000.0,1484.85,2024-12-20
Le Mans,72181,72000,Maison,63.0,174000.0,2761.9,2024-12-18
Le Mans,72181,72100,Maison,57.0,95652.0,1678.11,2024-12-20
Le Mans,72181,72000,Maison,52.0,146500.0,2817.31,2024-12-23
Mézeray,72195,72270,Maison,35.0,40000.0,1142.86,2024-12-20
Fercé-sur-Sarthe,72131,72430,Maison,60.0,74500.0,1241.67,2024-12-21
Chemiré-le-Gaudin,72075,72210,Maison,100.0,65500.0,655.0,2024-12-30
Coulaines,72095,72190,Maison,163.0,300000.0,1840.49,2024-12-20
Neuvillalais,72216,72240,Maison,53.0,80000.0,1509.43,2024-12-19
Vaas,72364,72500,Maison,54.0,40000.0,740.74,2024-12-21
Beaumont-sur-Sarthe,72029,72170,Maison,97.0,170000.0,1752.58,2024-12-20
Changé,72058,72560,Maison,70.0,220000.0,3142.86,2024-12-26
Parigné-l'Évêque,72231,72250,Maison,118.0,120000.0,1016.95,2024-12-20
Parigné-l'Évêque,72231,72250,Maison,118.0,120000.0,1016.95,2024-12-20
Parigné-l'Évêque,72231,72250,Maison,118.0,120000.0,1016.95,2024-12-20
Le Mans,72181,72100,Maison,56.0,90000.0,1607.14,2024-12-24
Joué-en-Charnie,72149,72540,Maison,77.0,70200.0,911.69,2024-12-19
Loué,72168,72540,Maison,110.0,230000.0,2090.91,2024-12-20
Loué,72168,72540,Maison,110.0,230000.0,2090.91,2024-12-20
Soulitré,72341,72370,Maison,153.0,51400.0,335.95,2024-12-19
Soulitré,72341,72370,Maison,153.0,51400.0,335.95,2024-12-19
Saint-Pavace,72310,72190,Maison,99.0,223500.0,2257.58,2024-12-20
Saint-Pavace,72310,72190,Maison,99.0,223500.0,2257.58,2024-12-20
Bessé-sur-Braye,72035,72310,Maison,130.0,139000.0,1069.23,2024-12-31
Le Mans,72181,72000,Maison,102.0,337000.0,3303.92,2024-12-20
Arthezé,72009,72270,Maison,153.0,140000.0,915.03,2024-12-30
Coulaines,72095,72190,Maison,133.0,284500.0,2139.1,2024-12-19
La Flèche,72154,72200,Maison,98.0,150000.0,1530.61,2024-12-20
La Flèche,72154,72200,Maison,122.0,242000.0,1983.61,2024-12-17
Fresnay-sur-Sarthe,72138,72130,Maison,87.0,119500.0,1373.56,2024-12-21
Fresnay-sur-Sarthe,72138,72130,Maison,87.0,119500.0,1373.56,2024-12-21
La Flèche,72154,72200,Maison,80.0,149000.0,1862.5,2024-12-18
La Flèche,72154,72200,Maison,80.0,149000.0,1862.5,2024-12-18
La Flèche,72154,72200,Maison,80.0,149000.0,1862.5,2024-12-18
Le Mans,72181,72000,Appartement,38.0,150000.0,3947.37,2024-12-16
Laigné-en-Belin,72155,72220,Maison,108.0,225000.0,2083.33,2024-12-20
La Milesse,72198,72650,Appartement,52.0,78500.0,1509.62,2024-12-24
Montval-sur-Loir,72071,72500,Maison,32.0,32500.0,1015.62,2024-12-20
Montval-sur-Loir,72071,72500,Maison,32.0,32500.0,1015.62,2024-12-20
Luché-Pringé,72175,72800,Maison,78.0,45000.0,576.92,2024-12-20
Le Mans,72181,72000,Maison,40.0,60000.0,1500.0,2024-12-23
Coulaines,72095,72190,Appartement,52.0,88000.0,1692.31,2024-12-20
Allonnes,72003,72700,Maison,148.0,75000.0,506.76,2024-12-23
Joué-en-Charnie,72149,72540,Maison,47.0,40000.0,851.06,2024-12-18
Coulans-sur-Gée,72096,72550,Maison,62.0,116000.0,1870.97,2024-12-23
Coulans-sur-Gée,72096,72550,Maison,62.0,116000.0,1870.97,2024-12-23
La Chapelle-Saint-Aubin,72065,72650,Maison,82.0,167000.0,2036.59,2024-12-23
Loué,72168,72540,Maison,67.0,169000.0,2522.39,2024-12-23
Sougé-le-Ganelon,72337,72130,Maison,84.0,195000.0,2321.43,2024-12-28
Fresnay-sur-Sarthe,72138,72130,Maison,107.0,65000.0,607.48,2024-12-20
Montreuil-le-Chétif,72209,72130,Maison,117.0,116000.0,991.45,2024-12-21
Laigné-en-Belin,72155,72220,Maison,165.0,268000.0,1624.24,2024-12-17
Laigné-en-Belin,72155,72220,Maison,165.0,268000.0,1624.24,2024-12-17
Le Mans,72181,72000,Appartement,47.0,56672.03,1205.79,2024-12-23
La Suze-sur-Sarthe,72346,72210,Maison,108.0,139000.0,1287.04,2024-12-20
La Ferté-Bernard,72132,72400,Maison,40.0,65000.0,1625.0,2024-12-30
La Flèche,72154,72200,Maison,74.0,140000.0,1891.89,2024-12-27
La Flèche,72154,72200,Maison,74.0,140000.0,1891.89,2024-12-27
Noyen-sur-Sarthe,72223,72430,Maison,70.0,122500.0,1750.0,2024-12-31
Noyen-sur-Sarthe,72223,72430,Maison,70.0,122500.0,1750.0,2024-12-31
Bouloire,72042,72440,Maison,109.0,100678.4,923.66,2024-12-30
Le Mans,72181,72000,Appartement,28.0,225000.0,8035.71,2024-12-17
Le Mans,72181,72000,Appartement,29.0,225000.0,7758.62,2024-12-17
Le Mans,72181,72000,Appartement,20.0,225000.0,11250.0,2024-12-17
Le Mans,72181,72000,Appartement,29.0,225000.0,7758.62,2024-12-17
Avessé,72019,72350,Maison,115.0,202500.0,1760.87,2024-12-31
Avessé,72019,72350,Maison,115.0,202500.0,1760.87,2024-12-31
Noyen-sur-Sarthe,72223,72430,Maison,110.0,40000.0,363.64,2024-12-26
La Flèche,72154,72200,Appartement,24.0,220000.0,9166.67,2024-12-30
La Flèche,72154,72200,Appartement,24.0,220000.0,9166.67,2024-12-30
La Flèche,72154,72200,Appartement,58.0,220000.0,3793.1,2024-12-30
La Flèche,72154,72200,Appartement,57.0,220000.0,3859.65,2024-12-30
Le Mans,72181,72100,Appartement,53.0,103500.0,1952.83,2024-12-23
Malicorne-sur-Sarthe,72179,72270,Maison,56.0,69000.0,1232.14,2024-12-06
Arthezé,72009,72270,Maison,64.0,45000.0,703.12,2024-12-18
Le Mans,72181,72100,Maison,50.0,63000.0,1260.0,2024-12-20
Courtillers,72106,72300,Maison,94.0,97625.0,1038.56,2024-12-26
Courtillers,72106,72300,Maison,94.0,97625.0,1038.56,2024-12-26
Le Mans,72181,72000,Appartement,48.0,93130.0,1940.21,2024-12-27
Savigné-l'Évêque,72329,72460,Maison,82.0,158390.0,1931.59,2024-12-30
Savigné-l'Évêque,72329,72460,Maison,69.0,138590.0,2008.55,2024-12-30
Laigné-en-Belin,72155,72220,Maison,93.0,215000.0,2311.83,2024-12-19
Savigné-l'Évêque,72329,72460,Maison,69.0,138590.0,2008.55,2024-12-31
Savigné-l'Évêque,72329,72460,Maison,85.0,165320.0,1944.94,2024-12-30
Savigné-l'Évêque,72329,72460,Maison,86.0,165320.0,1922.33,2024-12-30
Le Mans,72181,72100,Appartement,48.0,150000.0,3125.0,2024-12-19
Le Mans,72181,72100,Appartement,84.0,125000.0,1488.1,2024-12-30
Le Mans,72181,72000,Appartement,19.0,68500.0,3605.26,2024-12-30
Le Mans,72181,72000,Appartement,98.0,210000.0,2142.86,2024-12-19
Avoise,72021,72430,Maison,80.0,148000.0,1850.0,2024-12-23
La Milesse,72198,72650,Maison,111.0,460000.0,4144.14,2024-12-20
Neuville-sur-Sarthe,72217,72190,Maison,105.0,460000.0,4380.95,2024-12-20
Saint-Cosme-en-Vairais,72276,72110,Maison,68.0,75000.0,1102.94,2024-12-30
Le Mans,72181,72000,Maison,106.0,331000.0,3122.64,2024-12-20
Guécélard,72146,72230,Maison,84.0,165000.0,1964.29,2024-12-27
Le Mans,72181,72000,Maison,80.0,148000.0,1850.0,2024-12-20
La Ferté-Bernard,72132,72400,Maison,80.0,75000.0,937.5,2024-12-20
Villeneuve-en-Perseigne,72137,72600,Maison,56.0,114000.0,2035.71,2024-12-19
Dangeul,72112,72260,Maison,56.0,139300.0,2487.5,2024-12-26
Dangeul,72112,72260,Maison,56.0,139300.0,2487.5,2024-12-26
Sablé-sur-Sarthe,72264,72300,Appartement,54.0,175000.0,3240.74,2024-12-18
Le Mans,72181,72100,Maison,165.0,262000.0,1587.88,2024-12-31
Le Mans,72181,72100,Maison,60.0,90000.0,1500.0,2024-12-19
Le Mans,72181,72100,Maison,34.0,113800.0,3347.06,2024-12-30
Le Mans,72181,72100,Maison,64.0,113800.0,1778.12,2024-12-30
Saosnes,72326,72600,Maison,61.0,40000.0,655.74,2024-12-27
Sablé-sur-Sarthe,72264,72300,Maison,87.0,140000.0,1609.2,2024-12-20
Laigné-en-Belin,72155,72220,Maison,82.0,155000.0,1890.24,2024-12-27
Le Mans,72181,72000,Appartement,76.0,139500.0,1835.53,2024-12-27
La Milesse,72198,72650,Maison,104.0,125000.0,1201.92,2024-12-23
La Bazoge,72024,72650,Maison,180.0,346000.0,1922.22,2024-12-26
La Bazoge,72024,72650,Maison,180.0,346000.0,1922.22,2024-12-26
Tresson,72361,72440,Maison,149.0,159000.0,1067.11,2024-12-17
Saint-Denis-d'Orques,72278,72350,Maison,78.0,104000.0,1333.33,2024-12-30
Le Breil-sur-Mérize,72046,72370,Maison,107.0,155000.0,1448.6,2024-12-27
Le Mans,72181,72000,Appartement,49.0,115000.0,2346.94,2024-12-27
Le Mans,72181,72000,Maison,138.0,265000.0,1920.29,2024-12-30
Bousse,72044,72270,Maison,72.0,375000.0,5208.33,2024-12-27
Bousse,72044,72270,Maison,72.0,375000.0,5208.33,2024-12-27
Bousse,72044,72270,Maison,72.0,375000.0,5208.33,2024-12-27
Bousse,72044,72270,Maison,72.0,375000.0,5208.33,2024-12-27
Bousse,72044,72270,Maison,72.0,375000.0,5208.33,2024-12-27
Le Mans,72181,72000,Appartement,116.0,270000.0,2327.59,2024-12-27
Requeil,72252,72510,Maison,64.0,60000.0,937.5,2024-12-19
Le Mans,72181,72000,Appartement,45.0,80000.0,1777.78,2024-12-30
Le Mans,72181,72000,Maison,220.0,392000.0,1781.82,2024-12-30
Saint-Aignan,72265,72110,Maison,127.0,45000.0,354.33,2024-12-30
Marolles-les-Braults,72189,72260,Maison,74.0,120000.0,1621.62,2024-12-30
Sainte-Jamme-sur-Sarthe,72289,72380,Maison,48.0,115000.0,2395.83,2024-12-30
Maresché,72186,72170,Maison,58.0,35000.0,603.45,2024-12-27
Saint-Marceau,72297,72170,Maison,80.0,60000.0,750.0,2024-12-30
La Bazoge,72024,72650,Maison,89.0,178000.0,2000.0,2024-12-30
Vion,72378,72300,Maison,168.0,240000.0,1428.57,2024-12-09
Vion,72378,72300,Maison,168.0,240000.0,1428.57,2024-12-09
La Suze-sur-Sarthe,72346,72210,Maison,108.0,139000.0,1287.04,2024-12-24
Parcé-sur-Sarthe,72228,72300,Maison,90.0,55000.0,611.11,2024-12-10
La Chapelle-d'Aligné,72061,72300,Maison,117.0,179500.0,1534.19,2024-12-27
Précigné,72244,72300,Maison,170.0,2800000.0,16470.59,2024-12-27
Saint-Mars-d'Outillé,72299,72220,Maison,63.0,101100.0,1604.76,2024-12-31
Bazouges Cré sur Loir,72025,72200,Maison,208.0,150000.0,721.15,2024-12-30
Chaufour-Notre-Dame,72073,72550,Maison,108.0,166500.0,1541.67,2024-12-30
Chaufour-Notre-Dame,72073,72550,Maison,108.0,166500.0,1541.67,2024-12-30
Cormes,72093,72400,Maison,91.0,195000.0,2142.86,2024-12-26
Beaumont-sur-Sarthe,72029,72170,Maison,50.0,63000.0,1260.0,2024-12-31
Changé,72058,72560,Maison,108.0,330000.0,3055.56,2024-12-30
Le Mans,72181,72100,Appartement,56.0,27000.0,482.14,2024-12-30
Courcemont,72101,72110,Maison,76.0,155000.0,2039.47,2024-12-31
Volnay,72382,72440,Maison,90.0,120000.0,1333.33,2024-12-30
Joué-en-Charnie,72149,72540,Maison,160.0,220000.0,1375.0,2024-12-30
Joué-en-Charnie,72149,72540,Maison,160.0,220000.0,1375.0,2024-12-30
Noyen-sur-Sarthe,72223,72430,Appartement,51.0,178000.0,3490.2,2024-12-26
Noyen-sur-Sarthe,72223,72430,Appartement,50.0,178000.0,3560.0,2024-12-26
Noyen-sur-Sarthe,72223,72430,Appartement,38.0,178000.0,4684.21,2024-12-26
Arnage,72008,72230,Maison,84.0,185000.0,2202.38,2024-12-20
Laigné-en-Belin,72155,72220,Maison,96.0,222000.0,2312.5,2024-12-16
Laigné-en-Belin,72155,72220,Maison,96.0,222000.0,2312.5,2024-12-16
Le Mans,72181,72100,Maison,100.0,118500.0,1185.0,2024-10-08
Flée,72134,72500,Maison,59.0,30500.0,516.95,2024-09-10
Saint-Calais,72269,72120,Maison,55.0,177500.0,3227.27,2024-04-11
Saint-Calais,72269,72120,Maison,133.0,177500.0,1334.59,2024-04-11
Saint-Calais,72269,72120,Maison,69.0,177500.0,2572.46,2024-04-11
Parcé-sur-Sarthe,72228,72300,Maison,82.0,60500.0,737.8,2024-10-08
Saint-Calais,72269,72120,Maison,108.0,78000.0,722.22,2024-12-27
