commune,code_commune,code_postal,type_local,surface_m2,valeur_fonciere,prix_m2,date_mutation
Fagnières,51242,51510,Appartement,67.0,175000.0,2611.94,2024-01-02
Brugny-Vaudancourt,51093,51530,Maison,100.0,187000.0,1870.0,2024-01-08
Cramant,51196,51530,Maison,113.0,220000.0,1946.9,2024-01-08
Aÿ-Champagne,51030,51150,Maison,54.0,84000.0,1555.56,2024-01-09
Reims,51454,51100,Appartement,57.0,165500.0,2903.51,2024-01-09
Reims,51454,51100,Maison,90.0,150000.0,1666.67,2024-01-08
Sainte-Marie-du-Lac-Nuisement,51277,51290,Maison,149.0,302000.0,2026.85,2024-01-02
Sainte-Marie-du-Lac-Nuisement,51277,51290,Maison,149.0,302000.0,2026.85,2024-01-02
Reims,51454,51100,Appartement,96.0,258500.0,2692.71,2024-01-09
Reims,51454,51100,Appartement,62.0,112000.0,1806.45,2024-01-05
Hautvillers,51287,51160,Maison,52.0,72000.0,1384.62,2024-01-09
Avize,51029,51190,Maison,93.0,205000.0,2204.3,2024-01-10
Saint-Memmie,51506,51470,Appartement,67.0,119500.0,1783.58,2024-01-11
Aÿ-Champagne,51030,51160,Maison,99.0,150000.0,1515.15,2024-01-10
Reims,51454,51100,Maison,32.0,140650.0,4395.31,2024-01-04
Reims,51454,51100,Maison,68.0,140650.0,2068.38,2024-01-04
Reims,51454,51100,Maison,95.0,170000.0,1789.47,2024-01-09
Reims,51454,51100,Appartement,57.0,124000.0,2175.44,2024-01-05
Saint-Brice-Courcelles,51474,51370,Maison,128.0,310000.0,2421.88,2024-01-09
Coizard-Joches,51157,51270,Maison,81.0,70000.0,864.2,2024-01-08
Bétheny,51055,51450,Maison,113.0,259000.0,2292.04,2024-01-11
Reims,51454,51100,Appartement,19.0,66000.0,3473.68,2024-01-05
Reims,51454,51100,Appartement,49.0,356000.0,7265.31,2024-01-15
Reims,51454,51100,Appartement,51.0,356000.0,6980.39,2024-01-15
Bétheny,51055,51450,Maison,133.0,283000.0,2127.82,2024-01-11
Boissy-le-Repos,51070,51210,Appartement,58.0,45000.0,775.86,2024-01-15
Boissy-le-Repos,51070,51210,Appartement,47.0,45000.0,957.45,2024-01-15
Bétheny,51055,51450,Maison,126.0,276000.0,2190.48,2024-01-10
Bétheny,51055,51450,Maison,124.0,276000.0,2225.81,2024-01-09
Reims,51454,51100,Appartement,22.0,109500.0,4977.27,2024-01-15
Witry-lès-Reims,51662,51420,Maison,200.0,650750.0,3253.75,2024-01-05
Châlons-en-Champagne,51108,51000,Maison,83.0,160500.0,1933.73,2024-01-10
Loisy-sur-Marne,51328,51300,Maison,117.0,165000.0,1410.26,2024-01-04
Reims,51454,51100,Maison,117.0,257500.0,2200.85,2024-01-11
Reims,51454,51100,Appartement,37.0,114000.0,3081.08,2024-01-12
Champigny,51118,51370,Maison,254.0,908100.0,3575.2,2024-01-05
Ormes,51418,51370,Maison,87.0,123000.0,1413.79,2024-01-05
Châlons-en-Champagne,51108,51000,Maison,106.0,203900.0,1923.58,2024-01-05
Reims,51454,51100,Appartement,32.0,84000.0,2625.0,2024-01-10
Cormontreuil,51172,51350,Maison,114.0,115000.0,1008.77,2024-01-10
Reims,51454,51100,Appartement,26.0,84000.0,3230.77,2024-01-10
Châlons-en-Champagne,51108,51000,Appartement,70.0,68000.0,971.43,2024-01-05
Reims,51454,51100,Appartement,25.0,55000.0,2200.0,2024-01-10
Tinqueux,51573,51430,Maison,74.0,270000.0,3648.65,2024-01-12
Châlons-en-Champagne,51108,51000,Appartement,60.0,116500.0,1941.67,2024-01-08
Gueux,51282,51390,Maison,169.0,437000.0,2585.8,2024-01-04
Reims,51454,51100,Appartement,39.0,105000.0,2692.31,2024-01-09
Sermaize-les-Bains,51531,51250,Maison,99.0,90000.0,909.09,2024-01-16
Reims,51454,51100,Appartement,66.0,240000.0,3636.36,2024-01-15
Vitry-le-François,51649,51300,Appartement,63.0,74500.0,1182.54,2024-01-04
Reims,51454,51100,Appartement,73.0,248000.0,3397.26,2024-01-15
Reims,51454,51100,Appartement,90.0,160000.0,1777.78,2024-01-11
Reims,51454,51100,Appartement,25.0,61370.0,2454.8,2024-01-12
Reims,51454,51100,Appartement,48.0,89500.0,1864.58,2024-01-12
Reims,51454,51100,Appartement,39.0,115000.0,2948.72,2024-01-02
Reims,51454,51100,Appartement,67.0,123500.0,1843.28,2024-01-12
Reims,51454,51100,Appartement,72.0,79800.0,1108.33,2024-01-11
Vitry-le-François,51649,51300,Maison,117.0,78000.0,666.67,2024-01-05
Bétheny,51055,51450,Maison,126.0,278000.0,2206.35,2024-01-16
Reims,51454,51100,Appartement,72.0,302000.0,4194.44,2024-01-15
Châlons-sur-Vesle,51109,51140,Maison,40.0,75000.0,1875.0,2024-01-16
Reims,51454,51100,Appartement,69.0,124600.0,1805.8,2024-01-12
Reims,51454,51100,Maison,95.0,230500.0,2426.32,2024-01-12
Cormontreuil,51172,51350,Maison,96.0,268000.0,2791.67,2024-01-03
Cormontreuil,51172,51350,Maison,96.0,254000.0,2645.83,2024-01-03
Reims,51454,51100,Appartement,88.0,262300.0,2980.68,2024-01-11
Épernay,51230,51200,Maison,130.0,499000.0,3838.46,2024-01-05
Nuisement-sur-Coole,51409,51240,Maison,113.0,119000.0,1053.1,2024-01-05
Tours-sur-Marne,51576,51150,Maison,68.0,99000.0,1455.88,2024-01-08
Cormontreuil,51172,51350,Maison,82.0,259000.0,3158.54,2024-01-03
Reims,51454,51100,Appartement,30.0,95500.0,3183.33,2024-01-05
Époye,51232,51490,Maison,200.0,417000.0,2085.0,2024-01-16
Fagnières,51242,51510,Maison,113.0,170000.0,1504.42,2024-01-09
Cormontreuil,51172,51350,Maison,92.0,254000.0,2760.87,2024-01-03
Champigny,51118,51370,Maison,99.0,186800.0,1886.87,2024-01-11
Blancs-Coteaux,51612,51130,Maison,93.0,125550.0,1350.0,2024-01-15
Reims,51454,51100,Appartement,21.0,65000.0,3095.24,2024-01-08
Dormans,51217,51700,Maison,54.0,110300.0,2042.59,2024-01-03
Germaine,51266,51160,Maison,101.0,261954.0,2593.6,2024-01-10
Germaine,51266,51160,Maison,200.0,261954.0,1309.77,2024-01-10
Reims,51454,51100,Appartement,65.0,104500.0,1607.69,2024-01-15
Reims,51454,51100,Appartement,52.0,115800.0,2226.92,2024-01-11
Reims,51454,51100,Appartement,66.0,124300.0,1883.33,2024-01-17
Cormontreuil,51172,51350,Maison,96.0,249000.0,2593.75,2024-01-03
Merfy,51362,51220,Maison,90.0,243850.0,2709.44,2024-01-11
Reims,51454,51100,Appartement,45.0,77000.0,1711.11,2024-01-11
Ablancourt,51001,51240,Maison,100.0,140000.0,1400.0,2024-01-04
Germinon,51268,51130,Maison,95.0,150000.0,1578.95,2024-01-04
Germinon,51268,51130,Maison,94.0,150000.0,1595.74,2024-01-04
Mourmelon-le-Grand,51388,51400,Maison,100.0,151000.0,1510.0,2024-01-08
Mourmelon-le-Grand,51388,51400,Maison,100.0,151000.0,1510.0,2024-01-08
Reims,51454,51100,Appartement,31.0,90800.0,2929.03,2024-01-12
Reims,51454,51100,Appartement,100.0,404818.0,4048.18,2024-01-10
Reims,51454,51100,Appartement,71.0,97500.0,1373.24,2024-01-09
Huiron,51295,51300,Maison,102.0,167500.0,1642.16,2024-01-13
Sermaize-les-Bains,51531,51250,Maison,94.0,114500.0,1218.09,2024-01-16
Vitry-le-François,51649,51300,Maison,91.0,93000.0,1021.98,2024-01-09
Cormontreuil,51172,51350,Maison,101.0,235000.0,2326.73,2024-01-05
Angluzelles-et-Courcelles,51010,51230,Maison,40.0,38000.0,950.0,2024-01-13
Pleurs,51432,51230,Maison,92.0,85000.0,923.91,2024-01-13
Pleurs,51432,51230,Maison,92.0,85000.0,923.91,2024-01-13
Esternay,51237,51310,Maison,31.0,80000.0,2580.65,2024-01-13
Sézanne,51535,51120,Maison,92.0,70000.0,760.87,2024-01-05
Épernay,51230,51200,Maison,69.0,135000.0,1956.52,2024-01-19
Mardeuil,51344,51530,Maison,67.0,215000.0,3208.96,2024-01-09
Clamanges,51154,51130,Maison,167.0,173000.0,1035.93,2024-01-11
Clamanges,51154,51130,Maison,167.0,173000.0,1035.93,2024-01-11
Bouzy,51079,51150,Maison,72.0,131000.0,1819.44,2024-01-05
Troissy,51585,51700,Maison,60.0,48000.0,800.0,2024-01-09
Épernay,51230,51200,Maison,69.0,135000.0,1956.52,2024-01-11
Épernay,51230,51200,Maison,69.0,135000.0,1956.52,2024-01-11
Hautvillers,51287,51160,Maison,109.0,270600.0,2482.57,2024-01-10
Reims,51454,51100,Appartement,73.0,120000.0,1643.84,2024-01-15
Prunay,51449,51360,Maison,103.0,205000.0,1990.29,2024-01-05
Épernay,51230,51200,Appartement,59.0,105000.0,1779.66,2024-01-17
Reims,51454,51100,Appartement,91.0,135000.0,1483.52,2024-01-19
Reims,51454,51100,Appartement,24.0,90000.0,3750.0,2024-01-17
Montmort-Lucy,51381,51270,Maison,100.0,210000.0,2100.0,2024-01-18
Montmort-Lucy,51381,51270,Maison,100.0,210000.0,2100.0,2024-01-18
Reims,51454,51100,Appartement,90.0,136690.0,1518.78,2024-01-22
Prouilly,51448,51140,Maison,84.0,130000.0,1547.62,2024-01-12
Reims,51454,51100,Appartement,50.0,93980.0,1879.6,2024-01-19
Reims,51454,51100,Appartement,37.0,52630.0,1422.43,2024-01-12
Reims,51454,51100,Appartement,47.0,99900.0,2125.53,2024-01-15
Reims,51454,51100,Appartement,72.0,245000.0,3402.78,2024-01-16
Frignicourt,51262,51300,Appartement,62.0,77000.0,1241.94,2024-01-16
Brandonvillers,51080,51290,Maison,88.0,148000.0,1681.82,2024-01-19
Dormans,51217,51700,Maison,80.0,55000.0,687.5,2024-01-16
Reims,51454,51100,Appartement,37.0,93000.0,2513.51,2024-01-16
Dormans,51217,51700,Maison,70.0,90000.0,1285.71,2024-01-18
Reims,51454,51100,Appartement,23.0,70000.0,3043.48,2024-01-16
Reims,51454,51100,Appartement,70.0,267500.0,3821.43,2024-01-16
Reims,51454,51100,Appartement,70.0,267500.0,3821.43,2024-01-16
Reims,51454,51100,Appartement,66.0,267500.0,4053.03,2024-01-16
Val-de-Vesle,51571,51360,Maison,90.0,289100.0,3212.22,2024-01-16
Reims,51454,51100,Appartement,45.0,135000.0,3000.0,2024-01-03
La Chaussée-sur-Marne,51141,51240,Maison,152.0,219800.0,1446.05,2024-01-17
Vitry-la-Ville,51648,51240,Maison,124.0,171940.0,1386.61,2024-01-15
Châlons-en-Champagne,51108,51000,Maison,150.0,205000.0,1366.67,2024-01-17
Châlons-en-Champagne,51108,51000,Appartement,75.0,59490.0,793.2,2024-01-17
Reims,51454,51100,Maison,192.0,952500.0,4960.94,2024-01-18
Reims,51454,51100,Maison,75.0,338000.0,4506.67,2024-01-17
Reims,51454,51100,Appartement,36.0,129000.0,3583.33,2024-01-16
Vitry-le-François,51649,51300,Appartement,64.0,71000.0,1109.38,2024-01-18
Reims,51454,51100,Appartement,28.0,72000.0,2571.43,2024-01-16
Reims,51454,51100,Appartement,128.0,565000.0,4414.06,2024-01-16
Reims,51454,51100,Appartement,191.0,625000.0,3272.25,2024-01-12
Muizon,51391,51140,Maison,91.0,210000.0,2307.69,2024-01-17
Reims,51454,51100,Appartement,42.0,155000.0,3690.48,2024-01-11
Reims,51454,51100,Appartement,55.0,85070.0,1546.73,2024-01-19
Tinqueux,51573,51430,Appartement,20.0,70000.0,3500.0,2024-01-17
Reims,51454,51100,Appartement,49.0,128200.0,2616.33,2024-01-22
Reims,51454,51100,Maison,220.0,643000.0,2922.73,2024-01-15
Reims,51454,51100,Appartement,33.0,86000.0,2606.06,2024-01-19
Reims,51454,51100,Appartement,48.0,155500.0,3239.58,2024-01-22
Avenay-Val-d'Or,51028,51160,Maison,91.0,248100.0,2726.37,2024-01-09
Blancs-Coteaux,51612,51130,Maison,82.0,14000.0,170.73,2024-01-16
Épernay,51230,51200,Appartement,60.0,97000.0,1616.67,2024-01-19
Reims,51454,51100,Appartement,45.0,102500.0,2277.78,2024-01-23
Brandonvillers,51080,51290,Maison,104.0,164950.0,1586.06,2024-01-18
Cormoyeux,51173,51480,Maison,170.0,251000.0,1476.47,2024-01-12
Reims,51454,51100,Appartement,80.0,100000.0,1250.0,2024-01-19
Vinay,51643,51530,Maison,101.0,125500.0,1242.57,2024-01-18
Saint-Martin-d'Ablois,51002,51530,Maison,99.0,245000.0,2474.75,2024-01-12
Sillery,51536,51500,Appartement,44.0,105435.0,2396.25,2024-01-19
Germigny,51267,51390,Maison,80.0,195000.0,2437.5,2024-01-12
Germigny,51267,51390,Maison,80.0,195000.0,2437.5,2024-01-12
Reims,51454,51100,Maison,112.0,390950.0,3490.62,2024-01-08
Bezannes,51058,51430,Appartement,22.0,85000.0,3863.64,2024-01-11
Connantre,51165,51230,Maison,69.0,65000.0,942.03,2024-01-18
Valmy,51588,51800,Maison,90.0,38000.0,422.22,2024-01-25
Reims,51454,51100,Appartement,59.0,125000.0,2118.64,2024-01-10
Reims,51454,51100,Appartement,70.0,229000.0,3271.43,2024-01-17
Saint-Imoges,51488,51160,Maison,80.0,232000.0,2900.0,2024-01-12
Reims,51454,51100,Appartement,45.0,117000.0,2600.0,2024-01-17
Jonchery-sur-Vesle,51308,51140,Maison,96.0,200000.0,2083.33,2024-01-11
Mourmelon-le-Grand,51388,51400,Maison,68.0,167700.0,2466.18,2024-01-17
Mourmelon-le-Grand,51388,51400,Maison,68.0,167700.0,2466.18,2024-01-17
Reims,51454,51100,Appartement,123.0,347000.0,2821.14,2024-01-12
Châtillon-sur-Broué,51135,51290,Maison,68.0,211341.0,3107.96,2024-01-25
Boursault,51076,51480,Maison,95.0,115000.0,1210.53,2024-01-11
Reims,51454,51100,Appartement,60.0,160000.0,2666.67,2024-01-15
Mourmelon-le-Petit,51389,51400,Maison,136.0,41000.0,301.47,2024-01-16
Reims,51454,51100,Appartement,45.0,75000.0,1666.67,2024-01-24
Fagnières,51242,51510,Appartement,122.0,180000.0,1475.41,2024-01-12
Damery,51204,51480,Maison,90.0,328000.0,3644.44,2024-01-15
Taissy,51562,51500,Maison,92.0,205000.0,2228.26,2024-01-11
Courcelles-Sapicourt,51181,51140,Maison,333.0,1375000.0,4129.13,2024-01-09
Courcelles-Sapicourt,51181,51140,Maison,333.0,1375000.0,4129.13,2024-01-09
Reims,51454,51100,Appartement,77.0,262200.0,3405.19,2024-01-19
Reims,51454,51100,Appartement,50.0,80000.0,1600.0,2024-01-24
Époye,51232,51490,Maison,72.0,119950.0,1665.97,2024-01-03
Compertrix,51160,51510,Maison,65.0,135000.0,2076.92,2024-01-22
Charleville,51129,51120,Maison,70.0,121000.0,1728.57,2024-01-24
Cuchery,51199,51480,Maison,63.0,85000.0,1349.21,2024-01-10
Champaubert,51113,51270,Maison,82.0,57000.0,695.12,2024-01-19
Mutigny,51392,51160,Maison,82.0,187000.0,2280.49,2024-01-19
Beaunay,51045,51270,Maison,47.0,190000.0,4042.55,2024-01-24
Aÿ-Champagne,51030,51160,Maison,90.0,72500.0,805.56,2024-01-19
Pleurs,51432,51230,Maison,80.0,93200.0,1165.0,2024-01-02
Le Meix-Tiercelin,51361,51320,Maison,97.0,147500.0,1520.62,2024-01-19
Châlons-en-Champagne,51108,51000,Appartement,63.0,159000.0,2523.81,2024-01-04
Châlons-en-Champagne,51108,51000,Appartement,89.0,125500.0,1410.11,2024-01-24
Châlons-en-Champagne,51108,51000,Appartement,33.0,30000.0,909.09,2024-01-11
Châlons-en-Champagne,51108,51000,Maison,83.0,148000.0,1783.13,2024-01-19
Reims,51454,51100,Appartement,22.0,15000.0,681.82,2024-01-09
Reims,51454,51100,Appartement,55.0,118000.0,2145.45,2024-01-18
Reims,51454,51100,Appartement,67.0,74800.0,1116.42,2024-01-11
Venteuil,51605,51480,Maison,55.0,115000.0,2090.91,2024-01-23
Reims,51454,51100,Appartement,66.0,243000.0,3681.82,2024-01-25
Reims,51454,51100,Appartement,105.0,215500.0,2052.38,2024-01-08
Givry-lès-Loisy,51273,51130,Maison,127.0,203000.0,1598.43,2024-01-19
Igny-Comblizy,51298,51700,Maison,105.0,182000.0,1733.33,2024-01-18
Witry-lès-Reims,51662,51420,Maison,135.0,360000.0,2666.67,2024-01-08
Blancs-Coteaux,51612,51130,Maison,64.0,30000.0,468.75,2024-01-23
Mardeuil,51344,51530,Maison,141.0,225800.0,1601.42,2024-01-19
Boursault,51076,51480,Maison,107.0,276500.0,2584.11,2024-01-22
Boursault,51076,51480,Maison,107.0,276500.0,2584.11,2024-01-22
Saint-Gilles,51484,51170,Maison,126.0,145000.0,1150.79,2024-01-11
Reims,51454,51100,Appartement,69.0,142300.0,2062.32,2024-01-24
Épernay,51230,51200,Appartement,91.0,41000.0,450.55,2024-01-17
Fismes,51250,51170,Maison,30.0,64500.0,2150.0,2024-01-13
Barbonne-Fayel,51036,51120,Maison,77.0,140000.0,1818.18,2024-01-10
Reims,51454,51100,Appartement,67.0,95000.0,1417.91,2024-01-23
Bétheny,51055,51450,Maison,89.0,181500.0,2039.33,2024-01-09
Norrois,51406,51300,Appartement,65.0,107500.0,1653.85,2024-01-25
Dampierre-au-Temple,51205,51400,Maison,119.0,252000.0,2117.65,2024-01-19
Reims,51454,51100,Maison,70.0,190000.0,2714.29,2024-01-16
Châlons-en-Champagne,51108,51000,Appartement,54.0,65000.0,1203.7,2024-01-12
Reims,51454,51100,Appartement,50.0,100000.0,2000.0,2024-01-24
Châlons-en-Champagne,51108,51000,Appartement,34.0,47000.0,1382.35,2024-01-08
Reims,51454,51100,Maison,169.0,868000.0,5136.09,2024-01-11
Reims,51454,51100,Maison,51.0,200000.0,3921.57,2024-01-22
Reims,51454,51100,Appartement,106.0,163500.0,1542.45,2024-01-23
La Neuville-aux-Larris,51398,51480,Maison,114.0,220500.0,1934.21,2024-01-18
Reims,51454,51100,Maison,100.0,280000.0,2800.0,2024-01-17
Reims,51454,51100,Appartement,46.0,90000.0,1956.52,2024-01-30
Reims,51454,51100,Appartement,67.0,139000.0,2074.63,2024-01-23
Reims,51454,51100,Appartement,90.0,160000.0,1777.78,2024-01-19
Reims,51454,51100,Appartement,32.0,99442.74,3107.59,2024-01-22
Reims,51454,51100,Appartement,57.0,142500.0,2500.0,2024-01-16
Reims,51454,51100,Appartement,29.0,65000.0,2241.38,2024-01-18
Châlons-en-Champagne,51108,51000,Maison,76.0,146100.0,1922.37,2024-01-15
Saint-Memmie,51506,51470,Appartement,28.0,44000.0,1571.43,2024-01-05
Reims,51454,51100,Maison,140.0,440000.0,3142.86,2024-01-29
Auménancourt,51025,51110,Maison,101.0,125000.0,1237.62,2024-01-04
Châlons-en-Champagne,51108,51000,Appartement,34.0,52600.0,1547.06,2024-01-04
Bétheny,51055,51450,Maison,104.0,170000.0,1634.62,2024-01-25
Blancs-Coteaux,51612,51130,Maison,130.0,179200.0,1378.46,2024-01-25
Villers-aux-Bois,51630,51130,Maison,141.0,220000.0,1560.28,2024-01-25
Reims,51454,51100,Appartement,50.0,127350.0,2547.0,2024-01-18
Bazancourt,51043,51110,Maison,82.0,137000.0,1670.73,2024-01-25
Reims,51454,51100,Maison,104.0,245000.0,2355.77,2024-01-26
Reims,51454,51100,Appartement,67.0,112000.0,1671.64,2024-01-23
Reims,51454,51100,Appartement,66.0,112000.0,1696.97,2024-01-23
Reims,51454,51100,Appartement,35.0,180112.0,5146.06,2024-01-23
Épernay,51230,51200,Maison,85.0,169900.0,1998.82,2024-01-15
Couvrot,51195,51300,Maison,89.0,110000.0,1235.96,2024-01-24
Reims,51454,51100,Appartement,86.0,129900.0,1510.47,2024-01-26
Reims,51454,51100,Appartement,79.0,150000.0,1898.73,2024-01-25
Reims,51454,51100,Maison,81.0,165370.0,2041.6,2024-01-22
Châlons-en-Champagne,51108,51000,Appartement,47.0,74000.0,1574.47,2024-01-11
Reims,51454,51100,Appartement,51.0,154000.0,3019.61,2024-01-31
Reims,51454,51100,Appartement,63.0,171000.0,2714.29,2024-01-15
Aÿ-Champagne,51030,51160,Maison,130.0,132000.0,1015.38,2024-01-31
Montbré,51375,51500,Maison,84.0,212500.0,2529.76,2024-01-24
Villers-aux-Bois,51630,51130,Maison,160.0,330000.0,2062.5,2024-01-22
Châtelraould-Saint-Louvent,51134,51300,Maison,91.0,93500.0,1027.47,2024-01-17
Reims,51454,51100,Appartement,30.0,120000.0,4000.0,2024-01-31
Reims,51454,51100,Appartement,16.0,120000.0,7500.0,2024-01-31
Reims,51454,51100,Appartement,55.0,141500.0,2572.73,2024-01-22
Reims,51454,51100,Appartement,75.0,175800.0,2344.0,2024-01-26
Villeseneux,51638,51130,Maison,33.0,6000.0,181.82,2024-01-29
Loisy-sur-Marne,51328,51300,Maison,74.0,56000.0,756.76,2024-01-27
Cuis,51200,51530,Maison,70.0,110000.0,1571.43,2024-01-10
Épernay,51230,51200,Maison,100.0,225500.0,2255.0,2024-01-12
Reims,51454,51100,Appartement,66.0,164000.0,2484.85,2024-01-17
Witry-lès-Reims,51662,51420,Maison,80.0,150000.0,1875.0,2024-01-03
Cormontreuil,51172,51350,Appartement,65.0,205000.0,3153.85,2024-01-10
Pogny,51436,51240,Maison,69.0,171600.0,2486.96,2024-02-01
Les Mesneux,51365,51370,Maison,124.0,440000.0,3548.39,2024-01-31
Reims,51454,51100,Appartement,29.0,9000.0,310.34,2024-01-22
Montmirail,51380,51210,Appartement,63.0,70000.0,1111.11,2024-02-01
Montmirail,51380,51210,Appartement,56.0,70000.0,1250.0,2024-02-01
Reims,51454,51100,Appartement,24.0,95000.0,3958.33,2024-01-24
Reims,51454,51100,Appartement,95.0,178600.0,1880.0,2024-01-22
Prouilly,51448,51140,Maison,17.0,38000.0,2235.29,2024-02-01
Prouilly,51448,51140,Maison,17.0,38000.0,2235.29,2024-02-01
Tinqueux,51573,51430,Maison,84.0,292000.0,3476.19,2024-01-29
Sézanne,51535,51120,Maison,80.0,100000.0,1250.0,2024-01-27
Reims,51454,51100,Appartement,104.0,240500.0,2312.5,2024-01-24
Œuilly,51410,51480,Maison,158.0,255000.0,1613.92,2024-01-29
Courcy,51183,51220,Maison,77.0,123000.0,1597.4,2024-01-30
Reims,51454,51100,Appartement,36.0,95000.0,2638.89,2024-01-29
Reims,51454,51100,Maison,67.0,150000.0,2238.81,2024-01-25
Les Mesneux,51365,51370,Maison,119.0,220500.0,1852.94,2024-01-25
Cormontreuil,51172,51350,Maison,105.0,233000.0,2219.05,2024-01-25
Reims,51454,51100,Appartement,67.0,185000.0,2761.19,2024-01-29
Fère-Champenoise,51248,51230,Maison,108.0,135000.0,1250.0,2024-01-20
Étoges,51238,51270,Maison,230.0,253000.0,1100.0,2024-01-13
Châtillon-sur-Morin,51137,51310,Maison,105.0,177000.0,1685.71,2024-01-20
Reims,51454,51100,Appartement,66.0,200900.0,3043.94,2024-01-29
Le Meix-Saint-Epoing,51360,51120,Maison,34.0,84000.0,2470.59,2024-01-23
Le Meix-Saint-Epoing,51360,51120,Maison,34.0,84000.0,2470.59,2024-01-23
Frignicourt,51262,51300,Maison,69.0,80000.0,1159.42,2024-01-25
Épernay,51230,51200,Maison,93.0,165000.0,1774.19,2024-01-26
La Veuve,51617,51520,Maison,85.0,224800.0,2644.71,2024-01-20
Vitry-le-François,51649,51300,Maison,108.0,107500.0,995.37,2024-01-26
Épernay,51230,51200,Appartement,65.0,126450.0,1945.38,2024-01-30
Broyes,51092,51120,Maison,70.0,220900.0,3155.71,2024-01-19
Tinqueux,51573,51430,Maison,119.0,147000.0,1235.29,2024-01-11
Reims,51454,51100,Appartement,18.0,71000.0,3944.44,2024-01-29
Épernay,51230,51200,Appartement,96.0,215085.0,2240.47,2024-02-02
Reims,51454,51100,Appartement,67.0,242000.0,3611.94,2024-01-31
Reims,51454,51100,Appartement,99.0,164000.0,1656.57,2024-02-01
Reims,51454,51100,Maison,119.0,201000.0,1689.08,2024-01-23
Reims,51454,51100,Appartement,56.0,125500.0,2241.07,2024-01-31
Reims,51454,51100,Appartement,87.0,156000.0,1793.1,2024-01-19
Reims,51454,51100,Appartement,92.0,198500.0,2157.61,2024-01-30
Reims,51454,51100,Maison,215.0,537500.0,2500.0,2024-02-05
Reims,51454,51100,Appartement,73.0,170000.0,2328.77,2024-01-29
Witry-lès-Reims,51662,51420,Maison,88.0,340000.0,3863.64,2024-01-05
Witry-lès-Reims,51662,51420,Maison,94.0,229800.0,2444.68,2024-01-30
Reims,51454,51100,Appartement,77.0,268850.0,3491.56,2024-01-23
Mailly-Champagne,51338,51500,Maison,90.0,173000.0,1922.22,2024-01-22
Reims,51454,51100,Appartement,41.0,150000.0,3658.54,2024-01-30
Saint-Brice-Courcelles,51474,51370,Maison,101.0,120000.0,1188.12,2024-01-23
Reims,51454,51100,Appartement,56.0,138500.0,2473.21,2024-02-01
Épernay,51230,51200,Appartement,79.0,289000.0,3658.23,2024-01-30
Reims,51454,51100,Appartement,38.0,105750.0,2782.89,2024-01-26
Épernay,51230,51200,Maison,149.0,315350.0,2116.44,2024-01-26
Châlons-en-Champagne,51108,51000,Appartement,64.0,96500.0,1507.81,2024-01-25
Chouilly,51153,51530,Maison,92.0,1152500.0,12527.17,2024-02-02
Champigneul-Champagne,51117,51150,Maison,149.0,275000.0,1845.64,2024-02-01
Reims,51454,51100,Appartement,67.0,140500.0,2097.01,2024-01-26
Fère-Champenoise,51248,51230,Maison,100.0,128000.0,1280.0,2024-02-06
Épernay,51230,51200,Appartement,66.0,75000.0,1136.36,2024-02-02
Cumières,51202,51480,Maison,165.0,160000.0,969.7,2024-02-02
Épernay,51230,51200,Maison,98.0,169000.0,1724.49,2024-01-15
Cumières,51202,51480,Maison,125.0,88000.0,704.0,2024-01-25
Fismes,51250,51170,Maison,75.0,175500.0,2340.0,2024-01-08
Noirlieu,51404,51330,Maison,130.0,156450.0,1203.46,2024-01-13
Noirlieu,51404,51330,Maison,130.0,156450.0,1203.46,2024-01-13
Marolles,51352,51300,Maison,74.0,70000.0,945.95,2024-01-26
Reims,51454,51100,Maison,280.0,832200.0,2972.14,2024-01-19
Vitry-le-François,51649,51300,Maison,104.0,70000.0,673.08,2024-01-30
Sermaize-les-Bains,51531,51250,Maison,49.0,10000.0,204.08,2024-01-26
Reims,51454,51100,Appartement,36.0,86000.0,2388.89,2024-02-02
Frignicourt,51262,51300,Maison,83.0,140000.0,1686.75,2024-01-27
Bezannes,51058,51430,Maison,142.0,399000.0,2809.86,2024-02-02
Nuisement-sur-Coole,51409,51240,Maison,130.0,230000.0,1769.23,2024-02-02
Minaucourt-le-Mesnil-lès-Hurlus,51368,51800,Maison,100.0,50000.0,500.0,2024-01-16
Cormontreuil,51172,51350,Maison,82.0,227000.0,2768.29,2024-01-15
Pringy,51446,51300,Maison,90.0,155000.0,1722.22,2024-01-24
Saint-Brice-Courcelles,51474,51370,Maison,88.0,217000.0,2465.91,2024-02-05
Châlons-en-Champagne,51108,51000,Maison,110.0,150000.0,1363.64,2024-01-17
Châlons-en-Champagne,51108,51000,Maison,60.0,130000.0,2166.67,2024-01-10
Sainte-Menehould,51507,51800,Maison,106.0,190000.0,1792.45,2024-01-30
Auve,51027,51800,Maison,100.0,95000.0,950.0,2024-01-30
Reims,51454,51100,Appartement,42.0,173000.0,4119.05,2024-01-26
Mourmelon-le-Grand,51388,51400,Maison,83.0,155000.0,1867.47,2024-01-18
Mourmelon-le-Grand,51388,51400,Maison,83.0,155000.0,1867.47,2024-01-18
Vitry-le-François,51649,51300,Maison,34.0,32000.0,941.18,2024-01-24
Reims,51454,51100,Appartement,72.0,108000.0,1500.0,2024-01-31
Merfy,51362,51220,Maison,140.0,380350.0,2716.79,2024-01-29
Bezannes,51058,51430,Appartement,44.0,174500.0,3965.91,2024-02-02
Reims,51454,51100,Maison,101.0,268000.0,2653.47,2024-01-26
Bazancourt,51043,51110,Maison,55.0,26000.0,472.73,2024-01-12
Épernay,51230,51200,Appartement,40.0,72000.0,1800.0,2024-01-18
Épernay,51230,51200,Appartement,46.0,76500.0,1663.04,2024-02-01
Reims,51454,51100,Maison,130.0,218950.0,1684.23,2024-01-29
Saint-Bon,51473,51310,Maison,146.0,157490.0,1078.7,2024-01-30
Saint-Bon,51473,51310,Maison,146.0,157490.0,1078.7,2024-01-30
Saint-Bon,51473,51310,Maison,146.0,157490.0,1078.7,2024-01-30
Saint-Bon,51473,51310,Maison,146.0,157490.0,1078.7,2024-01-30
Épernay,51230,51200,Appartement,20.0,67500.0,3375.0,2024-01-29
Bétheny,51055,51450,Maison,89.0,165000.0,1853.93,2024-01-26
Reims,51454,51100,Appartement,117.0,77743.7,664.48,2024-01-25
Condé-sur-Marne,51161,51150,Maison,80.0,214000.0,2675.0,2024-01-24
Épernay,51230,51200,Appartement,39.0,71500.0,1833.33,2024-02-01
Givry-en-Argonne,51272,51330,Maison,100.0,49000.0,490.0,2024-01-10
Givry-en-Argonne,51272,51330,Maison,100.0,49000.0,490.0,2024-01-10
Épernay,51230,51200,Appartement,39.0,73500.0,1884.62,2024-02-05
Granges-sur-Aube,51279,51260,Maison,90.0,195000.0,2166.67,2024-01-23
Épernay,51230,51200,Appartement,40.0,78000.0,1950.0,2024-01-25
Pouillon,51444,51220,Maison,138.0,43550.0,315.58,2024-01-29
Pouillon,51444,51220,Maison,138.0,43550.0,315.58,2024-01-29
Châlons-en-Champagne,51108,51000,Maison,83.0,90880.0,1094.94,2024-02-01
Tinqueux,51573,51430,Maison,101.0,220000.0,2178.22,2024-02-02
Reims,51454,51100,Appartement,72.0,126050.0,1750.69,2024-01-29
Suippes,51559,51600,Maison,65.0,65800.0,1012.31,2024-01-30
Esclavolles-Lurey,51234,51260,Maison,122.0,265000.0,2172.13,2024-01-31
Sézanne,51535,51120,Maison,103.0,90220.0,875.92,2024-01-30
Suippes,51559,51600,Maison,90.0,12000.0,133.33,2024-01-30
Reims,51454,51100,Appartement,44.0,178000.0,4045.45,2024-01-31
Vitry-le-François,51649,51300,Appartement,54.0,73235.0,1356.2,2024-02-07
Verneuil,51609,51700,Maison,80.0,70000.0,875.0,2024-02-06
Blancs-Coteaux,51612,51130,Maison,131.0,124000.0,946.56,2024-02-08
Gigny-Bussy,51270,51290,Maison,92.0,85000.0,923.91,2024-01-30
Châlons-en-Champagne,51108,51000,Maison,86.0,169000.0,1965.12,2024-02-07
Châlons-en-Champagne,51108,51000,Appartement,27.0,43000.0,1592.59,2024-02-02
Saint-Memmie,51506,51470,Appartement,81.0,88500.0,1092.59,2024-01-31
Margerie-Hancourt,51349,51290,Maison,70.0,50000.0,714.29,2024-02-02
Châlons-en-Champagne,51108,51000,Maison,113.0,168500.0,1491.15,2024-02-02
Champaubert,51113,51270,Maison,118.0,128000.0,1084.75,2024-02-07
Trigny,51582,51140,Maison,250.0,640000.0,2560.0,2024-01-24
Châlons-en-Champagne,51108,51000,Maison,96.0,91000.0,947.92,2024-01-29
Saint-Étienne-au-Temple,51476,51460,Maison,91.0,174000.0,1912.09,2024-02-07
Saint-Étienne-au-Temple,51476,51460,Maison,91.0,174000.0,1912.09,2024-02-07
Reims,51454,51100,Appartement,34.0,70000.0,2058.82,2024-01-29
Chamery,51112,51500,Maison,132.0,249000.0,1886.36,2024-02-02
Beine-Nauroy,51046,51490,Maison,66.0,129900.0,1968.18,2024-01-17
Muizon,51391,51140,Maison,89.0,244800.0,2750.56,2024-01-08
Taissy,51562,51500,Appartement,59.0,115000.0,1949.15,2024-01-17
Reims,51454,51100,Appartement,54.0,135000.0,2500.0,2024-02-02
Châlons-en-Champagne,51108,51000,Appartement,77.0,100500.0,1305.19,2024-02-07
Bétheny,51055,51450,Appartement,53.0,78000.0,1471.7,2024-01-30
Cormontreuil,51172,51350,Maison,93.0,220000.0,2365.59,2024-01-19
Reims,51454,51100,Appartement,72.0,86800.0,1205.56,2024-02-02
Pévy,51429,51140,Maison,151.0,401000.0,2655.63,2024-02-09
Tinqueux,51573,51430,Appartement,69.0,200000.0,2898.55,2024-02-07
Magenta,51663,51530,Appartement,54.0,60000.0,1111.11,2024-02-02
Reims,51454,51100,Appartement,80.0,260800.0,3260.0,2024-02-09
Reims,51454,51100,Appartement,20.0,61500.0,3075.0,2024-01-31
Reims,51454,51100,Appartement,31.0,127000.0,4096.77,2024-02-09
Reims,51454,51100,Appartement,123.0,15000.0,121.95,2024-02-02
Épernay,51230,51200,Appartement,63.0,90000.0,1428.57,2024-02-02
Montmirail,51380,51210,Maison,90.0,225000.0,2500.0,2024-02-09
Montmirail,51380,51210,Maison,90.0,225000.0,2500.0,2024-02-09
Bétheny,51055,51450,Appartement,77.0,130000.0,1688.31,2024-01-16
Favresse,51246,51300,Maison,98.0,40000.0,408.16,2024-02-07
Reims,51454,51100,Appartement,20.0,109000.0,5450.0,2024-02-06
Châlons-en-Champagne,51108,51000,Appartement,167.0,190000.0,1137.72,2024-01-04
Bethon,51056,51260,Maison,120.0,214000.0,1783.33,2024-02-02
Baye,51042,51270,Maison,17.0,8000.0,470.59,2024-02-02
Reims,51454,51100,Appartement,115.0,409100.0,3557.39,2024-02-09
Reuil,51457,51480,Maison,105.0,254050.0,2419.52,2024-01-30
Le Gault-Soigny,51264,51210,Maison,180.0,159500.0,886.11,2024-02-13
Vouillers,51654,51340,Maison,96.0,119500.0,1244.79,2024-01-31
Witry-lès-Reims,51662,51420,Maison,90.0,190000.0,2111.11,2024-02-05
Châlons-en-Champagne,51108,51000,Maison,104.0,118400.0,1138.46,2024-01-15
La Caure,51100,51270,Maison,110.0,176000.0,1600.0,2024-02-09
Bétheny,51055,51450,Appartement,104.0,161550.0,1553.37,2024-01-18
Reims,51454,51100,Appartement,39.0,130000.0,3333.33,2024-01-26
Châlons-en-Champagne,51108,51000,Appartement,44.0,90000.0,2045.45,2024-02-02
Châlons-en-Champagne,51108,51000,Appartement,76.0,90000.0,1184.21,2024-02-02
Reims,51454,51100,Appartement,101.0,445000.0,4405.94,2024-02-14
Saint-Brice-Courcelles,51474,51370,Maison,78.0,300500.0,3852.56,2024-02-14
Witry-lès-Reims,51662,51420,Maison,85.0,242000.0,2847.06,2024-01-31
Reims,51454,51100,Appartement,57.0,111000.0,1947.37,2024-02-09
Reims,51454,51100,Appartement,21.0,72000.0,3428.57,2024-01-26
Châlons-en-Champagne,51108,51000,Appartement,67.0,102000.0,1522.39,2024-01-24
Reims,51454,51100,Appartement,129.0,6500.0,50.39,2024-02-09
Reims,51454,51100,Appartement,33.0,86500.0,2621.21,2024-02-09
Reims,51454,51100,Appartement,70.0,126220.0,1803.14,2024-02-05
Épernay,51230,51200,Appartement,46.0,69250.0,1505.43,2024-01-31
Reims,51454,51100,Maison,114.0,377500.0,3311.4,2024-01-25
Warmeriville,51660,51110,Maison,88.0,231450.0,2630.11,2024-01-25
Reims,51454,51100,Appartement,74.0,158000.0,2135.14,2024-02-06
Reims,51454,51100,Appartement,25.0,63000.0,2520.0,2024-01-22
Sommesous,51545,51320,Maison,78.0,150000.0,1923.08,2024-01-31
Bignicourt-sur-Marne,51059,51300,Maison,95.0,136600.0,1437.89,2024-02-03
Reims,51454,51100,Appartement,18.0,42000.0,2333.33,2024-02-08
Blancs-Coteaux,51612,51130,Maison,119.0,106000.0,890.76,2024-02-05
Vitry-le-François,51649,51300,Maison,72.0,52000.0,722.22,2024-02-07
Bétheny,51055,51450,Maison,117.0,323000.0,2760.68,2024-02-05
Reims,51454,51100,Appartement,62.0,199500.0,3217.74,2024-02-12
Mardeuil,51344,51530,Maison,113.0,102500.0,907.08,2024-02-13
Reims,51454,51100,Appartement,33.0,107000.0,3242.42,2024-01-30
Reims,51454,51100,Maison,130.0,432250.0,3325.0,2024-01-31
Pogny,51436,51240,Maison,30.0,65700.0,2190.0,2024-02-16
Clesles,51155,51260,Maison,82.0,89800.0,1095.12,2024-01-23
Reims,51454,51100,Appartement,62.0,200000.0,3225.81,2024-02-12
Blancs-Coteaux,51612,51130,Maison,82.0,55000.0,670.73,2024-02-09
Blancs-Coteaux,51612,51130,Maison,46.0,55000.0,1195.65,2024-02-09
Reims,51454,51100,Appartement,34.0,190000.0,5588.24,2024-02-09
Reims,51454,51100,Appartement,31.0,190000.0,6129.03,2024-02-09
Reims,51454,51100,Appartement,57.0,122000.0,2140.35,2024-02-05
Reims,51454,51100,Appartement,30.0,71000.0,2366.67,2024-02-09
Reims,51454,51100,Appartement,33.0,88000.0,2666.67,2024-01-30
Reims,51454,51100,Appartement,67.0,112500.0,1679.1,2024-02-15
Épernay,51230,51200,Appartement,44.0,350000.0,7954.55,2024-02-13
Épernay,51230,51200,Appartement,50.0,350000.0,7000.0,2024-02-13
Épernay,51230,51200,Appartement,50.0,350000.0,7000.0,2024-02-13
Châlons-en-Champagne,51108,51000,Appartement,56.0,58563.0,1045.77,2024-02-02
Frignicourt,51262,51300,Maison,102.0,275650.0,2702.45,2024-02-10
Reims,51454,51100,Appartement,65.0,264080.0,4062.77,2024-01-31
Reims,51454,51100,Maison,122.0,193878.0,1589.16,2024-01-30
Châlons-en-Champagne,51108,51000,Appartement,70.0,44500.0,635.71,2024-01-31
Verneuil,51609,51700,Maison,167.0,230000.0,1377.25,2024-02-09
Reims,51454,51100,Appartement,37.0,110000.0,2972.97,2024-02-16
Champigny,51118,51370,Maison,133.0,427500.0,3214.29,2024-01-29
Vincelles,51644,51700,Maison,152.0,203350.0,1337.83,2024-02-09
Cormicy,51171,51220,Maison,80.0,177650.0,2220.62,2024-02-05
Reims,51454,51100,Maison,60.0,177000.0,2950.0,2024-02-06
Reims,51454,51100,Maison,91.0,207000.0,2274.73,2024-02-08
Reims,51454,51100,Appartement,80.0,205000.0,2562.5,2024-02-15
Reims,51454,51100,Appartement,47.0,282000.0,6000.0,2024-02-09
Reims,51454,51100,Appartement,41.0,282000.0,6878.05,2024-02-09
Reims,51454,51100,Appartement,86.0,282000.0,3279.07,2024-02-09
Cormontreuil,51172,51350,Maison,99.0,268000.0,2707.07,2024-02-09
Reims,51454,51100,Appartement,29.0,143000.0,4931.03,2024-02-12
Châtillon-sur-Broué,51135,51290,Maison,88.0,157500.0,1789.77,2024-02-14
Reims,51454,51100,Maison,132.0,319000.0,2416.67,2024-01-26
Reims,51454,51100,Maison,168.0,513000.0,3053.57,2024-02-16
Reims,51454,51100,Appartement,44.0,131000.0,2977.27,2024-02-15
Bouzy,51079,51150,Maison,80.0,126000.0,1575.0,2024-02-01
Reims,51454,51100,Appartement,57.0,122000.0,2140.35,2024-02-08
Reims,51454,51100,Appartement,50.0,88000.0,1760.0,2024-01-29
Reims,51454,51100,Appartement,50.0,154000.0,3080.0,2024-02-15
Reims,51454,51100,Appartement,89.0,268100.0,3012.36,2024-01-16
Reims,51454,51100,Maison,76.0,101850.0,1340.13,2024-02-13
Aÿ-Champagne,51030,51160,Maison,83.0,60000.0,722.89,2024-02-09
Warmeriville,51660,51110,Maison,153.0,346700.0,2266.01,2024-02-09
Reims,51454,51100,Appartement,79.0,274050.0,3468.99,2024-02-16
Reims,51454,51100,Appartement,80.0,160000.0,2000.0,2024-01-26
Reims,51454,51100,Appartement,20.0,160000.0,8000.0,2024-01-31
Dormans,51217,51700,Maison,160.0,613000.0,3831.25,2024-02-05
Reims,51454,51100,Appartement,72.0,305100.0,4237.5,2024-02-16
Reims,51454,51100,Appartement,59.0,90000.0,1525.42,2024-02-16
Reims,51454,51100,Appartement,33.0,97200.0,2945.45,2024-02-12
Cormontreuil,51172,51350,Maison,200.0,420000.0,2100.0,2024-01-30
Sainte-Menehould,51507,51800,Appartement,82.0,34000.0,414.63,2024-02-08
Épernay,51230,51200,Appartement,78.0,165000.0,2115.38,2024-02-20
Charmont,51130,51330,Maison,69.0,89000.0,1289.86,2024-01-25
Reims,51454,51100,Appartement,90.0,164000.0,1822.22,2024-01-31
Glannes,51275,51300,Maison,92.0,63600.0,691.3,2024-02-09
Suippes,51559,51600,Maison,60.0,45400.0,756.67,2024-02-14
Gueux,51282,51390,Maison,190.0,813000.0,4278.95,2024-01-17
Gueux,51282,51390,Maison,190.0,813000.0,4278.95,2024-01-17
Frignicourt,51262,51300,Maison,99.0,125000.0,1262.63,2024-02-03
Frignicourt,51262,51300,Maison,99.0,125000.0,1262.63,2024-02-03
Witry-lès-Reims,51662,51420,Maison,171.0,367000.0,2146.2,2024-01-30
Reims,51454,51100,Maison,69.0,100000.0,1449.28,2024-02-14
Mont-sur-Courville,51382,51170,Maison,68.0,255000.0,3750.0,2024-02-09
Fagnières,51242,51510,Appartement,86.0,103000.0,1197.67,2024-01-16
Fismes,51250,51170,Maison,48.0,87000.0,1812.5,2024-01-30
Châlons-en-Champagne,51108,51000,Maison,93.0,114000.0,1225.81,2024-01-18
Reims,51454,51100,Maison,98.0,175000.0,1785.71,2024-01-26
Reims,51454,51100,Maison,117.0,325500.0,2782.05,2024-01-29
Reims,51454,51100,Appartement,100.0,182500.0,1825.0,2024-02-06
Châlons-en-Champagne,51108,51000,Maison,127.0,277000.0,2181.1,2024-01-19
Dormans,51217,51700,Maison,62.0,63000.0,1016.13,2024-02-08
Reims,51454,51100,Appartement,95.0,211000.0,2221.05,2024-02-08
Châlons-en-Champagne,51108,51000,Appartement,40.0,48500.0,1212.5,2024-01-10
Châlons-en-Champagne,51108,51000,Appartement,54.0,82500.0,1527.78,2024-01-11
Courtisols,51193,51460,Maison,320.0,402000.0,1256.25,2024-01-17
Caurel,51101,51110,Maison,100.0,460000.0,4600.0,2024-01-29
Reims,51454,51100,Appartement,80.0,185000.0,2312.5,2024-02-15
Reims,51454,51100,Appartement,90.0,234400.0,2604.44,2024-02-12
Mareuil-le-Port,51346,51700,Appartement,90.0,185000.0,2055.56,2024-02-16
Mareuil-le-Port,51346,51700,Appartement,100.0,185000.0,1850.0,2024-02-16
Mareuil-le-Port,51346,51700,Appartement,100.0,185000.0,1850.0,2024-02-16
Reims,51454,51100,Appartement,94.0,254600.0,2708.51,2024-02-20
Sainte-Menehould,51507,51800,Appartement,25.0,18500.0,740.0,2024-01-25
Fagnières,51242,51510,Maison,80.0,189000.0,2362.5,2024-02-09
Châlons-en-Champagne,51108,51000,Maison,61.0,125000.0,2049.18,2024-02-13
Châlons-en-Champagne,51108,51000,Appartement,32.0,50000.0,1562.5,2024-01-19
Giffaumont-Champaubert,51269,51290,Maison,38.0,135000.0,3552.63,2024-02-13
Soudron,51556,51320,Maison,102.0,130000.0,1274.51,2024-02-09
Châlons-en-Champagne,51108,51000,Maison,72.0,112000.0,1555.56,2024-02-16
Reims,51454,51100,Appartement,110.0,149800.0,1361.82,2024-02-19
Reims,51454,51100,Maison,85.0,212000.0,2494.12,2024-02-19
Courtisols,51193,51460,Maison,88.0,130000.0,1477.27,2024-02-14
Reims,51454,51100,Appartement,59.0,114800.0,1945.76,2024-02-13
Bétheny,51055,51450,Maison,101.0,291600.0,2887.13,2024-02-16
Pontfaverger-Moronvilliers,51440,51490,Maison,37.0,83500.0,2256.76,2024-02-19
Reims,51454,51100,Appartement,79.0,100000.0,1265.82,2024-02-15
Reims,51454,51100,Maison,190.0,1143200.0,6016.84,2024-02-19
Courgivaux,51185,51310,Maison,121.0,175000.0,1446.28,2024-01-27
Dormans,51217,51700,Maison,55.0,116200.0,2112.73,2024-02-15
Reims,51454,51100,Appartement,65.0,135500.0,2084.62,2024-01-31
Épernay,51230,51200,Appartement,54.0,253000.0,4685.19,2024-02-19
Épernay,51230,51200,Appartement,27.0,253000.0,9370.37,2024-02-19
Le Gault-Soigny,51264,51210,Maison,70.0,240000.0,3428.57,2024-02-12
Reims,51454,51100,Appartement,15.0,60000.0,4000.0,2024-02-01
Le Mesnil-sur-Oger,51367,51190,Maison,49.0,120000.0,2448.98,2024-02-19
Athis,51018,51150,Maison,36.0,32000.0,888.89,2024-02-12
Châlons-en-Champagne,51108,51000,Maison,81.0,141000.0,1740.74,2024-01-22
Reims,51454,51100,Appartement,23.0,144000.0,6260.87,2024-01-31
Reims,51454,51100,Appartement,24.0,144000.0,6000.0,2024-01-31
Jonchery-sur-Vesle,51308,51140,Maison,110.0,69000.0,627.27,2024-02-19
Tinqueux,51573,51430,Appartement,78.0,162200.0,2079.49,2024-02-14
Reims,51454,51100,Maison,90.0,314900.0,3498.89,2024-02-08
Reims,51454,51100,Appartement,79.0,189000.0,2392.41,2024-02-09
Châlons-en-Champagne,51108,51000,Appartement,61.0,90000.0,1475.41,2024-02-14
Magenta,51663,51530,Appartement,65.0,121900.0,1875.38,2024-02-13
Reims,51454,51100,Appartement,49.0,430000.0,8775.51,2024-01-31
Reims,51454,51100,Appartement,57.0,430000.0,7543.86,2024-01-31
Reims,51454,51100,Appartement,49.0,430000.0,8775.51,2024-01-31
Reims,51454,51100,Appartement,71.0,430000.0,6056.34,2024-01-31
Reims,51454,51100,Appartement,39.0,430000.0,11025.64,2024-01-31
Anglure,51009,51260,Maison,86.0,65000.0,755.81,2024-01-31
Muizon,51391,51140,Maison,104.0,83333.33,801.28,2024-01-31
Châlons-en-Champagne,51108,51000,Appartement,62.0,50000.0,806.45,2024-02-13
Montmirail,51380,51210,Maison,74.0,94000.0,1270.27,2024-02-21
Nanteuil-la-Forêt,51393,51480,Maison,56.0,137000.0,2446.43,2024-02-09
Reims,51454,51100,Appartement,37.0,102500.0,2770.27,2024-02-12
Châlons-en-Champagne,51108,51000,Appartement,49.0,81000.0,1653.06,2024-02-13
Épernay,51230,51200,Appartement,37.0,18000.0,486.49,2024-01-31
Courcemain,51182,51260,Maison,58.0,85000.0,1465.52,2024-02-02
Courcemain,51182,51260,Maison,58.0,85000.0,1465.52,2024-02-02
Châlons-en-Champagne,51108,51000,Maison,81.0,145000.0,1790.12,2024-02-21
Prosnes,51447,51400,Maison,143.0,242580.0,1696.36,2024-02-01
Reims,51454,51100,Appartement,69.0,199500.0,2891.3,2024-02-15
Soudron,51556,51320,Maison,151.0,50000.0,331.13,2024-01-29
Boult-sur-Suippe,51074,51110,Maison,145.0,325000.0,2241.38,2024-02-02
Reims,51454,51100,Appartement,66.0,112000.0,1696.97,2024-02-05
Saint-Germain-la-Ville,51482,51240,Maison,97.0,272000.0,2804.12,2024-01-25
Monthelon,51378,51530,Maison,169.0,91000.0,538.46,2024-02-09
Monthelon,51378,51530,Maison,66.0,91000.0,1378.79,2024-02-09
Oiry,51413,51530,Maison,88.0,78225.0,888.92,2024-02-07
Reims,51454,51100,Appartement,34.0,91900.0,2702.94,2024-02-02
Venteuil,51605,51480,Maison,84.0,65000.0,773.81,2024-02-09
La Cheppe,51147,51600,Maison,87.0,149250.0,1715.52,2024-01-25
Champigny,51118,51370,Maison,96.0,236200.0,2460.42,2024-02-12
Boissy-le-Repos,51070,51210,Maison,89.0,110000.0,1235.96,2024-02-17
Boissy-le-Repos,51070,51210,Maison,89.0,110000.0,1235.96,2024-02-17
Reims,51454,51100,Maison,189.0,550000.0,2910.05,2024-01-31
Épernay,51230,51200,Appartement,63.0,113750.0,1805.56,2024-02-15
Tinqueux,51573,51430,Maison,112.0,280000.0,2500.0,2024-02-05
Épernay,51230,51200,Maison,94.0,205000.0,2180.85,2024-02-13
Saudoy,51526,51120,Maison,77.0,63000.0,818.18,2024-01-31
Reims,51454,51100,Appartement,10.0,281007.0,28100.7,2024-01-26
Reims,51454,51100,Appartement,56.0,281007.0,5017.98,2024-01-26
Vitry-le-François,51649,51300,Appartement,54.0,60000.0,1111.11,2024-02-07
Vitry-le-François,51649,51300,Appartement,55.0,82000.0,1490.91,2024-02-06
Vitry-le-François,51649,51300,Maison,83.0,103500.0,1246.99,2024-02-10
Reims,51454,51100,Appartement,50.0,161250.0,3225.0,2024-02-21
Coulommes-la-Montagne,51177,51390,Maison,105.0,500000.0,4761.9,2024-02-02
Warmeriville,51660,51110,Maison,120.0,315000.0,2625.0,2024-01-26
Châlons-en-Champagne,51108,51000,Appartement,18.0,20000.0,1111.11,2024-01-26
Châlons-en-Champagne,51108,51000,Maison,144.0,275000.0,1909.72,2024-01-29
Châlons-en-Champagne,51108,51000,Maison,144.0,275000.0,1909.72,2024-01-29
Le Mesnil-sur-Oger,51367,51190,Maison,106.0,197830.0,1866.32,2024-02-01
Wargemoulin-Hurlus,51659,51800,Maison,134.0,82500.0,615.67,2024-02-20
Châlons-en-Champagne,51108,51000,Maison,83.0,155000.0,1867.47,2024-02-16
Pontfaverger-Moronvilliers,51440,51490,Maison,72.0,160000.0,2222.22,2024-02-23
Trépail,51580,51380,Maison,86.0,138000.0,1604.65,2024-02-19
Éclaires,51222,51800,Maison,130.0,87500.0,673.08,2024-02-13
Éclaires,51222,51800,Maison,130.0,87500.0,673.08,2024-02-13
Éclaires,51222,51800,Maison,130.0,87500.0,673.08,2024-02-13
Éclaires,51222,51800,Maison,114.0,19000.0,166.67,2024-02-13
Givry-en-Argonne,51272,51330,Appartement,29.0,27432.0,945.93,2024-02-19
Givry-en-Argonne,51272,51330,Appartement,95.0,27432.0,288.76,2024-02-19
Givry-en-Argonne,51272,51330,Appartement,29.0,27432.0,945.93,2024-02-19
Givry-en-Argonne,51272,51330,Appartement,95.0,27432.0,288.76,2024-02-19
Reims,51454,51100,Appartement,40.0,83500.0,2087.5,2024-02-14
Reims,51454,51100,Appartement,26.0,72750.0,2798.08,2024-02-16
Reims,51454,51100,Appartement,66.0,227300.0,3443.94,2024-01-31
Reims,51454,51100,Appartement,38.0,101700.0,2676.32,2024-02-19
Reims,51454,51100,Appartement,46.0,82950.0,1803.26,2024-02-26
Le Mesnil-sur-Oger,51367,51190,Maison,148.0,249000.0,1682.43,2024-02-20
Reims,51454,51100,Appartement,72.0,155000.0,2152.78,2024-02-15
Reims,51454,51100,Maison,82.0,202000.0,2463.41,2024-01-19
Tours-sur-Marne,51576,51150,Maison,108.0,212000.0,1962.96,2024-02-15
Épernay,51230,51200,Appartement,52.0,200000.0,3846.15,2024-02-16
Épernay,51230,51200,Appartement,32.0,200000.0,6250.0,2024-02-16
Épernay,51230,51200,Appartement,47.0,200000.0,4255.32,2024-02-16
Reims,51454,51100,Appartement,37.0,110000.0,2972.97,2024-02-15
Épernay,51230,51200,Maison,65.0,194500.0,2992.31,2024-02-26
Épernay,51230,51200,Appartement,50.0,76000.0,1520.0,2024-02-17
Reims,51454,51100,Appartement,35.0,70500.0,2014.29,2024-02-15
Cormontreuil,51172,51350,Maison,105.0,246500.0,2347.62,2024-02-22
Villers-Franqueux,51633,51220,Maison,84.0,170000.0,2023.81,2024-02-16
Châlons-en-Champagne,51108,51000,Appartement,56.0,95000.0,1696.43,2024-01-31
Reims,51454,51100,Appartement,17.0,46000.0,2705.88,2024-01-31
Reims,51454,51100,Appartement,24.0,55000.0,2291.67,2024-02-16
Sézanne,51535,51120,Maison,138.0,280700.0,2034.06,2024-02-24
Crugny,51198,51170,Maison,54.0,197000.0,3648.15,2024-02-21
Reims,51454,51100,Appartement,24.0,92650.0,3860.42,2024-02-21
Tinqueux,51573,51430,Maison,90.0,212000.0,2355.56,2024-02-22
Chenay,51145,51140,Maison,131.0,424000.0,3236.64,2024-02-16
Reims,51454,51100,Appartement,57.0,136000.0,2385.96,2024-02-05
Aÿ-Champagne,51030,51160,Maison,150.0,275000.0,1833.33,2024-02-20
Germaine,51266,51160,Maison,94.0,200000.0,2127.66,2024-02-08
Germaine,51266,51160,Maison,94.0,200000.0,2127.66,2024-02-08
Reims,51454,51100,Appartement,84.0,8000.0,95.24,2024-02-20
Reims,51454,51100,Appartement,77.0,192000.0,2493.51,2024-02-23
Reims,51454,51100,Appartement,48.0,105000.0,2187.5,2024-02-07
Tinqueux,51573,51430,Appartement,66.0,130000.0,1969.7,2024-02-23
Reims,51454,51100,Appartement,88.0,240000.0,2727.27,2024-02-09
Châlons-sur-Vesle,51109,51140,Maison,250.0,600000.0,2400.0,2024-02-22
Châlons-sur-Vesle,51109,51140,Maison,250.0,600000.0,2400.0,2024-02-22
Châlons-sur-Vesle,51109,51140,Maison,250.0,600000.0,2400.0,2024-02-22
Reims,51454,51100,Appartement,30.0,110000.0,3666.67,2024-02-22
Pringy,51446,51300,Maison,98.0,158500.0,1617.35,2024-02-15
Pargny-sur-Saulx,51423,51340,Maison,110.0,16840.0,153.09,2024-02-27
Pargny-sur-Saulx,51423,51340,Maison,110.0,16840.0,153.09,2024-02-27
Sermaize-les-Bains,51531,51250,Appartement,55.0,122000.0,2218.18,2024-02-27
Sermaize-les-Bains,51531,51250,Appartement,55.0,122000.0,2218.18,2024-02-27
Sermaize-les-Bains,51531,51250,Appartement,32.0,122000.0,3812.5,2024-02-27
Épernay,51230,51200,Maison,94.0,247350.0,2631.38,2024-02-15
Reims,51454,51100,Appartement,34.0,77500.0,2279.41,2024-02-22
Hermonville,51291,51220,Maison,120.0,290000.0,2416.67,2024-02-23
Reims,51454,51100,Appartement,30.0,95000.0,3166.67,2024-02-22
Reims,51454,51100,Appartement,141.0,460000.0,3262.41,2024-02-22
Épernay,51230,51200,Appartement,115.0,179500.0,1560.87,2024-02-15
Épernay,51230,51200,Appartement,59.0,87000.0,1474.58,2024-02-28
Reims,51454,51100,Appartement,51.0,113000.0,2215.69,2024-02-22
Bétheny,51055,51450,Maison,53.0,161000.0,3037.74,2024-02-26
Mardeuil,51344,51530,Maison,73.0,185000.0,2534.25,2024-02-15
Reims,51454,51100,Appartement,78.0,160000.0,2051.28,2024-02-21
Vinay,51643,51530,Maison,101.0,241000.0,2386.14,2024-02-15
Reims,51454,51100,Appartement,109.0,335000.0,3073.39,2024-02-23
Cernay-lès-Reims,51105,51420,Maison,191.0,549500.0,2876.96,2024-01-12
Warmeriville,51660,51110,Maison,66.0,145000.0,2196.97,2024-02-26
Baslieux-sous-Châtillon,51038,51700,Maison,167.0,397000.0,2377.25,2024-02-27
Baslieux-sous-Châtillon,51038,51700,Maison,167.0,397000.0,2377.25,2024-02-27
Épernay,51230,51200,Maison,70.0,70000.0,1000.0,2024-02-14
Fismes,51250,51170,Maison,110.0,250800.0,2280.0,2024-02-03
Fismes,51250,51170,Maison,110.0,250800.0,2280.0,2024-02-03
Reims,51454,51100,Maison,155.0,280000.0,1806.45,2024-02-19
Orconte,51417,51300,Maison,145.0,25000.0,172.41,2024-02-10
Reims,51454,51100,Appartement,22.0,120000.0,5454.55,2024-02-21
Esternay,51237,51310,Maison,71.0,63850.0,899.3,2024-02-03
Esternay,51237,51310,Maison,71.0,63850.0,899.3,2024-02-03
Chouilly,51153,51530,Maison,112.0,283930.0,2535.09,2024-02-16
Reims,51454,51100,Appartement,50.0,137000.0,2740.0,2024-02-22
Baslieux-lès-Fismes,51037,51170,Maison,81.0,134000.0,1654.32,2024-02-10
Reims,51454,51100,Appartement,80.0,170000.0,2125.0,2024-02-27
Reims,51454,51100,Maison,123.0,239950.0,1950.81,2024-02-16
Neuvy,51402,51310,Maison,99.0,175000.0,1767.68,2024-02-06
Neuvy,51402,51310,Maison,99.0,175000.0,1767.68,2024-02-06
Reims,51454,51100,Maison,84.0,190000.0,2261.9,2024-02-16
Troissy,51585,51700,Maison,58.0,138350.0,2385.34,2024-02-16
Épernay,51230,51200,Appartement,49.0,160000.0,3265.31,2024-02-29
Épernay,51230,51200,Appartement,34.0,160000.0,4705.88,2024-02-29
Reims,51454,51100,Appartement,60.0,154000.0,2566.67,2024-02-09
Villeneuve-Renneville-Chevigny,51627,51130,Maison,125.0,220000.0,1760.0,2024-02-27
Villeneuve-Renneville-Chevigny,51627,51130,Maison,125.0,220000.0,1760.0,2024-02-27
Jonchery-sur-Vesle,51308,51140,Appartement,102.0,229500.0,2250.0,2024-02-09
Bétheny,51055,51450,Maison,139.0,299000.0,2151.08,2024-02-09
Chouilly,51153,51530,Maison,87.0,150000.0,1724.14,2024-02-23
Chouilly,51153,51530,Maison,70.0,150000.0,2142.86,2024-02-23
Reims,51454,51100,Appartement,31.0,100700.0,3248.39,2024-02-15
Reims,51454,51100,Appartement,43.0,117000.0,2720.93,2024-02-15
Tinqueux,51573,51430,Maison,84.0,120000.0,1428.57,2024-02-15
Châlons-en-Champagne,51108,51000,Appartement,40.0,67000.0,1675.0,2024-02-15
Reims,51454,51100,Appartement,114.0,160000.0,1403.51,2024-02-27
Fismes,51250,51170,Maison,165.0,236000.0,1430.3,2024-02-20
Reims,51454,51100,Appartement,93.0,164000.0,1763.44,2024-02-19
Reims,51454,51100,Appartement,71.0,255000.0,3591.55,2024-02-13
Reims,51454,51100,Appartement,52.0,140000.0,2692.31,2024-02-21
Épernay,51230,51200,Appartement,200.0,150000.0,750.0,2024-02-22
Épernay,51230,51200,Appartement,35.0,150000.0,4285.71,2024-02-22
Reims,51454,51100,Appartement,33.0,89500.0,2712.12,2024-02-26
Pargny-sur-Saulx,51423,51340,Maison,44.0,37000.0,840.91,2024-02-29
Bétheniville,51054,51490,Maison,105.0,207000.0,1971.43,2024-02-29
Reims,51454,51100,Appartement,35.0,780000.0,22285.71,2024-02-12
Reims,51454,51100,Appartement,25.0,780000.0,31200.0,2024-02-12
Reims,51454,51100,Appartement,35.0,780000.0,22285.71,2024-02-12
Reims,51454,51100,Appartement,22.0,780000.0,35454.55,2024-02-12
Reims,51454,51100,Appartement,65.0,780000.0,12000.0,2024-02-12
Vitry-le-François,51649,51300,Maison,43.0,39000.0,906.98,2024-02-24
Reims,51454,51100,Appartement,42.0,89000.0,2119.05,2024-02-15
Giffaumont-Champaubert,51269,51290,Maison,32.0,120000.0,3750.0,2024-02-09
Vitry-le-François,51649,51300,Maison,87.0,138950.0,1597.13,2024-02-23
Rosnay,51468,51390,Maison,234.0,607700.0,2597.01,2024-02-23
Vitry-en-Perthois,51647,51300,Appartement,196.0,240000.0,1224.49,2024-02-15
Blancs-Coteaux,51612,51130,Maison,135.0,210000.0,1555.56,2024-02-29
Prouilly,51448,51140,Maison,314.0,613000.0,1952.23,2024-02-28
Prouilly,51448,51140,Maison,314.0,613000.0,1952.23,2024-02-28
Reims,51454,51100,Appartement,46.0,168000.0,3652.17,2024-02-22
Reims,51454,51100,Appartement,25.0,80300.0,3212.0,2024-02-29
Rieux,51460,51210,Maison,50.0,118000.0,2360.0,2024-02-05
Reims,51454,51100,Appartement,23.0,55000.0,2391.3,2024-02-01
La Veuve,51617,51520,Maison,125.0,358000.0,2864.0,2024-02-08
Reims,51454,51100,Appartement,25.0,60000.0,2400.0,2024-02-22
Fagnières,51242,51510,Maison,119.0,203120.0,1706.89,2024-02-08
Marolles,51352,51300,Maison,80.0,87300.0,1091.25,2024-02-29
Reims,51454,51100,Maison,76.0,252800.0,3326.32,2024-02-29
Châlons-en-Champagne,51108,51000,Appartement,39.0,53000.0,1358.97,2024-02-13
Châlons-en-Champagne,51108,51000,Appartement,56.0,85000.0,1517.86,2024-02-07
Bannes,51035,51230,Maison,167.0,140000.0,838.32,2024-02-01
Sarry,51525,51520,Maison,87.0,183000.0,2103.45,2024-02-13
Villeneuve-la-Lionne,51625,51310,Maison,65.0,163600.0,2516.92,2024-02-29
Villeneuve-la-Lionne,51625,51310,Maison,65.0,163600.0,2516.92,2024-02-29
Cormontreuil,51172,51350,Maison,87.0,224000.0,2574.71,2024-02-14
Reims,51454,51100,Appartement,60.0,121600.0,2026.67,2024-02-06
Reims,51454,51100,Appartement,44.0,112000.0,2545.45,2024-02-27
Reims,51454,51100,Appartement,20.0,126900.0,6345.0,2024-02-20
Sept-Saulx,51530,51400,Maison,74.0,160700.0,2171.62,2024-02-21
Oiry,51413,51530,Maison,120.0,233700.0,1947.5,2024-02-02
Reims,51454,51100,Appartement,41.0,206900.0,5046.34,2024-02-27
Blacy,51065,51300,Maison,92.0,85000.0,923.91,2024-02-16
Reims,51454,51100,Maison,173.0,171000.0,988.44,2024-03-05
Vinay,51643,51530,Maison,49.0,102440.0,2090.61,2024-02-28
Faux-Vésigneul,51244,51320,Maison,97.0,140000.0,1443.3,2024-03-01
Reims,51454,51100,Appartement,65.0,163500.0,2515.38,2024-02-26
Reims,51454,51100,Appartement,56.0,113200.0,2021.43,2024-02-28
Reims,51454,51100,Appartement,48.0,119100.0,2481.25,2024-02-23
Cheminon,51144,51250,Maison,85.0,101000.0,1188.24,2024-02-22
Tours-sur-Marne,51576,51150,Maison,102.0,215000.0,2107.84,2024-02-23
Courcy,51183,51220,Maison,98.0,316000.0,3224.49,2024-02-28
Reims,51454,51100,Appartement,81.0,157990.0,1950.49,2024-02-23
Reims,51454,51100,Appartement,97.0,293480.0,3025.57,2024-02-27
Reims,51454,51100,Appartement,38.0,58500.0,1539.47,2024-02-28
Couvrot,51195,51300,Maison,106.0,166000.0,1566.04,2024-02-22
Reims,51454,51100,Appartement,81.0,174000.0,2148.15,2024-02-29
Reims,51454,51100,Appartement,40.0,105300.0,2632.5,2024-02-28
Vitry-le-François,51649,51300,Appartement,180.0,88750.0,493.06,2024-02-20
Reims,51454,51100,Appartement,62.0,121000.0,1951.61,2024-02-23
Reims,51454,51100,Appartement,18.0,49000.0,2722.22,2024-02-08
Cernay-lès-Reims,51105,51420,Maison,87.0,398240.0,4577.47,2024-02-27
Reims,51454,51100,Appartement,35.0,121020.0,3457.71,2024-02-22
Reims,51454,51100,Appartement,22.0,81100.0,3686.36,2024-02-23
Reims,51454,51100,Appartement,69.0,149000.0,2159.42,2024-02-23
Épernay,51230,51200,Maison,134.0,182000.0,1358.21,2024-02-19
Frignicourt,51262,51300,Maison,43.0,65000.0,1511.63,2024-02-20
Aÿ-Champagne,51030,51160,Appartement,40.0,54900.0,1372.5,2024-02-22
Aÿ-Champagne,51030,51160,Appartement,68.0,54900.0,807.35,2024-02-22
Épernay,51230,51200,Maison,60.0,108000.0,1800.0,2024-02-16
Reims,51454,51100,Appartement,47.0,232000.0,4936.17,2024-02-20
Brusson,51094,51300,Maison,243.0,258150.0,1062.35,2024-02-15
Marolles,51352,51300,Maison,90.0,110000.0,1222.22,2024-02-20
Épernay,51230,51200,Appartement,109.0,243850.0,2237.16,2024-02-16
Aÿ-Champagne,51030,51160,Maison,80.0,167500.0,2093.75,2024-02-21
Saint-Martin-d'Ablois,51002,51530,Maison,85.0,260300.0,3062.35,2024-02-19
Heiltz-le-Maurupt,51289,51340,Maison,80.0,170000.0,2125.0,2024-02-16
Reims,51454,51100,Appartement,41.0,95000.0,2317.07,2024-02-29
Plivot,51434,51150,Maison,146.0,305800.0,2094.52,2024-02-21
Épernay,51230,51200,Maison,68.0,150000.0,2205.88,2024-02-22
Reims,51454,51100,Appartement,17.0,39000.0,2294.12,2024-02-21
Venteuil,51605,51480,Maison,37.0,25000.0,675.68,2024-02-20
Reims,51454,51100,Appartement,64.0,173000.0,2703.12,2024-02-29
Reims,51454,51100,Appartement,76.0,138000.0,1815.79,2024-02-28
Reims,51454,51100,Maison,65.0,127400.0,1960.0,2024-02-21
Reims,51454,51100,Appartement,50.0,150000.0,3000.0,2024-02-15
Grauves,51281,51190,Maison,111.0,350000.0,3153.15,2024-02-19
Grauves,51281,51190,Maison,111.0,350000.0,3153.15,2024-02-19
Reims,51454,51100,Appartement,72.0,84600.0,1175.0,2024-03-01
Reims,51454,51100,Appartement,120.0,600000.0,5000.0,2024-02-27
Saint-Thierry,51518,51220,Maison,76.0,213750.0,2812.5,2024-02-28
Saint-Remy-en-Bouzemont-Saint-Genest-et-Isson,51513,51290,Maison,142.0,190000.0,1338.03,2024-03-06
Saint-Remy-en-Bouzemont-Saint-Genest-et-Isson,51513,51290,Maison,142.0,190000.0,1338.03,2024-03-06
Vitry-le-François,51649,51300,Appartement,24.0,215000.0,8958.33,2024-02-16
Vitry-le-François,51649,51300,Appartement,136.0,215000.0,1580.88,2024-02-16
Sillery,51536,51500,Maison,66.0,190000.0,2878.79,2024-02-28
Prouilly,51448,51140,Maison,159.0,361050.0,2270.75,2024-02-23
Villers-Marmery,51636,51380,Maison,192.0,254300.0,1324.48,2024-02-29
Reims,51454,51100,Appartement,78.0,105000.0,1346.15,2024-02-29
Châlons-en-Champagne,51108,51000,Appartement,102.0,120000.0,1176.47,2024-02-08
Tinqueux,51573,51430,Maison,88.0,265500.0,3017.05,2024-02-26
Épernay,51230,51200,Appartement,25.0,400000.0,16000.0,2024-02-26
Épernay,51230,51200,Appartement,42.0,400000.0,9523.81,2024-02-26
Épernay,51230,51200,Appartement,25.0,400000.0,16000.0,2024-02-26
Épernay,51230,51200,Appartement,38.0,400000.0,10526.32,2024-02-26
Épernay,51230,51200,Appartement,38.0,400000.0,10526.32,2024-02-26
Épernay,51230,51200,Appartement,35.0,400000.0,11428.57,2024-02-26
Épernay,51230,51200,Appartement,30.0,400000.0,13333.33,2024-02-26
Épernay,51230,51200,Appartement,25.0,400000.0,16000.0,2024-02-26
Épernay,51230,51200,Appartement,38.0,400000.0,10526.32,2024-02-26
Reims,51454,51100,Appartement,95.0,158000.0,1663.16,2024-02-29
Saint-Memmie,51506,51470,Appartement,63.0,87500.0,1388.89,2024-02-29
Reims,51454,51100,Maison,100.0,190000.0,1900.0,2024-02-19
Reims,51454,51100,Appartement,36.0,182200.0,5061.11,2024-03-07
Reims,51454,51100,Appartement,28.0,134900.0,4817.86,2024-02-26
Tinqueux,51573,51430,Maison,108.0,338000.0,3129.63,2024-02-19
Vinay,51643,51530,Maison,102.0,283050.0,2775.0,2024-02-14
Sainte-Menehould,51507,51800,Maison,100.0,49000.0,490.0,2024-02-14
Montigny-sur-Vesle,51379,51140,Maison,80.0,95000.0,1187.5,2024-02-23
Fagnières,51242,51510,Maison,105.0,136100.0,1296.19,2024-02-29
Reims,51454,51100,Appartement,25.0,100300.0,4012.0,2024-03-05
Châlons-en-Champagne,51108,51000,Appartement,77.0,68300.0,887.01,2024-02-21
Reims,51454,51100,Appartement,21.0,184000.0,8761.9,2024-02-28
Mareuil-le-Port,51346,51700,Maison,150.0,187000.0,1246.67,2024-02-26
Taissy,51562,51500,Maison,83.0,250000.0,3012.05,2024-02-23
Reims,51454,51100,Appartement,118.0,343495.0,2910.97,2024-02-27
Reims,51454,51100,Appartement,45.0,90000.0,2000.0,2024-02-16
Reims,51454,51100,Appartement,101.0,480000.0,4752.48,2024-02-28
Reims,51454,51100,Appartement,101.0,480000.0,4752.48,2024-02-28
Reims,51454,51100,Appartement,68.0,480000.0,7058.82,2024-02-28
Châlons-en-Champagne,51108,51000,Maison,93.0,174550.0,1876.88,2024-02-21
Châlons-en-Champagne,51108,51000,Appartement,65.0,86600.0,1332.31,2024-02-21
Bétheny,51055,51450,Maison,70.0,223000.0,3185.71,2024-02-27
Vitry-le-François,51649,51300,Maison,103.0,90300.0,876.7,2024-02-17
Reims,51454,51100,Appartement,59.0,68300.0,1157.63,2024-02-09
Châlons-en-Champagne,51108,51000,Appartement,65.0,65000.0,1000.0,2024-02-15
Saint-Memmie,51506,51470,Maison,112.0,220000.0,1964.29,2024-02-23
Recy,51453,51520,Maison,280.0,580000.0,2071.43,2024-02-21
Châlons-en-Champagne,51108,51000,Appartement,60.0,150000.0,2500.0,2024-02-23
Condé-sur-Marne,51161,51150,Maison,115.0,160000.0,1391.3,2024-02-23
Châlons-en-Champagne,51108,51000,Appartement,29.0,53000.0,1827.59,2024-02-19
Bétheny,51055,51450,Maison,82.0,150000.0,1829.27,2024-03-08
Reims,51454,51100,Appartement,83.0,82000.0,987.95,2024-03-05
Châlons-en-Champagne,51108,51000,Appartement,20.0,39900.0,1995.0,2024-02-21
Châlons-en-Champagne,51108,51000,Maison,107.0,160000.0,1495.33,2024-02-24
Dampierre-sur-Moivre,51208,51240,Maison,177.0,155000.0,875.71,2024-02-23
Sainte-Menehould,51507,51800,Appartement,56.0,10000.0,178.57,2024-02-14
Châlons-en-Champagne,51108,51000,Maison,85.0,165000.0,1941.18,2024-02-23
Bezannes,51058,51430,Maison,70.0,313500.0,4478.57,2024-03-05
Sillery,51536,51500,Appartement,87.0,263350.0,3027.01,2024-02-29
Sept-Saulx,51530,51400,Maison,82.0,163300.0,1991.46,2024-02-29
Reims,51454,51100,Maison,70.0,175000.0,2500.0,2024-02-16
Reims,51454,51100,Appartement,65.0,85000.0,1307.69,2024-02-29
Fère-Champenoise,51248,51230,Maison,87.0,76400.0,878.16,2024-02-29
Épernay,51230,51200,Appartement,107.0,222600.0,2080.37,2024-02-29
Heiltz-l'Évêque,51290,51340,Maison,90.0,68000.0,755.56,2024-03-08
Épernay,51230,51200,Appartement,39.0,63000.0,1615.38,2024-02-23
Magenta,51663,51530,Maison,72.0,143200.0,1988.89,2024-02-27
Épernay,51230,51200,Appartement,41.0,73000.0,1780.49,2024-02-27
Épernay,51230,51200,Maison,101.0,195500.0,1935.64,2024-02-29
Le Meix-Saint-Epoing,51360,51120,Maison,100.0,72000.0,720.0,2024-02-20
Reims,51454,51100,Maison,90.0,185250.0,2058.33,2024-02-27
Aÿ-Champagne,51030,51160,Maison,95.0,105125.0,1106.58,2024-02-19
Mourmelon-le-Grand,51388,51400,Maison,102.0,199800.0,1958.82,2024-02-26
Chaltrait,51110,51130,Maison,165.0,147000.0,890.91,2024-02-28
Bezannes,51058,51430,Appartement,70.0,245040.0,3500.57,2024-03-01
Reims,51454,51100,Maison,53.0,152500.0,2877.36,2024-03-08
Reims,51454,51100,Appartement,24.0,77900.0,3245.83,2024-03-04
Bezannes,51058,51430,Appartement,43.0,130000.0,3023.26,2024-03-05
Damery,51204,51480,Maison,50.0,172000.0,3440.0,2024-02-22
Clesles,51155,51260,Maison,70.0,12700.0,181.43,2024-02-21
Clesles,51155,51260,Maison,93.0,12700.0,136.56,2024-02-21
Châlons-en-Champagne,51108,51000,Appartement,28.0,50000.0,1785.71,2024-02-23
Épense,51229,51330,Maison,92.0,42000.0,456.52,2024-02-29
Châlons-en-Champagne,51108,51000,Appartement,20.0,39360.0,1968.0,2024-03-08
Reims,51454,51100,Appartement,24.0,68900.0,2870.83,2024-02-23
Auménancourt,51025,51110,Appartement,90.0,117000.0,1300.0,2024-02-16
Cormontreuil,51172,51350,Maison,56.0,84000.0,1500.0,2024-02-23
Châlons-en-Champagne,51108,51000,Appartement,77.0,100000.0,1298.7,2024-02-29
Germigny,51267,51390,Maison,115.0,252500.0,2195.65,2024-02-16
Champigny,51118,51370,Maison,157.0,626800.0,3992.36,2024-03-06
Reims,51454,51100,Appartement,19.0,59500.0,3131.58,2024-02-20
Reims,51454,51100,Appartement,113.0,100000.0,884.96,2024-02-22
Damery,51204,51480,Maison,140.0,116000.0,828.57,2024-02-26
Reims,51454,51100,Appartement,43.0,111500.0,2593.02,2024-02-14
Reims,51454,51100,Appartement,77.0,79000.0,1025.97,2024-03-07
Épernay,51230,51200,Appartement,87.0,190000.0,2183.91,2024-03-11
Reims,51454,51100,Appartement,53.0,212000.0,4000.0,2024-03-07
Reims,51454,51100,Appartement,110.0,136000.0,1236.36,2024-03-08
Reims,51454,51100,Maison,89.0,133000.0,1494.38,2024-03-07
Aulnay-sur-Marne,51023,51150,Maison,246.0,370440.0,1505.85,2024-03-06
Épernay,51230,51200,Appartement,70.0,144500.0,2064.29,2024-03-06
Athis,51018,51150,Maison,170.0,331000.0,1947.06,2024-02-19
Montmirail,51380,51210,Maison,68.0,120000.0,1764.71,2024-03-04
Mareuil-le-Port,51346,51700,Maison,148.0,260000.0,1756.76,2024-03-08
Mareuil-le-Port,51346,51700,Maison,148.0,260000.0,1756.76,2024-03-08
Reims,51454,51100,Appartement,82.0,240000.0,2926.83,2024-02-19
Cuchery,51199,51480,Maison,110.0,215000.0,1954.55,2024-03-06
Janvry,51305,51390,Maison,76.0,72000.0,947.37,2024-02-29
Frignicourt,51262,51300,Maison,81.0,165000.0,2037.04,2024-03-06
Reims,51454,51100,Appartement,34.0,97000.0,2852.94,2024-03-13
Épernay,51230,51200,Maison,112.0,484650.0,4327.23,2024-02-28
Épernay,51230,51200,Maison,20.0,484650.0,24232.5,2024-02-28
Juvigny,51312,51150,Maison,73.0,95000.0,1301.37,2024-02-23
Fère-Champenoise,51248,51230,Appartement,78.0,145000.0,1858.97,2024-02-17
Fère-Champenoise,51248,51230,Appartement,78.0,145000.0,1858.97,2024-02-17
Fère-Champenoise,51248,51230,Maison,18.0,145000.0,8055.56,2024-02-17
Matougues,51357,51510,Maison,92.0,182700.0,1985.87,2024-03-08
Vitry-le-François,51649,51300,Appartement,90.0,67300.0,747.78,2024-03-06
Vitry-le-François,51649,51300,Appartement,44.0,44000.0,1000.0,2024-03-01
Épernay,51230,51200,Appartement,55.0,63000.0,1145.45,2024-02-29
Bétheny,51055,51450,Maison,105.0,270000.0,2571.43,2024-03-08
Magenta,51663,51530,Appartement,65.0,121900.0,1875.38,2024-02-23
Fismes,51250,51170,Maison,160.0,345000.0,2156.25,2024-02-20
Reims,51454,51100,Appartement,79.0,272000.0,3443.04,2024-03-12
Thibie,51566,51510,Maison,88.0,140000.0,1590.91,2024-03-06
Reims,51454,51100,Appartement,30.0,78500.0,2616.67,2024-02-22
Reims,51454,51100,Appartement,72.0,180000.0,2500.0,2024-03-08
Tinqueux,51573,51430,Maison,142.0,175500.0,1235.92,2024-03-01
Reims,51454,51100,Appartement,20.0,962000.0,48100.0,2024-03-06
Reims,51454,51100,Appartement,18.0,962000.0,53444.44,2024-03-06
Reims,51454,51100,Appartement,20.0,962000.0,48100.0,2024-03-06
Reims,51454,51100,Appartement,15.0,962000.0,64133.33,2024-03-06
Reims,51454,51100,Appartement,26.0,962000.0,37000.0,2024-03-06
Reims,51454,51100,Appartement,32.0,962000.0,30062.5,2024-03-06
Reims,51454,51100,Appartement,52.0,962000.0,18500.0,2024-03-06
Reims,51454,51100,Appartement,23.0,962000.0,41826.09,2024-03-06
Reims,51454,51100,Appartement,20.0,962000.0,48100.0,2024-03-06
Reims,51454,51100,Appartement,20.0,962000.0,48100.0,2024-03-06
Reims,51454,51100,Appartement,20.0,962000.0,48100.0,2024-03-06
Reims,51454,51100,Appartement,15.0,962000.0,64133.33,2024-03-06
Le Gault-Soigny,51264,51210,Maison,140.0,110000.0,785.71,2024-02-17
Esternay,51237,51310,Maison,75.0,90800.0,1210.67,2024-02-16
Sézanne,51535,51120,Maison,49.0,113000.0,2306.12,2024-02-14
Villeseneux,51638,51130,Maison,100.0,260000.0,2600.0,2024-02-21
Villeseneux,51638,51130,Maison,100.0,260000.0,2600.0,2024-02-21
Reims,51454,51100,Maison,110.0,480000.0,4363.64,2024-02-21
Taissy,51562,51500,Maison,102.0,278000.0,2725.49,2024-03-05
Tinqueux,51573,51430,Maison,70.0,165000.0,2357.14,2024-03-04
Jonchery-sur-Vesle,51308,51140,Maison,90.0,196000.0,2177.78,2024-02-29
Reims,51454,51100,Appartement,48.0,119000.0,2479.17,2024-03-13
Sermaize-les-Bains,51531,51250,Maison,152.0,19000.0,125.0,2024-02-21
Reims,51454,51100,Appartement,99.0,210000.0,2121.21,2024-03-06
Tinqueux,51573,51430,Appartement,64.0,145000.0,2265.62,2024-03-07
Maurupt-le-Montois,51358,51340,Maison,70.0,80000.0,1142.86,2024-02-29
Reims,51454,51100,Maison,105.0,241300.0,2298.1,2024-02-29
Reims,51454,51100,Maison,89.0,160000.0,1797.75,2024-03-08
Reims,51454,51100,Maison,85.0,206400.0,2428.24,2024-02-27
Marfaux,51348,51170,Maison,88.0,170000.0,1931.82,2024-02-19
Reims,51454,51100,Appartement,20.0,108000.0,5400.0,2024-02-28
Reims,51454,51100,Appartement,50.0,108000.0,2160.0,2024-02-28
Reims,51454,51100,Appartement,66.0,319500.0,4840.91,2024-03-07
Reims,51454,51100,Appartement,28.0,71500.0,2553.57,2024-02-23
Reims,51454,51100,Appartement,98.0,286200.0,2920.41,2024-03-11
Sacy,51471,51500,Maison,144.0,320000.0,2222.22,2024-02-29
Prunay,51449,51360,Maison,80.0,195500.0,2443.75,2024-02-29
Tinqueux,51573,51430,Maison,74.0,170000.0,2297.3,2024-03-04
Vitry-le-François,51649,51300,Appartement,40.0,438300.0,10957.5,2024-02-29
Vitry-le-François,51649,51300,Maison,205.0,438300.0,2138.05,2024-02-29
Ponthion,51441,51300,Maison,175.0,50000.0,285.71,2024-02-21
Saint-Hilaire-le-Petit,51487,51490,Maison,98.0,172500.0,1760.2,2024-02-21
Reims,51454,51100,Appartement,165.0,548750.0,3325.76,2024-02-28
Reims,51454,51100,Appartement,74.0,200000.0,2702.7,2024-02-22
Bouzy,51079,51150,Maison,86.0,298100.0,3466.28,2024-02-23
Reims,51454,51100,Appartement,42.0,105960.0,2522.86,2024-02-28
Reims,51454,51100,Maison,65.0,173500.0,2669.23,2024-02-28
Vitry-le-François,51649,51300,Maison,69.0,80000.0,1159.42,2024-03-01
Reims,51454,51100,Appartement,64.0,198000.0,3093.75,2024-03-08
Dizy,51210,51530,Maison,94.0,218000.0,2319.15,2024-02-16
Reims,51454,51100,Appartement,42.0,128500.0,3059.52,2024-02-14
Reims,51454,51100,Appartement,70.0,206600.0,2951.43,2024-02-16
Épernay,51230,51200,Appartement,67.0,155039.0,2314.01,2024-02-20
Reims,51454,51100,Maison,240.0,1362000.0,5675.0,2024-02-29
Reims,51454,51100,Appartement,46.0,140000.0,3043.48,2024-02-26
Châlons-en-Champagne,51108,51000,Appartement,74.0,156000.0,2108.11,2024-02-20
Châlons-en-Champagne,51108,51000,Appartement,78.0,45000.0,576.92,2024-02-16
Dormans,51217,51700,Maison,90.0,60000.0,666.67,2024-03-04
Saint-Memmie,51506,51470,Appartement,71.0,95000.0,1338.03,2024-02-19
Cormoyeux,51173,51480,Maison,108.0,350000.0,3240.74,2024-03-12
Le Vézier,51618,51210,Maison,41.0,65000.0,1585.37,2024-03-11
Auménancourt,51025,51110,Maison,18.0,25000.0,1388.89,2024-02-16
Reims,51454,51100,Appartement,64.0,165000.0,2578.12,2024-03-12
Hermonville,51291,51220,Maison,110.0,565000.0,5136.36,2024-03-08
Mairy-sur-Marne,51339,51240,Maison,78.0,144000.0,1846.15,2024-02-20
Janvilliers,51304,51210,Maison,151.0,214150.0,1418.21,2024-03-08
Janvilliers,51304,51210,Maison,151.0,214150.0,1418.21,2024-03-08
Suippes,51559,51600,Maison,67.0,43000.0,641.79,2024-03-11
Reims,51454,51100,Maison,59.0,150000.0,2542.37,2024-03-05
Reims,51454,51100,Appartement,58.0,141000.0,2431.03,2024-03-07
Muizon,51391,51140,Maison,150.0,380000.0,2533.33,2024-03-11
Reims,51454,51100,Appartement,18.0,44000.0,2444.44,2024-03-11
Épernay,51230,51200,Maison,90.0,297800.0,3308.89,2024-02-28
Épernay,51230,51200,Maison,90.0,297800.0,3308.89,2024-02-28
Épernay,51230,51200,Maison,10.0,297800.0,29780.0,2024-02-28
Saint-Brice-Courcelles,51474,51370,Appartement,92.0,257000.0,2793.48,2024-03-06
Muizon,51391,51140,Maison,89.0,182500.0,2050.56,2024-03-11
Reims,51454,51100,Appartement,51.0,65000.0,1274.51,2024-03-14
Suippes,51559,51600,Maison,106.0,121700.0,1148.11,2024-02-22
Reims,51454,51100,Appartement,25.0,67540.0,2701.6,2024-02-29
Reims,51454,51100,Appartement,130.0,404000.0,3107.69,2024-03-07
Reims,51454,51100,Appartement,70.0,248300.0,3547.14,2024-03-06
Blaise-sous-Arzillières,51066,51300,Maison,200.0,328050.0,1640.25,2024-03-09
Reims,51454,51100,Appartement,40.0,116000.0,2900.0,2024-03-07
Reims,51454,51100,Appartement,49.0,116000.0,2367.35,2024-03-07
Rilly-la-Montagne,51461,51500,Maison,108.0,345000.0,3194.44,2024-02-29
Reims,51454,51100,Appartement,90.0,240400.0,2671.11,2024-03-05
Épernay,51230,51200,Appartement,51.0,300000.0,5882.35,2024-03-19
Épernay,51230,51200,Appartement,50.0,300000.0,6000.0,2024-03-19
Épernay,51230,51200,Appartement,48.0,300000.0,6250.0,2024-03-19
Épernay,51230,51200,Appartement,96.0,300000.0,3125.0,2024-03-19
Épernay,51230,51200,Appartement,53.0,300000.0,5660.38,2024-03-19
Épernay,51230,51200,Appartement,94.0,300000.0,3191.49,2024-03-19
Boult-sur-Suippe,51074,51110,Maison,107.0,170000.0,1588.79,2024-02-21
Vitry-le-François,51649,51300,Maison,130.0,146000.0,1123.08,2024-03-14
Moncetz-l'Abbaye,51373,51290,Maison,95.0,103000.0,1084.21,2024-03-14
Puisieulx,51450,51500,Maison,120.0,450000.0,3750.0,2024-02-29
Puisieulx,51450,51500,Maison,126.0,450000.0,3571.43,2024-02-29
Cumières,51202,51480,Maison,84.0,220000.0,2619.05,2024-03-15
Reims,51454,51100,Appartement,35.0,123000.0,3514.29,2024-03-08
Blancs-Coteaux,51612,51130,Maison,121.0,135000.0,1115.7,2024-03-08
Rilly-la-Montagne,51461,51500,Maison,78.0,231000.0,2961.54,2024-02-26
Passavant-en-Argonne,51424,51800,Maison,130.0,62000.0,476.92,2024-02-29
Reims,51454,51100,Appartement,69.0,160000.0,2318.84,2024-03-01
Châlons-en-Champagne,51108,51000,Appartement,42.0,67940.0,1617.62,2024-02-27
Châlons-en-Champagne,51108,51000,Appartement,39.0,66000.0,1692.31,2024-02-28
Bezannes,51058,51430,Appartement,73.0,237000.0,3246.58,2024-03-12
Châlons-en-Champagne,51108,51000,Appartement,70.0,138570.0,1979.57,2024-03-04
Reims,51454,51100,Appartement,100.0,365000.0,3650.0,2024-03-06
Togny-aux-Bœufs,51574,51240,Maison,163.0,220000.0,1349.69,2024-03-01
Châlons-en-Champagne,51108,51000,Appartement,83.0,195000.0,2349.4,2024-02-28
Bouilly,51072,51390,Maison,87.0,215000.0,2471.26,2024-03-08
Bouilly,51072,51390,Maison,87.0,215000.0,2471.26,2024-03-08
Sillery,51536,51500,Maison,102.0,220000.0,2156.86,2024-02-22
Fagnières,51242,51510,Maison,100.0,216600.0,2166.0,2024-03-01
Orbais-l'Abbaye,51416,51270,Maison,90.0,926540.0,10294.89,2024-03-09
Orbais-l'Abbaye,51416,51270,Maison,178.0,926540.0,5205.28,2024-03-09
Orbais-l'Abbaye,51416,51270,Maison,90.0,926540.0,10294.89,2024-03-09
Orbais-l'Abbaye,51416,51270,Maison,178.0,926540.0,5205.28,2024-03-09
Orbais-l'Abbaye,51416,51270,Maison,90.0,926540.0,10294.89,2024-03-09
Orbais-l'Abbaye,51416,51270,Maison,178.0,926540.0,5205.28,2024-03-09
Reims,51454,51100,Appartement,43.0,77000.0,1790.7,2024-03-04
Reims,51454,51100,Appartement,73.0,113000.0,1547.95,2024-03-11
Tinqueux,51573,51430,Maison,119.0,222500.0,1869.75,2024-03-08
Châlons-en-Champagne,51108,51000,Appartement,97.0,95000.0,979.38,2024-03-01
Épernay,51230,51200,Maison,107.0,173250.0,1619.16,2024-03-13
Fismes,51250,51170,Appartement,95.0,65000.0,684.21,2024-03-11
Reims,51454,51100,Appartement,50.0,146000.0,2920.0,2024-03-12
Corbeil,51169,51320,Maison,144.0,144500.0,1003.47,2024-03-07
Reims,51454,51100,Maison,173.0,895000.0,5173.41,2024-02-29
Cormontreuil,51172,51350,Maison,130.0,437000.0,3361.54,2024-02-29
Châlons-en-Champagne,51108,51000,Maison,95.0,165000.0,1736.84,2024-02-22
Reims,51454,51100,Appartement,44.0,112400.0,2554.55,2024-03-11
Reims,51454,51100,Appartement,70.0,75000.0,1071.43,2024-03-05
Vitry-le-François,51649,51300,Maison,72.0,50000.0,694.44,2024-03-13
Courtisols,51193,51460,Maison,118.0,200400.0,1698.31,2024-02-28
Reims,51454,51100,Appartement,21.0,53000.0,2523.81,2024-03-08
Reims,51454,51100,Appartement,50.0,155000.0,3100.0,2024-02-26
Hermonville,51291,51220,Maison,19.0,415000.0,21842.11,2024-03-08
Hermonville,51291,51220,Maison,257.0,415000.0,1614.79,2024-03-08
Hermonville,51291,51220,Maison,257.0,415000.0,1614.79,2024-03-08
Hermonville,51291,51220,Maison,19.0,415000.0,21842.11,2024-03-08
Vitry-en-Perthois,51647,51300,Maison,117.0,130000.0,1111.11,2024-03-09
Vitry-en-Perthois,51647,51300,Maison,117.0,130000.0,1111.11,2024-03-09
Cormontreuil,51172,51350,Maison,80.0,185000.0,2312.5,2024-02-02
Reims,51454,51100,Appartement,122.0,340000.0,2786.89,2024-03-07
Reims,51454,51100,Maison,140.0,383000.0,2735.71,2024-03-08
Reims,51454,51100,Appartement,70.0,133700.0,1910.0,2024-03-08
Jâlons,51303,51150,Maison,36.0,400000.0,11111.11,2024-03-11
Jâlons,51303,51150,Maison,83.0,400000.0,4819.28,2024-03-11
Reims,51454,51100,Appartement,65.0,152200.0,2341.54,2024-03-13
Reims,51454,51100,Maison,132.0,392000.0,2969.7,2024-03-13
Broyes,51092,51120,Maison,85.0,55000.0,647.06,2024-02-29
Sézanne,51535,51120,Maison,86.0,170000.0,1976.74,2024-02-28
Livry-Louvercy,51326,51400,Maison,117.0,277350.0,2370.51,2024-03-15
Saint-Étienne-sur-Suippe,51477,51110,Maison,99.0,243350.0,2458.08,2024-03-13
Saint-Étienne-sur-Suippe,51477,51110,Maison,99.0,243350.0,2458.08,2024-03-13
Reims,51454,51100,Appartement,96.0,184500.0,1921.88,2024-03-12
Reims,51454,51100,Maison,76.0,206840.0,2721.58,2024-03-13
Reims,51454,51100,Appartement,31.0,86000.0,2774.19,2024-03-20
Mourmelon-le-Grand,51388,51400,Maison,107.0,222000.0,2074.77,2024-03-14
Reims,51454,51100,Appartement,30.0,100000.0,3333.33,2024-03-18
Châlons-en-Champagne,51108,51000,Appartement,46.0,55700.0,1210.87,2024-03-08
Reims,51454,51100,Appartement,32.0,81000.0,2531.25,2024-03-08
Épernay,51230,51200,Appartement,64.0,103000.0,1609.38,2024-03-21
Taissy,51562,51500,Maison,91.0,216300.0,2376.92,2024-03-14
Mourmelon-le-Grand,51388,51400,Maison,125.0,104500.0,836.0,2024-03-12
Sainte-Menehould,51507,51800,Appartement,70.0,230000.0,3285.71,2024-02-23
Sainte-Menehould,51507,51800,Maison,230.0,230000.0,1000.0,2024-02-23
Sézanne,51535,51120,Maison,92.0,100000.0,1086.96,2024-02-29
Esternay,51237,51310,Maison,62.0,90000.0,1451.61,2024-02-29
Mourmelon-le-Grand,51388,51400,Maison,100.0,110000.0,1100.0,2024-03-14
Bétheny,51055,51450,Maison,113.0,254000.0,2247.79,2024-03-19
Œuilly,51410,51480,Maison,95.0,184500.0,1942.11,2024-03-14
Aÿ-Champagne,51030,51160,Maison,83.0,162000.0,1951.81,2024-02-29
Bourgogne-Fresne,51075,51110,Maison,95.0,185000.0,1947.37,2024-03-14
Épernay,51230,51200,Appartement,112.0,197000.0,1758.93,2024-03-14
Reims,51454,51100,Appartement,99.0,169000.0,1707.07,2024-03-15
Dizy,51210,51530,Maison,59.0,323500.0,5483.05,2024-03-15
Dizy,51210,51530,Maison,65.0,323500.0,4976.92,2024-03-15
Bétheny,51055,51450,Appartement,76.0,178000.0,2342.11,2024-03-11
Les Mesneux,51365,51370,Maison,171.0,491000.0,2871.35,2024-03-13
Les Mesneux,51365,51370,Maison,171.0,491000.0,2871.35,2024-03-13
Reims,51454,51100,Maison,130.0,730000.0,5615.38,2024-03-19
Passy-Grigny,51425,51700,Maison,64.0,130000.0,2031.25,2024-03-08
Suippes,51559,51600,Maison,88.0,78000.0,886.36,2024-02-26
Suippes,51559,51600,Maison,105.0,190100.0,1810.48,2024-03-11
Épernay,51230,51200,Appartement,44.0,85000.0,1931.82,2024-03-18
Outines,51419,51290,Maison,91.0,93000.0,1021.98,2024-03-19
Reims,51454,51100,Appartement,42.0,131000.0,3119.05,2024-03-04
Épernay,51230,51200,Maison,70.0,141895.0,2027.07,2024-03-19
Reims,51454,51100,Appartement,99.0,169000.0,1707.07,2024-03-14
Épernay,51230,51200,Maison,53.0,145000.0,2735.85,2024-03-15
Reims,51454,51100,Maison,107.0,256500.0,2397.2,2024-03-18
Reims,51454,51100,Maison,90.0,305000.0,3388.89,2024-03-13
Vitry-le-François,51649,51300,Appartement,95.0,46200.0,486.32,2024-02-29
Athis,51018,51150,Maison,149.0,150000.0,1006.71,2024-03-11
Reims,51454,51100,Appartement,40.0,123000.0,3075.0,2024-03-20
Sainte-Menehould,51507,51800,Appartement,70.0,204250.0,2917.86,2024-03-11
Sainte-Menehould,51507,51800,Appartement,80.0,204250.0,2553.12,2024-03-11
Sainte-Menehould,51507,51800,Maison,82.0,119500.0,1457.32,2024-03-08
Montmirail,51380,51210,Maison,83.0,55000.0,662.65,2024-03-22
Montbré,51375,51500,Maison,86.0,215000.0,2500.0,2024-02-27
Sainte-Menehould,51507,51800,Appartement,29.0,25000.0,862.07,2024-03-13
Cormoyeux,51173,51480,Maison,76.0,150000.0,1973.68,2024-03-12
Blancs-Coteaux,51612,51130,Maison,98.0,205000.0,2091.84,2024-03-13
Witry-lès-Reims,51662,51420,Maison,200.0,579500.0,2897.5,2024-02-27
Bezannes,51058,51430,Appartement,62.0,256800.0,4141.94,2024-03-18
Reims,51454,51100,Appartement,39.0,128000.0,3282.05,2024-02-27
Rouffy,51469,51130,Maison,112.0,130000.0,1160.71,2024-03-11
Clamanges,51154,51130,Maison,75.0,30000.0,400.0,2024-03-19
Les Essarts-le-Vicomte,51236,51310,Maison,69.0,85000.0,1231.88,2024-03-02
Les Essarts-le-Vicomte,51236,51310,Maison,69.0,85000.0,1231.88,2024-03-02
Bétheny,51055,51450,Appartement,88.0,114900.0,1305.68,2024-03-15
Reims,51454,51100,Appartement,25.0,60240.0,2409.6,2024-03-15
Blancs-Coteaux,51612,51130,Maison,92.0,90000.0,978.26,2024-03-20
Marcilly-sur-Seine,51343,51260,Maison,132.0,215000.0,1628.79,2024-03-19
Reims,51454,51100,Appartement,60.0,342460.0,5707.67,2024-03-22
Nanteuil-la-Forêt,51393,51480,Maison,133.0,199000.0,1496.24,2024-03-12
Les Essarts-lès-Sézanne,51235,51120,Maison,61.0,70000.0,1147.54,2024-03-02
Damery,51204,51480,Appartement,80.0,70000.0,875.0,2024-03-14
Damery,51204,51480,Appartement,60.0,70000.0,1166.67,2024-03-14
Reims,51454,51100,Maison,86.0,190000.0,2209.3,2024-03-12
Châlons-en-Champagne,51108,51000,Appartement,62.0,86500.0,1395.16,2024-03-11
Sézanne,51535,51120,Appartement,68.0,85040.0,1250.59,2024-02-29
Soudé,51555,51320,Maison,100.0,145000.0,1450.0,2024-03-07
Soudé,51555,51320,Maison,100.0,145000.0,1450.0,2024-03-07
Châlons-en-Champagne,51108,51000,Appartement,48.0,73500.0,1531.25,2024-03-11
Sainte-Marie-à-Py,51501,51600,Maison,116.0,161500.0,1392.24,2024-02-27
Fagnières,51242,51510,Appartement,90.0,40000.0,444.44,2024-03-05
Reims,51454,51100,Appartement,16.0,61000.0,3812.5,2024-03-14
Reims,51454,51100,Appartement,42.0,108000.0,2571.43,2024-03-13
Sainte-Menehould,51507,51800,Maison,81.0,70000.0,864.2,2024-02-29
Reims,51454,51100,Appartement,82.0,170800.0,2082.93,2024-03-18
Reims,51454,51100,Appartement,89.0,89000.0,1000.0,2024-03-22
Sermaize-les-Bains,51531,51250,Maison,182.0,138000.0,758.24,2024-03-15
Cormontreuil,51172,51350,Maison,183.0,478000.0,2612.02,2024-03-14
Reims,51454,51100,Appartement,38.0,130000.0,3421.05,2024-03-22
Reims,51454,51100,Appartement,41.0,130000.0,3170.73,2024-03-22
Possesse,51442,51330,Maison,66.0,45000.0,681.82,2024-02-28
Reims,51454,51100,Appartement,41.0,218000.0,5317.07,2024-03-21
Reims,51454,51100,Appartement,50.0,218000.0,4360.0,2024-03-21
Reims,51454,51100,Appartement,51.0,218000.0,4274.51,2024-03-21
Reims,51454,51100,Appartement,28.0,218000.0,7785.71,2024-03-21
Reims,51454,51100,Appartement,23.0,218000.0,9478.26,2024-03-21
Fagnières,51242,51510,Maison,83.0,138000.0,1662.65,2024-02-27
Festigny,51249,51700,Maison,64.0,30000.0,468.75,2024-03-19
Reims,51454,51100,Appartement,25.0,99300.0,3972.0,2024-03-06
Reims,51454,51100,Appartement,83.0,190900.0,2300.0,2024-03-22
Champigny,51118,51370,Maison,142.0,491700.0,3462.68,2024-03-21
Dormans,51217,51700,Maison,101.0,214700.0,2125.74,2024-03-25
Dormans,51217,51700,Maison,118.0,192000.0,1627.12,2024-03-25
Vitry-le-François,51649,51300,Maison,115.0,120000.0,1043.48,2024-03-21
Vitry-le-François,51649,51300,Maison,98.0,120000.0,1224.49,2024-03-15
Châlons-en-Champagne,51108,51000,Appartement,55.0,86000.0,1563.64,2024-03-05
Reims,51454,51100,Maison,86.0,220000.0,2558.14,2024-03-26
Châlons-en-Champagne,51108,51000,Maison,88.0,152000.0,1727.27,2024-03-01
Courtisols,51193,51460,Maison,96.0,171620.0,1787.71,2024-03-01
Vitry-le-François,51649,51300,Maison,72.0,52000.0,722.22,2024-03-16
Châlons-en-Champagne,51108,51000,Appartement,42.0,73750.0,1755.95,2024-03-22
Châlons-en-Champagne,51108,51000,Appartement,37.0,55500.0,1500.0,2024-03-06
Sainte-Marie-du-Lac-Nuisement,51277,51290,Maison,70.0,90000.0,1285.71,2024-03-22
Vitry-le-François,51649,51300,Appartement,44.0,39500.0,897.73,2024-03-16
Val-des-Marais,51158,51130,Maison,111.0,85000.0,765.77,2024-03-22
Reims,51454,51100,Appartement,44.0,155000.0,3522.73,2024-03-21
Châlons-en-Champagne,51108,51000,Maison,101.0,190000.0,1881.19,2024-03-07
Reims,51454,51100,Appartement,83.0,117000.0,1409.64,2024-03-07
Reims,51454,51100,Appartement,100.0,270000.0,2700.0,2024-03-19
Reims,51454,51100,Appartement,62.0,126000.0,2032.26,2024-03-18
Mourmelon-le-Grand,51388,51400,Maison,110.0,129000.0,1172.73,2024-03-20
Châlons-en-Champagne,51108,51000,Maison,83.0,138000.0,1662.65,2024-03-22
Jâlons,51303,51150,Maison,74.0,125000.0,1689.19,2024-03-26
Blancs-Coteaux,51612,51130,Maison,30.0,34500.0,1150.0,2024-03-20
Châlons-en-Champagne,51108,51000,Maison,140.0,210000.0,1500.0,2024-03-12
Vincelles,51644,51700,Maison,135.0,237500.0,1759.26,2024-03-22
Bazancourt,51043,51110,Maison,189.0,289000.0,1529.1,2024-03-01
Reims,51454,51100,Appartement,77.0,90000.0,1168.83,2024-03-14
Orbais-l'Abbaye,51416,51270,Maison,79.0,40250.0,509.49,2024-03-15
Ville-sur-Tourbe,51640,51800,Maison,26.0,99500.0,3826.92,2024-03-13
Reims,51454,51100,Appartement,67.0,236000.0,3522.39,2024-03-18
Baye,51042,51270,Maison,80.0,56500.0,706.25,2024-03-20
Sarry,51525,51520,Maison,147.0,200000.0,1360.54,2024-02-15
Reims,51454,51100,Appartement,64.0,140000.0,2187.5,2024-03-25
Nogent-l'Abbesse,51403,51420,Maison,95.0,125000.0,1315.79,2024-03-21
Montmort-Lucy,51381,51270,Appartement,51.0,65000.0,1274.51,2024-03-26
Reims,51454,51100,Maison,110.0,304800.0,2770.91,2024-03-14
Bouzy,51079,51150,Maison,123.0,212460.0,1727.32,2024-03-01
Cormontreuil,51172,51350,Maison,42.0,160000.0,3809.52,2024-03-12
Avize,51029,51190,Maison,70.0,85000.0,1214.29,2024-03-22
Pargny-sur-Saulx,51423,51340,Maison,248.0,49000.0,197.58,2024-03-19
Damery,51204,51480,Maison,119.0,250000.0,2100.84,2024-02-15
Saron-sur-Aube,51524,51260,Maison,163.0,100000.0,613.5,2024-03-13
Châlons-en-Champagne,51108,51000,Maison,72.0,67300.0,934.72,2024-03-07
Châlons-en-Champagne,51108,51000,Maison,90.0,130000.0,1444.44,2024-03-11
Châlons-en-Champagne,51108,51000,Appartement,68.0,73500.0,1080.88,2024-03-11
Bazancourt,51043,51110,Maison,92.0,237000.0,2576.09,2024-03-01
Les Mesneux,51365,51370,Maison,100.0,200000.0,2000.0,2024-03-22
Saint-Lumier-en-Champagne,51496,51300,Maison,260.0,50000.0,192.31,2024-03-21
Saint-Memmie,51506,51470,Appartement,81.0,85000.0,1049.38,2024-03-11
Reims,51454,51100,Appartement,49.0,74000.0,1510.2,2024-03-26
Reims,51454,51100,Appartement,37.0,86000.0,2324.32,2024-03-15
Bétheny,51055,51450,Maison,69.0,169980.0,2463.48,2024-03-25
Caurel,51101,51110,Maison,94.0,294000.0,3127.66,2024-03-01
Caurel,51101,51110,Maison,94.0,294000.0,3127.66,2024-03-01
Saint-Just-Sauvage,51492,51260,Maison,139.0,98000.0,705.04,2024-03-08
Haussignémont,51284,51300,Maison,61.0,80000.0,1311.48,2024-03-11
Pomacle,51439,51110,Appartement,112.0,143750.0,1283.48,2024-03-26
Witry-lès-Reims,51662,51420,Maison,100.0,317000.0,3170.0,2024-03-01
Châtillon-sur-Broué,51135,51290,Maison,68.0,71632.0,1053.41,2024-03-14
Reims,51454,51100,Appartement,76.0,209500.0,2756.58,2024-03-28
Lavannes,51318,51110,Maison,77.0,163000.0,2116.88,2024-03-06
Le Breuil,51085,51210,Maison,91.0,153000.0,1681.32,2024-03-21
Courthiézy,51192,51700,Maison,360.0,700000.0,1944.44,2024-03-15
Pogny,51436,51240,Maison,100.0,90000.0,900.0,2024-03-18
Omey,51415,51240,Maison,93.0,155000.0,1666.67,2024-03-22
Saint-Memmie,51506,51470,Appartement,70.0,50000.0,714.29,2024-03-19
Beaumont-sur-Vesle,51044,51360,Maison,191.0,344500.0,1803.66,2024-03-20
Beaumont-sur-Vesle,51044,51360,Maison,38.0,344500.0,9065.79,2024-03-20
Beaumont-sur-Vesle,51044,51360,Appartement,75.0,344500.0,4593.33,2024-03-20
Reims,51454,51100,Appartement,51.0,159000.0,3117.65,2024-03-29
Muizon,51391,51140,Maison,89.0,199000.0,2235.96,2024-03-27
Reims,51454,51100,Maison,216.0,1260000.0,5833.33,2024-03-29
Reims,51454,51100,Appartement,45.0,113400.0,2520.0,2024-03-20
Fère-Champenoise,51248,51230,Maison,60.0,63000.0,1050.0,2024-03-12
Le Breuil,51085,51210,Maison,60.0,75000.0,1250.0,2024-03-21
Reims,51454,51100,Appartement,62.0,105000.0,1693.55,2024-03-15
Châlons-en-Champagne,51108,51000,Maison,104.0,198000.0,1903.85,2024-04-02
Reims,51454,51100,Appartement,44.0,280000.0,6363.64,2024-03-27
Dormans,51217,51700,Maison,240.0,230000.0,958.33,2024-03-28
Châlons-en-Champagne,51108,51000,Appartement,54.0,72000.0,1333.33,2024-03-19
Vitry-le-François,51649,51300,Maison,100.0,142000.0,1420.0,2024-03-20
Bouzy,51079,51150,Maison,131.0,68000.0,519.08,2024-03-19
Reims,51454,51100,Maison,100.0,256200.0,2562.0,2024-03-27
Tinqueux,51573,51430,Maison,110.0,215000.0,1954.55,2024-03-21
Dizy,51210,51530,Appartement,96.0,220000.0,2291.67,2024-03-29
Chenay,51145,51140,Maison,189.0,545000.0,2883.6,2024-03-27
Reims,51454,51100,Appartement,71.0,112000.0,1577.46,2024-03-19
Juvigny,51312,51150,Maison,130.0,235000.0,1807.69,2024-03-13
Plichancourt,51433,51300,Maison,140.0,197050.0,1407.5,2024-03-26
Mareuil-le-Port,51346,51700,Maison,50.0,87000.0,1740.0,2024-03-27
Reims,51454,51100,Appartement,70.0,125000.0,1785.71,2024-03-20
Reims,51454,51100,Appartement,23.0,62880.0,2733.91,2024-03-27
Saint-Eulien,51478,52100,Maison,132.0,160000.0,1212.12,2024-03-28
Saint-Imoges,51488,51160,Maison,93.0,140000.0,1505.38,2024-03-13
Vitry-le-François,51649,51300,Appartement,84.0,52000.0,619.05,2024-03-27
Châlons-en-Champagne,51108,51000,Appartement,62.0,76000.0,1225.81,2024-03-28
Larzicourt,51316,51290,Maison,30.0,23000.0,766.67,2024-03-28
Moslins,51387,51530,Maison,144.0,145795.0,1012.47,2024-03-13
Reims,51454,51100,Appartement,71.0,232200.0,3270.42,2024-03-29
Reims,51454,51100,Appartement,74.0,55000.0,743.24,2024-03-29
Reims,51454,51100,Appartement,57.0,55000.0,964.91,2024-03-29
Reims,51454,51100,Appartement,79.0,83000.0,1050.63,2024-03-29
Épernay,51230,51200,Maison,95.0,150000.0,1578.95,2024-03-20
Bétheny,51055,51450,Maison,114.0,245000.0,2149.12,2024-03-18
Reims,51454,51100,Appartement,27.0,61500.0,2277.78,2024-03-26
Reims,51454,51100,Appartement,42.0,71400.0,1700.0,2024-03-07
Reims,51454,51100,Appartement,87.0,218000.0,2505.75,2024-03-25
Reims,51454,51100,Appartement,37.0,101700.0,2748.65,2024-03-27
Vitry-le-François,51649,51300,Appartement,64.0,75000.0,1171.88,2024-03-29
Reims,51454,51100,Appartement,27.0,66000.0,2444.44,2024-03-11
Reims,51454,51100,Appartement,89.0,230000.0,2584.27,2024-03-15
Bétheny,51055,51450,Maison,92.0,280200.0,3045.65,2024-03-13
Taissy,51562,51500,Maison,103.0,243000.0,2359.22,2024-03-22
Tinqueux,51573,51430,Appartement,119.0,165000.0,1386.55,2024-03-27
Reims,51454,51100,Appartement,14.0,54000.0,3857.14,2024-03-28
Reims,51454,51100,Appartement,20.0,137500.0,6875.0,2024-03-27
Reims,51454,51100,Appartement,20.0,137500.0,6875.0,2024-03-27
Saint-Hilaire-le-Petit,51487,51490,Maison,94.0,178200.0,1895.74,2024-03-08
Damery,51204,51480,Maison,143.0,247400.0,1730.07,2024-03-16
Reims,51454,51100,Appartement,70.0,211320.0,3018.86,2024-03-05
Reims,51454,51100,Appartement,96.0,335000.0,3489.58,2024-03-25
Tours-sur-Marne,51576,51150,Maison,139.0,280000.0,2014.39,2024-03-18
Reims,51454,51100,Appartement,69.0,218000.0,3159.42,2024-03-26
Épernay,51230,51200,Maison,58.0,78000.0,1344.83,2024-04-05
Heutrégiville,51293,51110,Maison,120.0,183500.0,1529.17,2024-03-22
Sézanne,51535,51120,Maison,71.0,83000.0,1169.01,2024-03-12
Barbonne-Fayel,51036,51120,Maison,87.0,124000.0,1425.29,2024-03-09
Fontaine-Denis-Nuisy,51254,51120,Maison,96.0,108000.0,1125.0,2024-03-15
Sézanne,51535,51120,Appartement,27.0,28000.0,1037.04,2024-03-28
Sézanne,51535,51120,Maison,67.0,110000.0,1641.79,2024-04-03
Reims,51454,51100,Maison,78.0,150000.0,1923.08,2024-03-26
Châtillon-sur-Morin,51137,51310,Maison,75.0,65000.0,866.67,2024-03-22
Châlons-en-Champagne,51108,51000,Appartement,99.0,161000.0,1626.26,2024-03-28
Gaye,51265,51120,Maison,102.0,120000.0,1176.47,2024-03-20
Bethon,51056,51260,Maison,144.0,133990.0,930.49,2024-03-27
Mourmelon-le-Grand,51388,51400,Maison,83.0,163000.0,1963.86,2024-04-02
Sainte-Menehould,51507,51800,Maison,104.0,50000.0,480.77,2024-03-21
Festigny,51249,51700,Maison,60.0,946000.0,15766.67,2024-03-25
Vincelles,51644,51700,Maison,115.0,180000.0,1565.22,2024-03-26
Pogny,51436,51240,Maison,86.0,120000.0,1395.35,2024-04-05
Reims,51454,51100,Appartement,71.0,226500.0,3190.14,2024-04-02
Prouilly,51448,51140,Maison,156.0,255000.0,1634.62,2024-03-19
Prouilly,51448,51140,Maison,156.0,255000.0,1634.62,2024-03-19
Baslieux-lès-Fismes,51037,51170,Maison,118.0,237500.0,2012.71,2024-04-02
Reims,51454,51100,Appartement,48.0,112000.0,2333.33,2024-03-29
Bétheny,51055,51450,Maison,77.0,240000.0,3116.88,2024-03-18
Reims,51454,51100,Appartement,104.0,185000.0,1778.85,2024-03-20
Verzy,51614,51380,Maison,86.0,165000.0,1918.6,2024-03-28
Reims,51454,51100,Maison,70.0,262900.0,3755.71,2024-03-27
Reims,51454,51100,Maison,96.0,255000.0,2656.25,2024-04-02
Reims,51454,51100,Appartement,67.0,145000.0,2164.18,2024-04-04
Reims,51454,51100,Appartement,87.0,410000.0,4712.64,2024-03-28
Reims,51454,51100,Appartement,87.0,243600.0,2800.0,2024-03-26
Villers-aux-Bois,51630,51130,Maison,54.0,85000.0,1574.07,2024-03-18
Saint-Amand-sur-Fion,51472,51300,Maison,89.0,100500.0,1129.21,2024-03-29
Tinqueux,51573,51430,Maison,55.0,170000.0,3090.91,2024-04-02
Reims,51454,51100,Appartement,67.0,130000.0,1940.3,2024-03-27
Reims,51454,51100,Appartement,75.0,130000.0,1733.33,2024-04-03
Reims,51454,51100,Appartement,30.0,98000.0,3266.67,2024-03-25
Reims,51454,51100,Maison,92.0,231700.0,2518.48,2024-03-18
Reims,51454,51100,Appartement,50.0,232000.0,4640.0,2024-03-20
Reims,51454,51100,Appartement,70.0,120000.0,1714.29,2024-03-29
Reims,51454,51100,Appartement,47.0,151500.0,3223.4,2024-03-29
Reims,51454,51100,Appartement,26.0,92000.0,3538.46,2024-03-22
Reims,51454,51100,Appartement,34.0,110000.0,3235.29,2024-03-29
Ville-en-Tardenois,51624,51170,Maison,103.0,242000.0,2349.51,2024-03-29
Épernay,51230,51200,Maison,119.0,279450.0,2348.32,2024-04-05
Châlons-en-Champagne,51108,51000,Maison,57.0,135000.0,2368.42,2024-03-22
Reims,51454,51100,Appartement,85.0,236806.0,2785.95,2024-04-02
Reims,51454,51100,Appartement,80.0,292800.0,3660.0,2024-03-27
Faverolles-et-Coëmy,51245,51170,Maison,79.0,198200.0,2508.86,2024-03-15
Tinqueux,51573,51430,Appartement,68.0,137500.0,2022.06,2024-03-15
Reims,51454,51100,Maison,90.0,189000.0,2100.0,2024-03-29
Val-des-Marais,51158,51130,Maison,95.0,70000.0,736.84,2024-03-28
Reims,51454,51100,Appartement,27.0,68000.0,2518.52,2024-03-15
Igny-Comblizy,51298,51700,Maison,78.0,145000.0,1858.97,2024-03-25
Igny-Comblizy,51298,51700,Maison,78.0,145000.0,1858.97,2024-03-25
Fismes,51250,51170,Maison,88.0,235400.0,2675.0,2024-03-26
Reims,51454,51100,Maison,117.0,270000.0,2307.69,2024-02-23
Reims,51454,51100,Appartement,96.0,257815.0,2685.57,2024-03-19
Reims,51454,51100,Appartement,35.0,90000.0,2571.43,2024-03-27
Faux-Fresnay,51243,51230,Maison,76.0,112000.0,1473.68,2024-03-15
Reims,51454,51100,Appartement,53.0,144650.0,2729.25,2024-04-05
Tinqueux,51573,51430,Maison,84.0,180000.0,2142.86,2024-04-05
Clesles,51155,51260,Maison,99.0,165000.0,1666.67,2024-03-15
Clesles,51155,51260,Maison,99.0,165000.0,1666.67,2024-03-15
Reims,51454,51100,Appartement,120.0,255000.0,2125.0,2024-04-03
Pleurs,51432,51230,Maison,58.0,50000.0,862.07,2024-03-14
Épernay,51230,51200,Appartement,37.0,65000.0,1756.76,2024-03-20
Pargny-sur-Saulx,51423,51340,Maison,86.0,140150.0,1629.65,2024-04-09
Reims,51454,51100,Appartement,48.0,95000.0,1979.17,2024-04-05
Cormicy,51171,51220,Appartement,27.0,220000.0,8148.15,2024-03-28
Cormicy,51171,51220,Appartement,67.0,220000.0,3283.58,2024-03-28
Châlons-en-Champagne,51108,51000,Appartement,38.0,40850.0,1075.0,2024-04-04
Ludes,51333,51500,Maison,164.0,313900.0,1914.02,2024-03-27
Reims,51454,51100,Appartement,63.0,118500.0,1880.95,2024-04-05
Saint-Martin-d'Ablois,51002,51530,Maison,44.0,40000.0,909.09,2024-04-02
Saint-Martin-d'Ablois,51002,51530,Maison,107.0,132000.0,1233.64,2024-03-18
Épernay,51230,51200,Appartement,36.0,310000.0,8611.11,2024-03-20
Épernay,51230,51200,Appartement,63.0,310000.0,4920.63,2024-03-20
Épernay,51230,51200,Appartement,63.0,310000.0,4920.63,2024-03-20
Épernay,51230,51200,Appartement,47.0,310000.0,6595.74,2024-03-20
Saint-Amand-sur-Fion,51472,51300,Maison,87.0,149000.0,1712.64,2024-03-29
Épernay,51230,51200,Appartement,107.0,200000.0,1869.16,2024-04-05
Fère-Champenoise,51248,51230,Maison,54.0,70000.0,1296.3,2024-03-22
Châlons-en-Champagne,51108,51000,Appartement,66.0,103500.0,1568.18,2024-03-29
Mareuil-le-Port,51346,51700,Maison,131.0,245000.0,1870.23,2024-03-20
Reims,51454,51100,Maison,225.0,620000.0,2755.56,2024-03-27
Reims,51454,51100,Appartement,46.0,66900.0,1454.35,2024-03-29
Reims,51454,51100,Appartement,93.0,375000.0,4032.26,2024-03-14
Châlons-en-Champagne,51108,51000,Appartement,88.0,126000.0,1431.82,2024-03-15
Reims,51454,51100,Maison,107.0,266000.0,2485.98,2024-03-22
Jonchery-sur-Vesle,51308,51140,Maison,148.0,460800.0,3113.51,2024-04-03
Jonchery-sur-Vesle,51308,51140,Maison,148.0,460800.0,3113.51,2024-04-03
Reims,51454,51100,Appartement,120.0,320000.0,2666.67,2024-03-28
Reims,51454,51100,Appartement,130.0,390400.0,3003.08,2024-04-08
Reims,51454,51100,Maison,49.0,320000.0,6530.61,2024-04-10
Reims,51454,51100,Maison,49.0,320000.0,6530.61,2024-04-10
Reims,51454,51100,Appartement,56.0,145870.0,2604.82,2024-04-02
Reims,51454,51100,Appartement,53.0,143000.0,2698.11,2024-04-04
Épernay,51230,51200,Appartement,139.0,274000.0,1971.22,2024-03-22
Vésigneul-sur-Marne,51616,51240,Maison,144.0,58000.0,402.78,2024-03-29
Reims,51454,51100,Appartement,14.0,116350.0,8310.71,2024-04-05
Reims,51454,51100,Appartement,19.0,116350.0,6123.68,2024-04-05
Mardeuil,51344,51530,Maison,64.0,90000.0,1406.25,2024-03-25
Saint-Quentin-sur-Coole,51512,51240,Maison,67.0,168000.0,2507.46,2024-04-03
Tinqueux,51573,51430,Appartement,43.0,161516.6,3756.2,2024-04-03
Aigny,51003,51150,Maison,63.0,110000.0,1746.03,2024-04-09
Blancs-Coteaux,51612,51130,Maison,96.0,132000.0,1375.0,2024-03-27
Blancs-Coteaux,51612,51130,Maison,84.0,132000.0,1571.43,2024-03-27
Branscourt,51081,51140,Maison,110.0,143000.0,1300.0,2024-03-26
Reims,51454,51100,Appartement,115.0,322000.0,2800.0,2024-03-29
Dormans,51217,51700,Maison,93.0,160000.0,1720.43,2024-04-03
Dormans,51217,51700,Maison,93.0,160000.0,1720.43,2024-04-03
Reims,51454,51100,Appartement,17.0,50000.0,2941.18,2024-04-08
Bezannes,51058,51430,Appartement,103.0,332500.0,3228.16,2024-03-29
Châlons-en-Champagne,51108,51000,Maison,83.0,163000.0,1963.86,2024-03-13
Fèrebrianges,51247,51270,Maison,96.0,70000.0,729.17,2024-03-28
Sainte-Marie-du-Lac-Nuisement,51277,51290,Maison,77.0,30000.0,389.61,2024-04-04
Courtisols,51193,51460,Maison,93.0,160000.0,1720.43,2024-03-26
Aougny,51013,51170,Maison,170.0,350000.0,2058.82,2024-03-22
Aougny,51013,51170,Maison,170.0,350000.0,2058.82,2024-03-22
Sainte-Menehould,51507,51800,Maison,85.0,153000.0,1800.0,2024-03-15
Suippes,51559,51600,Maison,73.0,131800.0,1805.48,2024-03-26
Dormans,51217,51700,Maison,80.0,70000.0,875.0,2024-03-29
Fismes,51250,51170,Maison,31.0,58000.0,1870.97,2024-03-28
Sézanne,51535,51120,Maison,50.0,36000.0,720.0,2024-04-04
Mourmelon-le-Grand,51388,51400,Appartement,138.0,55000.0,398.55,2024-03-26
Épernay,51230,51200,Appartement,65.0,70000.0,1076.92,2024-04-09
Saint-Remy-sur-Bussy,51515,51600,Maison,180.0,155000.0,861.11,2024-03-20
Châlons-en-Champagne,51108,51000,Maison,81.0,50000.0,617.28,2024-03-15
Reims,51454,51100,Appartement,26.0,133900.0,5150.0,2024-03-26
Reims,51454,51100,Maison,79.0,202000.0,2556.96,2024-03-15
Dormans,51217,51700,Appartement,108.0,166000.0,1537.04,2024-03-29
Dormans,51217,51700,Appartement,40.0,166000.0,4150.0,2024-03-29
Dormans,51217,51700,Appartement,45.0,257000.0,5711.11,2024-03-29
Dormans,51217,51700,Appartement,45.0,257000.0,5711.11,2024-03-29
Dormans,51217,51700,Appartement,110.0,257000.0,2336.36,2024-03-29
Dormans,51217,51700,Appartement,75.0,257000.0,3426.67,2024-03-29
Fleury-la-Rivière,51252,51480,Maison,120.0,95000.0,791.67,2024-03-18
Reims,51454,51100,Appartement,84.0,162500.0,1934.52,2024-04-12
Reims,51454,51100,Appartement,38.0,75000.0,1973.68,2024-03-23
Reims,51454,51100,Appartement,15.0,62000.0,4133.33,2024-03-27
Igny-Comblizy,51298,51700,Maison,73.0,149500.0,2047.95,2024-04-03
Sarry,51525,51520,Maison,61.0,95000.0,1557.38,2024-04-06
Cormontreuil,51172,51350,Maison,108.0,340100.0,3149.07,2024-03-29
Montmort-Lucy,51381,51270,Maison,228.0,62500.0,274.12,2024-03-19
Châlons-en-Champagne,51108,51000,Appartement,56.0,84800.0,1514.29,2024-03-29
Châlons-en-Champagne,51108,51000,Appartement,78.0,84800.0,1087.18,2024-03-29
Châlons-en-Champagne,51108,51000,Appartement,62.0,84800.0,1367.74,2024-03-29
Châlons-en-Champagne,51108,51000,Appartement,78.0,84800.0,1087.18,2024-03-29
Saint-Masmes,51505,51490,Maison,230.0,440000.0,1913.04,2024-04-12
Saint-Masmes,51505,51490,Maison,230.0,440000.0,1913.04,2024-04-12
Saint-Memmie,51506,51470,Maison,71.0,100000.0,1408.45,2024-03-26
Reims,51454,51100,Appartement,65.0,72000.0,1107.69,2024-04-11
Châlons-en-Champagne,51108,51000,Appartement,48.0,39000.0,812.5,2024-03-13
Reims,51454,51100,Appartement,25.0,59550.0,2382.0,2024-04-09
Verzenay,51613,51360,Maison,120.0,174000.0,1450.0,2024-04-08
Reims,51454,51100,Appartement,75.0,100400.0,1338.67,2024-03-29
Tinqueux,51573,51430,Appartement,77.0,169050.0,2195.45,2024-04-04
Reims,51454,51100,Maison,87.0,176000.0,2022.99,2024-03-21
Gueux,51282,51390,Maison,125.0,384900.0,3079.2,2024-03-21
Reims,51454,51100,Appartement,65.0,104500.0,1607.69,2024-03-27
Bétheny,51055,51450,Maison,79.0,221000.0,2797.47,2024-04-10
Reims,51454,51100,Appartement,15.0,43000.0,2866.67,2024-03-29
Reims,51454,51100,Appartement,36.0,85000.0,2361.11,2024-04-10
Vélye,51603,51130,Maison,96.0,153000.0,1593.75,2024-04-10
Pierry,51431,51530,Maison,134.0,220000.0,1641.79,2024-04-15
Recy,51453,51520,Maison,68.0,152000.0,2235.29,2024-04-10
Reims,51454,51100,Maison,74.0,171000.0,2310.81,2024-04-12
Reims,51454,51100,Appartement,48.0,123870.0,2580.62,2024-04-12
Reims,51454,51100,Appartement,37.0,125000.0,3378.38,2024-04-10
Nesle-le-Repons,51396,51700,Maison,80.0,116000.0,1450.0,2024-04-02
Reims,51454,51100,Appartement,59.0,136050.0,2305.93,2024-04-08
Faverolles-et-Coëmy,51245,51170,Appartement,24.0,185000.0,7708.33,2024-03-27
Faverolles-et-Coëmy,51245,51170,Appartement,106.0,185000.0,1745.28,2024-03-27
Reims,51454,51100,Appartement,28.0,58500.0,2089.29,2024-04-05
Les Mesneux,51365,51370,Maison,168.0,565500.0,3366.07,2024-04-05
Reims,51454,51100,Maison,104.0,253200.0,2434.62,2024-04-03
Verneuil,51609,51700,Maison,113.0,134700.0,1192.04,2024-03-28
Sermiers,51532,51500,Maison,191.0,469900.0,2460.21,2024-04-05
Sermiers,51532,51500,Maison,191.0,469900.0,2460.21,2024-04-05
Vauchamps,51596,51210,Maison,90.0,76000.0,844.44,2024-04-05
Reims,51454,51100,Appartement,37.0,65000.0,1756.76,2024-04-10
Reims,51454,51100,Appartement,65.0,65000.0,1000.0,2024-04-10
Reims,51454,51100,Appartement,27.0,99900.0,3700.0,2024-04-11
La Chapelle-Lasson,51127,51260,Maison,79.0,50000.0,632.91,2024-03-26
Saint-Quentin-le-Verger,51511,51120,Maison,166.0,120000.0,722.89,2024-03-23
Reims,51454,51100,Appartement,43.0,123500.0,2872.09,2024-04-11
Saint-Léonard,51493,51500,Appartement,61.0,176850.0,2899.18,2024-03-27
Fismes,51250,51170,Maison,84.0,237000.0,2821.43,2024-03-27
Reims,51454,51100,Appartement,67.0,110000.0,1641.79,2024-03-27
Reims,51454,51100,Appartement,25.0,65000.0,2600.0,2024-03-29
Reims,51454,51100,Appartement,72.0,135500.0,1881.94,2024-04-10
Reims,51454,51100,Appartement,24.0,72500.0,3020.83,2024-03-25
Reims,51454,51100,Appartement,40.0,66000.0,1650.0,2024-04-12
Reims,51454,51100,Maison,48.0,202100.0,4210.42,2024-04-11
Taissy,51562,51500,Maison,89.0,238850.0,2683.71,2024-03-27
Reims,51454,51100,Appartement,47.0,234900.0,4997.87,2024-03-22
La Noue,51407,51310,Maison,60.0,53000.0,883.33,2024-04-10
La Noue,51407,51310,Maison,60.0,53000.0,883.33,2024-04-10
Reims,51454,51100,Appartement,47.0,610000.0,12978.72,2024-04-02
Reims,51454,51100,Appartement,44.0,610000.0,13863.64,2024-04-02
Reims,51454,51100,Appartement,32.0,610000.0,19062.5,2024-04-02
Reims,51454,51100,Appartement,43.0,610000.0,14186.05,2024-04-02
Reims,51454,51100,Appartement,44.0,610000.0,13863.64,2024-04-02
Reims,51454,51100,Appartement,47.0,610000.0,12978.72,2024-04-02
Épernay,51230,51200,Appartement,65.0,58000.0,892.31,2024-03-27
Épernay,51230,51200,Appartement,70.0,58000.0,828.57,2024-03-27
Épernay,51230,51200,Appartement,56.0,58000.0,1035.71,2024-03-27
Épernay,51230,51200,Maison,107.0,352500.0,3294.39,2024-03-29
Courcelles-Sapicourt,51181,51140,Maison,120.0,295000.0,2458.33,2024-03-28
Condé-sur-Marne,51161,51150,Maison,128.0,142000.0,1109.38,2024-04-17
Fismes,51250,51170,Maison,99.0,218500.0,2207.07,2024-03-28
Courville,51194,51170,Maison,114.0,245600.0,2154.39,2024-03-29
Courville,51194,51170,Maison,114.0,245600.0,2154.39,2024-03-29
Cormontreuil,51172,51350,Maison,89.0,237200.0,2665.17,2024-04-15
Cormontreuil,51172,51350,Maison,97.0,250250.0,2579.9,2024-04-15
Saint-Léonard,51493,51500,Maison,230.0,575200.0,2500.87,2024-03-20
Saint-Léonard,51493,51500,Maison,230.0,575200.0,2500.87,2024-03-20
Reims,51454,51100,Maison,50.0,75000.0,1500.0,2024-03-28
Cernay-lès-Reims,51105,51420,Maison,88.0,261550.0,2972.16,2024-04-12
Tinqueux,51573,51430,Appartement,64.0,120000.0,1875.0,2024-04-04
Épernay,51230,51200,Maison,60.0,206600.0,3443.33,2024-03-29
Vrigny,51657,51390,Maison,86.0,285000.0,3313.95,2024-04-15
Reims,51454,51100,Appartement,79.0,259000.0,3278.48,2024-04-15
Muizon,51391,51140,Maison,150.0,321400.0,2142.67,2024-03-29
Reims,51454,51100,Appartement,157.0,648700.0,4131.85,2024-03-29
Marcilly-sur-Seine,51343,51260,Maison,104.0,143500.0,1379.81,2024-03-28
Marcilly-sur-Seine,51343,51260,Maison,104.0,143500.0,1379.81,2024-03-28
Pierry,51431,51530,Maison,128.0,345000.0,2695.31,2024-03-28
Reims,51454,51100,Appartement,16.0,67800.0,4237.5,2024-03-29
Reims,51454,51100,Appartement,22.0,67800.0,3081.82,2024-03-29
Grauves,51281,51190,Maison,105.0,140000.0,1333.33,2024-03-27
Épernay,51230,51200,Appartement,25.0,38000.0,1520.0,2024-03-30
Épernay,51230,51200,Appartement,43.0,93500.0,2174.42,2024-04-15
Dizy,51210,51530,Maison,86.0,186300.0,2166.28,2024-03-28
Tinqueux,51573,51430,Appartement,81.0,238000.0,2938.27,2024-04-03
Reims,51454,51100,Maison,133.0,260000.0,1954.89,2024-04-11
Bétheniville,51054,51490,Maison,92.0,97000.0,1054.35,2024-04-10
Reims,51454,51100,Maison,85.0,230342.0,2709.91,2024-04-17
Sermaize-les-Bains,51531,51250,Maison,92.0,67000.0,728.26,2024-04-18
Cramant,51196,51530,Maison,98.0,166035.0,1694.23,2024-04-11
Chambrecy,51111,51170,Maison,154.0,352000.0,2285.71,2024-04-08
Chambrecy,51111,51170,Maison,154.0,352000.0,2285.71,2024-04-08
Reims,51454,51100,Maison,95.0,230000.0,2421.05,2024-03-27
Orconte,51417,51300,Maison,250.0,340000.0,1360.0,2024-03-14
Orconte,51417,51300,Maison,250.0,340000.0,1360.0,2024-03-14
Reims,51454,51100,Appartement,128.0,1000000.0,7812.5,2024-04-10
Reims,51454,51100,Appartement,129.0,1000000.0,7751.94,2024-04-10
Reims,51454,51100,Appartement,99.0,1000000.0,10101.01,2024-04-10
Giffaumont-Champaubert,51269,51290,Maison,38.0,120000.0,3157.89,2024-03-29
Matignicourt-Goncourt,51356,51300,Maison,38.0,345000.0,9078.95,2024-03-14
Saint-Just-Sauvage,51492,51260,Maison,104.0,91000.0,875.0,2024-03-29
Givry-en-Argonne,51272,51330,Maison,125.0,115000.0,920.0,2024-03-28
Givry-en-Argonne,51272,51330,Maison,125.0,115000.0,920.0,2024-03-28
Reims,51454,51100,Appartement,75.0,167413.0,2232.17,2024-04-17
Fontaine-Denis-Nuisy,51254,51120,Maison,67.0,60000.0,895.52,2024-04-04
Pleurs,51432,51230,Maison,67.0,110000.0,1641.79,2024-04-04
Châlons-en-Champagne,51108,51000,Maison,114.0,350000.0,3070.18,2024-04-17
Reims,51454,51100,Maison,75.0,198900.0,2652.0,2024-04-04
Villevenard,51641,51270,Maison,90.0,90000.0,1000.0,2024-02-29
Villevenard,51641,51270,Maison,54.0,90000.0,1666.67,2024-02-29
Chichey,51151,51120,Maison,120.0,166000.0,1383.33,2024-04-05
Valmy,51588,51800,Maison,129.0,99500.0,771.32,2024-03-28
Reims,51454,51100,Appartement,130.0,526000.0,4046.15,2024-03-22
Saint-Martin-sur-le-Pré,51504,51520,Maison,107.0,210000.0,1962.62,2024-04-16
Sézanne,51535,51120,Maison,78.0,89990.0,1153.72,2024-04-06
Rieux,51460,51210,Maison,158.0,170000.0,1075.95,2024-04-15
Juvigny,51312,51150,Maison,78.0,161500.0,2070.51,2024-03-18
Baye,51042,51270,Maison,174.0,250000.0,1436.78,2024-04-11
Baye,51042,51270,Maison,174.0,250000.0,1436.78,2024-04-11
Sogny-aux-Moulins,51538,51520,Maison,114.0,33000.0,289.47,2024-03-29
Saint-Memmie,51506,51470,Maison,255.0,320000.0,1254.9,2024-04-03
Saint-Memmie,51506,51470,Maison,255.0,320000.0,1254.9,2024-04-03
Châlons-en-Champagne,51108,51000,Appartement,48.0,58000.0,1208.33,2024-04-05
Châlons-en-Champagne,51108,51000,Maison,106.0,183000.0,1726.42,2024-04-05
Épernay,51230,51200,Appartement,78.0,319000.0,4089.74,2024-04-15
Villeseneux,51638,51130,Maison,55.0,115000.0,2090.91,2024-04-04
Villeseneux,51638,51130,Maison,55.0,115000.0,2090.91,2024-04-04
Montmirail,51380,51210,Appartement,22.0,45000.0,2045.45,2024-04-18
Montmirail,51380,51210,Appartement,47.0,45000.0,957.45,2024-04-18
Montmirail,51380,51210,Appartement,47.0,45000.0,957.45,2024-04-18
Reims,51454,51100,Appartement,111.0,605000.0,5450.45,2024-04-17
Reims,51454,51100,Appartement,58.0,605000.0,10431.03,2024-04-17
Reims,51454,51100,Appartement,64.0,605000.0,9453.12,2024-04-17
Reims,51454,51100,Appartement,64.0,605000.0,9453.12,2024-04-17
Baudement,51041,51260,Maison,111.0,205000.0,1846.85,2024-03-29
Baudement,51041,51260,Maison,111.0,205000.0,1846.85,2024-03-29
Reims,51454,51100,Appartement,27.0,107000.0,3962.96,2024-04-15
Ville-Dommange,51622,51390,Maison,155.0,297400.0,1918.71,2024-04-11
Saint-Masmes,51505,51490,Maison,105.0,259000.0,2466.67,2024-04-15
Épernay,51230,51200,Appartement,52.0,62000.0,1192.31,2024-04-09
Suippes,51559,51600,Maison,49.0,58200.0,1187.76,2024-04-04
Reims,51454,51100,Appartement,63.0,221000.0,3507.94,2024-04-16
Épernay,51230,51200,Appartement,40.0,77500.0,1937.5,2024-03-21
Châlons-en-Champagne,51108,51000,Appartement,63.0,82000.0,1301.59,2024-03-21
Mareuil-le-Port,51346,51700,Maison,152.0,210000.0,1381.58,2024-04-12
Bouy,51078,51400,Maison,58.0,94000.0,1620.69,2024-04-12
Montmort-Lucy,51381,51270,Appartement,30.0,54000.0,1800.0,2024-03-28
Tinqueux,51573,51430,Appartement,68.0,115000.0,1691.18,2024-04-05
Cormontreuil,51172,51350,Maison,150.0,300000.0,2000.0,2024-04-09
Reims,51454,51100,Appartement,51.0,238890.0,4684.12,2024-03-28
Épernay,51230,51200,Appartement,55.0,110000.0,2000.0,2024-04-02
Reims,51454,51100,Appartement,67.0,179800.0,2683.58,2024-04-16
Reims,51454,51100,Appartement,49.0,236000.0,4816.33,2024-04-16
Reims,51454,51100,Appartement,123.0,352500.0,2865.85,2024-04-17
Reims,51454,51100,Appartement,67.0,10000.0,149.25,2024-04-08
Sainte-Menehould,51507,51800,Maison,52.0,40000.0,769.23,2024-04-12
Sainte-Menehould,51507,51800,Appartement,43.0,40000.0,930.23,2024-04-12
Sainte-Menehould,51507,51800,Appartement,27.0,40000.0,1481.48,2024-04-12
Reims,51454,51100,Appartement,72.0,118000.0,1638.89,2024-04-17
Épernay,51230,51200,Appartement,75.0,120482.0,1606.43,2024-04-11
Thillois,51569,51370,Maison,92.0,355000.0,3858.7,2024-04-15
Thillois,51569,51370,Maison,128.0,355000.0,2773.44,2024-04-15
Witry-lès-Reims,51662,51420,Appartement,68.0,161000.0,2367.65,2024-04-02
Reims,51454,51100,Appartement,28.0,61000.0,2178.57,2024-04-12
Mardeuil,51344,51530,Maison,88.0,190000.0,2159.09,2024-04-11
Saint-Just-Sauvage,51492,51260,Maison,111.0,168000.0,1513.51,2024-04-03
Reims,51454,51100,Appartement,62.0,110000.0,1774.19,2024-04-10
Reims,51454,51100,Appartement,35.0,110000.0,3142.86,2024-04-10
Reims,51454,51100,Appartement,51.0,190500.0,3735.29,2024-04-19
Châlons-en-Champagne,51108,51000,Maison,72.0,110000.0,1527.78,2024-03-21
Châlons-en-Champagne,51108,51000,Maison,94.0,240000.0,2553.19,2024-03-15
Reims,51454,51100,Appartement,49.0,72000.0,1469.39,2024-04-17
Juvigny,51312,51150,Maison,116.0,120000.0,1034.48,2024-03-15
Reims,51454,51100,Appartement,33.0,69000.0,2090.91,2024-04-09
Saint-Quentin-sur-Coole,51512,51240,Maison,90.0,253600.0,2817.78,2024-04-19
Reims,51454,51100,Appartement,80.0,161500.0,2018.75,2024-04-12
Châlons-en-Champagne,51108,51000,Appartement,48.0,329000.0,6854.17,2024-03-26
Châlons-en-Champagne,51108,51000,Appartement,48.0,329000.0,6854.17,2024-03-26
Châlons-en-Champagne,51108,51000,Appartement,42.0,329000.0,7833.33,2024-03-26
Reims,51454,51100,Appartement,79.0,202000.0,2556.96,2024-03-27
Reims,51454,51100,Appartement,60.0,186000.0,3100.0,2024-04-11
Reims,51454,51100,Maison,127.0,294227.0,2316.75,2024-03-22
Reims,51454,51100,Maison,127.0,294227.0,2316.75,2024-03-22
Saint-Hilaire-le-Grand,51486,51600,Maison,100.0,186000.0,1860.0,2024-04-15
Reims,51454,51100,Appartement,60.0,130000.0,2166.67,2024-04-17
Épense,51229,51330,Maison,77.0,79500.0,1032.47,2024-04-09
Reims,51454,51100,Appartement,72.0,108000.0,1500.0,2024-04-17
Reims,51454,51100,Appartement,67.0,141000.0,2104.48,2024-04-02
Reims,51454,51100,Appartement,52.0,186112.0,3579.08,2024-04-16
Cheminon,51144,51250,Maison,110.0,195000.0,1772.73,2024-04-20
Mairy-sur-Marne,51339,51240,Maison,220.0,320000.0,1454.55,2024-03-23
Châlons-en-Champagne,51108,51000,Appartement,62.0,80000.0,1290.32,2024-04-04
Suippes,51559,51600,Maison,70.0,91000.0,1300.0,2024-04-09
Reims,51454,51100,Appartement,43.0,170425.0,3963.37,2024-04-15
Bezannes,51058,51430,Appartement,73.0,263900.0,3615.07,2024-04-02
Saint-Remy-en-Bouzemont-Saint-Genest-et-Isson,51513,51290,Maison,105.0,186000.0,1771.43,2024-04-17
Reims,51454,51100,Maison,276.0,735000.0,2663.04,2024-04-09
Vitry-en-Perthois,51647,51300,Maison,65.0,40000.0,615.38,2024-03-07
Reims,51454,51100,Appartement,36.0,98000.0,2722.22,2024-03-28
Vitry-le-François,51649,51300,Maison,82.0,125000.0,1524.39,2024-04-11
Reims,51454,51100,Appartement,41.0,199900.0,4875.61,2024-04-09
Vauclerc,51598,51300,Maison,53.0,59700.0,1126.42,2024-04-17
Outines,51419,51290,Maison,196.0,170000.0,867.35,2024-04-12
Reims,51454,51100,Appartement,50.0,135000.0,2700.0,2024-04-04
Reims,51454,51100,Appartement,74.0,149150.0,2015.54,2024-04-17
La Veuve,51617,51520,Maison,102.0,56666.66,555.56,2024-03-20
La Veuve,51617,51520,Maison,126.0,56666.66,449.74,2024-03-20
Reims,51454,51100,Appartement,70.0,105000.0,1500.0,2024-04-05
Loivre,51329,51220,Maison,116.0,260500.0,2245.69,2024-04-19
Épernay,51230,51200,Maison,152.0,305000.0,2006.58,2024-04-08
Ludes,51333,51500,Maison,71.0,145800.0,2053.52,2024-03-28
Cormontreuil,51172,51350,Maison,97.0,210000.0,2164.95,2024-04-22
Reims,51454,51100,Maison,99.0,381000.0,3848.48,2024-04-16
Montigny-sur-Vesle,51379,51140,Maison,87.0,115000.0,1321.84,2024-03-29
Reims,51454,51100,Appartement,83.0,241320.0,2907.47,2024-04-16
Bétheny,51055,51450,Maison,210.0,428150.0,2038.81,2024-03-29
Cuchery,51199,51480,Maison,95.0,65000.0,684.21,2024-03-29
Cuchery,51199,51480,Maison,32.0,65000.0,2031.25,2024-03-29
Cuchery,51199,51480,Maison,95.0,65000.0,684.21,2024-03-29
Cuchery,51199,51480,Maison,32.0,65000.0,2031.25,2024-03-29
Reims,51454,51100,Appartement,17.0,58500.0,3441.18,2024-04-05
Fère-Champenoise,51248,51230,Maison,95.0,115000.0,1210.53,2024-03-23
Heiltz-le-Maurupt,51289,51340,Maison,109.0,120000.0,1100.92,2024-03-20
Reims,51454,51100,Appartement,61.0,101000.0,1655.74,2024-04-19
Vitry-le-François,51649,51300,Maison,86.0,80000.0,930.23,2024-04-19
Vitry-le-François,51649,51300,Appartement,72.0,72000.0,1000.0,2024-04-19
Larzicourt,51316,51290,Maison,86.0,140000.0,1627.91,2024-04-10
Reims,51454,51100,Appartement,83.0,500000.0,6024.1,2024-03-26
Châlons-en-Champagne,51108,51000,Appartement,43.0,65000.0,1511.63,2024-04-10
Reims,51454,51100,Appartement,86.0,299350.0,3480.81,2024-04-02
Ludes,51333,51500,Maison,96.0,352500.0,3671.88,2024-04-17
Châlons-en-Champagne,51108,51000,Maison,150.0,218000.0,1453.33,2024-04-17
Reims,51454,51100,Appartement,67.0,70000.0,1044.78,2024-03-30
Châlons-en-Champagne,51108,51000,Maison,138.0,180000.0,1304.35,2024-04-16
Lavannes,51318,51110,Maison,115.0,185000.0,1608.7,2024-04-23
Lavannes,51318,51110,Maison,115.0,185000.0,1608.7,2024-04-23
Saint-Martin-sur-le-Pré,51504,51520,Maison,93.0,137500.0,1478.49,2024-04-11
Recy,51453,51520,Maison,102.0,275000.0,2696.08,2024-04-12
La Chaussée-sur-Marne,51141,51240,Maison,178.0,136700.0,767.98,2024-04-19
Taissy,51562,51500,Maison,89.0,333500.0,3747.19,2024-04-18
Reims,51454,51100,Appartement,83.0,190000.0,2289.16,2024-04-17
Éclaires,51222,51800,Maison,98.0,39500.0,403.06,2024-04-19
Éclaires,51222,51800,Maison,98.0,39500.0,403.06,2024-04-19
Frignicourt,51262,51300,Maison,55.0,57900.0,1052.73,2024-04-18
Sermaize-les-Bains,51531,51250,Appartement,54.0,98000.0,1814.81,2024-04-19
Sermaize-les-Bains,51531,51250,Appartement,82.0,98000.0,1195.12,2024-04-19
Sermaize-les-Bains,51531,51250,Appartement,40.0,98000.0,2450.0,2024-04-19
Sermaize-les-Bains,51531,51250,Appartement,40.0,98000.0,2450.0,2024-04-19
Sermaize-les-Bains,51531,51250,Appartement,54.0,98000.0,1814.81,2024-04-19
Sermaize-les-Bains,51531,51250,Appartement,56.0,98000.0,1750.0,2024-04-19
Corribert,51174,51270,Maison,62.0,110000.0,1774.19,2024-04-23
Saint-Remy-en-Bouzemont-Saint-Genest-et-Isson,51513,51290,Appartement,125.0,41000.0,328.0,2024-04-04
Vitry-le-François,51649,51300,Maison,109.0,123550.0,1133.49,2024-04-19
Reuil,51457,51700,Maison,18.0,25000.0,1388.89,2024-04-11
Reuil,51457,51700,Maison,30.0,25000.0,833.33,2024-04-11
Reims,51454,51100,Appartement,69.0,130000.0,1884.06,2024-04-16
Reims,51454,51100,Appartement,115.0,287000.0,2495.65,2024-03-28
Reims,51454,51100,Maison,99.0,310000.0,3131.31,2024-04-08
Villers-Franqueux,51633,51220,Maison,110.0,467100.0,4246.36,2024-04-11
Reims,51454,51100,Maison,94.0,190000.0,2021.28,2024-04-15
Bourgogne-Fresne,51075,51110,Maison,69.0,215000.0,3115.94,2024-04-16
Merfy,51362,51220,Maison,92.0,210000.0,2282.61,2024-04-17
Reims,51454,51100,Appartement,63.0,129000.0,2047.62,2024-04-19
Reims,51454,51100,Appartement,100.0,620000.0,6200.0,2024-03-25
Pierry,51431,51530,Maison,92.0,213800.0,2323.91,2024-04-17
Reims,51454,51100,Appartement,79.0,79000.0,1000.0,2024-04-18
Reims,51454,51100,Appartement,60.0,85200.0,1420.0,2024-04-12
Reims,51454,51100,Appartement,26.0,86000.0,3307.69,2024-03-25
Vauclerc,51598,51300,Maison,65.0,76000.0,1169.23,2024-04-23
Reims,51454,51100,Appartement,76.0,345000.0,4539.47,2024-04-15
Reims,51454,51100,Appartement,71.0,225000.0,3169.01,2024-04-25
Épernay,51230,51200,Maison,117.0,275000.0,2350.43,2024-04-05
Reims,51454,51100,Maison,101.0,150000.0,1485.15,2024-04-15
Vandières,51592,51700,Maison,70.0,50000.0,714.29,2024-04-19
Épernay,51230,51200,Appartement,54.0,165000.0,3055.56,2024-04-02
Montmirail,51380,51210,Maison,40.0,57000.0,1425.0,2024-04-23
Reims,51454,51100,Appartement,32.0,85000.0,2656.25,2024-04-19
Chavot-Courcourt,51142,51530,Maison,250.0,290000.0,1160.0,2024-04-19
Chavot-Courcourt,51142,51530,Maison,250.0,290000.0,1160.0,2024-04-19
Reims,51454,51100,Appartement,30.0,96500.0,3216.67,2024-04-08
Damery,51204,51480,Maison,60.0,107000.0,1783.33,2024-04-05
Épernay,51230,51200,Maison,80.0,100000.0,1250.0,2024-04-04
Mareuil-le-Port,51346,51700,Maison,55.0,120000.0,2181.82,2024-04-16
Magenta,51663,51530,Appartement,53.0,107000.0,2018.87,2024-04-05
Tinqueux,51573,51430,Appartement,68.0,301000.0,4426.47,2024-04-16
Chaintrix-Bierges,51107,51130,Maison,75.0,192000.0,2560.0,2024-04-15
Cuchery,51199,51480,Maison,80.0,124850.0,1560.62,2024-04-16
Reims,51454,51100,Appartement,46.0,217000.0,4717.39,2024-04-23
Les Petites-Loges,51428,51400,Maison,66.0,120000.0,1818.18,2024-04-23
Gaye,51265,51120,Maison,104.0,165000.0,1586.54,2024-04-19
Sézanne,51535,51120,Maison,57.0,105500.0,1850.88,2024-04-12
Lachy,51313,51120,Maison,148.0,220400.0,1489.19,2024-04-20
Sézanne,51535,51120,Appartement,39.0,47000.0,1205.13,2024-04-23
Reims,51454,51100,Appartement,55.0,206900.0,3761.82,2024-04-15
Châlons-en-Champagne,51108,51000,Appartement,48.0,69000.0,1437.5,2024-04-12
Reims,51454,51100,Appartement,25.0,57500.0,2300.0,2024-03-25
Châlons-en-Champagne,51108,51000,Maison,72.0,123300.0,1712.5,2024-03-28
Reims,51454,51100,Appartement,73.0,172700.0,2365.75,2024-04-16
Vauciennes,51597,51480,Maison,155.0,296500.0,1912.9,2024-04-09
Troissy,51585,51700,Maison,80.0,133000.0,1662.5,2024-03-30
Troissy,51585,51700,Maison,70.0,133000.0,1900.0,2024-03-30
Saint-Brice-Courcelles,51474,51370,Appartement,95.0,345050.0,3632.11,2024-04-04
Reims,51454,51100,Appartement,68.0,175000.0,2573.53,2024-04-10
Reims,51454,51100,Appartement,127.0,316300.0,2490.55,2024-04-24
Sermiers,51532,51500,Maison,54.0,110000.0,2037.04,2024-04-10
Pontfaverger-Moronvilliers,51440,51490,Maison,96.0,125000.0,1302.08,2024-04-24
Reims,51454,51100,Maison,132.0,751200.0,5690.91,2024-04-23
Bouzy,51079,51150,Maison,75.0,46500.0,620.0,2024-04-24
Épernay,51230,51200,Appartement,51.0,82000.0,1607.84,2024-04-10
Sarry,51525,51520,Maison,101.0,217000.0,2148.51,2024-04-17
Reims,51454,51100,Appartement,90.0,125000.0,1388.89,2024-03-20
Épernay,51230,51200,Appartement,96.0,107400.0,1118.75,2024-04-18
Épernay,51230,51200,Appartement,51.0,72000.0,1411.76,2024-04-18
Épernay,51230,51200,Appartement,48.0,69000.0,1437.5,2024-04-18
Reims,51454,51100,Maison,119.0,170000.0,1428.57,2024-04-24
Reims,51454,51100,Appartement,29.0,100000.0,3448.28,2024-04-15
Reims,51454,51100,Appartement,38.0,100000.0,2631.58,2024-04-15
Bouzy,51079,51150,Maison,85.0,210000.0,2470.59,2024-04-12
Épernay,51230,51200,Maison,88.0,155000.0,1761.36,2024-04-12
Reims,51454,51100,Appartement,52.0,15000.0,288.46,2024-04-18
Épernay,51230,51200,Maison,110.0,126950.0,1154.09,2024-04-19
Tilloy-et-Bellay,51572,51460,Maison,94.0,159000.0,1691.49,2024-03-27
Prunay,51449,51360,Maison,96.0,220000.0,2291.67,2024-04-15
Reims,51454,51100,Appartement,37.0,97300.0,2629.73,2024-04-29
Reims,51454,51100,Appartement,33.0,57500.0,1742.42,2024-04-17
Œuilly,51410,51480,Maison,82.0,200000.0,2439.02,2024-04-19
Reims,51454,51100,Appartement,30.0,58000.0,1933.33,2024-04-19
Saint-Memmie,51506,51470,Maison,182.0,140000.0,769.23,2024-04-02
Châlons-en-Champagne,51108,51000,Appartement,107.0,120000.0,1121.5,2024-04-25
Reims,51454,51100,Maison,120.0,433400.0,3611.67,2024-04-29
Châlons-en-Champagne,51108,51000,Maison,59.0,70500.0,1194.92,2024-04-18
Épernay,51230,51200,Appartement,24.0,380000.0,15833.33,2024-04-12
Épernay,51230,51200,Appartement,138.0,380000.0,2753.62,2024-04-12
Épernay,51230,51200,Appartement,60.0,380000.0,6333.33,2024-04-12
Épernay,51230,51200,Appartement,68.0,97000.0,1426.47,2024-04-30
Châlons-en-Champagne,51108,51000,Appartement,61.0,107500.0,1762.3,2024-04-19
Aulnay-sur-Marne,51023,51150,Maison,107.0,90000.0,841.12,2024-04-18
Reims,51454,51100,Appartement,48.0,113000.0,2354.17,2024-04-18
Bethon,51056,51260,Maison,100.0,118800.0,1188.0,2024-04-17
Châlons-en-Champagne,51108,51000,Appartement,47.0,76000.0,1617.02,2024-04-08
Saint-Memmie,51506,51470,Appartement,80.0,60000.0,750.0,2024-04-12
Broussy-le-Grand,51090,51230,Maison,114.0,80000.0,701.75,2024-04-05
Bergères-lès-Vertus,51049,51130,Maison,101.0,200000.0,1980.2,2024-04-19
Bergères-lès-Vertus,51049,51130,Maison,101.0,200000.0,1980.2,2024-04-19
Courtisols,51193,51460,Maison,243.0,180000.0,740.74,2024-04-12
Taissy,51562,51500,Maison,160.0,140000.0,875.0,2024-04-25
Saron-sur-Aube,51524,51260,Maison,66.0,112600.0,1706.06,2024-04-05
Saron-sur-Aube,51524,51260,Maison,66.0,112600.0,1706.06,2024-04-05
Beaumont-sur-Vesle,51044,51360,Maison,108.0,272000.0,2518.52,2024-04-19
Reims,51454,51100,Appartement,59.0,124000.0,2101.69,2024-04-22
Reims,51454,51100,Maison,55.0,220000.0,4000.0,2024-04-23
Reims,51454,51100,Appartement,25.0,72100.0,2884.0,2024-04-24
Courcemain,51182,51260,Maison,156.0,150000.0,961.54,2024-04-13
Montmirail,51380,51210,Maison,88.0,155000.0,1761.36,2024-04-12
Reims,51454,51100,Appartement,69.0,440000.0,6376.81,2024-04-23
Reims,51454,51100,Appartement,69.0,440000.0,6376.81,2024-04-23
Reims,51454,51100,Appartement,31.0,440000.0,14193.55,2024-04-23
Reims,51454,51100,Appartement,54.0,146900.0,2720.37,2024-04-26
Reims,51454,51100,Appartement,48.0,93500.0,1947.92,2024-04-03
Hermonville,51291,51220,Maison,100.0,101000.0,1010.0,2024-04-02
Châlons-en-Champagne,51108,51000,Appartement,68.0,92000.0,1352.94,2024-04-05
Reims,51454,51100,Appartement,25.0,571500.0,22860.0,2024-04-25
Reims,51454,51100,Appartement,26.0,571500.0,21980.77,2024-04-25
Reims,51454,51100,Appartement,26.0,571500.0,21980.77,2024-04-25
Reims,51454,51100,Appartement,24.0,571500.0,23812.5,2024-04-25
Reims,51454,51100,Appartement,26.0,571500.0,21980.77,2024-04-25
Reims,51454,51100,Appartement,25.0,571500.0,22860.0,2024-04-25
Reims,51454,51100,Appartement,26.0,571500.0,21980.77,2024-04-25
Reims,51454,51100,Appartement,25.0,571500.0,22860.0,2024-04-25
Reims,51454,51100,Appartement,20.0,571500.0,28575.0,2024-04-25
Épernay,51230,51200,Maison,90.0,191050.0,2122.78,2024-04-10
Reims,51454,51100,Appartement,95.0,164750.0,1734.21,2024-04-25
Reims,51454,51100,Appartement,44.0,130000.0,2954.55,2024-04-24
Saint-Just-Sauvage,51492,51260,Maison,60.0,35000.0,583.33,2024-04-05
Châlons-en-Champagne,51108,51000,Maison,68.0,149500.0,2198.53,2024-04-09
Saint-Euphraise-et-Clairizet,51479,51390,Maison,110.0,303000.0,2754.55,2024-04-16
Favresse,51246,51300,Maison,96.0,135000.0,1406.25,2024-04-27
Reims,51454,51100,Maison,110.0,333333.34,3030.3,2024-04-17
Chouilly,51153,51530,Maison,115.0,333500.0,2900.0,2024-04-22
Grauves,51281,51190,Maison,158.0,280000.0,1772.15,2024-04-17
Grauves,51281,51190,Maison,158.0,280000.0,1772.15,2024-04-17
Reims,51454,51100,Appartement,32.0,99000.0,3093.75,2024-04-24
Reims,51454,51100,Appartement,85.0,187000.0,2200.0,2024-04-29
Bouleuse,51073,51170,Maison,80.0,171100.0,2138.75,2024-04-19
Saint-Brice-Courcelles,51474,51370,Maison,97.0,235000.0,2422.68,2024-04-30
Vitry-le-François,51649,51300,Maison,82.0,167800.0,2046.34,2024-04-25
Reims,51454,51100,Appartement,63.0,138890.0,2204.6,2024-04-29
Frignicourt,51262,51300,Maison,110.0,164000.0,1490.91,2024-04-30
Tinqueux,51573,51430,Appartement,54.0,113500.0,2101.85,2024-04-25
Tinqueux,51573,51430,Appartement,64.0,113500.0,1773.44,2024-04-25
Reims,51454,51100,Appartement,51.0,91000.0,1784.31,2024-04-16
Aÿ-Champagne,51030,51160,Appartement,80.0,100000.0,1250.0,2024-04-22
Cormicy,51171,51220,Maison,62.0,150000.0,2419.35,2024-04-13
Cormicy,51171,51220,Maison,62.0,150000.0,2419.35,2024-04-13
Vavray-le-Petit,51602,51300,Maison,130.0,200000.0,1538.46,2024-04-26
Vitry-le-François,51649,51300,Maison,94.0,117500.0,1250.0,2024-04-24
Larzicourt,51316,51290,Maison,73.0,110000.0,1506.85,2024-04-25
Bouzy,51079,51150,Maison,189.0,305199.72,1614.81,2024-04-22
Reims,51454,51100,Maison,89.0,176100.0,1978.65,2024-04-19
Reims,51454,51100,Appartement,40.0,86000.0,2150.0,2024-04-22
Avenay-Val-d'Or,51028,51160,Maison,144.0,277440.0,1926.67,2024-04-11
Reims,51454,51100,Appartement,73.0,122000.0,1671.23,2024-04-26
Vitry-le-François,51649,51300,Maison,112.0,174400.0,1557.14,2024-04-23
Fagnières,51242,51510,Appartement,87.0,74000.0,850.57,2024-04-16
Olizy,51414,51700,Maison,44.0,37500.0,852.27,2024-05-03
Reims,51454,51100,Maison,60.0,214000.0,3566.67,2024-04-15
Châlons-en-Champagne,51108,51000,Appartement,54.0,66400.0,1229.63,2024-04-12
Châlons-en-Champagne,51108,51000,Maison,92.0,167000.0,1815.22,2024-04-16
Bétheny,51055,51450,Appartement,85.0,149000.0,1752.94,2024-05-04
Frignicourt,51262,51300,Maison,88.0,135000.0,1534.09,2024-04-23
Reims,51454,51100,Appartement,207.0,807500.0,3900.97,2024-04-24
Escardes,51233,51310,Maison,120.0,100000.0,833.33,2024-04-27
Cuperly,51203,51400,Maison,90.0,180500.0,2005.56,2024-04-12
Saint-Brice-Courcelles,51474,51370,Maison,162.0,490000.0,3024.69,2024-04-11
Saint-Brice-Courcelles,51474,51370,Maison,162.0,490000.0,3024.69,2024-04-11
Épernay,51230,51200,Maison,81.0,97000.0,1197.53,2024-04-15
Épernay,51230,51200,Maison,149.0,321880.0,2160.27,2024-04-08
Reims,51454,51100,Appartement,207.0,775000.0,3743.96,2024-04-25
Sommesous,51545,51320,Maison,55.0,45000.0,818.18,2024-04-26
Pogny,51436,51240,Maison,133.0,239000.0,1796.99,2024-04-12
Vitry-le-François,51649,51300,Maison,72.0,110000.0,1527.78,2024-04-18
Vitry-le-François,51649,51300,Maison,135.0,110000.0,814.81,2024-04-18
Reims,51454,51100,Appartement,65.0,122000.0,1876.92,2024-04-18
Reims,51454,51100,Maison,78.0,293000.0,3756.41,2024-04-19
Épernay,51230,51200,Appartement,39.0,85000.0,2179.49,2024-04-26
Reims,51454,51100,Appartement,58.0,134790.0,2323.97,2024-04-25
Reims,51454,51100,Appartement,61.0,85000.0,1393.44,2024-04-23
Châlons-en-Champagne,51108,51000,Appartement,65.0,83000.0,1276.92,2024-04-24
Reims,51454,51100,Maison,81.0,180000.0,2222.22,2024-04-24
Fagnières,51242,51510,Maison,104.0,200000.0,1923.08,2024-05-02
Saint-Martin-sur-le-Pré,51504,51520,Maison,105.0,150000.0,1428.57,2024-04-25
Saint-Brice-Courcelles,51474,51370,Maison,95.0,230000.0,2421.05,2024-04-26
Pierry,51431,51530,Maison,121.0,575000.0,4752.07,2024-04-16
Reims,51454,51100,Appartement,65.0,165200.0,2541.54,2024-04-11
Saint-Masmes,51505,51490,Maison,94.0,232000.0,2468.09,2024-04-26
Châlons-en-Champagne,51108,51000,Appartement,61.0,98000.0,1606.56,2024-04-23
Warmeriville,51660,51110,Maison,158.0,285000.0,1803.8,2024-04-08
Omey,51415,51240,Maison,91.0,135000.0,1483.52,2024-05-06
Courlandon,51187,51170,Maison,170.0,395000.0,2323.53,2024-04-18
Mourmelon-le-Petit,51389,51400,Maison,80.0,145000.0,1812.5,2024-04-29
Reims,51454,51100,Appartement,42.0,257000.0,6119.05,2024-04-17
Ville-Dommange,51622,51390,Maison,65.0,320000.0,4923.08,2024-04-26
Ville-Dommange,51622,51390,Maison,25.0,320000.0,12800.0,2024-04-26
Reims,51454,51100,Appartement,21.0,60000.0,2857.14,2024-04-11
Reims,51454,51100,Appartement,51.0,93300.0,1829.41,2024-04-10
Sézanne,51535,51120,Appartement,37.0,65000.0,1756.76,2024-04-30
Aulnay-l'Aître,51022,51240,Maison,87.0,35000.0,402.3,2024-04-30
Saudoy,51526,51120,Maison,47.0,150500.0,3202.13,2024-04-27
Fère-Champenoise,51248,51230,Maison,103.0,150250.0,1458.74,2024-04-27
Fère-Champenoise,51248,51230,Maison,103.0,150250.0,1458.74,2024-04-27
Fère-Champenoise,51248,51230,Maison,103.0,150250.0,1458.74,2024-04-27
Saint-Thierry,51518,51220,Maison,125.0,292500.0,2340.0,2024-04-26
Courthiézy,51192,51700,Maison,65.0,69475.0,1068.85,2024-04-26
Reims,51454,51100,Maison,107.0,225000.0,2102.8,2024-04-29
Dommartin-Varimont,51214,51330,Maison,110.0,130000.0,1181.82,2024-04-19
Muizon,51391,51140,Maison,92.0,256500.0,2788.04,2024-04-19
Sainte-Menehould,51507,51800,Maison,125.0,70000.0,560.0,2024-04-29
Reims,51454,51100,Appartement,68.0,193000.0,2838.24,2024-04-30
Mourmelon-le-Grand,51388,51400,Maison,97.0,159000.0,1639.18,2024-04-23
Reims,51454,51100,Maison,90.0,235000.0,2611.11,2024-05-06
Reims,51454,51100,Maison,81.0,225000.0,2777.78,2024-05-06
Reims,51454,51100,Appartement,60.0,255500.0,4258.33,2024-04-26
Reims,51454,51100,Appartement,30.0,84550.0,2818.33,2024-04-26
Montmirail,51380,51210,Maison,69.0,70000.0,1014.49,2024-04-26
Reims,51454,51100,Appartement,123.0,385000.0,3130.08,2024-04-15
Reims,51454,51100,Appartement,69.0,331700.0,4807.25,2024-04-26
Tinqueux,51573,51430,Appartement,69.0,208700.0,3024.64,2024-05-02
Cormontreuil,51172,51350,Maison,88.0,238000.0,2704.55,2024-04-29
Leuvrigny,51320,51700,Maison,70.0,85000.0,1214.29,2024-04-24
Reims,51454,51100,Appartement,42.0,103550.0,2465.48,2024-04-30
Reims,51454,51100,Maison,118.0,297060.0,2517.46,2024-04-24
Reims,51454,51100,Appartement,76.0,150000.0,1973.68,2024-05-03
Reims,51454,51100,Appartement,109.0,475000.0,4357.8,2024-05-02
Reims,51454,51100,Appartement,46.0,159150.0,3459.78,2024-05-03
Beaumont-sur-Vesle,51044,51360,Maison,146.0,240500.0,1647.26,2024-05-03
Esternay,51237,51310,Maison,140.0,230000.0,1642.86,2024-04-29
Reims,51454,51100,Appartement,53.0,128500.0,2424.53,2024-05-02
Reims,51454,51100,Appartement,33.0,75000.0,2272.73,2024-03-26
Chigny-les-Roses,51152,51500,Maison,136.0,183780.0,1351.32,2024-04-30
Reims,51454,51100,Appartement,136.0,948000.0,6970.59,2024-04-19
Reims,51454,51100,Appartement,45.0,190000.0,4222.22,2024-05-06
Épernay,51230,51200,Appartement,48.0,85000.0,1770.83,2024-04-26
Reims,51454,51100,Appartement,120.0,338250.0,2818.75,2024-04-30
Le Gault-Soigny,51264,51210,Maison,209.0,250000.0,1196.17,2024-04-11
Warmeriville,51660,51110,Maison,125.0,280000.0,2240.0,2024-05-07
Ludes,51333,51500,Maison,141.0,395000.0,2801.42,2024-04-26
Bétheny,51055,51450,Maison,90.0,199800.0,2220.0,2024-05-06
Muizon,51391,51140,Maison,99.0,180000.0,1818.18,2024-04-26
Reims,51454,51100,Appartement,63.0,56000.0,888.89,2024-04-30
Reims,51454,51100,Maison,96.0,233620.2,2433.54,2024-05-03
Reims,51454,51100,Appartement,66.0,153600.0,2327.27,2024-04-24
Tinqueux,51573,51430,Maison,111.0,187000.0,1684.68,2024-04-29
Bétheny,51055,51450,Maison,83.0,250000.0,3012.05,2024-04-23
Châlons-en-Champagne,51108,51000,Appartement,79.0,61000.0,772.15,2024-04-24
Gueux,51282,51390,Maison,222.0,604500.0,2722.97,2024-05-03
Suippes,51559,51600,Maison,80.0,76000.0,950.0,2024-04-23
Courtisols,51193,51460,Maison,82.0,187900.0,2291.46,2024-04-22
Savigny-sur-Ardres,51527,51170,Maison,140.0,150000.0,1071.43,2024-04-16
Saint-Martin-sur-le-Pré,51504,51520,Maison,105.0,179360.0,1708.19,2024-04-26
Saint-Étienne-au-Temple,51476,51460,Maison,127.0,8040.0,63.31,2024-04-22
Dizy,51210,51530,Maison,104.0,278650.0,2679.33,2024-05-02
Tinqueux,51573,51430,Appartement,64.0,104490.0,1632.66,2024-04-23
Châlons-en-Champagne,51108,51000,Appartement,143.0,2000000.0,13986.01,2024-04-22
Châlons-en-Champagne,51108,51000,Appartement,143.0,2000000.0,13986.01,2024-04-22
Châlons-en-Champagne,51108,51000,Maison,101.0,145000.0,1435.64,2024-04-24
Anglure,51009,51260,Maison,110.0,131600.0,1196.36,2024-04-25
Reims,51454,51100,Appartement,139.0,587000.0,4223.02,2024-04-25
Reims,51454,51100,Appartement,28.0,90000.0,3214.29,2024-04-29
Châtillon-sur-Marne,51136,51700,Maison,90.0,180500.0,2005.56,2024-04-30
Reims,51454,51100,Appartement,30.0,45400.0,1513.33,2024-04-22
Reims,51454,51100,Maison,84.0,185050.0,2202.98,2024-04-26
Witry-lès-Reims,51662,51420,Maison,72.0,155000.0,2152.78,2024-04-17
Witry-lès-Reims,51662,51420,Maison,85.0,180000.0,2117.65,2024-04-29
Bignicourt-sur-Saulx,51060,51340,Maison,99.0,140000.0,1414.14,2024-05-14
Reims,51454,51100,Appartement,75.0,133000.0,1773.33,2024-04-30
Reims,51454,51100,Appartement,110.0,356500.0,3240.91,2024-04-19
Reims,51454,51100,Appartement,60.0,204000.0,3400.0,2024-05-07
Courtagnon,51190,51480,Maison,102.0,221000.0,2166.67,2024-04-16
Courtagnon,51190,51480,Maison,102.0,221000.0,2166.67,2024-04-16
Châlons-en-Champagne,51108,51000,Appartement,97.0,105000.0,1082.47,2024-05-02
Châlons-en-Champagne,51108,51000,Appartement,93.0,165000.0,1774.19,2024-04-29
Fismes,51250,51170,Maison,206.0,435000.0,2111.65,2024-04-26
Fismes,51250,51170,Maison,206.0,435000.0,2111.65,2024-04-26
Orbais-l'Abbaye,51416,51270,Maison,56.0,48000.0,857.14,2024-05-06
Reims,51454,51100,Maison,76.0,150000.0,1973.68,2024-04-24
Fismes,51250,51170,Maison,56.0,145850.0,2604.46,2024-04-25
Reims,51454,51100,Appartement,53.0,244725.0,4617.45,2024-04-29
Reims,51454,51100,Appartement,38.0,79000.0,2078.95,2024-05-11
Fleury-la-Rivière,51252,51480,Maison,100.0,100000.0,1000.0,2024-04-29
Reims,51454,51100,Appartement,84.0,89000.0,1059.52,2024-04-26
Baye,51042,51270,Maison,125.0,30000.0,240.0,2024-04-27
Sézanne,51535,51120,Maison,74.0,95900.0,1295.95,2024-04-17
Châtillon-sur-Marne,51136,51700,Maison,40.0,62000.0,1550.0,2024-04-05
Châtillon-sur-Marne,51136,51700,Maison,104.0,62000.0,596.15,2024-04-05
Fismes,51250,51170,Maison,93.0,96000.0,1032.26,2024-04-18
Épernay,51230,51200,Maison,161.0,340000.0,2111.8,2024-04-29
Fagnières,51242,51510,Maison,80.0,133000.0,1662.5,2024-05-07
Reims,51454,51100,Appartement,36.0,78000.0,2166.67,2024-05-06
Esternay,51237,51310,Maison,130.0,206000.0,1584.62,2024-04-19
Esternay,51237,51310,Maison,130.0,206000.0,1584.62,2024-04-19
Hermonville,51291,51220,Maison,96.0,180000.0,1875.0,2024-04-30
Reims,51454,51100,Appartement,63.0,128000.0,2031.75,2024-04-22
Reims,51454,51100,Appartement,60.0,132000.0,2200.0,2024-05-06
Hermonville,51291,51220,Maison,110.0,267000.0,2427.27,2024-04-25
Hermonville,51291,51220,Maison,110.0,267000.0,2427.27,2024-04-25
Reims,51454,51100,Appartement,45.0,110000.0,2444.44,2024-04-22
Reims,51454,51100,Appartement,27.0,77800.0,2881.48,2024-05-06
Épernay,51230,51200,Appartement,42.0,92500.0,2202.38,2024-05-02
Reims,51454,51100,Appartement,49.0,126500.0,2581.63,2024-04-18
Reims,51454,51100,Appartement,33.0,62500.0,1893.94,2024-04-30
Reims,51454,51100,Appartement,78.0,228990.0,2935.77,2024-04-19
Cheppes-la-Prairie,51148,51240,Maison,84.0,175000.0,2083.33,2024-04-29
Saint-Memmie,51506,51470,Maison,66.0,113000.0,1712.12,2024-04-29
Reims,51454,51100,Appartement,65.0,105500.0,1623.08,2024-04-24
Saint-Memmie,51506,51470,Maison,90.0,140000.0,1555.56,2024-04-30
Châlons-en-Champagne,51108,51000,Maison,101.0,151600.0,1500.99,2024-05-07
Reims,51454,51100,Appartement,106.0,447500.0,4221.7,2024-04-26
Les Essarts-le-Vicomte,51236,51310,Maison,135.0,191500.0,1418.52,2024-04-18
Cormontreuil,51172,51350,Maison,96.0,254000.0,2645.83,2024-04-29
Reims,51454,51100,Appartement,77.0,129000.0,1675.32,2024-05-07
Épernay,51230,51200,Appartement,47.0,85000.0,1808.51,2024-05-02
Reims,51454,51100,Appartement,61.0,234900.0,3850.82,2024-05-07
La Neuville-au-Pont,51399,51800,Maison,50.0,5550.0,111.0,2024-04-30
Marolles,51352,51300,Maison,100.0,100000.0,1000.0,2024-05-03
Verzenay,51613,51360,Maison,91.0,180000.0,1978.02,2024-05-13
Reims,51454,51100,Appartement,66.0,180000.0,2727.27,2024-05-06
Bazancourt,51043,51110,Maison,172.0,520000.0,3023.26,2024-05-06
Épernay,51230,51200,Maison,190.0,46000.0,242.11,2024-04-18
Witry-lès-Reims,51662,51420,Maison,82.0,260200.0,3173.17,2024-04-19
Reims,51454,51100,Appartement,43.0,102900.0,2393.02,2024-05-03
Aÿ-Champagne,51030,51160,Appartement,90.0,150000.0,1666.67,2024-04-24
Châlons-en-Champagne,51108,51000,Maison,102.0,126000.0,1235.29,2024-05-02
Reims,51454,51100,Maison,180.0,455000.0,2527.78,2024-04-30
Reims,51454,51100,Appartement,21.0,65000.0,3095.24,2024-05-06
Châlons-en-Champagne,51108,51000,Maison,128.0,365000.0,2851.56,2024-05-02
Courcy,51183,51220,Maison,140.0,354000.0,2528.57,2024-04-29
Reims,51454,51100,Appartement,71.0,139500.0,1964.79,2024-05-07
Sacy,51471,51500,Maison,53.0,124000.0,2339.62,2024-05-06
Condé-sur-Marne,51161,51150,Maison,67.0,170300.0,2541.79,2024-05-06
Reims,51454,51100,Maison,120.0,230000.0,1916.67,2024-04-26
Pierry,51431,51530,Maison,85.0,303000.0,3564.71,2024-04-29
Reims,51454,51100,Appartement,46.0,172000.0,3739.13,2024-04-25
Reims,51454,51100,Appartement,39.0,84500.0,2166.67,2024-04-29
Reims,51454,51100,Maison,79.0,163500.0,2069.62,2024-05-06
Reims,51454,51100,Appartement,92.0,162000.0,1760.87,2024-04-23
Loisy-sur-Marne,51328,51300,Maison,113.0,209850.0,1857.08,2024-05-07
Loisy-sur-Marne,51328,51300,Maison,113.0,209850.0,1857.08,2024-05-07
Pierry,51431,51530,Maison,53.0,119950.0,2263.21,2024-05-13
Reims,51454,51100,Appartement,53.0,123500.0,2330.19,2024-05-03
Caurel,51101,51110,Maison,120.0,286550.0,2387.92,2024-04-19
Reims,51454,51100,Appartement,30.0,77000.0,2566.67,2024-04-30
Giffaumont-Champaubert,51269,51290,Maison,38.0,141800.0,3731.58,2024-05-07
Reims,51454,51100,Maison,51.0,940770.0,18446.47,2024-05-07
Reims,51454,51100,Appartement,46.0,199792.0,4343.3,2024-04-30
Reims,51454,51100,Appartement,139.0,220000.0,1582.73,2024-05-16
Reims,51454,51100,Appartement,22.0,96750.0,4397.73,2024-05-15
Reims,51454,51100,Appartement,100.0,395000.0,3950.0,2024-05-06
Reims,51454,51100,Appartement,65.0,172000.0,2646.15,2024-05-07
Dontrien,51216,51490,Maison,85.0,149000.0,1752.94,2024-05-14
Dontrien,51216,51490,Appartement,80.0,149000.0,1862.5,2024-05-14
Dontrien,51216,51490,Appartement,80.0,149000.0,1862.5,2024-05-14
Reims,51454,51100,Appartement,40.0,184000.0,4600.0,2024-05-16
Reims,51454,51100,Appartement,36.0,74000.0,2055.56,2024-05-16
Connantre,51165,51230,Maison,102.0,78000.0,764.71,2024-05-07
Tinqueux,51573,51430,Maison,110.0,283594.0,2578.13,2024-05-02
Broyes,51092,51120,Maison,80.0,88000.0,1100.0,2024-05-07
Reims,51454,51100,Appartement,27.0,102000.0,3777.78,2024-04-25
Reims,51454,51100,Appartement,50.0,220190.0,4403.8,2024-04-23
Pargny-sur-Saulx,51423,51340,Maison,70.0,130000.0,1857.14,2024-04-22
Reims,51454,51100,Appartement,31.0,99490.0,3209.35,2024-05-17
Reims,51454,51100,Appartement,44.0,152000.0,3454.55,2024-05-07
Reims,51454,51100,Appartement,16.0,69300.0,4331.25,2024-05-16
Saint-Martin-d'Ablois,51002,51530,Appartement,138.0,126500.0,916.67,2024-05-15
Reims,51454,51100,Appartement,58.0,104600.0,1803.45,2024-05-15
Fère-Champenoise,51248,51230,Maison,78.0,60000.0,769.23,2024-05-10
Reims,51454,51100,Appartement,54.0,99000.0,1833.33,2024-05-07
Reims,51454,51100,Maison,134.0,407904.0,3044.06,2024-04-26
Reims,51454,51100,Appartement,40.0,109551.0,2738.78,2024-04-29
Reims,51454,51100,Appartement,102.0,260000.0,2549.02,2024-04-30
Reims,51454,51100,Appartement,121.0,287665.0,2377.4,2024-05-06
Reims,51454,51100,Maison,78.0,182400.0,2338.46,2024-05-02
Mareuil-le-Port,51346,51700,Maison,43.0,60000.0,1395.35,2024-05-03
Reims,51454,51100,Maison,70.0,180000.0,2571.43,2024-05-07
Reims,51454,51100,Appartement,34.0,60000.0,1764.71,2024-05-13
Reims,51454,51100,Appartement,105.0,283000.0,2695.24,2024-05-13
Reims,51454,51100,Appartement,27.0,97900.0,3625.93,2024-05-15
Sillery,51536,51500,Maison,90.0,240000.0,2666.67,2024-05-15
Reims,51454,51100,Appartement,42.0,110850.0,2639.29,2024-05-13
Reims,51454,51100,Appartement,57.0,153000.0,2684.21,2024-05-02
Reims,51454,51100,Appartement,46.0,88000.0,1913.04,2024-05-15
Châlons-en-Champagne,51108,51000,Maison,70.0,135000.0,1928.57,2024-04-17
Prouilly,51448,51140,Maison,30.0,121500.0,4050.0,2024-05-02
Saint-Just-Sauvage,51492,51260,Maison,60.0,75000.0,1250.0,2024-05-07
Plivot,51434,51150,Maison,125.0,370000.0,2960.0,2024-05-16
Plivot,51434,51150,Maison,125.0,370000.0,2960.0,2024-05-16
Pontfaverger-Moronvilliers,51440,51490,Maison,74.0,180000.0,2432.43,2024-02-21
Reims,51454,51100,Appartement,72.0,138360.0,1921.67,2024-04-16
Mourmelon-le-Grand,51388,51400,Maison,107.0,184600.0,1725.23,2024-04-24
Reims,51454,51100,Maison,104.0,184720.0,1776.15,2024-05-07
Reims,51454,51100,Appartement,20.0,75000.0,3750.0,2024-05-06
Outines,51419,51290,Maison,82.0,40000.0,487.8,2024-05-15
Reims,51454,51100,Appartement,22.0,149000.0,6772.73,2024-05-15
Reims,51454,51100,Appartement,30.0,92500.0,3083.33,2024-05-16
Reims,51454,51100,Appartement,43.0,155000.0,3604.65,2024-05-14
Bezannes,51058,51430,Appartement,82.0,347000.0,4231.71,2024-05-14
Reims,51454,51100,Appartement,65.0,117000.0,1800.0,2024-04-24
Blesme,51068,51340,Maison,86.0,136000.0,1581.4,2024-05-14
Reims,51454,51100,Appartement,76.0,194900.0,2564.47,2024-05-16
Reims,51454,51100,Maison,98.0,408100.0,4164.29,2024-05-06
Compertrix,51160,51510,Maison,121.0,246000.0,2033.06,2024-05-15
Châlons-en-Champagne,51108,51000,Maison,70.0,50000.0,714.29,2024-05-14
Le Gault-Soigny,51264,51210,Maison,232.0,170000.0,732.76,2024-05-15
Courcelles-Sapicourt,51181,51140,Maison,143.0,320000.0,2237.76,2024-05-13
Dormans,51217,51700,Maison,91.0,132000.0,1450.55,2024-05-14
Reims,51454,51100,Appartement,53.0,135000.0,2547.17,2024-04-29
Reims,51454,51100,Appartement,88.0,121500.0,1380.68,2024-05-02
Reims,51454,51100,Maison,100.0,212000.0,2120.0,2024-04-26
Plivot,51434,51150,Maison,112.0,275000.0,2455.36,2024-05-17
Plivot,51434,51150,Maison,112.0,275000.0,2455.36,2024-05-17
Trigny,51582,51140,Maison,130.0,318000.0,2446.15,2024-05-13
Reims,51454,51100,Maison,116.0,271400.0,2339.66,2024-05-07
Châlons-en-Champagne,51108,51000,Maison,84.0,138000.0,1642.86,2024-05-06
Châlons-en-Champagne,51108,51000,Maison,360.0,513300.0,1425.83,2024-05-14
Châlons-en-Champagne,51108,51000,Maison,360.0,513300.0,1425.83,2024-05-14
Chaumuzy,51140,51170,Maison,124.0,75000.0,604.84,2024-05-13
Contault,51166,51330,Maison,105.0,195000.0,1857.14,2024-05-15
Villers-le-Château,51634,51510,Maison,83.0,125750.0,1515.06,2024-04-29
Villers-aux-Bois,51630,51130,Maison,172.0,288050.0,1674.71,2024-05-14
Villers-aux-Bois,51630,51130,Maison,172.0,288050.0,1674.71,2024-05-14
Ville-en-Tardenois,51624,51170,Maison,133.0,205000.0,1541.35,2024-05-06
Ville-en-Tardenois,51624,51170,Maison,133.0,205000.0,1541.35,2024-05-06
Épernay,51230,51200,Appartement,42.0,119000.0,2833.33,2024-04-23
Châlons-en-Champagne,51108,51000,Appartement,61.0,178400.0,2924.59,2024-05-15
Châlons-en-Champagne,51108,51000,Appartement,76.0,178400.0,2347.37,2024-05-15
Châlons-en-Champagne,51108,51000,Appartement,61.0,178400.0,2924.59,2024-05-15
Châlons-en-Champagne,51108,51000,Appartement,76.0,178400.0,2347.37,2024-05-15
Reims,51454,51100,Appartement,105.0,395000.0,3761.9,2024-05-14
Reims,51454,51100,Appartement,89.0,250000.0,2808.99,2024-05-14
Reims,51454,51100,Appartement,70.0,80000.0,1142.86,2024-05-17
Reims,51454,51100,Appartement,79.0,125000.0,1582.28,2024-05-07
Bezannes,51058,51430,Appartement,39.0,145000.0,3717.95,2024-05-16
Reims,51454,51100,Appartement,118.0,115899.0,982.19,2024-05-17
Reims,51454,51100,Appartement,18.0,49000.0,2722.22,2024-05-16
Reims,51454,51100,Appartement,52.0,126100.0,2425.0,2024-05-16
Reims,51454,51100,Appartement,75.0,130000.0,1733.33,2024-05-16
Courgivaux,51185,51310,Maison,99.0,140000.0,1414.14,2024-04-26
Sapignicourt,51522,52100,Maison,121.0,140000.0,1157.02,2024-05-15
Cernay-lès-Reims,51105,51420,Maison,68.0,269500.0,3963.24,2024-04-26
Saint-Lumier-en-Champagne,51496,51300,Maison,70.0,159000.0,2271.43,2024-05-16
Saint-Lumier-en-Champagne,51496,51300,Maison,70.0,159000.0,2271.43,2024-05-16
Connantre,51165,51230,Maison,177.0,182000.0,1028.25,2024-05-13
Livry-Louvercy,51326,51400,Maison,165.0,219000.0,1327.27,2024-05-13
Reims,51454,51100,Appartement,81.0,104000.0,1283.95,2024-05-17
Avenay-Val-d'Or,51028,51160,Maison,87.0,102500.0,1178.16,2024-04-30
Avenay-Val-d'Or,51028,51160,Maison,87.0,102500.0,1178.16,2024-04-30
Sarry,51525,51520,Maison,171.0,194000.0,1134.5,2024-05-21
Saint-Just-Sauvage,51492,51260,Maison,83.0,75500.0,909.64,2024-05-16
Reims,51454,51100,Appartement,35.0,96000.0,2742.86,2024-05-06
Reims,51454,51100,Appartement,13.0,96000.0,7384.62,2024-05-06
Reims,51454,51100,Appartement,34.0,165900.0,4879.41,2024-04-30
Pierry,51431,51530,Maison,107.0,162000.0,1514.02,2024-05-21
Magenta,51663,51530,Appartement,69.0,141800.0,2055.07,2024-05-07
Connantre,51165,51230,Maison,98.0,158500.0,1617.35,2024-05-22
Connantre,51165,51230,Maison,98.0,158500.0,1617.35,2024-05-22
Épernay,51230,51200,Appartement,50.0,115000.0,2300.0,2024-05-13
Damery,51204,51480,Maison,74.0,116000.0,1567.57,2024-05-16
Fère-Champenoise,51248,51230,Maison,133.0,148500.0,1116.54,2024-05-17
Pargny-sur-Saulx,51423,51340,Maison,91.0,85000.0,934.07,2024-05-23
Moussy,51390,51530,Maison,93.0,260000.0,2795.7,2024-05-13
Moussy,51390,51530,Maison,93.0,260000.0,2795.7,2024-05-13
Boult-sur-Suippe,51074,51110,Maison,145.0,329100.0,2269.66,2024-04-29
Épernay,51230,51200,Maison,152.0,320000.0,2105.26,2024-05-06
Épernay,51230,51200,Maison,43.0,138000.0,3209.3,2024-05-15
Reims,51454,51100,Appartement,149.0,400000.0,2684.56,2024-05-06
Fère-Champenoise,51248,51230,Maison,142.0,188000.0,1323.94,2024-05-17
Fère-Champenoise,51248,51230,Maison,142.0,188000.0,1323.94,2024-05-17
Queudes,51451,51120,Maison,80.0,80000.0,1000.0,2024-05-15
Cormontreuil,51172,51350,Maison,91.0,200000.0,2197.8,2024-05-03
Billy-le-Grand,51061,51400,Maison,105.0,215000.0,2047.62,2024-05-13
Billy-le-Grand,51061,51400,Maison,155.0,215000.0,1387.1,2024-05-13
Vauclerc,51598,51300,Maison,53.0,62070.0,1171.13,2024-05-15
Reims,51454,51100,Appartement,35.0,85000.0,2428.57,2024-05-07
Reims,51454,51100,Appartement,24.0,60250.0,2510.42,2024-05-22
Sermaize-les-Bains,51531,51250,Maison,128.0,126200.0,985.94,2024-05-23
Sainte-Menehould,51507,51800,Appartement,72.0,58000.0,805.56,2024-05-03
Reims,51454,51100,Appartement,13.0,48000.0,3692.31,2024-05-13
Reims,51454,51100,Appartement,60.0,138500.0,2308.33,2024-05-16
Reims,51454,51100,Appartement,30.0,129000.0,4300.0,2024-05-07
Damery,51204,51480,Maison,72.0,125000.0,1736.11,2024-05-14
Troissy,51585,51700,Maison,101.0,194300.0,1923.76,2024-05-13
Montmort-Lucy,51381,51270,Appartement,102.0,117000.0,1147.06,2024-05-17
Montmort-Lucy,51381,51270,Appartement,93.0,117000.0,1258.06,2024-05-17
Reims,51454,51100,Maison,150.0,480000.0,3200.0,2024-05-16
Reims,51454,51100,Appartement,29.0,89900.0,3100.0,2024-05-07
Reims,51454,51100,Appartement,114.0,203000.0,1780.7,2024-05-21
Saint-Martin-sur-le-Pré,51504,51520,Maison,64.0,212500.0,3320.31,2024-04-29
Reims,51454,51100,Appartement,21.0,131900.0,6280.95,2024-05-03
Reims,51454,51100,Appartement,45.0,71000.0,1577.78,2024-05-03
Reims,51454,51100,Appartement,25.0,235000.0,9400.0,2024-05-07
Reims,51454,51100,Appartement,24.0,235000.0,9791.67,2024-05-07
Reims,51454,51100,Appartement,18.0,235000.0,13055.56,2024-05-07
Reims,51454,51100,Appartement,35.0,235000.0,6714.29,2024-05-07
Reims,51454,51100,Appartement,36.0,355000.0,9861.11,2024-05-07
Reims,51454,51100,Appartement,13.0,355000.0,27307.69,2024-05-07
Reims,51454,51100,Appartement,36.0,355000.0,9861.11,2024-05-07
Reims,51454,51100,Appartement,38.0,355000.0,9342.11,2024-05-07
Reims,51454,51100,Appartement,38.0,355000.0,9342.11,2024-05-07
Leuvrigny,51320,51700,Maison,100.0,100000.0,1000.0,2024-05-22
Reims,51454,51100,Appartement,73.0,110000.0,1506.85,2024-05-22
Reims,51454,51100,Appartement,38.0,149900.0,3944.74,2024-05-03
Oyes,51421,51120,Maison,104.0,105760.0,1016.92,2024-05-02
Bétheny,51055,51450,Maison,96.0,237000.0,2468.75,2024-05-13
Reims,51454,51100,Appartement,47.0,130000.0,2765.96,2024-05-16
Vandeuil,51591,51140,Maison,83.0,195000.0,2349.4,2024-05-13
Le Thoult-Trosnay,51570,51210,Maison,128.0,160000.0,1250.0,2024-05-22
Reims,51454,51100,Appartement,32.0,108500.0,3390.62,2024-04-22
Sézanne,51535,51120,Maison,94.0,100000.0,1063.83,2024-05-06
Bannes,51035,51230,Maison,135.0,170000.0,1259.26,2024-05-21
Bannes,51035,51230,Maison,135.0,170000.0,1259.26,2024-05-21
Fismes,51250,51170,Maison,183.0,250000.0,1366.12,2024-05-17
Bétheny,51055,51450,Maison,88.0,237000.0,2693.18,2024-05-13
Beine-Nauroy,51046,51490,Maison,94.0,255000.0,2712.77,2024-04-29
Vouarces,51652,51260,Maison,56.0,71000.0,1267.86,2024-05-13
Dormans,51217,51700,Maison,47.0,88000.0,1872.34,2024-05-16
Arrigny,51016,51290,Maison,75.0,148000.0,1973.33,2024-04-26
Reims,51454,51100,Maison,77.0,313800.0,4075.32,2024-05-16
Reims,51454,51100,Appartement,61.0,198000.0,3245.9,2024-04-29
Reims,51454,51100,Appartement,32.0,90000.0,2812.5,2024-05-03
Reims,51454,51100,Maison,158.0,525000.0,3322.78,2024-05-23
Reims,51454,51100,Appartement,52.0,105000.0,2019.23,2024-05-07
Reims,51454,51100,Appartement,47.0,84000.0,1787.23,2024-05-27
Courville,51194,51170,Maison,100.0,147100.0,1471.0,2024-05-06
Courville,51194,51170,Maison,100.0,147100.0,1471.0,2024-05-06
Reims,51454,51100,Appartement,77.0,218000.0,2831.17,2024-05-03
Reims,51454,51100,Maison,66.0,218000.0,3303.03,2024-05-17
Tilloy-et-Bellay,51572,51460,Maison,118.0,212810.0,1803.47,2024-04-29
Reims,51454,51100,Appartement,41.0,229000.0,5585.37,2024-05-24
Reims,51454,51100,Appartement,195.0,514400.0,2637.95,2024-05-23
Sainte-Menehould,51507,51800,Appartement,21.0,115000.0,5476.19,2024-05-07
Sainte-Menehould,51507,51800,Appartement,55.0,115000.0,2090.91,2024-05-07
Sainte-Menehould,51507,51800,Appartement,75.0,115000.0,1533.33,2024-05-07
Sainte-Menehould,51507,51800,Appartement,75.0,115000.0,1533.33,2024-05-07
Bezannes,51058,51430,Appartement,66.0,265000.0,4015.15,2024-05-22
Reims,51454,51100,Appartement,44.0,131900.0,2997.73,2024-05-03
Bouzy,51079,51150,Maison,121.0,230750.0,1907.02,2024-05-16
Witry-lès-Reims,51662,51420,Maison,140.0,288580.0,2061.29,2024-05-03
Witry-lès-Reims,51662,51420,Maison,60.0,288580.0,4809.67,2024-05-03
Saint-Vrain,51521,51340,Maison,171.0,172100.0,1006.43,2024-05-06
Possesse,51442,51330,Maison,80.0,120000.0,1500.0,2024-05-17
Possesse,51442,51330,Maison,40.0,120000.0,3000.0,2024-05-17
Reims,51454,51100,Appartement,98.0,162000.0,1653.06,2024-05-23
Reims,51454,51100,Maison,80.0,355800.0,4447.5,2024-05-16
Tinqueux,51573,51430,Maison,165.0,430000.0,2606.06,2024-05-15
Reims,51454,51100,Appartement,71.0,161500.0,2274.65,2024-05-13
Bassuet,51040,51300,Maison,153.0,143500.0,937.91,2024-05-03
Reims,51454,51100,Maison,89.0,218000.0,2449.44,2024-05-06
Soulanges,51557,51300,Maison,110.0,90000.0,818.18,2024-05-07
Loisy-sur-Marne,51328,51300,Maison,109.0,200000.0,1834.86,2024-05-23
Reims,51454,51100,Appartement,140.0,532160.0,3801.14,2024-05-24
Reims,51454,51100,Appartement,90.0,262500.0,2916.67,2024-05-14
Châlons-en-Champagne,51108,51000,Appartement,67.0,55000.0,820.9,2024-05-02
Reims,51454,51100,Appartement,14.0,75000.0,5357.14,2024-05-24
Reims,51454,51100,Appartement,44.0,260000.0,5909.09,2024-05-22
Bétheny,51055,51450,Maison,107.0,283000.0,2644.86,2024-05-28
Sézanne,51535,51120,Maison,50.0,55000.0,1100.0,2024-05-16
Blesme,51068,51340,Maison,80.0,45000.0,562.5,2024-05-23
Reims,51454,51100,Appartement,40.0,104000.0,2600.0,2024-05-23
Reims,51454,51100,Appartement,70.0,189300.0,2704.29,2024-05-14
Reims,51454,51100,Appartement,140.0,200000.0,1428.57,2024-05-24
Ludes,51333,51500,Maison,145.0,230000.0,1586.21,2024-05-07
Reims,51454,51100,Appartement,48.0,119900.0,2497.92,2024-05-23
Châlons-en-Champagne,51108,51000,Appartement,145.0,207000.0,1427.59,2024-05-23
Bethon,51056,51260,Maison,40.0,52000.0,1300.0,2024-05-22
Reims,51454,51100,Maison,60.0,170000.0,2833.33,2024-05-13
Vitry-le-François,51649,51300,Appartement,84.0,35000.0,416.67,2024-05-23
Vitry-le-François,51649,51300,Appartement,75.0,78000.0,1040.0,2024-05-17
Reims,51454,51100,Appartement,30.0,66000.0,2200.0,2024-05-22
Sézanne,51535,51120,Appartement,68.0,80896.0,1189.65,2024-05-14
Reims,51454,51100,Appartement,72.0,112000.0,1555.56,2024-05-13
Neuvy,51402,51310,Maison,98.0,113000.0,1153.06,2024-05-22
Courgivaux,51185,51310,Maison,133.0,212000.0,1593.98,2024-05-21
Le Meix-Saint-Epoing,51360,51120,Maison,100.0,163000.0,1630.0,2024-05-11
Le Meix-Saint-Epoing,51360,51120,Maison,100.0,163000.0,1630.0,2024-05-11
Reims,51454,51100,Maison,62.0,118000.0,1903.23,2024-05-22
Esternay,51237,51310,Maison,200.0,160000.0,800.0,2024-05-16
Sommesous,51545,51320,Maison,100.0,107250.0,1072.5,2024-05-24
Sommesous,51545,51320,Maison,100.0,107250.0,1072.5,2024-05-24
Villeneuve-la-Lionne,51625,51310,Maison,84.0,110000.0,1309.52,2024-05-25
Châlons-en-Champagne,51108,51000,Appartement,77.0,62000.0,805.19,2024-05-21
Reims,51454,51100,Maison,90.0,40000.0,444.44,2024-05-03
Cramant,51196,51530,Maison,244.0,375000.0,1536.89,2024-05-21
Moussy,51390,51530,Maison,70.0,60000.0,857.14,2024-05-24
Le Fresne,51260,51240,Maison,164.0,194220.0,1184.27,2024-05-03
Troissy,51585,51700,Maison,77.0,184300.0,2393.51,2024-05-23
Châlons-en-Champagne,51108,51000,Maison,106.0,106000.0,1000.0,2024-05-28
Reims,51454,51100,Appartement,65.0,150000.0,2307.69,2024-05-28
Pargny-sur-Saulx,51423,51340,Maison,90.0,88800.0,986.67,2024-05-30
Bussy-Lettrée,51099,51320,Maison,59.0,52000.0,881.36,2024-05-28
Fagnières,51242,51510,Maison,61.0,136800.0,2242.62,2024-05-06
Châlons-en-Champagne,51108,51000,Maison,76.0,75000.0,986.84,2024-05-03
Reims,51454,51100,Appartement,67.0,139900.0,2088.06,2024-05-21
Hautvillers,51287,51160,Appartement,35.0,140000.0,4000.0,2024-05-22
Reims,51454,51100,Appartement,90.0,148000.0,1644.44,2024-05-17
Reims,51454,51100,Appartement,17.0,32500.0,1911.76,2024-05-16
Reims,51454,51100,Appartement,72.0,243000.0,3375.0,2024-05-24
Aÿ-Champagne,51030,51160,Appartement,53.0,80000.0,1509.43,2024-05-31
Reims,51454,51100,Appartement,20.0,72500.0,3625.0,2024-05-27
Mourmelon-le-Petit,51389,51400,Maison,65.0,145000.0,2230.77,2024-05-24
Bassuet,51040,51300,Maison,76.0,95000.0,1250.0,2024-05-24
Tours-sur-Marne,51576,51150,Maison,152.0,142200.0,935.53,2024-05-27
Cuchery,51199,51480,Maison,94.0,236000.0,2510.64,2024-05-02
Cuchery,51199,51480,Maison,83.0,236000.0,2843.37,2024-05-02
Cuchery,51199,51480,Maison,120.0,236000.0,1966.67,2024-05-02
Courgivaux,51185,51310,Maison,132.0,137000.0,1037.88,2024-05-04
Châlons-en-Champagne,51108,51000,Appartement,127.0,175000.0,1377.95,2024-05-24
Châlons-en-Champagne,51108,51000,Appartement,64.0,55000.0,859.38,2024-05-22
Châlons-en-Champagne,51108,51000,Maison,96.0,130000.0,1354.17,2024-05-21
L'Épine,51231,51460,Maison,106.0,249000.0,2349.06,2024-05-21
Reims,51454,51100,Appartement,33.0,77000.0,2333.33,2024-05-31
Beaumont-sur-Vesle,51044,51360,Maison,134.0,343000.0,2559.7,2024-05-07
Witry-lès-Reims,51662,51420,Maison,102.0,246000.0,2411.76,2024-05-06
Reims,51454,51100,Appartement,42.0,86110.0,2050.24,2024-05-22
Mourmelon-le-Grand,51388,51400,Maison,122.0,146000.0,1196.72,2024-05-21
Mourmelon-le-Grand,51388,51400,Maison,122.0,146000.0,1196.72,2024-05-21
Châlons-en-Champagne,51108,51000,Maison,76.0,159000.0,2092.11,2024-05-27
Reims,51454,51100,Appartement,37.0,112900.0,3051.35,2024-05-07
Livry-Louvercy,51326,51400,Maison,85.0,176800.0,2080.0,2024-05-22
Reims,51454,51100,Appartement,52.0,130000.0,2500.0,2024-05-06
Boult-sur-Suippe,51074,51110,Maison,110.0,251000.0,2281.82,2024-05-06
Reims,51454,51100,Maison,110.0,232000.0,2109.09,2024-05-23
Hermonville,51291,51220,Maison,130.0,350000.0,2692.31,2024-05-21
Mardeuil,51344,51530,Maison,113.0,112250.0,993.36,2024-05-23
Unchair,51586,51170,Maison,114.0,252000.0,2210.53,2024-05-22
Bétheny,51055,51450,Appartement,53.0,112850.0,2129.25,2024-05-16
Sarry,51525,51520,Maison,103.0,192500.0,1868.93,2024-05-24
Vassimont-et-Chapelaine,51594,51320,Maison,128.0,142500.0,1113.28,2024-05-24
Écury-sur-Coole,51227,51240,Maison,117.0,209500.0,1790.6,2024-05-07
Écury-sur-Coole,51227,51240,Maison,117.0,209500.0,1790.6,2024-05-07
Reims,51454,51100,Appartement,119.0,130000.0,1092.44,2024-05-17
Reims,51454,51100,Appartement,35.0,85000.0,2428.57,2024-05-23
Bétheny,51055,51450,Appartement,24.0,49235.0,2051.46,2024-05-28
Reims,51454,51100,Appartement,188.0,460000.0,2446.81,2024-05-29
Aÿ-Champagne,51030,51150,Maison,140.0,185000.0,1321.43,2024-05-31
Tinqueux,51573,51430,Appartement,67.0,106000.0,1582.09,2024-05-23
Reims,51454,51100,Maison,102.0,187000.0,1833.33,2024-05-27
Reims,51454,51100,Appartement,19.0,161500.0,8500.0,2024-05-13
Reims,51454,51100,Maison,135.0,381800.0,2828.15,2024-05-27
Reims,51454,51100,Appartement,75.0,355000.0,4733.33,2024-05-29
Tinqueux,51573,51430,Maison,89.0,220000.0,2471.91,2024-04-26
Boult-sur-Suippe,51074,51110,Maison,52.0,265000.0,5096.15,2024-05-07
Boult-sur-Suippe,51074,51110,Maison,52.0,265000.0,5096.15,2024-05-07
Reims,51454,51100,Appartement,34.0,52000.0,1529.41,2024-05-24
Serzy-et-Prin,51534,51170,Maison,171.0,492000.0,2877.19,2024-04-25
Bignicourt-sur-Marne,51059,51300,Maison,99.0,147000.0,1484.85,2024-05-30
Val-de-Vesle,51571,51360,Maison,88.0,257450.0,2925.57,2024-05-30
Bezannes,51058,51430,Appartement,48.0,184300.0,3839.58,2024-05-29
Saint-Gibrien,51483,51510,Maison,208.0,310000.0,1490.38,2024-05-13
Châlons-en-Champagne,51108,51000,Appartement,64.0,80000.0,1250.0,2024-05-13
Vitry-le-François,51649,51300,Maison,82.0,110000.0,1341.46,2024-05-18
Reims,51454,51100,Appartement,45.0,157000.0,3488.89,2024-05-29
Blancs-Coteaux,51612,51130,Maison,76.0,150000.0,1973.68,2024-05-23
Ambonnay,51007,51150,Maison,96.0,163000.0,1697.92,2024-05-27
Reims,51454,51100,Appartement,39.0,114000.0,2923.08,2024-05-28
Reims,51454,51100,Appartement,78.0,105000.0,1346.15,2024-05-29
Sillery,51536,51500,Maison,79.0,339100.0,4292.41,2024-05-29
Sillery,51536,51500,Maison,79.0,339100.0,4292.41,2024-05-29
Reims,51454,51100,Maison,120.0,515000.0,4291.67,2024-05-21
Witry-lès-Reims,51662,51420,Maison,85.0,206000.0,2423.53,2024-05-07
Warmeriville,51660,51110,Maison,113.0,327000.0,2893.81,2024-05-31
Reims,51454,51100,Maison,134.0,314200.0,2344.78,2024-05-31
Reims,51454,51100,Appartement,40.0,125700.0,3142.5,2024-05-23
Reims,51454,51100,Appartement,25.0,37500.0,1500.0,2024-05-21
Tinqueux,51573,51430,Maison,80.0,190000.0,2375.0,2024-05-31
Reims,51454,51100,Maison,124.0,475850.0,3837.5,2024-05-31
Mareuil-le-Port,51346,51700,Appartement,49.0,35000.0,714.29,2024-05-30
Mareuil-le-Port,51346,51700,Appartement,53.0,35000.0,660.38,2024-05-30
Reims,51454,51100,Appartement,73.0,109000.0,1493.15,2024-05-27
Verrières,51610,51800,Maison,70.0,20000.0,285.71,2024-05-24
Épernay,51230,51200,Maison,80.0,362000.0,4525.0,2024-05-27
Reuil,51457,51700,Maison,161.0,268400.0,1667.08,2024-05-14
Sainte-Menehould,51507,51800,Maison,91.0,90000.0,989.01,2024-05-06
Reims,51454,51100,Appartement,136.0,411450.0,3025.37,2024-05-27
Chaintrix-Bierges,51107,51130,Maison,148.0,227000.0,1533.78,2024-05-23
Reims,51454,51100,Maison,76.0,198000.0,2605.26,2024-05-31
Montmirail,51380,51210,Maison,88.0,106000.0,1204.55,2024-06-04
Reims,51454,51100,Appartement,30.0,51000.0,1700.0,2024-05-29
Sainte-Menehould,51507,51800,Maison,149.0,250000.0,1677.85,2024-05-07
Reims,51454,51100,Maison,78.0,160000.0,2051.28,2024-05-14
Alliancelles,51006,51250,Maison,260.0,22000.0,84.62,2024-05-15
Reims,51454,51100,Maison,45.0,750000.0,16666.67,2024-05-29
Reims,51454,51100,Appartement,98.0,750000.0,7653.06,2024-05-29
Reims,51454,51100,Appartement,98.0,750000.0,7653.06,2024-05-29
Fère-Champenoise,51248,51230,Maison,102.0,80000.0,784.31,2024-05-16
Reims,51454,51100,Appartement,16.0,65750.0,4109.38,2024-05-31
Reims,51454,51100,Appartement,67.0,88000.0,1313.43,2024-06-03
Reims,51454,51100,Appartement,25.0,95440.0,3817.6,2024-05-29
Reims,51454,51100,Appartement,60.0,130750.0,2179.17,2024-06-04
Épernay,51230,51200,Maison,82.0,148500.0,1810.98,2024-05-14
Vandières,51592,51700,Maison,30.0,40000.0,1333.33,2024-05-28
Reims,51454,51100,Appartement,83.0,215000.0,2590.36,2024-05-21
Fagnières,51242,51510,Maison,91.0,488000.0,5362.64,2024-05-23
Reims,51454,51100,Appartement,64.0,218832.0,3419.25,2024-05-31
Reims,51454,51100,Appartement,97.0,259000.0,2670.1,2024-05-31
Merfy,51362,51220,Maison,90.0,264000.0,2933.33,2024-05-31
Reims,51454,51100,Appartement,45.0,567505.0,12611.22,2024-06-03
Reims,51454,51100,Appartement,13.0,567505.0,43654.23,2024-06-03
Reims,51454,51100,Appartement,110.0,567505.0,5159.14,2024-06-03
Reims,51454,51100,Appartement,67.0,115000.0,1716.42,2024-05-31
Reims,51454,51100,Appartement,32.0,80000.0,2500.0,2024-05-28
Beine-Nauroy,51046,51490,Maison,116.0,240950.0,2077.16,2024-06-03
Reims,51454,51100,Appartement,77.0,310000.0,4025.97,2024-05-28
Reims,51454,51100,Appartement,45.0,131000.0,2911.11,2024-05-22
Reims,51454,51100,Appartement,24.0,130000.0,5416.67,2024-05-15
Reims,51454,51100,Appartement,22.0,130000.0,5909.09,2024-05-15
Frignicourt,51262,51300,Appartement,62.0,73000.0,1177.42,2024-05-31
Reims,51454,51100,Appartement,60.0,156400.0,2606.67,2024-05-31
Gueux,51282,51390,Maison,105.0,235000.0,2238.1,2024-05-30
Witry-lès-Reims,51662,51420,Maison,83.0,190500.0,2295.18,2024-05-14
Reims,51454,51100,Appartement,45.0,122000.0,2711.11,2024-05-30
Reims,51454,51100,Maison,95.0,230000.0,2421.05,2024-05-24
Vitry-le-François,51649,51300,Maison,76.0,85000.0,1118.42,2024-05-30
Châlons-en-Champagne,51108,51000,Appartement,54.0,79900.0,1479.63,2024-05-13
Vouzy,51655,51130,Maison,82.0,159000.0,1939.02,2024-05-29
Reims,51454,51100,Maison,90.0,178500.0,1983.33,2024-05-31
Conflans-sur-Seine,51162,51260,Maison,107.0,117000.0,1093.46,2024-05-16
Reims,51454,51100,Appartement,56.0,80400.0,1435.71,2024-05-31
Reims,51454,51100,Maison,116.0,255000.0,2198.28,2024-05-28
Reims,51454,51100,Appartement,87.0,138875.0,1596.26,2024-05-22
Blancs-Coteaux,51612,51130,Maison,70.0,120000.0,1714.29,2024-05-31
Reims,51454,51100,Appartement,26.0,68000.0,2615.38,2024-05-31
Reims,51454,51100,Maison,176.0,620000.0,3522.73,2024-06-06
Cormontreuil,51172,51350,Maison,82.0,240000.0,2926.83,2024-05-29
Bétheny,51055,51450,Maison,105.0,276000.0,2628.57,2024-06-03
Reims,51454,51100,Appartement,14.0,43000.0,3071.43,2024-05-23
Bétheny,51055,51450,Maison,97.0,259000.0,2670.1,2024-06-03
Reims,51454,51100,Appartement,58.0,126000.0,2172.41,2024-05-27
Reims,51454,51100,Appartement,50.0,124000.0,2480.0,2024-05-28
Reims,51454,51100,Appartement,27.0,95000.0,3518.52,2024-05-30
Montmirail,51380,51210,Maison,113.0,193000.0,1707.96,2024-05-28
Reims,51454,51100,Appartement,73.0,171200.0,2345.21,2024-05-23
Reims,51454,51100,Appartement,34.0,70500.0,2073.53,2024-05-29
Trigny,51582,51140,Maison,85.0,133400.0,1569.41,2024-05-21
Reims,51454,51100,Appartement,64.0,161300.0,2520.31,2024-05-23
Reims,51454,51100,Appartement,25.0,133900.0,5356.0,2024-05-07
Bouzy,51079,51150,Maison,129.0,105000.0,813.95,2024-05-31
Bétheny,51055,51450,Maison,94.0,258000.0,2744.68,2024-05-31
Bétheny,51055,51450,Appartement,77.0,92000.0,1194.81,2024-06-04
Bétheny,51055,51450,Appartement,77.0,92000.0,1194.81,2024-06-04
Courcelles-Sapicourt,51181,51140,Maison,200.0,544000.0,2720.0,2024-05-29
Reuil,51457,51700,Maison,100.0,150000.0,1500.0,2024-05-07
Bétheny,51055,51450,Appartement,66.0,135500.0,2053.03,2024-05-29
Saint-Memmie,51506,51470,Maison,126.0,140000.0,1111.11,2024-05-13
Trigny,51582,51140,Maison,12.0,20000.0,1666.67,2024-05-23
Trigny,51582,51140,Maison,12.0,20000.0,1666.67,2024-05-23
Reims,51454,51100,Maison,190.0,239475.0,1260.39,2024-05-31
Saint-Étienne-au-Temple,51476,51460,Maison,132.0,167700.0,1270.45,2024-05-29
Reims,51454,51100,Appartement,18.0,75000.0,4166.67,2024-05-27
Reims,51454,51100,Appartement,80.0,165000.0,2062.5,2024-06-05
Reims,51454,51100,Appartement,76.0,222600.0,2928.95,2024-05-24
Reims,51454,51100,Appartement,57.0,170000.0,2982.46,2024-05-13
Reims,51454,51100,Appartement,34.0,72000.0,2117.65,2024-06-05
Reims,51454,51100,Appartement,35.0,107000.0,3057.14,2024-06-06
Reims,51454,51100,Appartement,59.0,218000.0,3694.92,2024-06-06
Reims,51454,51100,Maison,102.0,395000.0,3872.55,2024-05-14
Mourmelon-le-Grand,51388,51400,Maison,86.0,575000.0,6686.05,2024-05-28
Mourmelon-le-Grand,51388,51400,Maison,303.0,575000.0,1897.69,2024-05-28
Mourmelon-le-Grand,51388,51400,Maison,86.0,575000.0,6686.05,2024-05-28
Mourmelon-le-Grand,51388,51400,Maison,303.0,575000.0,1897.69,2024-05-28
Tours-sur-Marne,51576,51150,Maison,138.0,99000.0,717.39,2024-05-24
Bezannes,51058,51430,Maison,149.0,517450.0,3472.82,2024-05-31
Bétheny,51055,51450,Appartement,69.0,197000.0,2855.07,2024-05-24
Plichancourt,51433,51300,Maison,86.0,132500.0,1540.7,2024-05-16
Moussy,51390,51530,Maison,160.0,222000.0,1387.5,2024-06-03
Châlons-en-Champagne,51108,51000,Maison,145.0,265000.0,1827.59,2024-06-10
Passy-Grigny,51425,51700,Maison,78.0,169700.0,2175.64,2024-05-31
Champaubert,51113,51270,Maison,156.0,455336.94,2918.83,2024-05-07
Champaubert,51113,51270,Maison,156.0,455336.94,2918.83,2024-05-07
Aÿ-Champagne,51030,51150,Maison,140.0,229550.0,1639.64,2024-05-22
Épernay,51230,51200,Appartement,109.0,223350.0,2049.08,2024-06-10
Bétheny,51055,51450,Maison,108.0,150000.0,1388.89,2024-06-03
Vinay,51643,51530,Maison,145.0,428400.0,2954.48,2024-06-07
Bétheny,51055,51450,Maison,94.0,268000.0,2851.06,2024-06-07
Reims,51454,51100,Appartement,21.0,65000.0,3095.24,2024-06-05
Reims,51454,51100,Maison,111.0,354400.0,3192.79,2024-05-22
Reims,51454,51100,Appartement,33.0,89600.0,2715.15,2024-05-29
Reims,51454,51100,Appartement,71.0,130000.0,1830.99,2024-06-05
Reims,51454,51100,Appartement,39.0,169900.0,4356.41,2024-05-15
Épernay,51230,51200,Appartement,41.0,98100.0,2392.68,2024-06-07
Châlons-en-Champagne,51108,51000,Appartement,84.0,80350.0,956.55,2024-05-31
Reims,51454,51100,Maison,91.0,204000.0,2241.76,2024-06-04
Reims,51454,51100,Appartement,42.0,132500.0,3154.76,2024-05-31
Aÿ-Champagne,51030,51160,Maison,182.0,370000.0,2032.97,2024-05-30
Châlons-en-Champagne,51108,51000,Appartement,114.0,87000.0,763.16,2024-05-21
Reims,51454,51100,Maison,87.0,363500.0,4178.16,2024-06-05
Avenay-Val-d'Or,51028,51160,Maison,16.0,17000.0,1062.5,2024-05-24
Avenay-Val-d'Or,51028,51160,Maison,18.0,17000.0,944.44,2024-05-24
Saint-Memmie,51506,51470,Maison,75.0,205500.0,2740.0,2024-05-31
Châlons-en-Champagne,51108,51000,Maison,147.0,228000.0,1551.02,2024-05-29
Reims,51454,51100,Appartement,62.0,103000.0,1661.29,2024-05-30
Châlons-en-Champagne,51108,51000,Maison,94.0,153000.0,1627.66,2024-05-30
Fagnières,51242,51510,Maison,108.0,270000.0,2500.0,2024-03-28
Witry-lès-Reims,51662,51420,Maison,91.0,223450.0,2455.49,2024-05-22
Châlons-en-Champagne,51108,51000,Maison,101.0,147000.0,1455.45,2024-06-03
Châlons-en-Champagne,51108,51000,Appartement,23.0,30500.0,1326.09,2024-05-31
Muizon,51391,51140,Appartement,50.0,73000.0,1460.0,2024-06-05
Villers-Marmery,51636,51380,Maison,60.0,265000.0,4416.67,2024-06-06
Villers-Marmery,51636,51380,Maison,60.0,265000.0,4416.67,2024-06-06
Châlons-en-Champagne,51108,51000,Appartement,76.0,86500.0,1138.16,2024-06-04
Reims,51454,51100,Appartement,24.0,335000.0,13958.33,2024-05-30
Reims,51454,51100,Appartement,21.0,335000.0,15952.38,2024-05-30
Reims,51454,51100,Appartement,51.0,335000.0,6568.63,2024-05-30
Reims,51454,51100,Appartement,20.0,335000.0,16750.0,2024-05-30
Reims,51454,51100,Appartement,37.0,335000.0,9054.05,2024-05-30
Sarry,51525,51520,Maison,145.0,291000.0,2006.9,2024-05-13
Bazancourt,51043,51110,Maison,103.0,141500.0,1373.79,2024-05-23
Virginy,51646,51800,Maison,104.0,120000.0,1153.85,2024-05-31
Reims,51454,51100,Maison,142.0,367000.0,2584.51,2024-05-27
La Neuville-au-Pont,51399,51800,Maison,120.0,79000.0,658.33,2024-06-05
Châlons-en-Champagne,51108,51000,Appartement,54.0,75000.0,1388.89,2024-05-21
Sainte-Menehould,51507,51800,Maison,51.0,30000.0,588.24,2024-05-13
Épernay,51230,51200,Maison,145.0,400000.0,2758.62,2024-05-30
Saint-Memmie,51506,51470,Appartement,28.0,41440.0,1480.0,2024-05-31
Damery,51204,51480,Maison,95.0,175000.0,1842.11,2024-05-31
Compertrix,51160,51510,Maison,150.0,179180.0,1194.53,2024-06-10
Vitry-le-François,51649,51300,Maison,77.0,80000.0,1038.96,2024-06-05
Châlons-en-Champagne,51108,51000,Maison,100.0,185000.0,1850.0,2024-05-16
Soulanges,51557,51300,Maison,52.0,100000.0,1923.08,2024-06-06
Reims,51454,51100,Appartement,140.0,416000.0,2971.43,2024-05-31
Épernay,51230,51200,Appartement,36.0,76300.0,2119.44,2024-05-16
Reims,51454,51100,Appartement,43.0,287000.0,6674.42,2024-05-29
Reims,51454,51100,Appartement,35.0,287000.0,8200.0,2024-05-29
Reims,51454,51100,Appartement,35.0,287000.0,8200.0,2024-05-29
Reims,51454,51100,Appartement,28.0,287000.0,10250.0,2024-05-29
Magenta,51663,51530,Appartement,65.0,300000.0,4615.38,2024-05-29
Magenta,51663,51530,Appartement,65.0,300000.0,4615.38,2024-05-29
Magenta,51663,51530,Appartement,88.0,300000.0,3409.09,2024-05-29
Magenta,51663,51530,Appartement,47.0,300000.0,6382.98,2024-05-29
Chouilly,51153,51530,Maison,79.0,170000.0,2151.9,2024-05-27
Aÿ-Champagne,51030,51160,Maison,103.0,235700.0,2288.35,2024-06-06
Vienne-le-Château,51621,51800,Maison,138.0,108500.0,786.23,2024-05-24
Épernay,51230,51200,Appartement,63.0,139700.0,2217.46,2024-05-29
Épernay,51230,51200,Appartement,84.0,164900.0,1963.1,2024-06-06
Sainte-Menehould,51507,51800,Maison,186.0,210175.0,1129.97,2024-05-30
Reims,51454,51100,Appartement,36.0,97000.0,2694.44,2024-05-24
Vitry-le-François,51649,51300,Maison,89.0,129000.0,1449.44,2024-05-31
Frignicourt,51262,51300,Maison,155.0,180000.0,1161.29,2024-06-06
Frignicourt,51262,51300,Maison,155.0,180000.0,1161.29,2024-06-06
Reims,51454,51100,Appartement,108.0,147900.0,1369.44,2024-06-06
Monthelon,51378,51530,Maison,137.0,294500.0,2149.64,2024-05-16
Vitry-le-François,51649,51300,Appartement,84.0,52000.0,619.05,2024-05-24
Dormans,51217,51700,Maison,62.0,96100.0,1550.0,2024-05-28
Épernay,51230,51200,Appartement,74.0,128250.0,1733.11,2024-06-05
Reims,51454,51100,Appartement,33.0,121990.0,3696.67,2024-05-31
Reims,51454,51100,Appartement,60.0,158000.0,2633.33,2024-05-23
Reims,51454,51100,Maison,125.0,465000.0,3720.0,2024-05-31
Reims,51454,51100,Appartement,48.0,465000.0,9687.5,2024-05-31
Pogny,51436,51240,Maison,115.0,147500.0,1282.61,2024-05-31
Reims,51454,51100,Appartement,63.0,165000.0,2619.05,2024-05-22
Étoges,51238,51270,Maison,168.0,150000.0,892.86,2024-05-21
Marcilly-sur-Seine,51343,51260,Maison,13.0,17650.0,1357.69,2024-05-24
Dormans,51217,51700,Maison,130.0,70000.0,538.46,2024-06-07
Jonchery-sur-Vesle,51308,51140,Maison,84.0,232800.0,2771.43,2024-05-27
Granges-sur-Aube,51279,51260,Maison,77.0,61000.0,792.21,2024-05-25
Rilly-la-Montagne,51461,51500,Maison,82.0,217500.0,2652.44,2024-05-24
Reims,51454,51100,Appartement,68.0,127000.0,1867.65,2024-05-28
Cormontreuil,51172,51350,Maison,93.0,260000.0,2795.7,2024-06-05
Mutigny,51392,51160,Maison,48.0,160000.0,3333.33,2024-06-06
Reims,51454,51100,Appartement,11.0,237000.0,21545.45,2024-06-03
Reims,51454,51100,Appartement,28.0,237000.0,8464.29,2024-06-03
Reims,51454,51100,Appartement,15.0,237000.0,15800.0,2024-06-03
Reims,51454,51100,Appartement,15.0,237000.0,15800.0,2024-06-03
Reims,51454,51100,Appartement,23.0,237000.0,10304.35,2024-06-03
Bazancourt,51043,51110,Maison,78.0,155000.0,1987.18,2024-05-24
Reims,51454,51100,Appartement,49.0,145000.0,2959.18,2024-06-11
Reims,51454,51100,Maison,81.0,60000.0,740.74,2024-06-03
Reims,51454,51100,Maison,80.0,22924.0,286.55,2024-06-03
Saudoy,51526,51120,Maison,90.0,170000.0,1888.89,2024-06-07
Saudoy,51526,51120,Maison,73.0,170000.0,2328.77,2024-06-07
Épernay,51230,51200,Appartement,38.0,103000.0,2710.53,2024-05-30
Pargny-sur-Saulx,51423,51340,Maison,89.0,134000.0,1505.62,2024-06-11
Reims,51454,51100,Appartement,20.0,126900.0,6345.0,2024-05-27
Reims,51454,51100,Maison,50.0,150000.0,3000.0,2024-06-10
Reims,51454,51100,Maison,123.0,327700.0,2664.23,2024-06-10
Conflans-sur-Seine,51162,51260,Maison,20.0,29000.0,1450.0,2024-05-30
Bétheny,51055,51450,Maison,89.0,221000.0,2483.15,2024-06-11
Épernay,51230,51200,Appartement,51.0,115000.0,2254.9,2024-05-31
Morangis,51384,51530,Maison,96.0,190700.0,1986.46,2024-06-01
Morangis,51384,51530,Maison,96.0,190700.0,1986.46,2024-06-01
Épernay,51230,51200,Appartement,60.0,94200.0,1570.0,2024-06-08
Épernay,51230,51200,Maison,65.0,105000.0,1615.38,2024-06-10
Épernay,51230,51200,Appartement,39.0,97000.0,2487.18,2024-05-30
Reims,51454,51100,Appartement,64.0,140000.0,2187.5,2024-05-31
Châlons-en-Champagne,51108,51000,Maison,66.0,245000.0,3712.12,2024-06-11
Mourmelon-le-Grand,51388,51400,Maison,74.0,113315.0,1531.28,2024-06-07
Reims,51454,51100,Appartement,79.0,215000.0,2721.52,2024-05-22
Tinqueux,51573,51430,Appartement,55.0,173000.0,3145.45,2024-06-11
Tinqueux,51573,51430,Appartement,63.0,148000.0,2349.21,2024-06-04
Pierry,51431,51530,Maison,90.0,215000.0,2388.89,2024-05-31
Vouillers,51654,51340,Maison,106.0,185000.0,1745.28,2024-06-04
Épernay,51230,51200,Appartement,90.0,37000.0,411.11,2024-06-10
Épernay,51230,51200,Appartement,69.0,98500.0,1427.54,2024-05-16
Châlons-en-Champagne,51108,51000,Maison,91.0,183000.0,2010.99,2024-06-06
Épernay,51230,51200,Appartement,36.0,77550.0,2154.17,2024-05-24
Fère-Champenoise,51248,51230,Maison,88.0,70000.0,795.45,2024-06-06
Compertrix,51160,51510,Maison,166.0,128000.0,771.08,2024-05-21
Reims,51454,51100,Appartement,61.0,145050.0,2377.87,2024-06-07
Dormans,51217,51700,Maison,175.0,192500.0,1100.0,2024-06-05
Bezannes,51058,51430,Maison,89.0,286500.0,3219.1,2024-06-11
Épernay,51230,51200,Appartement,57.0,95000.0,1666.67,2024-06-17
Berméricourt,51051,51220,Maison,152.0,298000.0,1960.53,2024-05-30
Blancs-Coteaux,51612,51130,Maison,100.0,236500.0,2365.0,2024-06-12
Bétheny,51055,51450,Maison,96.0,258900.0,2696.88,2024-06-14
Witry-lès-Reims,51662,51420,Appartement,50.0,126550.0,2531.0,2024-05-28
Reims,51454,51100,Appartement,39.0,105000.0,2692.31,2024-06-12
Bezannes,51058,51430,Maison,159.0,650000.0,4088.05,2024-05-27
Boursault,51076,51480,Maison,81.0,221320.0,2732.35,2024-06-17
Witry-lès-Reims,51662,51420,Maison,108.0,1000000.0,9259.26,2024-05-28
Châtillon-sur-Marne,51136,51700,Maison,110.0,317600.0,2887.27,2024-06-07
Châtillon-sur-Marne,51136,51700,Maison,110.0,317600.0,2887.27,2024-06-07
Soulières,51558,51130,Maison,225.0,449200.0,1996.44,2024-05-31
Reims,51454,51100,Appartement,56.0,122000.0,2178.57,2024-06-12
Reims,51454,51100,Appartement,43.0,156800.0,3646.51,2024-06-10
Épernay,51230,51200,Maison,60.0,120000.0,2000.0,2024-06-12
Reims,51454,51100,Appartement,89.0,86000.0,966.29,2024-06-12
Reims,51454,51100,Maison,89.0,216200.0,2429.21,2024-05-31
Reims,51454,51100,Appartement,31.0,160700.0,5183.87,2024-06-06
Reims,51454,51100,Appartement,56.0,73500.0,1312.5,2024-06-06
Châlons-en-Champagne,51108,51000,Appartement,77.0,81000.0,1051.95,2024-05-23
Reims,51454,51100,Appartement,45.0,218915.0,4864.78,2024-06-12
Reims,51454,51100,Appartement,21.0,76000.0,3619.05,2024-05-31
Châlons-en-Champagne,51108,51000,Maison,65.0,112000.0,1723.08,2024-05-23
Châlons-en-Champagne,51108,51000,Maison,65.0,112000.0,1723.08,2024-05-23
Reims,51454,51100,Appartement,64.0,143150.0,2236.72,2024-06-14
Givry-en-Argonne,51272,51330,Maison,82.0,119400.0,1456.1,2024-05-31
Châlons-en-Champagne,51108,51000,Maison,140.0,185000.0,1321.43,2024-06-06
Luxémont-et-Villotte,51334,51300,Maison,76.0,130000.0,1710.53,2024-06-11
Épernay,51230,51200,Appartement,107.0,220000.0,2056.07,2024-05-30
Reims,51454,51100,Appartement,63.0,153000.0,2428.57,2024-06-17
Châlons-en-Champagne,51108,51000,Appartement,60.0,133400.0,2223.33,2024-06-03
Reims,51454,51100,Appartement,17.0,71000.0,4176.47,2024-06-10
Beine-Nauroy,51046,51490,Maison,130.0,303300.0,2333.08,2024-05-24
Moiremont,51370,51800,Maison,119.0,150000.0,1260.5,2024-06-12
Reims,51454,51100,Appartement,85.0,177750.0,2091.18,2024-06-05
Reims,51454,51100,Maison,97.0,133000.0,1371.13,2024-05-29
Blancs-Coteaux,51612,51130,Maison,80.0,191500.0,2393.75,2024-06-14
Boult-sur-Suippe,51074,51110,Maison,91.0,219000.0,2406.59,2024-05-31
Reims,51454,51100,Appartement,30.0,98300.0,3276.67,2024-05-23
Épernay,51230,51200,Appartement,48.0,138000.0,2875.0,2024-06-17
Orbais-l'Abbaye,51416,51270,Maison,73.0,87100.0,1193.15,2024-06-06
Orbais-l'Abbaye,51416,51270,Maison,80.0,87100.0,1088.75,2024-06-06
Reims,51454,51100,Appartement,122.0,195000.0,1598.36,2024-06-18
Châlons-en-Champagne,51108,51000,Maison,99.0,268900.0,2716.16,2024-05-24
Reims,51454,51100,Maison,56.0,162000.0,2892.86,2024-06-17
Cormontreuil,51172,51350,Appartement,71.0,217500.0,3063.38,2024-06-12
Châlons-en-Champagne,51108,51000,Appartement,54.0,59000.0,1092.59,2024-05-30
Bétheny,51055,51450,Maison,107.0,283000.0,2644.86,2024-06-10
Reims,51454,51100,Appartement,77.0,102567.0,1332.04,2024-06-06
Orbais-l'Abbaye,51416,51270,Maison,106.0,129700.0,1223.58,2024-06-15
Orbais-l'Abbaye,51416,51270,Maison,106.0,129700.0,1223.58,2024-06-15
Châlons-en-Champagne,51108,51000,Maison,40.0,30000.0,750.0,2024-05-23
Épernay,51230,51200,Maison,125.0,220000.0,1760.0,2024-06-06
Reims,51454,51100,Appartement,54.0,80633.0,1493.2,2024-06-06
Baye,51042,51270,Maison,114.0,221400.0,1942.11,2024-06-15
Leuvrigny,51320,51700,Maison,80.0,80000.0,1000.0,2024-06-17
Reims,51454,51100,Appartement,30.0,50000.0,1666.67,2024-06-06
Bétheny,51055,51450,Maison,97.0,259000.0,2670.1,2024-06-11
Reims,51454,51100,Appartement,70.0,195000.0,2785.71,2024-05-23
Fismes,51250,51170,Appartement,51.0,43500.0,852.94,2024-06-14
Reims,51454,51100,Appartement,45.0,86500.0,1922.22,2024-06-18
Reims,51454,51100,Appartement,32.0,102000.0,3187.5,2024-06-17
Oiry,51413,51530,Maison,93.0,210000.0,2258.06,2024-06-10
Reims,51454,51100,Maison,58.0,135000.0,2327.59,2024-05-24
Bezannes,51058,51430,Appartement,43.0,188000.0,4372.09,2024-06-17
Vitry-le-François,51649,51300,Maison,86.0,80000.0,930.23,2024-06-11
Frignicourt,51262,51300,Maison,65.0,40000.0,615.38,2024-06-05
Cormontreuil,51172,51350,Appartement,84.0,184000.0,2190.48,2024-06-06
Châlons-en-Champagne,51108,51000,Appartement,55.0,275000.0,5000.0,2024-05-31
Châlons-en-Champagne,51108,51000,Appartement,65.0,275000.0,4230.77,2024-05-31
Châlons-en-Champagne,51108,51000,Appartement,60.0,275000.0,4583.33,2024-05-31
Suippes,51559,51600,Maison,64.0,206500.0,3226.56,2024-05-28
Vitry-le-François,51649,51300,Appartement,75.0,46000.0,613.33,2024-06-04
Reims,51454,51100,Appartement,62.0,199000.0,3209.68,2024-06-07
Cormontreuil,51172,51350,Maison,96.0,246510.0,2567.81,2024-05-29
Tinqueux,51573,51430,Maison,110.0,185000.0,1681.82,2024-06-04
Châlons-en-Champagne,51108,51000,Maison,66.0,75000.0,1136.36,2024-05-30
Reims,51454,51100,Maison,91.0,198457.9,2180.86,2024-06-14
Saint-Memmie,51506,51470,Maison,90.0,248900.0,2765.56,2024-05-30
Reims,51454,51100,Appartement,45.0,120000.0,2666.67,2024-06-14
Châlons-en-Champagne,51108,51000,Maison,93.0,160000.0,1720.43,2024-05-29
Tinqueux,51573,51430,Maison,83.0,256000.0,3084.34,2024-06-11
Merfy,51362,51220,Maison,66.0,95000.0,1439.39,2024-06-14
Venteuil,51605,51480,Maison,183.0,238000.0,1300.55,2024-05-21
Reims,51454,51100,Appartement,12.0,37000.0,3083.33,2024-06-18
Reims,51454,51100,Appartement,27.0,91000.0,3370.37,2024-06-17
Bétheny,51055,51450,Maison,116.0,235000.0,2025.86,2024-06-17
Reims,51454,51100,Appartement,74.0,141000.0,1905.41,2024-06-12
Courcy,51183,51220,Maison,130.0,280000.0,2153.85,2024-06-10
Reims,51454,51100,Appartement,56.0,162000.0,2892.86,2024-06-17
Montmirail,51380,51210,Maison,93.0,150000.0,1612.9,2024-06-14
Montmirail,51380,51210,Maison,93.0,150000.0,1612.9,2024-06-14
Verzenay,51613,51360,Maison,88.0,155000.0,1761.36,2024-06-18
Reims,51454,51100,Maison,60.0,155000.0,2583.33,2024-06-19
Witry-lès-Reims,51662,51420,Maison,80.0,174200.0,2177.5,2024-06-03
Frignicourt,51262,51300,Maison,65.0,66555.0,1023.92,2024-06-04
Muizon,51391,51140,Maison,109.0,305000.0,2798.17,2024-06-03
Châlons-en-Champagne,51108,51000,Maison,85.0,152500.0,1794.12,2024-06-04
Les Essarts-lès-Sézanne,51235,51120,Maison,124.0,135000.0,1088.71,2024-05-28
Igny-Comblizy,51298,51700,Maison,109.0,128050.0,1174.77,2024-06-11
Esternay,51237,51310,Maison,183.0,130000.0,710.38,2024-05-24
Châlons-en-Champagne,51108,51000,Appartement,68.0,84600.0,1244.12,2024-06-08
Corroy,51176,51230,Maison,152.0,70000.0,460.53,2024-06-11
Corroy,51176,51230,Maison,152.0,70000.0,460.53,2024-06-11
Reims,51454,51100,Appartement,130.0,339000.0,2607.69,2024-06-07
Reims,51454,51100,Maison,124.0,367500.0,2963.71,2024-06-14
Fère-Champenoise,51248,51230,Maison,91.0,118000.0,1296.7,2024-06-08
Fère-Champenoise,51248,51230,Maison,91.0,118000.0,1296.7,2024-06-08
Reims,51454,51100,Appartement,21.0,76000.0,3619.05,2024-06-12
Cormicy,51171,51220,Maison,115.0,264900.0,2303.48,2024-05-30
Fagnières,51242,51510,Appartement,27.0,88000.0,3259.26,2024-06-19
Reims,51454,51100,Maison,130.0,620000.0,4769.23,2024-06-07
La Caure,51100,51270,Maison,91.0,110000.0,1208.79,2024-06-19
Épernay,51230,51200,Appartement,75.0,125900.0,1678.67,2024-06-07
Châlons-en-Champagne,51108,51000,Appartement,75.0,87000.0,1160.0,2024-06-05
Reims,51454,51100,Appartement,45.0,173100.0,3846.67,2024-06-13
Aÿ-Champagne,51030,51160,Maison,83.0,56200.0,677.11,2024-06-11
Sézanne,51535,51120,Maison,80.0,77500.0,968.75,2024-06-07
Reims,51454,51100,Appartement,61.0,177000.0,2901.64,2024-06-11
Fère-Champenoise,51248,51230,Maison,77.0,75000.0,974.03,2024-06-05
Les Essarts-le-Vicomte,51236,51310,Maison,113.0,158000.0,1398.23,2024-06-11
Les Essarts-le-Vicomte,51236,51310,Maison,113.0,158000.0,1398.23,2024-06-11
Barbonne-Fayel,51036,51120,Maison,147.0,170000.0,1156.46,2024-05-25
Châlons-en-Champagne,51108,51000,Maison,83.0,145000.0,1746.99,2024-05-29
Fère-Champenoise,51248,51230,Maison,48.0,35000.0,729.17,2024-05-31
Reims,51454,51100,Appartement,52.0,163000.0,3134.62,2024-05-29
Châlons-en-Champagne,51108,51000,Appartement,45.0,241000.0,5355.56,2024-06-10
Châlons-en-Champagne,51108,51000,Appartement,43.0,241000.0,5604.65,2024-06-10
Châlons-en-Champagne,51108,51000,Appartement,30.0,241000.0,8033.33,2024-06-10
Châlons-en-Champagne,51108,51000,Appartement,34.0,241000.0,7088.24,2024-06-10
Châlons-en-Champagne,51108,51000,Appartement,74.0,241000.0,3256.76,2024-06-10
Châlons-en-Champagne,51108,51000,Appartement,59.0,54500.0,923.73,2024-06-03
Magenta,51663,51530,Appartement,71.0,94500.0,1330.99,2024-06-06
Reims,51454,51100,Appartement,83.0,278000.0,3349.4,2024-06-13
Saint-Martin-d'Ablois,51002,51530,Maison,110.0,227500.0,2068.18,2024-06-18
Saint-Martin-d'Ablois,51002,51530,Maison,110.0,227500.0,2068.18,2024-06-18
Jâlons,51303,51150,Maison,216.0,445750.0,2063.66,2024-05-29
Pouillon,51444,51220,Maison,130.0,240000.0,1846.15,2024-05-28
Pouillon,51444,51220,Maison,49.0,240000.0,4897.96,2024-05-28
Pouillon,51444,51220,Maison,130.0,240000.0,1846.15,2024-05-28
Pouillon,51444,51220,Maison,49.0,240000.0,4897.96,2024-05-28
Reims,51454,51100,Maison,68.0,259000.0,3808.82,2024-06-11
Reims,51454,51100,Appartement,31.0,103000.0,3322.58,2024-06-07
Reims,51454,51100,Appartement,51.0,62000.0,1215.69,2024-06-07
Reims,51454,51100,Appartement,55.0,165000.0,3000.0,2024-05-29
Reims,51454,51100,Appartement,28.0,65000.0,2321.43,2024-06-03
Reims,51454,51100,Appartement,49.0,93000.0,1897.96,2024-06-13
Reims,51454,51100,Appartement,48.0,106500.0,2218.75,2024-05-31
Reims,51454,51100,Appartement,48.0,94000.0,1958.33,2024-06-06
Reims,51454,51100,Appartement,50.0,116600.0,2332.0,2024-06-07
Reims,51454,51100,Maison,90.0,206700.0,2296.67,2024-06-07
Reims,51454,51100,Maison,148.0,319100.0,2156.08,2024-06-14
Reims,51454,51100,Maison,158.0,600000.0,3797.47,2024-06-13
Reims,51454,51100,Appartement,34.0,93000.0,2735.29,2024-06-14
Reims,51454,51100,Appartement,64.0,132000.0,2062.5,2024-06-06
Reims,51454,51100,Appartement,36.0,83500.0,2319.44,2024-06-07
Jonchery-sur-Vesle,51308,51140,Appartement,58.0,132000.0,2275.86,2024-06-07
Reims,51454,51100,Appartement,46.0,128250.0,2788.04,2024-06-05
Tilloy-et-Bellay,51572,51460,Maison,100.0,138500.0,1385.0,2024-05-31
Loivre,51329,51220,Maison,141.0,365500.0,2592.2,2024-06-18
Muizon,51391,51140,Appartement,79.0,114000.0,1443.04,2024-06-03
Reims,51454,51100,Appartement,36.0,126650.0,3518.06,2024-06-18
Reims,51454,51100,Appartement,70.0,158250.0,2260.71,2024-06-11
Reims,51454,51100,Maison,95.0,198000.0,2084.21,2024-06-17
Châlons-en-Champagne,51108,51000,Appartement,22.0,42000.0,1909.09,2024-05-24
Bergères-lès-Vertus,51049,51130,Maison,98.0,166920.0,1703.27,2024-06-17
Reims,51454,51100,Appartement,96.0,190000.0,1979.17,2024-06-07
Reims,51454,51100,Appartement,36.0,169500.0,4708.33,2024-06-13
Reims,51454,51100,Appartement,24.0,73500.0,3062.5,2024-06-05
Reims,51454,51100,Appartement,72.0,155000.0,2152.78,2024-05-24
Châlons-en-Champagne,51108,51000,Appartement,48.0,88000.0,1833.33,2024-06-21
Reims,51454,51100,Appartement,95.0,135000.0,1421.05,2024-06-12
Reims,51454,51100,Appartement,70.0,240000.0,3428.57,2024-06-14
Châlons-en-Champagne,51108,51000,Appartement,29.0,63290.0,2182.41,2024-06-14
Sillery,51536,51500,Maison,93.0,305000.0,3279.57,2024-06-18
Châlons-en-Champagne,51108,51000,Appartement,33.0,56000.0,1696.97,2024-06-10
Saint-Martin-sur-le-Pré,51504,51520,Maison,100.0,195000.0,1950.0,2024-06-07
Châlons-en-Champagne,51108,51000,Appartement,92.0,52264.0,568.09,2024-06-14
Prosnes,51447,51400,Maison,74.0,210900.0,2850.0,2024-06-04
Reims,51454,51100,Appartement,27.0,136460.0,5054.07,2024-06-05
Boursault,51076,51480,Maison,85.0,200000.0,2352.94,2024-06-24
Épernay,51230,51200,Appartement,87.0,200000.0,2298.85,2024-06-13
Épernay,51230,51200,Appartement,60.0,200000.0,3333.33,2024-06-13
Jâlons,51303,51150,Maison,116.0,215500.0,1857.76,2024-06-13
Épernay,51230,51200,Maison,17.0,70000.0,4117.65,2024-06-13
Reims,51454,51100,Appartement,47.0,100000.0,2127.66,2024-06-14
Épernay,51230,51200,Appartement,125.0,256000.0,2048.0,2024-06-14
Reims,51454,51100,Appartement,100.0,60000.0,600.0,2024-06-19
Reims,51454,51100,Appartement,30.0,74000.0,2466.67,2024-06-24
Magenta,51663,51530,Maison,53.0,115000.0,2169.81,2024-06-19
Épernay,51230,51200,Appartement,93.0,108000.0,1161.29,2024-06-11
Trigny,51582,51140,Maison,170.0,275000.0,1617.65,2024-06-19
Mareuil-le-Port,51346,51700,Maison,110.0,56628.0,514.8,2024-06-11
Mareuil-le-Port,51346,51700,Maison,110.0,56628.0,514.8,2024-06-11
Hermonville,51291,51220,Maison,148.0,346300.0,2339.86,2024-06-07
Hermonville,51291,51220,Maison,148.0,346300.0,2339.86,2024-06-07
Épernay,51230,51200,Appartement,48.0,47400.0,987.5,2024-06-24
Reims,51454,51100,Appartement,70.0,100000.0,1428.57,2024-05-28
Montmirail,51380,51210,Maison,120.0,195000.0,1625.0,2024-06-17
Montmirail,51380,51210,Appartement,40.0,195000.0,4875.0,2024-06-17
Reims,51454,51100,Appartement,33.0,141000.0,4272.73,2024-06-24
Reims,51454,51100,Maison,76.0,194850.0,2563.82,2024-06-17
Reims,51454,51100,Appartement,89.0,162000.0,1820.22,2024-06-21
Mareuil-le-Port,51346,51700,Maison,74.0,60000.0,810.81,2024-05-30
Châlons-en-Champagne,51108,51000,Appartement,62.0,140058.0,2259.0,2024-06-05
Vitry-le-François,51649,51300,Appartement,60.0,38000.0,633.33,2024-06-20
Warmeriville,51660,51110,Maison,111.0,258000.0,2324.32,2024-06-21
Saint-Memmie,51506,51470,Maison,110.0,140000.0,1272.73,2024-06-05
Reims,51454,51100,Appartement,64.0,117601.0,1837.52,2024-06-14
Reims,51454,51100,Appartement,41.0,105000.0,2560.98,2024-06-21
Chigny-les-Roses,51152,51500,Appartement,77.0,104300.0,1354.55,2024-06-12
Bazancourt,51043,51110,Maison,90.0,220000.0,2444.44,2024-06-07
Reims,51454,51100,Appartement,44.0,157800.0,3586.36,2024-06-24
Reims,51454,51100,Appartement,44.0,131000.0,2977.27,2024-06-20
Magenta,51663,51530,Maison,100.0,170000.0,1700.0,2024-06-17
Cormontreuil,51172,51350,Maison,91.0,220900.0,2427.47,2024-06-10
Reims,51454,51100,Appartement,77.0,165000.0,2142.86,2024-06-05
Reims,51454,51100,Appartement,146.0,372000.0,2547.95,2024-06-19
Châlons-en-Champagne,51108,51000,Maison,80.0,105000.0,1312.5,2024-06-05
Sainte-Menehould,51507,51800,Appartement,33.0,143000.0,4333.33,2024-06-14
Sainte-Menehould,51507,51800,Appartement,44.0,143000.0,3250.0,2024-06-14
Sainte-Menehould,51507,51800,Appartement,44.0,143000.0,3250.0,2024-06-14
Sainte-Menehould,51507,51800,Appartement,159.0,143000.0,899.37,2024-06-14
Sainte-Menehould,51507,51800,Appartement,109.0,143000.0,1311.93,2024-06-14
Reims,51454,51100,Appartement,69.0,174500.0,2528.99,2024-06-26
Bétheny,51055,51450,Maison,66.0,217000.0,3287.88,2024-06-12
Jonchery-sur-Vesle,51308,51140,Maison,50.0,165000.0,3300.0,2024-06-20
Reims,51454,51100,Appartement,36.0,135000.0,3750.0,2024-06-19
Reims,51454,51100,Appartement,29.0,140000.0,4827.59,2024-06-25
Reims,51454,51100,Appartement,20.0,140000.0,7000.0,2024-06-25
Magenta,51663,51530,Maison,73.0,111000.0,1520.55,2024-06-19
Épernay,51230,51200,Maison,85.0,261890.0,3081.06,2024-06-18
Reims,51454,51100,Appartement,109.0,285000.0,2614.68,2024-06-10
Épernay,51230,51200,Maison,217.0,290000.0,1336.41,2024-06-18
Épernay,51230,51200,Appartement,80.0,159000.0,1987.5,2024-06-12
Reims,51454,51100,Appartement,81.0,178000.0,2197.53,2024-06-12
Witry-lès-Reims,51662,51420,Appartement,59.0,82000.0,1389.83,2024-06-11
Souain-Perthes-lès-Hurlus,51553,51600,Maison,82.0,118000.0,1439.02,2024-06-18
Escardes,51233,51310,Maison,96.0,135000.0,1406.25,2024-06-08
Escardes,51233,51310,Maison,96.0,135000.0,1406.25,2024-06-08
Escardes,51233,51310,Maison,96.0,135000.0,1406.25,2024-06-08
Reims,51454,51100,Appartement,68.0,120000.0,1764.71,2024-06-21
Bétheny,51055,51450,Maison,80.0,141000.0,1762.5,2024-06-25
Reims,51454,51100,Appartement,48.0,122000.0,2541.67,2024-06-26
Flavigny,51251,51190,Maison,92.0,146250.0,1589.67,2024-06-20
Couvrot,51195,51300,Maison,100.0,116000.0,1160.0,2024-06-14
Bethon,51056,51260,Maison,95.0,170000.0,1789.47,2024-06-15
Blancs-Coteaux,51612,51130,Maison,88.0,171400.0,1947.73,2024-06-19
Grauves,51281,51190,Maison,110.0,170000.0,1545.45,2024-06-14
Vitry-le-François,51649,51300,Appartement,87.0,98000.0,1126.44,2024-06-22
La Celle-sous-Chantemerle,51103,51260,Maison,28.0,77000.0,2750.0,2024-06-13
Bétheny,51055,51450,Maison,89.0,235000.0,2640.45,2024-06-24
Ambonnay,51007,51150,Maison,130.0,330000.0,2538.46,2024-06-12
Reims,51454,51100,Appartement,21.0,23570.0,1122.38,2024-06-18
Reims,51454,51100,Appartement,61.0,239000.0,3918.03,2024-06-19
Reims,51454,51100,Appartement,43.0,217000.0,5046.51,2024-06-19
Châtillon-sur-Marne,51136,51700,Appartement,19.0,1200000.0,63157.89,2024-06-21
Châtillon-sur-Marne,51136,51700,Appartement,69.0,1200000.0,17391.3,2024-06-21
Reims,51454,51100,Maison,67.0,90000.0,1343.28,2024-06-19
Fère-Champenoise,51248,51230,Maison,56.0,70000.0,1250.0,2024-06-15
Cheniers,51146,51510,Maison,143.0,45000.0,314.69,2024-06-14
Cheniers,51146,51510,Maison,143.0,45000.0,314.69,2024-06-14
Talus-Saint-Prix,51563,51270,Maison,42.0,150000.0,3571.43,2024-05-31
Épernay,51230,51200,Maison,119.0,358200.0,3010.08,2024-06-06
Reims,51454,51100,Maison,89.0,240000.0,2696.63,2024-06-21
Reims,51454,51100,Appartement,38.0,124000.0,3263.16,2024-06-12
Reims,51454,51100,Appartement,55.0,200900.0,3652.73,2024-06-26
Reims,51454,51100,Appartement,87.0,260000.0,2988.51,2024-06-25
Chamery,51112,51500,Maison,150.0,190000.0,1266.67,2024-06-18
Haussignémont,51284,51300,Maison,156.0,322800.0,2069.23,2024-06-24
Haussignémont,51284,51300,Maison,156.0,322800.0,2069.23,2024-06-24
Mailly-Champagne,51338,51500,Maison,68.0,181450.0,2668.38,2024-06-14
Châlons-en-Champagne,51108,51000,Appartement,114.0,163000.0,1429.82,2024-05-29
Remicourt,51456,51330,Maison,87.0,152000.0,1747.13,2024-06-21
Remicourt,51456,51330,Maison,87.0,152000.0,1747.13,2024-06-21
Mourmelon-le-Grand,51388,51400,Maison,150.0,248500.0,1656.67,2024-05-28
Saint-Amand-sur-Fion,51472,51300,Maison,96.0,168000.0,1750.0,2024-06-20
Épernay,51230,51200,Appartement,55.0,151000.0,2745.45,2024-05-31
Reims,51454,51100,Maison,164.0,232500.0,1417.68,2024-06-20
Reims,51454,51100,Appartement,63.0,118000.0,1873.02,2024-06-18
Reims,51454,51100,Appartement,25.0,85000.0,3400.0,2024-06-24
Épernay,51230,51200,Appartement,35.0,50000.0,1428.57,2024-06-11
Épernay,51230,51200,Appartement,40.0,50000.0,1250.0,2024-06-11
Magenta,51663,51530,Maison,93.0,171500.0,1844.09,2024-06-22
Vitry-le-François,51649,51300,Appartement,57.0,285000.0,5000.0,2024-06-21
Vitry-le-François,51649,51300,Appartement,45.0,285000.0,6333.33,2024-06-21
Vitry-le-François,51649,51300,Appartement,109.0,285000.0,2614.68,2024-06-21
Mourmelon-le-Grand,51388,51400,Maison,112.0,135000.0,1205.36,2024-06-21
Reims,51454,51100,Appartement,74.0,94500.0,1277.03,2024-06-14
Châlons-en-Champagne,51108,51000,Appartement,64.0,109900.0,1717.19,2024-06-11
Heiltz-le-Hutier,51288,51300,Maison,30.0,7500.0,250.0,2024-06-27
Reims,51454,51100,Appartement,59.0,115000.0,1949.15,2024-06-07
Saint-Memmie,51506,51470,Maison,72.0,120000.0,1666.67,2024-06-07
Reims,51454,51100,Maison,280.0,1008000.0,3600.0,2024-06-19
Bétheny,51055,51450,Maison,80.0,295000.0,3687.5,2024-06-12
Tinqueux,51573,51430,Maison,89.0,308800.0,3469.66,2024-06-19
Reims,51454,51100,Maison,114.0,120000.0,1052.63,2024-06-18
Vitry-la-Ville,51648,51240,Maison,119.0,199900.0,1679.83,2024-06-14
Reims,51454,51100,Appartement,17.0,40000.0,2352.94,2024-06-07
Reims,51454,51100,Appartement,65.0,220000.0,3384.62,2024-06-24
Fismes,51250,51170,Maison,80.0,210000.0,2625.0,2024-06-04
Reims,51454,51100,Appartement,110.0,357000.0,3245.45,2024-06-25
Reims,51454,51100,Appartement,55.0,121500.0,2209.09,2024-06-21
Châlons-en-Champagne,51108,51000,Appartement,29.0,49900.0,1720.69,2024-06-21
Reims,51454,51100,Appartement,42.0,106500.0,2535.71,2024-06-17
Reims,51454,51100,Appartement,126.0,425000.0,3373.02,2024-06-17
Reims,51454,51100,Appartement,94.0,326000.0,3468.09,2024-06-26
Reims,51454,51100,Appartement,115.0,313250.0,2723.91,2024-06-13
Reims,51454,51100,Maison,60.0,243000.0,4050.0,2024-06-19
Reims,51454,51100,Appartement,22.0,285000.0,12954.55,2024-06-19
Reims,51454,51100,Appartement,19.0,285000.0,15000.0,2024-06-19
Reims,51454,51100,Appartement,19.0,285000.0,15000.0,2024-06-19
Reims,51454,51100,Appartement,20.0,285000.0,14250.0,2024-06-19
Reims,51454,51100,Appartement,20.0,285000.0,14250.0,2024-06-19
Reims,51454,51100,Maison,92.0,205000.0,2228.26,2024-06-17
Reims,51454,51100,Appartement,65.0,127390.0,1959.85,2024-06-25
Reims,51454,51100,Maison,98.0,200000.0,2040.82,2024-06-18
Châlons-en-Champagne,51108,51000,Maison,91.0,184800.0,2030.77,2024-06-19
Saint-Memmie,51506,51470,Appartement,56.0,78000.0,1392.86,2024-06-18
Montmirail,51380,51210,Maison,70.0,75000.0,1071.43,2024-07-02
Époye,51232,51490,Maison,120.0,185000.0,1541.67,2024-06-18
Châlons-en-Champagne,51108,51000,Appartement,94.0,114900.0,1222.34,2024-06-07
Saint-Martin-d'Ablois,51002,51530,Maison,159.0,150000.0,943.4,2024-06-24
Reims,51454,51100,Appartement,57.0,145000.0,2543.86,2024-06-24
Reims,51454,51100,Appartement,51.0,131000.0,2568.63,2024-06-24
Romain,51464,51140,Maison,123.0,279000.0,2268.29,2024-06-27
Romain,51464,51140,Maison,123.0,279000.0,2268.29,2024-06-27
Reims,51454,51100,Maison,62.0,100000.0,1612.9,2024-06-21
Saint-Imoges,51488,51160,Maison,106.0,253800.0,2394.34,2024-06-21
Reims,51454,51100,Appartement,38.0,102000.0,2684.21,2024-06-26
Vitry-le-François,51649,51300,Appartement,72.0,55500.0,770.83,2024-06-20
Reims,51454,51100,Maison,115.0,292500.0,2543.48,2024-06-27
Châlons-en-Champagne,51108,51000,Appartement,68.0,46950.0,690.44,2024-06-14
Warmeriville,51660,51110,Maison,69.0,155000.0,2246.38,2024-06-07
Épernay,51230,51200,Appartement,68.0,124450.0,1830.15,2024-06-27
Dormans,51217,51700,Maison,120.0,72000.0,600.0,2024-06-13
Reims,51454,51100,Appartement,67.0,168800.0,2519.4,2024-06-27
Reims,51454,51100,Maison,101.0,145000.0,1435.64,2024-06-26
Warmeriville,51660,51110,Maison,82.0,227000.0,2768.29,2024-06-28
Sillery,51536,51500,Maison,85.0,332300.0,3909.41,2024-06-27
Reims,51454,51100,Appartement,45.0,139706.0,3104.58,2024-06-26
Baslieux-lès-Fismes,51037,51170,Maison,146.0,288000.0,1972.6,2024-06-24
Reims,51454,51100,Appartement,43.0,450000.0,10465.12,2024-06-20
Reims,51454,51100,Appartement,43.0,450000.0,10465.12,2024-06-20
Reims,51454,51100,Appartement,65.0,115000.0,1769.23,2024-06-26
Reims,51454,51100,Appartement,18.0,74750.0,4152.78,2024-06-24
Moussy,51390,51530,Maison,128.0,190500.0,1488.28,2024-06-18
Reims,51454,51100,Maison,60.0,213000.0,3550.0,2024-06-19
Épernay,51230,51200,Maison,123.0,137800.0,1120.33,2024-06-20
Brimont,51088,51220,Maison,100.0,200000.0,2000.0,2024-07-01
Mardeuil,51344,51530,Maison,75.0,198500.0,2646.67,2024-06-26
Reims,51454,51100,Appartement,126.0,239500.0,1900.79,2024-07-01
Reims,51454,51100,Maison,63.0,221800.0,3520.63,2024-06-27
Tinqueux,51573,51430,Appartement,81.0,115000.0,1419.75,2024-06-19
Dizy,51210,51530,Appartement,88.0,124000.0,1409.09,2024-07-01
Dizy,51210,51530,Appartement,38.0,124000.0,3263.16,2024-07-01
Esclavolles-Lurey,51234,51260,Maison,59.0,90000.0,1525.42,2024-06-28
Mardeuil,51344,51530,Maison,70.0,200000.0,2857.14,2024-06-20
Sézanne,51535,51120,Appartement,43.0,59000.0,1372.09,2024-06-20
Tinqueux,51573,51430,Appartement,51.0,95000.0,1862.75,2024-06-25
Reims,51454,51100,Maison,80.0,145000.0,1812.5,2024-06-25
Vitry-le-François,51649,51300,Appartement,87.0,100000.0,1149.43,2024-06-25
Reims,51454,51100,Maison,75.0,220000.0,2933.33,2024-06-28
Reims,51454,51100,Maison,67.0,285000.0,4253.73,2024-06-26
Épernay,51230,51200,Appartement,36.0,70530.0,1959.17,2024-06-20
Épernay,51230,51200,Appartement,65.0,98400.0,1513.85,2024-06-27
Trois-Puits,51584,51500,Maison,121.0,406000.0,3355.37,2024-06-12
Reims,51454,51100,Appartement,32.0,137750.0,4304.69,2024-06-19
Ville-en-Tardenois,51624,51170,Maison,80.0,120000.0,1500.0,2024-06-19
Reims,51454,51100,Appartement,80.0,93000.0,1162.5,2024-06-19
Reims,51454,51100,Appartement,105.0,366250.0,3488.1,2024-06-20
Bétheny,51055,51450,Maison,94.0,268000.0,2851.06,2024-06-26
Pontfaverger-Moronvilliers,51440,51490,Maison,96.0,125000.0,1302.08,2024-06-26
Bétheny,51055,51450,Maison,138.0,361050.0,2616.3,2024-06-28
Taissy,51562,51500,Maison,89.0,180000.0,2022.47,2024-06-20
Reims,51454,51100,Appartement,30.0,60000.0,2000.0,2024-06-21
Reims,51454,51100,Appartement,48.0,116000.0,2416.67,2024-06-13
Plivot,51434,51150,Maison,73.0,184000.0,2520.55,2024-06-28
Reims,51454,51100,Appartement,63.0,180400.0,2863.49,2024-06-26
Reims,51454,51100,Appartement,72.0,328000.0,4555.56,2024-07-02
Reims,51454,51100,Appartement,115.0,1720000.0,14956.52,2024-06-19
Reims,51454,51100,Appartement,115.0,1720000.0,14956.52,2024-06-19
Reims,51454,51100,Appartement,80.0,1720000.0,21500.0,2024-06-19
Reims,51454,51100,Appartement,39.0,1720000.0,44102.56,2024-06-19
Reims,51454,51100,Appartement,53.0,1720000.0,32452.83,2024-06-19
Reims,51454,51100,Appartement,80.0,1720000.0,21500.0,2024-06-19
Reims,51454,51100,Appartement,80.0,1720000.0,21500.0,2024-06-19
Tinqueux,51573,51430,Maison,173.0,420000.0,2427.75,2024-06-26
Tinqueux,51573,51430,Appartement,54.0,85000.0,1574.07,2024-06-26
Épernay,51230,51200,Maison,160.0,132000.0,825.0,2024-06-27
Reims,51454,51100,Appartement,29.0,92650.0,3194.83,2024-06-25
Fismes,51250,51170,Appartement,75.0,267300.0,3564.0,2024-06-28
Fismes,51250,51170,Appartement,45.0,267300.0,5940.0,2024-06-28
Reims,51454,51100,Appartement,33.0,53600.0,1624.24,2024-06-24
Reims,51454,51100,Appartement,45.0,83000.0,1844.44,2024-06-18
Reims,51454,51100,Appartement,22.0,82500.0,3750.0,2024-06-27
Saint-Étienne-sur-Suippe,51477,51110,Maison,120.0,236000.0,1966.67,2024-07-01
Reims,51454,51100,Appartement,63.0,244950.0,3888.1,2024-06-26
Blancs-Coteaux,51612,51130,Maison,67.0,135000.0,2014.93,2024-06-28
Bétheny,51055,51450,Appartement,53.0,113900.0,2149.06,2024-06-26
Aÿ-Champagne,51030,51160,Maison,145.0,232100.0,1600.69,2024-07-02
Reims,51454,51100,Maison,87.0,243680.0,2800.92,2024-06-25
Saint-Amand-sur-Fion,51472,51300,Maison,103.0,157500.0,1529.13,2024-06-28
Reims,51454,51100,Appartement,56.0,145950.0,2606.25,2024-06-21
Bignicourt-sur-Marne,51059,51300,Maison,117.0,214000.0,1829.06,2024-06-27
Bignicourt-sur-Marne,51059,51300,Maison,117.0,214000.0,1829.06,2024-06-27
Épernay,51230,51200,Appartement,36.0,55000.0,1527.78,2024-06-21
Reims,51454,51100,Maison,83.0,152000.0,1831.33,2024-06-27
Vitry-le-François,51649,51300,Appartement,139.0,159000.0,1143.88,2024-06-25
Taissy,51562,51500,Maison,145.0,486000.0,3351.72,2024-06-28
Fismes,51250,51170,Maison,60.0,185450.0,3090.83,2024-06-21
Reims,51454,51100,Appartement,58.0,173000.0,2982.76,2024-06-26
Esclavolles-Lurey,51234,51260,Maison,79.0,120000.0,1518.99,2024-06-12
Bezannes,51058,51430,Appartement,25.0,87000.0,3480.0,2024-06-27
Mareuil-le-Port,51346,51700,Appartement,147.0,130000.0,884.35,2024-06-18
Mareuil-le-Port,51346,51700,Appartement,81.0,130000.0,1604.94,2024-06-18
Reims,51454,51100,Appartement,66.0,145000.0,2196.97,2024-06-12
Sézanne,51535,51120,Maison,76.0,50000.0,657.89,2024-06-27
La Chaussée-sur-Marne,51141,51240,Maison,82.0,140000.0,1707.32,2024-07-05
Blacy,51065,51300,Maison,158.0,89000.0,563.29,2024-06-28
Reims,51454,51100,Appartement,66.0,188000.0,2848.48,2024-07-04
Reims,51454,51100,Appartement,59.0,124100.0,2103.39,2024-06-21
Anglure,51009,51260,Maison,84.0,90000.0,1071.43,2024-06-28
Val-des-Marais,51158,51130,Maison,233.0,277350.0,1190.34,2024-06-24
Cumières,51202,51480,Maison,124.0,44000.0,354.84,2024-07-02
Reims,51454,51100,Appartement,18.0,57000.0,3166.67,2024-06-28
Connantre,51165,51230,Maison,140.0,290000.0,2071.43,2024-06-28
Épernay,51230,51200,Appartement,77.0,133000.0,1727.27,2024-06-17
Sézanne,51535,51120,Maison,92.0,175000.0,1902.17,2024-06-29
Sézanne,51535,51120,Maison,92.0,175000.0,1902.17,2024-06-29
Ormes,51418,51370,Maison,117.0,386300.0,3301.71,2024-06-28
Sézanne,51535,51120,Appartement,43.0,55000.0,1279.07,2024-06-29
Sézanne,51535,51120,Appartement,79.0,99990.0,1265.7,2024-06-27
Aÿ-Champagne,51030,51150,Maison,88.0,90000.0,1022.73,2024-07-02
Mourmelon-le-Grand,51388,51400,Maison,99.0,213430.0,2155.86,2024-06-21
Faverolles-et-Coëmy,51245,51170,Maison,132.0,173500.0,1314.39,2024-06-11
Mourmelon-le-Grand,51388,51400,Maison,78.0,158000.0,2025.64,2024-06-20
Savigny-sur-Ardres,51527,51170,Maison,43.0,120000.0,2790.7,2024-06-20
Reims,51454,51100,Appartement,51.0,88250.0,1730.39,2024-07-02
Bétheny,51055,51450,Maison,113.0,283000.0,2504.42,2024-06-27
Gueux,51282,51390,Maison,78.0,209000.0,2679.49,2024-06-19
Reims,51454,51100,Appartement,43.0,139000.0,3232.56,2024-06-12
Reims,51454,51100,Appartement,39.0,117300.0,3007.69,2024-06-21
Bétheny,51055,51450,Maison,107.0,283000.0,2644.86,2024-07-03
Tinqueux,51573,51430,Maison,104.0,229000.0,2201.92,2024-06-12
Sainte-Menehould,51507,51800,Appartement,91.0,251000.0,2758.24,2024-06-17
Sainte-Menehould,51507,51800,Appartement,204.0,251000.0,1230.39,2024-06-17
Aÿ-Champagne,51030,51160,Maison,145.0,240000.0,1655.17,2024-07-05
Châlons-en-Champagne,51108,51000,Appartement,53.0,53000.0,1000.0,2024-06-17
Bétheny,51055,51450,Maison,93.0,200000.0,2150.54,2024-06-19
Bétheny,51055,51450,Maison,89.0,214500.0,2410.11,2024-07-05
Bétheny,51055,51450,Maison,91.0,309000.0,3395.6,2024-07-05
Reims,51454,51100,Appartement,51.0,149884.7,2938.92,2024-07-01
La Celle-sous-Chantemerle,51103,51260,Maison,55.0,40000.0,727.27,2024-06-17
Reims,51454,51100,Appartement,36.0,105687.93,2935.78,2024-07-03
Reims,51454,51100,Appartement,93.0,131500.0,1413.98,2024-06-25
Reims,51454,51100,Appartement,29.0,1129300.0,38941.38,2024-06-25
Reims,51454,51100,Appartement,32.0,1129300.0,35290.62,2024-06-25
Reims,51454,51100,Appartement,27.0,1129300.0,41825.93,2024-06-25
Reims,51454,51100,Appartement,32.0,1129300.0,35290.62,2024-06-25
Reims,51454,51100,Appartement,30.0,1129300.0,37643.33,2024-06-25
Reims,51454,51100,Appartement,20.0,1129300.0,56465.0,2024-06-25
Villers-Allerand,51629,51500,Maison,90.0,266000.0,2955.56,2024-07-01
Damery,51204,51480,Maison,90.0,48543.0,539.37,2024-06-03
Cumières,51202,51480,Maison,100.0,300000.0,3000.0,2024-07-05
Cumières,51202,51480,Appartement,60.0,300000.0,5000.0,2024-07-05
Reims,51454,51100,Appartement,48.0,12000.0,250.0,2024-06-25
Cormontreuil,51172,51350,Maison,102.0,215000.0,2107.84,2024-06-24
Reims,51454,51100,Appartement,73.0,210000.0,2876.71,2024-06-26
Warmeriville,51660,51110,Maison,126.0,295120.0,2342.22,2024-06-21
Châlons-en-Champagne,51108,51000,Appartement,23.0,42490.0,1847.39,2024-06-28
Reims,51454,51100,Appartement,74.0,228200.0,3083.78,2024-06-20
Vadenay,51587,51400,Maison,119.0,226450.0,1902.94,2024-06-28
Châlons-en-Champagne,51108,51000,Appartement,29.0,52300.0,1803.45,2024-06-28
Châlons-en-Champagne,51108,51000,Appartement,72.0,80000.0,1111.11,2024-06-27
Courtisols,51193,51460,Maison,140.0,35250.0,251.79,2024-06-24
Matougues,51357,51510,Maison,80.0,189360.0,2367.0,2024-06-05
Châlons-en-Champagne,51108,51000,Appartement,30.0,34000.0,1133.33,2024-06-19
Reims,51454,51100,Appartement,61.0,79000.0,1295.08,2024-06-26
Boult-sur-Suippe,51074,51110,Maison,178.0,205000.0,1151.69,2024-06-21
Reims,51454,51100,Maison,123.0,181800.0,1478.05,2024-06-25
Épernay,51230,51200,Maison,84.0,160000.0,1904.76,2024-07-04
Jonchery-sur-Vesle,51308,51140,Appartement,53.0,96500.0,1820.75,2024-06-28
Bétheny,51055,51450,Appartement,63.0,171650.0,2724.6,2024-06-27
Reims,51454,51100,Appartement,97.0,289000.0,2979.38,2024-07-05
Reims,51454,51100,Appartement,25.0,46200.0,1848.0,2024-06-18
Saint-Masmes,51505,51490,Maison,187.0,155500.0,831.55,2024-06-25
Fismes,51250,51170,Maison,80.0,161000.0,2012.5,2024-06-12
Reims,51454,51100,Appartement,49.0,140000.0,2857.14,2024-06-27
Reims,51454,51100,Maison,101.0,319000.0,3158.42,2024-06-25
Berru,51052,51420,Maison,91.0,295000.0,3241.76,2024-07-02
Reims,51454,51100,Maison,93.0,299450.0,3219.89,2024-07-01
Reims,51454,51100,Appartement,41.0,157000.0,3829.27,2024-07-09
Marcilly-sur-Seine,51343,51260,Maison,160.0,134000.0,837.5,2024-06-26
Witry-lès-Reims,51662,51420,Maison,89.0,215000.0,2415.73,2024-06-26
Saint-Just-Sauvage,51492,51260,Maison,71.0,85000.0,1197.18,2024-06-25
Reims,51454,51100,Appartement,83.0,125750.0,1515.06,2024-06-27
Tinqueux,51573,51430,Maison,70.0,184500.0,2635.71,2024-06-21
Reims,51454,51100,Appartement,16.0,82500.0,5156.25,2024-07-02
Maisons-en-Champagne,51340,51300,Maison,130.0,220000.0,1692.31,2024-07-01
Maisons-en-Champagne,51340,51300,Maison,130.0,220000.0,1692.31,2024-07-01
Tours-sur-Marne,51576,51150,Maison,76.0,150000.0,1973.68,2024-06-21
Reims,51454,51100,Appartement,20.0,104000.0,5200.0,2024-07-05
Athis,51018,51150,Maison,95.0,163000.0,1715.79,2024-06-21
Unchair,51586,51170,Maison,119.0,285000.0,2394.96,2024-07-02
Auménancourt,51025,51110,Maison,214.0,216000.0,1009.35,2024-06-28
Châlons-en-Champagne,51108,51000,Maison,70.0,147000.0,2100.0,2024-07-02
Saint-Germain-la-Ville,51482,51240,Appartement,85.0,177000.0,2082.35,2024-07-04
Saint-Germain-la-Ville,51482,51240,Appartement,183.0,177000.0,967.21,2024-07-04
Frignicourt,51262,51300,Maison,76.0,76000.0,1000.0,2024-07-01
Reims,51454,51100,Appartement,61.0,204700.0,3355.74,2024-06-27
Witry-lès-Reims,51662,51420,Maison,90.0,175000.0,1944.44,2024-07-05
Tinqueux,51573,51430,Maison,66.0,217600.0,3296.97,2024-07-05
Avize,51029,51190,Maison,149.0,377500.0,2533.56,2024-06-28
Aÿ-Champagne,51030,51150,Maison,134.0,275550.0,2056.34,2024-06-19
Reims,51454,51100,Appartement,18.0,61000.0,3388.89,2024-07-08
Reims,51454,51100,Appartement,34.0,110000.0,3235.29,2024-07-05
Loivre,51329,51220,Maison,106.0,285000.0,2688.68,2024-06-28
Épernay,51230,51200,Appartement,66.0,109000.0,1651.52,2024-06-20
Vaudemange,51599,51380,Maison,136.0,290000.0,2132.35,2024-06-20
Nogent-l'Abbesse,51403,51420,Maison,144.0,250000.0,1736.11,2024-06-27
Nogent-l'Abbesse,51403,51420,Maison,45.0,250000.0,5555.56,2024-06-27
Épernay,51230,51200,Maison,96.0,200000.0,2083.33,2024-06-27
Broyes,51092,51120,Maison,61.0,88000.0,1442.62,2024-06-22
Reims,51454,51100,Appartement,76.0,228000.0,3000.0,2024-06-19
Saint-Memmie,51506,51470,Maison,107.0,150000.0,1401.87,2024-06-28
Bourgogne-Fresne,51075,51110,Maison,35.0,74200.0,2120.0,2024-06-27
Saint-Just-Sauvage,51492,51260,Maison,73.0,75000.0,1027.4,2024-06-22
Mourmelon-le-Grand,51388,51400,Maison,103.0,220000.0,2135.92,2024-06-27
Reims,51454,51100,Appartement,46.0,5500.0,119.57,2024-07-03
Reims,51454,51100,Appartement,140.0,495000.0,3535.71,2024-06-14
Sarry,51525,51520,Maison,99.0,90527.84,914.42,2024-06-28
Reims,51454,51100,Appartement,72.0,267000.0,3708.33,2024-07-05
Warmeriville,51660,51110,Maison,86.0,172500.0,2005.81,2024-06-26
Reims,51454,51100,Appartement,56.0,240000.0,4285.71,2024-06-26
Reims,51454,51100,Maison,100.0,233000.0,2330.0,2024-06-28
Blancs-Coteaux,51612,51130,Maison,91.0,255000.0,2802.2,2024-06-27
Châlons-en-Champagne,51108,51000,Appartement,68.0,88000.0,1294.12,2024-07-01
Châlons-en-Champagne,51108,51000,Appartement,40.0,71377.0,1784.42,2024-07-02
Reims,51454,51100,Appartement,88.0,236000.0,2681.82,2024-07-09
Thiéblemont-Farémont,51567,51300,Maison,120.0,198000.0,1650.0,2024-06-29
Reims,51454,51100,Maison,97.0,247000.0,2546.39,2024-07-05
Fontaine-sur-Ay,51256,51160,Maison,168.0,235400.0,1401.19,2024-06-25
Fontaine-sur-Ay,51256,51160,Maison,168.0,235400.0,1401.19,2024-06-25
Fontaine-sur-Ay,51256,51160,Maison,168.0,235400.0,1401.19,2024-06-25
Witry-lès-Reims,51662,51420,Appartement,51.0,114000.0,2235.29,2024-06-13
Vitry-le-François,51649,51300,Maison,109.0,206000.0,1889.91,2024-07-02
Reims,51454,51100,Appartement,189.0,475000.0,2513.23,2024-07-05
Montmort-Lucy,51381,51270,Maison,90.0,105000.0,1166.67,2024-06-28
Dormans,51217,51700,Maison,62.0,63585.0,1025.56,2024-06-24
Sommepy-Tahure,51544,51600,Maison,63.0,54500.0,865.08,2024-07-05
Courtisols,51193,51460,Maison,146.0,110300.0,755.48,2024-06-20
Montmirail,51380,51210,Appartement,70.0,300000.0,4285.71,2024-07-01
Montmirail,51380,51210,Appartement,70.0,300000.0,4285.71,2024-07-01
Montmirail,51380,51210,Appartement,101.0,300000.0,2970.3,2024-07-01
Montmirail,51380,51210,Appartement,101.0,300000.0,2970.3,2024-07-01
Bétheny,51055,51450,Maison,110.0,207000.0,1881.82,2024-07-05
Saint-Jean-sur-Tourbe,51491,51600,Maison,146.0,199100.0,1363.7,2024-06-21
Reims,51454,51100,Appartement,20.0,126900.0,6345.0,2024-06-17
Reims,51454,51100,Appartement,23.0,131900.0,5734.78,2024-06-17
Reims,51454,51100,Maison,120.0,68750.0,572.92,2024-07-04
Cormontreuil,51172,51350,Maison,92.0,363750.0,3953.8,2024-07-03
Reims,51454,51100,Maison,149.0,276000.0,1852.35,2024-06-18
Châlons-en-Champagne,51108,51000,Maison,112.0,277500.0,2477.68,2024-06-27
Châlons-en-Champagne,51108,51000,Appartement,18.0,42000.0,2333.33,2024-06-26
Châlons-en-Champagne,51108,51000,Maison,108.0,178000.0,1648.15,2024-07-01
Reims,51454,51100,Appartement,51.0,135000.0,2647.06,2024-06-27
Écury-sur-Coole,51227,51240,Maison,94.0,176950.0,1882.45,2024-06-28
Reims,51454,51100,Appartement,32.0,255000.0,7968.75,2024-06-28
Reims,51454,51100,Appartement,30.0,255000.0,8500.0,2024-06-28
Reims,51454,51100,Appartement,45.0,255000.0,5666.67,2024-06-28
Vitry-le-François,51649,51300,Maison,92.0,66000.0,717.39,2024-07-08
Hermonville,51291,51220,Maison,83.0,209000.0,2518.07,2024-07-03
Muizon,51391,51140,Maison,90.0,210000.0,2333.33,2024-06-17
Somme-Suippe,51546,51600,Maison,74.0,115000.0,1554.05,2024-06-28
Bazancourt,51043,51110,Maison,145.0,185000.0,1275.86,2024-07-04
Witry-lès-Reims,51662,51420,Maison,174.0,429500.0,2468.39,2024-06-21
Bettancourt-la-Longue,51057,51330,Maison,160.0,289500.0,1809.38,2024-06-27
Reims,51454,51100,Appartement,45.0,78150.0,1736.67,2024-06-18
Saint-Euphraise-et-Clairizet,51479,51390,Maison,90.0,185000.0,2055.56,2024-07-08
Reims,51454,51100,Appartement,51.0,85000.0,1666.67,2024-07-08
Ville-en-Tardenois,51624,51170,Maison,113.0,269500.0,2384.96,2024-06-14
Fère-Champenoise,51248,51230,Maison,80.0,124000.0,1550.0,2024-06-29
Saint-Léonard,51493,51500,Appartement,88.0,130000.0,1477.27,2024-06-27
Reims,51454,51100,Appartement,88.0,230000.0,2613.64,2024-07-10
Reims,51454,51100,Maison,128.0,235000.0,1835.94,2024-06-18
Reims,51454,51100,Appartement,108.0,229000.0,2120.37,2024-06-28
Reims,51454,51100,Appartement,85.0,174500.0,2052.94,2024-06-14
Reims,51454,51100,Appartement,26.0,215000.0,8269.23,2024-06-28
Reims,51454,51100,Appartement,26.0,215000.0,8269.23,2024-06-28
Beaumont-sur-Vesle,51044,51360,Maison,70.0,170000.0,2428.57,2024-07-09
Châtrices,51138,51800,Maison,55.0,20000.0,363.64,2024-07-05
Vinay,51643,51530,Maison,188.0,218150.0,1160.37,2024-06-21
Suippes,51559,51600,Maison,90.0,94500.0,1050.0,2024-06-28
Reims,51454,51100,Maison,36.0,148850.0,4134.72,2024-07-08
Reims,51454,51100,Appartement,50.0,135500.0,2710.0,2024-06-18
Bétheniville,51054,51490,Appartement,91.0,128250.0,1409.34,2024-06-24
Reims,51454,51100,Appartement,55.0,484840.0,8815.27,2024-06-28
Reims,51454,51100,Appartement,55.0,484840.0,8815.27,2024-06-28
Reims,51454,51100,Appartement,59.0,45000.0,762.71,2024-06-17
Reims,51454,51100,Appartement,79.0,153600.0,1944.3,2024-06-21
Reims,51454,51100,Appartement,18.0,31744.0,1763.56,2024-06-28
Reims,51454,51100,Maison,90.0,214900.0,2387.78,2024-07-09
Reims,51454,51100,Appartement,53.0,170000.0,3207.55,2024-07-08
Saint-Memmie,51506,51470,Maison,90.0,238270.0,2647.44,2024-07-04
Reims,51454,51100,Appartement,48.0,98000.0,2041.67,2024-07-05
Reims,51454,51100,Appartement,27.0,73090.0,2707.04,2024-07-03
Reims,51454,51100,Appartement,130.0,455000.0,3500.0,2024-07-01
Saint-Léonard,51493,51500,Maison,88.0,398240.0,4525.45,2024-06-19
Tinqueux,51573,51430,Maison,89.0,249500.0,2803.37,2024-07-01
Saint-Hilaire-le-Petit,51487,51490,Maison,87.0,40000.0,459.77,2024-07-04
Saint-Just-Sauvage,51492,51260,Maison,52.0,67000.0,1288.46,2024-06-19
Larzicourt,51316,51290,Maison,74.0,34400.0,464.86,2024-07-11
Reims,51454,51100,Appartement,90.0,155000.0,1722.22,2024-06-25
La Celle-sous-Chantemerle,51103,51260,Maison,119.0,96000.0,806.72,2024-06-20
Reims,51454,51100,Maison,143.0,365400.0,2555.24,2024-06-24
Reims,51454,51100,Appartement,39.0,100000.0,2564.1,2024-06-21
Reims,51454,51100,Appartement,64.0,118000.0,1843.75,2024-06-27
Reims,51454,51100,Appartement,57.0,168500.0,2956.14,2024-06-24
Bettancourt-la-Longue,51057,51330,Maison,65.0,41000.0,630.77,2024-06-19
Bettancourt-la-Longue,51057,51330,Maison,65.0,41000.0,630.77,2024-06-19
Bétheny,51055,51450,Maison,106.0,235000.0,2216.98,2024-06-24
Warmeriville,51660,51110,Maison,152.0,260000.0,1710.53,2024-07-04
Bouzy,51079,51150,Maison,106.0,230000.0,2169.81,2024-06-25
Cormontreuil,51172,51350,Maison,82.0,213000.0,2597.56,2024-07-10
Saint-Brice-Courcelles,51474,51370,Appartement,74.0,171000.0,2310.81,2024-06-21
Mourmelon-le-Grand,51388,51400,Maison,69.0,40000.0,579.71,2024-07-04
Reims,51454,51100,Maison,110.0,288000.0,2618.18,2024-07-08
Ambrières,51008,51290,Maison,116.0,235000.0,2025.86,2024-07-09
Pocancy,51435,51130,Maison,270.0,210000.0,777.78,2024-07-05
Reims,51454,51100,Appartement,38.0,110000.0,2894.74,2024-07-04
Suippes,51559,51600,Maison,36.0,56000.0,1555.56,2024-07-01
Reims,51454,51100,Appartement,16.0,49000.0,3062.5,2024-06-17
Épernay,51230,51200,Appartement,70.0,284000.0,4057.14,2024-07-08
Reims,51454,51100,Appartement,30.0,428000.0,14266.67,2024-06-24
Reims,51454,51100,Appartement,20.0,428000.0,21400.0,2024-06-24
Reims,51454,51100,Appartement,22.0,428000.0,19454.55,2024-06-24
Reims,51454,51100,Appartement,19.0,428000.0,22526.32,2024-06-24
Reims,51454,51100,Appartement,23.0,428000.0,18608.7,2024-06-24
Reims,51454,51100,Appartement,28.0,428000.0,15285.71,2024-06-24
Reims,51454,51100,Appartement,35.0,428000.0,12228.57,2024-06-24
Reims,51454,51100,Appartement,26.0,428000.0,16461.54,2024-06-24
Berru,51052,51420,Maison,151.0,271000.0,1794.7,2024-06-26
Berru,51052,51420,Maison,151.0,271000.0,1794.7,2024-06-26
Châlons-en-Champagne,51108,51000,Appartement,58.0,75500.0,1301.72,2024-07-10
Reims,51454,51100,Maison,100.0,214000.0,2140.0,2024-07-01
Reims,51454,51100,Appartement,75.0,202500.0,2700.0,2024-07-04
Reims,51454,51100,Appartement,72.0,150000.0,2083.33,2024-07-05
Reims,51454,51100,Appartement,66.0,280000.0,4242.42,2024-07-05
Dormans,51217,51700,Maison,45.0,35000.0,777.78,2024-06-27
Dormans,51217,51700,Maison,45.0,35000.0,777.78,2024-06-27
Caurel,51101,51110,Maison,139.0,205000.0,1474.82,2024-06-14
Reims,51454,51100,Appartement,31.0,53000.0,1709.68,2024-07-03
Reims,51454,51100,Appartement,57.0,350000.0,6140.35,2024-06-26
Reims,51454,51100,Appartement,40.0,350000.0,8750.0,2024-06-26
Reims,51454,51100,Appartement,57.0,350000.0,6140.35,2024-06-26
Reims,51454,51100,Appartement,40.0,350000.0,8750.0,2024-06-26
Reims,51454,51100,Appartement,67.0,350000.0,5223.88,2024-06-26
Caurel,51101,51110,Maison,325.0,718375.0,2210.38,2024-06-12
Caurel,51101,51110,Maison,60.0,718375.0,11972.92,2024-06-12
Reims,51454,51100,Appartement,48.0,104700.0,2181.25,2024-06-15
Reims,51454,51100,Appartement,49.0,131900.0,2691.84,2024-07-09
Gueux,51282,51390,Maison,140.0,821800.0,5870.0,2024-07-01
Gueux,51282,51390,Maison,140.0,821800.0,5870.0,2024-07-01
Morangis,51384,51530,Maison,83.0,259450.0,3125.9,2024-07-01
Reims,51454,51100,Appartement,34.0,98170.0,2887.35,2024-07-01
Reims,51454,51100,Appartement,56.0,83000.0,1482.14,2024-07-09
Épernay,51230,51200,Appartement,77.0,100000.0,1298.7,2024-07-04
Châlons-en-Champagne,51108,51000,Maison,97.0,230000.0,2371.13,2024-07-12
Reims,51454,51100,Maison,152.0,726000.0,4776.32,2024-07-03
Reims,51454,51100,Appartement,72.0,158500.0,2201.39,2024-07-03
Tinqueux,51573,51430,Appartement,69.0,121700.0,1763.77,2024-06-19
Reims,51454,51100,Appartement,64.0,167305.0,2614.14,2024-06-27
Tinqueux,51573,51430,Appartement,64.0,113500.0,1773.44,2024-07-09
Cormicy,51171,51220,Maison,147.0,248000.0,1687.07,2024-07-02
Sermaize-les-Bains,51531,51250,Maison,60.0,35000.0,583.33,2024-07-12
Tinqueux,51573,51430,Maison,73.0,258000.0,3534.25,2024-07-09
Courcy,51183,51220,Maison,127.0,302190.0,2379.45,2024-07-09
Marcilly-sur-Seine,51343,51260,Maison,120.0,139000.0,1158.33,2024-06-26
Bezannes,51058,51430,Appartement,63.0,251420.0,3990.79,2024-07-09
Reims,51454,51100,Appartement,126.0,451000.0,3579.37,2024-06-27
Reims,51454,51100,Appartement,106.0,395000.0,3726.42,2024-07-04
Bezannes,51058,51430,Appartement,87.0,246500.0,2833.33,2024-07-05
Berméricourt,51051,51220,Maison,168.0,379050.0,2256.25,2024-07-04
Reims,51454,51100,Appartement,45.0,105000.0,2333.33,2024-07-04
Cernay-lès-Reims,51105,51420,Maison,184.0,475000.0,2581.52,2024-06-28
Cernay-lès-Reims,51105,51420,Maison,184.0,475000.0,2581.52,2024-06-28
Reims,51454,51100,Maison,82.0,470000.0,5731.71,2024-07-05
Épernay,51230,51200,Maison,58.0,224000.0,3862.07,2024-07-05
Wargemoulin-Hurlus,51659,51800,Maison,90.0,10000.0,111.11,2024-06-27
Cormoyeux,51173,51480,Maison,74.0,220000.0,2972.97,2024-06-21
Isles-sur-Suippe,51299,51110,Maison,65.0,156000.0,2400.0,2024-06-17
Reims,51454,51100,Appartement,60.0,163000.0,2716.67,2024-07-10
Reims,51454,51100,Appartement,78.0,266000.0,3410.26,2024-07-10
Binarville,51062,51800,Maison,156.0,164500.0,1054.49,2024-06-28
Reims,51454,51100,Appartement,24.0,93000.0,3875.0,2024-06-26
Reims,51454,51100,Appartement,106.0,442300.0,4172.64,2024-06-27
Treslon,51581,51140,Maison,71.0,95000.0,1338.03,2024-06-27
Reims,51454,51100,Appartement,52.0,124000.0,2384.62,2024-06-27
Blancs-Coteaux,51612,51130,Maison,300.0,110000.0,366.67,2024-07-02
Reims,51454,51100,Appartement,78.0,131600.0,1687.18,2024-07-04
Nogent-l'Abbesse,51403,51420,Maison,164.0,315500.0,1923.78,2024-07-09
Reims,51454,51100,Appartement,111.0,239631.0,2158.84,2024-07-05
Ormes,51418,51370,Maison,79.0,262000.0,3316.46,2024-07-08
Witry-lès-Reims,51662,51420,Maison,229.0,415000.0,1812.23,2024-07-05
Auve,51027,51800,Maison,167.0,222300.0,1331.14,2024-07-13
Châtillon-sur-Marne,51136,51700,Maison,94.0,217656.0,2315.49,2024-07-09
Reims,51454,51100,Maison,75.0,194750.0,2596.67,2024-07-02
Bétheniville,51054,51490,Maison,178.0,230000.0,1292.13,2024-07-12
Châlons-en-Champagne,51108,51000,Maison,60.0,205800.0,3430.0,2024-07-03
Châlons-en-Champagne,51108,51000,Maison,60.0,205800.0,3430.0,2024-07-03
Monthelon,51378,51530,Maison,246.0,225000.0,914.63,2024-06-27
Monthelon,51378,51530,Maison,246.0,225000.0,914.63,2024-06-27
Reims,51454,51100,Appartement,80.0,275000.0,3437.5,2024-07-02
Saint-Masmes,51505,51490,Maison,104.0,249300.0,2397.12,2024-07-01
Saint-Mard-sur-Auve,51498,51800,Maison,104.0,165000.0,1586.54,2024-06-18
Saint-Mard-sur-Auve,51498,51800,Maison,104.0,165000.0,1586.54,2024-06-18
Châtillon-sur-Broué,51135,51290,Maison,89.0,130000.0,1460.67,2024-07-12
Courcy,51183,51220,Maison,126.0,434950.0,3451.98,2024-07-01
Tours-sur-Marne,51576,51150,Maison,242.0,263802.0,1090.09,2024-07-15
Reims,51454,51100,Appartement,82.0,242000.0,2951.22,2024-06-24
Épernay,51230,51200,Appartement,43.0,78500.0,1825.58,2024-07-08
Reims,51454,51100,Appartement,19.0,57700.0,3036.84,2024-06-25
Reims,51454,51100,Appartement,58.0,220000.0,3793.1,2024-07-08
Fismes,51250,51170,Appartement,51.0,52000.0,1019.61,2024-07-03
Épernay,51230,51200,Appartement,40.0,79200.0,1980.0,2024-07-04
Reims,51454,51100,Appartement,57.0,124000.0,2175.44,2024-07-17
Reims,51454,51100,Appartement,14.0,1000000.0,71428.57,2024-07-04
Reims,51454,51100,Appartement,17.0,1000000.0,58823.53,2024-07-04
Reims,51454,51100,Appartement,17.0,1000000.0,58823.53,2024-07-04
Reims,51454,51100,Appartement,18.0,1000000.0,55555.56,2024-07-04
Reims,51454,51100,Appartement,17.0,1000000.0,58823.53,2024-07-04
Reims,51454,51100,Appartement,17.0,1000000.0,58823.53,2024-07-04
Reims,51454,51100,Appartement,16.0,1000000.0,62500.0,2024-07-04
Reims,51454,51100,Appartement,17.0,1000000.0,58823.53,2024-07-04
Reims,51454,51100,Appartement,16.0,1000000.0,62500.0,2024-07-04
Reims,51454,51100,Appartement,15.0,1000000.0,66666.67,2024-07-04
Reims,51454,51100,Appartement,20.0,1000000.0,50000.0,2024-07-04
Reims,51454,51100,Appartement,15.0,1000000.0,66666.67,2024-07-04
Reims,51454,51100,Appartement,14.0,1000000.0,71428.57,2024-07-04
Reims,51454,51100,Appartement,15.0,1000000.0,66666.67,2024-07-04
Reims,51454,51100,Appartement,15.0,1000000.0,66666.67,2024-07-04
Reims,51454,51100,Appartement,15.0,1000000.0,66666.67,2024-07-04
Reims,51454,51100,Appartement,11.0,1000000.0,90909.09,2024-07-04
Reims,51454,51100,Appartement,12.0,1000000.0,83333.33,2024-07-04
Reims,51454,51100,Appartement,15.0,1000000.0,66666.67,2024-07-04
Reims,51454,51100,Appartement,22.0,1000000.0,45454.55,2024-07-04
Reims,51454,51100,Appartement,12.0,1000000.0,83333.33,2024-07-04
Reims,51454,51100,Appartement,19.0,1000000.0,52631.58,2024-07-04
Reims,51454,51100,Appartement,32.0,1000000.0,31250.0,2024-07-04
Reims,51454,51100,Appartement,12.0,1000000.0,83333.33,2024-07-04
Reims,51454,51100,Appartement,22.0,1000000.0,45454.55,2024-07-04
Reims,51454,51100,Appartement,18.0,1000000.0,55555.56,2024-07-04
Reims,51454,51100,Appartement,69.0,127000.0,1840.58,2024-07-15
Reims,51454,51100,Appartement,122.0,129000.0,1057.38,2024-07-10
Val-de-Vesle,51571,51360,Maison,172.0,535000.0,3110.47,2024-07-08
Val-de-Vesle,51571,51360,Maison,67.0,535000.0,7985.07,2024-07-08
Mareuil-en-Brie,51345,51270,Maison,120.0,204850.0,1707.08,2024-07-12
Mareuil-en-Brie,51345,51270,Maison,120.0,204850.0,1707.08,2024-07-12
Reims,51454,51100,Appartement,74.0,105000.0,1418.92,2024-07-10
Reims,51454,51100,Appartement,45.0,142217.0,3160.38,2024-07-12
Cormontreuil,51172,51350,Maison,82.0,282000.0,3439.02,2024-07-12
Reims,51454,51100,Appartement,40.0,79000.0,1975.0,2024-07-09
Bétheny,51055,51450,Maison,135.0,180000.0,1333.33,2024-06-27
Loivre,51329,51220,Maison,89.0,233209.0,2620.33,2024-07-12
Reims,51454,51100,Appartement,73.0,95000.0,1301.37,2024-07-03
Somme-Vesle,51548,51460,Maison,96.0,205000.0,2135.42,2024-07-05
Reims,51454,51100,Appartement,25.0,50000.0,2000.0,2024-07-15
Romain,51464,51140,Maison,110.0,261050.0,2373.18,2024-07-02
Reims,51454,51100,Appartement,107.0,178000.0,1663.55,2024-06-26
Gueux,51282,51390,Maison,58.0,70000.0,1206.9,2024-07-03
Épernay,51230,51200,Maison,70.0,153500.0,2192.86,2024-06-29
Pontfaverger-Moronvilliers,51440,51490,Maison,101.0,510000.0,5049.5,2024-06-28
Pontfaverger-Moronvilliers,51440,51490,Maison,101.0,510000.0,5049.5,2024-06-28
Reims,51454,51100,Appartement,28.0,125000.0,4464.29,2024-07-15
Bétheny,51055,51450,Appartement,50.0,133248.0,2664.96,2024-06-28
Châlons-en-Champagne,51108,51000,Appartement,50.0,275000.0,5500.0,2024-07-08
Châlons-en-Champagne,51108,51000,Appartement,28.0,275000.0,9821.43,2024-07-08
Châlons-en-Champagne,51108,51000,Appartement,38.0,275000.0,7236.84,2024-07-08
Châlons-en-Champagne,51108,51000,Appartement,90.0,275000.0,3055.56,2024-07-08
Châlons-en-Champagne,51108,51000,Appartement,52.0,275000.0,5288.46,2024-07-08
Châlons-en-Champagne,51108,51000,Appartement,30.0,275000.0,9166.67,2024-07-08
Châlons-en-Champagne,51108,51000,Appartement,38.0,275000.0,7236.84,2024-07-08
Reims,51454,51100,Appartement,53.0,122000.0,2301.89,2024-06-26
Bazancourt,51043,51110,Maison,79.0,178000.0,2253.16,2024-07-05
Bezannes,51058,51430,Appartement,42.0,195067.0,4644.45,2024-07-10
Reims,51454,51100,Appartement,22.0,145000.0,6590.91,2024-06-28
Reims,51454,51100,Appartement,45.0,122141.0,2714.24,2024-06-28
Cormontreuil,51172,51350,Maison,138.0,345400.0,2502.9,2024-06-28
Tinqueux,51573,51430,Appartement,78.0,165500.0,2121.79,2024-06-26
Reims,51454,51100,Appartement,45.0,95000.0,2111.11,2024-07-12
Reims,51454,51100,Appartement,60.0,1000000.0,16666.67,2024-06-25
Reims,51454,51100,Appartement,60.0,1000000.0,16666.67,2024-06-25
Reims,51454,51100,Maison,75.0,1000000.0,13333.33,2024-06-25
Montmort-Lucy,51381,51270,Maison,160.0,225000.0,1406.25,2024-07-12
Reims,51454,51100,Maison,99.0,197000.0,1989.9,2024-06-21
Taissy,51562,51500,Maison,121.0,243950.0,2016.12,2024-07-05
Reims,51454,51100,Appartement,121.0,119000.0,983.47,2024-07-11
Verzy,51614,51380,Maison,68.0,210000.0,3088.24,2024-06-20
Verzy,51614,51380,Maison,68.0,210000.0,3088.24,2024-06-20
Bezannes,51058,51430,Appartement,43.0,183233.0,4261.23,2024-07-10
Saint-Brice-Courcelles,51474,51370,Maison,83.0,240000.0,2891.57,2024-07-12
Blancs-Coteaux,51612,51130,Maison,136.0,43645.0,320.92,2024-07-09
Blancs-Coteaux,51612,51130,Maison,52.0,43645.0,839.33,2024-07-09
Blancs-Coteaux,51612,51130,Maison,52.0,43645.0,839.33,2024-07-09
Blancs-Coteaux,51612,51130,Maison,136.0,43645.0,320.92,2024-07-09
Reims,51454,51100,Appartement,53.0,66000.0,1245.28,2024-07-10
Reims,51454,51100,Appartement,91.0,215000.0,2362.64,2024-07-05
Fagnières,51242,51510,Maison,102.0,176260.0,1728.04,2024-06-28
Reims,51454,51100,Appartement,128.0,417900.0,3264.84,2024-07-15
Reims,51454,51100,Maison,100.0,272500.0,2725.0,2024-07-05
Bouzy,51079,51150,Maison,72.0,156750.0,2177.08,2024-07-08
Livry-Louvercy,51326,51400,Maison,106.0,242000.0,2283.02,2024-07-15
Le Vézier,51618,51210,Maison,100.0,164000.0,1640.0,2024-07-17
Châlons-en-Champagne,51108,51000,Maison,189.0,269500.0,1425.93,2024-07-10
Châlons-en-Champagne,51108,51000,Appartement,44.0,112000.0,2545.45,2024-06-28
Châlons-en-Champagne,51108,51000,Appartement,46.0,112000.0,2434.78,2024-06-28
Thibie,51566,51510,Maison,144.0,161050.0,1118.4,2024-07-05
Châlons-en-Champagne,51108,51000,Appartement,42.0,73500.0,1750.0,2024-07-10
Élise-Daucourt,51228,51800,Maison,80.0,75000.0,937.5,2024-06-24
Reims,51454,51100,Appartement,69.0,232000.0,3362.32,2024-07-12
Reims,51454,51100,Maison,65.0,145000.0,2230.77,2024-07-01
Esclavolles-Lurey,51234,51260,Maison,125.0,225000.0,1800.0,2024-06-26
Châlons-en-Champagne,51108,51000,Appartement,100.0,80000.0,800.0,2024-07-08
Châlons-en-Champagne,51108,51000,Appartement,94.0,80000.0,851.06,2024-07-08
Sainte-Menehould,51507,51800,Appartement,90.0,25000.0,277.78,2024-07-05
Crugny,51198,51170,Maison,190.0,359600.0,1892.63,2024-06-28
Esclavolles-Lurey,51234,51260,Maison,113.0,125000.0,1106.19,2024-06-25
Reims,51454,51100,Appartement,26.0,72000.0,2769.23,2024-07-01
Reims,51454,51100,Appartement,87.0,175980.0,2022.76,2024-07-11
Châlons-en-Champagne,51108,51000,Appartement,99.0,79920.0,807.27,2024-07-15
Châlons-en-Champagne,51108,51000,Appartement,44.0,79920.0,1816.36,2024-07-15
Châlons-en-Champagne,51108,51000,Appartement,100.0,90200.0,902.0,2024-07-04
Châlons-en-Champagne,51108,51000,Appartement,94.0,90200.0,959.57,2024-07-04
Moiremont,51370,51800,Maison,9.0,25000.0,2777.78,2024-07-09
Vitry-le-François,51649,51300,Maison,125.0,210000.0,1680.0,2024-07-04
Reims,51454,51100,Maison,121.0,394000.0,3256.2,2024-06-28
Reims,51454,51100,Maison,146.0,776100.0,5315.75,2024-06-28
Vitry-le-François,51649,51300,Maison,130.0,130000.0,1000.0,2024-06-26
Mourmelon-le-Petit,51389,51400,Appartement,105.0,140000.0,1333.33,2024-07-17
Mourmelon-le-Petit,51389,51400,Appartement,61.0,140000.0,2295.08,2024-07-17
Mourmelon-le-Petit,51389,51400,Appartement,104.0,140000.0,1346.15,2024-07-17
Mourmelon-le-Petit,51389,51400,Appartement,100.0,140000.0,1400.0,2024-07-17
Mourmelon-le-Petit,51389,51400,Appartement,70.0,140000.0,2000.0,2024-07-17
Mourmelon-le-Petit,51389,51400,Appartement,40.0,140000.0,3500.0,2024-07-17
Mourmelon-le-Petit,51389,51400,Appartement,60.0,140000.0,2333.33,2024-07-17
Mourmelon-le-Petit,51389,51400,Appartement,100.0,140000.0,1400.0,2024-07-17
Mourmelon-le-Petit,51389,51400,Appartement,90.0,140000.0,1555.56,2024-07-17
Mourmelon-le-Petit,51389,51400,Appartement,90.0,140000.0,1555.56,2024-07-17
Mourmelon-le-Petit,51389,51400,Appartement,90.0,140000.0,1555.56,2024-07-17
Mourmelon-le-Petit,51389,51400,Appartement,100.0,140000.0,1400.0,2024-07-17
Mourmelon-le-Petit,51389,51400,Appartement,90.0,140000.0,1555.56,2024-07-17
Mourmelon-le-Petit,51389,51400,Appartement,100.0,140000.0,1400.0,2024-07-17
Mourmelon-le-Petit,51389,51400,Appartement,95.0,140000.0,1473.68,2024-07-17
Mourmelon-le-Petit,51389,51400,Appartement,100.0,140000.0,1400.0,2024-07-17
Mourmelon-le-Petit,51389,51400,Appartement,90.0,140000.0,1555.56,2024-07-17
Mourmelon-le-Petit,51389,51400,Appartement,90.0,140000.0,1555.56,2024-07-17
Champillon,51119,51160,Maison,97.0,351000.0,3618.56,2024-07-01
Épernay,51230,51200,Maison,116.0,100000.0,862.07,2024-07-01
Épernay,51230,51200,Maison,70.0,120000.0,1714.29,2024-07-02
Épernay,51230,51200,Maison,81.0,210000.0,2592.59,2024-07-03
Cuis,51200,51530,Maison,83.0,106000.0,1277.11,2024-07-02
Pleurs,51432,51230,Maison,104.0,107000.0,1028.85,2024-06-29
Châlons-en-Champagne,51108,51000,Appartement,31.0,57000.0,1838.71,2024-07-09
Reims,51454,51100,Appartement,25.0,87804.0,3512.16,2024-07-01
Châlons-en-Champagne,51108,51000,Maison,66.0,70000.0,1060.61,2024-07-11
Bagneux,51032,51260,Maison,82.0,130000.0,1585.37,2024-06-21
Bagneux,51032,51260,Maison,82.0,130000.0,1585.37,2024-06-21
Bouy,51078,51400,Maison,65.0,127670.0,1964.15,2024-07-15
Bouy,51078,51400,Maison,65.0,127670.0,1964.15,2024-07-15
Sézanne,51535,51120,Appartement,45.0,113990.0,2533.11,2024-07-04
Sézanne,51535,51120,Appartement,54.0,113990.0,2110.93,2024-07-04
Lachy,51313,51120,Maison,72.0,92500.0,1284.72,2024-07-05
Pleurs,51432,51230,Maison,47.0,122000.0,2595.74,2024-07-02
Reims,51454,51100,Appartement,22.0,55000.0,2500.0,2024-07-10
Épernay,51230,51200,Appartement,115.0,170000.0,1478.26,2024-07-10
Auménancourt,51025,51110,Maison,82.0,210000.0,2560.98,2024-07-16
Vinay,51643,51530,Maison,137.0,375000.0,2737.23,2024-07-12
Reims,51454,51100,Maison,72.0,183000.0,2541.67,2024-07-15
Sézanne,51535,51120,Maison,35.0,28000.0,800.0,2024-07-04
Connantre,51165,51230,Maison,80.0,85000.0,1062.5,2024-07-11
Treslon,51581,51140,Maison,251.0,525000.0,2091.63,2024-07-17
La Celle-sous-Chantemerle,51103,51260,Maison,105.0,120000.0,1142.86,2024-07-06
Vassimont-et-Chapelaine,51594,51320,Maison,97.0,110000.0,1134.02,2024-07-05
Vassimont-et-Chapelaine,51594,51320,Maison,97.0,110000.0,1134.02,2024-07-05
Cormontreuil,51172,51350,Appartement,114.0,231500.0,2030.7,2024-07-11
Le Mesnil-sur-Oger,51367,51190,Maison,100.0,50000.0,500.0,2024-07-04
Châlons-en-Champagne,51108,51000,Appartement,75.0,106000.0,1413.33,2024-07-03
Reims,51454,51100,Appartement,45.0,122000.0,2711.11,2024-07-16
Auve,51027,51800,Maison,195.0,95000.0,487.18,2024-06-28
Auve,51027,51800,Maison,195.0,95000.0,487.18,2024-06-28
Sainte-Menehould,51507,51800,Appartement,49.0,90500.0,1846.94,2024-07-04
Sainte-Menehould,51507,51800,Appartement,70.0,90500.0,1292.86,2024-07-04
Sainte-Menehould,51507,51800,Appartement,193.0,90500.0,468.91,2024-07-04
Reims,51454,51100,Maison,118.0,352710.0,2989.07,2024-07-16
Tinqueux,51573,51430,Maison,73.0,246230.0,3373.01,2024-07-03
Tinqueux,51573,51430,Maison,113.0,249500.0,2207.96,2024-07-09
Fismes,51250,51170,Maison,96.0,243170.0,2533.02,2024-06-06
Ormes,51418,51370,Maison,100.0,331450.0,3314.5,2024-07-11
Reims,51454,51100,Appartement,88.0,167500.0,1903.41,2024-07-11
Reims,51454,51100,Maison,107.0,210000.0,1962.62,2024-07-22
Reims,51454,51100,Appartement,21.0,68350.0,3254.76,2024-07-16
Merfy,51362,51220,Maison,90.0,185000.0,2055.56,2024-07-09
Reims,51454,51100,Maison,86.0,212000.0,2465.12,2024-07-09
Reims,51454,51100,Maison,82.0,309900.0,3779.27,2024-07-12
Fismes,51250,51170,Maison,96.0,170300.0,1773.96,2024-06-29
Reims,51454,51100,Appartement,69.0,216250.0,3134.06,2024-07-16
Châlons-en-Champagne,51108,51000,Appartement,44.0,67500.0,1534.09,2024-06-11
Bezannes,51058,51430,Appartement,44.0,165000.0,3750.0,2024-07-09
Reims,51454,51100,Appartement,49.0,128000.0,2612.24,2024-07-12
Épernay,51230,51200,Appartement,39.0,53000.0,1358.97,2024-07-01
Châlons-en-Champagne,51108,51000,Appartement,46.0,106000.0,2304.35,2024-06-12
Châlons-en-Champagne,51108,51000,Appartement,56.0,106000.0,1892.86,2024-06-12
Cormontreuil,51172,51350,Maison,82.0,178000.0,2170.73,2024-07-12
Châlons-en-Champagne,51108,51000,Appartement,22.0,33000.0,1500.0,2024-06-12
Reims,51454,51100,Appartement,40.0,113250.0,2831.25,2024-07-18
Châlons-en-Champagne,51108,51000,Appartement,47.0,79830.0,1698.51,2024-06-11
Reims,51454,51100,Appartement,68.0,255000.0,3750.0,2024-07-12
Reims,51454,51100,Maison,73.0,295000.0,4041.1,2024-07-11
Reims,51454,51100,Maison,43.0,198500.0,4616.28,2024-07-02
Reims,51454,51100,Appartement,90.0,95000.0,1055.56,2024-07-17
Courthiézy,51192,51700,Maison,80.0,120000.0,1500.0,2024-06-24
Suippes,51559,51600,Maison,90.0,109000.0,1211.11,2024-07-16
Reims,51454,51100,Maison,110.0,430900.0,3917.27,2024-06-26
Reims,51454,51100,Appartement,38.0,91835.0,2416.71,2024-07-17
Épernay,51230,51200,Maison,127.0,300000.0,2362.2,2024-07-18
Reims,51454,51100,Appartement,54.0,125000.0,2314.81,2024-07-09
Reims,51454,51100,Appartement,75.0,330000.0,4400.0,2024-07-11
Reims,51454,51100,Appartement,32.0,330000.0,10312.5,2024-07-11
Reims,51454,51100,Appartement,9.0,330000.0,36666.67,2024-07-11
Reims,51454,51100,Appartement,43.0,330000.0,7674.42,2024-07-11
Avize,51029,51190,Maison,98.0,261930.0,2672.76,2024-07-18
Suippes,51559,51600,Maison,120.0,192000.0,1600.0,2024-07-15
Suippes,51559,51600,Maison,79.0,197450.0,2499.37,2024-07-19
Blancs-Coteaux,51612,51130,Appartement,60.0,280000.0,4666.67,2024-07-11
Blancs-Coteaux,51612,51130,Appartement,85.0,280000.0,3294.12,2024-07-11
Blancs-Coteaux,51612,51130,Appartement,69.0,280000.0,4057.97,2024-07-11
Reims,51454,51100,Appartement,45.0,130000.0,2888.89,2024-06-26
Reims,51454,51100,Appartement,32.0,77000.0,2406.25,2024-07-01
Fismes,51250,51170,Maison,50.0,98000.0,1960.0,2024-07-16
Prouilly,51448,51140,Maison,90.0,150000.0,1666.67,2024-07-05
Bannes,51035,51230,Maison,111.0,163500.0,1472.97,2024-07-02
Bannes,51035,51230,Maison,111.0,163500.0,1472.97,2024-07-02
Conflans-sur-Seine,51162,51260,Maison,76.0,22000.0,289.47,2024-07-19
Reims,51454,51100,Appartement,100.0,201000.0,2010.0,2024-07-12
Souain-Perthes-lès-Hurlus,51553,51600,Maison,80.0,165200.0,2065.0,2024-07-15
Hermonville,51291,51220,Maison,64.0,190000.0,2968.75,2024-07-03
Suippes,51559,51600,Maison,115.0,130000.0,1130.43,2024-07-09
Reims,51454,51100,Appartement,59.0,89380.0,1514.92,2024-06-28
Breuvery-sur-Coole,51087,51240,Maison,156.0,256750.0,1645.83,2024-06-13
Reims,51454,51100,Maison,60.0,150000.0,2500.0,2024-07-19
Tours-sur-Marne,51576,51150,Maison,68.0,140000.0,2058.82,2024-07-12
Cramant,51196,51530,Maison,87.0,189500.0,2178.16,2024-07-17
Châlons-en-Champagne,51108,51000,Appartement,45.0,70000.0,1555.56,2024-06-12
Marcilly-sur-Seine,51343,51260,Maison,47.0,69000.0,1468.09,2024-07-08
Merfy,51362,51220,Maison,105.0,100000.0,952.38,2024-07-02
Châlons-en-Champagne,51108,51000,Appartement,64.0,60000.0,937.5,2024-06-12
La Veuve,51617,51520,Maison,89.0,195920.0,2201.35,2024-07-18
Coizard-Joches,51157,51270,Maison,148.0,231040.0,1561.08,2024-07-19
Coizard-Joches,51157,51270,Maison,148.0,231040.0,1561.08,2024-07-19
Reims,51454,51100,Appartement,36.0,70000.0,1944.44,2024-07-16
Reims,51454,51100,Appartement,71.0,109250.0,1538.73,2024-07-18
Saint-Martin-sur-le-Pré,51504,51520,Maison,88.0,220000.0,2500.0,2024-07-16
Reims,51454,51100,Appartement,43.0,205000.0,4767.44,2024-07-16
Reims,51454,51100,Appartement,25.0,131900.0,5276.0,2024-06-28
Châlons-en-Champagne,51108,51000,Maison,83.0,300000.0,3614.46,2024-07-16
Reims,51454,51100,Appartement,65.0,170000.0,2615.38,2024-07-09
Châlons-en-Champagne,51108,51000,Appartement,99.0,82140.0,829.7,2024-07-17
Châlons-en-Champagne,51108,51000,Appartement,100.0,82140.0,821.4,2024-07-17
Épernay,51230,51200,Appartement,27.0,58805.0,2177.96,2024-07-08
Pierry,51431,51530,Maison,64.0,197000.0,3078.12,2024-07-05
Hermonville,51291,51220,Maison,193.0,246100.0,1275.13,2024-06-28
Hermonville,51291,51220,Maison,193.0,246100.0,1275.13,2024-06-28
Warmeriville,51660,51110,Maison,91.0,237750.0,2612.64,2024-07-19
Châlons-en-Champagne,51108,51000,Appartement,97.0,67710.0,698.04,2024-07-16
Avenay-Val-d'Or,51028,51160,Maison,145.0,441000.0,3041.38,2024-07-10
Val de Livre,51564,51150,Maison,94.0,125000.0,1329.79,2024-07-03
Vitry-le-François,51649,51300,Maison,73.0,109000.0,1493.15,2024-07-06
Châlons-en-Champagne,51108,51000,Maison,89.0,100000.0,1123.6,2024-06-14
Reims,51454,51100,Appartement,100.0,267500.0,2675.0,2024-07-01
Châlons-en-Champagne,51108,51000,Maison,70.0,121000.0,1728.57,2024-06-17
Reims,51454,51100,Appartement,72.0,228900.0,3179.17,2024-07-17
Reims,51454,51100,Maison,84.0,235000.0,2797.62,2024-07-18
Reims,51454,51100,Maison,104.0,140000.0,1346.15,2024-07-11
Bétheny,51055,51450,Maison,81.0,225000.0,2777.78,2024-07-23
Fismes,51250,51170,Appartement,84.0,253100.0,3013.1,2024-07-12
Fismes,51250,51170,Appartement,35.0,253100.0,7231.43,2024-07-12
Fismes,51250,51170,Appartement,79.0,253100.0,3203.8,2024-07-12
Fismes,51250,51170,Appartement,35.0,253100.0,7231.43,2024-07-12
Verzy,51614,51380,Maison,106.0,180000.0,1698.11,2024-07-23
Val-de-Vesle,51571,51360,Maison,286.0,480000.0,1678.32,2024-07-23
Val-de-Vesle,51571,51360,Maison,286.0,480000.0,1678.32,2024-07-23
Reims,51454,51100,Appartement,29.0,59000.0,2034.48,2024-07-22
Reims,51454,51100,Appartement,44.0,210000.0,4772.73,2024-07-03
Reims,51454,51100,Appartement,21.0,91500.0,4357.14,2024-07-05
Reims,51454,51100,Appartement,53.0,164500.0,3103.77,2024-07-23
Reims,51454,51100,Maison,87.0,187000.0,2149.43,2024-07-17
Reims,51454,51100,Maison,36.0,144900.0,4025.0,2024-07-22
Witry-lès-Reims,51662,51420,Maison,85.0,175000.0,2058.82,2024-07-19
Reims,51454,51100,Appartement,27.0,158900.0,5885.19,2024-06-25
Reims,51454,51100,Appartement,84.0,264850.0,3152.98,2024-07-17
Festigny,51249,51700,Maison,65.0,159700.0,2456.92,2024-07-10
Tinqueux,51573,51430,Maison,127.0,450000.0,3543.31,2024-07-19
Le Baizil,51033,51270,Maison,165.0,155000.0,939.39,2024-06-24
Chenay,51145,51140,Maison,42.0,35000.0,833.33,2024-07-09
Orconte,51417,51300,Maison,145.0,150000.0,1034.48,2024-07-12
Maisons-en-Champagne,51340,51300,Maison,105.0,209000.0,1990.48,2024-06-29
Reims,51454,51100,Appartement,52.0,225000.0,4326.92,2024-07-18
Reims,51454,51100,Appartement,56.0,120000.0,2142.86,2024-07-11
Sommesous,51545,51320,Maison,77.0,112500.0,1461.04,2024-07-19
Taissy,51562,51500,Maison,89.0,238900.0,2684.27,2024-07-19
Vitry-le-François,51649,51300,Maison,43.0,39000.0,906.98,2024-06-29
Reims,51454,51100,Appartement,69.0,308000.0,4463.77,2024-07-17
Reims,51454,51100,Appartement,45.0,95000.0,2111.11,2024-07-11
Reims,51454,51100,Maison,73.0,215692.0,2954.68,2024-07-18
Reims,51454,51100,Maison,52.0,215692.0,4147.92,2024-07-18
Pogny,51436,51240,Maison,155.0,251800.0,1624.52,2024-07-12
Reims,51454,51100,Maison,90.0,365000.0,4055.56,2024-07-19
Berru,51052,51420,Maison,140.0,73000.0,521.43,2024-07-17
Saint-Brice-Courcelles,51474,51370,Appartement,69.0,214500.0,3108.7,2024-07-15
Épernay,51230,51200,Maison,94.0,299000.0,3180.85,2024-07-22
Reims,51454,51100,Appartement,40.0,115000.0,2875.0,2024-07-19
Aulnay-l'Aître,51022,51240,Maison,75.0,141750.0,1890.0,2024-07-04
Vitry-le-François,51649,51300,Appartement,32.0,47000.0,1468.75,2024-07-19
Aÿ-Champagne,51030,51150,Maison,91.0,210000.0,2307.69,2024-07-22
Reims,51454,51100,Appartement,31.0,115200.0,3716.13,2024-07-18
Reims,51454,51100,Appartement,90.0,281000.0,3122.22,2024-07-03
Mourmelon-le-Petit,51389,51400,Maison,172.0,104500.0,607.56,2024-07-22
Reims,51454,51100,Appartement,77.0,122220.0,1587.27,2024-07-02
Frignicourt,51262,51300,Maison,84.0,110000.0,1309.52,2024-07-16
Vitry-le-François,51649,51300,Maison,98.0,135000.0,1377.55,2024-07-11
Reims,51454,51100,Appartement,96.0,232000.0,2416.67,2024-07-12
Frignicourt,51262,51300,Maison,54.0,59000.0,1092.59,2024-07-16
Reims,51454,51100,Appartement,71.0,247383.0,3484.27,2024-07-18
Reims,51454,51100,Appartement,75.0,180000.0,2400.0,2024-07-19
Frignicourt,51262,51300,Maison,61.0,105000.0,1721.31,2024-07-12
Frignicourt,51262,51300,Maison,61.0,105000.0,1721.31,2024-07-12
Reims,51454,51100,Maison,92.0,200000.0,2173.91,2024-07-12
Reims,51454,51100,Appartement,71.0,220000.0,3098.59,2024-06-26
Orbais-l'Abbaye,51416,51270,Maison,43.0,46000.0,1069.77,2024-07-16
Reims,51454,51100,Maison,148.0,408000.0,2756.76,2024-07-15
Reims,51454,51100,Appartement,48.0,87000.0,1812.5,2024-07-15
Reims,51454,51100,Appartement,85.0,151500.0,1782.35,2024-07-16
Reims,51454,51100,Appartement,23.0,67000.0,2913.04,2024-06-27
Reuil,51457,51480,Maison,111.0,100000.0,900.9,2024-07-16
Reuil,51457,51480,Maison,16.0,100000.0,6250.0,2024-07-16
Vandières,51592,51700,Maison,42.0,73500.0,1750.0,2024-07-08
Vandières,51592,51700,Maison,15.0,73500.0,4900.0,2024-07-08
Reims,51454,51100,Appartement,26.0,190000.0,7307.69,2024-07-12
Reims,51454,51100,Appartement,65.0,190000.0,2923.08,2024-07-12
Reims,51454,51100,Appartement,27.0,190000.0,7037.04,2024-07-12
Reims,51454,51100,Appartement,26.0,190000.0,7307.69,2024-07-12
Tinqueux,51573,51430,Maison,94.0,265000.0,2819.15,2024-07-23
Montmirail,51380,51210,Maison,79.0,150000.0,1898.73,2024-06-28
Reims,51454,51100,Appartement,163.0,25000.0,153.37,2024-07-11
Reims,51454,51100,Maison,76.0,307000.0,4039.47,2024-07-17
Bouilly,51072,51390,Maison,188.0,408400.0,2172.34,2024-07-22
Saint-Hilaire-le-Grand,51486,51600,Maison,60.0,144000.0,2400.0,2024-07-24
Reims,51454,51100,Appartement,32.0,76000.0,2375.0,2024-05-16
Épernay,51230,51200,Maison,80.0,189000.0,2362.5,2024-07-24
Reims,51454,51100,Appartement,95.0,219700.0,2312.63,2024-07-15
Witry-lès-Reims,51662,51420,Maison,88.0,254500.0,2892.05,2024-07-15
Beine-Nauroy,51046,51490,Maison,99.0,315000.0,3181.82,2024-07-04
Châlons-en-Champagne,51108,51000,Maison,140.0,243000.0,1735.71,2024-06-20
Reims,51454,51100,Appartement,38.0,109000.0,2868.42,2024-07-18
Reims,51454,51100,Maison,94.0,152000.0,1617.02,2024-07-01
Champfleury,51115,51500,Maison,138.0,380600.0,2757.97,2024-07-10
Reims,51454,51100,Appartement,57.0,770000.0,13508.77,2024-07-10
Reims,51454,51100,Appartement,91.0,770000.0,8461.54,2024-07-10
Reims,51454,51100,Appartement,91.0,770000.0,8461.54,2024-07-10
Reims,51454,51100,Appartement,44.0,770000.0,17500.0,2024-07-10
Châlons-en-Champagne,51108,51000,Appartement,112.0,190600.0,1701.79,2024-06-18
Reims,51454,51100,Appartement,65.0,72000.0,1107.69,2024-07-19
Saron-sur-Aube,51524,51260,Maison,141.0,195000.0,1382.98,2024-07-24
Romery,51465,51480,Maison,50.0,38250.0,765.0,2024-07-10
Romery,51465,51480,Maison,70.0,38250.0,546.43,2024-07-10
Fagnières,51242,51510,Appartement,51.0,140000.0,2745.1,2024-07-18
Tinqueux,51573,51430,Appartement,95.0,313933.66,3304.56,2024-07-11
Reims,51454,51100,Appartement,65.0,130000.0,2000.0,2024-07-25
Châlons-en-Champagne,51108,51000,Appartement,69.0,48500.0,702.9,2024-06-21
Corroy,51176,51230,Maison,166.0,346600.0,2087.95,2024-07-01
Reims,51454,51100,Appartement,33.0,95000.0,2878.79,2024-07-17
Reims,51454,51100,Appartement,65.0,99999.0,1538.45,2024-07-16
Les Charmontois,51132,51330,Maison,96.0,69500.0,723.96,2024-07-09
Montmirail,51380,51210,Maison,160.0,210000.0,1312.5,2024-07-18
Reims,51454,51100,Appartement,110.0,359000.0,3263.64,2024-07-19
Saint-Memmie,51506,51470,Appartement,60.0,92000.0,1533.33,2024-06-24
Cormontreuil,51172,51350,Maison,117.0,350000.0,2991.45,2024-07-04
Épernay,51230,51200,Appartement,42.0,84749.0,2017.83,2024-06-28
Reims,51454,51100,Appartement,17.0,63000.0,3705.88,2024-07-15
Fagnières,51242,51510,Maison,91.0,150000.0,1648.35,2024-06-25
Reims,51454,51100,Appartement,81.0,296000.0,3654.32,2024-07-25
Reims,51454,51100,Appartement,62.0,174500.0,2814.52,2024-07-16
Cormoyeux,51173,51480,Maison,43.0,45000.0,1046.51,2024-07-18
Rilly-la-Montagne,51461,51500,Maison,200.0,483240.0,2416.2,2024-07-17
Gaye,51265,51120,Maison,91.0,149500.0,1642.86,2024-07-24
Reims,51454,51100,Appartement,32.0,40800.0,1275.0,2024-06-26
Reims,51454,51100,Maison,65.0,184700.0,2841.54,2024-07-02
Épernay,51230,51200,Appartement,94.0,182000.0,1936.17,2024-07-10
Le Mesnil-sur-Oger,51367,51190,Maison,116.0,205000.0,1767.24,2024-07-09
Le Mesnil-sur-Oger,51367,51190,Maison,58.0,205000.0,3534.48,2024-07-09
Cheppes-la-Prairie,51148,51240,Maison,91.0,165000.0,1813.19,2024-06-21
Taissy,51562,51500,Maison,106.0,300000.0,2830.19,2024-07-01
Sarry,51525,51520,Maison,96.0,165000.0,1718.75,2024-07-25
Matougues,51357,51510,Maison,73.0,197500.0,2705.48,2024-07-20
Bouchy-Saint-Genest,51071,51310,Maison,63.0,163000.0,2587.3,2024-07-23
Reims,51454,51100,Maison,83.0,178500.0,2150.6,2024-06-28
Le Vézier,51618,51210,Maison,79.0,155000.0,1962.03,2024-07-18
Reims,51454,51100,Appartement,60.0,83000.0,1383.33,2024-06-26
Châlons-en-Champagne,51108,51000,Maison,100.0,189900.0,1899.0,2024-07-25
Saint-Memmie,51506,51470,Appartement,24.0,40000.0,1666.67,2024-07-18
Reims,51454,51100,Maison,117.0,255000.0,2179.49,2024-07-19
Reims,51454,51100,Appartement,100.0,510000.0,5100.0,2024-07-12
Reims,51454,51100,Appartement,57.0,150450.0,2639.47,2024-07-22
Saint-Memmie,51506,51470,Maison,74.0,139200.0,1881.08,2024-07-29
Fère-Champenoise,51248,51230,Appartement,67.0,53000.0,791.04,2024-07-13
Reims,51454,51100,Maison,200.0,1032100.0,5160.5,2024-07-10
Saudoy,51526,51120,Maison,56.0,107000.0,1910.71,2024-07-23
Fère-Champenoise,51248,51230,Maison,70.0,60000.0,857.14,2024-07-13
Fère-Champenoise,51248,51230,Appartement,63.0,46000.0,730.16,2024-07-13
Oyes,51421,51120,Maison,186.0,197500.0,1061.83,2024-07-10
Bezannes,51058,51430,Appartement,44.0,160000.0,3636.36,2024-07-22
Cernay-lès-Reims,51105,51420,Maison,110.0,360000.0,3272.73,2024-07-26
Pomacle,51439,51110,Appartement,54.0,122300.0,2264.81,2024-07-18
Châlons-en-Champagne,51108,51000,Maison,89.0,265000.0,2977.53,2024-07-24
Châlons-en-Champagne,51108,51000,Maison,115.0,153500.0,1334.78,2024-07-16
Reims,51454,51100,Appartement,46.0,99500.0,2163.04,2024-07-19
Reims,51454,51100,Appartement,83.0,99500.0,1198.8,2024-07-19
Bétheny,51055,51450,Appartement,50.0,107000.0,2140.0,2024-07-24
Boult-sur-Suippe,51074,51110,Maison,135.0,290000.0,2148.15,2024-07-24
Clesles,51155,51260,Maison,80.0,53000.0,662.5,2024-07-18
Reims,51454,51100,Appartement,21.0,111400.0,5304.76,2024-07-25
Cernay-lès-Reims,51105,51420,Maison,94.0,82500.0,877.66,2024-07-05
Soudron,51556,51320,Maison,70.0,104000.0,1485.71,2024-07-26
Reims,51454,51100,Appartement,18.0,99000.0,5500.0,2024-07-23
Reims,51454,51100,Appartement,49.0,148000.0,3020.41,2024-07-09
Reims,51454,51100,Appartement,68.0,200000.0,2941.18,2024-07-08
Reims,51454,51100,Appartement,64.0,132000.0,2062.5,2024-07-10
Saint-Pierre,51509,51510,Maison,80.0,65000.0,812.5,2024-07-25
Reims,51454,51100,Maison,211.0,1200000.0,5687.2,2024-07-25
Arcis-le-Ponsart,51014,51170,Maison,88.0,137000.0,1556.82,2024-07-23
Loisy-sur-Marne,51328,51300,Maison,50.0,132000.0,2640.0,2024-07-12
Reims,51454,51100,Maison,87.0,155125.0,1783.05,2024-07-25
Fismes,51250,51170,Maison,95.0,134000.0,1410.53,2024-07-25
Reims,51454,51100,Appartement,55.0,236500.0,4300.0,2024-07-24
Reims,51454,51100,Appartement,71.0,236500.0,3330.99,2024-07-24
Châlons-en-Champagne,51108,51000,Appartement,100.0,59940.0,599.4,2024-07-23
Witry-lès-Reims,51662,51420,Maison,85.0,149000.0,1752.94,2024-07-24
Châlons-en-Champagne,51108,51000,Appartement,95.0,157260.0,1655.37,2024-07-22
Châlons-en-Champagne,51108,51000,Maison,85.0,140000.0,1647.06,2024-07-23
La Neuville-aux-Larris,51398,51480,Maison,125.0,330000.0,2640.0,2024-07-23
Reims,51454,51100,Appartement,73.0,247000.0,3383.56,2024-07-29
Reims,51454,51100,Appartement,37.0,157500.0,4256.76,2024-07-25
Cramant,51196,51530,Maison,150.0,100000.0,666.67,2024-07-11
Songy,51552,51240,Maison,104.0,195000.0,1875.0,2024-07-23
Reims,51454,51100,Appartement,16.0,33000.0,2062.5,2024-07-29
Épernay,51230,51200,Maison,101.0,182450.0,1806.44,2024-07-30
Givry-en-Argonne,51272,51330,Maison,110.0,38000.0,345.45,2024-07-22
Venteuil,51605,51480,Maison,68.0,93500.0,1375.0,2024-07-24
Chouilly,51153,51530,Maison,133.0,189000.0,1421.05,2024-07-17
Germaine,51266,51160,Maison,130.0,319000.0,2453.85,2024-07-18
Reims,51454,51100,Appartement,91.0,162500.0,1785.71,2024-07-25
Aÿ-Champagne,51030,51160,Maison,113.0,161900.0,1432.74,2024-07-05
Reims,51454,51100,Appartement,86.0,113800.0,1323.26,2024-07-18
Sompuis,51550,51320,Maison,129.0,113100.0,876.74,2024-07-19
Reims,51454,51100,Maison,140.0,384000.0,2742.86,2024-07-25
Vinay,51643,51530,Appartement,67.0,67800.0,1011.94,2024-07-17
Reims,51454,51100,Appartement,45.0,165000.0,3666.67,2024-07-17
Reims,51454,51100,Appartement,50.0,154000.0,3080.0,2024-07-25
Reims,51454,51100,Appartement,84.0,154000.0,1833.33,2024-07-25
Soudron,51556,51320,Maison,118.0,152000.0,1288.14,2024-06-28
Épernay,51230,51200,Maison,105.0,144900.0,1380.0,2024-07-06
Givry-en-Argonne,51272,51330,Maison,105.0,30000.0,285.71,2024-07-23
Châlons-en-Champagne,51108,51000,Appartement,38.0,44000.0,1157.89,2024-06-26
Reims,51454,51100,Maison,92.0,219250.0,2383.15,2024-07-29
Reims,51454,51100,Appartement,30.0,98000.0,3266.67,2024-07-11
Châlons-en-Champagne,51108,51000,Maison,87.0,135000.0,1551.72,2024-07-10
Épernay,51230,51200,Maison,78.0,127280.0,1631.79,2024-07-30
Val-de-Vière,51218,51340,Maison,113.0,65000.0,575.22,2024-07-12
Le Vieil-Dampierre,51619,51330,Maison,135.0,129500.0,959.26,2024-07-18
Cernay-en-Dormois,51104,51800,Maison,80.0,43500.0,543.75,2024-07-22
Mourmelon-le-Petit,51389,51400,Maison,124.0,24120.0,194.52,2024-07-24
Dommartin-Varimont,51214,51330,Maison,131.0,153000.0,1167.94,2024-07-29
Sainte-Menehould,51507,51800,Maison,102.0,113000.0,1107.84,2024-07-10
Reims,51454,51100,Appartement,102.0,331500.0,3250.0,2024-07-30
Granges-sur-Aube,51279,51260,Maison,124.0,155500.0,1254.03,2024-07-18
Sainte-Menehould,51507,51800,Maison,85.0,108000.0,1270.59,2024-07-09
Margerie-Hancourt,51349,51290,Maison,96.0,150000.0,1562.5,2024-07-13
Chamery,51112,51500,Maison,290.0,430000.0,1482.76,2024-07-08
Dizy,51210,51530,Maison,130.0,283000.0,2176.92,2024-07-08
Soulanges,51557,51300,Maison,87.0,155000.0,1781.61,2024-07-13
Châlons-en-Champagne,51108,51000,Appartement,90.0,115000.0,1277.78,2024-06-28
Condé-sur-Marne,51161,51150,Maison,76.0,90000.0,1184.21,2024-07-17
Sermiers,51532,51500,Maison,142.0,350000.0,2464.79,2024-07-12
Vitry-le-François,51649,51300,Maison,98.0,100000.0,1020.41,2024-07-17
Troissy,51585,51700,Maison,84.0,167500.0,1994.05,2024-07-24
Reims,51454,51100,Appartement,56.0,153700.0,2744.64,2024-07-30
Cormontreuil,51172,51350,Maison,82.0,170000.0,2073.17,2024-07-24
Reims,51454,51100,Appartement,40.0,111800.0,2795.0,2024-07-31
Reims,51454,51100,Maison,59.0,267000.0,4525.42,2024-07-22
Reims,51454,51100,Appartement,178.0,850000.0,4775.28,2024-07-30
Bazancourt,51043,51110,Maison,100.0,273800.0,2738.0,2024-07-26
Reims,51454,51100,Appartement,89.0,266000.0,2988.76,2024-07-30
Reims,51454,51100,Maison,60.0,142500.0,2375.0,2024-07-19
Reims,51454,51100,Appartement,60.0,220000.0,3666.67,2024-07-29
Cormontreuil,51172,51350,Maison,83.0,250000.0,3012.05,2024-07-19
Reims,51454,51100,Appartement,49.0,155000.0,3163.27,2024-07-26
Châlons-en-Champagne,51108,51000,Appartement,95.0,132500.0,1394.74,2024-07-01
Val-de-Vesle,51571,51360,Maison,91.0,306000.0,3362.64,2024-07-23
Montmirail,51380,51210,Appartement,65.0,127990.0,1969.08,2024-07-25
Montmirail,51380,51210,Appartement,25.0,127990.0,5119.6,2024-07-25
Reims,51454,51100,Maison,90.0,310000.0,3444.44,2024-07-26
Reims,51454,51100,Appartement,39.0,103000.0,2641.03,2024-07-29
Reims,51454,51100,Appartement,24.0,62000.0,2583.33,2024-07-26
Épernay,51230,51200,Maison,180.0,400000.0,2222.22,2024-07-26
Reims,51454,51100,Appartement,42.0,1260000.0,30000.0,2024-07-26
Reims,51454,51100,Appartement,47.0,1260000.0,26808.51,2024-07-26
Reims,51454,51100,Appartement,24.0,1260000.0,52500.0,2024-07-26
Reims,51454,51100,Appartement,26.0,1260000.0,48461.54,2024-07-26
Reims,51454,51100,Appartement,53.0,1260000.0,23773.58,2024-07-26
Reims,51454,51100,Appartement,53.0,1260000.0,23773.58,2024-07-26
Reims,51454,51100,Appartement,70.0,1260000.0,18000.0,2024-07-26
Reims,51454,51100,Appartement,64.0,1260000.0,19687.5,2024-07-26
Reims,51454,51100,Appartement,60.0,1260000.0,21000.0,2024-07-26
Reims,51454,51100,Appartement,78.0,1260000.0,16153.85,2024-07-26
Reims,51454,51100,Appartement,36.0,1260000.0,35000.0,2024-07-26
Reims,51454,51100,Appartement,15.0,1260000.0,84000.0,2024-07-26
Reims,51454,51100,Appartement,15.0,1260000.0,84000.0,2024-07-26
Damery,51204,51480,Maison,88.0,205000.0,2329.55,2024-07-17
Flavigny,51251,51190,Maison,152.0,332500.0,2187.5,2024-07-22
Épernay,51230,51200,Maison,86.0,195650.0,2275.0,2024-07-16
Bagneux,51032,51260,Maison,224.0,310000.0,1383.93,2024-07-25
Fagnières,51242,51510,Maison,92.0,214900.0,2335.87,2024-07-01
Witry-lès-Reims,51662,51420,Maison,94.0,250000.0,2659.57,2024-07-24
Reims,51454,51100,Appartement,169.0,546000.0,3230.77,2024-07-19
Reims,51454,51100,Appartement,57.0,135000.0,2368.42,2024-07-19
Saint-Memmie,51506,51470,Maison,100.0,267620.0,2676.2,2024-07-02
Reims,51454,51100,Appartement,59.0,127000.0,2152.54,2024-07-19
Reims,51454,51100,Appartement,33.0,65400.0,1981.82,2024-07-29
Épernay,51230,51200,Maison,93.0,117000.0,1258.06,2024-07-30
Châlons-en-Champagne,51108,51000,Appartement,41.0,95000.0,2317.07,2024-07-08
Châlons-en-Champagne,51108,51000,Appartement,58.0,95000.0,1637.93,2024-07-08
Châlons-en-Champagne,51108,51000,Appartement,33.0,95000.0,2878.79,2024-07-08
Châlons-en-Champagne,51108,51000,Appartement,44.0,95000.0,2159.09,2024-07-08
Châlons-en-Champagne,51108,51000,Appartement,28.0,95000.0,3392.86,2024-07-08
Reims,51454,51100,Maison,110.0,486000.0,4418.18,2024-07-30
Épernay,51230,51200,Maison,108.0,200000.0,1851.85,2024-07-16
Billy-le-Grand,51061,51400,Appartement,114.0,255000.0,2236.84,2024-07-31
Reims,51454,51100,Appartement,132.0,247500.0,1875.0,2024-07-16
Reims,51454,51100,Appartement,211.0,830000.0,3933.65,2024-07-25
Reims,51454,51100,Maison,92.0,479500.0,5211.96,2024-07-26
Reims,51454,51100,Appartement,49.0,305000.0,6224.49,2024-07-29
Montmirail,51380,51210,Maison,57.0,82500.0,1447.37,2024-07-18
Reims,51454,51100,Appartement,22.0,400000.0,18181.82,2024-07-25
Reims,51454,51100,Appartement,108.0,400000.0,3703.7,2024-07-25
Reims,51454,51100,Appartement,49.0,900000.0,18367.35,2024-07-25
Reims,51454,51100,Appartement,53.0,900000.0,16981.13,2024-07-25
Reims,51454,51100,Appartement,49.0,900000.0,18367.35,2024-07-25
Reims,51454,51100,Appartement,21.0,53500.0,2547.62,2024-07-26
Warmeriville,51660,51110,Maison,120.0,240348.0,2002.9,2024-07-08
Courcemain,51182,51260,Maison,56.0,131000.0,2339.29,2024-07-24
Courcemain,51182,51260,Maison,56.0,131000.0,2339.29,2024-07-24
Reims,51454,51100,Appartement,31.0,90500.0,2919.35,2024-07-18
Reims,51454,51100,Appartement,32.0,105000.0,3281.25,2024-07-26
Bezannes,51058,51430,Appartement,57.0,316205.0,5547.46,2024-07-25
Thiéblemont-Farémont,51567,51300,Maison,248.0,291021.0,1173.47,2024-07-17
Reims,51454,51100,Appartement,37.0,86000.0,2324.32,2024-07-23
Épernay,51230,51200,Appartement,63.0,269000.0,4269.84,2024-07-29
Verneuil,51609,51700,Maison,98.0,161500.0,1647.96,2024-07-31
Écueil,51225,51500,Maison,174.0,328000.0,1885.06,2024-07-24
Reims,51454,51100,Appartement,79.0,250000.0,3164.56,2024-07-29
Épernay,51230,51200,Maison,63.0,245000.0,3888.89,2024-07-15
Épernay,51230,51200,Maison,60.0,242000.0,4033.33,2024-07-29
Saint-Memmie,51506,51470,Maison,112.0,175000.0,1562.5,2024-07-05
Saint-Memmie,51506,51470,Maison,136.0,174000.0,1279.41,2024-07-26
Reims,51454,51100,Appartement,43.0,105600.0,2455.81,2024-07-31
Reims,51454,51100,Appartement,48.0,155000.0,3229.17,2024-07-25
Villeneuve-la-Lionne,51625,51310,Maison,140.0,175000.0,1250.0,2024-07-18
Villeneuve-la-Lionne,51625,51310,Maison,140.0,175000.0,1250.0,2024-07-18
Cormontreuil,51172,51350,Maison,74.0,100000.0,1351.35,2024-07-19
Reims,51454,51100,Appartement,56.0,74200.0,1325.0,2024-07-23
Reims,51454,51100,Appartement,56.0,74200.0,1325.0,2024-07-23
Reims,51454,51100,Appartement,18.0,45000.0,2500.0,2024-07-23
Reims,51454,51100,Appartement,55.0,128540.0,2337.09,2024-07-25
Reims,51454,51100,Appartement,40.0,75000.0,1875.0,2024-07-23
Allemant,51005,51120,Maison,66.0,69000.0,1045.45,2024-07-30
Witry-lès-Reims,51662,51420,Maison,107.0,282750.0,2642.52,2024-07-30
Blancs-Coteaux,51612,51130,Maison,45.0,250000.0,5555.56,2024-07-31
Blancs-Coteaux,51612,51130,Maison,50.0,250000.0,5000.0,2024-07-31
Linthelles,51323,51230,Maison,126.0,287200.0,2279.37,2024-07-29
Linthelles,51323,51230,Maison,81.0,287200.0,3545.68,2024-07-29
Songy,51552,51240,Maison,123.0,217800.0,1770.73,2024-07-19
Reims,51454,51100,Maison,69.0,112000.0,1623.19,2024-07-23
Reims,51454,51100,Appartement,57.0,61000.0,1070.18,2024-07-23
Châlons-en-Champagne,51108,51000,Appartement,73.0,114000.0,1561.64,2024-07-10
Flavigny,51251,51190,Appartement,27.0,448285.0,16603.15,2024-08-01
Flavigny,51251,51190,Appartement,30.0,448285.0,14942.83,2024-08-01
Flavigny,51251,51190,Maison,155.0,448285.0,2892.16,2024-08-01
Flavigny,51251,51190,Appartement,27.0,448285.0,16603.15,2024-08-01
Flavigny,51251,51190,Appartement,25.0,448285.0,17931.4,2024-08-01
Flavigny,51251,51190,Appartement,26.0,448285.0,17241.73,2024-08-01
Châlons-en-Champagne,51108,51000,Appartement,61.0,100000.0,1639.34,2024-07-11
Reims,51454,51100,Appartement,19.0,88000.0,4631.58,2024-08-01
Reims,51454,51100,Appartement,38.0,80000.0,2105.26,2024-07-12
Le Mesnil-sur-Oger,51367,51190,Maison,110.0,180550.0,1641.36,2024-07-30
Épernay,51230,51200,Appartement,35.0,56000.0,1600.0,2024-07-25
Épernay,51230,51200,Appartement,32.0,51000.0,1593.75,2024-07-26
Reims,51454,51100,Appartement,41.0,93350.0,2276.83,2024-07-30
Châlons-en-Champagne,51108,51000,Appartement,53.0,103830.0,1959.06,2024-07-18
Châlons-en-Champagne,51108,51000,Appartement,54.0,71000.0,1314.81,2024-08-01
Omey,51415,51240,Maison,91.0,90000.0,989.01,2024-08-01
Dormans,51217,51700,Maison,88.0,199000.0,2261.36,2024-07-23
Reims,51454,51100,Appartement,48.0,138000.0,2875.0,2024-07-26
Monthelon,51378,51530,Maison,98.0,200000.0,2040.82,2024-08-01
Pourcy,51445,51480,Maison,160.0,308975.0,1931.09,2024-07-22
Pourcy,51445,51480,Maison,160.0,308975.0,1931.09,2024-07-22
Bourgogne-Fresne,51075,51110,Maison,133.0,399000.0,3000.0,2024-07-12
Courdemanges,51184,51300,Maison,47.0,50000.0,1063.83,2024-07-24
Reims,51454,51100,Appartement,79.0,215000.0,2721.52,2024-07-18
Villers-Allerand,51629,51500,Maison,160.0,420000.0,2625.0,2024-07-12
Châlons-en-Champagne,51108,51000,Appartement,52.0,60000.0,1153.85,2024-07-24
Châlons-en-Champagne,51108,51000,Appartement,50.0,60000.0,1200.0,2024-07-24
Reims,51454,51100,Appartement,57.0,140000.0,2456.14,2024-07-30
La Veuve,51617,51520,Maison,97.0,229500.0,2365.98,2024-07-25
Reims,51454,51100,Appartement,51.0,187560.0,3677.65,2024-08-01
Reims,51454,51100,Appartement,23.0,187560.0,8154.78,2024-08-01
Châlons-en-Champagne,51108,51000,Maison,94.0,165000.0,1755.32,2024-07-31
Reims,51454,51100,Appartement,103.0,155850.0,1513.11,2024-08-01
Reims,51454,51100,Appartement,63.0,150000.0,2380.95,2024-07-01
Cormontreuil,51172,51350,Maison,109.0,383828.0,3521.36,2024-07-02
Châlons-en-Champagne,51108,51000,Appartement,55.0,75000.0,1363.64,2024-07-31
Villeneuve-Saint-Vistre-et-Villevotte,51628,51120,Maison,124.0,182500.0,1471.77,2024-07-02
Reims,51454,51100,Appartement,44.0,300000.0,6818.18,2024-07-31
Reims,51454,51100,Appartement,52.0,300000.0,5769.23,2024-07-31
Reims,51454,51100,Appartement,52.0,300000.0,5769.23,2024-07-31
Châlons-en-Champagne,51108,51000,Appartement,51.0,90000.0,1764.71,2024-07-12
Reims,51454,51100,Appartement,64.0,119000.0,1859.38,2024-07-05
Châlons-en-Champagne,51108,51000,Maison,93.0,167000.0,1795.7,2024-07-04
Vitry-le-François,51649,51300,Maison,34.0,45000.0,1323.53,2024-07-27
Châlons-en-Champagne,51108,51000,Appartement,46.0,72000.0,1565.22,2024-07-29
La Veuve,51617,51520,Maison,107.0,187000.0,1747.66,2024-07-31
Épernay,51230,51200,Appartement,53.0,113000.0,2132.08,2024-08-02
Plivot,51434,51150,Maison,112.0,319300.0,2850.89,2024-07-05
Vitry-le-François,51649,51300,Appartement,60.0,32000.0,533.33,2024-07-24
Châlons-en-Champagne,51108,51000,Maison,93.0,169000.0,1817.2,2024-07-10
Châlons-en-Champagne,51108,51000,Appartement,107.0,170000.0,1588.79,2024-07-11
Reims,51454,51100,Maison,56.0,187400.0,3346.43,2024-07-05
Saint-Amand-sur-Fion,51472,51300,Maison,105.0,48500.0,461.9,2024-07-25
Épernay,51230,51200,Appartement,31.0,46500.0,1500.0,2024-07-29
Blancs-Coteaux,51612,51130,Maison,76.0,172550.0,2270.39,2024-07-31
Reims,51454,51100,Appartement,17.0,50850.0,2991.18,2024-07-26
Reims,51454,51100,Appartement,87.0,243600.0,2800.0,2024-08-01
Reims,51454,51100,Appartement,60.0,142000.0,2366.67,2024-08-01
Bourgogne-Fresne,51075,51110,Maison,140.0,270000.0,1928.57,2024-07-30
Reims,51454,51100,Appartement,91.0,170205.0,1870.38,2024-07-31
Épernay,51230,51200,Appartement,33.0,48500.0,1469.7,2024-07-29
Reims,51454,51100,Appartement,17.0,49150.0,2891.18,2024-07-23
Festigny,51249,51700,Maison,16.0,13640.0,852.5,2024-07-18
Berru,51052,51420,Maison,121.0,460000.0,3801.65,2024-06-28
Isse,51301,51150,Maison,197.0,334976.0,1700.39,2024-07-22
Damery,51204,51480,Maison,87.0,227845.0,2618.91,2024-07-25
Reims,51454,51100,Maison,93.0,262000.0,2817.2,2024-07-22
Verzenay,51613,51360,Maison,27.0,360000.0,13333.33,2024-07-31
Verzenay,51613,51360,Maison,130.0,360000.0,2769.23,2024-07-31
Recy,51453,51520,Maison,142.0,180000.0,1267.61,2024-07-31
Épernay,51230,51200,Maison,221.0,604900.0,2737.1,2024-07-12
Germigny,51267,51390,Maison,80.0,202000.0,2525.0,2024-07-03
Germigny,51267,51390,Maison,80.0,202000.0,2525.0,2024-07-03
Verneuil,51609,51700,Maison,63.0,140000.0,2222.22,2024-07-19
Épernay,51230,51200,Appartement,73.0,123750.0,1695.21,2024-07-29
Tinqueux,51573,51430,Maison,70.0,168000.0,2400.0,2024-06-28
Châlons-en-Champagne,51108,51000,Appartement,70.0,74900.0,1070.0,2024-08-01
Dormans,51217,51700,Maison,56.0,136500.0,2437.5,2024-07-04
Reims,51454,51100,Appartement,37.0,116100.0,3137.84,2024-07-15
Saint-Germain-la-Ville,51482,51240,Maison,140.0,150000.0,1071.43,2024-07-10
Saint-Germain-la-Ville,51482,51240,Maison,140.0,150000.0,1071.43,2024-07-10
Reims,51454,51100,Appartement,31.0,77000.0,2483.87,2024-07-17
Courgivaux,51185,51310,Maison,70.0,179000.0,2557.14,2024-07-31
Reims,51454,51100,Appartement,83.0,156500.0,1885.54,2024-07-04
Champguyon,51116,51310,Maison,73.0,179626.0,2460.63,2024-07-09
Reims,51454,51100,Appartement,31.0,104000.0,3354.84,2024-07-31
Baye,51042,51270,Maison,92.0,110000.0,1195.65,2024-07-31
Jonchery-sur-Vesle,51308,51140,Maison,95.0,150000.0,1578.95,2024-07-25
Jonchery-sur-Vesle,51308,51140,Maison,95.0,150000.0,1578.95,2024-07-25
Reims,51454,51100,Appartement,82.0,117707.0,1435.45,2024-07-30
Lachy,51313,51120,Maison,72.0,181500.0,2520.83,2024-07-26
Lachy,51313,51120,Maison,72.0,181500.0,2520.83,2024-07-26
Lachy,51313,51120,Maison,72.0,181500.0,2520.83,2024-07-26
Lachy,51313,51120,Maison,72.0,181500.0,2520.83,2024-07-26
Reims,51454,51100,Appartement,46.0,137000.0,2978.26,2024-07-04
Réveillon,51459,51310,Maison,129.0,194000.0,1503.88,2024-07-27
Reims,51454,51100,Appartement,37.0,220150.0,5950.0,2024-07-12
Reims,51454,51100,Appartement,123.0,504500.0,4101.63,2024-07-03
Reims,51454,51100,Appartement,49.0,107000.0,2183.67,2024-07-22
Reims,51454,51100,Maison,92.0,695500.0,7559.78,2024-07-05
Reims,51454,51100,Maison,92.0,695500.0,7559.78,2024-07-05
Reims,51454,51100,Maison,49.0,695500.0,14193.88,2024-07-05
Reims,51454,51100,Maison,49.0,695500.0,14193.88,2024-07-05
Witry-lès-Reims,51662,51420,Appartement,35.0,189000.0,5400.0,2024-07-24
Witry-lès-Reims,51662,51420,Appartement,21.0,189000.0,9000.0,2024-07-24
Witry-lès-Reims,51662,51420,Appartement,30.0,189000.0,6300.0,2024-07-24
Witry-lès-Reims,51662,51420,Appartement,18.0,189000.0,10500.0,2024-07-24
Sermiers,51532,51500,Maison,96.0,365750.0,3809.9,2024-08-05
Sermiers,51532,51500,Maison,96.0,365750.0,3809.9,2024-08-05
Tinqueux,51573,51430,Maison,108.0,370000.0,3425.93,2024-07-11
Loivre,51329,51220,Maison,125.0,280000.0,2240.0,2024-07-19
Reims,51454,51100,Appartement,20.0,61500.0,3075.0,2024-07-12
Reims,51454,51100,Appartement,48.0,174700.0,3639.58,2024-07-29
Reims,51454,51100,Appartement,65.0,100500.0,1546.15,2024-07-31
Magenta,51663,51530,Maison,81.0,311600.0,3846.91,2024-08-05
Reims,51454,51100,Appartement,79.0,309900.0,3922.78,2024-06-28
Châlons-en-Champagne,51108,51000,Appartement,85.0,95000.0,1117.65,2024-07-19
Reims,51454,51100,Appartement,60.0,127500.0,2125.0,2024-07-26
Reims,51454,51100,Appartement,26.0,60000.0,2307.69,2024-07-08
Reims,51454,51100,Maison,70.0,120000.0,1714.29,2024-07-31
Reims,51454,51100,Appartement,47.0,132500.0,2819.15,2024-07-30
Reims,51454,51100,Appartement,40.0,210000.0,5250.0,2024-08-05
Reims,51454,51100,Appartement,18.0,59000.0,3277.78,2024-07-12
Bezannes,51058,51430,Appartement,42.0,216075.0,5144.64,2024-07-31
Reims,51454,51100,Appartement,38.0,100000.0,2631.58,2024-07-26
Cormontreuil,51172,51350,Maison,89.0,195000.0,2191.01,2024-07-23
Reims,51454,51100,Appartement,40.0,135000.0,3375.0,2024-07-31
Nesle-la-Reposte,51395,51120,Maison,65.0,60000.0,923.08,2024-07-18
Prouilly,51448,51140,Maison,67.0,167680.0,2502.69,2024-07-11
Saint-Just-Sauvage,51492,51260,Maison,72.0,110000.0,1527.78,2024-08-02
Saint-Martin-d'Ablois,51002,51530,Maison,179.0,266000.0,1486.03,2024-07-11
Reims,51454,51100,Appartement,93.0,155000.0,1666.67,2024-07-31
Reims,51454,51100,Appartement,91.0,130000.0,1428.57,2024-07-18
Montmort-Lucy,51381,51270,Appartement,50.0,67000.0,1340.0,2024-08-02
Reims,51454,51100,Appartement,63.0,244900.0,3887.3,2024-07-30
Orbais-l'Abbaye,51416,51270,Maison,60.0,93000.0,1550.0,2024-07-31
Reims,51454,51100,Appartement,45.0,400000.0,8888.89,2024-07-11
Reims,51454,51100,Appartement,41.0,400000.0,9756.1,2024-07-11
Reims,51454,51100,Appartement,38.0,400000.0,10526.32,2024-07-11
Reims,51454,51100,Appartement,38.0,400000.0,10526.32,2024-07-11
Reims,51454,51100,Appartement,44.0,146500.0,3329.55,2024-07-18
Glannes,51275,51300,Maison,96.0,152000.0,1583.33,2024-07-24
Reims,51454,51100,Appartement,45.0,130000.0,2888.89,2024-07-31
Châlons-en-Champagne,51108,51000,Maison,95.0,125000.0,1315.79,2024-08-01
Pomacle,51439,51110,Appartement,63.0,126900.0,2014.29,2024-07-25
Reims,51454,51100,Appartement,81.0,100000.0,1234.57,2024-08-06
Reims,51454,51100,Appartement,89.0,204500.0,2297.75,2024-07-11
Reims,51454,51100,Appartement,30.0,75150.0,2505.0,2024-07-17
Reims,51454,51100,Appartement,45.0,105500.0,2344.44,2024-07-19
Tinqueux,51573,51430,Maison,112.0,205000.0,1830.36,2024-07-31
Prouilly,51448,51140,Maison,27.0,49000.0,1814.81,2024-07-25
Vitry-le-François,51649,51300,Appartement,20.0,30000.0,1500.0,2024-07-25
Reims,51454,51100,Appartement,68.0,1260000.0,18529.41,2024-07-24
Reims,51454,51100,Appartement,44.0,1260000.0,28636.36,2024-07-24
Reims,51454,51100,Appartement,129.0,1260000.0,9767.44,2024-07-24
Jâlons,51303,51150,Maison,109.0,115000.0,1055.05,2024-08-07
Vitry-le-François,51649,51300,Maison,34.0,53000.0,1558.82,2024-07-20
Vitry-le-François,51649,51300,Maison,86.0,75000.0,872.09,2024-07-20
Reims,51454,51100,Appartement,31.0,100000.0,3225.81,2024-07-12
Reims,51454,51100,Appartement,80.0,111200.0,1390.0,2024-08-05
Maurupt-le-Montois,51358,51340,Maison,55.0,112000.0,2036.36,2024-07-31
Cuisles,51201,51700,Maison,126.0,230550.0,1829.76,2024-08-01
Montmirail,51380,51210,Maison,139.0,127000.0,913.67,2024-08-07
Mardeuil,51344,51530,Maison,180.0,152000.0,844.44,2024-07-22
Venteuil,51605,51480,Maison,83.0,75000.0,903.61,2024-08-01
Reims,51454,51100,Appartement,27.0,52000.0,1925.93,2024-07-31
Reims,51454,51100,Appartement,56.0,90000.0,1607.14,2024-08-01
Cumières,51202,51480,Maison,124.0,160000.0,1290.32,2024-07-26
Cormontreuil,51172,51350,Maison,97.0,210000.0,2164.95,2024-07-23
Loisy-sur-Marne,51328,51300,Maison,104.0,115000.0,1105.77,2024-07-20
Tinqueux,51573,51430,Appartement,97.0,159000.0,1639.18,2024-08-01
La Noue,51407,51310,Maison,84.0,215000.0,2559.52,2024-07-22
La Noue,51407,51310,Maison,84.0,215000.0,2559.52,2024-07-22
Bétheny,51055,51450,Maison,128.0,311800.0,2435.94,2024-07-30
Connantre,51165,51230,Appartement,61.0,50000.0,819.67,2024-07-17
Fismes,51250,51170,Maison,122.0,281000.0,2303.28,2024-08-03
Reims,51454,51100,Maison,179.0,774000.0,4324.02,2024-07-30
Saint-Brice-Courcelles,51474,51370,Appartement,81.0,192455.0,2375.99,2024-07-31
Les Essarts-le-Vicomte,51236,51310,Maison,100.0,109000.0,1090.0,2024-07-12
Châlons-en-Champagne,51108,51000,Appartement,97.0,70000.0,721.65,2024-07-15
Athis,51018,51150,Maison,80.0,160000.0,2000.0,2024-07-25
Moussy,51390,51530,Maison,90.0,235000.0,2611.11,2024-08-02
Moussy,51390,51530,Maison,90.0,235000.0,2611.11,2024-08-02
Reims,51454,51100,Appartement,18.0,78600.0,4366.67,2024-08-08
Vaudemange,51599,51380,Maison,99.0,221000.0,2232.32,2024-07-18
Cheminon,51144,51250,Maison,109.0,132000.0,1211.01,2024-08-08
Reims,51454,51100,Appartement,55.0,160000.0,2909.09,2024-07-26
Mareuil-le-Port,51346,51700,Maison,157.0,80000.0,509.55,2024-07-22
Bazancourt,51043,51110,Maison,82.0,149000.0,1817.07,2024-08-08
Athis,51018,51150,Maison,175.0,255000.0,1457.14,2024-08-01
Athis,51018,51150,Maison,175.0,255000.0,1457.14,2024-08-01
Montmirail,51380,51210,Appartement,78.0,130000.0,1666.67,2024-07-08
Congy,51163,51270,Maison,81.0,95000.0,1172.84,2024-07-19
Reims,51454,51100,Appartement,42.0,121600.0,2895.24,2024-08-09
Tinqueux,51573,51430,Appartement,64.0,110000.0,1718.75,2024-08-05
Reims,51454,51100,Appartement,38.0,132400.0,3484.21,2024-08-02
Arzillières-Neuville,51017,51290,Maison,198.0,206400.0,1042.42,2024-07-18
Reims,51454,51100,Appartement,47.0,132000.0,2808.51,2024-08-01
Arcis-le-Ponsart,51014,51170,Maison,33.0,190145.0,5761.97,2024-08-02
Reims,51454,51100,Appartement,15.0,55000.0,3666.67,2024-07-31
Reims,51454,51100,Appartement,133.0,586000.0,4406.02,2024-08-02
Reims,51454,51100,Appartement,24.0,154836.0,6451.5,2024-07-10
Reims,51454,51100,Appartement,24.0,154836.0,6451.5,2024-07-10
Fismes,51250,51170,Maison,81.0,183750.0,2268.52,2024-08-02
Fismes,51250,51170,Maison,78.0,205000.0,2628.21,2024-08-02
Fismes,51250,51170,Maison,113.0,140000.0,1238.94,2024-07-05
Sézanne,51535,51120,Maison,75.0,96000.0,1280.0,2024-08-01
Reims,51454,51100,Appartement,52.0,165000.0,3173.08,2024-08-01
Reims,51454,51100,Appartement,27.0,115800.0,4288.89,2024-08-01
Tinqueux,51573,51430,Appartement,57.0,124900.0,2191.23,2024-07-16
Cormicy,51171,51220,Maison,82.0,180000.0,2195.12,2024-07-22
Saint-Eulien,51478,52100,Maison,83.0,170000.0,2048.19,2024-07-29
Reims,51454,51100,Appartement,116.0,127000.0,1094.83,2024-08-08
Sézanne,51535,51120,Maison,61.0,65000.0,1065.57,2024-07-31
Bezannes,51058,51430,Appartement,42.0,183135.0,4360.36,2024-08-06
Reims,51454,51100,Appartement,100.0,74000.0,740.0,2024-07-31
Reims,51454,51100,Maison,96.0,231260.4,2408.96,2024-08-05
Treslon,51581,51140,Maison,143.0,351800.0,2460.14,2024-07-22
Reims,51454,51100,Maison,83.0,220000.0,2650.6,2024-08-05
Loivre,51329,51220,Maison,100.0,243400.0,2434.0,2024-07-24
Reims,51454,51100,Appartement,61.0,160000.0,2622.95,2024-07-29
Reims,51454,51100,Maison,104.0,229500.0,2206.73,2024-07-29
Warmeriville,51660,51110,Appartement,73.0,80000.0,1095.89,2024-07-15
Châlons-en-Champagne,51108,51000,Maison,93.0,185000.0,1989.25,2024-07-16
Reims,51454,51100,Appartement,47.0,127200.0,2706.38,2024-07-19
Châlons-en-Champagne,51108,51000,Appartement,40.0,57500.0,1437.5,2024-07-15
Saint-Memmie,51506,51470,Appartement,80.0,67000.0,837.5,2024-07-19
Reims,51454,51100,Appartement,47.0,175650.0,3737.23,2024-07-25
Reims,51454,51100,Maison,68.0,200000.0,2941.18,2024-07-25
Vitry-le-François,51649,51300,Maison,169.0,243690.0,1441.95,2024-08-03
Reims,51454,51100,Maison,100.0,381000.0,3810.0,2024-08-01
Épernay,51230,51200,Appartement,29.0,109400.0,3772.41,2024-08-08
Cormontreuil,51172,51350,Maison,104.0,240000.0,2307.69,2024-08-08
Soudron,51556,51320,Maison,101.0,181850.0,1800.5,2024-07-17
Reims,51454,51100,Appartement,99.0,162013.0,1636.49,2024-08-02
Juvigny,51312,51150,Maison,93.0,242000.0,2602.15,2024-07-23
Bezannes,51058,51430,Maison,170.0,637000.0,3747.06,2024-07-26
Bétheny,51055,51450,Maison,105.0,262500.0,2500.0,2024-08-09
Corribert,51174,51270,Maison,143.0,420000.0,2937.06,2024-07-22
Corribert,51174,51270,Maison,143.0,420000.0,2937.06,2024-07-22
Épernay,51230,51200,Appartement,59.0,194000.0,3288.14,2024-07-15
Épernay,51230,51200,Appartement,54.0,194000.0,3592.59,2024-07-15
Épernay,51230,51200,Appartement,55.0,194000.0,3527.27,2024-07-15
Châlons-en-Champagne,51108,51000,Maison,170.0,860000.0,5058.82,2024-07-22
Somme-Vesle,51548,51460,Maison,90.0,199070.0,2211.89,2024-07-22
Heutrégiville,51293,51110,Maison,155.0,255000.0,1645.16,2024-07-26
Reims,51454,51100,Maison,90.0,236000.0,2622.22,2024-07-24
Poilly,51437,51170,Maison,175.0,350000.0,2000.0,2024-07-24
Châlons-en-Champagne,51108,51000,Maison,78.0,168900.0,2165.38,2024-07-24
Saint-Martin-sur-le-Pré,51504,51520,Maison,157.0,365000.0,2324.84,2024-07-15
Reims,51454,51100,Appartement,51.0,188000.0,3686.27,2024-07-30
Épernay,51230,51200,Appartement,38.0,83700.0,2202.63,2024-07-24
Chouilly,51153,51530,Maison,96.0,156000.0,1625.0,2024-07-19
Blacy,51065,51300,Maison,237.0,435500.0,1837.55,2024-07-27
Blacy,51065,51300,Maison,237.0,435500.0,1837.55,2024-07-27
Vitry-le-François,51649,51300,Maison,34.0,32000.0,941.18,2024-08-01
Châlons-en-Champagne,51108,51000,Maison,178.0,290450.0,1631.74,2024-07-24
Le Gault-Soigny,51264,51210,Maison,120.0,140000.0,1166.67,2024-07-26
Esternay,51237,51310,Maison,89.0,116000.0,1303.37,2024-07-30
Courtisols,51193,51460,Maison,135.0,280000.0,2074.07,2024-07-25
Courtisols,51193,51460,Maison,135.0,280000.0,2074.07,2024-07-25
Châlons-en-Champagne,51108,51000,Maison,90.0,54500.0,605.56,2024-07-24
Tréfols,51579,51210,Maison,160.0,177000.0,1106.25,2024-08-05
Châlons-en-Champagne,51108,51000,Appartement,78.0,80000.0,1025.64,2024-07-25
Vitry-le-François,51649,51300,Maison,91.0,130000.0,1428.57,2024-07-29
Bouvancourt,51077,51140,Maison,98.0,202000.0,2061.22,2024-07-29
Reims,51454,51100,Appartement,77.0,210000.0,2727.27,2024-07-18
Reims,51454,51100,Appartement,80.0,218550.0,2731.88,2024-07-11
Reims,51454,51100,Maison,90.0,333000.0,3700.0,2024-07-29
Bouzy,51079,51150,Maison,109.0,253400.0,2324.77,2024-07-12
Reims,51454,51100,Maison,93.0,213000.0,2290.32,2024-07-30
Reims,51454,51100,Appartement,31.0,90000.0,2903.23,2024-07-17
Mourmelon-le-Grand,51388,51400,Maison,79.0,82600.0,1045.57,2024-07-29
Vitry-le-François,51649,51300,Maison,78.0,94000.0,1205.13,2024-07-29
Reims,51454,51100,Maison,182.0,243392.0,1337.32,2024-07-30
Warmeriville,51660,51110,Maison,176.0,398900.0,2266.48,2024-07-30
Vitry-le-François,51649,51300,Appartement,53.0,56400.0,1064.15,2024-08-06
Bétheny,51055,51450,Maison,94.0,258000.0,2744.68,2024-08-13
Vitry-le-François,51649,51300,Appartement,56.0,62000.0,1107.14,2024-08-01
Mardeuil,51344,51530,Maison,120.0,200000.0,1666.67,2024-08-01
Vitry-le-François,51649,51300,Appartement,83.0,116000.0,1397.59,2024-07-30
Reims,51454,51100,Appartement,46.0,130000.0,2826.09,2024-08-08
Pierry,51431,51530,Maison,80.0,180000.0,2250.0,2024-08-01
Leuvrigny,51320,51700,Maison,119.0,200530.0,1685.13,2024-07-31
Saint-Martin-d'Ablois,51002,51530,Maison,88.0,260000.0,2954.55,2024-08-01
Saint-Martin-d'Ablois,51002,51530,Maison,88.0,260000.0,2954.55,2024-08-01
Mardeuil,51344,51530,Maison,117.0,310000.0,2649.57,2024-07-31
Reims,51454,51100,Appartement,33.0,67000.0,2030.3,2024-07-30
Reims,51454,51100,Appartement,44.0,96000.0,2181.82,2024-08-13
Reims,51454,51100,Appartement,62.0,185000.0,2983.87,2024-08-13
Reims,51454,51100,Appartement,85.0,311430.0,3663.88,2024-08-01
Reims,51454,51100,Appartement,38.0,311430.0,8195.53,2024-08-01
Saint-Memmie,51506,51470,Appartement,89.0,73000.0,820.22,2024-07-26
Ambonnay,51007,51150,Maison,90.0,75000.0,833.33,2024-07-31
Aÿ-Champagne,51030,51160,Maison,89.0,189250.0,2126.4,2024-08-21
Sainte-Menehould,51507,51800,Maison,91.0,58000.0,637.36,2024-08-10
Reims,51454,51100,Appartement,73.0,156670.0,2146.16,2024-07-26
La Veuve,51617,51520,Maison,80.0,125000.0,1562.5,2024-07-26
Vroil,51658,51330,Maison,90.0,70000.0,777.78,2024-07-31
Thillois,51569,51370,Maison,112.0,251960.0,2249.64,2024-08-14
Tinqueux,51573,51430,Appartement,40.0,86000.0,2150.0,2024-08-21
Épernay,51230,51200,Appartement,53.0,53000.0,1000.0,2024-07-23
Auve,51027,51800,Maison,160.0,231000.0,1443.75,2024-07-26
Heutrégiville,51293,51110,Maison,123.0,163000.0,1325.2,2024-07-30
Reims,51454,51100,Maison,158.0,293000.0,1854.43,2024-07-31
Reims,51454,51100,Appartement,73.0,165000.0,2260.27,2024-07-30
Vitry-le-François,51649,51300,Appartement,90.0,110000.0,1222.22,2024-08-01
Villers-le-Sec,51635,51250,Maison,85.0,157000.0,1847.06,2024-07-31
Reims,51454,51100,Appartement,66.0,260000.0,3939.39,2024-07-30
Bétheny,51055,51450,Maison,88.0,316000.0,3590.91,2024-07-26
Reims,51454,51100,Maison,88.0,220000.0,2500.0,2024-07-29
Lagery,51314,51170,Maison,113.0,147000.0,1300.88,2024-07-29
Lagery,51314,51170,Maison,113.0,147000.0,1300.88,2024-07-29
Gueux,51282,51390,Maison,185.0,530850.0,2869.46,2024-07-26
Gueux,51282,51390,Maison,185.0,530850.0,2869.46,2024-07-26
Cramant,51196,51530,Appartement,47.0,80000.0,1702.13,2024-07-29
Cramant,51196,51530,Appartement,49.0,80000.0,1632.65,2024-07-29
Reims,51454,51100,Appartement,55.0,80000.0,1454.55,2024-07-30
Reims,51454,51100,Appartement,94.0,227000.0,2414.89,2024-08-02
Cernay-lès-Reims,51105,51420,Maison,148.0,493000.0,3331.08,2024-07-31
Éclaires,51222,51800,Maison,156.0,135000.0,865.38,2024-07-27
Éclaires,51222,51800,Maison,156.0,135000.0,865.38,2024-07-27
Éclaires,51222,51800,Maison,156.0,135000.0,865.38,2024-07-27
Bignicourt-sur-Marne,51059,51300,Maison,104.0,184730.0,1776.25,2024-07-29
Bignicourt-sur-Marne,51059,51300,Maison,104.0,184730.0,1776.25,2024-07-29
Dormans,51217,51700,Appartement,90.0,220000.0,2444.44,2024-07-26
Dormans,51217,51700,Appartement,65.0,220000.0,3384.62,2024-07-26
Reims,51454,51100,Maison,136.0,210000.0,1544.12,2024-08-02
Gueux,51282,51390,Maison,84.0,300000.0,3571.43,2024-07-30
Reims,51454,51100,Maison,87.0,188150.0,2162.64,2024-08-02
Châlons-en-Champagne,51108,51000,Appartement,91.0,196960.0,2164.4,2024-07-31
Épernay,51230,51200,Appartement,54.0,130000.0,2407.41,2024-07-27
Suippes,51559,51600,Maison,99.0,179600.0,1814.14,2024-08-01
Châlons-en-Champagne,51108,51000,Appartement,78.0,126395.0,1620.45,2024-07-31
Bouy,51078,51400,Maison,164.0,219000.0,1335.37,2024-08-01
Aÿ-Champagne,51030,51160,Appartement,46.0,260500.0,5663.04,2024-08-21
Aÿ-Champagne,51030,51160,Appartement,70.0,260500.0,3721.43,2024-08-21
Aÿ-Champagne,51030,51160,Appartement,45.0,260500.0,5788.89,2024-08-21
Épernay,51230,51200,Appartement,29.0,45000.0,1551.72,2024-08-02
Châlons-en-Champagne,51108,51000,Appartement,95.0,585000.0,6157.89,2024-07-30
Châlons-en-Champagne,51108,51000,Appartement,70.0,585000.0,8357.14,2024-07-30
Châlons-en-Champagne,51108,51000,Appartement,86.0,585000.0,6802.33,2024-07-30
Châlons-en-Champagne,51108,51000,Appartement,58.0,585000.0,10086.21,2024-07-30
Châlons-en-Champagne,51108,51000,Appartement,65.0,585000.0,9000.0,2024-07-30
Châlons-en-Champagne,51108,51000,Appartement,52.0,585000.0,11250.0,2024-07-30
Châlons-en-Champagne,51108,51000,Appartement,65.0,585000.0,9000.0,2024-07-30
Châlons-en-Champagne,51108,51000,Appartement,59.0,585000.0,9915.25,2024-07-30
Boult-sur-Suippe,51074,51110,Maison,127.0,263100.0,2071.65,2024-08-02
Épernay,51230,51200,Maison,88.0,185950.0,2113.07,2024-08-02
Épernay,51230,51200,Maison,163.0,98000.0,601.23,2024-08-02
Reims,51454,51100,Appartement,36.0,119000.0,3305.56,2024-08-07
Reims,51454,51100,Appartement,62.0,152100.0,2453.23,2024-08-06
Reims,51454,51100,Maison,50.0,265000.0,5300.0,2024-08-05
Cernay-lès-Reims,51105,51420,Maison,171.0,467274.0,2732.6,2024-08-02
Villers-aux-Bois,51630,51130,Maison,90.0,202000.0,2244.44,2024-08-02
Loivre,51329,51220,Maison,136.0,356450.0,2620.96,2024-08-06
Cormicy,51171,51220,Maison,103.0,175850.0,1707.28,2024-08-06
Reims,51454,51100,Maison,127.0,240000.0,1889.76,2024-07-12
Châlons-en-Champagne,51108,51000,Maison,152.0,255000.0,1677.63,2024-07-30
Châtillon-sur-Marne,51136,51700,Maison,65.0,75000.0,1153.85,2024-07-31
Sainte-Menehould,51507,51800,Appartement,98.0,62750.0,640.31,2024-07-25
Sainte-Menehould,51507,51800,Appartement,98.0,62750.0,640.31,2024-07-25
Courtisols,51193,51460,Maison,140.0,232400.0,1660.0,2024-08-05
Reims,51454,51100,Appartement,49.0,128000.0,2612.24,2024-08-23
Reims,51454,51100,Maison,80.0,144000.0,1800.0,2024-08-02
Reims,51454,51100,Appartement,52.0,109000.0,2096.15,2024-08-20
Reims,51454,51100,Appartement,89.0,89000.0,1000.0,2024-08-20
Épernay,51230,51200,Appartement,40.0,88000.0,2200.0,2024-08-08
Montmort-Lucy,51381,51270,Maison,30.0,63000.0,2100.0,2024-08-01
Cheminon,51144,51250,Maison,86.0,65000.0,755.81,2024-08-07
Blancs-Coteaux,51612,51130,Maison,70.0,142320.0,2033.14,2024-07-29
Châlons-en-Champagne,51108,51000,Maison,93.0,145000.0,1559.14,2024-07-31
Thibie,51566,51510,Maison,100.0,156000.0,1560.0,2024-08-02
Courtisols,51193,51460,Maison,97.0,130000.0,1340.21,2024-08-06
Blancs-Coteaux,51612,51130,Maison,79.0,139500.0,1765.82,2024-08-02
Bagneux,51032,51260,Maison,149.0,323000.0,2167.79,2024-08-09
Bagneux,51032,51260,Maison,149.0,323000.0,2167.79,2024-08-09
Châlons-en-Champagne,51108,51000,Maison,70.0,165000.0,2357.14,2024-08-06
Fromentières,51263,51210,Maison,92.0,149000.0,1619.57,2024-08-09
Épernay,51230,51200,Appartement,65.0,115000.0,1769.23,2024-08-06
Witry-lès-Reims,51662,51420,Appartement,54.0,115000.0,2129.63,2024-08-14
Reims,51454,51100,Appartement,67.0,171600.0,2561.19,2024-08-20
Mourmelon-le-Grand,51388,51400,Maison,83.0,168700.0,2032.53,2024-08-06
Saint-Hilaire-au-Temple,51485,51400,Maison,77.0,152300.0,1977.92,2024-08-22
Saint-Hilaire-au-Temple,51485,51400,Maison,90.0,152300.0,1692.22,2024-08-22
Prosnes,51447,51400,Maison,80.0,120000.0,1500.0,2024-08-07
Prosnes,51447,51400,Maison,200.0,120000.0,600.0,2024-08-07
Châlons-en-Champagne,51108,51000,Appartement,76.0,92500.0,1217.11,2024-08-07
Boult-sur-Suippe,51074,51110,Maison,90.0,217160.0,2412.89,2024-07-29
Reims,51454,51100,Appartement,36.0,103000.0,2861.11,2024-08-19
Sainte-Menehould,51507,51800,Maison,231.0,110000.0,476.19,2024-07-30
Saint-Quentin-sur-Coole,51512,51240,Maison,124.0,308030.0,2484.11,2024-08-01
Reims,51454,51100,Appartement,30.0,135000.0,4500.0,2024-08-05
Reims,51454,51100,Appartement,73.0,131000.0,1794.52,2024-07-31
Val-de-Vière,51218,51340,Maison,105.0,64000.0,609.52,2024-08-21
Auménancourt,51025,51110,Maison,204.0,255200.0,1250.98,2024-07-29
Auménancourt,51025,51110,Maison,204.0,255200.0,1250.98,2024-07-29
Épernay,51230,51200,Maison,110.0,311140.0,2828.55,2024-08-09
Saint-Brice-Courcelles,51474,51370,Appartement,95.0,226000.0,2378.95,2024-08-26
Vitry-le-François,51649,51300,Maison,117.0,253500.0,2166.67,2024-08-20
Reims,51454,51100,Appartement,56.0,160000.0,2857.14,2024-08-14
Bezannes,51058,51430,Maison,191.0,687000.0,3596.86,2024-08-23
Bezannes,51058,51430,Maison,191.0,687000.0,3596.86,2024-08-23
Fismes,51250,51170,Maison,128.0,244200.0,1907.81,2024-08-23
Épernay,51230,51200,Appartement,27.0,120000.0,4444.44,2024-08-09
Reims,51454,51100,Appartement,51.0,140000.0,2745.1,2024-08-23
Reims,51454,51100,Appartement,67.0,168350.0,2512.69,2024-07-26
Reims,51454,51100,Appartement,75.0,196830.0,2624.4,2024-08-21
Cormontreuil,51172,51350,Appartement,107.0,247000.0,2308.41,2024-08-23
Reims,51454,51100,Appartement,17.0,90000.0,5294.12,2024-08-26
Épernay,51230,51200,Appartement,80.0,150500.0,1881.25,2024-08-21
Ludes,51333,51500,Maison,119.0,262280.0,2204.03,2024-08-23
Reims,51454,51100,Appartement,17.0,64900.0,3817.65,2024-08-21
Reims,51454,51100,Maison,142.0,500000.0,3521.13,2024-08-23
Reims,51454,51100,Appartement,61.0,246000.0,4032.79,2024-08-05
Dampierre-au-Temple,51205,51400,Maison,98.0,140000.0,1428.57,2024-08-23
Reims,51454,51100,Appartement,56.0,104500.0,1866.07,2024-08-12
Reims,51454,51100,Maison,67.0,233700.0,3488.06,2024-08-07
Reims,51454,51100,Appartement,139.0,445000.0,3201.44,2024-08-22
Cormicy,51171,51220,Maison,69.0,167000.0,2420.29,2024-08-12
Cormicy,51171,51220,Maison,69.0,167000.0,2420.29,2024-08-12
Reims,51454,51100,Appartement,21.0,86400.0,4114.29,2024-08-01
Reims,51454,51100,Maison,100.0,338900.0,3389.0,2024-08-27
Reuil,51457,51700,Maison,98.0,70000.0,714.29,2024-08-02
Beaumont-sur-Vesle,51044,51360,Maison,70.0,197000.0,2814.29,2024-08-09
Reims,51454,51100,Appartement,79.0,134000.0,1696.2,2024-08-06
Pontfaverger-Moronvilliers,51440,51490,Maison,118.0,223945.0,1897.84,2024-08-20
Nogent-l'Abbesse,51403,51420,Maison,88.0,195000.0,2215.91,2024-07-30
Villeneuve-la-Lionne,51625,51310,Maison,50.0,90000.0,1800.0,2024-08-13
Beine-Nauroy,51046,51490,Maison,160.0,305000.0,1906.25,2024-08-06
Reims,51454,51100,Appartement,63.0,130500.0,2071.43,2024-08-20
Billy-le-Grand,51061,51400,Maison,122.0,340090.0,2787.62,2024-08-22
Reims,51454,51100,Appartement,69.0,125280.0,1815.65,2024-08-22
Fagnières,51242,51510,Maison,110.0,227000.0,2063.64,2024-08-23
Reims,51454,51100,Appartement,48.0,144900.0,3018.75,2024-08-08
Saint-Quentin-le-Verger,51511,51120,Maison,104.0,168000.0,1615.38,2024-08-27
Champigny,51118,51370,Maison,95.0,175500.0,1847.37,2024-08-05
Reims,51454,51100,Appartement,45.0,162000.0,3600.0,2024-08-06
Villers-aux-Nœuds,51631,51500,Maison,155.0,536000.0,3458.06,2024-07-31
Caurel,51101,51110,Maison,10.0,390000.0,39000.0,2024-08-01
Caurel,51101,51110,Maison,285.0,390000.0,1368.42,2024-08-01
Gueux,51282,51390,Maison,189.0,617300.0,3266.14,2024-08-07
Reims,51454,51100,Appartement,65.0,250000.0,3846.15,2024-08-01
Fagnières,51242,51510,Maison,68.0,130215.0,1914.93,2024-08-08
Saint-Gibrien,51483,51510,Maison,88.0,148500.0,1687.5,2024-08-12
Bétheny,51055,51450,Maison,96.0,282450.0,2942.19,2024-08-12
La Chaussée-sur-Marne,51141,51240,Maison,114.0,199000.0,1745.61,2024-08-14
Bourgogne-Fresne,51075,51110,Maison,73.0,184000.0,2520.55,2024-08-13
Dizy,51210,51530,Maison,151.0,300000.0,1986.75,2024-08-09
Reims,51454,51100,Maison,173.0,1008000.0,5826.59,2024-08-14
Châlons-en-Champagne,51108,51000,Maison,133.0,222850.0,1675.56,2024-08-23
Corribert,51174,51270,Maison,60.0,115000.0,1916.67,2024-08-28
Dizy,51210,51530,Maison,130.0,240000.0,1846.15,2024-08-09
Mareuil-en-Brie,51345,51270,Maison,97.0,108000.0,1113.4,2024-08-28
Frignicourt,51262,51300,Maison,54.0,64700.0,1198.15,2024-08-06
Aÿ-Champagne,51030,51160,Appartement,60.0,123000.0,2050.0,2024-08-26
Épernay,51230,51200,Maison,71.0,225000.0,3169.01,2024-08-09
Fontaine-sur-Ay,51256,51160,Maison,142.0,346000.0,2436.62,2024-08-09
Fontaine-sur-Ay,51256,51160,Maison,142.0,346000.0,2436.62,2024-08-09
Châtillon-sur-Marne,51136,51700,Maison,64.0,85000.0,1328.12,2024-08-21
Châlons-en-Champagne,51108,51000,Appartement,83.0,103000.0,1240.96,2024-08-14
Le Mesnil-sur-Oger,51367,51190,Maison,175.0,245000.0,1400.0,2024-08-07
Reims,51454,51100,Appartement,41.0,127400.0,3107.32,2024-08-29
Vitry-le-François,51649,51300,Appartement,169.0,156950.0,928.7,2024-08-19
Gigny-Bussy,51270,51290,Maison,163.0,167000.0,1024.54,2024-08-24
Reims,51454,51100,Appartement,58.0,152300.0,2625.86,2024-08-13
Reims,51454,51100,Maison,103.0,383500.0,3723.3,2024-08-14
Saint-Brice-Courcelles,51474,51370,Maison,121.0,290000.0,2396.69,2024-08-07
Pontfaverger-Moronvilliers,51440,51490,Maison,134.0,304150.0,2269.78,2024-08-01
Fismes,51250,51170,Maison,134.0,223200.0,1665.67,2024-08-27
Reims,51454,51100,Appartement,41.0,194000.0,4731.71,2024-08-29
Épernay,51230,51200,Appartement,54.0,79500.0,1472.22,2024-08-28
Courcemain,51182,51260,Maison,196.0,186500.0,951.53,2024-08-10
Courcemain,51182,51260,Maison,12.0,186500.0,15541.67,2024-08-10
Bétheny,51055,51450,Appartement,76.0,175000.0,2302.63,2024-08-14
Hermonville,51291,51220,Maison,113.0,342200.0,3028.32,2024-08-09
Reims,51454,51100,Maison,83.0,192000.0,2313.25,2024-08-01
Bétheny,51055,51450,Maison,97.0,269000.0,2773.2,2024-08-29
Conflans-sur-Seine,51162,51260,Maison,52.0,108000.0,2076.92,2024-08-07
Chouilly,51153,51530,Maison,146.0,180000.0,1232.88,2024-07-30
Chouilly,51153,51530,Appartement,120.0,180000.0,1500.0,2024-07-30
Épernay,51230,51200,Appartement,84.0,164500.0,1958.33,2024-08-02
Mourmelon-le-Grand,51388,51400,Maison,112.0,169745.0,1515.58,2024-08-26
Reims,51454,51100,Appartement,57.0,189550.0,3325.44,2024-08-02
Reims,51454,51100,Appartement,74.0,206000.0,2783.78,2024-08-02
Reims,51454,51100,Maison,93.0,197265.0,2121.13,2024-08-07
Épernay,51230,51200,Appartement,50.0,70000.0,1400.0,2024-08-30
Châtillon-sur-Morin,51137,51310,Maison,30.0,20000.0,666.67,2024-08-29
Bethon,51056,51260,Maison,116.0,168800.0,1455.17,2024-08-24
Fontaine-Denis-Nuisy,51254,51120,Maison,63.0,52000.0,825.4,2024-08-14
Blancs-Coteaux,51612,51130,Maison,126.0,146000.0,1158.73,2024-08-07
Chichey,51151,51120,Maison,80.0,95000.0,1187.5,2024-08-23
Caurel,51101,51110,Maison,87.0,212000.0,2436.78,2024-08-02
Reims,51454,51100,Appartement,19.0,55000.0,2894.74,2024-08-02
Reims,51454,51100,Appartement,35.0,69500.0,1985.71,2024-08-14
Cumières,51202,51480,Maison,86.0,296050.0,3442.44,2024-08-29
Cernon,51106,51240,Maison,132.0,137500.0,1041.67,2024-08-01
Courtisols,51193,51460,Maison,147.0,105000.0,714.29,2024-07-30
Courtisols,51193,51460,Maison,147.0,105000.0,714.29,2024-07-30
Pleurs,51432,51230,Maison,68.0,75800.0,1114.71,2024-08-22
Reims,51454,51100,Appartement,46.0,267000.0,5804.35,2024-08-27
Châlons-en-Champagne,51108,51000,Appartement,69.0,82000.0,1188.41,2024-08-02
Reims,51454,51100,Appartement,51.0,120000.0,2352.94,2024-08-28
Pévy,51429,51140,Maison,113.0,269900.0,2388.5,2024-08-27
Reims,51454,51100,Appartement,24.0,88000.0,3666.67,2024-08-26
Frignicourt,51262,51300,Maison,55.0,55100.0,1001.82,2024-08-27
Frignicourt,51262,51300,Maison,86.0,107150.0,1245.93,2024-07-05
Hautvillers,51287,51160,Maison,136.0,155000.0,1139.71,2024-09-02
Reims,51454,51100,Appartement,22.0,89150.0,4052.27,2024-08-27
Reims,51454,51100,Appartement,77.0,285000.0,3701.3,2024-08-29
Épernay,51230,51200,Appartement,66.0,91900.0,1392.42,2024-08-23
Reims,51454,51100,Appartement,28.0,87160.0,3112.86,2024-08-29
Reims,51454,51100,Appartement,52.0,108000.0,2076.92,2024-07-11
Arrigny,51016,51290,Maison,56.0,40000.0,714.29,2024-08-28
Sézanne,51535,51120,Maison,67.0,150000.0,2238.81,2024-08-16
Sézanne,51535,51120,Maison,80.0,100000.0,1250.0,2024-08-10
Mœurs-Verdey,51369,51120,Maison,108.0,218000.0,2018.52,2024-08-27
Épernay,51230,51200,Maison,138.0,292000.0,2115.94,2024-08-29
Reims,51454,51100,Maison,100.0,201500.0,2015.0,2024-08-26
Les Essarts-lès-Sézanne,51235,51120,Maison,68.0,137000.0,2014.71,2024-08-10
Champfleury,51115,51500,Maison,60.0,242000.0,4033.33,2024-08-22
Reims,51454,51100,Appartement,71.0,136800.0,1926.76,2024-08-07
Tinqueux,51573,51430,Maison,110.0,280000.0,2545.45,2024-08-28
Reims,51454,51100,Appartement,90.0,161000.0,1788.89,2024-08-26
Reims,51454,51100,Appartement,66.0,186400.0,2824.24,2024-08-14
Fère-Champenoise,51248,51230,Maison,130.0,140000.0,1076.92,2024-08-20
Reims,51454,51100,Appartement,88.0,217600.0,2472.73,2024-08-28
Reims,51454,51100,Maison,97.0,203300.0,2095.88,2024-08-29
Reims,51454,51100,Appartement,65.0,152700.0,2349.23,2024-08-29
Reims,51454,51100,Appartement,79.0,186500.0,2360.76,2024-08-22
Reims,51454,51100,Appartement,45.0,81000.0,1800.0,2024-09-03
Fère-Champenoise,51248,51230,Maison,64.0,78000.0,1218.75,2024-08-10
Reims,51454,51100,Maison,192.0,285222.0,1485.53,2024-08-01
Reims,51454,51100,Appartement,67.0,146000.0,2179.1,2024-08-29
Cramant,51196,51530,Maison,186.0,20000.0,107.53,2024-08-08
Reims,51454,51100,Appartement,78.0,156000.0,2000.0,2024-08-26
Bezannes,51058,51430,Appartement,74.0,233000.0,3148.65,2024-07-31
Reims,51454,51100,Appartement,133.0,100000.0,751.88,2024-08-06
Reims,51454,51100,Appartement,61.0,120000.0,1967.21,2024-08-09
Aulnay-sur-Marne,51023,51150,Maison,84.0,156000.0,1857.14,2024-08-19
Bétheny,51055,51450,Maison,89.0,183500.0,2061.8,2024-08-30
Hermonville,51291,51220,Maison,98.0,255750.0,2609.69,2024-08-28
Courgivaux,51185,51310,Maison,72.0,161000.0,2236.11,2024-08-08
Courgivaux,51185,51310,Maison,72.0,161000.0,2236.11,2024-08-08
Vroil,51658,51330,Maison,81.0,15000.0,185.19,2024-08-21
Reims,51454,51100,Maison,198.0,450800.0,2276.77,2024-08-30
Reims,51454,51100,Appartement,30.0,84500.0,2816.67,2024-07-31
Vitry-le-François,51649,51300,Maison,74.0,122000.0,1648.65,2024-08-30
Isle-sur-Marne,51300,51290,Maison,174.0,215000.0,1235.63,2024-08-12
Isle-sur-Marne,51300,51290,Maison,174.0,215000.0,1235.63,2024-08-12
Isle-sur-Marne,51300,51290,Maison,174.0,215000.0,1235.63,2024-08-12
Châlons-en-Champagne,51108,51000,Maison,110.0,283801.0,2580.01,2024-08-20
Reims,51454,51100,Appartement,22.0,118900.0,5404.55,2024-08-28
Reims,51454,51100,Maison,60.0,184000.0,3066.67,2024-08-29
Reims,51454,51100,Appartement,68.0,296140.0,4355.0,2024-08-23
Saint-Étienne-sur-Suippe,51477,51110,Maison,136.0,210000.0,1544.12,2024-08-28
Fère-Champenoise,51248,51230,Maison,70.0,65000.0,928.57,2024-08-30
Reims,51454,51100,Appartement,267.0,650000.0,2434.46,2024-08-30
Bezannes,51058,51430,Maison,112.0,445700.0,3979.46,2024-08-28
Esternay,51237,51310,Maison,87.0,225000.0,2586.21,2024-08-31
Allemant,51005,51120,Maison,130.0,210000.0,1615.38,2024-08-30
Châlons-en-Champagne,51108,51000,Appartement,54.0,59500.0,1101.85,2024-08-07
Baconnes,51031,51400,Maison,140.0,256770.0,1834.07,2024-08-28
Reims,51454,51100,Maison,58.0,210000.0,3620.69,2024-08-01
Pargny-sur-Saulx,51423,51340,Maison,125.0,107850.0,862.8,2024-08-21
Reims,51454,51100,Appartement,28.0,80600.0,2878.57,2024-08-30
Reims,51454,51100,Appartement,25.0,78500.0,3140.0,2024-09-03
Saint-Amand-sur-Fion,51472,51300,Maison,160.0,379760.0,2373.5,2024-08-29
Reims,51454,51100,Maison,131.0,387000.0,2954.2,2024-08-28
Jonchery-sur-Vesle,51308,51140,Maison,96.0,210000.0,2187.5,2024-08-29
Reims,51454,51100,Appartement,46.0,198600.0,4317.39,2024-08-26
Reims,51454,51100,Appartement,64.0,150000.0,2343.75,2024-08-05
Reims,51454,51100,Appartement,77.0,165910.0,2154.68,2024-08-26
Montmirail,51380,51210,Maison,141.0,218000.0,1546.1,2024-08-28
Reims,51454,51100,Maison,92.0,286925.0,3118.75,2024-08-29
Reims,51454,51100,Appartement,57.0,196000.0,3438.6,2024-08-27
Reims,51454,51100,Maison,109.0,213500.0,1958.72,2024-08-27
Vauclerc,51598,51300,Maison,53.0,57000.0,1075.47,2024-08-29
Montmirail,51380,51210,Appartement,33.0,117250.0,3553.03,2024-08-28
Montmirail,51380,51210,Appartement,50.0,117250.0,2345.0,2024-08-28
Montmirail,51380,51210,Appartement,90.0,76000.0,844.44,2024-08-30
Montmirail,51380,51210,Appartement,54.0,76000.0,1407.41,2024-08-30
Bergères-sous-Montmirail,51050,51210,Maison,125.0,163000.0,1304.0,2024-08-20
Reims,51454,51100,Appartement,30.0,108000.0,3600.0,2024-08-29
Châlons-en-Champagne,51108,51000,Appartement,79.0,109000.0,1379.75,2024-08-09
Reims,51454,51100,Appartement,32.0,106000.0,3312.5,2024-08-28
Reims,51454,51100,Appartement,74.0,230500.0,3114.86,2024-08-26
Reims,51454,51100,Appartement,47.0,87500.0,1861.7,2024-08-26
Reims,51454,51100,Appartement,69.0,220000.0,3188.41,2024-08-29
Reims,51454,51100,Maison,94.0,335000.0,3563.83,2024-08-02
Reims,51454,51100,Appartement,31.0,90000.0,2903.23,2024-09-04
Reims,51454,51100,Appartement,44.0,85000.0,1931.82,2024-08-30
Reims,51454,51100,Appartement,67.0,226200.0,3376.12,2024-08-22
Cernay-lès-Reims,51105,51420,Maison,82.0,225000.0,2743.9,2024-08-28
Reims,51454,51100,Appartement,45.0,82463.0,1832.51,2024-08-19
Reims,51454,51100,Maison,81.0,165000.0,2037.04,2024-08-28
Bergères-sous-Montmirail,51050,51210,Maison,61.0,144000.0,2360.66,2024-08-14
Reims,51454,51100,Appartement,44.0,249000.0,5659.09,2024-08-27
Épernay,51230,51200,Appartement,65.0,100000.0,1538.46,2024-08-28
Cauroy-lès-Hermonville,51102,51220,Maison,53.0,136000.0,2566.04,2024-08-27
Vitry-le-François,51649,51300,Appartement,48.0,100000.0,2083.33,2024-08-19
Vitry-le-François,51649,51300,Appartement,48.0,100000.0,2083.33,2024-08-19
Vitry-le-François,51649,51300,Appartement,43.0,100000.0,2325.58,2024-08-19
Vert-Toulon,51611,51130,Maison,96.0,50000.0,520.83,2024-08-28
Reims,51454,51100,Appartement,42.0,96000.0,2285.71,2024-08-08
Épernay,51230,51200,Appartement,33.0,41750.0,1265.15,2024-08-29
Reims,51454,51100,Maison,64.0,150000.0,2343.75,2024-08-28
Reims,51454,51100,Appartement,70.0,66290.0,947.0,2024-08-28
Reims,51454,51100,Appartement,60.0,150000.0,2500.0,2024-08-08
Reims,51454,51100,Appartement,70.0,66100.0,944.29,2024-08-27
Reims,51454,51100,Appartement,42.0,78500.0,1869.05,2024-08-08
Taissy,51562,51500,Maison,161.0,540000.0,3354.04,2024-08-07
Villers-aux-Bois,51630,51130,Maison,130.0,288950.0,2222.69,2024-08-09
Prouilly,51448,51140,Maison,148.0,302000.0,2040.54,2024-08-14
Épernay,51230,51200,Maison,57.0,231000.0,4052.63,2024-09-05
Reims,51454,51100,Appartement,43.0,95000.0,2209.3,2024-08-27
Savigny-sur-Ardres,51527,51170,Maison,112.0,178930.0,1597.59,2024-08-28
Reims,51454,51100,Appartement,55.0,164250.0,2986.36,2024-08-26
Tours-sur-Marne,51576,51150,Maison,63.0,63000.0,1000.0,2024-08-06
Reims,51454,51100,Appartement,52.0,171000.0,3288.46,2024-08-26
Tinqueux,51573,51430,Maison,70.0,175000.0,2500.0,2024-08-07
Tinqueux,51573,51430,Appartement,50.0,110000.0,2200.0,2024-08-08
Reims,51454,51100,Appartement,63.0,205000.0,3253.97,2024-08-26
Fismes,51250,51170,Maison,84.0,129500.0,1541.67,2024-08-07
Tinqueux,51573,51430,Appartement,88.0,244300.0,2776.14,2024-08-19
Reims,51454,51100,Appartement,79.0,235600.0,2982.28,2024-08-09
Reims,51454,51100,Appartement,18.0,40000.0,2222.22,2024-08-27
Reims,51454,51100,Maison,79.0,163500.0,2069.62,2024-08-28
Reims,51454,51100,Maison,80.0,180000.0,2250.0,2024-08-26
Épernay,51230,51200,Appartement,106.0,197000.0,1858.49,2024-08-26
Reims,51454,51100,Appartement,53.0,115000.0,2169.81,2024-07-29
Reims,51454,51100,Appartement,48.0,142650.0,2971.88,2024-08-30
La Celle-sous-Chantemerle,51103,51260,Maison,150.0,150000.0,1000.0,2024-08-08
Reims,51454,51100,Appartement,33.0,129700.0,3930.3,2024-08-21
Sainte-Marie-à-Py,51501,51600,Maison,120.0,84900.0,707.5,2024-08-20
Reims,51454,51100,Maison,77.0,150000.0,1948.05,2024-08-30
Saint-Just-Sauvage,51492,51260,Maison,86.0,185000.0,2151.16,2024-08-28
Les Rivières-Henruel,51463,51300,Maison,89.0,129700.0,1457.3,2024-09-03
Reims,51454,51100,Maison,60.0,249296.0,4154.93,2024-08-28
Châlons-en-Champagne,51108,51000,Appartement,107.0,80500.0,752.34,2024-08-12
Condé-sur-Marne,51161,51150,Maison,230.0,380000.0,1652.17,2024-08-12
Tinqueux,51573,51430,Maison,100.0,374000.0,3740.0,2024-08-28
Bétheny,51055,51450,Maison,105.0,250000.0,2380.95,2024-09-04
Reims,51454,51100,Maison,65.0,209200.0,3218.46,2024-08-28
Hautvillers,51287,51160,Appartement,26.0,155000.0,5961.54,2024-08-23
Livry-Louvercy,51326,51400,Maison,115.0,231200.0,2010.43,2024-08-29
Fagnières,51242,51510,Maison,135.0,250900.0,1858.52,2024-08-13
Juvigny,51312,51150,Maison,87.0,56250.0,646.55,2024-08-13
Juvigny,51312,51150,Maison,87.0,56250.0,646.55,2024-08-13
Reims,51454,51100,Appartement,80.0,99000.0,1237.5,2024-08-30
Châlons-en-Champagne,51108,51000,Appartement,96.0,225000.0,2343.75,2024-09-02
Saint-Brice-Courcelles,51474,51370,Maison,102.0,216500.0,2122.55,2024-08-26
Livry-Louvercy,51326,51400,Maison,99.0,208450.0,2105.56,2024-08-29
Reims,51454,51100,Appartement,19.0,44000.0,2315.79,2024-08-29
Reims,51454,51100,Appartement,69.0,92500.0,1340.58,2024-09-02
Sézanne,51535,51120,Maison,46.0,22000.0,478.26,2024-08-07
Reims,51454,51100,Maison,183.0,500000.0,2732.24,2024-08-26
Reims,51454,51100,Appartement,115.0,401000.0,3486.96,2024-09-03
Warmeriville,51660,51110,Maison,88.0,237500.0,2698.86,2024-08-29
Reims,51454,51100,Appartement,59.0,188000.0,3186.44,2024-09-02
Reims,51454,51100,Appartement,49.0,72000.0,1469.39,2024-08-30
Auve,51027,51800,Maison,130.0,90700.0,697.69,2024-08-13
Villers-Marmery,51636,51380,Maison,120.0,120000.0,1000.0,2024-09-04
Reims,51454,51100,Appartement,42.0,121500.0,2892.86,2024-09-03
Saint-Martin-sur-le-Pré,51504,51520,Maison,104.0,127500.0,1225.96,2024-08-12
Bétheniville,51054,51490,Maison,96.0,173000.0,1802.08,2024-08-06
Reims,51454,51100,Appartement,23.0,56000.0,2434.78,2024-08-30
Reims,51454,51100,Appartement,73.0,121375.0,1662.67,2024-09-04
Reims,51454,51100,Appartement,76.0,145000.0,1907.89,2024-08-30
Bétheny,51055,51450,Maison,90.0,266000.0,2955.56,2024-09-03
Reims,51454,51100,Appartement,23.0,91000.0,3956.52,2024-08-09
Cormontreuil,51172,51350,Maison,98.0,253000.0,2581.63,2024-08-26
Épernay,51230,51200,Maison,93.0,146410.0,1574.3,2024-08-30
Ambrières,51008,51290,Maison,103.0,84100.0,816.5,2024-08-28
Ambrières,51008,51290,Maison,103.0,84100.0,816.5,2024-08-28
Aigny,51003,51150,Maison,92.0,110000.0,1195.65,2024-08-12
Tinqueux,51573,51430,Maison,100.0,248000.0,2480.0,2024-08-30
Châlons-en-Champagne,51108,51000,Maison,101.0,169000.0,1673.27,2024-08-12
Prouilly,51448,51140,Maison,25.0,22000.0,880.0,2024-08-08
Prouilly,51448,51140,Maison,25.0,22000.0,880.0,2024-08-08
Reims,51454,51100,Maison,112.0,340000.0,3035.71,2024-09-02
Reims,51454,51100,Appartement,71.0,255000.0,3591.55,2024-09-05
Saint-Martin-sur-le-Pré,51504,51520,Maison,66.0,305000.0,4621.21,2024-08-19
Reims,51454,51100,Appartement,32.0,82000.0,2562.5,2024-09-09
Bétheny,51055,51450,Maison,84.0,383700.0,4567.86,2024-08-30
Saint-Memmie,51506,51470,Appartement,28.0,37000.0,1321.43,2024-08-12
Épernay,51230,51200,Appartement,68.0,125000.0,1838.24,2024-09-09
Châlons-en-Champagne,51108,51000,Maison,85.0,123000.0,1447.06,2024-08-20
Matougues,51357,51510,Maison,89.0,181000.0,2033.71,2024-08-28
Châlons-en-Champagne,51108,51000,Appartement,37.0,48350.0,1306.76,2024-08-22
Boult-sur-Suippe,51074,51110,Maison,136.0,186000.0,1367.65,2024-08-27
Châlons-en-Champagne,51108,51000,Maison,86.0,171000.0,1988.37,2024-08-30
Courcy,51183,51220,Maison,180.0,341930.0,1899.61,2024-08-30
Livry-Louvercy,51326,51400,Maison,89.0,202020.0,2269.89,2024-08-19
Reims,51454,51100,Appartement,23.0,220000.0,9565.22,2024-08-14
Blancs-Coteaux,51612,51130,Maison,93.0,189000.0,2032.26,2024-09-04
Suippes,51559,51600,Maison,155.0,187500.0,1209.68,2024-08-23
Saint-Memmie,51506,51470,Maison,150.0,370000.0,2466.67,2024-08-19
Saint-Memmie,51506,51470,Maison,150.0,370000.0,2466.67,2024-08-19
Épernay,51230,51200,Appartement,50.0,101800.0,2036.0,2024-09-02
Fagnières,51242,51510,Maison,94.0,220000.0,2340.43,2024-08-29
Reims,51454,51100,Maison,87.0,198300.0,2279.31,2024-08-28
Fagnières,51242,51510,Maison,112.0,162400.0,1450.0,2024-08-26
Suippes,51559,51600,Maison,45.0,33000.0,733.33,2024-08-27
Vitry-le-François,51649,51300,Appartement,53.0,30000.0,566.04,2024-08-01
Châlons-en-Champagne,51108,51000,Maison,241.0,421000.0,1746.89,2024-08-27
Maurupt-le-Montois,51358,51340,Maison,80.0,55000.0,687.5,2024-09-05
Châlons-en-Champagne,51108,51000,Appartement,30.0,43000.0,1433.33,2024-08-27
Reims,51454,51100,Appartement,34.0,99000.0,2911.76,2024-08-28
Châlons-en-Champagne,51108,51000,Maison,83.0,160300.0,1931.33,2024-08-28
Reims,51454,51100,Appartement,100.0,218700.0,2187.0,2024-08-14
Saint-Brice-Courcelles,51474,51370,Maison,99.0,215000.0,2171.72,2024-08-30
Les Mesneux,51365,51370,Maison,132.0,400350.0,3032.95,2024-09-03
Châlons-en-Champagne,51108,51000,Maison,127.0,179000.0,1409.45,2024-08-23
Reims,51454,51100,Appartement,19.0,53500.0,2815.79,2024-08-29
Reims,51454,51100,Appartement,91.0,189000.0,2076.92,2024-08-30
Reims,51454,51100,Maison,144.0,386000.0,2680.56,2024-08-27
Reims,51454,51100,Maison,94.0,188400.0,2004.26,2024-08-29
Chigny-les-Roses,51152,51500,Maison,120.0,402000.0,3350.0,2024-08-31
Épernay,51230,51200,Appartement,89.0,260000.0,2921.35,2024-08-30
Épernay,51230,51200,Appartement,76.0,260000.0,3421.05,2024-08-30
Épernay,51230,51200,Appartement,14.0,260000.0,18571.43,2024-08-30
Épernay,51230,51200,Appartement,84.0,260000.0,3095.24,2024-08-30
Châlons-en-Champagne,51108,51000,Appartement,27.0,46000.0,1703.7,2024-08-26
Fismes,51250,51170,Maison,167.0,300433.0,1799.0,2024-08-29
Dormans,51217,51700,Maison,44.0,100000.0,2272.73,2024-08-29
Courmas,51188,51390,Maison,115.0,253000.0,2200.0,2024-08-23
Suippes,51559,51600,Maison,80.0,30000.0,375.0,2024-08-30
Reims,51454,51100,Appartement,49.0,164070.0,3348.37,2024-08-30
Oiry,51413,51530,Maison,124.0,235000.0,1895.16,2024-08-27
Reims,51454,51100,Appartement,157.0,398250.0,2536.62,2024-08-29
Reims,51454,51100,Appartement,35.0,91000.0,2600.0,2024-08-29
Reims,51454,51100,Appartement,18.0,77700.0,4316.67,2024-09-04
Muizon,51391,51140,Maison,94.0,226500.0,2409.57,2024-08-28
Prouilly,51448,51140,Maison,29.0,67000.0,2310.34,2024-08-26
Saint-Étienne-sur-Suippe,51477,51110,Maison,87.0,227000.0,2609.2,2024-08-30
Reims,51454,51100,Appartement,72.0,263090.0,3654.03,2024-09-05
Ambonnay,51007,51150,Maison,109.0,260000.0,2385.32,2024-09-04
Reims,51454,51100,Maison,89.0,182000.0,2044.94,2024-09-04
Rilly-la-Montagne,51461,51500,Maison,89.0,252900.0,2841.57,2024-08-30
Gueux,51282,51390,Maison,273.0,649000.0,2377.29,2024-08-28
Gueux,51282,51390,Maison,273.0,649000.0,2377.29,2024-08-28
Reims,51454,51100,Appartement,46.0,151100.0,3284.78,2024-08-28
Blacy,51065,51300,Maison,59.0,152500.0,2584.75,2024-08-17
Muizon,51391,51140,Maison,65.0,68000.0,1046.15,2024-08-28
Reims,51454,51100,Appartement,52.0,171300.0,3294.23,2024-09-03
Sainte-Menehould,51507,51800,Maison,95.0,119000.0,1252.63,2024-08-22
Tinqueux,51573,51430,Maison,20.0,27000.0,1350.0,2024-09-03
Reims,51454,51100,Maison,65.0,163000.0,2507.69,2024-08-26
Chouilly,51153,51530,Maison,69.0,253000.0,3666.67,2024-09-04
Le Mesnil-sur-Oger,51367,51190,Maison,58.0,172500.0,2974.14,2024-09-04
Le Mesnil-sur-Oger,51367,51190,Maison,17.0,172500.0,10147.06,2024-09-04
Reims,51454,51100,Appartement,85.0,214500.0,2523.53,2024-08-29
Damery,51204,51480,Maison,104.0,250000.0,2403.85,2024-08-29
Reims,51454,51100,Appartement,137.0,480000.0,3503.65,2024-09-02
Reims,51454,51100,Maison,69.0,207000.0,3000.0,2024-09-11
Gueux,51282,51390,Maison,152.0,320000.0,2105.26,2024-08-26
Reims,51454,51100,Appartement,58.0,60000.0,1034.48,2024-09-05
La Neuville-aux-Bois,51397,51330,Maison,89.0,177500.0,1994.38,2024-09-03
Reims,51454,51100,Appartement,48.0,270000.0,5625.0,2024-08-29
Reims,51454,51100,Appartement,49.0,270000.0,5510.2,2024-08-29
Reims,51454,51100,Appartement,26.0,270000.0,10384.62,2024-08-29
Pargny-sur-Saulx,51423,51340,Maison,110.0,47000.0,427.27,2024-09-07
Reims,51454,51100,Appartement,90.0,176500.0,1961.11,2024-09-03
Blancs-Coteaux,51612,51130,Maison,95.0,100000.0,1052.63,2024-09-06
Serzy-et-Prin,51534,51170,Maison,114.0,309100.0,2711.4,2024-08-28
Serzy-et-Prin,51534,51170,Maison,114.0,309100.0,2711.4,2024-08-28
Puisieulx,51450,51500,Maison,114.0,320000.0,2807.02,2024-09-06
Épernay,51230,51200,Maison,101.0,206650.0,2046.04,2024-09-06
Reims,51454,51100,Appartement,70.0,260000.0,3714.29,2024-09-09
Reims,51454,51100,Appartement,105.0,300000.0,2857.14,2024-09-09
Dommartin-Lettrée,51212,51320,Maison,95.0,217000.0,2284.21,2024-09-12
Reims,51454,51100,Appartement,30.0,45000.0,1500.0,2024-08-30
Mourmelon-le-Grand,51388,51400,Maison,115.0,252000.0,2191.3,2024-09-06
Reims,51454,51100,Appartement,57.0,139000.0,2438.6,2024-09-09
Aÿ-Champagne,51030,51160,Maison,24.0,72500.0,3020.83,2024-09-12
Aÿ-Champagne,51030,51160,Maison,170.0,282000.0,1658.82,2024-09-04
Bétheny,51055,51450,Maison,104.0,240000.0,2307.69,2024-09-04
Reims,51454,51100,Appartement,45.0,119700.0,2660.0,2024-09-06
Reims,51454,51100,Appartement,63.0,795000.0,12619.05,2024-09-06
Sillery,51536,51500,Maison,149.0,360000.0,2416.11,2024-08-17
Frignicourt,51262,51300,Maison,58.0,61000.0,1051.72,2024-08-27
Vitry-le-François,51649,51300,Maison,60.0,127000.0,2116.67,2024-08-09
Reims,51454,51100,Appartement,74.0,129000.0,1743.24,2024-09-02
Épernay,51230,51200,Maison,32.0,80000.0,2500.0,2024-09-06
Reims,51454,51100,Appartement,25.0,96000.0,3840.0,2024-09-03
Épernay,51230,51200,Maison,78.0,173000.0,2217.95,2024-09-05
Épernay,51230,51200,Appartement,45.0,63000.0,1400.0,2024-09-06
Champguyon,51116,51310,Maison,96.0,78000.0,812.5,2024-08-30
Aÿ-Champagne,51030,51160,Appartement,65.0,94000.0,1446.15,2024-09-11
Reims,51454,51100,Appartement,53.0,137000.0,2584.91,2024-09-03
Angluzelles-et-Courcelles,51010,51230,Maison,78.0,122500.0,1570.51,2024-09-10
Angluzelles-et-Courcelles,51010,51230,Maison,78.0,122500.0,1570.51,2024-09-10
Épernay,51230,51200,Maison,80.0,283000.0,3537.5,2024-09-06
Lachy,51313,51120,Maison,100.0,120000.0,1200.0,2024-08-30
Barbonne-Fayel,51036,51120,Maison,82.0,125000.0,1524.39,2024-09-06
Barbonne-Fayel,51036,51120,Maison,110.0,125000.0,1136.36,2024-09-06
Venteuil,51605,51480,Maison,77.0,170000.0,2207.79,2024-09-06
Pleurs,51432,51230,Maison,77.0,93500.0,1214.29,2024-09-07
Reims,51454,51100,Appartement,113.0,308000.0,2725.66,2024-09-12
Reims,51454,51100,Appartement,26.0,90000.0,3461.54,2024-09-14
Damery,51204,51480,Maison,112.0,230000.0,2053.57,2024-09-06
Reims,51454,51100,Appartement,43.0,260000.0,6046.51,2024-09-13
Épernay,51230,51200,Appartement,49.0,84500.0,1724.49,2024-09-03
Courthiézy,51192,51700,Maison,152.0,130000.0,855.26,2024-09-09
Hautvillers,51287,51160,Maison,114.0,170000.0,1491.23,2024-09-13
Reims,51454,51100,Appartement,88.0,210000.0,2386.36,2024-09-10
Sézanne,51535,51120,Maison,110.0,145000.0,1318.18,2024-09-07
Reims,51454,51100,Appartement,57.0,122000.0,2140.35,2024-08-29
Blancs-Coteaux,51612,51130,Maison,83.0,100000.0,1204.82,2024-09-13
Reims,51454,51100,Maison,92.0,294050.0,3196.2,2024-09-13
Oiry,51413,51530,Maison,140.0,60000.0,428.57,2024-08-30
Warmeriville,51660,51110,Maison,107.0,337250.0,3151.87,2024-09-09
Châlons-en-Champagne,51108,51000,Appartement,105.0,123000.0,1171.43,2024-09-12
Reims,51454,51100,Appartement,48.0,44400.0,925.0,2024-09-03
Reims,51454,51100,Appartement,35.0,173500.0,4957.14,2024-09-10
Aÿ-Champagne,51030,51160,Maison,119.0,398700.0,3350.42,2024-09-13
Saint-Memmie,51506,51470,Maison,93.0,145500.0,1564.52,2024-09-06
Saint-Hilaire-au-Temple,51485,51400,Maison,186.0,200000.0,1075.27,2024-09-05
Reims,51454,51100,Appartement,86.0,213400.0,2481.4,2024-09-12
Châlons-en-Champagne,51108,51000,Appartement,84.0,185000.0,2202.38,2024-09-04
Reims,51454,51100,Maison,55.0,90000.0,1636.36,2024-09-10
Châlons-en-Champagne,51108,51000,Appartement,32.0,245000.0,7656.25,2024-09-09
Châlons-en-Champagne,51108,51000,Appartement,58.0,245000.0,4224.14,2024-09-09
Châlons-en-Champagne,51108,51000,Appartement,32.0,245000.0,7656.25,2024-09-09
Épernay,51230,51200,Appartement,43.0,124000.0,2883.72,2024-09-03
Vatry,51595,51320,Maison,79.0,147900.0,1872.15,2024-08-27
Vatry,51595,51320,Maison,192.0,147900.0,770.31,2024-08-27
Loisy-en-Brie,51327,51130,Maison,126.0,170000.0,1349.21,2024-09-12
Châlons-en-Champagne,51108,51000,Appartement,34.0,84500.0,2485.29,2024-09-11
Reims,51454,51100,Appartement,77.0,190000.0,2467.53,2024-09-12
Reims,51454,51100,Appartement,41.0,119000.0,2902.44,2024-09-09
Reims,51454,51100,Appartement,37.0,116000.0,3135.14,2024-09-12
Avenay-Val-d'Or,51028,51160,Maison,76.0,130000.0,1710.53,2024-08-29
Fismes,51250,51170,Maison,84.0,124500.0,1482.14,2024-09-04
Reims,51454,51100,Appartement,34.0,107000.0,3147.06,2024-09-12
Fagnières,51242,51510,Maison,124.0,148400.0,1196.77,2024-09-13
Épernay,51230,51200,Appartement,98.0,194900.0,1988.78,2024-09-02
Bezannes,51058,51430,Appartement,46.0,187000.0,4065.22,2024-09-11
Chouilly,51153,51530,Maison,107.0,310209.0,2899.15,2024-09-12
Reims,51454,51100,Appartement,46.0,208000.0,4521.74,2024-08-01
Reims,51454,51100,Appartement,30.0,208000.0,6933.33,2024-08-01
Reims,51454,51100,Appartement,50.0,137500.0,2750.0,2024-09-04
Courlandon,51187,51170,Maison,86.0,175000.0,2034.88,2024-08-30
Reims,51454,51100,Appartement,39.0,115000.0,2948.72,2024-08-23
Heiltz-le-Maurupt,51289,51340,Maison,96.0,94000.0,979.17,2024-09-12
Vanault-les-Dames,51590,51340,Maison,93.0,85000.0,913.98,2024-09-10
Maisons-en-Champagne,51340,51300,Maison,86.0,120000.0,1395.35,2024-09-13
Reims,51454,51100,Appartement,90.0,195040.0,2167.11,2024-09-10
Fagnières,51242,51510,Maison,107.0,135000.0,1261.68,2024-09-04
Épernay,51230,51200,Appartement,27.0,57000.0,2111.11,2024-09-04
Épernay,51230,51200,Appartement,50.0,87500.0,1750.0,2024-08-30
Remicourt,51456,51330,Maison,57.0,69500.0,1219.3,2024-08-27
Cormontreuil,51172,51350,Appartement,55.0,131000.0,2381.82,2024-09-09
Épernay,51230,51200,Appartement,96.0,165130.0,1720.1,2024-08-29
Reims,51454,51100,Appartement,71.0,110000.0,1549.3,2024-09-12
Reims,51454,51100,Appartement,46.0,142000.0,3086.96,2024-09-17
Épernay,51230,51200,Appartement,80.0,144150.0,1801.88,2024-08-28
Songy,51552,51240,Maison,89.0,106000.0,1191.01,2024-09-12
Reims,51454,51100,Appartement,42.0,123000.0,2928.57,2024-09-16
Reims,51454,51100,Maison,107.0,535000.0,5000.0,2024-09-06
Reims,51454,51100,Appartement,35.0,90900.0,2597.14,2024-09-11
Reims,51454,51100,Maison,50.0,211500.0,4230.0,2024-09-11
Sermaize-les-Bains,51531,51250,Maison,110.0,135000.0,1227.27,2024-09-13
Reims,51454,51100,Appartement,108.0,368400.0,3411.11,2024-08-30
Reims,51454,51100,Appartement,78.0,222000.0,2846.15,2024-09-12
Reims,51454,51100,Maison,114.0,518500.0,4548.25,2024-09-10
Épernay,51230,51200,Appartement,69.0,119900.0,1737.68,2024-06-04
Reims,51454,51100,Maison,144.0,725000.0,5034.72,2024-08-30
Reims,51454,51100,Appartement,38.0,128000.0,3368.42,2024-08-30
Reims,51454,51100,Maison,74.0,115000.0,1554.05,2024-09-16
Bétheny,51055,51450,Maison,103.0,208200.0,2021.36,2024-09-10
Fismes,51250,51170,Maison,82.0,187750.0,2289.63,2024-08-28
Reims,51454,51100,Appartement,44.0,120000.0,2727.27,2024-09-09
Pierry,51431,51530,Maison,109.0,225000.0,2064.22,2024-08-27
Passy-Grigny,51425,51700,Maison,85.0,131500.0,1547.06,2024-09-13
Reims,51454,51100,Appartement,69.0,169200.0,2452.17,2024-09-06
Bétheny,51055,51450,Appartement,66.0,136500.0,2068.18,2024-08-13
Reims,51454,51100,Appartement,83.0,175000.0,2108.43,2024-08-19
Suippes,51559,51600,Maison,75.0,114000.0,1520.0,2024-09-02
Reims,51454,51100,Appartement,29.0,67500.0,2327.59,2024-09-13
Reims,51454,51100,Appartement,80.0,274000.0,3425.0,2024-09-13
Reims,51454,51100,Appartement,48.0,110000.0,2291.67,2024-09-18
Reims,51454,51100,Appartement,75.0,231500.0,3086.67,2024-08-30
Cormicy,51171,51220,Maison,99.0,344030.0,3475.05,2024-08-30
Reims,51454,51100,Appartement,51.0,117250.0,2299.02,2024-08-30
Ville-sur-Tourbe,51640,51800,Maison,170.0,149900.0,881.76,2024-09-02
Suippes,51559,51600,Maison,68.0,10000.0,147.06,2024-09-06
Marolles,51352,51300,Maison,80.0,129000.0,1612.5,2024-09-17
Reims,51454,51100,Appartement,88.0,280400.0,3186.36,2024-08-28
Reims,51454,51100,Appartement,62.0,222850.0,3594.35,2024-09-11
Fismes,51250,51170,Maison,96.0,233000.0,2427.08,2024-08-21
Mareuil-en-Brie,51345,51270,Maison,144.0,227000.0,1576.39,2024-09-18
Mareuil-en-Brie,51345,51270,Maison,144.0,227000.0,1576.39,2024-09-18
Reims,51454,51100,Maison,96.0,555000.0,5781.25,2024-09-13
Reims,51454,51100,Appartement,37.0,124000.0,3351.35,2024-08-30
Reims,51454,51100,Maison,60.0,160000.0,2666.67,2024-08-27
Vitry-le-François,51649,51300,Maison,110.0,152500.0,1386.36,2024-09-17
Châlons-en-Champagne,51108,51000,Maison,83.0,170000.0,2048.19,2024-08-23
Reims,51454,51100,Appartement,63.0,219200.0,3479.37,2024-08-27
Jonchery-sur-Vesle,51308,51140,Appartement,54.0,97500.0,1805.56,2024-08-29
Reims,51454,51100,Appartement,51.0,103000.0,2019.61,2024-08-26
Reims,51454,51100,Appartement,67.0,186000.0,2776.12,2024-08-30
Humbauville,51296,51320,Maison,55.0,112850.0,2051.82,2024-09-14
Humbauville,51296,51320,Maison,80.0,112850.0,1410.62,2024-09-14
Humbauville,51296,51320,Maison,80.0,112850.0,1410.62,2024-09-14
Bétheniville,51054,51490,Maison,88.0,92610.0,1052.39,2024-08-29
Reims,51454,51100,Appartement,60.0,169160.0,2819.33,2024-09-11
Reims,51454,51100,Appartement,173.0,634000.0,3664.74,2024-08-01
Vauciennes,51597,51480,Maison,72.0,185000.0,2569.44,2024-09-09
Reims,51454,51100,Appartement,60.0,192000.0,3200.0,2024-09-02
Gizaucourt,51274,51800,Maison,156.0,60000.0,384.62,2024-08-22
Épernay,51230,51200,Appartement,115.0,305300.0,2654.78,2024-09-11
Bétheny,51055,51450,Maison,108.0,285000.0,2638.89,2024-09-05
Cumières,51202,51480,Maison,110.0,71000.0,645.45,2024-09-19
Saint-Pierre,51509,51510,Maison,87.0,174900.0,2010.34,2024-08-30
Reims,51454,51100,Appartement,51.0,117000.0,2294.12,2024-09-16
Hautvillers,51287,51160,Appartement,42.0,88500.0,2107.14,2024-09-11
Châlons-en-Champagne,51108,51000,Appartement,68.0,119900.0,1763.24,2024-09-10
Reims,51454,51100,Maison,133.0,225000.0,1691.73,2024-09-11
Rilly-la-Montagne,51461,51500,Maison,97.0,223600.0,2305.15,2024-09-05
Vienne-la-Ville,51620,51800,Maison,240.0,239000.0,995.83,2024-08-21
Bétheny,51055,51450,Appartement,100.0,190000.0,1900.0,2024-09-13
Reims,51454,51100,Appartement,80.0,285000.0,3562.5,2024-09-17
Bétheny,51055,51450,Maison,125.0,286500.0,2292.0,2024-09-11
Reims,51454,51100,Appartement,26.0,90000.0,3461.54,2024-09-17
Reims,51454,51100,Appartement,20.0,116970.0,5848.5,2024-09-16
Reims,51454,51100,Appartement,51.0,75000.0,1470.59,2024-09-09
Aÿ-Champagne,51030,51160,Appartement,68.0,88500.0,1301.47,2024-09-09
Châlons-en-Champagne,51108,51000,Appartement,104.0,250000.0,2403.85,2024-09-10
Reims,51454,51100,Maison,38.0,130000.0,3421.05,2024-09-09
Reims,51454,51100,Appartement,40.0,127480.0,3187.0,2024-09-12
Reims,51454,51100,Appartement,81.0,165000.0,2037.04,2024-09-10
Reims,51454,51100,Maison,90.0,227000.0,2522.22,2024-09-09
Montbré,51375,51500,Maison,166.0,600350.0,3616.57,2024-09-06
Épernay,51230,51200,Maison,136.0,236000.0,1735.29,2024-09-11
Épernay,51230,51200,Maison,136.0,236000.0,1735.29,2024-09-11
Reims,51454,51100,Appartement,24.0,106000.0,4416.67,2024-09-16
Bazancourt,51043,51110,Maison,111.0,81000.0,729.73,2024-09-11
Dormans,51217,51700,Maison,15.0,137500.0,9166.67,2024-09-12
La Celle-sous-Chantemerle,51103,51260,Maison,109.0,135000.0,1238.53,2024-09-04
Châlons-en-Champagne,51108,51000,Maison,190.0,110000.0,578.95,2024-08-26
Châlons-en-Champagne,51108,51000,Appartement,122.0,96200.0,788.52,2024-08-26
Sermaize-les-Bains,51531,51250,Appartement,31.0,19000.0,612.9,2024-09-20
Sermaize-les-Bains,51531,51250,Appartement,33.0,19000.0,575.76,2024-09-20
Sermaize-les-Bains,51531,51250,Appartement,58.0,19000.0,327.59,2024-09-20
Reims,51454,51100,Appartement,49.0,147200.0,3004.08,2024-09-06
Reims,51454,51100,Appartement,102.0,192150.0,1883.82,2024-09-06
Reims,51454,51100,Appartement,20.0,54500.0,2725.0,2024-09-09
Reims,51454,51100,Appartement,28.0,106700.0,3810.71,2024-09-04
Reims,51454,51100,Appartement,85.0,125100.0,1471.76,2024-09-10
Vauclerc,51598,51300,Maison,92.0,146000.0,1586.96,2024-09-18
Reims,51454,51100,Appartement,25.0,83000.0,3320.0,2024-09-16
Vitry-le-François,51649,51300,Maison,95.0,112100.0,1180.0,2024-09-19
Ambonnay,51007,51150,Maison,141.0,305870.0,2169.29,2024-09-19
Sarry,51525,51520,Maison,126.0,353100.0,2802.38,2024-09-13
Reims,51454,51100,Appartement,48.0,135000.0,2812.5,2024-08-23
Châlons-en-Champagne,51108,51000,Appartement,114.0,180000.0,1578.95,2024-09-06
Reims,51454,51100,Appartement,70.0,130000.0,1857.14,2024-08-27
Reims,51454,51100,Appartement,58.0,335000.0,5775.86,2024-09-02
Reims,51454,51100,Appartement,49.0,335000.0,6836.73,2024-09-02
Reims,51454,51100,Appartement,31.0,335000.0,10806.45,2024-09-02
Châlons-en-Champagne,51108,51000,Appartement,95.0,109000.0,1147.37,2024-08-22
Songy,51552,51240,Maison,173.0,92000.0,531.79,2024-08-29
Reims,51454,51100,Maison,89.0,140000.0,1573.03,2024-08-28
Faux-Vésigneul,51244,51320,Maison,110.0,169000.0,1536.36,2024-08-28
Reims,51454,51100,Appartement,47.0,121400.0,2582.98,2024-09-16
Bezannes,51058,51430,Appartement,52.0,190000.0,3653.85,2024-09-19
Reims,51454,51100,Maison,75.0,156500.0,2086.67,2024-09-16
Le Mesnil-sur-Oger,51367,51190,Maison,56.0,55000.0,982.14,2024-09-20
Reims,51454,51100,Appartement,67.0,148000.0,2208.96,2024-09-18
Reims,51454,51100,Appartement,81.0,266750.0,3293.21,2024-09-17
Reims,51454,51100,Appartement,69.0,225155.0,3263.12,2024-09-18
Reims,51454,51100,Appartement,173.0,383500.0,2216.76,2024-09-18
Reims,51454,51100,Maison,62.0,220000.0,3548.39,2024-09-12
Reims,51454,51100,Appartement,25.0,57500.0,2300.0,2024-09-05
Bezannes,51058,51430,Appartement,42.0,159800.0,3804.76,2024-09-17
Reims,51454,51100,Appartement,65.0,113500.0,1746.15,2024-09-16
Épernay,51230,51200,Maison,81.0,150000.0,1851.85,2024-09-05
Châlons-en-Champagne,51108,51000,Appartement,69.0,291800.0,4228.99,2024-09-23
Châlons-en-Champagne,51108,51000,Appartement,51.0,291800.0,5721.57,2024-09-23
Châlons-en-Champagne,51108,51000,Appartement,43.0,291800.0,6786.05,2024-09-23
Châlons-en-Champagne,51108,51000,Appartement,49.0,291800.0,5955.1,2024-09-23
Châlons-en-Champagne,51108,51000,Appartement,74.0,291800.0,3943.24,2024-09-23
Aÿ-Champagne,51030,51150,Maison,108.0,237800.0,2201.85,2024-09-02
Reims,51454,51100,Appartement,19.0,63000.0,3315.79,2024-08-01
Reims,51454,51100,Appartement,93.0,220000.0,2365.59,2024-09-18
Bazancourt,51043,51110,Maison,171.0,299050.0,1748.83,2024-09-06
Cormicy,51171,51220,Maison,152.0,345300.0,2271.71,2024-09-19
Reims,51454,51100,Appartement,84.0,177500.0,2113.1,2024-09-20
Beaumont-sur-Vesle,51044,51360,Maison,109.0,231000.0,2119.27,2024-09-11
Reims,51454,51100,Appartement,102.0,320150.0,3138.73,2024-09-20
Sainte-Menehould,51507,51800,Appartement,104.0,60000.0,576.92,2024-09-03
Reims,51454,51100,Appartement,50.0,184450.0,3689.0,2024-09-10
Reims,51454,51100,Appartement,64.0,130000.0,2031.25,2024-09-18
Reims,51454,51100,Maison,94.0,257620.0,2740.64,2024-09-05
Verzenay,51613,51360,Maison,95.0,333000.0,3505.26,2024-09-12
Courcelles-Sapicourt,51181,51140,Maison,138.0,430001.0,3115.95,2024-09-16
Courcelles-Sapicourt,51181,51140,Maison,138.0,430001.0,3115.95,2024-09-16
Rosnay,51468,51390,Maison,144.0,505000.0,3506.94,2024-09-17
Rosnay,51468,51390,Maison,144.0,505000.0,3506.94,2024-09-17
Reims,51454,51100,Appartement,20.0,77000.0,3850.0,2024-08-30
Reims,51454,51100,Appartement,59.0,130000.0,2203.39,2024-08-29
Sarry,51525,51520,Maison,110.0,160000.0,1454.55,2024-09-23
Épernay,51230,51200,Appartement,70.0,123000.0,1757.14,2024-09-06
Reims,51454,51100,Appartement,78.0,100000.0,1282.05,2024-08-28
Reims,51454,51100,Appartement,42.0,135000.0,3214.29,2024-08-28
Blancs-Coteaux,51612,51130,Maison,73.0,150000.0,2054.79,2024-09-17
Blancs-Coteaux,51612,51130,Maison,131.0,150000.0,1145.04,2024-09-17
Reims,51454,51100,Appartement,49.0,56240.0,1147.76,2024-09-06
Sainte-Menehould,51507,51800,Maison,234.0,189000.0,807.69,2024-08-30
Sainte-Menehould,51507,51800,Appartement,75.0,124500.0,1660.0,2024-09-03
Sainte-Menehould,51507,51800,Appartement,71.0,124500.0,1753.52,2024-09-03
Reims,51454,51100,Appartement,52.0,165000.0,3173.08,2024-09-04
Reims,51454,51100,Appartement,23.0,45500.0,1978.26,2024-09-17
Reims,51454,51100,Appartement,16.0,45500.0,2843.75,2024-09-17
Brimont,51088,51220,Maison,133.0,258000.0,1939.85,2024-09-23
Brimont,51088,51220,Maison,133.0,258000.0,1939.85,2024-09-23
Verneuil,51609,51700,Maison,72.0,683750.0,9496.53,2024-09-04
Verneuil,51609,51700,Maison,180.0,683750.0,3798.61,2024-09-04
Saint-Brice-Courcelles,51474,51370,Maison,86.0,322000.0,3744.19,2024-09-19
Reims,51454,51100,Appartement,26.0,98100.0,3773.08,2024-09-17
Châlons-en-Champagne,51108,51000,Appartement,33.0,43000.0,1303.03,2024-09-18
Saint-Memmie,51506,51470,Maison,72.0,130000.0,1805.56,2024-09-13
Reims,51454,51100,Appartement,93.0,189625.0,2038.98,2024-09-19
Reims,51454,51100,Appartement,93.0,189625.0,2038.98,2024-09-19
Châlons-en-Champagne,51108,51000,Appartement,65.0,235000.0,3615.38,2024-09-03
Châlons-en-Champagne,51108,51000,Appartement,40.0,235000.0,5875.0,2024-09-03
Châlons-en-Champagne,51108,51000,Appartement,58.0,235000.0,4051.72,2024-09-03
Châlons-en-Champagne,51108,51000,Appartement,59.0,235000.0,3983.05,2024-09-03
Châlons-en-Champagne,51108,51000,Appartement,39.0,235000.0,6025.64,2024-09-03
Châlons-en-Champagne,51108,51000,Appartement,39.0,235000.0,6025.64,2024-09-03
Reims,51454,51100,Appartement,59.0,152200.0,2579.66,2024-09-20
Cernay-lès-Reims,51105,51420,Maison,96.0,304900.0,3176.04,2024-08-02
Châlons-en-Champagne,51108,51000,Maison,101.0,170000.0,1683.17,2024-09-16
Bétheny,51055,51450,Appartement,44.0,132000.0,3000.0,2024-09-19
Matougues,51357,51510,Maison,89.0,173000.0,1943.82,2024-09-13
Reims,51454,51100,Maison,99.0,285000.0,2878.79,2024-09-19
Reims,51454,51100,Appartement,57.0,149500.0,2622.81,2024-09-18
Fagnières,51242,51510,Maison,97.0,70000.0,721.65,2024-09-18
Saint-Just-Sauvage,51492,51260,Maison,60.0,40000.0,666.67,2024-09-11
Saint-Germain-la-Ville,51482,51240,Maison,19.0,68000.0,3578.95,2024-09-13
Saint-Germain-la-Ville,51482,51240,Maison,19.0,68000.0,3578.95,2024-09-13
Haussignémont,51284,51300,Maison,95.0,174050.0,1832.11,2024-09-20
Reims,51454,51100,Appartement,52.0,530000.0,10192.31,2024-09-13
Reims,51454,51100,Appartement,51.0,530000.0,10392.16,2024-09-13
Reims,51454,51100,Appartement,47.0,530000.0,11276.6,2024-09-13
Reims,51454,51100,Appartement,103.0,530000.0,5145.63,2024-09-13
Reims,51454,51100,Appartement,56.0,530000.0,9464.29,2024-09-13
Reims,51454,51100,Appartement,88.0,296500.0,3369.32,2024-09-17
Pierry,51431,51530,Maison,135.0,235000.0,1740.74,2024-09-06
Reims,51454,51100,Appartement,45.0,80800.0,1795.56,2024-09-19
Châlons-en-Champagne,51108,51000,Appartement,113.0,135000.0,1194.69,2024-09-13
Châlons-en-Champagne,51108,51000,Maison,101.0,153000.0,1514.85,2024-09-13
Heiltz-le-Hutier,51288,51300,Maison,105.0,174500.0,1661.9,2024-09-20
Vitry-le-François,51649,51300,Appartement,67.0,63000.0,940.3,2024-09-20
Chepy,51149,51240,Maison,104.0,221550.0,2130.29,2024-09-03
Dormans,51217,51700,Maison,130.0,330000.0,2538.46,2024-09-06
Bussy-Lettrée,51099,51320,Maison,73.0,60000.0,821.92,2024-09-13
Reims,51454,51100,Maison,62.0,286500.0,4620.97,2024-09-20
Bétheny,51055,51450,Maison,101.0,274850.0,2721.29,2024-09-02
Châlons-en-Champagne,51108,51000,Maison,185.0,338050.0,1827.3,2024-06-26
Gueux,51282,51390,Maison,97.0,445000.0,4587.63,2024-09-04
Gueux,51282,51390,Maison,97.0,445000.0,4587.63,2024-09-04
Reims,51454,51100,Appartement,65.0,130000.0,2000.0,2024-09-13
Cormontreuil,51172,51350,Maison,50.0,270000.0,5400.0,2024-08-30
Cormontreuil,51172,51350,Maison,50.0,270000.0,5400.0,2024-08-30
Reims,51454,51100,Appartement,33.0,72500.0,2196.97,2024-09-12
Reims,51454,51100,Appartement,63.0,246000.0,3904.76,2024-09-04
Reims,51454,51100,Appartement,95.0,245000.0,2578.95,2024-09-13
Reims,51454,51100,Appartement,161.0,809550.0,5028.26,2024-08-27
Reims,51454,51100,Appartement,33.0,87500.0,2651.52,2024-09-06
Reims,51454,51100,Appartement,34.0,115000.0,3382.35,2024-09-13
Dizy,51210,51530,Appartement,78.0,150700.0,1932.05,2024-09-05
Cormontreuil,51172,51350,Maison,107.0,245000.0,2289.72,2024-09-18
Reims,51454,51100,Appartement,19.0,68000.0,3578.95,2024-09-10
Reims,51454,51100,Appartement,88.0,230000.0,2613.64,2024-09-18
Chaintrix-Bierges,51107,51130,Maison,93.0,40250.0,432.8,2024-09-23
Sermiers,51532,51500,Maison,134.0,437020.0,3261.34,2024-09-19
Reims,51454,51100,Appartement,27.0,132000.0,4888.89,2024-09-26
Reims,51454,51100,Appartement,65.0,142000.0,2184.62,2024-09-20
Reims,51454,51100,Maison,64.0,500000.0,7812.5,2024-09-13
Reims,51454,51100,Appartement,57.0,213600.0,3747.37,2024-09-17
Reims,51454,51100,Appartement,50.0,160000.0,3200.0,2024-09-18
Pargny-sur-Saulx,51423,51340,Maison,93.0,38500.0,413.98,2024-09-14
Bétheny,51055,51450,Maison,70.0,184000.0,2628.57,2024-09-03
Reims,51454,51100,Appartement,105.0,182000.0,1733.33,2024-09-20
Warmeriville,51660,51110,Maison,98.0,265510.0,2709.29,2024-09-23
Reims,51454,51100,Appartement,66.0,258130.0,3911.06,2024-09-23
Saint-Memmie,51506,51470,Appartement,61.0,70500.0,1155.74,2024-08-29
Reims,51454,51100,Appartement,72.0,132250.0,1836.81,2024-09-16
Villers-Franqueux,51633,51220,Maison,70.0,95000.0,1357.14,2024-09-10
Witry-lès-Reims,51662,51420,Maison,200.0,370000.0,1850.0,2024-09-16
Châlons-en-Champagne,51108,51000,Maison,55.0,177500.0,3227.27,2024-08-29
Reims,51454,51100,Maison,177.0,500000.0,2824.86,2024-09-04
Châlons-en-Champagne,51108,51000,Maison,62.0,150000.0,2419.35,2024-09-17
Coupéville,51179,51240,Maison,80.0,200000.0,2500.0,2024-09-24
Sézanne,51535,51120,Maison,52.0,144950.0,2787.5,2024-09-07
Bouy,51078,51400,Maison,83.0,240300.0,2895.18,2024-09-17
Condé-sur-Marne,51161,51150,Maison,70.0,90000.0,1285.71,2024-09-24
Mourmelon-le-Grand,51388,51400,Appartement,51.0,203000.0,3980.39,2024-09-19
Mourmelon-le-Grand,51388,51400,Appartement,112.0,203000.0,1812.5,2024-09-19
Thillois,51569,51370,Maison,106.0,328000.0,3094.34,2024-09-24
Reims,51454,51100,Appartement,67.0,145000.0,2164.18,2024-09-24
Chouilly,51153,51530,Maison,38.0,500000.0,13157.89,2024-09-13
Chouilly,51153,51530,Maison,119.0,500000.0,4201.68,2024-09-13
Épernay,51230,51200,Appartement,128.0,230000.0,1796.88,2024-09-17
Verrières,51610,51800,Maison,107.0,182000.0,1700.93,2024-08-30
Dontrien,51216,51490,Maison,73.0,175000.0,2397.26,2024-09-20
Les Mesneux,51365,51370,Maison,158.0,730000.0,4620.25,2024-09-16
Reims,51454,51100,Appartement,95.0,230000.0,2421.05,2024-09-13
Épernay,51230,51200,Appartement,78.0,150000.0,1923.08,2024-09-25
Vitry-le-François,51649,51300,Maison,64.0,106400.0,1662.5,2024-09-06
Vitry-le-François,51649,51300,Maison,64.0,106400.0,1662.5,2024-09-06
Châlons-en-Champagne,51108,51000,Appartement,75.0,90000.0,1200.0,2024-08-30
Courlandon,51187,51170,Maison,110.0,128600.0,1169.09,2024-09-24
Courlandon,51187,51170,Maison,110.0,128600.0,1169.09,2024-09-24
Villers-Allerand,51629,51500,Maison,123.0,282000.0,2292.68,2024-09-18
Épernay,51230,51200,Appartement,68.0,125000.0,1838.24,2024-09-11
Muizon,51391,51140,Maison,94.0,186400.0,1982.98,2024-08-30
Châlons-en-Champagne,51108,51000,Maison,67.0,80000.0,1194.03,2024-08-30
Châlons-en-Champagne,51108,51000,Maison,50.0,106000.0,2120.0,2024-08-30
Œuilly,51410,51480,Maison,170.0,100000.0,588.24,2024-09-06
Reims,51454,51100,Appartement,39.0,125500.0,3217.95,2024-09-26
Anglure,51009,51260,Maison,41.0,77000.0,1878.05,2024-09-13
Courtisols,51193,51460,Maison,118.0,276980.0,2347.29,2024-09-02
Courtisols,51193,51460,Maison,118.0,276980.0,2347.29,2024-09-02
Esternay,51237,51310,Maison,80.0,90000.0,1125.0,2024-09-24
Pargny-sur-Saulx,51423,51340,Maison,115.0,90000.0,782.61,2024-09-26
Pargny-sur-Saulx,51423,51340,Appartement,140.0,90000.0,642.86,2024-09-26
Reims,51454,51100,Appartement,42.0,133450.0,3177.38,2024-08-29
Reims,51454,51100,Appartement,22.0,68060.0,3093.64,2024-09-18
Épernay,51230,51200,Maison,105.0,172800.0,1645.71,2024-09-13
Épernay,51230,51200,Maison,108.0,69500.0,643.52,2024-09-12
Oiry,51413,51530,Maison,95.0,200000.0,2105.26,2024-09-12
Reims,51454,51100,Appartement,42.0,114800.0,2733.33,2024-09-20
Châlons-en-Champagne,51108,51000,Appartement,57.0,81360.0,1427.37,2024-08-28
Châlons-en-Champagne,51108,51000,Appartement,57.0,89000.0,1561.4,2024-08-28
Châlons-en-Champagne,51108,51000,Appartement,17.0,38500.0,2264.71,2024-08-28
Bazancourt,51043,51110,Maison,70.0,160000.0,2285.71,2024-09-20
Cernay-lès-Reims,51105,51420,Maison,60.0,176000.0,2933.33,2024-09-19
Reims,51454,51100,Appartement,61.0,305700.0,5011.48,2024-09-27
Reims,51454,51100,Appartement,37.0,100000.0,2702.7,2024-09-27
Châlons-en-Champagne,51108,51000,Maison,83.0,168500.0,2030.12,2024-08-29
Champillon,51119,51160,Maison,168.0,459200.0,2733.33,2024-09-25
Saudoy,51526,51120,Maison,50.0,56000.0,1120.0,2024-09-24
Saudoy,51526,51120,Maison,34.0,56000.0,1647.06,2024-09-24
Reims,51454,51100,Appartement,48.0,125000.0,2604.17,2024-09-16
Épernay,51230,51200,Maison,81.0,150000.0,1851.85,2024-09-12
Conflans-sur-Seine,51162,51260,Maison,87.0,129500.0,1488.51,2024-09-10
Le Meix-Tiercelin,51361,51320,Maison,107.0,99000.0,925.23,2024-09-26
Épernay,51230,51200,Maison,72.0,167000.0,2319.44,2024-09-27
Tinqueux,51573,51430,Appartement,66.0,150000.0,2272.73,2024-09-24
Reims,51454,51100,Appartement,58.0,149500.0,2577.59,2024-09-10
Witry-lès-Reims,51662,51420,Maison,93.0,232750.0,2502.69,2024-09-25
Dizy,51210,51530,Maison,129.0,304400.0,2359.69,2024-09-26
Reims,51454,51100,Appartement,45.0,304000.0,6755.56,2024-09-11
Reims,51454,51100,Appartement,85.0,304000.0,3576.47,2024-09-11
Reims,51454,51100,Appartement,34.0,304000.0,8941.18,2024-09-11
Reims,51454,51100,Appartement,27.0,304000.0,11259.26,2024-09-11
Reims,51454,51100,Appartement,85.0,304000.0,3576.47,2024-09-11
Reims,51454,51100,Appartement,72.0,246820.8,3428.07,2024-09-24
Witry-lès-Reims,51662,51420,Maison,88.0,198500.0,2255.68,2024-09-20
Épernay,51230,51200,Maison,57.0,140000.0,2456.14,2024-09-27
Châlons-en-Champagne,51108,51000,Appartement,35.0,39000.0,1114.29,2024-09-20
La Veuve,51617,51520,Maison,87.0,130000.0,1494.25,2024-09-20
Reims,51454,51100,Appartement,40.0,81000.0,2025.0,2024-09-18
Matougues,51357,51510,Maison,100.0,110000.0,1100.0,2024-09-20
Fagnières,51242,51510,Maison,99.0,179000.0,1808.08,2024-09-20
Saint-Memmie,51506,51470,Maison,124.0,194000.0,1564.52,2024-09-20
Reims,51454,51100,Maison,75.0,200000.0,2666.67,2024-09-27
Marcilly-sur-Seine,51343,51260,Maison,49.0,65000.0,1326.53,2024-09-03
Reims,51454,51100,Appartement,65.0,156750.0,2411.54,2024-09-24
Épernay,51230,51200,Appartement,50.0,44000.0,880.0,2024-09-18
Épernay,51230,51200,Appartement,39.0,44000.0,1128.21,2024-09-18
Aÿ-Champagne,51030,51160,Maison,65.0,110800.0,1704.62,2024-09-18
Reims,51454,51100,Maison,122.0,284200.0,2329.51,2024-09-18
Reims,51454,51100,Appartement,30.0,86000.0,2866.67,2024-09-27
Reims,51454,51100,Appartement,72.0,86800.0,1205.56,2024-09-23
Reims,51454,51100,Appartement,30.0,50000.0,1666.67,2024-09-03
Pargny-lès-Reims,51422,51390,Maison,135.0,170000.0,1259.26,2024-09-13
Val de Livre,51564,51150,Maison,140.0,268000.0,1914.29,2024-09-20
Saint-Pierre,51509,51510,Maison,142.0,240000.0,1690.14,2024-09-05
Reims,51454,51100,Appartement,34.0,73650.0,2166.18,2024-09-12
Coole,51167,51320,Maison,111.0,92300.0,831.53,2024-09-05
Reims,51454,51100,Maison,110.0,270000.0,2454.55,2024-09-11
Fagnières,51242,51510,Maison,90.0,159000.0,1766.67,2024-09-05
Sainte-Menehould,51507,51800,Maison,72.0,98500.0,1368.06,2024-09-05
Reims,51454,51100,Appartement,65.0,168000.0,2584.62,2024-09-24
Reims,51454,51100,Maison,103.0,250000.0,2427.18,2024-09-24
Sapignicourt,51522,52100,Maison,114.0,183000.0,1605.26,2024-09-18
Vitry-le-François,51649,51300,Maison,116.0,148000.0,1275.86,2024-09-26
Beine-Nauroy,51046,51490,Maison,78.0,260000.0,3333.33,2024-09-16
Reims,51454,51100,Appartement,64.0,108000.0,1687.5,2024-09-25
Marcilly-sur-Seine,51343,51260,Maison,153.0,142000.0,928.1,2024-09-18
Ablancourt,51001,51240,Appartement,142.0,52000.0,366.2,2024-09-23
Ablancourt,51001,51240,Appartement,142.0,52000.0,366.2,2024-09-23
Reims,51454,51100,Appartement,38.0,74800.0,1968.42,2024-09-26
Reims,51454,51100,Maison,63.0,177000.0,2809.52,2024-09-30
Vitry-le-François,51649,51300,Appartement,31.0,35000.0,1129.03,2024-09-26
Monthelon,51378,51530,Maison,77.0,177500.0,2305.19,2024-09-12
Aigny,51003,51150,Maison,98.0,189280.0,1931.43,2024-09-13
Fismes,51250,51170,Maison,168.0,205000.0,1220.24,2024-09-16
Reims,51454,51100,Appartement,39.0,870000.0,22307.69,2024-09-30
Reims,51454,51100,Appartement,53.0,870000.0,16415.09,2024-09-30
Reims,51454,51100,Appartement,80.0,870000.0,10875.0,2024-09-30
Reims,51454,51100,Appartement,80.0,870000.0,10875.0,2024-09-30
Reims,51454,51100,Appartement,30.0,144550.0,4818.33,2024-09-16
Reims,51454,51100,Appartement,67.0,148000.0,2208.96,2024-09-16
Reims,51454,51100,Appartement,44.0,99700.0,2265.91,2024-09-23
Reims,51454,51100,Appartement,49.0,93000.0,1897.96,2024-09-10
Châlons-en-Champagne,51108,51000,Appartement,40.0,47000.0,1175.0,2024-09-09
Courtisols,51193,51460,Maison,80.0,220000.0,2750.0,2024-09-06
Courtisols,51193,51460,Maison,80.0,220000.0,2750.0,2024-09-06
Pogny,51436,51240,Maison,189.0,225000.0,1190.48,2024-09-06
Reims,51454,51100,Appartement,103.0,217500.0,2111.65,2024-09-11
Saint-Martin-d'Ablois,51002,51530,Maison,107.0,204500.0,1911.21,2024-09-09
La Veuve,51617,51520,Maison,80.0,95000.0,1187.5,2024-09-10
Trois-Puits,51584,51500,Maison,55.0,530000.0,9636.36,2024-09-09
Trois-Puits,51584,51500,Maison,222.0,530000.0,2387.39,2024-09-09
Trois-Puits,51584,51500,Maison,55.0,530000.0,9636.36,2024-09-09
Trois-Puits,51584,51500,Maison,222.0,530000.0,2387.39,2024-09-09
Reims,51454,51100,Appartement,34.0,102000.0,3000.0,2024-09-09
Tinqueux,51573,51430,Appartement,49.0,152000.0,3102.04,2024-09-19
Reims,51454,51100,Appartement,46.0,105800.0,2300.0,2024-09-27
Châlons-en-Champagne,51108,51000,Maison,76.0,195000.0,2565.79,2024-09-11
Muizon,51391,51140,Maison,83.0,205000.0,2469.88,2024-09-06
Reims,51454,51100,Appartement,69.0,124000.0,1797.1,2024-09-06
Cuchery,51199,51480,Maison,185.0,200000.0,1081.08,2024-09-12
Reims,51454,51100,Maison,115.0,255000.0,2217.39,2024-09-27
Bétheny,51055,51450,Maison,94.0,258000.0,2744.68,2024-10-01
Reims,51454,51100,Appartement,76.0,201000.0,2644.74,2024-09-11
Villers-Marmery,51636,51380,Maison,150.0,125000.0,833.33,2024-09-04
Reims,51454,51100,Appartement,85.0,281670.0,3313.76,2024-09-26
Reims,51454,51100,Appartement,21.0,152000.0,7238.1,2024-09-25
Reims,51454,51100,Appartement,44.0,109290.0,2483.86,2024-09-27
Reims,51454,51100,Appartement,116.0,230000.0,1982.76,2024-09-27
Loivre,51329,51220,Maison,61.0,92500.0,1516.39,2024-09-18
Reims,51454,51100,Appartement,71.0,259000.0,3647.89,2024-10-02
Saint-Jean-sur-Tourbe,51491,51600,Maison,111.0,154700.0,1393.69,2024-09-20
La Neuville-aux-Larris,51398,51480,Maison,137.0,131250.0,958.03,2024-10-02
Cormontreuil,51172,51350,Maison,55.0,170000.0,3090.91,2024-09-10
Châlons-en-Champagne,51108,51000,Appartement,75.0,80000.0,1066.67,2024-09-11
Épernay,51230,51200,Appartement,72.0,90000.0,1250.0,2024-09-04
Beaumont-sur-Vesle,51044,51360,Maison,99.0,223000.0,2252.53,2024-09-27
Witry-lès-Reims,51662,51420,Maison,103.0,258000.0,2504.85,2024-09-25
Reims,51454,51100,Appartement,110.0,380500.0,3459.09,2024-09-25
Reims,51454,51100,Appartement,45.0,136450.0,3032.22,2024-09-30
Reims,51454,51100,Appartement,50.0,119500.0,2390.0,2024-09-27
Tinqueux,51573,51430,Appartement,74.0,190000.0,2567.57,2024-09-30
Châlons-en-Champagne,51108,51000,Maison,94.0,190000.0,2021.28,2024-09-11
Reims,51454,51100,Appartement,106.0,166250.0,1568.4,2024-09-26
Reims,51454,51100,Appartement,104.0,261800.0,2517.31,2024-09-30
Bourgogne-Fresne,51075,51110,Maison,140.0,390000.0,2785.71,2024-09-23
Saint-Thierry,51518,51220,Maison,154.0,230000.0,1493.51,2024-09-30
Rilly-la-Montagne,51461,51500,Maison,97.0,146000.0,1505.15,2024-09-18
Reims,51454,51100,Appartement,75.0,164000.0,2186.67,2024-09-30
Witry-lès-Reims,51662,51420,Maison,104.0,292500.0,2812.5,2024-09-16
Esternay,51237,51310,Maison,100.0,78000.0,780.0,2024-09-28
Rilly-la-Montagne,51461,51500,Maison,101.0,231250.0,2289.6,2024-09-27
Reims,51454,51100,Maison,52.0,134000.0,2576.92,2024-09-24
Pargny-sur-Saulx,51423,51340,Maison,77.0,35000.0,454.55,2024-10-02
Trois-Puits,51584,51500,Maison,92.0,167000.0,1815.22,2024-09-06
Châlons-en-Champagne,51108,51000,Appartement,24.0,43700.0,1820.83,2024-09-16
Saint-Étienne-au-Temple,51476,51460,Maison,111.0,201600.0,1816.22,2024-09-16
Anglure,51009,51260,Maison,61.0,76000.0,1245.9,2024-09-19
Anglure,51009,51260,Maison,61.0,76000.0,1245.9,2024-09-19
Reims,51454,51100,Maison,108.0,281050.0,2602.31,2024-09-30
Festigny,51249,51700,Maison,78.0,50000.0,641.03,2024-09-26
Reims,51454,51100,Appartement,42.0,113000.0,2690.48,2024-09-26
Bétheny,51055,51450,Appartement,45.0,110000.0,2444.44,2024-09-05
Reims,51454,51100,Appartement,17.0,78000.0,4588.24,2024-09-30
Reims,51454,51100,Appartement,17.0,78000.0,4588.24,2024-09-30
Châlons-en-Champagne,51108,51000,Appartement,57.0,79000.0,1385.96,2024-09-30
La Croix-en-Champagne,51197,51600,Maison,88.0,80000.0,909.09,2024-09-06
Reims,51454,51100,Appartement,66.0,222750.0,3375.0,2024-09-30
Reims,51454,51100,Maison,175.0,459000.0,2622.86,2024-09-25
Sainte-Menehould,51507,51800,Maison,106.0,102900.0,970.75,2024-09-27
Reims,51454,51100,Appartement,33.0,65000.0,1969.7,2024-09-27
Reims,51454,51100,Appartement,32.0,101000.0,3156.25,2024-10-03
Reims,51454,51100,Appartement,41.0,174350.0,4252.44,2024-09-30
Heiltz-le-Maurupt,51289,51340,Maison,60.0,104500.0,1741.67,2024-10-01
Broussy-le-Grand,51090,51230,Maison,121.0,120000.0,991.74,2024-09-19
Mourmelon-le-Grand,51388,51400,Maison,60.0,90350.0,1505.83,2024-09-24
La Celle-sous-Chantemerle,51103,51260,Maison,154.0,140000.0,909.09,2024-09-26
La Celle-sous-Chantemerle,51103,51260,Maison,72.0,140000.0,1944.44,2024-09-26
Châtillon-sur-Morin,51137,51310,Maison,48.0,104000.0,2166.67,2024-09-14
Sézanne,51535,51120,Maison,130.0,141400.0,1087.69,2024-09-20
Chichey,51151,51120,Maison,119.0,170000.0,1428.57,2024-09-14
Vroil,51658,51330,Maison,153.0,139000.0,908.5,2024-09-20
Vroil,51658,51330,Maison,60.0,139000.0,2316.67,2024-09-20
Mourmelon-le-Grand,51388,51400,Maison,103.0,245000.0,2378.64,2024-09-20
Reims,51454,51100,Appartement,52.0,140000.0,2692.31,2024-09-26
Vienne-le-Château,51621,51800,Maison,144.0,114500.0,795.14,2024-09-30
Reims,51454,51100,Appartement,83.0,329000.0,3963.86,2024-10-03
Esternay,51237,51310,Maison,93.0,202000.0,2172.04,2024-09-18
Châlons-en-Champagne,51108,51000,Appartement,54.0,57000.0,1055.56,2024-07-22
Jonchery-sur-Vesle,51308,51140,Maison,111.0,220000.0,1981.98,2024-09-24
Reims,51454,51100,Appartement,40.0,117000.0,2925.0,2024-09-27
Boissy-le-Repos,51070,51210,Maison,77.0,95000.0,1233.77,2024-09-30
Reims,51454,51100,Appartement,44.0,123989.0,2817.93,2024-10-04
Auve,51027,51800,Maison,100.0,140000.0,1400.0,2024-06-28
Épernay,51230,51200,Maison,78.0,127280.0,1631.79,2024-09-23
Reims,51454,51100,Maison,99.0,148150.0,1496.46,2024-09-20
Reims,51454,51100,Maison,81.0,200000.0,2469.14,2024-09-27
Reims,51454,51100,Appartement,75.0,154000.0,2053.33,2024-09-30
Reims,51454,51100,Appartement,48.0,240000.0,5000.0,2024-09-23
Saint-Martin-sur-le-Pré,51504,51520,Maison,107.0,190000.0,1775.7,2024-06-28
Loivre,51329,51220,Maison,139.0,290000.0,2086.33,2024-09-19
Aÿ-Champagne,51030,51160,Appartement,60.0,143500.0,2391.67,2024-10-04
Reims,51454,51100,Appartement,38.0,11000.0,289.47,2024-09-27
Reims,51454,51100,Appartement,62.0,114200.0,1841.94,2024-10-03
Cernon,51106,51240,Maison,123.0,199000.0,1617.89,2024-06-24
Matignicourt-Goncourt,51356,51300,Maison,117.0,123500.0,1055.56,2024-09-28
Compertrix,51160,51510,Maison,109.0,185000.0,1697.25,2024-09-04
Reims,51454,51100,Maison,96.0,230620.0,2402.29,2024-10-04
Reims,51454,51100,Appartement,25.0,320850.0,12834.0,2024-09-27
Reims,51454,51100,Appartement,42.0,320850.0,7639.29,2024-09-27
Reims,51454,51100,Appartement,50.0,320850.0,6417.0,2024-09-27
Reims,51454,51100,Appartement,49.0,320850.0,6547.96,2024-09-27
Reims,51454,51100,Appartement,21.0,320850.0,15278.57,2024-09-27
Reims,51454,51100,Appartement,17.0,45000.0,2647.06,2024-08-01
Châlons-en-Champagne,51108,51000,Maison,162.0,240000.0,1481.48,2024-09-13
Châlons-en-Champagne,51108,51000,Appartement,92.0,171000.0,1858.7,2024-08-23
Reims,51454,51100,Maison,84.0,248000.0,2952.38,2024-09-26
Châlons-en-Champagne,51108,51000,Appartement,82.0,96000.0,1170.73,2024-09-17
Marson,51354,51240,Maison,57.0,115000.0,2017.54,2024-08-02
Châlons-en-Champagne,51108,51000,Appartement,82.0,160000.0,1951.22,2024-10-04
Saint-Memmie,51506,51470,Maison,77.0,206500.0,2681.82,2024-08-20
Damery,51204,51480,Maison,109.0,520000.0,4770.64,2024-09-12
Damery,51204,51480,Maison,109.0,520000.0,4770.64,2024-09-12
Reims,51454,51100,Appartement,80.0,172000.0,2150.0,2024-10-03
Branscourt,51081,51140,Maison,96.0,243500.0,2536.46,2024-09-05
Suippes,51559,51600,Maison,115.0,215000.0,1869.57,2024-10-07
Reims,51454,51100,Appartement,32.0,75000.0,2343.75,2024-09-13
Reims,51454,51100,Appartement,72.0,303000.0,4208.33,2024-10-07
Châlons-en-Champagne,51108,51000,Maison,93.0,162000.0,1741.94,2024-09-02
Reims,51454,51100,Appartement,51.0,145800.0,2858.82,2024-09-12
Châlons-en-Champagne,51108,51000,Appartement,50.0,57000.0,1140.0,2024-09-23
Épernay,51230,51200,Appartement,41.0,49500.0,1207.32,2024-09-18
Châlons-en-Champagne,51108,51000,Appartement,77.0,70000.0,909.09,2024-07-15
Reims,51454,51100,Appartement,24.0,104000.0,4333.33,2024-09-04
Mourmelon-le-Petit,51389,51400,Maison,80.0,236700.0,2958.75,2024-09-24
Châlons-en-Champagne,51108,51000,Appartement,82.0,225000.0,2743.9,2024-07-17
Châlons-en-Champagne,51108,51000,Appartement,82.0,225000.0,2743.9,2024-07-17
Châlons-en-Champagne,51108,51000,Appartement,42.0,225000.0,5357.14,2024-07-17
Châlons-en-Champagne,51108,51000,Appartement,27.0,225000.0,8333.33,2024-07-17
Châlons-en-Champagne,51108,51000,Appartement,16.0,225000.0,14062.5,2024-07-17
Reims,51454,51100,Appartement,80.0,93000.0,1162.5,2024-10-03
Baslieux-lès-Fismes,51037,51170,Maison,116.0,257000.0,2215.52,2024-09-13
Tinqueux,51573,51430,Maison,206.0,400000.0,1941.75,2024-09-24
Reims,51454,51100,Appartement,47.0,50000.0,1063.83,2024-09-24
Châlons-en-Champagne,51108,51000,Maison,83.0,150000.0,1807.23,2024-09-18
Sarry,51525,51520,Maison,94.0,182050.0,1936.7,2024-09-20
Fromentières,51263,51210,Maison,84.0,153900.0,1832.14,2024-10-03
Reims,51454,51100,Appartement,71.0,215000.0,3028.17,2024-10-07
Reims,51454,51100,Appartement,35.0,168500.0,4814.29,2024-10-04
Belval-sous-Châtillon,51048,51480,Maison,138.0,196200.0,1421.74,2024-10-02
Bétheny,51055,51450,Maison,89.0,234300.0,2632.58,2024-10-04
Châlons-en-Champagne,51108,51000,Maison,65.0,74150.0,1140.77,2024-09-17
Épernay,51230,51200,Appartement,52.0,80000.0,1538.46,2024-10-07
Beaumont-sur-Vesle,51044,51360,Maison,123.0,340000.0,2764.23,2024-10-04
Sézanne,51535,51120,Maison,87.0,35000.0,402.3,2024-09-21
Cormontreuil,51172,51350,Maison,92.0,230000.0,2500.0,2024-09-10
Cormontreuil,51172,51350,Maison,141.0,330000.0,2340.43,2024-09-13
Reims,51454,51100,Appartement,55.0,122000.0,2218.18,2024-09-10
Saint-Just-Sauvage,51492,51260,Maison,117.0,216565.0,1850.98,2024-10-02
Saint-Just-Sauvage,51492,51260,Maison,117.0,216565.0,1850.98,2024-10-02
Châlons-en-Champagne,51108,51000,Maison,83.0,162400.0,1956.63,2024-09-30
Reims,51454,51100,Appartement,54.0,178000.0,3296.3,2024-10-02
Épernay,51230,51200,Appartement,133.0,158000.0,1187.97,2024-09-16
Reims,51454,51100,Appartement,77.0,140000.0,1818.18,2024-09-20
Fagnières,51242,51510,Appartement,73.0,95000.0,1301.37,2024-09-12
Époye,51232,51490,Maison,140.0,307900.0,2199.29,2024-10-03
Reims,51454,51100,Appartement,51.0,138000.0,2705.88,2024-10-07
Reims,51454,51100,Maison,86.0,90000.0,1046.51,2024-09-18
Saint-Brice-Courcelles,51474,51370,Maison,62.0,148400.0,2393.55,2024-09-23
Avenay-Val-d'Or,51028,51160,Maison,89.0,268150.0,3012.92,2024-10-07
Tinqueux,51573,51430,Maison,66.0,169900.0,2574.24,2024-09-24
Juvigny,51312,51150,Maison,117.0,334340.0,2857.61,2024-10-04
Reims,51454,51100,Appartement,69.0,223480.0,3238.84,2024-09-25
Sainte-Marie-du-Lac-Nuisement,51277,51290,Maison,80.0,70000.0,875.0,2024-09-26
Reims,51454,51100,Appartement,73.0,147500.0,2020.55,2024-09-23
Dampierre-au-Temple,51205,51400,Maison,152.0,268000.0,1763.16,2024-09-18
Reims,51454,51100,Appartement,65.0,219500.0,3376.92,2024-09-30
Vitry-le-François,51649,51300,Appartement,148.0,138000.0,932.43,2024-09-12
Vitry-le-François,51649,51300,Appartement,65.0,138000.0,2123.08,2024-09-12
Saint-Pierre,51509,51510,Maison,98.0,55000.0,561.22,2024-09-26
Châlons-en-Champagne,51108,51000,Appartement,106.0,149800.0,1413.21,2024-09-13
Boult-sur-Suippe,51074,51110,Maison,80.0,145500.0,1818.75,2024-09-20
Reims,51454,51100,Maison,91.0,465980.0,5120.66,2024-10-03
Tinqueux,51573,51430,Maison,86.0,276000.0,3209.3,2024-09-24
Reims,51454,51100,Maison,85.0,196300.0,2309.41,2024-09-30
Tinqueux,51573,51430,Maison,114.0,254900.0,2235.96,2024-09-24
Reims,51454,51100,Appartement,63.0,370000.0,5873.02,2024-09-30
Reims,51454,51100,Appartement,57.0,370000.0,6491.23,2024-09-30
Reims,51454,51100,Appartement,36.0,370000.0,10277.78,2024-09-30
Épernay,51230,51200,Appartement,36.0,71500.0,1986.11,2024-09-12
Reims,51454,51100,Appartement,70.0,161000.0,2300.0,2024-09-24
Reims,51454,51100,Maison,158.0,567700.0,3593.04,2024-09-30
Épernay,51230,51200,Maison,78.0,148400.0,1902.56,2024-09-11
Châlons-en-Champagne,51108,51000,Maison,71.0,90000.0,1267.61,2024-02-19
Châlons-en-Champagne,51108,51000,Appartement,21.0,152500.0,7261.9,2024-09-24
Châlons-en-Champagne,51108,51000,Appartement,25.0,152500.0,6100.0,2024-09-24
Châlons-en-Champagne,51108,51000,Appartement,25.0,152500.0,6100.0,2024-09-24
Châlons-en-Champagne,51108,51000,Appartement,19.0,152500.0,8026.32,2024-09-24
Châlons-en-Champagne,51108,51000,Appartement,16.0,152500.0,9531.25,2024-09-24
Châlons-en-Champagne,51108,51000,Maison,145.0,322000.0,2220.69,2024-09-16
Damery,51204,51480,Maison,105.0,185000.0,1761.9,2024-09-20
Magenta,51663,51530,Appartement,87.0,120500.0,1385.06,2024-09-20
Reims,51454,51100,Appartement,25.0,91000.0,3640.0,2024-10-02
Reims,51454,51100,Maison,100.0,195000.0,1950.0,2024-10-01
Marolles,51352,51300,Maison,93.0,89450.0,961.83,2024-10-01
Reims,51454,51100,Appartement,40.0,146000.0,3650.0,2024-09-25
Épernay,51230,51200,Appartement,70.0,142000.0,2028.57,2024-09-23
Vitry-le-François,51649,51300,Appartement,70.0,128000.0,1828.57,2024-10-04
Épernay,51230,51200,Appartement,42.0,75000.0,1785.71,2024-09-23
L'Épine,51231,51460,Maison,163.0,287240.0,1762.21,2024-09-18
Frignicourt,51262,51300,Appartement,62.0,80300.0,1295.16,2024-10-04
Pierry,51431,51530,Maison,100.0,215000.0,2150.0,2024-09-26
Châlons-en-Champagne,51108,51000,Appartement,18.0,35000.0,1944.44,2024-09-16
Reims,51454,51100,Maison,94.0,301000.0,3202.13,2024-10-02
Saint-Lumier-en-Champagne,51496,51300,Maison,100.0,148000.0,1480.0,2024-10-05
Gourgançon,51276,51230,Maison,129.0,136000.0,1054.26,2024-09-27
Gourgançon,51276,51230,Maison,129.0,136000.0,1054.26,2024-09-27
Reims,51454,51100,Maison,59.0,156000.0,2644.07,2024-09-12
Épernay,51230,51200,Appartement,58.0,153000.0,2637.93,2024-10-02
Épernay,51230,51200,Appartement,48.0,153000.0,3187.5,2024-10-02
Drosnay,51219,51290,Maison,104.0,52500.0,504.81,2024-09-30
Reims,51454,51100,Appartement,24.0,76000.0,3166.67,2024-10-02
Épernay,51230,51200,Maison,142.0,200000.0,1408.45,2024-09-30
Reims,51454,51100,Appartement,74.0,150000.0,2027.03,2024-10-07
Reims,51454,51100,Appartement,54.0,116000.0,2148.15,2024-10-04
Reims,51454,51100,Appartement,44.0,112500.0,2556.82,2024-10-08
Reims,51454,51100,Appartement,25.0,85000.0,3400.0,2024-09-12
Reims,51454,51100,Appartement,25.0,159000.0,6360.0,2024-10-07
Reims,51454,51100,Appartement,48.0,192000.0,4000.0,2024-09-27
Vitry-en-Perthois,51647,51300,Maison,72.0,147000.0,2041.67,2024-09-14
Fismes,51250,51170,Maison,125.0,210000.0,1680.0,2024-09-12
Reims,51454,51100,Appartement,101.0,182970.0,1811.58,2024-10-01
Trois-Puits,51584,51500,Maison,98.0,223400.0,2279.59,2024-09-24
Bergères-lès-Vertus,51049,51130,Maison,103.0,212500.0,2063.11,2024-10-02
Épernay,51230,51200,Maison,81.0,195000.0,2407.41,2024-09-27
Châtillon-sur-Marne,51136,51700,Appartement,100.0,80000.0,800.0,2024-10-07
Reims,51454,51100,Appartement,61.0,153500.0,2516.39,2024-10-08
Reims,51454,51100,Appartement,55.0,130700.0,2376.36,2024-09-20
Le Châtelier,51133,51330,Maison,180.0,56471.82,313.73,2024-09-13
Le Châtelier,51133,51330,Maison,180.0,56471.82,313.73,2024-09-13
Le Châtelier,51133,51330,Maison,180.0,56471.82,313.73,2024-09-13
Le Châtelier,51133,51330,Maison,180.0,56471.82,313.73,2024-09-13
Le Châtelier,51133,51330,Maison,180.0,56471.82,313.73,2024-09-13
Le Châtelier,51133,51330,Maison,180.0,56471.82,313.73,2024-09-13
Le Châtelier,51133,51330,Maison,180.0,56471.82,313.73,2024-09-13
Le Châtelier,51133,51330,Maison,180.0,56471.82,313.73,2024-09-13
Champaubert,51113,51270,Maison,210.0,105000.0,500.0,2024-10-03
Épernay,51230,51200,Appartement,69.0,189050.0,2739.86,2024-09-27
Épernay,51230,51200,Appartement,72.0,189050.0,2625.69,2024-09-27
Reims,51454,51100,Maison,100.0,478800.0,4788.0,2024-09-30
Épernay,51230,51200,Appartement,109.0,171450.0,1572.94,2024-10-04
Reims,51454,51100,Appartement,23.0,72000.0,3130.43,2024-09-25
Moussy,51390,51530,Maison,110.0,255000.0,2318.18,2024-09-30
Reims,51454,51100,Maison,104.0,196000.0,1884.62,2024-10-04
Reims,51454,51100,Maison,91.0,180000.0,1978.02,2024-10-04
Reims,51454,51100,Appartement,48.0,92000.0,1916.67,2024-10-04
Orbais-l'Abbaye,51416,51270,Maison,161.0,107750.0,669.25,2024-09-19
Épernay,51230,51200,Appartement,74.0,139400.0,1883.78,2024-09-12
Reims,51454,51100,Appartement,60.0,215000.0,3583.33,2024-10-04
Épernay,51230,51200,Appartement,32.0,40000.0,1250.0,2024-09-26
Châlons-en-Champagne,51108,51000,Appartement,49.0,110000.0,2244.9,2024-09-20
Châlons-en-Champagne,51108,51000,Appartement,52.0,110000.0,2115.38,2024-09-20
Chamery,51112,51500,Maison,142.0,150000.0,1056.34,2024-09-30
Chamery,51112,51500,Maison,25.0,150000.0,6000.0,2024-09-30
Chamery,51112,51500,Maison,142.0,150000.0,1056.34,2024-09-30
Chamery,51112,51500,Maison,35.0,150000.0,4285.71,2024-09-30
Chamery,51112,51500,Maison,25.0,150000.0,6000.0,2024-09-30
Chamery,51112,51500,Maison,35.0,150000.0,4285.71,2024-09-30
Reims,51454,51100,Maison,79.0,172600.0,2184.81,2024-09-26
Sézanne,51535,51120,Maison,68.0,100000.0,1470.59,2024-10-05
Gueux,51282,51390,Maison,125.0,542400.0,4339.2,2024-09-17
Reims,51454,51100,Appartement,46.0,243000.0,5282.61,2024-10-01
Orbais-l'Abbaye,51416,51270,Maison,110.0,70000.0,636.36,2024-10-11
Cernay-lès-Reims,51105,51420,Maison,145.0,367500.0,2534.48,2024-10-01
Pontfaverger-Moronvilliers,51440,51490,Maison,65.0,117000.0,1800.0,2024-10-11
Bourgogne-Fresne,51075,51110,Maison,136.0,181900.0,1337.5,2024-10-04
Aigny,51003,51150,Maison,132.0,225000.0,1704.55,2024-09-17
Servon-Melzicourt,51533,51800,Maison,160.0,61500.0,384.38,2024-09-16
Châlons-en-Champagne,51108,51000,Appartement,160.0,381300.0,2383.12,2024-10-04
Châlons-en-Champagne,51108,51000,Appartement,56.0,63000.0,1125.0,2024-10-01
Reims,51454,51100,Appartement,73.0,480000.0,6575.34,2024-09-30
Reims,51454,51100,Appartement,72.0,480000.0,6666.67,2024-09-30
Fère-Champenoise,51248,51230,Maison,12.0,100000.0,8333.33,2024-10-05
Bassuet,51040,51300,Maison,270.0,120000.0,444.44,2024-10-09
Reims,51454,51100,Appartement,47.0,170000.0,3617.02,2024-09-30
Reims,51454,51100,Maison,60.0,104800.0,1746.67,2024-10-09
Reims,51454,51100,Maison,118.0,338900.0,2872.03,2024-10-08
Reims,51454,51100,Appartement,21.0,140000.0,6666.67,2024-10-08
Reims,51454,51100,Appartement,76.0,173000.0,2276.32,2024-09-30
Reims,51454,51100,Appartement,39.0,63000.0,1615.38,2024-10-08
Villers-le-Château,51634,51510,Maison,114.0,215000.0,1885.96,2024-10-08
Reims,51454,51100,Appartement,81.0,108000.0,1333.33,2024-10-10
Giffaumont-Champaubert,51269,51290,Maison,60.0,195000.0,3250.0,2024-09-27
Reims,51454,51100,Appartement,30.0,68200.0,2273.33,2024-10-08
Reims,51454,51100,Appartement,74.0,248071.0,3352.31,2024-09-30
Val-des-Marais,51158,51130,Maison,145.0,110000.0,758.62,2024-10-09
Reims,51454,51100,Maison,60.0,143000.0,2383.33,2024-10-01
Reims,51454,51100,Appartement,91.0,315200.0,3463.74,2024-10-11
Bezannes,51058,51430,Maison,100.0,355290.0,3552.9,2024-10-14
Reims,51454,51100,Maison,117.0,240000.0,2051.28,2024-10-09
Les Essarts-le-Vicomte,51236,51310,Maison,148.0,150000.0,1013.51,2024-10-12
Cernay-en-Dormois,51104,51800,Maison,70.0,46500.0,664.29,2024-10-04
Reims,51454,51100,Appartement,106.0,187000.0,1764.15,2024-10-11
Somme-Yèvre,51549,51330,Maison,48.0,94300.0,1964.58,2024-09-27
Épernay,51230,51200,Maison,100.0,294700.0,2947.0,2024-10-11
Champillon,51119,51160,Maison,116.0,210700.0,1816.38,2024-10-09
Châlons-en-Champagne,51108,51000,Maison,99.0,108500.0,1095.96,2024-10-10
Somme-Yèvre,51549,51330,Maison,109.0,139000.0,1275.23,2024-09-27
Somme-Yèvre,51549,51330,Maison,109.0,139000.0,1275.23,2024-09-27
Serzy-et-Prin,51534,51170,Maison,150.0,150000.0,1000.0,2024-09-27
Châlons-en-Champagne,51108,51000,Appartement,53.0,90000.0,1698.11,2024-10-11
Châlons-en-Champagne,51108,51000,Appartement,75.0,125300.0,1670.67,2024-09-18
Châlons-en-Champagne,51108,51000,Appartement,77.0,75000.0,974.03,2024-09-17
Reims,51454,51100,Appartement,31.0,41000.0,1322.58,2024-09-30
Reims,51454,51100,Appartement,38.0,45000.0,1184.21,2024-09-30
Reims,51454,51100,Appartement,79.0,173000.0,2189.87,2024-09-20
Alliancelles,51006,51250,Maison,98.0,71000.0,724.49,2024-10-10
Reims,51454,51100,Appartement,51.0,71000.0,1392.16,2024-10-07
Tinqueux,51573,51430,Appartement,60.0,148650.0,2477.5,2024-09-20
Reims,51454,51100,Appartement,36.0,110000.0,3055.56,2024-10-07
Épernay,51230,51200,Appartement,119.0,195000.0,1638.66,2024-09-24
Reims,51454,51100,Appartement,47.0,126000.0,2680.85,2024-10-04
Reims,51454,51100,Appartement,138.0,436000.0,3159.42,2024-10-04
Reims,51454,51100,Appartement,34.0,78500.0,2308.82,2024-10-11
Tinqueux,51573,51430,Maison,64.0,193500.0,3023.44,2024-10-03
Reims,51454,51100,Appartement,53.0,138000.0,2603.77,2024-09-19
Ormes,51418,51370,Maison,85.0,295900.0,3481.18,2024-09-25
Dormans,51217,51700,Appartement,57.0,238000.0,4175.44,2024-10-07
Dormans,51217,51700,Appartement,27.0,238000.0,8814.81,2024-10-07
Dormans,51217,51700,Appartement,40.0,238000.0,5950.0,2024-10-07
Dormans,51217,51700,Appartement,72.0,238000.0,3305.56,2024-10-07
Châlons-en-Champagne,51108,51000,Maison,198.0,285000.0,1439.39,2024-10-14
Reims,51454,51100,Maison,120.0,233000.0,1941.67,2024-10-09
Mareuil-le-Port,51346,51700,Maison,30.0,106000.0,3533.33,2024-09-23
Reims,51454,51100,Appartement,77.0,10000.0,129.87,2024-10-07
Reims,51454,51100,Appartement,61.0,167000.0,2737.7,2024-10-11
Suippes,51559,51600,Maison,91.0,93000.0,1021.98,2024-10-07
Reims,51454,51100,Appartement,56.0,144220.0,2575.36,2024-10-14
Cormontreuil,51172,51350,Appartement,112.0,217000.0,1937.5,2024-09-27
Suippes,51559,51600,Maison,88.0,165000.0,1875.0,2024-10-08
Brimont,51088,51220,Maison,124.0,61200.0,493.55,2024-09-23
Brimont,51088,51220,Maison,343.0,61200.0,178.43,2024-09-23
Brimont,51088,51220,Maison,343.0,61200.0,178.43,2024-09-23
Bétheny,51055,51450,Appartement,66.0,128050.0,1940.15,2024-10-15
Pogny,51436,51240,Maison,75.0,60000.0,800.0,2024-09-19
Somme-Suippe,51546,51600,Maison,84.0,50000.0,595.24,2024-10-01
Reims,51454,51100,Appartement,67.0,213400.0,3185.07,2024-10-14
Reims,51454,51100,Appartement,45.0,209500.0,4655.56,2024-10-14
Bouzy,51079,51150,Maison,125.0,425000.0,3400.0,2024-10-03
Bouzy,51079,51150,Maison,107.0,425000.0,3971.96,2024-10-03
Ablancourt,51001,51240,Maison,167.0,216500.0,1296.41,2024-10-02
Reims,51454,51100,Maison,101.0,186000.0,1841.58,2024-10-02
Reims,51454,51100,Appartement,61.0,143000.0,2344.26,2024-10-09
Reims,51454,51100,Maison,86.0,100000.0,1162.79,2024-09-20
Reims,51454,51100,Maison,74.0,218000.0,2945.95,2024-10-08
Reims,51454,51100,Appartement,25.0,84000.0,3360.0,2024-09-20
Allemant,51005,51120,Maison,115.0,32000.0,278.26,2024-10-07
Reims,51454,51100,Appartement,112.0,318000.0,2839.29,2024-10-15
Reims,51454,51100,Appartement,44.0,162000.0,3681.82,2024-10-15
Reims,51454,51100,Maison,80.0,314100.0,3926.25,2024-10-02
Reims,51454,51100,Appartement,80.0,225000.0,2812.5,2024-09-30
Reims,51454,51100,Maison,136.0,317000.0,2330.88,2024-10-16
Saint-Étienne-sur-Suippe,51477,51110,Maison,90.0,257500.0,2861.11,2024-10-09
Arrigny,51016,51290,Maison,169.0,157000.0,928.99,2024-10-12
Reims,51454,51100,Maison,69.0,203000.0,2942.03,2024-10-02
Reims,51454,51100,Maison,66.0,245000.0,3712.12,2024-09-25
Verzenay,51613,51360,Maison,84.0,206000.0,2452.38,2024-10-11
Épernay,51230,51200,Appartement,66.0,83000.0,1257.58,2024-09-23
Sapignicourt,51522,52100,Maison,138.0,175000.0,1268.12,2024-10-09
Reims,51454,51100,Appartement,34.0,170000.0,5000.0,2024-10-11
Reims,51454,51100,Maison,65.0,386400.0,5944.62,2024-09-30
Tinqueux,51573,51430,Appartement,49.0,170000.0,3469.39,2024-10-11
Bussy-le-Château,51097,51600,Maison,50.0,10000.0,200.0,2024-10-11
Reims,51454,51100,Appartement,51.0,109000.0,2137.25,2024-09-24
Saint-Martin-l'Heureux,51503,51490,Maison,94.0,190000.0,2021.28,2024-10-11
Reims,51454,51100,Maison,105.0,160000.0,1523.81,2024-10-03
Damery,51204,51480,Maison,96.0,250000.0,2604.17,2024-10-11
Reims,51454,51100,Appartement,52.0,114082.0,2193.88,2024-09-06
Reims,51454,51100,Appartement,118.0,168630.0,1429.07,2024-10-16
Reims,51454,51100,Appartement,19.0,59000.0,3105.26,2024-09-24
Saint-Memmie,51506,51470,Appartement,94.0,121000.0,1287.23,2024-10-17
Saint-Brice-Courcelles,51474,51370,Maison,102.0,290000.0,2843.14,2024-10-09
Ambonnay,51007,51150,Maison,108.0,254930.0,2360.46,2024-10-07
Reims,51454,51100,Appartement,68.0,168000.0,2470.59,2024-10-11
Vincelles,51644,51700,Maison,128.0,165000.0,1289.06,2024-10-10
Unchair,51586,51170,Maison,140.0,245000.0,1750.0,2024-10-11
Unchair,51586,51170,Maison,140.0,245000.0,1750.0,2024-10-11
Binarville,51062,51800,Maison,98.0,100000.0,1020.41,2024-10-04
Binarville,51062,51800,Maison,98.0,100000.0,1020.41,2024-10-04
Bezannes,51058,51430,Maison,76.0,350000.0,4605.26,2024-10-10
Unchair,51586,51170,Maison,35.0,185000.0,5285.71,2024-10-14
Unchair,51586,51170,Maison,100.0,185000.0,1850.0,2024-10-14
Reims,51454,51100,Appartement,85.0,245242.0,2885.2,2024-09-27
Reims,51454,51100,Appartement,91.0,132000.0,1450.55,2024-09-27
Reims,51454,51100,Appartement,133.0,105000.0,789.47,2024-10-14
Courcy,51183,51220,Appartement,95.0,211500.0,2226.32,2024-10-16
Reims,51454,51100,Appartement,104.0,330650.0,3179.33,2024-09-30
Épernay,51230,51200,Maison,116.0,342200.0,2950.0,2024-10-04
Fontaine-sur-Ay,51256,51160,Maison,120.0,205000.0,1708.33,2024-10-04
Damery,51204,51480,Maison,97.0,234300.0,2415.46,2024-10-11
Épernay,51230,51200,Appartement,61.0,113000.0,1852.46,2024-10-11
Châtillon-sur-Marne,51136,51700,Maison,131.0,50000.0,381.68,2024-10-14
Châtillon-sur-Marne,51136,51700,Appartement,34.0,50000.0,1470.59,2024-10-14
Branscourt,51081,51140,Maison,89.0,265000.0,2977.53,2024-10-16
Tinqueux,51573,51430,Appartement,57.0,128700.0,2257.89,2024-10-15
Épernay,51230,51200,Maison,66.0,210000.0,3181.82,2024-10-02
Tinqueux,51573,51430,Appartement,77.0,171000.0,2220.78,2024-10-11
Isles-sur-Suippe,51299,51110,Maison,154.0,190000.0,1233.77,2024-10-10
Isles-sur-Suippe,51299,51110,Maison,50.0,190000.0,3800.0,2024-10-10
Reims,51454,51100,Maison,41.0,143000.0,3487.8,2024-10-16
Fismes,51250,51170,Maison,88.0,185000.0,2102.27,2024-09-27
Troissy,51585,51700,Maison,60.0,60000.0,1000.0,2024-10-16
Tinqueux,51573,51430,Maison,112.0,239500.0,2138.39,2024-10-10
Épernay,51230,51200,Maison,83.0,187000.0,2253.01,2024-10-18
Châlons-en-Champagne,51108,51000,Maison,83.0,155000.0,1867.47,2024-09-27
Reims,51454,51100,Appartement,65.0,160000.0,2461.54,2024-09-30
Tinqueux,51573,51430,Appartement,86.0,161800.0,1881.4,2024-10-18
Loivre,51329,51220,Maison,121.0,276550.0,2285.54,2024-02-02
Reims,51454,51100,Appartement,40.0,60000.0,1500.0,2024-10-04
Reims,51454,51100,Appartement,50.0,78000.0,1560.0,2024-10-11
Jonchery-sur-Vesle,51308,51140,Maison,110.0,290000.0,2636.36,2024-10-04
Châlons-en-Champagne,51108,51000,Appartement,87.0,80000.0,919.54,2024-09-24
Reims,51454,51100,Maison,90.0,230000.0,2555.56,2024-10-09
Vitry-le-François,51649,51300,Appartement,56.0,60000.0,1071.43,2024-09-21
Vitry-le-François,51649,51300,Maison,145.0,117000.0,806.9,2024-09-21
Avize,51029,51190,Maison,27.0,148300.0,5492.59,2024-10-16
Avize,51029,51190,Maison,81.0,148300.0,1830.86,2024-10-16
Châlons-en-Champagne,51108,51000,Appartement,56.0,79000.0,1410.71,2024-10-08
Reims,51454,51100,Appartement,65.0,147000.0,2261.54,2024-10-17
Fismes,51250,51170,Maison,180.0,459800.0,2554.44,2024-10-16
Fismes,51250,51170,Maison,180.0,459800.0,2554.44,2024-10-16
Reims,51454,51100,Appartement,30.0,68350.0,2278.33,2024-10-08
Merfy,51362,51220,Maison,115.0,389900.0,3390.43,2024-10-15
Reims,51454,51100,Appartement,128.0,402000.0,3140.62,2024-10-14
Orbais-l'Abbaye,51416,51270,Maison,75.0,74000.0,986.67,2024-10-15
Reims,51454,51100,Appartement,55.0,100000.0,1818.18,2024-10-18
Reims,51454,51100,Appartement,55.0,90000.0,1636.36,2024-10-15
Saint-Just-Sauvage,51492,51260,Maison,72.0,138000.0,1916.67,2024-10-18
Dizy,51210,51530,Maison,86.0,165000.0,1918.6,2024-10-21
Mourmelon-le-Petit,51389,51400,Maison,73.0,161100.0,2206.85,2024-10-14
Livry-Louvercy,51326,51400,Maison,89.0,180500.0,2028.09,2024-10-11
Reims,51454,51100,Appartement,51.0,114500.0,2245.1,2024-09-27
Reims,51454,51100,Appartement,58.0,94500.0,1629.31,2024-09-25
Saint-Martin-d'Ablois,51002,51530,Maison,107.0,175000.0,1635.51,2024-10-10
Dormans,51217,51700,Maison,96.0,202400.0,2108.33,2024-09-30
Brandonvillers,51080,51290,Maison,119.0,141600.0,1189.92,2024-10-17
Vauclerc,51598,51300,Maison,141.0,220300.0,1562.41,2024-10-17
Aÿ-Champagne,51030,51160,Maison,56.0,130000.0,2321.43,2024-10-04
Aÿ-Champagne,51030,51160,Maison,166.0,214700.0,1293.37,2024-10-15
Reims,51454,51100,Maison,199.0,632000.0,3175.88,2024-10-09
Chouilly,51153,51530,Maison,81.0,225000.0,2777.78,2024-10-14
Châlons-en-Champagne,51108,51000,Appartement,29.0,46000.0,1586.21,2024-10-17
Ville-en-Tardenois,51624,51170,Maison,260.0,371000.0,1426.92,2024-10-23
Ville-en-Tardenois,51624,51170,Maison,260.0,371000.0,1426.92,2024-10-23
Châlons-en-Champagne,51108,51000,Appartement,29.0,46000.0,1586.21,2024-09-26
Sommepy-Tahure,51544,51600,Maison,78.0,55000.0,705.13,2024-10-18
Villers-Marmery,51636,51380,Maison,95.0,266500.0,2805.26,2024-10-01
Épernay,51230,51200,Appartement,40.0,81500.0,2037.5,2024-10-17
Reims,51454,51100,Appartement,30.0,70000.0,2333.33,2024-10-15
Suippes,51559,51600,Maison,108.0,174000.0,1611.11,2024-10-18
Sillery,51536,51500,Appartement,119.0,205000.0,1722.69,2024-09-30
Saint-Remy-en-Bouzemont-Saint-Genest-et-Isson,51513,51290,Maison,56.0,50752.0,906.29,2024-10-18
Somme-Suippe,51546,51600,Maison,107.0,185000.0,1728.97,2024-10-11
Damery,51204,51480,Maison,76.0,205000.0,2697.37,2024-10-17
Mailly-Champagne,51338,51500,Maison,200.0,377000.0,1885.0,2024-10-11
Cormontreuil,51172,51350,Maison,87.0,331000.0,3804.6,2024-10-24
Ormes,51418,51370,Maison,89.0,415100.0,4664.04,2024-10-03
Reims,51454,51100,Appartement,57.0,131900.0,2314.04,2024-10-14
Merfy,51362,51220,Maison,174.0,170000.0,977.01,2024-10-04
Plivot,51434,51150,Maison,87.0,290000.0,3333.33,2024-10-14
Bezannes,51058,51430,Maison,122.0,478505.0,3922.17,2024-10-14
Reims,51454,51100,Appartement,25.0,81030.0,3241.2,2024-10-22
Cormicy,51171,51220,Maison,156.0,255000.0,1634.62,2024-10-10
Reims,51454,51100,Appartement,46.0,122000.0,2652.17,2024-10-18
Bezannes,51058,51430,Appartement,94.0,389700.0,4145.74,2024-09-13
Reims,51454,51100,Appartement,45.0,159000.0,3533.33,2024-10-16
Reims,51454,51100,Maison,135.0,220000.0,1629.63,2024-10-11
Thil,51568,51220,Maison,100.0,186000.0,1860.0,2024-10-15
Reims,51454,51100,Appartement,65.0,187800.0,2889.23,2024-10-16
Heutrégiville,51293,51110,Maison,152.0,230000.0,1513.16,2024-10-15
Reims,51454,51100,Appartement,69.0,410000.0,5942.03,2024-10-14
Reims,51454,51100,Maison,80.0,115000.0,1437.5,2024-10-11
Reims,51454,51100,Appartement,73.0,500000.0,6849.32,2024-09-25
Reims,51454,51100,Appartement,80.0,500000.0,6250.0,2024-09-25
Vitry-le-François,51649,51300,Maison,86.0,69000.0,802.33,2024-09-28
Mourmelon-le-Grand,51388,51400,Maison,97.0,120000.0,1237.11,2024-09-28
Cormicy,51171,51220,Maison,107.0,276000.0,2579.44,2024-10-19
Chouilly,51153,51530,Maison,111.0,280100.0,2523.42,2024-10-02
Reims,51454,51100,Maison,211.0,1250000.0,5924.17,2024-10-18
Huiron,51295,51300,Maison,104.0,176900.0,1700.96,2024-10-21
Champigny,51118,51370,Maison,89.0,300200.0,3373.03,2024-09-26
Villevenard,51641,51270,Maison,80.0,85000.0,1062.5,2024-10-16
Villevenard,51641,51270,Maison,71.0,85000.0,1197.18,2024-10-16
Warmeriville,51660,51110,Maison,76.0,50000.0,657.89,2024-10-21
Châlons-en-Champagne,51108,51000,Maison,70.0,136900.0,1955.71,2024-10-12
Bezannes,51058,51430,Appartement,45.0,162000.0,3600.0,2024-10-22
Tinqueux,51573,51430,Appartement,64.0,133000.0,2078.12,2024-10-17
Vitry-en-Perthois,51647,51300,Maison,94.0,153000.0,1627.66,2024-10-08
Reims,51454,51100,Appartement,78.0,124500.0,1596.15,2024-10-18
Witry-lès-Reims,51662,51420,Maison,88.0,168000.0,1909.09,2024-10-15
Verrières,51610,51800,Maison,40.0,10000.0,250.0,2024-10-07
Verzenay,51613,51360,Maison,167.0,220000.0,1317.37,2024-10-21
Reims,51454,51100,Maison,95.0,261800.0,2755.79,2024-10-22
Saint-Remy-en-Bouzemont-Saint-Genest-et-Isson,51513,51290,Maison,120.0,71500.0,595.83,2024-10-24
Pourcy,51445,51480,Maison,121.0,285300.0,2357.85,2024-10-21
Ville-Dommange,51622,51390,Maison,120.0,330000.0,2750.0,2024-10-22
Cernay-lès-Reims,51105,51420,Maison,140.0,337000.0,2407.14,2024-09-27
Bétheny,51055,51450,Maison,85.0,215550.0,2535.88,2024-10-15
Tinqueux,51573,51430,Appartement,54.0,131000.0,2425.93,2024-10-14
Reims,51454,51100,Appartement,84.0,131200.0,1561.9,2024-10-07
Villers-en-Argonne,51632,51800,Maison,158.0,169900.0,1075.32,2024-10-07
Reims,51454,51100,Appartement,46.0,161120.0,3502.61,2024-10-18
Sainte-Menehould,51507,51800,Maison,52.0,43000.0,826.92,2024-10-02
Sainte-Menehould,51507,51800,Appartement,27.0,43000.0,1592.59,2024-10-02
Sainte-Menehould,51507,51800,Appartement,43.0,43000.0,1000.0,2024-10-02
Reims,51454,51100,Appartement,43.0,160000.0,3720.93,2024-10-09
Reims,51454,51100,Appartement,20.0,160000.0,8000.0,2024-10-09
Reims,51454,51100,Appartement,14.0,160000.0,11428.57,2024-10-09
Reims,51454,51100,Appartement,24.0,160000.0,6666.67,2024-10-09
Reims,51454,51100,Appartement,24.0,160000.0,6666.67,2024-10-09
Reims,51454,51100,Appartement,29.0,160000.0,5517.24,2024-10-09
Reims,51454,51100,Appartement,31.0,160000.0,5161.29,2024-10-09
Reims,51454,51100,Appartement,16.0,160000.0,10000.0,2024-10-09
Reims,51454,51100,Appartement,25.0,160000.0,6400.0,2024-10-09
Reims,51454,51100,Appartement,9.0,160000.0,17777.78,2024-10-09
Reims,51454,51100,Appartement,35.0,160000.0,4571.43,2024-10-09
Reims,51454,51100,Appartement,31.0,160000.0,5161.29,2024-10-09
Reims,51454,51100,Appartement,34.0,160000.0,4705.88,2024-10-09
Sainte-Menehould,51507,51800,Maison,51.0,135000.0,2647.06,2024-10-02
Reims,51454,51100,Appartement,55.0,210752.0,3831.85,2024-10-14
Reims,51454,51100,Appartement,73.0,167400.0,2293.15,2024-10-18
Bourgogne-Fresne,51075,51110,Maison,100.0,240000.0,2400.0,2024-09-30
Reims,51454,51100,Maison,96.0,759000.0,7906.25,2024-10-21
Marcilly-sur-Seine,51343,51260,Maison,100.0,120000.0,1200.0,2024-10-11
Rosnay,51468,51390,Maison,170.0,521800.0,3069.41,2024-10-11
Reims,51454,51100,Appartement,90.0,98900.0,1098.89,2024-10-21
Cheppes-la-Prairie,51148,51240,Maison,130.0,180000.0,1384.62,2024-10-28
Les Grandes-Loges,51278,51400,Maison,146.0,100000.0,684.93,2024-10-09
Pleurs,51432,51230,Maison,99.0,165000.0,1666.67,2024-10-19
Reims,51454,51100,Maison,127.0,572040.0,4504.25,2024-10-09
Reims,51454,51100,Appartement,79.0,283000.0,3582.28,2024-10-15
Châlons-en-Champagne,51108,51000,Maison,126.0,225590.0,1790.4,2024-10-14
Reims,51454,51100,Appartement,55.0,157000.0,2854.55,2024-10-11
Merfy,51362,51220,Maison,144.0,454300.0,3154.86,2024-10-21
Blancs-Coteaux,51612,51130,Maison,85.0,138000.0,1623.53,2024-10-25
Châlons-en-Champagne,51108,51000,Maison,62.0,92000.0,1483.87,2024-10-11
Reims,51454,51100,Appartement,209.0,607000.0,2904.31,2024-10-14
Tinqueux,51573,51430,Appartement,54.0,90000.0,1666.67,2024-10-11
Tinqueux,51573,51430,Appartement,64.0,90000.0,1406.25,2024-10-11
Reims,51454,51100,Appartement,65.0,135500.0,2084.62,2024-10-11
Reims,51454,51100,Maison,86.0,370000.0,4302.33,2024-10-23
Reims,51454,51100,Appartement,49.0,122500.0,2500.0,2024-10-10
Châlons-en-Champagne,51108,51000,Appartement,22.0,40200.0,1827.27,2024-10-07
Reims,51454,51100,Appartement,32.0,90000.0,2812.5,2024-10-14
Châlons-en-Champagne,51108,51000,Maison,110.0,190335.0,1730.32,2024-10-11
Saint-Germain-la-Ville,51482,51240,Maison,97.0,163100.0,1681.44,2024-10-11
Reims,51454,51100,Appartement,45.0,133000.0,2955.56,2024-10-18
Châlons-en-Champagne,51108,51000,Appartement,87.0,112000.0,1287.36,2024-10-11
Mourmelon-le-Grand,51388,51400,Maison,110.0,178500.0,1622.73,2024-10-17
Châlons-en-Champagne,51108,51000,Maison,101.0,182000.0,1801.98,2024-10-14
Compertrix,51160,51510,Maison,105.0,156000.0,1485.71,2024-10-11
Reims,51454,51100,Maison,100.0,240000.0,2400.0,2024-10-18
Blancs-Coteaux,51612,51130,Maison,100.0,129900.0,1299.0,2024-10-14
Reims,51454,51100,Appartement,75.0,270000.0,3600.0,2024-10-09
Reims,51454,51100,Appartement,52.0,270000.0,5192.31,2024-10-09
Reims,51454,51100,Appartement,63.0,270000.0,4285.71,2024-10-09
Reims,51454,51100,Maison,62.0,155000.0,2500.0,2024-10-16
Reims,51454,51100,Maison,50.0,136000.0,2720.0,2024-10-15
Reims,51454,51100,Appartement,46.0,107000.0,2326.09,2024-09-27
Reims,51454,51100,Appartement,63.0,180000.0,2857.14,2024-10-11
Dormans,51217,51700,Maison,83.0,210000.0,2530.12,2024-10-11
Dormans,51217,51700,Maison,57.0,210000.0,3684.21,2024-10-11
Reims,51454,51100,Appartement,20.0,126900.0,6345.0,2024-09-27
Courtisols,51193,51460,Maison,88.0,191300.0,2173.86,2024-09-30
Châlons-en-Champagne,51108,51000,Appartement,72.0,84000.0,1166.67,2024-10-01
Reims,51454,51100,Maison,98.0,285000.0,2908.16,2024-10-11
Châlons-en-Champagne,51108,51000,Maison,83.0,158500.0,1909.64,2024-10-11
Reims,51454,51100,Maison,100.0,177000.0,1770.0,2024-10-02
Sarry,51525,51520,Maison,120.0,479700.0,3997.5,2024-10-04
Reims,51454,51100,Appartement,40.0,221000.0,5525.0,2024-10-28
Hermonville,51291,51220,Maison,79.0,301450.0,3815.82,2024-10-02
Châlons-en-Champagne,51108,51000,Maison,70.0,179200.0,2560.0,2024-10-04
Châlons-en-Champagne,51108,51000,Maison,70.0,179200.0,2560.0,2024-10-04
Verzenay,51613,51360,Maison,106.0,265000.0,2500.0,2024-10-14
Reims,51454,51100,Appartement,99.0,263200.0,2658.59,2024-10-11
Branscourt,51081,51140,Maison,120.0,120000.0,1000.0,2024-10-07
Vitry-le-François,51649,51300,Appartement,54.0,55000.0,1018.52,2024-10-25
Saint-Eulien,51478,52100,Maison,106.0,207000.0,1952.83,2024-10-25
Châlons-en-Champagne,51108,51000,Maison,52.0,174000.0,3346.15,2024-09-27
Reims,51454,51100,Maison,121.0,272500.0,2252.07,2024-10-07
Villiers-aux-Corneilles,51642,51260,Maison,88.0,110000.0,1250.0,2024-10-15
Saint-Brice-Courcelles,51474,51370,Appartement,89.0,310000.0,3483.15,2024-10-10
Épernay,51230,51200,Appartement,35.0,57000.0,1628.57,2024-10-17
Fagnières,51242,51510,Appartement,68.0,177900.0,2616.18,2024-10-22
Couvrot,51195,51300,Maison,94.0,154000.0,1638.3,2024-10-25
Blacy,51065,51300,Maison,94.0,168300.0,1790.43,2024-10-24
Reims,51454,51100,Appartement,53.0,186930.0,3526.98,2024-10-11
Tours-sur-Marne,51576,51150,Maison,110.0,178400.0,1621.82,2024-10-16
Saint-Gibrien,51483,51510,Maison,78.0,50000.0,641.03,2024-10-01
Châlons-en-Champagne,51108,51000,Maison,130.0,177250.0,1363.46,2024-10-01
Châlons-en-Champagne,51108,51000,Appartement,46.0,86000.0,1869.57,2024-10-01
Oiry,51413,51530,Maison,69.0,153000.0,2217.39,2024-10-16
Épernay,51230,51200,Maison,72.0,98000.0,1361.11,2024-10-21
Coizard-Joches,51157,51270,Maison,95.0,140000.0,1473.68,2024-10-21
Sillery,51536,51500,Appartement,46.0,124000.0,2695.65,2024-10-23
Fagnières,51242,51510,Maison,88.0,165000.0,1875.0,2024-10-12
Orbais-l'Abbaye,51416,51270,Maison,87.0,80000.0,919.54,2024-10-06
Orbais-l'Abbaye,51416,51270,Maison,87.0,80000.0,919.54,2024-10-06
Reims,51454,51100,Maison,73.0,230000.0,3150.68,2024-10-22
Reims,51454,51100,Appartement,44.0,162000.0,3681.82,2024-10-24
Reims,51454,51100,Appartement,112.0,485100.0,4331.25,2024-10-21
Vitry-le-François,51649,51300,Appartement,56.0,63800.0,1139.29,2024-10-24
Saron-sur-Aube,51524,51260,Maison,140.0,150000.0,1071.43,2024-10-16
Vitry-le-François,51649,51300,Appartement,76.0,114890.0,1511.71,2024-10-04
Vincelles,51644,51700,Maison,110.0,152000.0,1381.82,2024-10-28
Vincelles,51644,51700,Maison,110.0,152000.0,1381.82,2024-10-28
Reims,51454,51100,Appartement,49.0,305000.0,6224.49,2024-10-25
Reims,51454,51100,Appartement,58.0,103000.0,1775.86,2024-10-25
Reims,51454,51100,Maison,124.0,339000.0,2733.87,2024-10-17
Reims,51454,51100,Appartement,75.0,425000.0,5666.67,2024-10-17
Reims,51454,51100,Maison,94.0,152450.0,1621.81,2024-10-28
Reims,51454,51100,Appartement,65.0,155000.0,2384.62,2024-10-25
Vitry-le-François,51649,51300,Maison,69.0,77500.0,1123.19,2024-10-25
Reims,51454,51100,Appartement,38.0,168900.0,4444.74,2024-10-02
Châlons-en-Champagne,51108,51000,Maison,78.0,170000.0,2179.49,2024-10-03
Courlandon,51187,51170,Maison,66.0,173250.0,2625.0,2024-10-04
Reims,51454,51100,Appartement,27.0,222606.0,8244.67,2024-10-09
Reims,51454,51100,Appartement,27.0,222606.0,8244.67,2024-10-09
Reims,51454,51100,Maison,35.0,222606.0,6360.17,2024-10-09
Hans,51283,51800,Maison,61.0,7000.0,114.75,2024-10-10
Romain,51464,51140,Maison,86.0,200000.0,2325.58,2024-10-17
Cormontreuil,51172,51350,Maison,118.0,280000.0,2372.88,2024-10-09
Reims,51454,51100,Appartement,42.0,140000.0,3333.33,2024-10-07
Sarry,51525,51520,Maison,100.0,335000.0,3350.0,2024-09-30
Reims,51454,51100,Appartement,140.0,421500.0,3010.71,2024-10-14
Tinqueux,51573,51430,Appartement,18.0,322000.0,17888.89,2024-10-04
Tinqueux,51573,51430,Maison,88.0,322000.0,3659.09,2024-10-04
Lagery,51314,51170,Maison,108.0,150000.0,1388.89,2024-10-05
Verzenay,51613,51360,Maison,71.0,150000.0,2112.68,2024-10-16
Reims,51454,51100,Appartement,20.0,106480.0,5324.0,2024-10-16
Saint-Mard-lès-Rouffy,51499,51130,Maison,100.0,109000.0,1090.0,2024-10-21
Gueux,51282,51390,Maison,212.0,949700.0,4479.72,2024-10-03
Reims,51454,51100,Appartement,71.0,129550.0,1824.65,2024-10-03
Reims,51454,51100,Appartement,11.0,32500.0,2954.55,2024-10-09
Reims,51454,51100,Appartement,22.0,64000.0,2909.09,2024-10-25
Reims,51454,51100,Appartement,163.0,479850.0,2943.87,2024-10-03
Reims,51454,51100,Maison,94.0,205000.0,2180.85,2024-10-23
Caurel,51101,51110,Maison,60.0,211000.0,3516.67,2024-10-24
Germaine,51266,51160,Maison,227.0,380000.0,1674.01,2024-10-25
Reims,51454,51100,Appartement,70.0,180500.0,2578.57,2024-10-23
Fismes,51250,51170,Maison,83.0,124500.0,1500.0,2024-10-04
Reims,51454,51100,Maison,70.0,160000.0,2285.71,2024-10-01
Reims,51454,51100,Appartement,56.0,35000.0,625.0,2024-10-02
Fère-Champenoise,51248,51230,Appartement,90.0,200000.0,2222.22,2024-10-18
Thiéblemont-Farémont,51567,51300,Maison,200.0,308979.0,1544.89,2024-10-16
Vitry-la-Ville,51648,51240,Maison,128.0,145000.0,1132.81,2024-10-04
Épense,51229,51330,Maison,49.0,35000.0,714.29,2024-10-09
Reims,51454,51100,Appartement,50.0,115560.0,2311.2,2024-10-11
Saint-Memmie,51506,51470,Maison,121.0,190000.0,1570.25,2024-10-04
Saint-Memmie,51506,51470,Maison,121.0,190000.0,1570.25,2024-10-04
Vitry-le-François,51649,51300,Appartement,41.0,43000.0,1048.78,2024-10-09
Reims,51454,51100,Maison,80.0,185400.0,2317.5,2024-09-27
Mardeuil,51344,51530,Maison,88.0,203200.0,2309.09,2024-10-25
Villeneuve-la-Lionne,51625,51310,Maison,63.0,160000.0,2539.68,2024-10-22
Reims,51454,51100,Appartement,28.0,108000.0,3857.14,2024-10-25
Condé-sur-Marne,51161,51150,Maison,43.0,50000.0,1162.79,2024-10-25
Merfy,51362,51220,Maison,115.0,273000.0,2373.91,2024-10-29
Dormans,51217,51700,Maison,105.0,169500.0,1614.29,2024-10-21
Sarry,51525,51520,Maison,75.0,155000.0,2066.67,2024-10-03
Vernancourt,51608,51330,Maison,80.0,70000.0,875.0,2024-10-10
Reims,51454,51100,Appartement,88.0,285000.0,3238.64,2024-10-23
Verzenay,51613,51360,Maison,48.0,65000.0,1354.17,2024-10-23
Verzenay,51613,51360,Maison,81.0,65000.0,802.47,2024-10-23
Reims,51454,51100,Maison,164.0,523300.0,3190.85,2024-10-11
Reims,51454,51100,Appartement,48.0,152863.78,3184.66,2024-10-23
Épernay,51230,51200,Appartement,66.0,154285.0,2337.65,2024-10-24
Anglure,51009,51260,Maison,77.0,122500.0,1590.91,2024-10-17
Châlons-en-Champagne,51108,51000,Maison,75.0,144000.0,1920.0,2024-10-04
Châlons-en-Champagne,51108,51000,Maison,75.0,144000.0,1920.0,2024-10-04
Aÿ-Champagne,51030,51160,Maison,52.0,185000.0,3557.69,2024-10-22
Aÿ-Champagne,51030,51160,Maison,80.0,185000.0,2312.5,2024-10-22
Épernay,51230,51200,Appartement,61.0,113000.0,1852.46,2024-10-24
La Chaussée-sur-Marne,51141,51240,Appartement,50.0,198000.0,3960.0,2024-10-04
La Chaussée-sur-Marne,51141,51240,Appartement,42.0,198000.0,4714.29,2024-10-04
Champaubert,51113,51270,Maison,146.0,185000.0,1267.12,2024-10-30
Champaubert,51113,51270,Maison,146.0,185000.0,1267.12,2024-10-30
Reims,51454,51100,Appartement,53.0,85000.0,1603.77,2024-10-25
Saint-Hilaire-au-Temple,51485,51400,Maison,68.0,78500.0,1154.41,2024-10-22
Saint-Hilaire-au-Temple,51485,51400,Maison,68.0,78500.0,1154.41,2024-10-22
Reims,51454,51100,Maison,64.0,160000.0,2500.0,2024-10-07
Bétheny,51055,51450,Appartement,60.0,145000.0,2416.67,2024-10-25
Reims,51454,51100,Appartement,35.0,109850.0,3138.57,2024-10-14
Vraux,51656,51150,Maison,72.0,147000.0,2041.67,2024-10-07
Châlons-en-Champagne,51108,51000,Maison,107.0,234900.0,2195.33,2024-10-18
Châlons-en-Champagne,51108,51000,Maison,120.0,187850.0,1565.42,2024-10-18
Reims,51454,51100,Appartement,26.0,95000.0,3653.85,2024-11-04
Courjeonnet,51186,51270,Maison,72.0,300000.0,4166.67,2024-10-24
Courjeonnet,51186,51270,Maison,72.0,300000.0,4166.67,2024-10-24
Reims,51454,51100,Appartement,45.0,152500.0,3388.89,2024-10-16
Reims,51454,51100,Maison,150.0,594000.0,3960.0,2024-10-18
Reims,51454,51100,Appartement,29.0,110000.0,3793.1,2024-10-16
Reims,51454,51100,Appartement,23.0,110000.0,4782.61,2024-10-16
Lavannes,51318,51110,Maison,152.0,230000.0,1513.16,2024-10-16
Recy,51453,51520,Maison,120.0,277000.0,2308.33,2024-10-11
Reims,51454,51100,Maison,129.0,518850.0,4022.09,2024-10-28
Reims,51454,51100,Appartement,29.0,91000.0,3137.93,2024-10-17
Châlons-en-Champagne,51108,51000,Maison,63.0,165000.0,2619.05,2024-10-18
Châlons-en-Champagne,51108,51000,Appartement,55.0,96000.0,1745.45,2024-10-25
Reims,51454,51100,Appartement,21.0,74000.0,3523.81,2024-10-18
Sainte-Menehould,51507,51800,Appartement,82.0,31000.0,378.05,2024-10-15
Châlons-en-Champagne,51108,51000,Maison,125.0,145000.0,1160.0,2024-10-18
Reims,51454,51100,Appartement,23.0,67000.0,2913.04,2024-10-15
Condé-sur-Marne,51161,51150,Maison,125.0,311000.0,2488.0,2024-10-18
Reims,51454,51100,Appartement,69.0,231700.0,3357.97,2024-10-14
Châlons-en-Champagne,51108,51000,Appartement,70.0,60000.0,857.14,2024-10-29
Reims,51454,51100,Appartement,60.0,25000.0,416.67,2024-10-25
Reims,51454,51100,Appartement,158.0,25000.0,158.23,2024-10-25
Reims,51454,51100,Appartement,96.0,653121.6,6803.35,2024-11-04
Reims,51454,51100,Appartement,96.0,653121.6,6803.35,2024-11-04
Auménancourt,51025,51110,Maison,111.0,252500.0,2274.77,2024-10-24
Le Baizil,51033,51270,Maison,173.0,150000.0,867.05,2024-10-25
Allemant,51005,51120,Maison,263.0,318000.0,1209.13,2024-10-18
Taissy,51562,51500,Maison,89.0,224180.0,2518.88,2024-10-24
Tours-sur-Marne,51576,51150,Maison,95.0,173000.0,1821.05,2024-10-18
Reims,51454,51100,Appartement,57.0,108000.0,1894.74,2024-10-25
Baslieux-lès-Fismes,51037,51170,Maison,95.0,84000.0,884.21,2024-10-10
Berméricourt,51051,51220,Maison,106.0,227170.0,2143.11,2024-10-28
Reims,51454,51100,Appartement,89.0,168000.0,1887.64,2024-10-25
Reims,51454,51100,Maison,20.0,61000.0,3050.0,2024-10-28
Reims,51454,51100,Maison,97.0,182200.0,1878.35,2024-10-24
Sept-Saulx,51530,51400,Maison,114.0,220000.0,1929.82,2024-10-24
Pontfaverger-Moronvilliers,51440,51490,Maison,100.0,211441.0,2114.41,2024-10-29
Mourmelon-le-Petit,51389,51400,Maison,97.0,226000.0,2329.9,2024-10-29
Sept-Saulx,51530,51400,Maison,114.0,222000.0,1947.37,2024-10-23
Reims,51454,51100,Appartement,74.0,176200.0,2381.08,2024-10-31
Reims,51454,51100,Appartement,104.0,355900.0,3422.12,2024-10-11
Fagnières,51242,51510,Maison,88.0,177000.0,2011.36,2024-10-09
Reims,51454,51100,Appartement,44.0,119100.0,2706.82,2024-10-31
Reims,51454,51100,Appartement,24.0,65000.0,2708.33,2024-10-18
Reims,51454,51100,Maison,154.0,741500.0,4814.94,2024-10-25
La Noue,51407,51310,Maison,73.0,66000.0,904.11,2024-04-02
Reims,51454,51100,Maison,44.0,164000.0,3727.27,2024-10-07
Chepy,51149,51240,Maison,137.0,223000.0,1627.74,2024-10-11
Reims,51454,51100,Appartement,57.0,120000.0,2105.26,2024-10-11
Reims,51454,51100,Appartement,83.0,187200.0,2255.42,2024-10-29
Vernancourt,51608,51330,Maison,92.0,108500.0,1179.35,2024-10-22
Châlons-en-Champagne,51108,51000,Appartement,29.0,45000.0,1551.72,2024-10-14
Clesles,51155,51260,Maison,92.0,90000.0,978.26,2024-10-21
Le Gault-Soigny,51264,51210,Maison,125.0,200000.0,1600.0,2024-11-06
Mourmelon-le-Petit,51389,51400,Maison,93.0,214000.0,2301.08,2024-10-09
La Noue,51407,51310,Maison,61.0,158080.0,2591.48,2024-10-22
Châlons-en-Champagne,51108,51000,Maison,102.0,205000.0,2009.8,2024-10-25
Châlons-en-Champagne,51108,51000,Appartement,65.0,20000.0,307.69,2024-04-02
Bétheny,51055,51450,Appartement,88.0,172880.0,1964.55,2024-10-22
Châlons-en-Champagne,51108,51000,Maison,141.0,226500.0,1606.38,2024-10-25
Châlons-en-Champagne,51108,51000,Maison,194.0,369650.0,1905.41,2024-10-10
Loivre,51329,51220,Maison,121.0,358000.0,2958.68,2024-10-29
Chenay,51145,51140,Maison,199.0,818088.0,4110.99,2024-10-18
Reims,51454,51100,Appartement,78.0,241250.0,3092.95,2024-10-14
Châlons-en-Champagne,51108,51000,Appartement,99.0,210000.0,2121.21,2024-10-25
Reims,51454,51100,Maison,140.0,766000.0,5471.43,2024-11-05
Châlons-en-Champagne,51108,51000,Appartement,97.0,133000.0,1371.13,2024-10-09
Tinqueux,51573,51430,Maison,94.0,173000.0,1840.43,2024-10-11
Reims,51454,51100,Maison,85.0,229000.0,2694.12,2024-10-16
Sarry,51525,51520,Maison,75.0,174100.0,2321.33,2024-10-08
Épernay,51230,51200,Appartement,37.0,78100.0,2110.81,2024-10-31
Omey,51415,51240,Maison,131.0,173000.0,1320.61,2024-11-05
Reims,51454,51100,Maison,149.0,198000.0,1328.86,2024-10-31
Reims,51454,51100,Maison,97.0,180000.0,1855.67,2024-10-30
Épernay,51230,51200,Maison,48.0,127000.0,2645.83,2024-11-04
Épernay,51230,51200,Appartement,38.0,80750.0,2125.0,2024-10-22
Reims,51454,51100,Maison,101.0,233555.0,2312.43,2024-10-22
Reims,51454,51100,Appartement,52.0,107400.0,2065.38,2024-10-22
Jonchery-sur-Vesle,51308,51140,Maison,93.0,279200.0,3002.15,2024-10-22
Jonchery-sur-Vesle,51308,51140,Maison,85.0,242000.0,2847.06,2024-10-22
Châlons-en-Champagne,51108,51000,Appartement,66.0,118000.0,1787.88,2024-10-14
Châlons-en-Champagne,51108,51000,Appartement,66.0,107350.0,1626.52,2024-11-05
Reims,51454,51100,Appartement,51.0,175000.0,3431.37,2024-10-31
Épernay,51230,51200,Appartement,57.0,110000.0,1929.82,2024-09-12
Reims,51454,51100,Appartement,17.0,64500.0,3794.12,2024-10-31
Reims,51454,51100,Appartement,20.0,94400.0,4720.0,2024-10-30
Reims,51454,51100,Appartement,39.0,115000.0,2948.72,2024-11-04
Bouchy-Saint-Genest,51071,51310,Maison,95.0,50000.0,526.32,2024-11-04
Reims,51454,51100,Appartement,89.0,194000.0,2179.78,2024-10-14
Reims,51454,51100,Appartement,37.0,91050.0,2460.81,2024-10-14
Villers-en-Argonne,51632,51800,Maison,88.0,93000.0,1056.82,2024-10-11
Hermonville,51291,51220,Maison,120.0,305000.0,2541.67,2024-10-29
Montépreux,51377,51320,Maison,64.0,197000.0,3078.12,2024-10-14
Montépreux,51377,51320,Maison,83.0,197000.0,2373.49,2024-10-14
Montépreux,51377,51320,Maison,305.0,197000.0,645.9,2024-10-14
Châlons-en-Champagne,51108,51000,Appartement,63.0,28900.0,458.73,2024-10-22
Cheminon,51144,51250,Maison,79.0,45000.0,569.62,2024-10-23
Reims,51454,51100,Appartement,30.0,73700.0,2456.67,2024-10-14
Reims,51454,51100,Maison,90.0,90000.0,1000.0,2024-10-30
Cherville,51150,51150,Maison,110.0,158000.0,1436.36,2024-10-29
Cherville,51150,51150,Maison,110.0,158000.0,1436.36,2024-10-29
Loivre,51329,51220,Maison,137.0,419000.0,3058.39,2024-10-15
Hermonville,51291,51220,Maison,169.0,397100.0,2349.7,2024-11-06
Hermonville,51291,51220,Maison,169.0,397100.0,2349.7,2024-11-06
Reims,51454,51100,Appartement,92.0,154300.0,1677.17,2024-11-04
Reims,51454,51100,Appartement,35.0,128800.0,3680.0,2024-10-29
Reims,51454,51100,Appartement,67.0,142700.0,2129.85,2024-10-24
Les Mesneux,51365,51370,Maison,101.0,300000.0,2970.3,2024-11-04
Suippes,51559,51600,Appartement,35.0,150000.0,4285.71,2024-10-10
Suippes,51559,51600,Appartement,85.0,150000.0,1764.71,2024-10-10
Suippes,51559,51600,Appartement,92.0,150000.0,1630.43,2024-10-10
Suippes,51559,51600,Appartement,85.0,150000.0,1764.71,2024-10-10
Saint-Just-Sauvage,51492,51260,Maison,78.0,71000.0,910.26,2024-10-18
Maurupt-le-Montois,51358,51340,Maison,158.0,80000.0,506.33,2024-10-28
Cernay-en-Dormois,51104,51800,Maison,100.0,137000.0,1370.0,2024-10-10
Magenta,51663,51530,Maison,287.0,620000.0,2160.28,2024-11-05
Conflans-sur-Seine,51162,51260,Maison,70.0,85000.0,1214.29,2024-10-18
Reims,51454,51100,Appartement,133.0,107000.0,804.51,2024-10-28
Witry-lès-Reims,51662,51420,Appartement,79.0,190000.0,2405.06,2024-10-28
Reims,51454,51100,Appartement,67.0,151500.0,2261.19,2024-11-06
Dormans,51217,51700,Maison,104.0,68000.0,653.85,2024-10-18
Reims,51454,51100,Appartement,115.0,365000.0,3173.91,2024-10-28
Vauciennes,51597,51480,Maison,85.0,102000.0,1200.0,2024-11-04
Saint-Brice-Courcelles,51474,51370,Appartement,44.0,104000.0,2363.64,2024-10-24
Tinqueux,51573,51430,Maison,151.0,463500.0,3069.54,2024-10-29
Isse,51301,51150,Maison,205.0,120000.0,585.37,2024-10-23
Reims,51454,51100,Maison,101.0,180400.0,1786.14,2024-11-04
Reims,51454,51100,Appartement,60.0,756662.75,12611.05,2024-10-24
Reims,51454,51100,Appartement,90.0,756662.75,8407.36,2024-10-24
Reims,51454,51100,Appartement,71.0,756662.75,10657.22,2024-10-24
Reims,51454,51100,Appartement,77.0,263393.75,3420.7,2024-10-24
Reims,51454,51100,Appartement,79.0,211850.0,2681.65,2024-10-18
Boult-sur-Suippe,51074,51110,Maison,47.0,170150.0,3620.21,2024-11-05
La Noue,51407,51310,Maison,82.0,180000.0,2195.12,2024-10-11
Reims,51454,51100,Maison,103.0,202000.0,1961.17,2024-10-28
Courcy,51183,51220,Maison,130.0,265600.0,2043.08,2024-10-22
Bétheny,51055,51450,Maison,94.0,240000.0,2553.19,2024-10-31
Reims,51454,51100,Appartement,92.0,109000.0,1184.78,2024-11-04
Reims,51454,51100,Appartement,52.0,197000.0,3788.46,2024-10-31
Verzy,51614,51380,Maison,118.0,50000.0,423.73,2024-10-31
Reims,51454,51100,Appartement,55.0,115000.0,2090.91,2024-10-25
Thiéblemont-Farémont,51567,51300,Maison,120.0,134000.0,1116.67,2024-11-04
Anglure,51009,51260,Maison,97.0,185000.0,1907.22,2024-10-26
Esclavolles-Lurey,51234,51260,Maison,89.0,133000.0,1494.38,2024-10-26
Charleville,51129,51120,Maison,107.0,173500.0,1621.5,2024-10-10
Charleville,51129,51120,Maison,107.0,173500.0,1621.5,2024-10-10
Gaye,51265,51120,Maison,70.0,118000.0,1685.71,2024-10-24
Soizy-aux-Bois,51542,51120,Maison,99.0,176500.0,1782.83,2024-10-11
Soizy-aux-Bois,51542,51120,Maison,99.0,176500.0,1782.83,2024-10-11
Corroy,51176,51230,Maison,73.0,137500.0,1883.56,2024-10-19
Reims,51454,51100,Appartement,72.0,150000.0,2083.33,2024-10-14
Broyes,51092,51120,Maison,52.0,19000.0,365.38,2024-10-25
Fère-Champenoise,51248,51230,Maison,80.0,70000.0,875.0,2024-10-19
Saint-Saturnin,51516,51260,Maison,70.0,35000.0,500.0,2024-10-17
Reims,51454,51100,Appartement,205.0,608000.0,2965.85,2024-10-29
Fère-Champenoise,51248,51230,Appartement,24.0,158000.0,6583.33,2024-10-11
Fère-Champenoise,51248,51230,Appartement,75.0,158000.0,2106.67,2024-10-11
Fère-Champenoise,51248,51230,Appartement,50.0,158000.0,3160.0,2024-10-11
Fère-Champenoise,51248,51230,Appartement,56.0,158000.0,2821.43,2024-10-11
Fère-Champenoise,51248,51230,Appartement,100.0,158000.0,1580.0,2024-10-11
Villers-Allerand,51629,51500,Appartement,17.0,38000.0,2235.29,2024-10-29
Reims,51454,51100,Appartement,52.0,124000.0,2384.62,2024-10-22
Saint-Brice-Courcelles,51474,51370,Maison,78.0,185000.0,2371.79,2024-10-24
Châlons-en-Champagne,51108,51000,Appartement,122.0,130000.0,1065.57,2024-10-31
Verzy,51614,51380,Maison,108.0,203850.0,1887.5,2024-10-29
Châlons-en-Champagne,51108,51000,Appartement,90.0,165000.0,1833.33,2024-11-05
Damery,51204,51480,Maison,131.0,354670.0,2707.4,2024-10-22
Tours-sur-Marne,51576,51150,Maison,78.0,188000.0,2410.26,2024-10-21
Pontfaverger-Moronvilliers,51440,51490,Maison,114.0,190000.0,1666.67,2024-11-04
Vitry-le-François,51649,51300,Appartement,72.0,40000.0,555.56,2024-11-09
Reims,51454,51100,Appartement,88.0,154435.0,1754.94,2024-10-18
Boult-sur-Suippe,51074,51110,Appartement,97.0,180000.0,1855.67,2024-11-07
Aÿ-Champagne,51030,51160,Maison,100.0,240000.0,2400.0,2024-10-30
Bezannes,51058,51430,Appartement,65.0,219500.0,3376.92,2024-10-15
Fismes,51250,51170,Maison,105.0,168000.0,1600.0,2024-10-31
Verzy,51614,51380,Maison,145.0,197850.0,1364.48,2024-11-04
Frignicourt,51262,51300,Maison,100.0,60000.0,600.0,2024-10-29
Cormontreuil,51172,51350,Appartement,92.0,167500.0,1820.65,2024-11-07
Avenay-Val-d'Or,51028,51160,Maison,106.0,240150.0,2265.57,2024-10-22
Bazancourt,51043,51110,Maison,147.0,272050.0,1850.68,2024-11-13
Aÿ-Champagne,51030,51160,Maison,121.0,175000.0,1446.28,2024-11-08
Vitry-le-François,51649,51300,Maison,86.0,81000.0,941.86,2024-10-30
Marolles,51352,51300,Maison,80.0,75000.0,937.5,2024-10-31
Marolles,51352,51300,Maison,63.0,75000.0,1190.48,2024-10-31
Marolles,51352,51300,Maison,93.0,75000.0,806.45,2024-10-31
Marolles,51352,51300,Maison,93.0,75000.0,806.45,2024-10-31
Marolles,51352,51300,Maison,65.0,75000.0,1153.85,2024-10-31
Marolles,51352,51300,Maison,65.0,75000.0,1153.85,2024-10-31
Marolles,51352,51300,Maison,93.0,75000.0,806.45,2024-10-31
Marolles,51352,51300,Maison,93.0,75000.0,806.45,2024-10-31
Marolles,51352,51300,Maison,80.0,75000.0,937.5,2024-10-31
Marolles,51352,51300,Maison,63.0,75000.0,1190.48,2024-10-31
Marolles,51352,51300,Maison,63.0,75000.0,1190.48,2024-10-31
Marolles,51352,51300,Maison,80.0,75000.0,937.5,2024-10-31
Marolles,51352,51300,Maison,80.0,75000.0,937.5,2024-10-31
Marolles,51352,51300,Maison,93.0,75000.0,806.45,2024-10-31
Marolles,51352,51300,Maison,63.0,75000.0,1190.48,2024-10-31
Marolles,51352,51300,Maison,65.0,75000.0,1153.85,2024-10-31
Marolles,51352,51300,Maison,93.0,75000.0,806.45,2024-10-31
Marolles,51352,51300,Maison,80.0,75000.0,937.5,2024-10-31
Marolles,51352,51300,Maison,93.0,75000.0,806.45,2024-10-31
Marolles,51352,51300,Maison,93.0,75000.0,806.45,2024-10-31
Marolles,51352,51300,Maison,93.0,75000.0,806.45,2024-10-31
Marolles,51352,51300,Maison,65.0,75000.0,1153.85,2024-10-31
Marolles,51352,51300,Maison,93.0,75000.0,806.45,2024-10-31
Marolles,51352,51300,Maison,93.0,75000.0,806.45,2024-10-31
Marolles,51352,51300,Maison,65.0,75000.0,1153.85,2024-10-31
Marolles,51352,51300,Maison,93.0,75000.0,806.45,2024-10-31
Reims,51454,51100,Appartement,81.0,242000.0,2987.65,2024-10-29
Châlons-en-Champagne,51108,51000,Maison,75.0,117000.0,1560.0,2024-11-12
Bezannes,51058,51430,Maison,80.0,379500.0,4743.75,2024-10-15
Bezannes,51058,51430,Maison,80.0,379500.0,4743.75,2024-10-15
Courville,51194,51170,Maison,128.0,265000.0,2070.31,2024-10-31
Fismes,51250,51170,Maison,40.0,10000.0,250.0,2024-10-26
Frignicourt,51262,51300,Appartement,73.0,125000.0,1712.33,2024-11-04
Frignicourt,51262,51300,Appartement,30.0,125000.0,4166.67,2024-11-04
Frignicourt,51262,51300,Appartement,24.0,125000.0,5208.33,2024-11-04
Châlons-en-Champagne,51108,51000,Maison,82.0,175000.0,2134.15,2024-10-28
Crugny,51198,51170,Maison,104.0,240000.0,2307.69,2024-10-29
Crugny,51198,51170,Maison,18.0,240000.0,13333.33,2024-10-29
Champfleury,51115,51500,Maison,38.0,247000.0,6500.0,2024-10-14
Puisieulx,51450,51500,Maison,162.0,535000.0,3302.47,2024-11-07
Reims,51454,51100,Appartement,72.0,135000.0,1875.0,2024-10-22
Époye,51232,51490,Maison,105.0,194500.0,1852.38,2024-11-07
Reims,51454,51100,Appartement,86.0,303000.0,3523.26,2024-11-13
Vitry-le-François,51649,51300,Appartement,49.0,71000.0,1448.98,2024-03-05
Vitry-le-François,51649,51300,Appartement,44.0,71000.0,1613.64,2024-03-05
Reims,51454,51100,Appartement,41.0,188000.0,4585.37,2024-10-24
Reims,51454,51100,Maison,99.0,227000.0,2292.93,2024-11-08
Blacy,51065,51300,Maison,149.0,167000.0,1120.81,2024-11-12
Blacy,51065,51300,Maison,149.0,167000.0,1120.81,2024-11-12
Vitry-le-François,51649,51300,Appartement,68.0,71000.0,1044.12,2024-11-07
Taissy,51562,51500,Maison,171.0,610000.0,3567.25,2024-11-08
Sainte-Menehould,51507,51800,Maison,118.0,86000.0,728.81,2024-10-25
Reims,51454,51100,Maison,114.0,265200.0,2326.32,2024-10-31
Congy,51163,51270,Maison,89.0,160000.0,1797.75,2024-10-28
Reims,51454,51100,Appartement,43.0,92157.0,2143.19,2024-11-06
Reims,51454,51100,Maison,65.0,261500.0,4023.08,2024-11-06
Reims,51454,51100,Appartement,52.0,150000.0,2884.62,2024-11-06
Épernay,51230,51200,Appartement,42.0,64500.0,1535.71,2024-11-13
Reims,51454,51100,Appartement,69.0,120000.0,1739.13,2024-11-05
Tinqueux,51573,51430,Maison,71.0,150000.0,2112.68,2024-11-07
Reims,51454,51100,Appartement,68.0,181000.0,2661.76,2024-11-04
Cormontreuil,51172,51350,Maison,36.0,256800.0,7133.33,2024-10-31
Cormontreuil,51172,51350,Maison,36.0,256800.0,7133.33,2024-10-31
Maffrécourt,51336,51800,Maison,55.0,34500.0,627.27,2024-10-17
Maffrécourt,51336,51800,Maison,55.0,34500.0,627.27,2024-10-17
Reims,51454,51100,Appartement,31.0,79000.0,2548.39,2024-10-12
Congy,51163,51270,Maison,196.0,220000.0,1122.45,2024-10-28
Villers-Allerand,51629,51500,Appartement,17.0,38000.0,2235.29,2024-10-24
Festigny,51249,51700,Maison,119.0,137000.0,1151.26,2024-10-30
Aÿ-Champagne,51030,51160,Maison,147.0,277300.0,1886.39,2024-11-12
Chepy,51149,51240,Maison,60.0,58000.0,966.67,2024-11-05
Reims,51454,51100,Appartement,33.0,85000.0,2575.76,2024-11-14
Vinay,51643,51530,Maison,60.0,134000.0,2233.33,2024-10-16
Châlons-en-Champagne,51108,51000,Maison,218.0,430000.0,1972.48,2024-11-07
Cormontreuil,51172,51350,Maison,98.0,303000.0,3091.84,2024-11-08
Dommartin-Varimont,51214,51330,Maison,99.0,92000.0,929.29,2024-11-07
Frignicourt,51262,51300,Maison,55.0,59000.0,1072.73,2024-11-05
Reims,51454,51100,Appartement,53.0,175000.0,3301.89,2024-11-12
Boursault,51076,51480,Maison,83.0,83000.0,1000.0,2024-10-31
Reims,51454,51100,Appartement,32.0,102500.0,3203.12,2024-11-07
Esclavolles-Lurey,51234,51260,Maison,95.0,110000.0,1157.89,2024-11-05
Rilly-la-Montagne,51461,51500,Maison,150.0,204000.0,1360.0,2024-11-07
Broyes,51092,51120,Maison,52.0,80000.0,1538.46,2024-10-17
Broyes,51092,51120,Maison,36.0,80000.0,2222.22,2024-10-17
Reims,51454,51100,Maison,101.0,250000.0,2475.25,2024-10-30
Sillery,51536,51500,Maison,94.0,306600.0,3261.7,2024-10-22
Reims,51454,51100,Maison,114.0,276500.0,2425.44,2024-10-18
Jonchery-sur-Vesle,51308,51140,Maison,84.0,238500.0,2839.29,2024-10-21
Reims,51454,51100,Maison,183.0,248000.0,1355.19,2024-11-04
Reims,51454,51100,Maison,59.0,147000.0,2491.53,2024-10-16
Compertrix,51160,51510,Maison,82.0,165000.0,2012.2,2024-10-21
Reims,51454,51100,Appartement,48.0,125000.0,2604.17,2024-10-31
Épernay,51230,51200,Appartement,70.0,115350.0,1647.86,2024-10-24
Sézanne,51535,51120,Maison,264.0,124200.0,470.45,2024-10-11
La Chaussée-sur-Marne,51141,51240,Maison,116.0,238930.0,2059.74,2024-11-09
Reims,51454,51100,Maison,44.0,145000.0,3295.45,2024-11-12
Cormontreuil,51172,51350,Appartement,65.0,240000.0,3692.31,2024-11-07
Châlons-en-Champagne,51108,51000,Appartement,46.0,75000.0,1630.43,2024-10-29
Esternay,51237,51310,Maison,87.0,168000.0,1931.03,2024-11-09
Ludes,51333,51500,Maison,70.0,131000.0,1871.43,2024-11-04
Barbonne-Fayel,51036,51120,Maison,110.0,129500.0,1177.27,2024-11-08
Sarry,51525,51520,Maison,95.0,112000.0,1178.95,2024-03-05
Chouilly,51153,51530,Maison,39.0,25000.0,641.03,2024-10-18
Reims,51454,51100,Appartement,72.0,192000.0,2666.67,2024-10-24
Châlons-en-Champagne,51108,51000,Appartement,49.0,51000.0,1040.82,2024-10-23
Pouillon,51444,51220,Maison,202.0,443200.0,2194.06,2024-10-25
Reims,51454,51100,Appartement,10.0,161213.0,16121.3,2024-10-29
Reims,51454,51100,Appartement,12.0,161213.0,13434.42,2024-10-29
Reims,51454,51100,Appartement,10.0,161213.0,16121.3,2024-10-29
Brugny-Vaudancourt,51093,51530,Maison,72.0,245800.0,3413.89,2024-11-06
Brugny-Vaudancourt,51093,51530,Maison,72.0,245800.0,3413.89,2024-11-06
Saint-Martin-d'Ablois,51002,51530,Maison,174.0,290000.0,1666.67,2024-10-22
Villers-en-Argonne,51632,51800,Maison,116.0,197000.0,1698.28,2024-10-17
Reims,51454,51100,Appartement,62.0,360000.0,5806.45,2024-10-18
Cramant,51196,51530,Maison,100.0,250000.0,2500.0,2024-10-28
La Forestière,51258,51120,Maison,103.0,90000.0,873.79,2024-10-19
Bétheny,51055,51450,Maison,94.0,310000.0,3297.87,2024-11-15
Val-de-Vesle,51571,51360,Maison,84.0,168100.0,2001.19,2024-11-13
Reims,51454,51100,Appartement,70.0,120000.0,1714.29,2024-11-12
Reims,51454,51100,Appartement,54.0,255000.0,4722.22,2024-10-31
Bétheny,51055,51450,Maison,91.0,248000.0,2725.27,2024-11-14
Verzenay,51613,51360,Maison,130.0,187500.0,1442.31,2024-11-14
Venteuil,51605,51480,Maison,63.0,157000.0,2492.06,2024-10-25
Pierry,51431,51530,Maison,263.0,453000.0,1722.43,2024-11-04
Montmort-Lucy,51381,51270,Appartement,55.0,66500.0,1209.09,2024-11-04
Reims,51454,51100,Maison,112.0,176900.0,1579.46,2024-10-14
Reims,51454,51100,Appartement,43.0,218500.0,5081.4,2024-10-28
Reims,51454,51100,Maison,60.0,220000.0,3666.67,2024-11-13
Mailly-Champagne,51338,51500,Maison,50.0,145000.0,2900.0,2024-11-13
Mailly-Champagne,51338,51500,Maison,50.0,145000.0,2900.0,2024-11-13
Reims,51454,51100,Appartement,155.0,290000.0,1870.97,2024-11-07
Tours-sur-Marne,51576,51150,Maison,67.0,130000.0,1940.3,2024-11-12
Reims,51454,51100,Appartement,70.0,262500.0,3750.0,2024-11-03
Reims,51454,51100,Maison,114.0,202500.0,1776.32,2024-10-29
Vitry-le-François,51649,51300,Maison,207.0,140000.0,676.33,2024-11-14
Vitry-le-François,51649,51300,Maison,114.0,50000.0,438.6,2024-11-13
Courtisols,51193,51460,Maison,93.0,175600.0,1888.17,2024-10-29
Reims,51454,51100,Appartement,60.0,197000.0,3283.33,2024-10-24
Châlons-en-Champagne,51108,51000,Maison,80.0,100000.0,1250.0,2024-10-21
Épernay,51230,51200,Appartement,40.0,101370.0,2534.25,2024-10-23
Les Istres-et-Bury,51302,51190,Maison,105.0,130000.0,1238.1,2024-11-06
Châlons-en-Champagne,51108,51000,Appartement,146.0,310000.0,2123.29,2024-11-06
Courtisols,51193,51460,Maison,163.0,239000.0,1466.26,2024-11-05
Courtisols,51193,51460,Maison,163.0,239000.0,1466.26,2024-11-05
Saint-Memmie,51506,51470,Maison,105.0,200000.0,1904.76,2024-11-12
Châlons-en-Champagne,51108,51000,Appartement,99.0,77700.0,784.85,2024-10-23
Ville-en-Tardenois,51624,51170,Maison,85.0,191000.0,2247.06,2024-11-04
Reims,51454,51100,Appartement,20.0,69248.0,3462.4,2024-10-30
Reims,51454,51100,Appartement,39.0,115338.0,2957.38,2024-10-31
Reims,51454,51100,Appartement,83.0,160000.0,1927.71,2024-10-30
Reims,51454,51100,Appartement,48.0,165500.0,3447.92,2024-11-05
Reims,51454,51100,Appartement,30.0,118071.0,3935.7,2024-11-05
Reims,51454,51100,Appartement,27.0,87767.0,3250.63,2024-11-08
Sillery,51536,51500,Maison,120.0,363700.0,3030.83,2024-11-06
Reims,51454,51100,Appartement,69.0,135000.0,1956.52,2024-11-06
Aulnay-l'Aître,51022,51240,Maison,88.0,173000.0,1965.91,2024-10-25
Reims,51454,51100,Maison,83.0,230000.0,2771.08,2024-10-28
Vienne-la-Ville,51620,51800,Maison,120.0,115000.0,958.33,2024-11-07
Reims,51454,51100,Appartement,73.0,145000.0,1986.3,2024-10-29
Reims,51454,51100,Appartement,52.0,1170000.0,22500.0,2024-11-13
Reims,51454,51100,Appartement,48.0,1170000.0,24375.0,2024-11-13
Reims,51454,51100,Appartement,48.0,1170000.0,24375.0,2024-11-13
Reims,51454,51100,Appartement,55.0,1170000.0,21272.73,2024-11-13
Reims,51454,51100,Appartement,65.0,1170000.0,18000.0,2024-11-13
Reims,51454,51100,Appartement,63.0,1170000.0,18571.43,2024-11-13
Reims,51454,51100,Appartement,43.0,1170000.0,27209.3,2024-11-13
Reims,51454,51100,Appartement,40.0,1170000.0,29250.0,2024-11-13
Châlons-en-Champagne,51108,51000,Maison,130.0,219050.0,1685.0,2024-10-25
Reims,51454,51100,Maison,126.0,305600.0,2425.4,2024-11-15
Reims,51454,51100,Appartement,20.0,55000.0,2750.0,2024-11-13
Reims,51454,51100,Maison,50.0,232920.0,4658.4,2024-11-14
Reims,51454,51100,Appartement,97.0,216500.0,2231.96,2024-11-12
Reims,51454,51100,Maison,68.0,150000.0,2205.88,2024-11-05
Reims,51454,51100,Appartement,47.0,135800.0,2889.36,2024-11-12
Reims,51454,51100,Appartement,98.0,135800.0,1385.71,2024-11-12
Reims,51454,51100,Appartement,100.0,307780.0,3077.8,2024-10-24
Épernay,51230,51200,Appartement,173.0,245000.0,1416.18,2024-11-12
Reims,51454,51100,Maison,82.0,240000.0,2926.83,2024-11-12
Reims,51454,51100,Appartement,60.0,135000.0,2250.0,2024-10-21
Reims,51454,51100,Appartement,44.0,88000.0,2000.0,2024-11-14
Épernay,51230,51200,Appartement,46.0,62500.0,1358.7,2024-11-12
Fismes,51250,51170,Maison,72.0,162000.0,2250.0,2024-10-23
Reims,51454,51100,Appartement,66.0,162200.0,2457.58,2024-10-25
Châlons-en-Champagne,51108,51000,Appartement,18.0,38000.0,2111.11,2024-10-29
Saint-Remy-sous-Broyes,51514,51120,Maison,73.0,72000.0,986.3,2024-10-21
Reims,51454,51100,Appartement,67.0,205000.0,3059.7,2024-10-25
Beaumont-sur-Vesle,51044,51360,Maison,79.0,237800.0,3010.13,2024-10-28
Épernay,51230,51200,Appartement,35.0,59000.0,1685.71,2024-11-07
Saint-Chéron,51475,51290,Maison,98.0,132871.89,1355.84,2024-11-14
Reims,51454,51100,Appartement,49.0,221350.0,4517.35,2024-11-15
Châlons-en-Champagne,51108,51000,Appartement,50.0,54350.0,1087.0,2024-11-15
Épernay,51230,51200,Maison,60.0,110000.0,1833.33,2024-11-06
Bagneux,51032,51260,Maison,99.0,122500.0,1237.37,2024-10-29
Reims,51454,51100,Appartement,89.0,232000.0,2606.74,2024-11-20
Damery,51204,51480,Maison,120.0,120000.0,1000.0,2024-11-12
Reims,51454,51100,Appartement,50.0,112500.0,2250.0,2024-11-14
Damery,51204,51480,Maison,95.0,150000.0,1578.95,2024-11-12
Gaye,51265,51120,Maison,86.0,140000.0,1627.91,2024-11-16
Vitry-le-François,51649,51300,Maison,60.0,100000.0,1666.67,2024-11-13
Reims,51454,51100,Appartement,70.0,371510.0,5307.29,2024-11-12
Trépail,51580,51380,Maison,103.0,202750.0,1968.45,2024-11-15
Châlons-en-Champagne,51108,51000,Appartement,40.0,255000.0,6375.0,2024-10-25
Châlons-en-Champagne,51108,51000,Appartement,110.0,255000.0,2318.18,2024-10-25
Châlons-en-Champagne,51108,51000,Appartement,109.0,255000.0,2339.45,2024-10-25
Anglure,51009,51260,Maison,82.0,162000.0,1975.61,2024-10-31
Épernay,51230,51200,Maison,94.0,120000.0,1276.6,2024-11-13
Courcelles-Sapicourt,51181,51140,Maison,146.0,250000.0,1712.33,2024-10-28
Marcilly-sur-Seine,51343,51260,Maison,102.0,175000.0,1715.69,2024-10-28
Saudoy,51526,51120,Maison,90.0,155000.0,1722.22,2024-11-16
Reims,51454,51100,Appartement,85.0,146500.0,1723.53,2024-11-15
Reims,51454,51100,Appartement,66.0,122000.0,1848.48,2024-11-07
Reims,51454,51100,Maison,72.0,210000.0,2916.67,2024-11-06
Muizon,51391,51140,Maison,78.0,159500.0,2044.87,2024-11-13
Reims,51454,51100,Appartement,47.0,96000.0,2042.55,2024-10-31
Bezannes,51058,51430,Appartement,61.0,232611.0,3813.3,2024-11-12
Warmeriville,51660,51110,Maison,77.0,165000.0,2142.86,2024-10-29
Reims,51454,51100,Appartement,65.0,148000.0,2276.92,2024-11-14
Épernay,51230,51200,Appartement,114.0,220000.0,1929.82,2024-10-24
Reims,51454,51100,Maison,396.0,1685000.0,4255.05,2024-10-28
Val-de-Vesle,51571,51360,Maison,185.0,465000.0,2513.51,2024-11-04
Juvigny,51312,51150,Maison,153.0,247000.0,1614.38,2024-11-15
Vitry-le-François,51649,51300,Maison,101.0,210000.0,2079.21,2024-11-18
Saint-Eulien,51478,52100,Maison,94.0,171000.0,1819.15,2024-11-18
Châlons-en-Champagne,51108,51000,Appartement,77.0,85000.0,1103.9,2024-10-31
Saint-Memmie,51506,51470,Maison,90.0,169000.0,1877.78,2024-10-30
Fagnières,51242,51510,Maison,95.0,223000.0,2347.37,2024-10-31
Rieux,51460,51210,Maison,77.0,305000.0,3961.04,2024-11-21
Rieux,51460,51210,Maison,77.0,305000.0,3961.04,2024-11-21
Montmirail,51380,51210,Maison,68.0,150000.0,2205.88,2024-11-21
Reims,51454,51100,Appartement,43.0,150000.0,3488.37,2024-11-20
Reims,51454,51100,Appartement,68.0,135000.0,1985.29,2024-11-19
Reims,51454,51100,Appartement,19.0,65000.0,3421.05,2024-10-28
Mardeuil,51344,51530,Maison,101.0,271100.0,2684.16,2024-10-25
Reims,51454,51100,Appartement,43.0,129000.0,3000.0,2024-11-18
Romery,51465,51480,Maison,152.0,600000.0,3947.37,2024-10-22
Reims,51454,51100,Appartement,79.0,185500.0,2348.1,2024-10-28
Bétheny,51055,51450,Maison,103.0,286900.0,2785.44,2024-10-30
Reims,51454,51100,Appartement,43.0,100000.0,2325.58,2024-11-12
Épernay,51230,51200,Appartement,63.0,38000.0,603.17,2024-11-12
Reims,51454,51100,Appartement,56.0,65900.0,1176.79,2024-11-21
Sézanne,51535,51120,Maison,108.0,138000.0,1277.78,2024-11-21
Bétheniville,51054,51490,Maison,48.0,95000.0,1979.17,2024-11-21
Reims,51454,51100,Maison,73.0,312000.0,4273.97,2024-11-07
Reims,51454,51100,Maison,185.0,533000.0,2881.08,2024-11-13
Oiry,51413,51530,Maison,93.0,211850.0,2277.96,2024-11-19
Bourgogne-Fresne,51075,51110,Maison,220.0,462500.0,2102.27,2024-11-06
Vandières,51592,51700,Maison,86.0,55000.0,639.53,2024-11-16
Reims,51454,51100,Appartement,74.0,47000.0,635.14,2024-11-07
Reims,51454,51100,Appartement,42.0,47000.0,1119.05,2024-11-07
Reims,51454,51100,Maison,98.0,169400.0,1728.57,2024-11-12
Reims,51454,51100,Maison,63.0,70000.0,1111.11,2024-10-30
Reims,51454,51100,Appartement,30.0,79990.0,2666.33,2024-11-08
Villers-Allerand,51629,51500,Maison,164.0,1373200.0,8373.17,2024-10-30
Villers-Allerand,51629,51500,Appartement,135.0,1373200.0,10171.85,2024-10-30
Villers-Allerand,51629,51500,Maison,150.0,1373200.0,9154.67,2024-10-30
Reims,51454,51100,Appartement,71.0,96330.0,1356.76,2024-10-29
Witry-lès-Reims,51662,51420,Maison,93.0,190000.0,2043.01,2024-10-29
Sézanne,51535,51120,Appartement,28.0,34500.0,1232.14,2024-11-19
Reims,51454,51100,Maison,93.0,254650.0,2738.17,2024-11-22
Reims,51454,51100,Appartement,75.0,258400.0,3445.33,2024-11-19
Loisy-sur-Marne,51328,51300,Maison,134.0,218600.0,1631.34,2024-11-21
Reims,51454,51100,Appartement,42.0,176000.0,4190.48,2024-11-22
Reims,51454,51100,Maison,73.0,191000.0,2616.44,2024-11-12
Reims,51454,51100,Appartement,69.0,127000.0,1840.58,2024-10-29
Châlons-en-Champagne,51108,51000,Appartement,43.0,35000.0,813.95,2024-11-15
Reims,51454,51100,Appartement,34.0,84000.0,2470.59,2024-11-25
Reims,51454,51100,Appartement,47.0,93000.0,1978.72,2024-11-21
Verdon,51607,51210,Maison,92.0,170000.0,1847.83,2024-11-23
Witry-lès-Reims,51662,51420,Appartement,54.0,124000.0,2296.3,2024-10-30
Villers-Marmery,51636,51380,Maison,108.0,256800.0,2377.78,2024-11-19
Reims,51454,51100,Maison,95.0,195000.0,2052.63,2024-11-14
Courtisols,51193,51460,Maison,80.0,188000.0,2350.0,2024-11-20
Châlons-en-Champagne,51108,51000,Appartement,79.0,91850.0,1162.66,2024-11-13
Châtelraould-Saint-Louvent,51134,51300,Maison,61.0,100000.0,1639.34,2024-11-21
Reims,51454,51100,Appartement,55.0,171500.0,3118.18,2024-11-18
Le Baizil,51033,51270,Maison,340.0,135000.0,397.06,2024-10-31
Recy,51453,51520,Maison,171.0,409090.0,2392.34,2024-11-15
Dampierre-sur-Moivre,51208,51240,Maison,182.0,368500.0,2024.73,2024-11-20
Pargny-sur-Saulx,51423,51340,Maison,55.0,45000.0,818.18,2024-11-23
Châlons-en-Champagne,51108,51000,Maison,123.0,290750.0,2363.82,2024-11-15
Reims,51454,51100,Appartement,108.0,121000.0,1120.37,2024-11-22
Vitry-le-François,51649,51300,Maison,102.0,99400.0,974.51,2024-11-21
Chouilly,51153,51530,Appartement,48.0,165950.0,3457.29,2024-11-13
Chouilly,51153,51530,Appartement,45.0,165950.0,3687.78,2024-11-13
Chouilly,51153,51530,Maison,50.0,165950.0,3319.0,2024-11-13
Reims,51454,51100,Appartement,82.0,127000.0,1548.78,2024-11-22
Châlons-en-Champagne,51108,51000,Maison,93.0,175000.0,1881.72,2024-11-13
Boult-sur-Suippe,51074,51110,Maison,61.0,133000.0,2180.33,2024-10-30
Chaintrix-Bierges,51107,51130,Maison,59.0,118000.0,2000.0,2024-11-15
Chaintrix-Bierges,51107,51130,Maison,59.0,118000.0,2000.0,2024-11-15
Reims,51454,51100,Appartement,30.0,70820.0,2360.67,2024-11-19
Reims,51454,51100,Appartement,17.0,50000.0,2941.18,2024-11-12
Reims,51454,51100,Maison,66.0,173500.0,2628.79,2024-11-20
Sainte-Menehould,51507,51800,Appartement,62.0,71500.0,1153.23,2024-10-29
Fagnières,51242,51510,Appartement,71.0,185000.0,2605.63,2024-11-20
Pontfaverger-Moronvilliers,51440,51490,Maison,83.0,120000.0,1445.78,2024-11-21
Cormontreuil,51172,51350,Maison,106.0,155000.0,1462.26,2024-10-30
Bezannes,51058,51430,Appartement,61.0,228062.0,3738.72,2024-11-18
Saint-Just-Sauvage,51492,51260,Maison,67.0,89000.0,1328.36,2024-11-19
Cormicy,51171,51220,Maison,130.0,286000.0,2200.0,2024-11-13
Reims,51454,51100,Appartement,101.0,168600.0,1669.31,2024-11-14
Ventelay,51604,51140,Maison,93.0,105000.0,1129.03,2024-10-31
Reims,51454,51100,Appartement,24.0,88880.0,3703.33,2024-11-21
Reims,51454,51100,Appartement,44.0,187000.0,4250.0,2024-11-25
Reims,51454,51100,Appartement,69.0,97080.0,1406.96,2024-11-04
Reims,51454,51100,Appartement,14.0,59500.0,4250.0,2024-11-15
Reims,51454,51100,Appartement,97.0,144500.0,1489.69,2024-11-22
Giffaumont-Champaubert,51269,51290,Maison,38.0,30000.0,789.47,2024-11-07
Saint-Quentin-les-Marais,51510,51300,Maison,90.0,95000.0,1055.56,2024-11-19
Tours-sur-Marne,51576,51150,Maison,126.0,290000.0,2301.59,2024-11-25
Fleury-la-Rivière,51252,51480,Maison,84.0,125000.0,1488.1,2024-11-22
Warmeriville,51660,51110,Maison,95.0,289999.0,3052.62,2024-11-26
Bétheniville,51054,51490,Maison,82.0,155000.0,1890.24,2024-11-26
Sapignicourt,51522,52100,Maison,98.0,124200.0,1267.35,2024-11-22
Anglure,51009,51260,Maison,89.0,89000.0,1000.0,2024-11-05
Reims,51454,51100,Appartement,37.0,200000.0,5405.41,2024-11-21
Reims,51454,51100,Appartement,38.0,200000.0,5263.16,2024-11-21
Reims,51454,51100,Appartement,42.0,200000.0,4761.9,2024-11-21
Reims,51454,51100,Appartement,62.0,236500.0,3814.52,2024-11-14
Aÿ-Champagne,51030,51160,Maison,28.0,20000.0,714.29,2024-11-20
Reims,51454,51100,Appartement,51.0,141000.0,2764.71,2024-11-22
Pontfaverger-Moronvilliers,51440,51490,Maison,84.0,156000.0,1857.14,2024-11-04
Beine-Nauroy,51046,51490,Maison,170.0,373500.0,2197.06,2024-11-04
Bétheniville,51054,51490,Maison,83.0,115000.0,1385.54,2024-11-05
Ludes,51333,51500,Maison,93.0,265000.0,2849.46,2024-11-15
Réveillon,51459,51310,Maison,142.0,130000.0,915.49,2024-11-12
Lavannes,51318,51110,Maison,130.0,200000.0,1538.46,2024-11-21
Tours-sur-Marne,51576,51150,Maison,162.0,350000.0,2160.49,2024-11-18
Merfy,51362,51220,Maison,115.0,233000.0,2026.09,2024-11-20
Reims,51454,51100,Appartement,35.0,100000.0,2857.14,2024-11-20
Reims,51454,51100,Appartement,71.0,208000.0,2929.58,2024-11-20
Reims,51454,51100,Appartement,18.0,240000.0,13333.33,2024-10-29
Reims,51454,51100,Appartement,11.0,240000.0,21818.18,2024-10-29
Reims,51454,51100,Appartement,24.0,240000.0,10000.0,2024-10-29
Reims,51454,51100,Appartement,14.0,240000.0,17142.86,2024-10-29
Châlons-en-Champagne,51108,51000,Appartement,85.0,71000.0,835.29,2024-10-29
Châlons-en-Champagne,51108,51000,Appartement,39.0,56000.0,1435.9,2024-10-30
Sermaize-les-Bains,51531,51250,Maison,105.0,89050.0,848.1,2024-11-28
Fère-Champenoise,51248,51230,Maison,70.0,60000.0,857.14,2024-11-18
Épernay,51230,51200,Appartement,40.0,85500.0,2137.5,2024-11-27
Chambrecy,51111,51170,Maison,88.0,253400.0,2879.55,2024-10-30
Jonchery-sur-Vesle,51308,51140,Maison,148.0,302000.0,2040.54,2024-11-08
Reims,51454,51100,Appartement,79.0,267000.0,3379.75,2024-11-27
Reims,51454,51100,Appartement,99.0,423000.0,4272.73,2024-10-30
Reims,51454,51100,Maison,80.0,210000.0,2625.0,2024-11-06
Tinqueux,51573,51430,Appartement,100.0,180000.0,1800.0,2024-11-07
Reims,51454,51100,Maison,62.0,172000.0,2774.19,2024-11-08
Bazancourt,51043,51110,Maison,172.0,167135.0,971.72,2024-11-13
Reims,51454,51100,Maison,83.0,248800.0,2997.59,2024-10-30
Mourmelon-le-Grand,51388,51400,Maison,118.0,245000.0,2076.27,2024-11-22
Auve,51027,51800,Maison,88.0,175000.0,1988.64,2024-11-04
Sillery,51536,51500,Maison,71.0,193100.0,2719.72,2024-11-22
Ville-sur-Tourbe,51640,51800,Maison,94.0,151900.0,1615.96,2024-11-19
Le Meix-Saint-Epoing,51360,51120,Maison,54.0,94000.0,1740.74,2024-11-27
Le Meix-Saint-Epoing,51360,51120,Maison,54.0,94000.0,1740.74,2024-11-27
Reims,51454,51100,Appartement,25.0,128500.0,5140.0,2024-11-04
Reims,51454,51100,Appartement,63.0,148000.0,2349.21,2024-11-28
Reims,51454,51100,Appartement,69.0,243000.0,3521.74,2024-11-20
Gaye,51265,51120,Maison,75.0,107500.0,1433.33,2024-11-22
Reims,51454,51100,Appartement,25.0,67250.0,2690.0,2024-11-28
Épernay,51230,51200,Appartement,63.0,89000.0,1412.7,2024-11-15
Gaye,51265,51120,Maison,50.0,97500.0,1950.0,2024-11-27
Reims,51454,51100,Appartement,37.0,82000.0,2216.22,2024-11-20
Gueux,51282,51390,Maison,104.0,405000.0,3894.23,2024-11-12
Moussy,51390,51530,Maison,85.0,280000.0,3294.12,2024-11-21
Moussy,51390,51530,Maison,85.0,280000.0,3294.12,2024-11-21
Reims,51454,51100,Appartement,70.0,130000.0,1857.14,2024-11-04
Reims,51454,51100,Appartement,81.0,116500.0,1438.27,2024-11-28
Dontrien,51216,51490,Maison,92.0,118000.0,1282.61,2024-11-08
Sermaize-les-Bains,51531,51250,Appartement,75.0,119300.0,1590.67,2024-11-04
Sermaize-les-Bains,51531,51250,Appartement,80.0,119300.0,1491.25,2024-11-04
Reims,51454,51100,Appartement,71.0,258820.0,3645.35,2024-11-15
Reims,51454,51100,Appartement,42.0,122900.0,2926.19,2024-11-14
Reims,51454,51100,Appartement,94.0,320000.0,3404.26,2024-11-25
Épernay,51230,51200,Maison,90.0,120000.0,1333.33,2024-12-02
Reims,51454,51100,Appartement,45.0,155400.0,3453.33,2024-06-05
Reims,51454,51100,Appartement,100.0,195000.0,1950.0,2024-11-15
Châlons-en-Champagne,51108,51000,Appartement,39.0,61000.0,1564.1,2024-11-27
Reims,51454,51100,Appartement,56.0,540000.0,9642.86,2024-11-28
Reims,51454,51100,Appartement,30.0,540000.0,18000.0,2024-11-28
Reims,51454,51100,Appartement,31.0,540000.0,17419.35,2024-11-28
Reims,51454,51100,Appartement,40.0,540000.0,13500.0,2024-11-28
Châlons-en-Champagne,51108,51000,Maison,125.0,278000.0,2224.0,2024-11-25
Reims,51454,51100,Appartement,67.0,156000.0,2328.36,2024-11-28
Châlons-en-Champagne,51108,51000,Appartement,44.0,53000.0,1204.55,2024-11-20
Avize,51029,51190,Appartement,30.0,39000.0,1300.0,2024-11-29
Reims,51454,51100,Appartement,23.0,55000.0,2391.3,2024-11-18
Reims,51454,51100,Appartement,26.0,70000.0,2692.31,2024-11-22
Reims,51454,51100,Appartement,55.0,105000.0,1909.09,2024-11-26
Reims,51454,51100,Maison,117.0,245000.0,2094.02,2024-11-14
Villers-Allerand,51629,51500,Maison,36.0,23500.0,652.78,2024-11-13
Vienne-le-Château,51621,51800,Maison,74.0,84100.0,1136.49,2024-11-16
Châlons-en-Champagne,51108,51000,Maison,70.0,69000.0,985.71,2024-11-25
Sainte-Menehould,51507,51800,Maison,101.0,61000.0,603.96,2024-11-05
Sainte-Menehould,51507,51800,Appartement,37.0,185000.0,5000.0,2024-11-18
Sainte-Menehould,51507,51800,Appartement,55.0,185000.0,3363.64,2024-11-18
Châlons-en-Champagne,51108,51000,Appartement,45.0,48000.0,1066.67,2024-11-06
Reims,51454,51100,Maison,72.0,110000.0,1527.78,2024-11-15
Châlons-en-Champagne,51108,51000,Maison,143.0,305000.0,2132.87,2024-11-04
Vitry-le-François,51649,51300,Appartement,68.0,51000.0,750.0,2024-11-28
Caurel,51101,51110,Maison,112.0,311250.0,2779.02,2024-11-28
Reims,51454,51100,Maison,138.0,306250.0,2219.2,2024-11-12
Reims,51454,51100,Maison,75.0,195000.0,2600.0,2024-11-28
Verzy,51614,51380,Maison,160.0,170000.0,1062.5,2024-11-28
Sainte-Menehould,51507,51800,Maison,65.0,110000.0,1692.31,2024-11-04
Reims,51454,51100,Appartement,57.0,109800.0,1926.32,2024-11-27
Reims,51454,51100,Appartement,60.0,247000.0,4116.67,2024-11-29
Reims,51454,51100,Appartement,72.0,277000.0,3847.22,2024-11-29
Witry-lès-Reims,51662,51420,Maison,171.0,521900.0,3052.05,2024-11-13
Courville,51194,51170,Maison,144.0,300000.0,2083.33,2024-11-14
Reims,51454,51100,Appartement,79.0,109000.0,1379.75,2024-11-18
Bezannes,51058,51430,Maison,89.0,375000.0,4213.48,2024-11-15
Verzy,51614,51380,Maison,82.0,263050.0,3207.93,2024-11-19
Caurel,51101,51110,Maison,107.0,240000.0,2242.99,2024-11-13
Juvigny,51312,51150,Maison,82.0,140000.0,1707.32,2024-11-04
Aÿ-Champagne,51030,51160,Maison,71.0,138500.0,1950.7,2024-12-02
Jonchery-sur-Vesle,51308,51140,Maison,74.0,160000.0,2162.16,2024-11-19
Bétheny,51055,51450,Maison,100.0,310750.0,3107.5,2024-11-20
Fismes,51250,51170,Maison,57.0,116000.0,2035.09,2024-11-16
Reims,51454,51100,Appartement,47.0,129500.0,2755.32,2024-12-02
Val-de-Vesle,51571,51360,Maison,118.0,283000.0,2398.31,2024-11-12
Châlons-en-Champagne,51108,51000,Maison,151.0,390000.0,2582.78,2024-11-07
Châtillon-sur-Marne,51136,51700,Maison,100.0,150000.0,1500.0,2024-11-06
Épernay,51230,51200,Appartement,21.0,62700.0,2985.71,2024-11-20
Épernay,51230,51200,Maison,58.0,236500.0,4077.59,2024-11-08
Lachy,51313,51120,Maison,63.0,88700.0,1407.94,2024-11-28
Épernay,51230,51200,Maison,100.0,295000.0,2950.0,2024-11-12
Reims,51454,51100,Maison,125.0,439000.0,3512.0,2024-11-27
Reims,51454,51100,Appartement,69.0,126052.0,1826.84,2024-11-08
Sézanne,51535,51120,Maison,123.0,230000.0,1869.92,2024-11-29
Broussy-le-Grand,51090,51230,Maison,90.0,30000.0,333.33,2024-11-30
Sézanne,51535,51120,Maison,85.0,70000.0,823.53,2024-11-27
Sivry-Ante,51537,51800,Maison,108.0,126000.0,1166.67,2024-11-07
Sivry-Ante,51537,51800,Maison,108.0,126000.0,1166.67,2024-11-07
Reims,51454,51100,Appartement,54.0,99895.0,1849.91,2024-11-08
Reims,51454,51100,Appartement,22.0,90602.0,4118.27,2024-11-15
Haussignémont,51284,51300,Maison,74.0,113000.0,1527.03,2024-11-30
Reims,51454,51100,Appartement,19.0,65000.0,3421.05,2024-11-20
Bétheny,51055,51450,Maison,89.0,213650.0,2400.56,2024-11-29
Taissy,51562,51500,Maison,89.0,245000.0,2752.81,2024-11-27
Reims,51454,51100,Maison,65.0,340000.0,5230.77,2024-11-22
Reims,51454,51100,Appartement,179.0,510000.0,2849.16,2024-11-15
Reims,51454,51100,Appartement,54.0,147000.0,2722.22,2024-12-02
Reims,51454,51100,Appartement,63.0,102250.0,1623.02,2024-12-03
Reims,51454,51100,Appartement,48.0,102000.0,2125.0,2024-11-29
Reims,51454,51100,Appartement,43.0,10000.0,232.56,2024-11-28
Reims,51454,51100,Appartement,107.0,461000.0,4308.41,2024-11-27
Reims,51454,51100,Appartement,20.0,81066.0,4053.3,2024-11-20
Reims,51454,51100,Maison,77.0,232000.0,3012.99,2024-11-27
Épernay,51230,51200,Appartement,16.0,280000.0,17500.0,2024-11-18
Reims,51454,51100,Appartement,28.0,82000.0,2928.57,2024-11-26
Treslon,51581,51140,Maison,100.0,255000.0,2550.0,2024-11-21
Villers-Franqueux,51633,51220,Maison,190.0,457245.0,2406.55,2024-11-22
Cernay-lès-Reims,51105,51420,Maison,126.0,289360.0,2296.51,2024-11-18
Trigny,51582,51140,Maison,60.0,205000.0,3416.67,2024-11-20
Chenay,51145,51140,Maison,76.0,295000.0,3881.58,2024-11-22
Reims,51454,51100,Appartement,95.0,191000.0,2010.53,2024-11-27
Reims,51454,51100,Maison,79.0,190000.0,2405.06,2024-11-27
Reims,51454,51100,Appartement,45.0,135000.0,3000.0,2024-12-03
Cumières,51202,51480,Maison,78.0,140000.0,1794.87,2024-11-22
Fère-Champenoise,51248,51230,Maison,71.0,45000.0,633.8,2024-11-27
Épernay,51230,51200,Maison,124.0,264500.0,2133.06,2024-11-15
Romain,51464,51140,Maison,113.0,203000.0,1796.46,2024-11-25
La Neuville-aux-Larris,51398,51480,Maison,94.0,30000.0,319.15,2024-11-22
Jonchery-sur-Vesle,51308,51140,Maison,81.0,190000.0,2345.68,2024-11-21
Châlons-en-Champagne,51108,51000,Appartement,91.0,185200.0,2035.16,2024-11-27
Reims,51454,51100,Appartement,51.0,114950.0,2253.92,2024-11-28
Châlons-en-Champagne,51108,51000,Appartement,76.0,86000.0,1131.58,2024-12-03
Igny-Comblizy,51298,51700,Maison,82.0,138100.0,1684.15,2024-11-28
Reims,51454,51100,Appartement,34.0,92000.0,2705.88,2024-11-27
Reims,51454,51100,Appartement,58.0,141000.0,2431.03,2024-11-14
Reims,51454,51100,Appartement,67.0,166000.0,2477.61,2024-11-29
Châlons-en-Champagne,51108,51000,Maison,101.0,161000.0,1594.06,2024-11-26
Reims,51454,51100,Appartement,72.0,107600.0,1494.44,2024-11-29
Mourmelon-le-Grand,51388,51400,Maison,204.0,277500.0,1360.29,2024-11-28
Châlons-en-Champagne,51108,51000,Appartement,37.0,69500.0,1878.38,2024-11-30
Mourmelon-le-Grand,51388,51400,Maison,82.0,148000.0,1804.88,2024-11-28
Mourmelon-le-Grand,51388,51400,Maison,82.0,148000.0,1804.88,2024-11-28
Fismes,51250,51170,Maison,79.0,145000.0,1835.44,2024-11-25
Reims,51454,51100,Maison,110.0,410000.0,3727.27,2024-12-03
Reims,51454,51100,Maison,87.0,200000.0,2298.85,2024-11-22
Reims,51454,51100,Appartement,65.0,210000.0,3230.77,2024-11-28
Saint-Just-Sauvage,51492,51260,Maison,68.0,126000.0,1852.94,2024-11-20
Matougues,51357,51510,Maison,120.0,237000.0,1975.0,2024-11-07
Épernay,51230,51200,Appartement,78.0,97000.0,1243.59,2024-11-25
Épernay,51230,51200,Appartement,70.0,101000.0,1442.86,2024-11-22
Bétheny,51055,51450,Maison,88.0,190000.0,2159.09,2024-11-22
Reims,51454,51100,Appartement,20.0,65920.0,3296.0,2024-11-18
Épernay,51230,51200,Appartement,105.0,272000.0,2590.48,2024-11-29
Heutrégiville,51293,51110,Maison,143.0,365000.0,2552.45,2024-12-02
Épernay,51230,51200,Appartement,68.0,96750.0,1422.79,2024-11-27
Épernay,51230,51200,Maison,68.0,192000.0,2823.53,2024-11-20
Reims,51454,51100,Appartement,66.0,129000.0,1954.55,2024-11-15
Fismes,51250,51170,Maison,101.0,144600.0,1431.68,2024-11-12
Montigny-sur-Vesle,51379,51140,Maison,32.0,35000.0,1093.75,2024-12-02
Reims,51454,51100,Appartement,72.0,398500.0,5534.72,2024-11-22
Reims,51454,51100,Appartement,40.0,189000.0,4725.0,2024-12-05
Reims,51454,51100,Appartement,34.0,93000.0,2735.29,2024-11-28
Reims,51454,51100,Maison,83.0,220000.0,2650.6,2024-11-28
Reims,51454,51100,Maison,86.0,205000.0,2383.72,2024-11-29
Haussignémont,51284,51300,Maison,128.0,98000.0,765.62,2024-12-04
Janvry,51305,51390,Maison,272.0,153333.33,563.73,2024-12-02
Reims,51454,51100,Appartement,25.0,96000.0,3840.0,2024-11-25
Plivot,51434,51150,Maison,83.0,355400.0,4281.93,2024-12-04
Jussecourt-Minecourt,51311,51340,Maison,80.0,109800.0,1372.5,2024-12-05
Reims,51454,51100,Appartement,64.0,107500.0,1679.69,2024-11-21
Reims,51454,51100,Maison,190.0,948000.0,4989.47,2024-11-13
Reims,51454,51100,Appartement,100.0,395000.0,3950.0,2024-11-22
Reims,51454,51100,Maison,83.0,214000.0,2578.31,2024-11-12
Reims,51454,51100,Appartement,48.0,97000.0,2020.83,2024-11-25
Reims,51454,51100,Maison,56.0,303000.0,5410.71,2024-11-26
Avize,51029,51190,Maison,90.0,157000.0,1744.44,2024-12-05
Châlons-en-Champagne,51108,51000,Appartement,24.0,40000.0,1666.67,2024-11-28
Jonchery-sur-Vesle,51308,51140,Maison,180.0,365000.0,2027.78,2024-11-29
Muizon,51391,51140,Maison,124.0,302780.0,2441.77,2024-11-29
Reims,51454,51100,Appartement,73.0,153000.0,2095.89,2024-12-04
Taissy,51562,51500,Maison,89.0,202650.0,2276.97,2024-11-15
Reims,51454,51100,Maison,76.0,170000.0,2236.84,2024-11-28
Reims,51454,51100,Appartement,16.0,67500.0,4218.75,2024-11-13
Fismes,51250,51170,Maison,60.0,121000.0,2016.67,2024-11-16
Reims,51454,51100,Appartement,115.0,160000.0,1391.3,2024-11-18
Châlons-en-Champagne,51108,51000,Appartement,45.0,75250.0,1672.22,2024-11-18
Reims,51454,51100,Appartement,79.0,75000.0,949.37,2024-11-18
Épernay,51230,51200,Maison,74.0,174800.0,2362.16,2024-12-06
Brugny-Vaudancourt,51093,51530,Maison,93.0,301371.0,3240.55,2024-11-12
Reims,51454,51100,Appartement,59.0,330000.0,5593.22,2024-11-12
Reims,51454,51100,Appartement,100.0,405000.0,4050.0,2024-11-28
Châlons-en-Champagne,51108,51000,Maison,111.0,242000.0,2180.18,2024-11-13
Bazancourt,51043,51110,Maison,100.0,246500.0,2465.0,2024-11-21
Bazancourt,51043,51110,Maison,100.0,246500.0,2465.0,2024-11-21
Épernay,51230,51200,Maison,94.0,160000.0,1702.13,2024-11-27
Warmeriville,51660,51110,Maison,108.0,265000.0,2453.7,2024-12-05
Reims,51454,51100,Maison,77.0,340000.0,4415.58,2024-12-05
Villers-aux-Nœuds,51631,51500,Maison,95.0,399000.0,4200.0,2024-11-20
Villers-aux-Nœuds,51631,51500,Maison,95.0,399000.0,4200.0,2024-11-20
Reims,51454,51100,Maison,113.0,455000.0,4026.55,2024-11-27
Champigny,51118,51370,Maison,136.0,451300.0,3318.38,2024-11-28
Reims,51454,51100,Appartement,42.0,230000.0,5476.19,2024-12-02
Épernay,51230,51200,Maison,101.0,120000.0,1188.12,2024-11-29
Reims,51454,51100,Appartement,88.0,150000.0,1704.55,2024-12-02
Beaunay,51045,51270,Maison,73.0,155000.0,2123.29,2024-11-29
Châlons-en-Champagne,51108,51000,Appartement,65.0,44000.0,676.92,2024-12-09
Damery,51204,51480,Maison,157.0,90000.0,573.25,2024-12-05
Cormicy,51171,51220,Maison,129.0,296000.0,2294.57,2024-11-27
Cormicy,51171,51220,Maison,129.0,296000.0,2294.57,2024-11-27
Witry-lès-Reims,51662,51420,Maison,83.0,291650.0,3513.86,2024-12-06
Tinqueux,51573,51430,Maison,120.0,209520.0,1746.0,2024-12-05
Épernay,51230,51200,Maison,99.0,217400.0,2195.96,2024-11-28
Witry-lès-Reims,51662,51420,Appartement,75.0,158000.0,2106.67,2024-12-06
Reims,51454,51100,Maison,150.0,210000.0,1400.0,2024-11-27
Reims,51454,51100,Appartement,80.0,165600.0,2070.0,2024-12-03
Reims,51454,51100,Appartement,70.0,76500.0,1092.86,2024-11-26
Compertrix,51160,51510,Maison,129.0,256500.0,1988.37,2024-11-13
Reims,51454,51100,Appartement,42.0,54000.0,1285.71,2024-11-29
Reims,51454,51100,Appartement,91.0,242500.0,2664.84,2024-11-26
Reims,51454,51100,Appartement,82.0,242500.0,2957.32,2024-11-26
Leuvrigny,51320,51700,Maison,90.0,185000.0,2055.56,2024-12-06
Tinqueux,51573,51430,Appartement,77.0,140000.0,1818.18,2024-12-06
Bezannes,51058,51430,Maison,148.0,548600.0,3706.76,2024-12-06
Chouilly,51153,51530,Maison,169.0,387800.0,2294.67,2024-11-29
Aÿ-Champagne,51030,51160,Maison,152.0,200000.0,1315.79,2024-11-20
La Noue,51407,51310,Maison,88.0,171270.0,1946.25,2024-12-04
Courcemain,51182,51260,Maison,28.0,20700.0,739.29,2024-12-06
Courcemain,51182,51260,Maison,28.0,20700.0,739.29,2024-12-06
Reims,51454,51100,Maison,140.0,229000.0,1635.71,2024-11-25
Reims,51454,51100,Appartement,71.0,271000.0,3816.9,2024-12-11
Reims,51454,51100,Appartement,69.0,257000.0,3724.64,2024-12-10
Reims,51454,51100,Maison,120.0,246000.0,2050.0,2024-12-02
Châlons-en-Champagne,51108,51000,Maison,71.0,118000.0,1661.97,2024-11-22
Reims,51454,51100,Appartement,39.0,100000.0,2564.1,2024-12-03
Val-de-Vesle,51571,51360,Maison,145.0,241020.0,1662.21,2024-11-27
Reims,51454,51100,Appartement,48.0,148923.9,3102.58,2024-11-20
Reims,51454,51100,Appartement,54.0,82450.0,1526.85,2024-12-06
Belval-sous-Châtillon,51048,51480,Maison,50.0,75200.0,1504.0,2024-12-10
Reims,51454,51100,Appartement,46.0,151000.0,3282.61,2024-11-25
Reims,51454,51100,Appartement,81.0,181000.0,2234.57,2024-11-29
Broyes,51092,51120,Maison,86.0,149000.0,1732.56,2024-11-28
Sézanne,51535,51120,Maison,87.0,116000.0,1333.33,2024-12-05
Reims,51454,51100,Maison,110.0,140000.0,1272.73,2024-11-29
Bourgogne-Fresne,51075,51110,Maison,100.0,65000.0,650.0,2024-11-29
Sainte-Menehould,51507,51800,Maison,150.0,152200.0,1014.67,2024-11-27
Reims,51454,51100,Appartement,30.0,66000.0,2200.0,2024-11-29
Sézanne,51535,51120,Maison,58.0,14000.0,241.38,2024-12-06
Reims,51454,51100,Appartement,75.0,116000.0,1546.67,2024-12-04
Châlons-en-Champagne,51108,51000,Appartement,79.0,91850.0,1162.66,2024-11-14
Reims,51454,51100,Appartement,86.0,301000.0,3500.0,2024-12-11
Conflans-sur-Seine,51162,51260,Maison,208.0,200000.0,961.54,2024-12-05
Conflans-sur-Seine,51162,51260,Maison,32.0,200000.0,6250.0,2024-12-05
Reims,51454,51100,Appartement,86.0,140000.0,1627.91,2024-12-05
Maisons-en-Champagne,51340,51300,Maison,120.0,220000.0,1833.33,2024-11-23
Châlons-en-Champagne,51108,51000,Appartement,109.0,189100.0,1734.86,2024-12-06
Reims,51454,51100,Appartement,83.0,110000.0,1325.3,2024-12-09
Blaise-sous-Arzillières,51066,51300,Maison,63.0,90000.0,1428.57,2024-12-06
Sainte-Menehould,51507,51800,Maison,87.0,30000.0,344.83,2024-11-22
Possesse,51442,51330,Maison,91.0,46000.0,505.49,2024-11-14
Vitry-le-François,51649,51300,Appartement,33.0,39000.0,1181.82,2024-12-07
Reims,51454,51100,Appartement,35.0,87000.0,2485.71,2024-12-11
Reims,51454,51100,Appartement,18.0,48000.0,2666.67,2024-12-05
Châlons-en-Champagne,51108,51000,Maison,100.0,80000.0,800.0,2024-11-15
Vitry-le-François,51649,51300,Maison,58.0,25000.0,431.03,2024-12-04
Taissy,51562,51500,Maison,89.0,243690.0,2738.09,2024-12-08
Vitry-le-François,51649,51300,Appartement,46.0,19500.0,423.91,2024-12-07
Bazancourt,51043,51110,Maison,125.0,337750.0,2702.0,2024-11-29
Saint-Utin,51520,51290,Maison,54.0,52000.0,962.96,2024-12-03
Châlons-en-Champagne,51108,51000,Appartement,40.0,66000.0,1650.0,2024-11-14
Saint-Just-Sauvage,51492,51260,Maison,65.0,90000.0,1384.62,2024-11-30
Sainte-Menehould,51507,51800,Appartement,91.0,59500.0,653.85,2024-11-20
Frignicourt,51262,51300,Maison,160.0,29500.0,184.38,2024-12-06
Hautvillers,51287,51160,Maison,143.0,445000.0,3111.89,2024-12-04
Fagnières,51242,51510,Maison,77.0,207000.0,2688.31,2024-11-18
Reims,51454,51100,Appartement,19.0,125000.0,6578.95,2024-12-02
Reims,51454,51100,Appartement,20.0,125000.0,6250.0,2024-12-02
Fismes,51250,51170,Maison,86.0,182000.0,2116.28,2024-11-25
La Veuve,51617,51520,Maison,98.0,205000.0,2091.84,2024-11-19
La Veuve,51617,51520,Maison,93.0,171000.0,1838.71,2024-11-19
Frignicourt,51262,51300,Maison,135.0,163700.0,1212.59,2024-11-30
Le Mesnil-sur-Oger,51367,51190,Maison,90.0,160500.0,1783.33,2024-12-02
Bannes,51035,51230,Maison,97.0,138000.0,1422.68,2024-12-06
Bannes,51035,51230,Maison,97.0,138000.0,1422.68,2024-12-06
Olizy,51414,51700,Maison,93.0,93300.0,1003.23,2024-12-05
Reims,51454,51100,Appartement,114.0,151000.0,1324.56,2024-12-11
Broyes,51092,51120,Maison,139.0,95000.0,683.45,2024-12-06
Reims,51454,51100,Appartement,80.0,209000.0,2612.5,2024-12-11
Fismes,51250,51170,Maison,84.0,112000.0,1333.33,2024-11-16
Berru,51052,51420,Maison,114.0,361410.0,3170.26,2024-12-06
Fismes,51250,51170,Maison,48.0,97000.0,2020.83,2024-11-19
Fismes,51250,51170,Maison,89.0,172000.0,1932.58,2024-11-23
Reims,51454,51100,Maison,65.0,457000.0,7030.77,2024-12-04
Reims,51454,51100,Appartement,43.0,116950.0,2719.77,2024-12-02
Sainte-Menehould,51507,51800,Appartement,45.0,104500.0,2322.22,2024-11-29
Sainte-Menehould,51507,51800,Appartement,47.0,104500.0,2223.4,2024-11-29
Charmont,51130,51330,Maison,120.0,121000.0,1008.33,2024-11-29
Argers,51015,51800,Maison,85.0,125000.0,1470.59,2024-12-10
Les Petites-Loges,51428,51400,Maison,142.0,284500.0,2003.52,2024-12-11
Reims,51454,51100,Appartement,61.0,160000.0,2622.95,2024-11-13
Reims,51454,51100,Appartement,76.0,234000.0,3078.95,2024-12-04
Baye,51042,51270,Maison,90.0,47500.0,527.78,2024-12-02
Reims,51454,51100,Appartement,47.0,76000.0,1617.02,2024-12-10
Saint-Martin-d'Ablois,51002,51530,Maison,85.0,110000.0,1294.12,2024-12-05
Saint-Martin-d'Ablois,51002,51530,Maison,85.0,110000.0,1294.12,2024-12-05
Reims,51454,51100,Appartement,66.0,217500.0,3295.45,2024-12-04
Reims,51454,51100,Maison,60.0,135000.0,2250.0,2024-12-10
Reims,51454,51100,Maison,82.0,170000.0,2073.17,2024-12-04
Reims,51454,51100,Appartement,71.0,188850.0,2659.86,2024-12-11
Sainte-Menehould,51507,51800,Maison,51.0,55000.0,1078.43,2024-11-12
Courville,51194,51170,Maison,106.0,28800.0,271.7,2024-11-30
Épernay,51230,51200,Appartement,46.0,80000.0,1739.13,2024-12-05
Virginy,51646,51800,Maison,112.0,115500.0,1031.25,2024-11-12
Reims,51454,51100,Appartement,73.0,137000.0,1876.71,2024-12-04
Selles,51529,51490,Maison,88.0,213675.0,2428.12,2024-11-29
Reims,51454,51100,Appartement,60.0,242212.0,4036.87,2024-12-05
Saint-Memmie,51506,51470,Appartement,71.0,63000.0,887.32,2024-12-11
Warmeriville,51660,51110,Maison,148.0,325000.0,2195.95,2024-12-13
Châlons-en-Champagne,51108,51000,Maison,69.0,130000.0,1884.06,2024-12-06
Reims,51454,51100,Appartement,37.0,100314.0,2711.19,2024-11-22
Reims,51454,51100,Appartement,74.0,130140.0,1758.65,2024-12-11
Reims,51454,51100,Appartement,46.0,110000.0,2391.3,2024-12-12
Reims,51454,51100,Appartement,32.0,90000.0,2812.5,2024-12-04
Reims,51454,51100,Appartement,22.0,73902.0,3359.18,2024-11-21
Reims,51454,51100,Appartement,76.0,349500.0,4598.68,2024-12-03
Reims,51454,51100,Maison,114.0,265000.0,2324.56,2024-12-03
Reims,51454,51100,Appartement,28.0,121362.0,4334.36,2024-11-29
Frignicourt,51262,51300,Maison,105.0,60000.0,571.43,2024-12-06
Reims,51454,51100,Appartement,18.0,34736.0,1929.78,2024-12-04
Reims,51454,51100,Appartement,70.0,158500.0,2264.29,2024-12-02
Épernay,51230,51200,Appartement,46.0,109250.0,2375.0,2024-12-03
Châlons-en-Champagne,51108,51000,Appartement,61.0,74000.0,1213.11,2024-11-20
Cormontreuil,51172,51350,Maison,120.0,380000.0,3166.67,2024-12-04
Reims,51454,51100,Appartement,65.0,178100.0,2740.0,2024-12-05
Reims,51454,51100,Appartement,54.0,155000.0,2870.37,2024-12-13
Villers-Marmery,51636,51380,Maison,100.0,125625.0,1256.25,2024-12-12
Villers-Marmery,51636,51380,Maison,40.0,125625.0,3140.62,2024-12-12
Reims,51454,51100,Appartement,42.0,80000.0,1904.76,2024-12-11
Val-de-Vesle,51571,51360,Maison,127.0,315900.0,2487.4,2024-12-02
Chenay,51145,51140,Maison,92.0,225000.0,2445.65,2024-11-20
Auménancourt,51025,51110,Maison,75.0,185000.0,2466.67,2024-12-02
Reims,51454,51100,Appartement,88.0,157700.0,1792.05,2024-12-09
Reims,51454,51100,Maison,68.0,1300000.0,19117.65,2024-11-20
Reims,51454,51100,Maison,103.0,288350.0,2799.51,2024-12-04
Sillery,51536,51500,Appartement,70.0,158300.0,2261.43,2024-12-13
Beine-Nauroy,51046,51490,Maison,96.0,289210.0,3012.6,2024-12-06
Verneuil,51609,51700,Maison,67.0,158000.0,2358.21,2024-11-29
Saint-Memmie,51506,51470,Maison,101.0,89000.0,881.19,2024-12-11
Reims,51454,51100,Maison,72.0,242580.0,3369.17,2024-12-12
Witry-lès-Reims,51662,51420,Maison,170.0,140000.0,823.53,2024-11-29
Reims,51454,51100,Maison,111.0,295000.0,2657.66,2024-12-11
Aulnay-sur-Marne,51023,51150,Maison,94.0,133000.0,1414.89,2024-11-20
Mourmelon-le-Grand,51388,51400,Maison,110.0,168000.0,1527.27,2024-12-02
Reims,51454,51100,Appartement,97.0,218500.0,2252.58,2024-12-06
Reims,51454,51100,Appartement,103.0,124000.0,1203.88,2024-12-04
Reims,51454,51100,Appartement,16.0,50000.0,3125.0,2024-12-03
Reims,51454,51100,Appartement,48.0,90000.0,1875.0,2024-12-03
Courcelles-Sapicourt,51181,51140,Maison,177.0,508000.0,2870.06,2024-12-11
Reims,51454,51100,Appartement,24.0,64000.0,2666.67,2024-12-02
Reims,51454,51100,Appartement,73.0,226050.0,3096.58,2024-12-09
Reims,51454,51100,Appartement,100.0,347000.0,3470.0,2024-12-11
Reims,51454,51100,Appartement,100.0,347000.0,3470.0,2024-12-11
Reims,51454,51100,Appartement,99.0,347000.0,3505.05,2024-12-11
Reims,51454,51100,Appartement,98.0,347000.0,3540.82,2024-12-11
Reims,51454,51100,Appartement,30.0,70000.0,2333.33,2024-12-12
Mourmelon-le-Grand,51388,51400,Maison,120.0,236450.0,1970.42,2024-12-03
Reims,51454,51100,Appartement,45.0,131100.0,2913.33,2024-12-10
Reims,51454,51100,Appartement,39.0,73500.0,1884.62,2024-12-09
Bétheny,51055,51450,Maison,85.0,50000.0,588.24,2024-12-02
Reims,51454,51100,Appartement,40.0,85000.0,2125.0,2024-12-13
Châlons-en-Champagne,51108,51000,Appartement,76.0,112200.0,1476.32,2024-11-28
Villers-Allerand,51629,51500,Maison,110.0,84000.0,763.64,2024-12-11
Cormontreuil,51172,51350,Maison,94.0,249000.0,2648.94,2024-12-13
Witry-lès-Reims,51662,51420,Maison,97.0,243445.0,2509.74,2024-12-02
Châlons-en-Champagne,51108,51000,Appartement,53.0,78000.0,1471.7,2024-12-03
Reims,51454,51100,Appartement,45.0,125500.0,2788.89,2024-12-13
Orconte,51417,51300,Maison,90.0,70000.0,777.78,2024-12-12
Rilly-la-Montagne,51461,51500,Maison,154.0,355690.0,2309.68,2024-12-05
Rilly-la-Montagne,51461,51500,Maison,120.0,355690.0,2964.08,2024-12-05
Blacy,51065,51300,Maison,105.0,147700.0,1406.67,2024-12-12
Pouillon,51444,51220,Maison,121.0,313000.0,2586.78,2024-12-06
Cormontreuil,51172,51350,Maison,82.0,260370.0,3175.24,2024-12-09
Fontaine-en-Dormois,51255,51800,Maison,91.0,85000.0,934.07,2024-12-12
Mailly-Champagne,51338,51500,Maison,136.0,60000.0,441.18,2024-12-04
Pargny-sur-Saulx,51423,51340,Appartement,90.0,76000.0,844.44,2024-12-11
Pargny-sur-Saulx,51423,51340,Appartement,90.0,76000.0,844.44,2024-12-11
Reims,51454,51100,Appartement,28.0,80000.0,2857.14,2024-12-11
Reims,51454,51100,Appartement,91.0,250000.0,2747.25,2024-12-09
Reims,51454,51100,Appartement,43.0,250000.0,5813.95,2024-12-09
Saint-Just-Sauvage,51492,51260,Maison,64.0,118000.0,1843.75,2024-12-06
Reims,51454,51100,Appartement,68.0,189220.0,2782.65,2024-12-02
Sainte-Menehould,51507,51800,Appartement,53.0,45000.0,849.06,2024-11-21
Reims,51454,51100,Maison,81.0,235300.0,2904.94,2024-12-03
Reims,51454,51100,Appartement,52.0,155300.0,2986.54,2024-12-16
Reims,51454,51100,Appartement,70.0,70500.0,1007.14,2024-12-06
Reims,51454,51100,Appartement,50.0,122500.0,2450.0,2024-12-16
Courville,51194,51170,Maison,140.0,310000.0,2214.29,2024-12-05
Élise-Daucourt,51228,51800,Maison,190.0,17000.0,89.47,2024-12-10
Reims,51454,51100,Maison,100.0,251000.0,2510.0,2024-12-11
Suippes,51559,51600,Maison,30.0,7000.0,233.33,2024-11-29
Saint-Thierry,51518,51220,Maison,166.0,455000.0,2740.96,2024-12-12
Reims,51454,51100,Appartement,105.0,330200.0,3144.76,2024-12-12
Oiry,51413,51530,Maison,20.0,150000.0,7500.0,2024-12-13
Oiry,51413,51530,Maison,20.0,150000.0,7500.0,2024-12-13
Matougues,51357,51510,Maison,70.0,167000.0,2385.71,2024-11-20
Damery,51204,51480,Maison,79.0,115700.0,1464.56,2024-12-06
Reims,51454,51100,Maison,150.0,417000.0,2780.0,2024-12-06
Aÿ-Champagne,51030,51150,Maison,83.0,105000.0,1265.06,2024-12-11
Aÿ-Champagne,51030,51160,Maison,121.0,230000.0,1900.83,2024-12-11
Aÿ-Champagne,51030,51160,Maison,121.0,230000.0,1900.83,2024-12-11
Reims,51454,51100,Appartement,44.0,300000.0,6818.18,2024-11-28
Reims,51454,51100,Appartement,58.0,300000.0,5172.41,2024-11-28
Reims,51454,51100,Appartement,18.0,300000.0,16666.67,2024-11-28
Moivre,51371,51240,Maison,132.0,60000.0,454.55,2024-12-03
Reims,51454,51100,Appartement,20.0,64700.0,3235.0,2024-12-11
Reims,51454,51100,Appartement,42.0,125000.0,2976.19,2024-11-20
Merlaut,51363,51300,Maison,118.0,60000.0,508.47,2024-12-10
Merlaut,51363,51300,Maison,182.0,60000.0,329.67,2024-12-10
Aÿ-Champagne,51030,51160,Maison,126.0,175000.0,1388.89,2024-12-16
L'Épine,51231,51460,Maison,145.0,389000.0,2682.76,2024-12-18
Livry-Louvercy,51326,51400,Maison,95.0,162000.0,1705.26,2024-12-04
Reims,51454,51100,Appartement,39.0,330000.0,8461.54,2024-12-16
Reims,51454,51100,Appartement,50.0,330000.0,6600.0,2024-12-16
Reims,51454,51100,Appartement,40.0,330000.0,8250.0,2024-12-16
Reims,51454,51100,Appartement,50.0,330000.0,6600.0,2024-12-16
Reims,51454,51100,Maison,92.0,280000.0,3043.48,2024-12-16
Sézanne,51535,51120,Appartement,51.0,62000.0,1215.69,2024-12-06
Reims,51454,51100,Appartement,24.0,54000.0,2250.0,2024-12-16
Reims,51454,51100,Appartement,79.0,175000.0,2215.19,2024-12-16
Reims,51454,51100,Appartement,23.0,130900.0,5691.3,2024-12-05
Reims,51454,51100,Appartement,36.0,104000.0,2888.89,2024-12-05
Châlons-en-Champagne,51108,51000,Appartement,80.0,103000.0,1287.5,2024-12-13
Vitry-le-François,51649,51300,Appartement,111.0,600000.0,5405.41,2024-12-13
Vitry-le-François,51649,51300,Appartement,111.0,600000.0,5405.41,2024-12-13
Reims,51454,51100,Appartement,43.0,183000.0,4255.81,2024-12-17
Fismes,51250,51170,Maison,100.0,197800.0,1978.0,2024-12-09
Nogent-l'Abbesse,51403,51420,Maison,111.0,150000.0,1351.35,2024-12-06
Sarry,51525,51520,Maison,86.0,269000.0,3127.91,2024-12-09
Aÿ-Champagne,51030,51160,Maison,134.0,353000.0,2634.33,2024-12-06
Reims,51454,51100,Appartement,51.0,85000.0,1666.67,2024-12-09
Blancs-Coteaux,51612,51130,Maison,110.0,160000.0,1454.55,2024-12-10
Conflans-sur-Seine,51162,51260,Maison,82.0,143500.0,1750.0,2024-12-10
Conflans-sur-Seine,51162,51260,Maison,30.0,143500.0,4783.33,2024-12-10
Cormontreuil,51172,51350,Maison,138.0,350000.0,2536.23,2024-12-06
Mourmelon-le-Grand,51388,51400,Maison,100.0,172500.0,1725.0,2024-12-09
Courmas,51188,51390,Maison,190.0,521500.0,2744.74,2024-12-06
Pargny-sur-Saulx,51423,51340,Maison,73.0,85000.0,1164.38,2024-12-16
Pargny-sur-Saulx,51423,51340,Maison,73.0,85000.0,1164.38,2024-12-16
Jâlons,51303,51150,Maison,93.0,160000.0,1720.43,2024-12-18
Bazancourt,51043,51110,Maison,100.0,190000.0,1900.0,2024-12-13
Reims,51454,51100,Maison,53.0,234250.0,4419.81,2024-12-16
Cheminon,51144,51250,Maison,67.0,93000.0,1388.06,2024-12-16
Épernay,51230,51200,Appartement,18.0,38000.0,2111.11,2024-12-09
Bétheny,51055,51450,Maison,100.0,247700.0,2477.0,2024-12-13
Passavant-en-Argonne,51424,51800,Maison,140.0,101800.0,727.14,2024-12-06
Épernay,51230,51200,Maison,75.0,188800.0,2517.33,2024-12-10
Suippes,51559,51600,Maison,88.0,130000.0,1477.27,2024-12-02
Mourmelon-le-Grand,51388,51400,Maison,110.0,189100.0,1719.09,2024-12-11
Mourmelon-le-Grand,51388,51400,Maison,110.0,189100.0,1719.09,2024-12-11
Châlons-en-Champagne,51108,51000,Appartement,75.0,122500.0,1633.33,2024-12-11
Merfy,51362,51220,Maison,85.0,129100.0,1518.82,2024-12-18
Vitry-le-François,51649,51300,Appartement,84.0,52000.0,619.05,2024-12-11
Giffaumont-Champaubert,51269,51290,Maison,38.0,160000.0,4210.53,2024-11-27
Plichancourt,51433,51300,Maison,101.0,160000.0,1584.16,2024-11-20
Reims,51454,51100,Appartement,30.0,78000.0,2600.0,2024-12-16
Reims,51454,51100,Appartement,71.0,155000.0,2183.1,2024-12-12
Bétheny,51055,51450,Maison,48.0,545000.0,11354.17,2024-12-13
Reims,51454,51100,Appartement,115.0,165900.0,1442.61,2024-12-16
Hautvillers,51287,51160,Maison,75.0,150000.0,2000.0,2024-12-17
Haussignémont,51284,51300,Maison,220.0,167000.0,759.09,2024-12-12
Gueux,51282,51390,Appartement,18.0,73500.0,4083.33,2024-12-06
Reims,51454,51100,Appartement,74.0,175000.0,2364.86,2024-12-05
Reims,51454,51100,Appartement,30.0,49000.0,1633.33,2024-12-16
Baslieux-lès-Fismes,51037,51170,Maison,164.0,247600.0,1509.76,2024-12-05
Coulommes-la-Montagne,51177,51390,Maison,105.0,335000.0,3190.48,2024-12-10
Montmirail,51380,51210,Maison,67.0,75000.0,1119.4,2024-12-16
Reims,51454,51100,Appartement,15.0,61000.0,4066.67,2024-12-06
Champillon,51119,51160,Maison,106.0,250000.0,2358.49,2024-12-17
Épernay,51230,51200,Appartement,69.0,151350.0,2193.48,2024-12-03
Dormans,51217,51700,Maison,99.0,239000.0,2414.14,2024-12-18
Mardeuil,51344,51530,Maison,73.0,183300.0,2510.96,2024-11-29
Champfleury,51115,51500,Maison,86.0,287000.0,3337.21,2024-12-04
Fleury-la-Rivière,51252,51480,Maison,96.0,70000.0,729.17,2024-12-18
Granges-sur-Aube,51279,51260,Maison,80.0,75000.0,937.5,2024-12-13
Tours-sur-Marne,51576,51150,Maison,78.0,205000.0,2628.21,2024-11-25
Œuilly,51410,51480,Maison,122.0,150000.0,1229.51,2024-12-16
Œuilly,51410,51480,Maison,122.0,150000.0,1229.51,2024-12-16
Reims,51454,51100,Appartement,35.0,192600.0,5502.86,2024-12-18
Reims,51454,51100,Appartement,62.0,98000.0,1580.65,2024-12-17
Mareuil-le-Port,51346,51700,Maison,200.0,245000.0,1225.0,2024-12-09
Épernay,51230,51200,Appartement,55.0,140000.0,2545.45,2024-11-26
Reims,51454,51100,Appartement,120.0,390000.0,3250.0,2024-12-17
Cernay-lès-Reims,51105,51420,Maison,100.0,387500.0,3875.0,2024-12-06
Reims,51454,51100,Appartement,22.0,142492.6,6476.94,2024-12-17
Reims,51454,51100,Appartement,22.0,142492.6,6476.94,2024-12-17
Reims,51454,51100,Appartement,22.0,142492.6,6476.94,2024-12-17
Reims,51454,51100,Appartement,22.0,142492.6,6476.94,2024-12-17
Reims,51454,51100,Appartement,22.0,142492.6,6476.94,2024-12-17
Reims,51454,51100,Appartement,22.0,142492.6,6476.94,2024-12-17
Reims,51454,51100,Appartement,22.0,142492.6,6476.94,2024-12-17
Reims,51454,51100,Appartement,22.0,142492.6,6476.94,2024-12-17
Jonchery-sur-Vesle,51308,51140,Maison,110.0,234200.0,2129.09,2024-12-10
Reims,51454,51100,Appartement,37.0,475298.47,12845.9,2024-12-11
Clesles,51155,51260,Maison,138.0,100000.0,724.64,2024-12-09
Reims,51454,51100,Appartement,59.0,147980.0,2508.14,2024-12-19
Reims,51454,51100,Appartement,29.0,62000.0,2137.93,2024-12-17
Reims,51454,51100,Appartement,60.0,135000.0,2250.0,2024-12-12
Reims,51454,51100,Maison,91.0,231000.0,2538.46,2024-12-12
Reims,51454,51100,Appartement,80.0,160000.0,2000.0,2024-12-12
Reims,51454,51100,Appartement,24.0,64000.0,2666.67,2024-12-12
Reims,51454,51100,Appartement,30.0,104000.0,3466.67,2024-12-17
Reims,51454,51100,Appartement,58.0,124000.0,2137.93,2024-12-17
Tinqueux,51573,51430,Appartement,57.0,209289.1,3671.74,2024-12-13
Sillery,51536,51500,Maison,250.0,645500.0,2582.0,2024-12-18
Conflans-sur-Seine,51162,51260,Maison,116.0,203300.0,1752.59,2024-11-22
Reims,51454,51100,Appartement,28.0,253000.0,9035.71,2024-12-17
Reims,51454,51100,Appartement,37.0,253000.0,6837.84,2024-12-17
Witry-lès-Reims,51662,51420,Maison,85.0,180000.0,2117.65,2024-12-19
Reims,51454,51100,Appartement,76.0,218400.0,2873.68,2024-12-18
Fère-Champenoise,51248,51230,Maison,100.0,46895.0,468.95,2024-12-11
Reims,51454,51100,Appartement,70.0,168630.0,2409.0,2024-12-19
Val-de-Vesle,51571,51360,Maison,95.0,80000.0,842.11,2024-12-19
Morangis,51384,51530,Maison,95.0,206246.0,2171.01,2024-12-13
Damery,51204,51480,Maison,96.0,137000.0,1427.08,2024-12-19
Sivry-Ante,51537,51800,Maison,40.0,21000.0,525.0,2024-12-03
Tinqueux,51573,51430,Appartement,60.0,118500.0,1975.0,2024-12-13
Baye,51042,51270,Maison,40.0,30000.0,750.0,2024-12-13
Reims,51454,51100,Appartement,26.0,65000.0,2500.0,2024-12-11
Tinqueux,51573,51430,Maison,64.0,220550.0,3446.09,2024-12-17
Reims,51454,51100,Appartement,52.0,163000.0,3134.62,2024-12-16
Reims,51454,51100,Appartement,23.0,131900.0,5734.78,2024-12-10
Rosnay,51468,51390,Maison,189.0,505000.0,2671.96,2024-12-13
Rosnay,51468,51390,Maison,189.0,505000.0,2671.96,2024-12-13
Saint-Thierry,51518,51220,Maison,120.0,362000.0,3016.67,2024-12-09
Lavannes,51318,51110,Maison,170.0,326000.0,1917.65,2024-12-09
Reims,51454,51100,Appartement,76.0,169000.0,2223.68,2024-12-13
Reims,51454,51100,Appartement,74.0,210000.0,2837.84,2024-12-20
Reims,51454,51100,Appartement,57.0,202400.0,3550.88,2024-12-19
Tinqueux,51573,51430,Appartement,58.0,216526.0,3733.21,2024-12-18
Fagnières,51242,51510,Maison,114.0,190000.0,1666.67,2024-11-29
Châlons-en-Champagne,51108,51000,Maison,62.0,100000.0,1612.9,2024-11-28
Châlons-en-Champagne,51108,51000,Appartement,48.0,84500.0,1760.42,2024-11-21
Reims,51454,51100,Appartement,20.0,66000.0,3300.0,2024-12-11
Reims,51454,51100,Appartement,62.0,210550.0,3395.97,2024-11-22
Reims,51454,51100,Appartement,33.0,101338.0,3070.85,2024-12-13
Reuil,51457,51480,Maison,198.0,800000.0,4040.4,2024-11-22
Châlons-en-Champagne,51108,51000,Maison,72.0,170000.0,2361.11,2024-11-27
Châlons-en-Champagne,51108,51000,Maison,85.0,145000.0,1705.88,2024-12-18
Reims,51454,51100,Appartement,56.0,90000.0,1607.14,2024-11-27
Reims,51454,51100,Appartement,53.0,118910.0,2243.58,2024-11-29
Saint-Étienne-au-Temple,51476,51460,Maison,180.0,166100.0,922.78,2024-11-29
Châlons-en-Champagne,51108,51000,Appartement,60.0,95000.0,1583.33,2024-12-05
Épernay,51230,51200,Maison,85.0,267550.0,3147.65,2024-12-19
Reims,51454,51100,Appartement,52.0,55250.0,1062.5,2024-12-10
Reims,51454,51100,Appartement,56.0,145000.0,2589.29,2024-12-13
Anglure,51009,51260,Maison,72.0,109000.0,1513.89,2024-12-17
Reims,51454,51100,Appartement,110.0,330000.0,3000.0,2024-12-19
Loivre,51329,51220,Maison,97.0,270500.0,2788.66,2024-12-16
Montmort-Lucy,51381,51270,Appartement,73.0,35000.0,479.45,2024-12-05
Montmort-Lucy,51381,51270,Appartement,73.0,35000.0,479.45,2024-12-05
Reims,51454,51100,Maison,87.0,192000.0,2206.9,2024-12-19
Le Baizil,51033,51270,Appartement,135.0,151700.0,1123.7,2024-12-09
Hermonville,51291,51220,Maison,172.0,415500.0,2415.7,2024-11-29
Reims,51454,51100,Maison,91.0,160000.0,1758.24,2024-12-19
Reims,51454,51100,Appartement,37.0,113300.0,3062.16,2024-12-20
Reims,51454,51100,Appartement,88.0,131500.0,1494.32,2024-12-05
Châlons-en-Champagne,51108,51000,Maison,70.0,75000.0,1071.43,2024-11-27
Pierry,51431,51530,Maison,101.0,173000.0,1712.87,2024-12-17
Pierry,51431,51530,Maison,101.0,173000.0,1712.87,2024-12-17
Châlons-en-Champagne,51108,51000,Appartement,90.0,168950.0,1877.22,2024-11-15
Châlons-en-Champagne,51108,51000,Appartement,25.0,39000.0,1560.0,2024-11-28
Reims,51454,51100,Appartement,34.0,101300.0,2979.41,2024-12-19
Saint-Martin-d'Ablois,51002,51530,Maison,114.0,76000.0,666.67,2024-12-03
Saint-Just-Sauvage,51492,51260,Maison,70.0,63728.0,910.4,2024-12-18
Bezannes,51058,51430,Appartement,76.0,304871.0,4011.46,2024-12-20
Reims,51454,51100,Appartement,70.0,120000.0,1714.29,2024-12-19
Avenay-Val-d'Or,51028,51160,Maison,60.0,45000.0,750.0,2024-12-18
Bezannes,51058,51430,Appartement,48.0,163900.0,3414.58,2024-12-13
Reims,51454,51100,Maison,120.0,400450.0,3337.08,2024-12-16
Queudes,51451,51120,Maison,152.0,238200.0,1567.11,2024-11-29
Reims,51454,51100,Appartement,80.0,273000.0,3412.5,2024-12-18
Villeneuve-Renneville-Chevigny,51627,51130,Maison,99.0,70000.0,707.07,2024-12-19
Reims,51454,51100,Maison,107.0,439200.0,4104.67,2024-12-18
Reims,51454,51100,Appartement,49.0,192000.0,3918.37,2024-12-18
Reims,51454,51100,Appartement,43.0,223500.0,5197.67,2024-12-12
Reims,51454,51100,Appartement,35.0,223500.0,6385.71,2024-12-12
Jonchery-sur-Vesle,51308,51140,Maison,187.0,360000.0,1925.13,2024-12-06
Reims,51454,51100,Maison,52.0,130000.0,2500.0,2024-12-13
Reims,51454,51100,Maison,150.0,324000.0,2160.0,2024-12-17
Sillery,51536,51500,Maison,12.0,245600.0,20466.67,2024-12-06
Sillery,51536,51500,Maison,97.0,245600.0,2531.96,2024-12-06
Saint-Jean-devant-Possesse,51489,51330,Maison,60.0,108000.0,1800.0,2024-12-02
Reims,51454,51100,Appartement,49.0,150000.0,3061.22,2024-12-19
Sillery,51536,51500,Maison,145.0,158500.0,1093.1,2024-12-19
Reims,51454,51100,Maison,96.0,300290.0,3128.02,2024-12-23
Tinqueux,51573,51430,Maison,164.0,302900.0,1846.95,2024-12-06
Champlat-et-Boujacourt,51120,51480,Maison,120.0,405000.0,3375.0,2024-12-10
Reims,51454,51100,Appartement,51.0,182300.0,3574.51,2024-12-20
Reims,51454,51100,Appartement,60.0,203000.0,3383.33,2024-12-10
Reims,51454,51100,Maison,72.0,225010.0,3125.14,2024-12-20
Reims,51454,51100,Appartement,128.0,460000.0,3593.75,2024-12-12
Verzy,51614,51380,Maison,79.0,189000.0,2392.41,2024-12-20
Mourmelon-le-Grand,51388,51400,Maison,106.0,190000.0,1792.45,2024-12-23
Dormans,51217,51700,Maison,56.0,78000.0,1392.86,2024-12-18
Jâlons,51303,51150,Maison,84.0,150000.0,1785.71,2024-12-04
Vésigneul-sur-Marne,51616,51240,Maison,97.0,110000.0,1134.02,2024-12-04
Courmas,51188,51390,Maison,101.0,265600.0,2629.7,2024-12-13
Chaumuzy,51140,51170,Maison,72.0,173250.0,2406.25,2024-12-11
Chaumuzy,51140,51170,Maison,22.0,173250.0,7875.0,2024-12-11
Reims,51454,51100,Appartement,106.0,209300.0,1974.53,2024-12-26
Cernay-lès-Reims,51105,51420,Maison,117.0,630000.0,5384.62,2024-12-02
Reims,51454,51100,Appartement,69.0,238000.0,3449.28,2024-12-20
Reims,51454,51100,Maison,79.0,174000.0,2202.53,2024-12-16
Reims,51454,51100,Appartement,69.0,268000.0,3884.06,2024-12-20
Branscourt,51081,51140,Maison,89.0,184000.0,2067.42,2024-12-16
Reims,51454,51100,Appartement,67.0,255000.0,3805.97,2024-12-17
Reims,51454,51100,Appartement,80.0,435000.0,5437.5,2024-12-20
Reims,51454,51100,Appartement,115.0,435000.0,3782.61,2024-12-20
Mailly-Champagne,51338,51500,Maison,200.0,476000.0,2380.0,2024-12-16
Les Mesneux,51365,51370,Maison,80.0,380000.0,4750.0,2024-12-13
Les Mesneux,51365,51370,Maison,80.0,380000.0,4750.0,2024-12-13
Reims,51454,51100,Appartement,86.0,242000.0,2813.95,2024-12-20
Reims,51454,51100,Appartement,40.0,179360.0,4484.0,2024-12-19
Châlons-en-Champagne,51108,51000,Appartement,100.0,100000.0,1000.0,2024-12-26
Bezannes,51058,51430,Appartement,62.0,231474.0,3733.45,2024-12-20
Reims,51454,51100,Appartement,79.0,330000.0,4177.22,2024-12-23
Châlons-en-Champagne,51108,51000,Maison,72.0,119500.0,1659.72,2024-12-09
Reims,51454,51100,Appartement,34.0,92000.0,2705.88,2024-12-20
Reims,51454,51100,Appartement,74.0,165600.0,2237.84,2024-12-27
Châlons-en-Champagne,51108,51000,Maison,65.0,139000.0,2138.46,2024-12-06
Reims,51454,51100,Appartement,48.0,125000.0,2604.17,2024-12-27
Aÿ-Champagne,51030,51160,Maison,89.0,205500.0,2308.99,2024-12-13
Reims,51454,51100,Appartement,94.0,380300.0,4045.74,2024-12-16
Châlons-en-Champagne,51108,51000,Maison,87.0,145000.0,1666.67,2024-12-12
Châlons-en-Champagne,51108,51000,Appartement,83.0,55000.0,662.65,2024-12-13
Vanault-les-Dames,51590,51340,Maison,227.0,150000.0,660.79,2024-12-17
Châlons-en-Champagne,51108,51000,Maison,87.0,153000.0,1758.62,2024-12-13
Reims,51454,51100,Appartement,22.0,57750.0,2625.0,2024-12-18
Vitry-la-Ville,51648,51240,Maison,63.0,70000.0,1111.11,2024-12-12
Châlons-en-Champagne,51108,51000,Maison,89.0,130000.0,1460.67,2024-12-13
Tinqueux,51573,51430,Maison,89.0,281470.0,3162.58,2024-12-16
Reims,51454,51100,Appartement,28.0,126590.0,4521.07,2024-12-18
Reims,51454,51100,Appartement,22.0,126590.0,5754.09,2024-12-18
Reims,51454,51100,Appartement,56.0,99900.0,1783.93,2024-12-19
Reims,51454,51100,Maison,216.0,720000.0,3333.33,2024-12-16
Reims,51454,51100,Appartement,72.0,276000.0,3833.33,2024-12-23
Reims,51454,51100,Appartement,26.0,78630.0,3024.23,2024-12-13
Reims,51454,51100,Appartement,71.0,155000.0,2183.1,2024-12-17
Saint-Étienne-sur-Suippe,51477,51110,Maison,130.0,232000.0,1784.62,2024-12-19
Reims,51454,51100,Maison,57.0,120000.0,2105.26,2024-12-19
Reims,51454,51100,Appartement,45.0,202500.0,4500.0,2024-12-26
Reims,51454,51100,Appartement,18.0,109000.0,6055.56,2024-12-27
Reims,51454,51100,Appartement,18.0,109000.0,6055.56,2024-12-27
Reims,51454,51100,Appartement,77.0,202000.0,2623.38,2024-12-27
Reims,51454,51100,Appartement,45.0,224000.0,4977.78,2024-12-27
Fismes,51250,51170,Maison,46.0,125000.0,2717.39,2024-12-16
Sillery,51536,51500,Appartement,65.0,125000.0,1923.08,2024-12-19
Treslon,51581,51140,Maison,140.0,180000.0,1285.71,2024-12-18
Reims,51454,51100,Appartement,54.0,264000.0,4888.89,2024-12-26
Reims,51454,51100,Appartement,30.0,76000.0,2533.33,2024-12-19
Reims,51454,51100,Appartement,37.0,88455.0,2390.68,2024-12-19
Reims,51454,51100,Appartement,157.0,510000.0,3248.41,2024-12-18
Bezannes,51058,51430,Appartement,40.0,240400.0,6010.0,2024-12-23
Tinqueux,51573,51430,Appartement,57.0,205876.78,3611.87,2024-12-23
Tinqueux,51573,51430,Appartement,64.0,235137.0,3674.02,2024-12-23
Fismes,51250,51170,Maison,169.0,257000.0,1520.71,2024-12-19
Tinqueux,51573,51430,Appartement,65.0,250000.0,3846.15,2024-12-30
Reims,51454,51100,Appartement,46.0,210000.0,4565.22,2024-12-30
Vincelles,51644,51700,Maison,84.0,95000.0,1130.95,2024-12-20
Vincelles,51644,51700,Maison,29.0,95000.0,3275.86,2024-12-20
Reims,51454,51100,Appartement,24.0,130000.0,5416.67,2024-12-30
Épernay,51230,51200,Appartement,70.0,141600.0,2022.86,2024-12-27
Saint-Remy-en-Bouzemont-Saint-Genest-et-Isson,51513,51290,Maison,100.0,60000.0,600.0,2024-12-18
Reims,51454,51100,Appartement,74.0,133000.0,1797.3,2024-12-19
Vitry-le-François,51649,51300,Maison,68.0,85000.0,1250.0,2024-12-20
Vitry-le-François,51649,51300,Maison,136.0,238000.0,1750.0,2024-12-19
Pargny-sur-Saulx,51423,51340,Maison,69.0,45000.0,652.17,2024-12-19
Vitry-le-François,51649,51300,Maison,106.0,110000.0,1037.74,2024-12-12
Mourmelon-le-Petit,51389,51400,Maison,60.0,232800.0,3880.0,2024-12-19
Sommepy-Tahure,51544,51600,Maison,112.0,142500.0,1272.32,2024-12-09
Sommepy-Tahure,51544,51600,Maison,101.0,118000.0,1168.32,2024-12-10
Souain-Perthes-lès-Hurlus,51553,51600,Maison,98.0,190750.0,1946.43,2024-12-20
Montmirail,51380,51210,Appartement,40.0,140000.0,3500.0,2024-12-19
Montmirail,51380,51210,Appartement,55.0,140000.0,2545.45,2024-12-19
Montmirail,51380,51210,Appartement,32.0,140000.0,4375.0,2024-12-19
Morsains,51386,51210,Maison,50.0,75000.0,1500.0,2024-12-13
Reims,51454,51100,Appartement,20.0,53000.0,2650.0,2024-12-14
Montmirail,51380,51210,Maison,96.0,110000.0,1145.83,2024-12-14
Vitry-le-François,51649,51300,Maison,110.0,86300.0,784.55,2024-12-19
Courthiézy,51192,51700,Maison,106.0,210000.0,1981.13,2024-12-13
Giffaumont-Champaubert,51269,51290,Maison,30.0,120000.0,4000.0,2024-12-14
Reims,51454,51100,Appartement,25.0,52000.0,2080.0,2024-12-16
Pargny-sur-Saulx,51423,51340,Maison,124.0,160100.0,1291.13,2024-12-20
Reims,51454,51100,Appartement,42.0,75000.0,1785.71,2024-12-11
Possesse,51442,51330,Maison,40.0,82000.0,2050.0,2024-12-06
Possesse,51442,51330,Maison,80.0,82000.0,1025.0,2024-12-06
Sainte-Menehould,51507,51800,Maison,79.0,70000.0,886.08,2024-12-05
Boult-sur-Suippe,51074,51110,Maison,92.0,255000.0,2771.74,2024-12-17
Les Istres-et-Bury,51302,51190,Maison,166.0,205000.0,1234.94,2024-12-20
Reims,51454,51100,Appartement,72.0,144000.0,2000.0,2024-12-19
Sézanne,51535,51120,Maison,64.0,72000.0,1125.0,2024-12-19
Chenay,51145,51140,Maison,126.0,394000.0,3126.98,2024-12-20
Bourgogne-Fresne,51075,51110,Maison,64.0,208500.0,3257.81,2024-12-10
Reims,51454,51100,Appartement,56.0,91200.0,1628.57,2024-12-20
Reims,51454,51100,Appartement,108.0,140000.0,1296.3,2024-12-23
Reims,51454,51100,Appartement,34.0,188100.0,5532.35,2024-12-20
Reims,51454,51100,Appartement,51.0,62000.0,1215.69,2024-12-19
Bezannes,51058,51430,Maison,201.0,502000.0,2497.51,2024-12-10
Cernay-lès-Reims,51105,51420,Maison,105.0,345000.0,3285.71,2024-12-19
Reims,51454,51100,Appartement,79.0,184000.0,2329.11,2024-12-23
Reims,51454,51100,Maison,91.0,248150.0,2726.92,2024-12-19
Reims,51454,51100,Appartement,26.0,75000.0,2884.62,2024-12-10
Le Buisson,51095,51300,Maison,30.0,20000.0,666.67,2024-12-20
Le Buisson,51095,51300,Maison,117.0,20000.0,170.94,2024-12-20
Reims,51454,51100,Appartement,60.0,144750.0,2412.5,2024-12-23
Boult-sur-Suippe,51074,51110,Appartement,55.0,74300.0,1350.91,2024-12-11
Reims,51454,51100,Maison,122.0,556810.0,4564.02,2024-12-13
Œuilly,51410,51480,Maison,57.0,45000.0,789.47,2024-11-27
Reims,51454,51100,Appartement,36.0,367184.0,10199.56,2024-12-23
Reims,51454,51100,Appartement,58.0,168000.0,2896.55,2024-12-23
Muizon,51391,51140,Maison,94.0,262750.0,2795.21,2024-12-18
Reims,51454,51100,Appartement,40.0,95000.0,2375.0,2024-12-23
Épernay,51230,51200,Maison,107.0,147500.0,1378.5,2024-12-23
Chepy,51149,51240,Maison,60.0,40000.0,666.67,2024-12-19
Reims,51454,51100,Maison,97.0,190000.0,1958.76,2024-12-16
Reims,51454,51100,Appartement,35.0,73620.0,2103.43,2024-12-12
Reims,51454,51100,Appartement,71.0,112555.0,1585.28,2024-12-17
Sainte-Menehould,51507,51800,Maison,128.0,105000.0,820.31,2024-12-19
Mardeuil,51344,51530,Maison,88.0,193000.0,2193.18,2024-12-20
Aÿ-Champagne,51030,51160,Maison,92.0,71000.0,771.74,2024-12-30
Saint-Martin-sur-le-Pré,51504,51520,Maison,92.0,144000.0,1565.22,2024-12-17
Sainte-Menehould,51507,51800,Maison,275.0,284700.0,1035.27,2024-12-19
Châlons-en-Champagne,51108,51000,Maison,62.0,49500.0,798.39,2024-12-30
Montmort-Lucy,51381,51270,Maison,95.0,220000.0,2315.79,2024-12-26
Orbais-l'Abbaye,51416,51270,Maison,67.0,60000.0,895.52,2024-12-13
Orbais-l'Abbaye,51416,51270,Maison,67.0,60000.0,895.52,2024-12-13
Épernay,51230,51200,Maison,80.0,245800.0,3072.5,2024-12-20
Châlons-en-Champagne,51108,51000,Appartement,29.0,93250.0,3215.52,2024-12-18
Châlons-en-Champagne,51108,51000,Appartement,29.0,93250.0,3215.52,2024-12-18
Châlons-en-Champagne,51108,51000,Appartement,99.0,210000.0,2121.21,2024-12-27
Châlons-en-Champagne,51108,51000,Maison,58.0,67000.0,1155.17,2024-12-27
Glannes,51275,51300,Maison,160.0,260000.0,1625.0,2024-12-27
Reims,51454,51100,Appartement,39.0,122000.0,3128.21,2024-12-13
Villers-le-Château,51634,51510,Maison,80.0,117000.0,1462.5,2024-12-13
Reims,51454,51100,Appartement,78.0,120000.0,1538.46,2024-12-11
Reims,51454,51100,Appartement,80.0,213550.0,2669.38,2024-12-13
Sainte-Menehould,51507,51800,Maison,90.0,125000.0,1388.89,2024-12-20
Suippes,51559,51600,Maison,120.0,192500.0,1604.17,2024-12-17
Reims,51454,51100,Maison,62.0,175000.0,2822.58,2024-12-12
Mourmelon-le-Grand,51388,51400,Maison,106.0,264500.0,2495.28,2024-12-13
Châlons-en-Champagne,51108,51000,Appartement,71.0,105000.0,1478.87,2024-12-20
Reims,51454,51100,Appartement,84.0,190000.0,2261.9,2024-12-16
Aÿ-Champagne,51030,51160,Maison,67.0,135000.0,2014.93,2024-12-20
Châlons-en-Champagne,51108,51000,Maison,180.0,392000.0,2177.78,2024-12-13
Châlons-en-Champagne,51108,51000,Maison,180.0,392000.0,2177.78,2024-12-13
Selles,51529,51490,Maison,88.0,190000.0,2159.09,2024-12-23
Selles,51529,51490,Maison,88.0,190000.0,2159.09,2024-12-23
Reims,51454,51100,Appartement,84.0,290000.0,3452.38,2024-12-12
Saint-Étienne-au-Temple,51476,51460,Maison,160.0,231000.0,1443.75,2024-12-19
Rapsécourt,51452,51330,Maison,200.0,1021300.0,5106.5,2024-12-13
Rapsécourt,51452,51330,Maison,200.0,1021300.0,5106.5,2024-12-13
Bourgogne-Fresne,51075,51110,Maison,35.0,115000.0,3285.71,2024-12-13
Le Mesnil-sur-Oger,51367,51190,Maison,106.0,125000.0,1179.25,2024-12-20
Châlons-en-Champagne,51108,51000,Maison,158.0,150000.0,949.37,2024-12-20
Courtisols,51193,51460,Maison,83.0,177000.0,2132.53,2024-12-19
Châlons-en-Champagne,51108,51000,Appartement,112.0,156000.0,1392.86,2024-12-16
Saint-Memmie,51506,51470,Maison,84.0,140000.0,1666.67,2024-12-17
Châlons-en-Champagne,51108,51000,Appartement,53.0,90000.0,1698.11,2024-12-19
Reims,51454,51100,Appartement,81.0,117000.0,1444.44,2024-12-13
Reims,51454,51100,Appartement,38.0,94680.0,2491.58,2024-12-27
Bergères-lès-Vertus,51049,51130,Maison,116.0,155000.0,1336.21,2024-12-30
Fagnières,51242,51510,Maison,80.0,138000.0,1725.0,2024-12-24
Châlons-en-Champagne,51108,51000,Maison,326.0,105000.0,322.09,2024-12-12
Mourmelon-le-Grand,51388,51400,Maison,95.0,115000.0,1210.53,2024-12-28
Moncetz-Longevas,51372,51470,Maison,152.0,50000.0,328.95,2024-12-19
Châlons-en-Champagne,51108,51000,Appartement,47.0,55000.0,1170.21,2024-12-26
Bignicourt-sur-Marne,51059,51300,Maison,73.0,75000.0,1027.4,2024-12-27
Bignicourt-sur-Marne,51059,51300,Maison,73.0,75000.0,1027.4,2024-12-27
Sainte-Menehould,51507,51800,Maison,101.0,63000.0,623.76,2024-12-18
Sainte-Menehould,51507,51800,Maison,101.0,61000.0,603.96,2024-12-28
Châlons-en-Champagne,51108,51000,Maison,271.0,250000.0,922.51,2024-12-20
Sainte-Menehould,51507,51800,Maison,60.0,21800.0,363.33,2024-12-06
Fismes,51250,51170,Maison,162.0,189500.0,1169.75,2024-12-13
Reims,51454,51100,Appartement,111.0,130000.0,1171.17,2024-12-30
Fère-Champenoise,51248,51230,Maison,149.0,100000.0,671.14,2024-12-27
Fère-Champenoise,51248,51230,Maison,149.0,100000.0,671.14,2024-12-27
Sézanne,51535,51120,Maison,90.0,29990.0,333.22,2024-12-28
Sézanne,51535,51120,Maison,90.0,50000.0,555.56,2024-12-20
Bouchy-Saint-Genest,51071,51310,Maison,64.0,108000.0,1687.5,2024-12-18
Reims,51454,51100,Appartement,96.0,695400.0,7243.75,2024-12-16
Reims,51454,51100,Appartement,65.0,695400.0,10698.46,2024-12-16
Saint-Brice-Courcelles,51474,51370,Maison,82.0,197000.0,2402.44,2024-12-13
Reims,51454,51100,Maison,70.0,220000.0,3142.86,2024-12-18
Warmeriville,51660,51110,Maison,90.0,233500.0,2594.44,2024-12-30
Épernay,51230,51200,Maison,42.0,119000.0,2833.33,2024-12-20
Châlons-en-Champagne,51108,51000,Appartement,48.0,73000.0,1520.83,2024-12-20
Reims,51454,51100,Appartement,72.0,280000.0,3888.89,2024-12-30
Reims,51454,51100,Appartement,64.0,198500.0,3101.56,2024-12-26
Aÿ-Champagne,51030,51160,Maison,73.0,210000.0,2876.71,2024-12-30
Oyes,51421,51120,Maison,58.0,50000.0,862.07,2024-12-14
Oyes,51421,51120,Maison,58.0,50000.0,862.07,2024-12-14
Reims,51454,51100,Appartement,48.0,98000.0,2041.67,2024-12-19
Barbonne-Fayel,51036,51120,Maison,60.0,80000.0,1333.33,2024-12-20
Barbonne-Fayel,51036,51120,Maison,60.0,80000.0,1333.33,2024-12-20
Saudoy,51526,51120,Maison,97.0,90000.0,927.84,2024-12-21
Chigny-les-Roses,51152,51500,Maison,163.0,328000.0,2012.27,2024-12-18
Chigny-les-Roses,51152,51500,Maison,163.0,328000.0,2012.27,2024-12-18
Épernay,51230,51200,Maison,60.0,133300.0,2221.67,2024-12-20
Vitry-le-François,51649,51300,Appartement,64.0,145000.0,2265.62,2024-12-23
Bagneux,51032,51260,Maison,143.0,184500.0,1290.21,2024-12-17
Reims,51454,51100,Appartement,64.0,120000.0,1875.0,2024-12-17
Reims,51454,51100,Appartement,72.0,262000.0,3638.89,2024-12-31
Reims,51454,51100,Maison,210.0,1121550.0,5340.71,2024-12-17
La Noue,51407,51310,Maison,167.0,127000.0,760.48,2024-12-14
Reims,51454,51100,Appartement,47.0,220000.0,4680.85,2024-12-27
Reims,51454,51100,Appartement,51.0,132300.0,2594.12,2024-12-27
Reims,51454,51100,Appartement,79.0,124500.0,1575.95,2024-12-19
Reims,51454,51100,Appartement,46.0,114500.0,2489.13,2024-12-30
Châtillon-sur-Marne,51136,51700,Maison,105.0,99100.0,943.81,2024-12-26
Bazancourt,51043,51110,Maison,111.0,261850.0,2359.01,2024-12-23
Reims,51454,51100,Appartement,39.0,133000.0,3410.26,2024-12-30
Reims,51454,51100,Maison,52.0,50000.0,961.54,2024-12-20
Tinqueux,51573,51430,Appartement,82.0,209000.0,2548.78,2024-12-16
Olizy,51414,51700,Maison,134.0,210000.0,1567.16,2024-12-19
Olizy,51414,51700,Maison,134.0,210000.0,1567.16,2024-12-19
Reims,51454,51100,Appartement,66.0,77000.0,1166.67,2024-12-19
Cuchery,51199,51480,Maison,99.0,280000.0,2828.28,2024-12-17
Cuchery,51199,51480,Maison,100.0,280000.0,2800.0,2024-12-17
Reims,51454,51100,Appartement,65.0,152500.0,2346.15,2024-12-23
Bétheny,51055,51450,Maison,79.0,626323.0,7928.14,2024-12-30
Orbais-l'Abbaye,51416,51270,Maison,76.0,50000.0,657.89,2024-12-16
Reims,51454,51100,Maison,245.0,638500.0,2606.12,2024-12-30
Reims,51454,51100,Appartement,61.0,120000.0,1967.21,2024-12-30
Reims,51454,51100,Appartement,68.0,172850.0,2541.91,2024-12-20
Tinqueux,51573,51430,Appartement,90.0,275000.0,3055.56,2024-12-18
Reims,51454,51100,Appartement,105.0,480000.0,4571.43,2024-12-30
Reims,51454,51100,Maison,104.0,345350.0,3320.67,2024-12-30
Reims,51454,51100,Appartement,20.0,81725.0,4086.25,2024-12-16
Reims,51454,51100,Appartement,48.0,90500.0,1885.42,2024-12-27
Reims,51454,51100,Maison,40.0,205000.0,5125.0,2024-12-27
Reims,51454,51100,Maison,65.0,205000.0,3153.85,2024-12-27
Cuchery,51199,51480,Maison,110.0,213000.0,1936.36,2024-12-17
Reims,51454,51100,Appartement,42.0,212000.0,5047.62,2024-12-30
Val-de-Vesle,51571,51360,Maison,135.0,240000.0,1777.78,2024-12-27
Val-de-Vesle,51571,51360,Maison,135.0,240000.0,1777.78,2024-12-27
Reims,51454,51100,Appartement,57.0,247000.0,4333.33,2024-12-27
Épernay,51230,51200,Appartement,120.0,285000.0,2375.0,2024-12-17
Épernay,51230,51200,Appartement,72.0,175000.0,2430.56,2024-12-19
Reims,51454,51100,Appartement,23.0,119000.0,5173.91,2024-12-30
Bazancourt,51043,51110,Maison,114.0,288000.0,2526.32,2024-12-16
Bezannes,51058,51430,Appartement,62.0,246962.0,3983.26,2024-12-27
Bezannes,51058,51430,Appartement,75.0,295900.0,3945.33,2024-12-30
Le Mesnil-sur-Oger,51367,51190,Maison,111.0,193000.0,1738.74,2024-12-18
Chouilly,51153,51530,Maison,73.0,56000.0,767.12,2024-12-19
Épernay,51230,51200,Maison,142.0,190000.0,1338.03,2024-12-17
Épernay,51230,51200,Appartement,18.0,50000.0,2777.78,2024-12-16
Suippes,51559,51600,Maison,91.0,77500.0,851.65,2024-12-31
Cumières,51202,51480,Appartement,40.0,81800.0,2045.0,2024-12-19
Magenta,51663,51530,Maison,125.0,198720.0,1589.76,2024-12-26
Montmirail,51380,51210,Maison,66.0,145000.0,2196.97,2024-12-12
Épernay,51230,51200,Appartement,35.0,50000.0,1428.57,2024-12-20
Châlons-en-Champagne,51108,51000,Maison,90.0,234900.0,2610.0,2024-12-16
Épernay,51230,51200,Maison,78.0,186000.0,2384.62,2024-12-20
Vroil,51658,51330,Maison,82.0,81000.0,987.8,2024-12-20
Suippes,51559,51600,Maison,79.0,72500.0,917.72,2024-12-31
Reims,51454,51100,Appartement,99.0,167000.0,1686.87,2024-12-23
Athis,51018,51150,Appartement,160.0,420000.0,2625.0,2024-12-27
Athis,51018,51150,Appartement,160.0,420000.0,2625.0,2024-12-27
Reims,51454,51100,Appartement,67.0,166950.0,2491.79,2024-12-26
Maurupt-le-Montois,51358,51340,Appartement,53.0,59000.0,1113.21,2024-12-19
Lagery,51314,51170,Maison,76.0,90000.0,1184.21,2024-12-20
Reims,51454,51100,Maison,53.0,135000.0,2547.17,2024-12-20
Œuilly,51410,51480,Maison,43.0,280000.0,6511.63,2024-12-20
Œuilly,51410,51480,Maison,135.0,280000.0,2074.07,2024-12-20
Braux-Sainte-Cohière,51082,51800,Maison,130.0,78500.0,603.85,2024-12-18
Saint-Étienne-au-Temple,51476,51460,Maison,107.0,130000.0,1214.95,2024-12-27
Reims,51454,51100,Appartement,42.0,119660.0,2849.05,2024-12-20
Sainte-Menehould,51507,51800,Maison,145.0,106950.0,737.59,2024-12-19
Épernay,51230,51200,Maison,148.0,379000.0,2560.81,2024-12-20
Châlons-en-Champagne,51108,51000,Maison,130.0,123000.0,946.15,2024-12-16
Reims,51454,51100,Appartement,25.0,61000.0,2440.0,2024-12-23
Reims,51454,51100,Appartement,72.0,283000.0,3930.56,2024-12-27
Villiers-aux-Corneilles,51642,51260,Maison,73.0,75000.0,1027.4,2024-12-27
Châlons-en-Champagne,51108,51000,Appartement,43.0,32000.0,744.19,2024-12-16
Bétheny,51055,51450,Maison,162.0,291800.0,1801.23,2024-12-18
Argers,51015,51800,Maison,110.0,50000.0,454.55,2024-12-18
Saron-sur-Aube,51524,51260,Maison,126.0,150000.0,1190.48,2024-12-27
Saint-Just-Sauvage,51492,51260,Maison,72.0,104000.0,1444.44,2024-12-21
Reims,51454,51100,Appartement,29.0,70500.0,2431.03,2024-12-16
Reims,51454,51100,Appartement,115.0,480000.0,4173.91,2024-12-17
Reims,51454,51100,Appartement,70.0,235000.0,3357.14,2024-12-23
Châtillon-sur-Morin,51137,51310,Maison,180.0,182000.0,1011.11,2024-12-19
Châtillon-sur-Morin,51137,51310,Maison,117.0,182000.0,1555.56,2024-12-19
Reims,51454,51100,Appartement,43.0,210000.0,4883.72,2024-12-18
Époye,51232,51490,Maison,143.0,215000.0,1503.5,2024-12-23
Tinqueux,51573,51430,Appartement,72.0,93551.0,1299.32,2024-12-20
Épernay,51230,51200,Maison,110.0,60000.0,545.45,2024-12-26
Tinqueux,51573,51430,Appartement,82.0,125000.0,1524.39,2024-12-20
Lenharrée,51319,51230,Maison,120.0,80000.0,666.67,2024-12-19
Lenharrée,51319,51230,Maison,120.0,80000.0,666.67,2024-12-19
Reims,51454,51100,Appartement,69.0,111000.0,1608.7,2024-12-19
Potangis,51443,51260,Maison,18.0,115000.0,6388.89,2024-12-14
Potangis,51443,51260,Maison,107.0,115000.0,1074.77,2024-12-14
Bréban,51084,51320,Maison,193.0,150000.0,777.2,2024-11-13
Pleurs,51432,51230,Maison,65.0,78000.0,1200.0,2024-12-19
Reims,51454,51100,Appartement,69.0,183500.0,2659.42,2024-12-27
Giffaumont-Champaubert,51269,51290,Maison,55.0,122420.0,2225.82,2024-12-30
Reims,51454,51100,Appartement,38.0,110400.0,2905.26,2024-12-23
Faux-Fresnay,51243,51230,Maison,91.0,89000.0,978.02,2024-12-14
Faux-Fresnay,51243,51230,Maison,91.0,89000.0,978.02,2024-12-14
Reims,51454,51100,Appartement,31.0,108500.0,3500.0,2024-12-27
Arcis-le-Ponsart,51014,51170,Maison,135.0,274500.0,2033.33,2024-12-27
Reims,51454,51100,Appartement,33.0,179000.0,5424.24,2024-12-19
Reims,51454,51100,Appartement,98.0,267500.0,2729.59,2024-12-23
Tinqueux,51573,51430,Maison,78.0,215000.0,2756.41,2024-12-27
Bazancourt,51043,51110,Maison,114.0,245000.0,2149.12,2024-12-18
Reims,51454,51100,Appartement,44.0,115000.0,2613.64,2024-12-23
Épernay,51230,51200,Appartement,31.0,81100.0,2616.13,2024-12-19
Taissy,51562,51500,Appartement,72.0,203000.0,2819.44,2024-12-27
Saint-Just-Sauvage,51492,51260,Maison,114.0,75000.0,657.89,2024-12-19
Witry-lès-Reims,51662,51420,Appartement,75.0,166300.0,2217.33,2024-12-30
Reims,51454,51100,Appartement,78.0,102000.0,1307.69,2024-12-27
Châlons-en-Champagne,51108,51000,Appartement,81.0,71500.0,882.72,2024-12-17
Vitry-le-François,51649,51300,Maison,86.0,85000.0,988.37,2024-12-21
Reims,51454,51100,Appartement,53.0,82100.0,1549.06,2024-12-20
Champigny,51118,51370,Maison,75.0,239000.0,3186.67,2024-12-23
Épernay,51230,51200,Appartement,39.0,30000.0,769.23,2024-12-16
Reims,51454,51100,Appartement,69.0,209800.0,3040.58,2024-12-23
Les Petites-Loges,51428,51400,Maison,130.0,258400.0,1987.69,2024-12-16
Cernay-lès-Reims,51105,51420,Maison,166.0,320000.0,1927.71,2024-12-31
Reims,51454,51100,Appartement,28.0,244644.0,8737.29,2024-12-20
Reims,51454,51100,Appartement,19.0,244644.0,12876.0,2024-12-20
Reims,51454,51100,Appartement,102.0,120000.0,1176.47,2024-12-20
Reims,51454,51100,Appartement,96.0,127000.0,1322.92,2024-12-20
Reims,51454,51100,Appartement,25.0,95000.0,3800.0,2024-12-20
Reims,51454,51100,Appartement,30.0,300000.0,10000.0,2024-12-23
Reims,51454,51100,Appartement,30.0,300000.0,10000.0,2024-12-23
Reims,51454,51100,Appartement,23.0,300000.0,13043.48,2024-12-23
Reims,51454,51100,Appartement,23.0,300000.0,13043.48,2024-12-23
Baye,51042,51270,Maison,112.0,185500.0,1656.25,2024-12-17
Reims,51454,51100,Appartement,85.0,298350.0,3510.0,2024-12-20
Reims,51454,51100,Appartement,52.0,68000.0,1307.69,2024-12-20
Tinqueux,51573,51430,Maison,78.0,181700.0,2329.49,2024-12-19
Baslieux-lès-Fismes,51037,51170,Maison,100.0,154900.0,1549.0,2024-12-19
Reims,51454,51100,Appartement,45.0,168000.0,3733.33,2024-12-20
Reims,51454,51100,Appartement,29.0,341000.0,11758.62,2024-12-20
Reims,51454,51100,Appartement,79.0,341000.0,4316.46,2024-12-20
Reims,51454,51100,Appartement,50.0,341000.0,6820.0,2024-12-20
Reims,51454,51100,Appartement,29.0,341000.0,11758.62,2024-12-20
Reims,51454,51100,Appartement,75.0,341000.0,4546.67,2024-12-20
Reims,51454,51100,Maison,22.0,341000.0,15500.0,2024-12-20
Courcy,51183,51220,Maison,96.0,255000.0,2656.25,2024-12-27
Verzy,51614,51380,Appartement,53.0,67000.0,1264.15,2024-12-19
Vauchamps,51596,51210,Maison,104.0,175000.0,1682.69,2024-12-23
Damery,51204,51480,Maison,81.0,171500.0,2117.28,2024-12-17
Saint-Léonard,51493,51500,Maison,105.0,615800.0,5864.76,2024-12-23
Reims,51454,51100,Appartement,63.0,90000.0,1428.57,2024-12-19
Épernay,51230,51200,Appartement,57.0,145600.0,2554.39,2024-12-16
Reims,51454,51100,Appartement,20.0,62000.0,3100.0,2024-12-20
Épernay,51230,51200,Appartement,60.0,117000.0,1950.0,2024-12-20
Sillery,51536,51500,Maison,124.0,342120.0,2759.03,2024-12-18
Givry-en-Argonne,51272,51330,Appartement,70.0,70000.0,1000.0,2024-12-03
Givry-en-Argonne,51272,51330,Appartement,90.0,70000.0,777.78,2024-12-03
Givry-en-Argonne,51272,51330,Appartement,80.0,70000.0,875.0,2024-12-03
Givry-en-Argonne,51272,51330,Appartement,75.0,70000.0,933.33,2024-12-03
Givry-en-Argonne,51272,51330,Appartement,44.0,70000.0,1590.91,2024-12-03
Livry-Louvercy,51326,51400,Maison,108.0,231754.0,2145.87,2024-12-23
Ambonnay,51007,51150,Maison,80.0,172000.0,2150.0,2024-12-30
Châlons-en-Champagne,51108,51000,Appartement,65.0,74050.0,1139.23,2024-12-18
Reims,51454,51100,Appartement,56.0,132680.0,2369.29,2024-12-27
Pontfaverger-Moronvilliers,51440,51490,Appartement,51.0,85000.0,1666.67,2024-12-30
Tinqueux,51573,51430,Maison,89.0,190000.0,2134.83,2024-12-20
Reims,51454,51100,Maison,77.0,201450.0,2616.23,2024-12-27
Reims,51454,51100,Maison,115.0,185000.0,1608.7,2024-12-30
Châlons-en-Champagne,51108,51000,Appartement,114.0,153000.0,1342.11,2024-12-18
Épernay,51230,51200,Appartement,72.0,166300.0,2309.72,2024-12-30
La Neuville-au-Pont,51399,51800,Maison,110.0,54500.0,495.45,2024-12-27
Châlons-en-Champagne,51108,51000,Appartement,52.0,74190.0,1426.73,2024-12-19
Reims,51454,51100,Maison,57.0,97000.0,1701.75,2024-12-19
Reims,51454,51100,Appartement,31.0,104700.0,3377.42,2024-12-19
Reims,51454,51100,Maison,86.0,229000.0,2662.79,2024-12-18
Verzenay,51613,51360,Maison,130.0,164250.0,1263.46,2024-12-19
Cormoyeux,51173,51480,Maison,110.0,135450.0,1231.36,2024-12-19
Sainte-Menehould,51507,51800,Maison,131.0,145000.0,1106.87,2024-12-26
Reims,51454,51100,Maison,162.0,350000.0,2160.49,2024-12-20
Cormontreuil,51172,51350,Maison,70.0,199000.0,2842.86,2024-12-20
Reims,51454,51100,Appartement,25.0,45000.0,1800.0,2024-12-23
Reims,51454,51100,Appartement,80.0,137000.0,1712.5,2024-12-23
Vitry-le-François,51649,51300,Maison,105.0,115000.0,1095.24,2024-12-26
Reims,51454,51100,Appartement,24.0,132900.0,5537.5,2024-12-19
Herpont,51292,51460,Maison,73.0,55515.0,760.48,2024-12-23
Herpont,51292,51460,Maison,88.0,55515.0,630.85,2024-12-23
Herpont,51292,51460,Maison,88.0,55515.0,630.85,2024-12-23
Herpont,51292,51460,Maison,88.0,55515.0,630.85,2024-12-23
Herpont,51292,51460,Maison,73.0,55515.0,760.48,2024-12-23
Herpont,51292,51460,Maison,73.0,55515.0,760.48,2024-12-23
Mourmelon-le-Petit,51389,51400,Maison,82.0,130000.0,1585.37,2024-12-23
Épernay,51230,51200,Appartement,50.0,77000.0,1540.0,2024-12-19
Magenta,51663,51530,Maison,75.0,800000.0,10666.67,2024-12-27
Châlons-en-Champagne,51108,51000,Maison,79.0,100000.0,1265.82,2024-12-20
Blancs-Coteaux,51612,51130,Maison,82.0,220000.0,2682.93,2024-12-26
Blancs-Coteaux,51612,51130,Maison,69.0,220000.0,3188.41,2024-12-26
Blancs-Coteaux,51612,51130,Maison,63.0,220000.0,3492.06,2024-12-26
Fèrebrianges,51247,51270,Maison,131.0,215000.0,1641.22,2024-12-20
Bouy,51078,51400,Maison,98.0,128000.0,1306.12,2024-12-23
Bouy,51078,51400,Maison,98.0,128000.0,1306.12,2024-12-23
Chouilly,51153,51530,Maison,107.0,230000.0,2149.53,2024-12-30
Passy-Grigny,51425,51700,Maison,84.0,152000.0,1809.52,2024-12-27
Épernay,51230,51200,Appartement,47.0,77000.0,1638.3,2024-12-19
Reims,51454,51100,Appartement,79.0,130500.0,1651.9,2024-12-26
Cormontreuil,51172,51350,Appartement,71.0,194000.0,2732.39,2024-12-27
Aÿ-Champagne,51030,51150,Maison,140.0,100000.0,714.29,2024-12-30
Reims,51454,51100,Appartement,35.0,100739.0,2878.26,2024-12-27
Auménancourt,51025,51110,Maison,71.0,164000.0,2309.86,2024-12-26
Muizon,51391,51140,Maison,124.0,290000.0,2338.71,2024-12-26
Épernay,51230,51200,Appartement,35.0,280000.0,8000.0,2024-12-27
Épernay,51230,51200,Appartement,45.0,280000.0,6222.22,2024-12-27
Épernay,51230,51200,Appartement,45.0,280000.0,6222.22,2024-12-27
Épernay,51230,51200,Appartement,60.0,280000.0,4666.67,2024-12-27
Épernay,51230,51200,Appartement,55.0,280000.0,5090.91,2024-12-27
Reims,51454,51100,Appartement,45.0,850000.0,18888.89,2024-12-30
Reims,51454,51100,Appartement,69.0,148000.0,2144.93,2024-12-27
Sézanne,51535,51120,Appartement,55.0,60000.0,1090.91,2024-12-23
Saint-Masmes,51505,51490,Maison,99.0,219000.0,2212.12,2024-12-26
Reims,51454,51100,Appartement,78.0,445000.0,5705.13,2024-12-26
Reims,51454,51100,Appartement,33.0,153700.0,4657.58,2024-12-30
Villeneuve-la-Lionne,51625,51310,Maison,130.0,193000.0,1484.62,2024-12-28
Villeneuve-la-Lionne,51625,51310,Maison,130.0,193000.0,1484.62,2024-12-28
Nogent-l'Abbesse,51403,51420,Maison,165.0,428000.0,2593.94,2024-12-27
Reims,51454,51100,Appartement,45.0,499000.0,11088.89,2024-12-19
Reims,51454,51100,Appartement,36.0,499000.0,13861.11,2024-12-19
Reims,51454,51100,Appartement,45.0,499000.0,11088.89,2024-12-19
Reims,51454,51100,Appartement,36.0,499000.0,13861.11,2024-12-19
Reims,51454,51100,Appartement,40.0,499000.0,12475.0,2024-12-19
Reims,51454,51100,Appartement,36.0,499000.0,13861.11,2024-12-19
Reims,51454,51100,Appartement,175.0,621550.0,3551.71,2024-12-30
Escardes,51233,51310,Maison,76.0,147000.0,1934.21,2024-12-30
Aÿ-Champagne,51030,51160,Appartement,74.0,185000.0,2500.0,2024-12-31
Barbonne-Fayel,51036,51120,Maison,66.0,139000.0,2106.06,2024-12-21
Barbonne-Fayel,51036,51120,Maison,66.0,139000.0,2106.06,2024-12-21
Épernay,51230,51200,Maison,141.0,243800.0,1729.08,2024-12-26
Épernay,51230,51200,Maison,65.0,177050.0,2723.85,2024-12-26
Sainte-Menehould,51507,51800,Appartement,57.0,52000.0,912.28,2024-12-30
Reims,51454,51100,Appartement,20.0,60000.0,3000.0,2024-12-27
Reims,51454,51100,Appartement,37.0,310000.0,8378.38,2024-12-26
Reims,51454,51100,Appartement,55.0,310000.0,5636.36,2024-12-26
Reims,51454,51100,Appartement,55.0,310000.0,5636.36,2024-12-26
Reims,51454,51100,Appartement,55.0,310000.0,5636.36,2024-12-26
Reims,51454,51100,Maison,47.0,310000.0,6595.74,2024-12-26
Pierry,51431,51530,Maison,108.0,159000.0,1472.22,2024-12-27
Boult-sur-Suippe,51074,51110,Maison,111.0,230000.0,2072.07,2024-12-24
Reims,51454,51100,Appartement,41.0,210000.0,5121.95,2024-12-26
Reims,51454,51100,Appartement,52.0,210000.0,4038.46,2024-12-26
Reims,51454,51100,Maison,76.0,259550.0,3415.13,2024-12-31
Venteuil,51605,51480,Maison,65.0,120000.0,1846.15,2024-12-20
Reims,51454,51100,Appartement,47.0,221000.0,4702.13,2024-12-26
Reims,51454,51100,Appartement,93.0,420000.0,4516.13,2024-12-27
Montbré,51375,51500,Maison,185.0,570000.0,3081.08,2024-12-27
Reims,51454,51100,Appartement,63.0,77000.0,1222.22,2024-12-27
Épernay,51230,51200,Appartement,45.0,68000.0,1511.11,2024-12-23
Warmeriville,51660,51110,Maison,110.0,171000.0,1554.55,2024-12-27
Monthelon,51378,51530,Maison,190.0,320000.0,1684.21,2024-12-27
Aulnay-sur-Marne,51023,51150,Maison,76.0,145050.0,1908.55,2024-12-27
Reims,51454,51100,Appartement,41.0,155600.0,3795.12,2024-12-30
Châlons-en-Champagne,51108,51000,Appartement,41.0,64000.0,1560.98,2024-12-27
Frignicourt,51262,51300,Maison,115.0,142035.0,1235.09,2024-12-30
Reims,51454,51100,Appartement,106.0,290500.0,2740.57,2024-12-30
Connantre,51165,51230,Maison,210.0,180000.0,857.14,2024-12-18
Reims,51454,51100,Appartement,35.0,70000.0,2000.0,2024-12-31
Fèrebrianges,51247,51270,Maison,163.0,130000.0,797.55,2024-12-18
Le Meix-Saint-Epoing,51360,51120,Maison,147.0,344000.0,2340.14,2024-12-21
Le Meix-Saint-Epoing,51360,51120,Maison,147.0,344000.0,2340.14,2024-12-21
Châlons-en-Champagne,51108,51000,Appartement,29.0,54000.0,1862.07,2024-12-30
Reims,51454,51100,Appartement,40.0,235000.0,5875.0,2024-12-30
Reims,51454,51100,Appartement,23.0,75000.0,3260.87,2024-12-30
Saint-Hilaire-au-Temple,51485,51400,Maison,93.0,206000.0,2215.05,2024-12-19
Saint-Hilaire-au-Temple,51485,51400,Maison,93.0,206000.0,2215.05,2024-12-19
Reims,51454,51100,Maison,162.0,360000.0,2222.22,2024-07-12
Mœurs-Verdey,51369,51120,Maison,108.0,216000.0,2000.0,2024-11-27
Fagnières,51242,51510,Appartement,60.0,73000.0,1216.67,2024-12-21
Reims,51454,51100,Appartement,26.0,82000.0,3153.85,2024-12-27
Reims,51454,51100,Appartement,80.0,189600.0,2370.0,2024-12-27
Épernay,51230,51200,Appartement,63.0,61000.0,968.25,2024-05-07
Épernay,51230,51200,Appartement,41.0,61000.0,1487.8,2024-05-07
Reims,51454,51100,Maison,90.0,155000.0,1722.22,2024-04-11
Épernay,51230,51200,Appartement,58.0,101000.0,1741.38,2024-05-07
Épernay,51230,51200,Appartement,42.0,101000.0,2404.76,2024-05-07
Épernay,51230,51200,Appartement,23.0,101000.0,4391.3,2024-05-07
Épernay,51230,51200,Appartement,55.0,101000.0,1836.36,2024-05-07
Reims,51454,51100,Maison,180.0,372000.0,2066.67,2024-02-22
Reims,51454,51100,Appartement,39.0,116000.0,2974.36,2024-06-27
Reims,51454,51100,Maison,70.0,115500.0,1650.0,2024-09-26
Ville-en-Selve,51623,51500,Maison,142.0,71000.0,500.0,2024-11-14
Reims,51454,51100,Appartement,105.0,138000.0,1314.29,2024-06-13
Reims,51454,51100,Maison,91.0,240000.0,2637.36,2024-09-04
Reims,51454,51100,Appartement,72.0,120000.0,1666.67,2024-04-30
Vincelles,51644,51700,Maison,70.0,171000.0,2442.86,2024-09-03
Reims,51454,51100,Maison,72.0,215000.0,2986.11,2024-12-20
Reims,51454,51100,Maison,115.0,365000.0,3173.91,2024-12-20
Sermaize-les-Bains,51531,51250,Maison,98.0,116500.0,1188.78,2024-12-06
Sermaize-les-Bains,51531,51250,Appartement,58.0,110000.0,1896.55,2024-04-02
Sermaize-les-Bains,51531,51250,Appartement,54.0,110000.0,2037.04,2024-04-02
Sermaize-les-Bains,51531,51250,Appartement,61.0,110000.0,1803.28,2024-04-02
Sermaize-les-Bains,51531,51250,Appartement,62.0,110000.0,1774.19,2024-04-02
Sermaize-les-Bains,51531,51250,Appartement,64.0,110000.0,1718.75,2024-04-02
Sermaize-les-Bains,51531,51250,Appartement,48.0,110000.0,2291.67,2024-04-02
Le Mesnil-sur-Oger,51367,51190,Maison,200.0,686200.0,3431.0,2024-04-29
Le Mesnil-sur-Oger,51367,51190,Maison,73.0,686200.0,9400.0,2024-04-29
Châlons-en-Champagne,51108,51000,Appartement,42.0,130000.0,3095.24,2024-10-14
Châlons-en-Champagne,51108,51000,Appartement,42.0,130000.0,3095.24,2024-10-14
Bétheny,51055,51450,Maison,50.0,60000.0,1200.0,2024-06-27
