commune,code_commune,code_postal,type_local,surface_m2,valeur_fonciere,prix_m2,date_mutation
Saint-Sylvestre-Pragoulin,63400,63310,Maison,100.0,176980.0,1769.8,2024-01-04
Saint-Éloy-les-Mines,63338,63700,Appartement,40.0,25000.0,625.0,2024-01-02
Thiers,63430,63300,Maison,64.0,20000.0,312.5,2024-01-08
Vollore-Ville,63469,63120,Maison,133.0,348150.0,2617.67,2024-01-03
Savennes,63416,63750,Maison,70.0,21250.0,303.57,2024-01-04
Clermont-Ferrand,63113,63000,Appartement,77.0,199000.0,2584.42,2024-01-06
Issoire,63178,63500,Appartement,71.0,123950.0,1745.77,2024-01-04
Chamalières,63075,63400,Appartement,90.0,161000.0,1788.89,2024-01-04
Châtel-Guyon,63103,63140,Maison,68.0,88380.0,1299.71,2024-01-02
Beaumont,63032,63110,Maison,98.0,285000.0,2908.16,2024-01-04
Noalhat,63253,63290,Maison,90.0,125000.0,1388.89,2024-01-10
Arconsat,63008,63250,Maison,54.0,65777.0,1218.09,2024-01-10
Saint-Germain-Lembron,63352,63340,Maison,137.0,292805.0,2137.26,2024-01-06
Saint-Germain-Lembron,63352,63340,Maison,137.0,292805.0,2137.26,2024-01-06
Orcines,63263,63870,Maison,36.0,108700.0,3019.44,2024-01-03
Clermont-Ferrand,63113,63000,Appartement,51.0,170000.0,3333.33,2024-01-04
Chaumont-le-Bourg,63105,63220,Maison,70.0,35000.0,500.0,2024-01-05
Ménétrol,63224,63200,Maison,77.0,164000.0,2129.87,2024-01-08
Dore-l'Église,63139,63220,Maison,72.0,89000.0,1236.11,2024-01-05
Dore-l'Église,63139,63220,Maison,72.0,89000.0,1236.11,2024-01-05
Thiers,63430,63300,Appartement,76.0,37000.0,486.84,2024-01-10
Thiers,63430,63300,Appartement,82.0,35651.0,434.77,2024-01-09
Clermont-Ferrand,63113,63000,Appartement,68.0,137000.0,2014.71,2024-01-03
Clermont-Ferrand,63113,63100,Appartement,79.0,242075.0,3064.24,2024-01-02
Issoire,63178,63500,Maison,129.0,212230.0,1645.19,2024-01-12
Issoire,63178,63500,Maison,129.0,212230.0,1645.19,2024-01-12
Solignat,63422,63500,Maison,136.0,102800.0,755.88,2024-01-12
Chauriat,63106,63117,Maison,34.0,52500.0,1544.12,2024-01-08
Le Cendre,63069,63670,Appartement,90.0,230500.0,2561.11,2024-01-04
Orcet,63262,63670,Maison,79.0,245000.0,3101.27,2024-01-04
Cournon-d'Auvergne,63124,63800,Maison,83.0,218000.0,2626.51,2024-01-05
Riom,63300,63200,Maison,66.0,129783.0,1966.41,2024-01-03
Mont-Dore,63236,63240,Maison,60.0,204000.0,3400.0,2024-01-09
Beaumont,63032,63110,Appartement,86.0,228000.0,2651.16,2024-01-04
Cébazat,63063,63118,Maison,56.0,112010.0,2000.18,2024-01-15
Orcines,63263,63870,Maison,91.0,285500.0,3137.36,2024-01-05
Aydat,63026,63970,Maison,112.0,289000.0,2580.36,2024-01-05
Beaumont,63032,63110,Maison,91.0,142500.0,1565.93,2024-01-09
Plauzat,63282,63730,Maison,134.0,208000.0,1552.24,2024-01-10
Romagnat,63307,63540,Maison,70.0,206150.0,2945.0,2024-01-12
Clermont-Ferrand,63113,63000,Appartement,53.0,96500.0,1820.75,2024-01-09
Vertaizon,63453,63910,Maison,70.0,191600.0,2737.14,2024-01-10
Vertaizon,63453,63910,Maison,96.0,191600.0,1995.83,2024-01-10
Vertaizon,63453,63910,Maison,48.0,191600.0,3991.67,2024-01-10
Vertaizon,63453,63910,Maison,96.0,191600.0,1995.83,2024-01-10
Vertaizon,63453,63910,Appartement,48.0,191600.0,3991.67,2024-01-10
Vertaizon,63453,63910,Appartement,54.0,191600.0,3548.15,2024-01-10
Vertaizon,63453,63910,Appartement,54.0,191600.0,3548.15,2024-01-10
Vertaizon,63453,63910,Appartement,48.0,191600.0,3991.67,2024-01-10
Saint-Germain-Lembron,63352,63340,Maison,55.0,50000.0,909.09,2024-01-04
Plauzat,63282,63730,Maison,20.0,31000.0,1550.0,2024-01-02
Clermont-Ferrand,63113,63100,Appartement,44.0,78300.0,1779.55,2024-01-15
Cournon-d'Auvergne,63124,63800,Maison,69.0,163200.0,2365.22,2024-01-05
Pont-du-Château,63284,63430,Maison,83.0,218200.0,2628.92,2024-01-04
Thiers,63430,63300,Maison,86.0,32000.0,372.09,2024-01-05
Clermont-Ferrand,63113,63000,Appartement,66.0,120000.0,1818.18,2024-01-05
Chamalières,63075,63400,Appartement,65.0,136000.0,2092.31,2024-01-09
Saint-Alyre-ès-Montagne,63313,63420,Maison,60.0,50000.0,833.33,2024-01-15
Clermont-Ferrand,63113,63100,Maison,77.0,297880.0,3868.57,2024-01-08
Luzillat,63201,63350,Maison,182.0,140000.0,769.23,2024-01-12
Clermont-Ferrand,63113,63000,Appartement,17.0,51100.0,3005.88,2024-01-03
Pont-du-Château,63284,63430,Maison,90.0,253500.0,2816.67,2024-01-05
Clermont-Ferrand,63113,63000,Appartement,83.0,163800.0,1973.49,2024-01-09
Lezoux,63195,63190,Maison,56.0,120000.0,2142.86,2024-01-10
Prondines,63289,63470,Maison,92.0,78000.0,847.83,2024-01-12
Prondines,63289,63470,Maison,92.0,78000.0,847.83,2024-01-12
Clermont-Ferrand,63113,63100,Maison,93.0,290000.0,3118.28,2024-01-11
Clermont-Ferrand,63113,63000,Appartement,38.0,80000.0,2105.26,2024-01-10
Saint-Bonnet-près-Riom,63327,63200,Maison,75.0,144500.0,1926.67,2024-01-12
Clermont-Ferrand,63113,63000,Appartement,24.0,83000.0,3458.33,2024-01-10
Clermont-Ferrand,63113,63000,Appartement,67.0,149800.0,2235.82,2024-01-09
Beaumont,63032,63110,Appartement,48.0,116400.0,2425.0,2024-01-09
Saint-Sauves-d'Auvergne,63397,63950,Maison,70.0,60000.0,857.14,2024-01-03
Saint-Sauves-d'Auvergne,63397,63950,Maison,66.0,60000.0,909.09,2024-01-03
Mont-Dore,63236,63240,Appartement,43.0,130000.0,3023.26,2024-01-03
Celles-sur-Durolle,63066,63250,Maison,50.0,20000.0,400.0,2024-01-16
Clermont-Ferrand,63113,63100,Appartement,44.0,114600.0,2604.55,2024-01-10
Celles-sur-Durolle,63066,63250,Maison,88.0,38900.0,442.05,2024-01-15
Clermont-Ferrand,63113,63000,Appartement,67.0,112650.0,1681.34,2024-01-08
Besse-et-Saint-Anastaise,63038,63610,Appartement,48.0,217000.0,4520.83,2024-01-08
Clermont-Ferrand,63113,63000,Appartement,24.0,73000.0,3041.67,2024-01-08
Clermont-Ferrand,63113,63000,Appartement,99.0,219400.0,2216.16,2024-01-04
Saint-Ferréol-des-Côtes,63341,63600,Maison,140.0,114500.0,817.86,2024-01-08
Issoire,63178,63500,Appartement,70.0,128000.0,1828.57,2024-01-09
Issoire,63178,63500,Appartement,40.0,128000.0,3200.0,2024-01-09
Issoire,63178,63500,Appartement,36.0,128000.0,3555.56,2024-01-09
Clermont-Ferrand,63113,63000,Appartement,37.0,75900.0,2051.35,2024-01-09
Clermont-Ferrand,63113,63100,Appartement,30.0,61500.0,2050.0,2024-01-12
Saint-Maurice,63378,63270,Maison,130.0,362600.0,2789.23,2024-01-16
Clermont-Ferrand,63113,63000,Maison,87.0,232750.0,2675.29,2024-01-03
Clermont-Ferrand,63113,63100,Maison,60.0,135800.0,2263.33,2024-01-16
Beaumont-lès-Randan,63033,63310,Maison,32.0,67000.0,2093.75,2024-01-08
Larodde,63190,63690,Maison,37.0,30000.0,810.81,2024-01-03
Mont-Dore,63236,63240,Appartement,32.0,40000.0,1250.0,2024-01-06
Clermont-Ferrand,63113,63000,Appartement,91.0,295000.0,3241.76,2024-01-12
Cournon-d'Auvergne,63124,63800,Appartement,41.0,94443.0,2303.49,2024-01-12
Ceyrat,63070,63122,Maison,92.0,276000.0,3000.0,2024-01-03
Nohanent,63254,63830,Maison,78.0,328850.0,4216.03,2024-01-15
Viscomtat,63463,63250,Maison,85.0,116065.0,1365.47,2024-01-05
Saint-Hilaire,63360,63330,Maison,90.0,103712.0,1152.36,2024-01-10
Veyre-Monton,63455,63960,Maison,92.0,289100.0,3142.39,2024-01-12
Charensat,63094,63640,Maison,130.0,90000.0,692.31,2024-01-03
La Bourboule,63047,63150,Appartement,73.0,200000.0,2739.73,2024-01-08
Viscomtat,63463,63250,Maison,90.0,82000.0,911.11,2024-01-19
Clermont-Ferrand,63113,63000,Appartement,63.0,161820.0,2568.57,2024-01-02
Manzat,63206,63410,Maison,100.0,119000.0,1190.0,2024-01-04
Manzat,63206,63410,Appartement,49.0,119000.0,2428.57,2024-01-04
Manzat,63206,63410,Appartement,49.0,119000.0,2428.57,2024-01-04
Cournon-d'Auvergne,63124,63800,Maison,90.0,242835.0,2698.17,2024-01-04
Aigueperse,63001,63260,Appartement,49.0,124000.0,2530.61,2024-01-09
Aigueperse,63001,63260,Appartement,49.0,124000.0,2530.61,2024-01-09
Aigueperse,63001,63260,Appartement,49.0,124000.0,2530.61,2024-01-09
Clermont-Ferrand,63113,63000,Appartement,42.0,70200.0,1671.43,2024-01-17
Cournon-d'Auvergne,63124,63800,Appartement,46.0,129800.0,2821.74,2024-01-10
Chalus,63074,63340,Maison,102.0,231950.0,2274.02,2024-01-05
Saint-Sandoux,63395,63450,Maison,65.0,122800.0,1889.23,2024-01-18
Clermont-Ferrand,63113,63000,Appartement,37.0,68000.0,1837.84,2024-01-05
Auzat-la-Combelle,63022,63570,Maison,55.0,83600.0,1520.0,2024-01-11
Cournon-d'Auvergne,63124,63800,Maison,86.0,222000.0,2581.4,2024-01-12
Brassac-les-Mines,63050,63570,Maison,105.0,220550.0,2100.48,2024-01-11
Corent,63120,63730,Maison,49.0,168015.08,3428.88,2024-01-18
Corent,63120,63730,Maison,78.0,168015.08,2154.04,2024-01-18
Corent,63120,63730,Maison,66.0,168015.08,2545.68,2024-01-18
Corent,63120,63730,Maison,69.0,168015.08,2435.0,2024-01-18
Clermont-Ferrand,63113,63000,Appartement,28.0,48000.0,1714.29,2024-01-08
Cunlhat,63132,63590,Maison,105.0,164100.0,1562.86,2024-01-05
Issoire,63178,63500,Maison,94.0,177000.0,1882.98,2024-01-11
Clermont-Ferrand,63113,63000,Appartement,28.0,68325.0,2440.18,2024-01-12
Beaumont,63032,63110,Appartement,94.0,175800.0,1870.21,2024-01-10
Aulnat,63019,63510,Maison,44.0,111500.0,2534.09,2024-01-10
Thiers,63430,63300,Appartement,43.0,50000.0,1162.79,2024-01-15
Clermont-Ferrand,63113,63100,Maison,112.0,232200.0,2073.21,2024-01-19
Thiers,63430,63300,Maison,90.0,65000.0,722.22,2024-01-15
Thiers,63430,63300,Maison,90.0,65000.0,722.22,2024-01-15
Thiers,63430,63300,Maison,90.0,65000.0,722.22,2024-01-15
Clermont-Ferrand,63113,63000,Appartement,48.0,95000.0,1979.17,2024-01-16
Saint-Amant-Tallende,63315,63450,Maison,92.0,233000.0,2532.61,2024-01-18
Sauxillanges,63415,63490,Maison,26.0,18000.0,692.31,2024-01-19
Chamalières,63075,63400,Maison,95.0,190000.0,2000.0,2024-01-04
Crevant-Laveine,63128,63350,Maison,97.0,165000.0,1701.03,2024-01-18
Riom,63300,63200,Appartement,75.0,140000.0,1866.67,2024-01-13
Lempdes,63193,63370,Maison,106.0,84000.0,792.45,2024-01-05
Le Vernet-Sainte-Marguerite,63449,63710,Maison,69.0,142290.0,2062.17,2024-01-19
Chamalières,63075,63400,Appartement,63.0,203500.0,3230.16,2024-01-12
Bromont-Lamothe,63055,63230,Maison,60.0,135350.0,2255.83,2024-01-19
Riom,63300,63200,Maison,91.0,213300.0,2343.96,2024-01-17
Issoire,63178,63500,Appartement,25.0,44000.0,1760.0,2024-01-19
Beaumont,63032,63110,Maison,60.0,300000.0,5000.0,2024-01-17
Veyre-Monton,63455,63960,Maison,139.0,481500.0,3464.03,2024-01-17
Issoire,63178,63500,Maison,25.0,55000.0,2200.0,2024-01-19
Clermont-Ferrand,63113,63100,Appartement,44.0,84250.0,1914.77,2024-01-18
Issoire,63178,63500,Appartement,57.0,130000.0,2280.7,2024-01-19
Issoire,63178,63500,Appartement,55.0,81000.0,1472.73,2024-01-17
Mareugheol,63209,63340,Maison,93.0,159700.0,1717.2,2024-01-16
Clermont-Ferrand,63113,63000,Appartement,35.0,62000.0,1771.43,2024-01-12
Doranges,63137,63220,Maison,104.0,131500.0,1264.42,2024-01-20
Clermont-Ferrand,63113,63100,Maison,112.0,171000.0,1526.79,2024-01-10
Clermont-Ferrand,63113,63100,Appartement,82.0,95000.0,1158.54,2024-01-17
Pont-du-Château,63284,63430,Maison,70.0,192000.0,2742.86,2024-01-17
Lempdes,63193,63370,Appartement,78.0,165000.0,2115.38,2024-01-12
Cournon-d'Auvergne,63124,63800,Appartement,67.0,114000.0,1701.49,2024-01-17
Clermont-Ferrand,63113,63000,Appartement,56.0,125233.0,2236.3,2024-01-17
Clermont-Ferrand,63113,63100,Appartement,105.0,150000.0,1428.57,2024-01-19
Royat,63308,63130,Maison,32.0,38000.0,1187.5,2024-01-22
Clermont-Ferrand,63113,63000,Appartement,76.0,125000.0,1644.74,2024-01-12
Clermont-Ferrand,63113,63000,Appartement,40.0,91200.0,2280.0,2024-01-08
Châtel-Guyon,63103,63140,Maison,122.0,262420.0,2150.98,2024-01-13
Saint-Nectaire,63380,63710,Maison,56.0,189900.0,3391.07,2024-01-22
Saint-Nectaire,63380,63710,Maison,44.0,189900.0,4315.91,2024-01-22
Saint-Nectaire,63380,63710,Maison,140.0,189900.0,1356.43,2024-01-22
Orléat,63265,63190,Maison,80.0,263850.0,3298.12,2024-01-22
Orléat,63265,63190,Maison,80.0,263850.0,3298.12,2024-01-22
La Bourboule,63047,63150,Appartement,18.0,41000.0,2277.78,2024-01-13
Cournon-d'Auvergne,63124,63800,Maison,55.0,171000.0,3109.09,2024-01-12
Cournon-d'Auvergne,63124,63800,Maison,33.0,171000.0,5181.82,2024-01-12
Clermont-Ferrand,63113,63100,Appartement,46.0,80000.0,1739.13,2024-01-04
Gerzat,63164,63360,Maison,77.0,178000.0,2311.69,2024-01-22
Yronde-et-Buron,63472,63270,Maison,110.0,238200.0,2165.45,2024-01-09
Clermont-Ferrand,63113,63000,Maison,64.0,199000.0,3109.38,2024-01-04
Clermont-Ferrand,63113,63100,Appartement,69.0,135000.0,1956.52,2024-01-09
Clermont-Ferrand,63113,63000,Appartement,76.0,90000.0,1184.21,2024-01-08
Mont-Dore,63236,63240,Appartement,29.0,87000.0,3000.0,2024-01-22
Condat-en-Combraille,63118,63380,Maison,60.0,63000.0,1050.0,2024-01-18
Condat-en-Combraille,63118,63380,Maison,108.0,63000.0,583.33,2024-01-18
La Bourboule,63047,63150,Appartement,44.0,64500.0,1465.91,2024-01-04
Châteauneuf-les-Bains,63100,63390,Maison,122.0,188100.0,1541.8,2024-01-05
Châteauneuf-les-Bains,63100,63390,Maison,122.0,188100.0,1541.8,2024-01-05
Orcival,63264,63210,Appartement,80.0,76050.0,950.62,2024-01-22
Orcival,63264,63210,Appartement,40.0,76050.0,1901.25,2024-01-22
Clermont-Ferrand,63113,63000,Appartement,132.0,380000.0,2878.79,2024-01-11
Saint-Ours,63381,63230,Maison,50.0,69000.0,1380.0,2024-01-02
Saint-Ours,63381,63230,Maison,50.0,69000.0,1380.0,2024-01-02
Clermont-Ferrand,63113,63000,Appartement,45.0,79500.0,1766.67,2024-01-04
Clermont-Ferrand,63113,63000,Appartement,36.0,355000.0,9861.11,2024-01-10
Clermont-Ferrand,63113,63000,Appartement,40.0,355000.0,8875.0,2024-01-10
Clermont-Ferrand,63113,63000,Appartement,40.0,355000.0,8875.0,2024-01-10
Clermont-Ferrand,63113,63000,Appartement,40.0,355000.0,8875.0,2024-01-10
Clermont-Ferrand,63113,63000,Appartement,36.0,355000.0,9861.11,2024-01-10
Clermont-Ferrand,63113,63000,Appartement,36.0,355000.0,9861.11,2024-01-10
Chanonat,63084,63450,Maison,113.0,380000.0,3362.83,2024-01-15
Chanonat,63084,63450,Maison,113.0,380000.0,3362.83,2024-01-15
Clermont-Ferrand,63113,63000,Appartement,19.0,60500.0,3184.21,2024-01-15
Clermont-Ferrand,63113,63000,Appartement,50.0,124500.0,2490.0,2024-01-18
Clermont-Ferrand,63113,63100,Maison,112.0,171000.0,1526.79,2024-01-09
Paslières,63271,63290,Maison,119.0,210000.0,1764.71,2024-01-12
Clermont-Ferrand,63113,63000,Appartement,29.0,76040.0,2622.07,2024-01-04
Sallèdes,63405,63270,Maison,100.0,90000.0,900.0,2024-01-03
Clermont-Ferrand,63113,63000,Maison,95.0,326750.0,3439.47,2024-01-12
Mont-Dore,63236,63240,Appartement,24.0,61400.0,2558.33,2024-01-12
Paslières,63271,63290,Maison,70.0,101000.0,1442.86,2024-01-15
Lezoux,63195,63190,Maison,52.0,110000.0,2115.38,2024-01-09
Chamalières,63075,63400,Appartement,28.0,48000.0,1714.29,2024-01-18
Riom,63300,63200,Appartement,58.0,527850.0,9100.86,2024-01-11
Riom,63300,63200,Appartement,91.0,527850.0,5800.55,2024-01-11
Riom,63300,63200,Appartement,110.0,527850.0,4798.64,2024-01-11
Riom,63300,63200,Appartement,152.0,527850.0,3472.7,2024-01-11
Riom,63300,63200,Appartement,66.0,527850.0,7997.73,2024-01-11
Puy-Guillaume,63291,63290,Appartement,57.0,75000.0,1315.79,2024-01-15
Puy-Guillaume,63291,63290,Appartement,56.0,75000.0,1339.29,2024-01-15
Courpière,63125,63120,Maison,122.0,14649.39,120.08,2024-01-17
Durtol,63141,63830,Maison,108.0,475100.0,4399.07,2024-01-18
Chabreloche,63072,63250,Maison,70.0,64000.0,914.29,2024-01-15
Chabreloche,63072,63250,Maison,70.0,64000.0,914.29,2024-01-15
Ennezat,63148,63720,Maison,140.0,81000.0,578.57,2024-01-08
Clermont-Ferrand,63113,63100,Appartement,100.0,174900.0,1749.0,2024-01-16
Augnat,63017,63340,Maison,88.0,149670.0,1700.8,2024-01-15
Chamalières,63075,63400,Appartement,68.0,240000.0,3529.41,2024-01-16
Beaumont,63032,63110,Maison,65.0,183300.0,2820.0,2024-01-15
Chamalières,63075,63400,Appartement,94.0,276415.0,2940.59,2024-01-17
Riom,63300,63200,Appartement,20.0,55840.0,2792.0,2024-01-11
Châteldon,63102,63290,Appartement,114.0,40000.0,350.88,2024-01-08
Arlanc,63010,63220,Maison,72.0,81300.0,1129.17,2024-01-10
Arlanc,63010,63220,Maison,60.0,81300.0,1355.0,2024-01-10
Clermont-Ferrand,63113,63100,Appartement,109.0,224600.0,2060.55,2024-01-22
Clermont-Ferrand,63113,63000,Appartement,27.0,33500.0,1240.74,2024-01-03
Saint-Gal-sur-Sioule,63344,63440,Maison,50.0,60000.0,1200.0,2024-01-04
Effiat,63143,63260,Maison,97.0,157100.0,1619.59,2024-01-11
Effiat,63143,63260,Maison,97.0,157100.0,1619.59,2024-01-11
Clermont-Ferrand,63113,63100,Appartement,39.0,87420.0,2241.54,2024-01-18
Clermont-Ferrand,63113,63000,Appartement,275.0,1150000.0,4181.82,2024-01-15
Châtel-Guyon,63103,63140,Maison,75.0,213879.0,2851.72,2024-01-11
Sainte-Catherine,63328,63580,Maison,100.0,99400.0,994.0,2024-01-23
Cébazat,63063,63118,Appartement,53.0,125000.0,2358.49,2024-01-04
Clermont-Ferrand,63113,63100,Appartement,71.0,116500.0,1640.85,2024-01-10
La Roche-Noire,63306,63800,Maison,262.0,725000.0,2767.18,2024-01-09
La Roche-Noire,63306,63800,Maison,262.0,725000.0,2767.18,2024-01-09
Clermont-Ferrand,63113,63100,Appartement,39.0,120000.0,3076.92,2024-01-11
Clermont-Ferrand,63113,63000,Maison,48.0,174350.0,3632.29,2024-01-04
Riom,63300,63200,Maison,89.0,199500.0,2241.57,2024-01-09
Clermont-Ferrand,63113,63000,Appartement,33.0,48000.0,1454.55,2024-01-09
Chambaron sur Morge,63244,63200,Maison,234.0,342000.0,1461.54,2024-01-15
Clermont-Ferrand,63113,63000,Appartement,35.0,80000.0,2285.71,2024-01-19
Grandval,63174,63890,Maison,90.0,108000.0,1200.0,2024-01-09
Cébazat,63063,63118,Appartement,50.0,126200.0,2524.0,2024-01-10
Chambaron sur Morge,63244,63200,Maison,90.0,263150.0,2923.89,2024-01-15
Clermont-Ferrand,63113,63000,Maison,53.0,105000.0,1981.13,2024-01-05
Cournon-d'Auvergne,63124,63800,Maison,112.0,360000.0,3214.29,2024-01-26
Clermont-Ferrand,63113,63000,Appartement,54.0,145000.0,2685.19,2024-01-09
Cournon-d'Auvergne,63124,63800,Appartement,48.0,110000.0,2291.67,2024-01-23
Clermont-Ferrand,63113,63000,Appartement,20.0,143500.0,7175.0,2024-01-12
Clermont-Ferrand,63113,63000,Appartement,20.0,143500.0,7175.0,2024-01-12
Châtel-Guyon,63103,63140,Appartement,16.0,25000.0,1562.5,2024-01-24
Riom,63300,63200,Maison,70.0,192100.0,2744.29,2024-01-04
Ceyrat,63070,63122,Maison,140.0,406000.0,2900.0,2024-01-10
Riom,63300,63200,Maison,88.0,240760.0,2735.91,2024-01-15
Saint-Floret,63342,63320,Maison,62.0,25000.0,403.23,2024-01-22
Clermont-Ferrand,63113,63000,Appartement,98.0,217000.0,2214.29,2024-01-19
Saint-Maurice,63378,63270,Maison,86.0,95000.0,1104.65,2024-01-09
Vic-le-Comte,63457,63270,Maison,80.0,202300.0,2528.75,2024-01-10
Riom,63300,63200,Maison,106.0,242240.0,2285.28,2024-01-16
Cébazat,63063,63118,Maison,150.0,190600.0,1270.67,2024-01-25
Corent,63120,63730,Maison,78.0,204000.0,2615.38,2024-01-05
Beaumont,63032,63110,Appartement,86.0,214500.0,2494.19,2024-01-23
Malauzat,63203,63200,Maison,200.0,536050.0,2680.25,2024-01-23
Les Martres-de-Veyre,63214,63730,Maison,51.0,80000.0,1568.63,2024-01-23
Veyre-Monton,63455,63960,Maison,70.0,160000.0,2285.71,2024-01-22
Pérignat-lès-Sarliève,63272,63170,Maison,99.0,303710.0,3067.78,2024-01-26
Champs,63082,63440,Maison,35.0,172000.0,4914.29,2024-01-05
Champs,63082,63440,Maison,118.0,172000.0,1457.63,2024-01-05
Clermont-Ferrand,63113,63100,Appartement,39.0,85000.0,2179.49,2024-01-23
Cébazat,63063,63118,Maison,68.0,157160.0,2311.18,2024-01-19
Saint-Sandoux,63395,63450,Maison,80.0,100000.0,1250.0,2024-01-26
Clermont-Ferrand,63113,63000,Appartement,67.0,90000.0,1343.28,2024-01-19
Clermont-Ferrand,63113,63000,Maison,50.0,211600.0,4232.0,2024-01-05
Clermont-Ferrand,63113,63000,Appartement,42.0,87300.0,2078.57,2024-01-18
Bagnols,63028,63810,Maison,42.0,82000.0,1952.38,2024-01-10
Bagnols,63028,63810,Maison,42.0,82000.0,1952.38,2024-01-10
Issoire,63178,63500,Maison,29.0,170000.0,5862.07,2024-01-19
Issoire,63178,63500,Maison,33.0,170000.0,5151.52,2024-01-19
Issoire,63178,63500,Maison,135.0,170000.0,1259.26,2024-01-19
Saint-Quentin-sur-Sauxillanges,63389,63490,Maison,132.0,170000.0,1287.88,2024-01-08
Clermont-Ferrand,63113,63000,Appartement,108.0,292000.0,2703.7,2024-01-18
Clermont-Ferrand,63113,63000,Appartement,64.0,124800.0,1950.0,2024-01-19
Cournon-d'Auvergne,63124,63800,Maison,90.0,305000.0,3388.89,2024-01-23
Sauxillanges,63415,63490,Maison,95.0,185000.0,1947.37,2024-01-24
Lamontgie,63185,63570,Maison,100.0,132000.0,1320.0,2024-01-23
Clermont-Ferrand,63113,63000,Appartement,18.0,104500.0,5805.56,2024-01-25
Saint-Rémy-de-Chargnat,63392,63500,Maison,93.0,245200.0,2636.56,2024-01-23
Saint-Rémy-de-Chargnat,63392,63500,Maison,93.0,245200.0,2636.56,2024-01-23
Parent,63269,63270,Maison,107.0,235400.0,2200.0,2024-01-15
Saint-Genès-Champanelle,63345,63122,Maison,70.0,295060.0,4215.14,2024-01-12
Saint-Genès-Champanelle,63345,63122,Maison,70.0,295060.0,4215.14,2024-01-12
Veyre-Monton,63455,63960,Maison,131.0,352200.0,2688.55,2024-01-26
Clermont-Ferrand,63113,63100,Appartement,72.0,78000.0,1083.33,2024-01-25
Besse-et-Saint-Anastaise,63038,63610,Appartement,36.0,95100.0,2641.67,2024-01-31
Mont-Dore,63236,63240,Appartement,34.0,92000.0,2705.88,2024-01-20
Clermont-Ferrand,63113,63100,Appartement,65.0,95300.0,1466.15,2024-01-15
Échandelys,63142,63980,Maison,70.0,40000.0,571.43,2024-01-23
Échandelys,63142,63980,Maison,70.0,40000.0,571.43,2024-01-23
Saint-Amant-Tallende,63315,63450,Maison,94.0,109300.0,1162.77,2024-01-23
Saint-Amant-Tallende,63315,63450,Maison,50.0,109300.0,2186.0,2024-01-23
Beauregard-Vendon,63035,63460,Maison,127.0,315000.0,2480.31,2024-01-19
Beauregard-Vendon,63035,63460,Maison,127.0,315000.0,2480.31,2024-01-19
Clermont-Ferrand,63113,63000,Maison,110.0,310000.0,2818.18,2024-01-29
Aulnat,63019,63510,Maison,101.0,267964.0,2653.11,2024-01-12
Martres-sur-Morge,63215,63720,Maison,121.0,274910.0,2271.98,2024-01-17
Jozerand,63181,63460,Maison,134.0,246000.0,1835.82,2024-01-19
Jozerand,63181,63460,Maison,134.0,246000.0,1835.82,2024-01-19
Mur-sur-Allier,63226,63115,Maison,120.0,230000.0,1916.67,2024-01-30
Clermont-Ferrand,63113,63000,Appartement,19.0,61500.0,3236.84,2024-01-22
Lempdes,63193,63370,Appartement,43.0,56200.0,1306.98,2024-01-30
Beaumont,63032,63110,Appartement,79.0,195000.0,2468.35,2024-01-19
Clermont-Ferrand,63113,63000,Appartement,27.0,121800.0,4511.11,2024-01-25
Clermont-Ferrand,63113,63000,Appartement,27.0,121800.0,4511.11,2024-01-25
Beaumont,63032,63110,Maison,97.0,165000.0,1701.03,2024-01-22
Clermont-Ferrand,63113,63100,Appartement,31.0,48500.0,1564.52,2024-01-23
Les Martres-de-Veyre,63214,63730,Maison,80.0,180000.0,2250.0,2024-01-26
Aubière,63014,63170,Appartement,80.0,136000.0,1700.0,2024-01-24
Clermont-Ferrand,63113,63000,Appartement,62.0,180000.0,2903.23,2024-01-24
Clermont-Ferrand,63113,63000,Appartement,82.0,233200.0,2843.9,2024-01-22
Issoire,63178,63500,Appartement,43.0,83000.0,1930.23,2024-01-26
Saint-Victor-Montvianeix,63402,63550,Maison,70.0,35000.0,500.0,2024-01-29
Moureuille,63243,63700,Maison,60.0,70000.0,1166.67,2024-01-23
Le Crest,63126,63450,Maison,148.0,397500.0,2685.81,2024-01-04
Le Crest,63126,63450,Maison,148.0,397500.0,2685.81,2024-01-04
Estandeuil,63155,63520,Maison,45.0,30000.0,666.67,2024-01-11
Thiers,63430,63300,Appartement,54.0,48000.0,888.89,2024-01-08
Nonette-Orsonnette,63255,63340,Maison,70.0,210000.0,3000.0,2024-01-10
Ambert,63003,63600,Appartement,50.0,353500.0,7070.0,2024-01-17
Orbeil,63261,63500,Maison,33.0,80000.0,2424.24,2024-01-26
Orbeil,63261,63500,Maison,98.0,80000.0,816.33,2024-01-26
Orbeil,63261,63500,Maison,60.0,80000.0,1333.33,2024-01-26
Courpière,63125,63120,Maison,54.0,72000.0,1333.33,2024-01-31
Billom,63040,63160,Maison,92.0,181600.0,1973.91,2024-01-10
Olliergues,63258,63880,Maison,77.0,102700.0,1333.77,2024-01-25
Courpière,63125,63120,Maison,63.0,75000.0,1190.48,2024-01-25
Saint-Nectaire,63380,63710,Appartement,64.0,58000.0,906.25,2024-01-25
Moureuille,63243,63700,Maison,91.0,60000.0,659.34,2024-01-04
Moureuille,63243,63700,Maison,91.0,60000.0,659.34,2024-01-04
Montaigut,63233,63700,Maison,87.0,115000.0,1321.84,2024-01-13
Cournon-d'Auvergne,63124,63800,Appartement,78.0,123900.0,1588.46,2024-01-12
Saint-Gervais-d'Auvergne,63354,63390,Maison,100.0,15000.0,150.0,2024-01-09
Montaigut,63233,63700,Maison,95.0,14000.0,147.37,2024-01-10
Marcillat,63208,63440,Maison,64.0,30000.0,468.75,2024-01-16
Saint-Priest-des-Champs,63388,63640,Appartement,60.0,50000.0,833.33,2024-01-19
Saint-Priest-des-Champs,63388,63640,Appartement,94.0,50000.0,531.91,2024-01-19
Saint-Éloy-les-Mines,63338,63700,Maison,79.0,10000.0,126.58,2024-01-31
Saint-Babel,63321,63500,Maison,80.0,68800.0,860.0,2024-01-24
Brassac-les-Mines,63050,63570,Appartement,63.0,30000.0,476.19,2024-01-19
Beaulieu,63031,63570,Maison,75.0,28000.0,373.33,2024-01-22
Clermont-Ferrand,63113,63000,Appartement,82.0,247350.0,3016.46,2024-01-29
Clermont-Ferrand,63113,63000,Maison,64.0,195000.0,3046.88,2024-01-29
Besse-et-Saint-Anastaise,63038,63610,Appartement,36.0,100000.0,2777.78,2024-01-30
Chamalières,63075,63400,Appartement,48.0,126000.0,2625.0,2024-01-24
Montmorin,63239,63160,Maison,95.0,117000.0,1231.58,2024-01-10
Clermont-Ferrand,63113,63000,Appartement,37.0,92000.0,2486.49,2024-01-19
Le Breuil-sur-Couze,63052,63340,Maison,54.0,12000.0,222.22,2024-01-22
Clermont-Ferrand,63113,63100,Maison,147.0,341990.0,2326.46,2024-01-29
Enval,63150,63530,Maison,52.0,110843.0,2131.6,2024-01-12
Châtel-Guyon,63103,63140,Appartement,80.0,150000.0,1875.0,2024-01-23
Gignat,63166,63340,Maison,71.0,32000.0,450.7,2024-01-30
Riom,63300,63200,Appartement,31.0,67900.0,2190.32,2024-01-16
Dore-l'Église,63139,63220,Maison,90.0,47500.0,527.78,2024-01-15
Saint-Gervais-d'Auvergne,63354,63390,Maison,80.0,36000.0,450.0,2024-01-16
Chamalières,63075,63400,Maison,79.0,365000.0,4620.25,2024-01-27
Tours-sur-Meymont,63434,63590,Maison,105.0,95000.0,904.76,2024-01-19
Sauxillanges,63415,63490,Maison,140.0,159720.0,1140.86,2024-01-18
Sauxillanges,63415,63490,Maison,144.0,178930.0,1242.57,2024-01-18
Saint-Germain-Lembron,63352,63340,Maison,90.0,159410.0,1771.22,2024-01-18
Saint-Germain-Lembron,63352,63340,Maison,90.0,159410.0,1771.22,2024-01-18
Chamalières,63075,63400,Appartement,64.0,143000.0,2234.38,2024-01-31
Chamalières,63075,63400,Appartement,62.0,178000.0,2870.97,2024-01-12
Saint-Sylvestre-Pragoulin,63400,63310,Maison,56.0,89000.0,1589.29,2024-01-19
Saint-Priest-Bramefant,63387,63310,Maison,103.0,219400.0,2130.1,2024-01-17
Mons,63232,63310,Maison,35.0,115000.0,3285.71,2024-01-25
Mons,63232,63310,Maison,35.0,115000.0,3285.71,2024-01-25
Saulzet-le-Froid,63407,63970,Maison,102.0,180000.0,1764.71,2024-01-26
Besse-et-Saint-Anastaise,63038,63610,Appartement,33.0,76000.0,2303.03,2024-01-26
Nohanent,63254,63830,Maison,141.0,206700.0,1465.96,2024-02-01
Courpière,63125,63120,Appartement,64.0,40000.0,625.0,2024-01-08
Courpière,63125,63120,Appartement,90.0,40000.0,444.44,2024-01-08
Courpière,63125,63120,Appartement,64.0,40000.0,625.0,2024-01-08
Courpière,63125,63120,Appartement,64.0,40000.0,625.0,2024-01-08
Courpière,63125,63120,Appartement,64.0,40000.0,625.0,2024-01-08
Condat-lès-Montboissier,63119,63490,Maison,89.0,142500.0,1601.12,2024-01-12
Condat-lès-Montboissier,63119,63490,Maison,89.0,142500.0,1601.12,2024-01-12
Saint-Étienne-sur-Usson,63340,63580,Maison,106.0,110000.0,1037.74,2024-01-17
Randan,63295,63310,Maison,145.0,129500.0,893.1,2024-01-29
Chamalières,63075,63400,Appartement,65.0,130000.0,2000.0,2024-01-12
Blot-l'Église,63043,63440,Maison,87.0,134500.0,1545.98,2024-01-12
Blot-l'Église,63043,63440,Maison,87.0,134500.0,1545.98,2024-01-12
Blot-l'Église,63043,63440,Maison,87.0,134500.0,1545.98,2024-01-12
Rentières,63299,63420,Maison,150.0,252780.0,1685.2,2024-01-23
Bourg-Lastic,63048,63760,Maison,110.0,139000.0,1263.64,2024-01-26
Grandrif,63173,63600,Maison,36.0,80000.0,2222.22,2024-01-19
Clermont-Ferrand,63113,63000,Appartement,38.0,93500.0,2460.53,2024-01-23
Issoire,63178,63500,Appartement,86.0,121700.0,1415.12,2024-01-26
Lempdes,63193,63370,Maison,96.0,172000.0,1791.67,2024-01-10
Issoire,63178,63500,Maison,93.0,177350.0,1906.99,2024-01-30
Montaigut-le-Blanc,63234,63320,Maison,77.0,66980.0,869.87,2024-01-30
Champeix,63080,63320,Maison,104.0,160000.0,1538.46,2024-01-20
Tourzel-Ronzières,63435,63320,Maison,80.0,52000.0,650.0,2024-01-26
Issoire,63178,63500,Appartement,86.0,142900.0,1661.63,2024-01-26
Sauvagnat-Sainte-Marthe,63411,63500,Maison,118.0,144020.0,1220.51,2024-01-26
Vertolaye,63454,63480,Maison,105.0,114830.0,1093.62,2024-01-22
Manglieu,63205,63270,Maison,149.0,229100.0,1537.58,2024-01-16
Saint-Diéry,63335,63320,Maison,84.0,122600.0,1459.52,2024-01-18
Clermont-Ferrand,63113,63000,Appartement,23.0,39000.0,1695.65,2024-01-26
Clermont-Ferrand,63113,63100,Appartement,78.0,109300.0,1401.28,2024-01-31
Clermont-Ferrand,63113,63000,Appartement,47.0,94500.0,2010.64,2024-01-19
Aulnat,63019,63510,Maison,96.0,213000.0,2218.75,2024-01-12
Ambert,63003,63600,Maison,50.0,180000.0,3600.0,2024-01-25
Ambert,63003,63600,Maison,50.0,180000.0,3600.0,2024-01-25
Ambert,63003,63600,Maison,50.0,180000.0,3600.0,2024-01-25
Ambert,63003,63600,Maison,50.0,180000.0,3600.0,2024-01-25
Tallende,63425,63450,Maison,90.0,275900.0,3065.56,2024-01-25
Montaigut,63233,63700,Maison,71.0,30000.0,422.54,2024-01-31
Brassac-les-Mines,63050,63570,Maison,90.0,155000.0,1722.22,2024-01-15
Brassac-les-Mines,63050,63570,Maison,90.0,155000.0,1722.22,2024-01-15
Brassac-les-Mines,63050,63570,Maison,90.0,155000.0,1722.22,2024-01-15
Neuf-Église,63251,63560,Maison,200.0,169000.0,845.0,2024-01-19
Saint-Gervais-d'Auvergne,63354,63390,Maison,73.0,16000.0,219.18,2024-01-17
Volvic,63470,63530,Maison,67.0,127200.0,1898.51,2024-01-10
Issoire,63178,63500,Appartement,60.0,86500.0,1441.67,2024-02-01
Les Martres-de-Veyre,63214,63730,Maison,115.0,220000.0,1913.04,2024-01-25
Saint-Martin-des-Olmes,63374,63600,Maison,108.0,152000.0,1407.41,2024-01-25
Cébazat,63063,63118,Maison,109.0,260000.0,2385.32,2024-01-19
Clermont-Ferrand,63113,63000,Appartement,47.0,129000.0,2744.68,2024-01-19
Messeix,63225,63750,Maison,77.0,50000.0,649.35,2024-01-31
Virlet,63462,63330,Maison,44.0,284384.0,6463.27,2024-01-18
Virlet,63462,63330,Maison,278.0,284384.0,1022.96,2024-01-18
Clermont-Ferrand,63113,63000,Appartement,18.0,51000.0,2833.33,2024-01-31
Clermont-Ferrand,63113,63100,Appartement,89.0,149000.0,1674.16,2024-01-15
Orcet,63262,63670,Maison,123.0,318500.0,2589.43,2024-01-24
Ambert,63003,63600,Maison,96.0,89000.0,927.08,2024-01-26
Clermont-Ferrand,63113,63100,Appartement,71.0,149900.0,2111.27,2024-01-29
Clermont-Ferrand,63113,63100,Appartement,69.0,167875.0,2432.97,2024-01-23
La Bourboule,63047,63150,Appartement,20.0,34000.0,1700.0,2024-01-19
La Bourboule,63047,63150,Appartement,19.0,34000.0,1789.47,2024-01-19
Fayet-le-Château,63157,63160,Maison,43.0,69054.0,1605.91,2024-01-19
Peschadoires,63276,63920,Maison,73.0,122000.0,1671.23,2024-01-22
Lempdes,63193,63370,Maison,108.0,274600.0,2542.59,2024-01-09
Mont-Dore,63236,63240,Maison,100.0,150100.0,1501.0,2024-01-27
Clermont-Ferrand,63113,63000,Maison,74.0,115000.0,1554.05,2024-01-19
Neuf-Église,63251,63560,Maison,92.0,248000.0,2695.65,2024-01-22
Neuf-Église,63251,63560,Maison,92.0,248000.0,2695.65,2024-01-22
Neuf-Église,63251,63560,Maison,92.0,248000.0,2695.65,2024-01-22
Neuf-Église,63251,63560,Maison,92.0,248000.0,2695.65,2024-01-22
Neuf-Église,63251,63560,Maison,92.0,248000.0,2695.65,2024-01-22
Les Martres-de-Veyre,63214,63730,Appartement,85.0,212000.0,2494.12,2024-02-05
Clermont-Ferrand,63113,63000,Appartement,25.0,33450.0,1338.0,2024-01-31
Chamalières,63075,63400,Appartement,60.0,55000.0,916.67,2024-01-30
Clermont-Ferrand,63113,63000,Appartement,18.0,33450.0,1858.33,2024-01-31
Besse-et-Saint-Anastaise,63038,63610,Appartement,28.0,97000.0,3464.29,2024-01-25
Royat,63308,63130,Appartement,116.0,319750.0,2756.47,2024-01-29
Clermont-Ferrand,63113,63000,Appartement,39.0,81000.0,2076.92,2024-01-26
Clermont-Ferrand,63113,63000,Appartement,122.0,314500.0,2577.87,2024-02-01
Clermont-Ferrand,63113,63000,Appartement,18.0,33450.0,1858.33,2024-01-31
Clermont-Ferrand,63113,63100,Maison,92.0,200000.0,2173.91,2024-01-22
Clermont-Ferrand,63113,63100,Maison,30.0,200000.0,6666.67,2024-01-22
Aubière,63014,63170,Maison,40.0,30000.0,750.0,2024-01-23
Chamalières,63075,63400,Appartement,72.0,100000.0,1388.89,2024-01-26
Saint-Nectaire,63380,63710,Appartement,73.0,55000.0,753.42,2024-01-27
Doranges,63137,63220,Maison,183.0,110000.0,601.09,2024-02-02
Peschadoires,63276,63920,Maison,103.0,100000.0,970.87,2024-01-31
Cournon-d'Auvergne,63124,63800,Appartement,59.0,134000.0,2271.19,2024-01-26
Saint-Diéry,63335,63320,Maison,56.0,110800.0,1978.57,2024-01-29
La Bourboule,63047,63150,Appartement,24.0,40000.0,1666.67,2024-01-29
Perrier,63275,63500,Maison,190.0,81000.0,426.32,2024-02-02
Perrier,63275,63500,Maison,190.0,81000.0,426.32,2024-02-02
Labessette,63183,63690,Maison,20.0,20000.0,1000.0,2024-01-30
Labessette,63183,63690,Maison,20.0,20000.0,1000.0,2024-01-30
Volvic,63470,63530,Maison,96.0,296850.0,3092.19,2024-02-05
Thiers,63430,63300,Maison,65.0,77100.0,1186.15,2024-01-09
Mont-Dore,63236,63240,Maison,43.0,75000.0,1744.19,2024-02-07
Courpière,63125,63120,Maison,52.0,23000.0,442.31,2024-02-05
Chamalières,63075,63400,Appartement,30.0,70000.0,2333.33,2024-01-27
Clermont-Ferrand,63113,63100,Maison,108.0,345000.0,3194.44,2024-01-08
Lezoux,63195,63190,Maison,97.0,185000.0,1907.22,2024-01-29
Chamalières,63075,63400,Appartement,50.0,172900.0,3458.0,2024-01-31
Issoire,63178,63500,Maison,88.0,222900.0,2532.95,2024-02-02
Veyre-Monton,63455,63960,Maison,90.0,168880.0,1876.44,2024-02-05
Varennes-sur-Usson,63444,63500,Maison,58.0,141570.0,2440.86,2024-02-06
Martres-sur-Morge,63215,63720,Maison,124.0,328350.0,2647.98,2024-02-01
Compains,63117,63610,Maison,70.0,76060.0,1086.57,2024-01-11
Saint-Georges-de-Mons,63349,63780,Maison,186.0,168030.0,903.39,2024-01-19
Clermont-Ferrand,63113,63000,Appartement,60.0,77800.0,1296.67,2024-01-29
Fayet-le-Château,63157,63160,Maison,27.0,82000.0,3037.04,2024-01-08
Fayet-le-Château,63157,63160,Maison,81.0,82000.0,1012.35,2024-01-08
Puy-Guillaume,63291,63290,Maison,95.0,40000.0,421.05,2024-01-12
Châteaugay,63099,63119,Maison,32.0,114200.0,3568.75,2024-02-01
La Tour-d'Auvergne,63192,63680,Maison,45.0,85500.0,1900.0,2024-01-13
Clermont-Ferrand,63113,63000,Appartement,64.0,110760.0,1730.62,2024-01-15
Saint-Sauves-d'Auvergne,63397,63950,Maison,76.0,175000.0,2302.63,2024-01-30
La Crouzille,63130,63700,Maison,83.0,200000.0,2409.64,2024-01-19
La Crouzille,63130,63700,Maison,83.0,200000.0,2409.64,2024-01-19
La Crouzille,63130,63700,Maison,83.0,200000.0,2409.64,2024-01-19
La Crouzille,63130,63700,Maison,83.0,200000.0,2409.64,2024-01-19
Clermont-Ferrand,63113,63000,Appartement,18.0,56250.0,3125.0,2024-01-12
Clermont-Ferrand,63113,63100,Appartement,68.0,137700.0,2025.0,2024-01-16
Chamalières,63075,63400,Maison,110.0,330000.0,3000.0,2024-01-16
Saint-Gal-sur-Sioule,63344,63440,Maison,65.0,43500.0,669.23,2024-01-16
Saint-Gal-sur-Sioule,63344,63440,Maison,65.0,43500.0,669.23,2024-01-16
Arlanc,63010,63220,Maison,80.0,15300.0,191.25,2024-01-12
Bagnols,63028,63810,Maison,65.0,150000.0,2307.69,2024-02-08
Bagnols,63028,63810,Maison,65.0,150000.0,2307.69,2024-02-08
Bagnols,63028,63810,Maison,65.0,150000.0,2307.69,2024-02-08
Viverols,63465,63840,Maison,180.0,14000.0,77.78,2024-01-17
Ambert,63003,63600,Maison,140.0,237000.0,1692.86,2024-01-29
Ambert,63003,63600,Maison,140.0,237000.0,1692.86,2024-01-29
Arlanc,63010,63220,Maison,86.0,90000.0,1046.51,2024-01-23
Ambert,63003,63600,Maison,52.0,48000.0,923.08,2024-01-12
Champeix,63080,63320,Maison,51.0,90250.0,1769.61,2024-02-06
Marsac-en-Livradois,63211,63940,Maison,103.0,99000.0,961.17,2024-02-07
Marsac-en-Livradois,63211,63940,Maison,103.0,99000.0,961.17,2024-02-07
Arlanc,63010,63220,Maison,170.0,95100.0,559.41,2024-02-07
La Tour-d'Auvergne,63192,63680,Maison,80.0,117400.0,1467.5,2024-01-19
La Goutelle,63170,63230,Maison,95.0,235600.0,2480.0,2024-01-29
La Goutelle,63170,63230,Maison,95.0,235600.0,2480.0,2024-01-29
Issoire,63178,63500,Maison,108.0,245290.0,2271.2,2024-01-25
Le Broc,63054,63500,Maison,34.0,115765.0,3404.85,2024-01-26
Issoire,63178,63500,Appartement,57.0,125900.0,2208.77,2024-01-25
Riom,63300,63200,Maison,282.0,457936.0,1623.89,2024-01-29
Mons,63232,63310,Maison,84.0,134000.0,1595.24,2024-01-16
Charbonnières-les-Varennes,63092,63410,Maison,90.0,120900.0,1343.33,2024-01-23
Chappes,63089,63720,Maison,99.0,314000.0,3171.72,2024-01-26
Saint-Ignat,63362,63720,Maison,127.0,76700.0,603.94,2024-01-26
Issoire,63178,63500,Appartement,114.0,187190.0,1642.02,2024-02-07
Clermont-Ferrand,63113,63000,Appartement,76.0,131510.0,1730.39,2024-01-31
Riom,63300,63200,Maison,72.0,121500.0,1687.5,2024-01-29
Les Ancizes-Comps,63004,63770,Maison,94.0,156000.0,1659.57,2024-01-25
Les Ancizes-Comps,63004,63770,Maison,94.0,156000.0,1659.57,2024-01-25
Vic-le-Comte,63457,63270,Maison,141.0,361750.0,2565.6,2024-01-19
Aulnat,63019,63510,Maison,114.0,220000.0,1929.82,2024-01-15
Clermont-Ferrand,63113,63000,Appartement,86.0,114000.0,1325.58,2024-01-26
Aulnat,63019,63510,Maison,68.0,205800.0,3026.47,2024-01-11
Pont-du-Château,63284,63430,Maison,72.0,153690.0,2134.58,2024-01-29
Mayres,63218,63220,Maison,90.0,26100.0,290.0,2024-01-29
Clermont-Ferrand,63113,63000,Appartement,64.0,152000.0,2375.0,2024-01-15
Clermont-Ferrand,63113,63000,Appartement,51.0,137110.0,2688.43,2024-01-11
Les Martres-de-Veyre,63214,63730,Maison,87.0,223000.0,2563.22,2024-01-25
Châtel-Guyon,63103,63140,Appartement,155.0,243300.0,1569.68,2024-01-23
Sayat,63417,63530,Maison,190.0,524150.0,2758.68,2024-01-15
Sayat,63417,63530,Maison,190.0,524150.0,2758.68,2024-01-15
Lempdes,63193,63370,Maison,68.0,56000.0,823.53,2024-02-07
Pont-du-Château,63284,63430,Maison,68.0,187500.0,2757.35,2024-01-31
Montcel,63235,63460,Maison,146.0,178775.0,1224.49,2024-01-15
Saint-Pardoux,63382,63440,Maison,60.0,156840.0,2614.0,2024-01-25
Combronde,63116,63460,Maison,107.0,247700.0,2314.95,2024-01-19
Beaumont,63032,63110,Maison,64.0,100000.0,1562.5,2024-01-15
Lezoux,63195,63190,Maison,102.0,400900.0,3930.39,2024-01-24
Brassac-les-Mines,63050,63570,Maison,68.0,90000.0,1323.53,2024-01-29
Charbonnier-les-Mines,63091,63340,Maison,128.0,245200.0,1915.62,2024-01-30
Clermont-Ferrand,63113,63000,Appartement,70.0,137900.0,1970.0,2024-01-10
Saint-Georges-sur-Allier,63350,63800,Maison,86.0,233560.0,2715.81,2024-01-15
Saint-Georges-sur-Allier,63350,63800,Maison,86.0,233560.0,2715.81,2024-01-15
Brassac-les-Mines,63050,63570,Maison,96.0,112955.0,1176.61,2024-01-29
Ris,63301,63290,Maison,78.0,95000.0,1217.95,2024-02-02
Issoire,63178,63500,Appartement,29.0,48750.0,1681.03,2024-01-29
Aydat,63026,63970,Maison,66.0,270000.0,4090.91,2024-02-02
Aydat,63026,63970,Maison,66.0,270000.0,4090.91,2024-02-02
Aydat,63026,63970,Maison,66.0,270000.0,4090.91,2024-02-02
Aubière,63014,63170,Appartement,68.0,100000.0,1470.59,2024-01-30
Puy-Guillaume,63291,63290,Maison,73.0,35000.0,479.45,2024-02-01
Saint-Éloy-les-Mines,63338,63700,Appartement,50.0,19000.0,380.0,2024-01-23
Marsat,63212,63200,Maison,40.0,97000.0,2425.0,2024-02-06
Marsat,63212,63200,Maison,45.0,97000.0,2155.56,2024-02-06
Marsat,63212,63200,Maison,28.0,97000.0,3464.29,2024-02-06
Beauregard-Vendon,63035,63460,Maison,54.0,135000.0,2500.0,2024-01-25
Beauregard-Vendon,63035,63460,Maison,74.0,135000.0,1824.32,2024-01-25
Giat,63165,63620,Maison,216.0,93000.0,430.56,2024-02-02
La Roche-Blanche,63302,63670,Maison,135.0,443000.0,3281.48,2024-01-24
La Roche-Blanche,63302,63670,Maison,135.0,443000.0,3281.48,2024-01-24
Clermont-Ferrand,63113,63000,Appartement,45.0,92000.0,2044.44,2024-01-24
Montel-de-Gelat,63237,63380,Maison,86.0,117500.0,1366.28,2024-01-26
Saint-Priest-des-Champs,63388,63640,Maison,94.0,100000.0,1063.83,2024-01-22
Clermont-Ferrand,63113,63000,Appartement,77.0,151300.0,1964.94,2024-01-29
Clermont-Ferrand,63113,63000,Appartement,78.0,116000.0,1487.18,2024-01-23
Saillant,63309,63840,Maison,119.0,145000.0,1218.49,2024-02-12
Chamalières,63075,63400,Maison,181.0,952500.0,5262.43,2024-02-09
Clermont-Ferrand,63113,63000,Appartement,28.0,67500.0,2410.71,2024-01-30
Saint-Gervais-d'Auvergne,63354,63390,Maison,130.0,200000.0,1538.46,2024-02-09
Saint-Gervais-d'Auvergne,63354,63390,Maison,130.0,200000.0,1538.46,2024-02-09
Royat,63308,63130,Appartement,70.0,167292.0,2389.89,2024-02-05
Clermont-Ferrand,63113,63100,Appartement,90.0,135000.0,1500.0,2024-01-26
Nébouzat,63248,63210,Maison,90.0,146500.0,1627.78,2024-01-23
Nébouzat,63248,63210,Maison,90.0,146500.0,1627.78,2024-01-23
Clermont-Ferrand,63113,63100,Appartement,34.0,70100.0,2061.76,2024-01-26
Le Cendre,63069,63670,Appartement,35.0,158260.0,4521.71,2024-02-05
Le Cendre,63069,63670,Appartement,73.0,158260.0,2167.95,2024-02-05
Clermont-Ferrand,63113,63100,Appartement,51.0,98000.0,1921.57,2024-01-23
Mont-Dore,63236,63240,Appartement,34.0,115600.0,3400.0,2024-02-09
Les Ancizes-Comps,63004,63770,Maison,71.0,124800.0,1757.75,2024-01-23
Ambert,63003,63600,Maison,145.0,265000.0,1827.59,2024-01-29
Ambert,63003,63600,Maison,145.0,265000.0,1827.59,2024-01-29
Clermont-Ferrand,63113,63000,Appartement,160.0,444325.0,2777.03,2024-01-18
Lempdes,63193,63370,Maison,117.0,240000.0,2051.28,2024-01-16
Clermont-Ferrand,63113,63100,Appartement,72.0,130000.0,1805.56,2024-02-08
Culhat,63131,63350,Maison,82.0,144532.22,1762.59,2024-01-31
Lempdes,63193,63370,Maison,40.0,25000.0,625.0,2024-01-17
Beaumont,63032,63110,Maison,110.0,198850.0,1807.73,2024-01-25
Parentignat,63270,63500,Appartement,64.0,938000.0,14656.25,2024-02-08
Parentignat,63270,63500,Appartement,64.0,938000.0,14656.25,2024-02-08
Parentignat,63270,63500,Appartement,64.0,938000.0,14656.25,2024-02-08
Neuf-Église,63251,63560,Maison,77.0,76000.0,987.01,2024-01-30
Clermont-Ferrand,63113,63100,Appartement,56.0,126000.0,2250.0,2024-01-25
Clermont-Ferrand,63113,63000,Appartement,70.0,230800.0,3297.14,2024-01-31
Charbonnier-les-Mines,63091,63340,Maison,79.0,85000.0,1075.95,2024-02-08
Volvic,63470,63530,Maison,40.0,80000.0,2000.0,2024-01-25
Clermont-Ferrand,63113,63000,Appartement,83.0,139000.0,1674.7,2024-02-06
Celles-sur-Durolle,63066,63250,Maison,87.0,125925.0,1447.41,2024-02-09
Celles-sur-Durolle,63066,63250,Maison,87.0,125925.0,1447.41,2024-02-09
Viscomtat,63463,63250,Maison,72.0,61400.0,852.78,2024-02-01
Clermont-Ferrand,63113,63000,Appartement,59.0,111000.0,1881.36,2024-02-12
Moissat,63229,63190,Maison,87.0,46750.0,537.36,2024-02-01
Clermont-Ferrand,63113,63100,Maison,125.0,443520.0,3548.16,2024-02-06
Chamalières,63075,63400,Maison,68.0,410000.0,6029.41,2024-01-31
Saint-Denis-Combarnazat,63333,63310,Maison,73.0,161350.0,2210.27,2024-01-31
Saint-Denis-Combarnazat,63333,63310,Maison,73.0,161350.0,2210.27,2024-01-31
Saint-Éloy-les-Mines,63338,63700,Maison,50.0,12000.0,240.0,2024-02-09
Les Martres-d'Artière,63213,63430,Maison,71.0,143000.0,2014.08,2024-02-07
Pérignat-sur-Allier,63273,63800,Maison,40.0,181000.0,4525.0,2024-02-08
Besse-et-Saint-Anastaise,63038,63610,Appartement,23.0,82370.0,3581.3,2024-02-10
Clermont-Ferrand,63113,63000,Appartement,21.0,55560.0,2645.71,2024-01-25
Beurières,63039,63220,Maison,100.0,50000.0,500.0,2024-02-01
Saint-Sauves-d'Auvergne,63397,63950,Maison,52.0,192520.0,3702.31,2024-02-05
Arlanc,63010,63220,Maison,137.0,110000.0,802.92,2024-02-01
Moissat,63229,63190,Maison,125.0,187150.0,1497.2,2024-01-31
Saint-Gervais-d'Auvergne,63354,63390,Maison,85.0,138150.0,1625.29,2024-01-19
Saint-Gervais-d'Auvergne,63354,63390,Maison,128.0,10000.0,78.12,2024-01-23
Aubière,63014,63170,Maison,117.0,161000.0,1376.07,2024-02-12
La Roche-Blanche,63302,63670,Maison,116.0,371150.0,3199.57,2024-02-12
Chapdes-Beaufort,63085,63230,Maison,47.0,98000.0,2085.11,2024-02-02
Ennezat,63148,63720,Appartement,105.0,152400.0,1451.43,2024-01-24
Picherande,63279,63113,Maison,109.0,257000.0,2357.8,2024-02-08
Mur-sur-Allier,63226,63115,Maison,70.0,62200.0,888.57,2024-02-13
Clermont-Ferrand,63113,63000,Appartement,75.0,124000.0,1653.33,2024-02-13
Orbeil,63261,63500,Maison,78.0,82800.0,1061.54,2024-02-07
Cébazat,63063,63118,Maison,102.0,310000.0,3039.22,2024-02-08
Beaumont,63032,63110,Appartement,75.0,164000.0,2186.67,2024-02-09
Saint-Babel,63321,63500,Maison,80.0,45000.0,562.5,2024-02-07
Saint-Babel,63321,63500,Maison,20.0,45000.0,2250.0,2024-02-07
Clermont-Ferrand,63113,63100,Appartement,35.0,31000.0,885.71,2024-01-26
Clermont-Ferrand,63113,63000,Appartement,33.0,68500.0,2075.76,2024-02-01
Issoire,63178,63500,Maison,81.0,243700.0,3008.64,2024-02-09
Clermont-Ferrand,63113,63100,Appartement,85.0,176500.0,2076.47,2024-02-01
Cournon-d'Auvergne,63124,63800,Maison,161.0,350000.0,2173.91,2024-01-29
Riom,63300,63200,Maison,79.0,350000.0,4430.38,2024-01-25
Romagnat,63307,63540,Appartement,72.0,138420.0,1922.5,2024-01-26
Billom,63040,63160,Maison,64.0,38000.0,593.75,2024-01-26
Beaumont,63032,63110,Appartement,80.0,133500.0,1668.75,2024-01-30
Cournon-d'Auvergne,63124,63800,Maison,115.0,304000.0,2643.48,2024-02-09
Orcet,63262,63670,Maison,137.0,402800.0,2940.15,2024-02-12
Orcet,63262,63670,Maison,137.0,402800.0,2940.15,2024-02-12
Billom,63040,63160,Maison,130.0,218000.0,1676.92,2024-02-08
Chamalières,63075,63400,Appartement,112.0,297500.0,2656.25,2024-02-09
Mur-sur-Allier,63226,63115,Maison,69.0,76000.0,1101.45,2024-02-05
Saint-Flour,63343,63520,Maison,105.0,178000.0,1695.24,2024-02-07
Saint-Flour,63343,63520,Maison,105.0,178000.0,1695.24,2024-02-07
Clermont-Ferrand,63113,63100,Appartement,28.0,45000.0,1607.14,2024-02-13
Enval,63150,63530,Maison,70.0,180000.0,2571.43,2024-01-26
Pont-du-Château,63284,63430,Maison,109.0,228000.0,2091.74,2024-02-08
Chamalières,63075,63400,Appartement,67.0,185000.0,2761.19,2024-01-31
Saint-Amant-Tallende,63315,63450,Maison,168.0,315000.0,1875.0,2024-02-08
Saint-Amant-Tallende,63315,63450,Maison,168.0,315000.0,1875.0,2024-02-08
Saint-Laure,63372,63350,Maison,63.0,158240.0,2511.75,2024-01-30
Clermont-Ferrand,63113,63000,Appartement,68.0,65000.0,955.88,2024-02-05
La Goutelle,63170,63230,Maison,88.0,287000.0,3261.36,2024-02-13
Égliseneuve-d'Entraigues,63144,63850,Maison,42.0,35000.0,833.33,2024-02-13
Égliseneuve-d'Entraigues,63144,63850,Maison,28.0,35000.0,1250.0,2024-02-13
Moissat,63229,63190,Maison,78.0,94000.0,1205.13,2024-02-02
Marat,63207,63480,Maison,60.0,35000.0,583.33,2024-02-02
Besse-et-Saint-Anastaise,63038,63610,Maison,50.0,7000.0,140.0,2024-02-13
Besse-et-Saint-Anastaise,63038,63610,Maison,50.0,7000.0,140.0,2024-02-13
Lempdes,63193,63370,Maison,73.0,190000.0,2602.74,2024-01-17
Marat,63207,63480,Maison,100.0,18000.0,180.0,2024-02-02
Pont-du-Château,63284,63430,Maison,90.0,185000.0,2055.56,2024-01-31
Sauvessanges,63412,63840,Maison,60.0,50000.0,833.33,2024-02-13
Le Monestier,63230,63890,Maison,85.0,61000.0,717.65,2024-01-22
La Sauvetat,63413,63730,Maison,99.0,140000.0,1414.14,2024-01-24
Sugères,63423,63490,Maison,40.0,52000.0,1300.0,2024-01-23
Vic-le-Comte,63457,63270,Maison,110.0,150000.0,1363.64,2024-01-30
Thiers,63430,63300,Maison,58.0,70000.0,1206.9,2024-01-29
Thiers,63430,63300,Maison,58.0,70000.0,1206.9,2024-01-29
Peschadoires,63276,63920,Maison,106.0,155190.0,1464.06,2024-02-02
Cébazat,63063,63118,Maison,81.0,353600.0,4365.43,2024-01-22
Peschadoires,63276,63920,Maison,73.0,140000.0,1917.81,2024-01-26
Peschadoires,63276,63920,Maison,27.0,140000.0,5185.19,2024-01-26
Peschadoires,63276,63920,Maison,73.0,140000.0,1917.81,2024-01-26
Peschadoires,63276,63920,Maison,27.0,140000.0,5185.19,2024-01-26
Courpière,63125,63120,Maison,88.0,143000.0,1625.0,2024-01-25
Saint-Gervais-sous-Meymont,63355,63880,Appartement,51.0,275000.0,5392.16,2024-02-01
Saint-Gervais-sous-Meymont,63355,63880,Appartement,77.0,275000.0,3571.43,2024-02-01
Saint-Gervais-sous-Meymont,63355,63880,Appartement,51.0,275000.0,5392.16,2024-02-01
Saint-Gervais-sous-Meymont,63355,63880,Appartement,77.0,275000.0,3571.43,2024-02-01
Saint-Gervais-sous-Meymont,63355,63880,Appartement,43.0,275000.0,6395.35,2024-02-01
Saint-Gervais-sous-Meymont,63355,63880,Appartement,77.0,275000.0,3571.43,2024-02-01
Thiers,63430,63300,Maison,105.0,68500.0,652.38,2024-01-29
Romagnat,63307,63540,Maison,111.0,327300.0,2948.65,2024-01-24
Riom,63300,63200,Appartement,38.0,39550.0,1040.79,2024-02-07
Lempdes,63193,63370,Maison,89.0,194960.0,2190.56,2024-01-31
Égliseneuve-près-Billom,63146,63160,Maison,90.0,199800.0,2220.0,2024-01-30
Le Vernet-Chaméane,63448,63580,Maison,56.0,33150.0,591.96,2024-01-18
Saint-Beauzire,63322,63360,Maison,38.0,108850.0,2864.47,2024-02-08
Brassac-les-Mines,63050,63570,Maison,199.0,91850.0,461.56,2024-01-31
Brassac-les-Mines,63050,63570,Maison,199.0,91850.0,461.56,2024-01-31
Riom,63300,63200,Appartement,67.0,100000.0,1492.54,2024-02-12
Saint-Gal-sur-Sioule,63344,63440,Maison,79.0,47500.0,601.27,2024-02-09
Chamalières,63075,63400,Appartement,92.0,285250.0,3100.54,2024-02-13
Clermont-Ferrand,63113,63000,Appartement,30.0,75000.0,2500.0,2024-02-07
Clermont-Ferrand,63113,63000,Appartement,60.0,94000.0,1566.67,2024-02-08
Riom,63300,63200,Maison,89.0,247000.0,2775.28,2024-02-12
Orcet,63262,63670,Maison,105.0,303200.0,2887.62,2024-02-12
Vollore-Montagne,63468,63120,Maison,112.0,31000.0,276.79,2024-02-13
Gerzat,63164,63360,Maison,122.0,313500.0,2569.67,2024-01-24
Clermont-Ferrand,63113,63000,Appartement,81.0,124000.0,1530.86,2024-01-31
Moissat,63229,63190,Maison,87.0,152000.0,1747.13,2024-02-12
Combronde,63116,63460,Maison,80.0,84910.0,1061.38,2024-02-07
Les Martres-d'Artière,63213,63430,Maison,83.0,335000.0,4036.14,2024-02-10
Les Martres-d'Artière,63213,63430,Maison,83.0,335000.0,4036.14,2024-02-10
Chamalières,63075,63400,Appartement,31.0,101500.0,3274.19,2024-02-06
Clermont-Ferrand,63113,63100,Appartement,43.0,131600.0,3060.47,2024-02-05
Saint-Gervais-d'Auvergne,63354,63390,Maison,55.0,51400.0,934.55,2024-02-09
Saint-Gervais-d'Auvergne,63354,63390,Maison,100.0,48200.0,482.0,2024-02-09
Thiers,63430,63300,Appartement,54.0,15000.0,277.78,2024-02-07
Issoire,63178,63500,Appartement,70.0,122000.0,1742.86,2024-02-14
Ludesse,63199,63320,Maison,95.0,100000.0,1052.63,2024-02-05
Ludesse,63199,63320,Maison,95.0,100000.0,1052.63,2024-02-05
Clermont-Ferrand,63113,63000,Maison,126.0,335000.0,2658.73,2024-02-13
Ceyrat,63070,63122,Maison,109.0,372140.0,3414.13,2024-01-31
Ceyrat,63070,63122,Maison,109.0,372140.0,3414.13,2024-01-31
Clermont-Ferrand,63113,63000,Maison,114.0,620000.0,5438.6,2024-02-13
Clermont-Ferrand,63113,63000,Appartement,69.0,162000.0,2347.83,2024-01-30
Clermont-Ferrand,63113,63000,Appartement,46.0,162000.0,3521.74,2024-01-30
Clermont-Ferrand,63113,63000,Appartement,80.0,148020.0,1850.25,2024-02-16
Moureuille,63243,63700,Maison,85.0,45000.0,529.41,2024-02-08
Moureuille,63243,63700,Maison,85.0,45000.0,529.41,2024-02-08
Moureuille,63243,63700,Maison,85.0,45000.0,529.41,2024-02-08
La Roche-Noire,63306,63800,Maison,65.0,124710.0,1918.62,2024-01-25
Aubière,63014,63170,Maison,90.0,200000.0,2222.22,2024-01-30
Chamalières,63075,63400,Maison,159.0,338700.0,2130.19,2024-01-31
Clermont-Ferrand,63113,63000,Appartement,62.0,97944.0,1579.74,2024-01-31
Aurières,63020,63210,Maison,92.0,255000.0,2771.74,2024-02-09
Aurières,63020,63210,Maison,92.0,255000.0,2771.74,2024-02-09
Châtel-Guyon,63103,63140,Maison,115.0,211400.0,1838.26,2024-02-09
Chambaron sur Morge,63244,63200,Maison,45.0,35000.0,777.78,2024-02-05
Charbonnières-les-Vieilles,63093,63410,Maison,190.0,65512.5,344.8,2024-01-31
Clermont-Ferrand,63113,63000,Appartement,70.0,87840.0,1254.86,2024-02-14
Clermont-Ferrand,63113,63000,Appartement,19.0,68600.0,3610.53,2024-01-31
Le Quartier,63293,63330,Maison,72.0,18000.0,250.0,2024-02-05
Clermont-Ferrand,63113,63100,Appartement,69.0,140000.0,2028.99,2024-01-31
Clermont-Ferrand,63113,63000,Appartement,85.0,129100.0,1518.82,2024-02-02
Le Cendre,63069,63670,Maison,89.0,115600.0,1298.88,2024-01-30
Malintrat,63204,63510,Maison,76.0,179700.0,2364.47,2024-02-08
Issoire,63178,63500,Appartement,38.0,66500.0,1750.0,2024-02-09
Augerolles,63016,63930,Maison,75.0,72000.0,960.0,2024-02-14
Lezoux,63195,63190,Maison,88.0,138000.0,1568.18,2024-02-15
Montaigut,63233,63700,Maison,67.0,64000.0,955.22,2024-02-08
Clermont-Ferrand,63113,63000,Appartement,45.0,117000.0,2600.0,2024-02-15
Saint-Bonnet-lès-Allier,63325,63800,Maison,125.0,244600.0,1956.8,2024-01-19
Clermont-Ferrand,63113,63000,Appartement,52.0,86200.0,1657.69,2024-02-09
Clermont-Ferrand,63113,63100,Maison,86.0,160000.0,1860.47,2024-02-05
Chamalières,63075,63400,Appartement,62.0,109400.0,1764.52,2024-02-15
Clermont-Ferrand,63113,63100,Appartement,69.0,182000.0,2637.68,2024-02-15
Chamalières,63075,63400,Maison,85.0,315000.0,3705.88,2024-02-15
Mur-sur-Allier,63226,63115,Maison,110.0,152637.0,1387.61,2024-01-30
Arlanc,63010,63220,Maison,70.0,30000.0,428.57,2024-02-05
Orcet,63262,63670,Maison,106.0,210000.0,1981.13,2024-02-15
Cunlhat,63132,63590,Appartement,32.0,133000.0,4156.25,2024-02-07
Cunlhat,63132,63590,Appartement,36.0,133000.0,3694.44,2024-02-07
Cunlhat,63132,63590,Appartement,62.0,133000.0,2145.16,2024-02-07
Cunlhat,63132,63590,Appartement,34.0,133000.0,3911.76,2024-02-07
Lezoux,63195,63190,Maison,86.0,167000.0,1941.86,2024-02-19
Orcines,63263,63870,Maison,30.0,59480.0,1982.67,2024-02-02
Romagnat,63307,63540,Maison,40.0,80136.0,2003.4,2024-02-15
Clermont-Ferrand,63113,63000,Appartement,22.0,64000.0,2909.09,2024-02-06
Issoire,63178,63500,Appartement,68.0,56020.0,823.82,2024-02-12
Clermont-Ferrand,63113,63000,Appartement,97.0,195608.0,2016.58,2024-02-14
Clermont-Ferrand,63113,63000,Appartement,81.0,116500.0,1438.27,2024-02-07
Saint-Rémy-sur-Durolle,63393,63550,Maison,99.0,120000.0,1212.12,2024-02-16
Clermont-Ferrand,63113,63000,Appartement,29.0,61700.0,2127.59,2024-01-31
Chamalières,63075,63400,Appartement,53.0,125000.0,2358.49,2024-02-02
Ceyrat,63070,63122,Maison,60.0,146900.0,2448.33,2024-02-12
Dauzat-sur-Vodable,63134,63340,Maison,80.0,150900.0,1886.25,2024-02-16
Clermont-Ferrand,63113,63000,Appartement,66.0,197900.0,2998.48,2024-01-30
Clermont-Ferrand,63113,63000,Appartement,25.0,400000.0,16000.0,2024-02-15
Clermont-Ferrand,63113,63000,Appartement,50.0,400000.0,8000.0,2024-02-15
Clermont-Ferrand,63113,63000,Appartement,45.0,400000.0,8888.89,2024-02-15
Clermont-Ferrand,63113,63000,Appartement,33.0,400000.0,12121.21,2024-02-15
Clermont-Ferrand,63113,63000,Appartement,50.0,400000.0,8000.0,2024-02-15
Clermont-Ferrand,63113,63000,Appartement,64.0,153000.0,2390.62,2024-02-12
Clermont-Ferrand,63113,63000,Appartement,198.0,534000.0,2696.97,2024-02-09
Clermont-Ferrand,63113,63000,Appartement,57.0,145100.0,2545.61,2024-02-15
Les Martres-d'Artière,63213,63430,Maison,102.0,266404.0,2611.8,2024-02-15
Thiers,63430,63300,Appartement,53.0,55000.0,1037.74,2024-01-29
Puy-Guillaume,63291,63290,Maison,74.0,110000.0,1486.49,2024-02-15
Puy-Guillaume,63291,63290,Maison,74.0,110000.0,1486.49,2024-02-15
Châteldon,63102,63290,Maison,110.0,140850.0,1280.45,2024-02-15
Courpière,63125,63120,Maison,46.0,32088.73,697.58,2024-02-14
Issoire,63178,63500,Appartement,81.0,70475.0,870.06,2024-02-15
Clermont-Ferrand,63113,63000,Appartement,57.0,80000.0,1403.51,2024-02-12
Lezoux,63195,63190,Maison,51.0,75000.0,1470.59,2024-02-16
Thiers,63430,63300,Maison,103.0,28000.0,271.84,2024-02-16
Châtel-Guyon,63103,63140,Maison,32.0,750000.0,23437.5,2024-01-29
Châtel-Guyon,63103,63140,Maison,32.0,750000.0,23437.5,2024-01-29
Châtel-Guyon,63103,63140,Maison,32.0,750000.0,23437.5,2024-01-29
Châtel-Guyon,63103,63140,Maison,32.0,750000.0,23437.5,2024-01-29
Châtel-Guyon,63103,63140,Maison,32.0,750000.0,23437.5,2024-01-29
Châtel-Guyon,63103,63140,Maison,60.0,750000.0,12500.0,2024-01-29
Châtel-Guyon,63103,63140,Maison,32.0,750000.0,23437.5,2024-01-29
Châtel-Guyon,63103,63140,Maison,32.0,750000.0,23437.5,2024-01-29
Châtel-Guyon,63103,63140,Maison,32.0,750000.0,23437.5,2024-01-29
Châtel-Guyon,63103,63140,Maison,32.0,750000.0,23437.5,2024-01-29
Clermont-Ferrand,63113,63000,Appartement,74.0,130000.0,1756.76,2024-01-29
Culhat,63131,63350,Maison,77.0,143500.0,1863.64,2024-01-22
Lezoux,63195,63190,Maison,85.0,243000.0,2858.82,2024-02-09
Thiers,63430,63300,Appartement,40.0,15000.0,375.0,2024-01-29
Thiers,63430,63300,Appartement,40.0,15000.0,375.0,2024-01-29
Lezoux,63195,63190,Maison,90.0,245294.0,2725.49,2024-02-01
Pontgibaud,63285,63230,Maison,90.0,130000.0,1444.44,2024-02-01
Thiers,63430,63300,Maison,102.0,141000.0,1382.35,2024-02-06
Orléat,63265,63190,Maison,122.0,260000.0,2131.15,2024-01-24
Orléat,63265,63190,Maison,122.0,260000.0,2131.15,2024-01-24
Beauregard-l'Évêque,63034,63116,Maison,71.0,163674.0,2305.27,2024-01-30
Mont-Dore,63236,63240,Appartement,20.0,48000.0,2400.0,2024-01-31
Riom,63300,63200,Appartement,55.0,133000.0,2418.18,2024-02-15
Riom,63300,63200,Appartement,40.0,133000.0,3325.0,2024-02-15
Clermont-Ferrand,63113,63100,Appartement,62.0,143000.0,2306.45,2024-02-01
Thiers,63430,63300,Maison,109.0,10000.0,91.74,2024-02-05
Clermont-Ferrand,63113,63100,Appartement,80.0,67900.0,848.75,2024-02-05
Clermont-Ferrand,63113,63100,Appartement,80.0,202600.0,2532.5,2024-02-06
Pionsat,63281,63330,Maison,52.0,80000.0,1538.46,2024-01-23
Pionsat,63281,63330,Maison,52.0,80000.0,1538.46,2024-01-23
Charensat,63094,63640,Maison,120.0,30000.0,250.0,2024-02-06
Chappes,63089,63720,Maison,89.0,211900.0,2380.9,2024-02-14
Riom,63300,63200,Appartement,102.0,230400.0,2258.82,2024-02-16
Cournon-d'Auvergne,63124,63800,Maison,117.0,252444.0,2157.64,2024-02-21
Chamalières,63075,63400,Appartement,70.0,135650.0,1937.86,2024-01-30
La Bourboule,63047,63150,Appartement,26.0,54200.0,2084.62,2024-02-15
Coudes,63121,63114,Maison,80.0,230119.0,2876.49,2024-01-31
Gerzat,63164,63360,Maison,92.0,116050.0,1261.41,2024-02-14
Vic-le-Comte,63457,63270,Appartement,68.0,268450.0,3947.79,2024-01-31
Vic-le-Comte,63457,63270,Appartement,142.0,268450.0,1890.49,2024-01-31
Pérignat-sur-Allier,63273,63800,Maison,99.0,190802.0,1927.29,2024-01-31
Chauriat,63106,63117,Maison,63.0,126150.0,2002.38,2024-02-09
Viscomtat,63463,63250,Appartement,119.0,51150.0,429.83,2024-02-07
Viscomtat,63463,63250,Appartement,30.0,51150.0,1705.0,2024-02-07
Ambert,63003,63600,Maison,50.0,33250.0,665.0,2024-02-06
Villosanges,63460,63380,Maison,60.0,30000.0,500.0,2024-01-10
Orléat,63265,63190,Maison,123.0,145000.0,1178.86,2024-02-16
Clermont-Ferrand,63113,63000,Appartement,45.0,35000.0,777.78,2024-02-16
Sainte-Agathe,63310,63120,Maison,110.0,43990.0,399.91,2024-02-20
Volvic,63470,63530,Maison,108.0,315650.0,2922.69,2024-02-20
Riom,63300,63200,Maison,111.0,175750.0,1583.33,2024-02-09
Clermont-Ferrand,63113,63000,Appartement,98.0,140000.0,1428.57,2024-02-10
Cournon-d'Auvergne,63124,63800,Maison,40.0,120000.0,3000.0,2024-02-15
Clermont-Ferrand,63113,63000,Appartement,58.0,147300.0,2539.66,2024-02-05
Clermont-Ferrand,63113,63100,Maison,84.0,179350.0,2135.12,2024-02-16
Maringues,63210,63350,Maison,111.0,126850.0,1142.79,2024-02-15
Romagnat,63307,63540,Appartement,95.0,112977.0,1189.23,2024-02-13
Randan,63295,63310,Maison,95.0,100000.0,1052.63,2024-02-08
Saint-Alyre-ès-Montagne,63313,63420,Maison,56.0,45000.0,803.57,2024-02-19
Pont-du-Château,63284,63430,Maison,136.0,308400.0,2267.65,2024-02-16
Riom,63300,63200,Maison,80.0,45000.0,562.5,2024-01-25
Lezoux,63195,63190,Appartement,60.0,152050.0,2534.17,2024-02-06
Mur-sur-Allier,63226,63115,Maison,197.0,176500.0,895.94,2024-02-05
Clermont-Ferrand,63113,63000,Appartement,29.0,48800.0,1682.76,2024-02-06
Parentignat,63270,63500,Maison,138.0,415000.0,3007.25,2024-02-07
Parentignat,63270,63500,Maison,138.0,415000.0,3007.25,2024-02-07
Arlanc,63010,63220,Maison,71.0,15900.0,223.94,2024-02-15
Picherande,63279,63113,Maison,80.0,122600.0,1532.5,2024-02-13
Aubière,63014,63170,Appartement,50.0,61000.0,1220.0,2024-02-02
Cournon-d'Auvergne,63124,63800,Appartement,43.0,113364.0,2636.37,2024-02-16
Sallèdes,63405,63270,Maison,78.0,83000.0,1064.1,2024-02-13
Ludesse,63199,63320,Maison,45.0,95000.0,2111.11,2024-02-19
Égliseneuve-des-Liards,63145,63490,Maison,50.0,120000.0,2400.0,2024-02-05
Clermont-Ferrand,63113,63000,Appartement,25.0,71199.0,2847.96,2024-02-07
Beaumont,63032,63110,Appartement,42.0,111050.0,2644.05,2024-01-26
Châtel-Guyon,63103,63140,Appartement,55.0,67000.0,1218.18,2024-02-08
Clermont-Ferrand,63113,63100,Appartement,67.0,64300.0,959.7,2024-01-26
Clermont-Ferrand,63113,63000,Appartement,93.0,165000.0,1774.19,2024-02-01
Charnat,63095,63290,Maison,88.0,146000.0,1659.09,2024-01-26
Charnat,63095,63290,Maison,50.0,146000.0,2920.0,2024-01-26
Thiers,63430,63300,Maison,81.0,67452.0,832.74,2024-02-02
Égliseneuve-des-Liards,63145,63490,Maison,102.0,60000.0,588.24,2024-01-26
Limons,63196,63290,Maison,96.0,21000.0,218.75,2024-02-22
Clermont-Ferrand,63113,63000,Appartement,76.0,145000.0,1907.89,2024-02-08
Ambert,63003,63600,Maison,89.0,131000.0,1471.91,2024-02-10
Apchat,63007,63420,Maison,72.0,68700.0,954.17,2024-02-12
Le Vernet-Chaméane,63448,63580,Maison,60.0,60000.0,1000.0,2024-02-02
Clermont-Ferrand,63113,63100,Maison,96.0,247650.0,2579.69,2024-02-07
Clermont-Ferrand,63113,63000,Appartement,26.0,48300.0,1857.69,2024-02-07
Chamalières,63075,63400,Maison,78.0,216000.0,2769.23,2024-02-05
Saint-Anthème,63319,63660,Maison,115.0,187420.0,1629.74,2024-02-21
Clermont-Ferrand,63113,63000,Appartement,34.0,35000.0,1029.41,2024-01-26
Saint-Romain,63394,63660,Maison,154.0,133000.0,863.64,2024-01-26
Saint-Avit,63320,63380,Maison,92.0,28000.0,304.35,2024-02-16
Les Martres-de-Veyre,63214,63730,Maison,87.0,210800.0,2422.99,2024-02-08
Clermont-Ferrand,63113,63000,Appartement,220.0,665000.0,3022.73,2024-02-15
Clermont-Ferrand,63113,63000,Appartement,48.0,665000.0,13854.17,2024-02-15
Clermont-Ferrand,63113,63000,Appartement,54.0,90000.0,1666.67,2024-02-07
Lapeyrouse,63187,63700,Maison,95.0,109000.0,1147.37,2024-02-08
Lapeyrouse,63187,63700,Maison,95.0,109000.0,1147.37,2024-02-08
Lapeyrouse,63187,63700,Maison,95.0,109000.0,1147.37,2024-02-08
Courpière,63125,63120,Maison,80.0,53000.0,662.5,2024-02-23
Charbonnières-les-Vieilles,63093,63410,Maison,61.0,50000.0,819.67,2024-02-08
Charbonnières-les-Vieilles,63093,63410,Maison,61.0,50000.0,819.67,2024-02-08
Chamalières,63075,63400,Appartement,87.0,318818.4,3664.58,2024-02-07
Clermont-Ferrand,63113,63000,Appartement,39.0,68000.0,1743.59,2024-02-16
Clermont-Ferrand,63113,63000,Appartement,149.0,250000.0,1677.85,2024-01-25
Cournon-d'Auvergne,63124,63800,Maison,103.0,277500.0,2694.17,2024-01-31
Tallende,63425,63450,Maison,112.0,280000.0,2500.0,2024-02-19
Tallende,63425,63450,Maison,112.0,280000.0,2500.0,2024-02-19
Cébazat,63063,63118,Maison,86.0,237800.0,2765.12,2024-02-15
Chamalières,63075,63400,Appartement,62.0,135500.0,2185.48,2024-02-15
Doranges,63137,63220,Maison,40.0,41289.96,1032.25,2024-02-20
Doranges,63137,63220,Maison,50.0,41289.96,825.8,2024-02-20
Chamalières,63075,63400,Appartement,105.0,251500.0,2395.24,2024-02-22
Saint-Bonnet-près-Riom,63327,63200,Maison,70.0,245500.0,3507.14,2024-02-12
Olliergues,63258,63880,Maison,42.0,100000.0,2380.95,2024-02-14
La Monnerie-le-Montel,63231,63650,Maison,90.0,70000.0,777.78,2024-01-29
La Monnerie-le-Montel,63231,63650,Maison,35.0,70000.0,2000.0,2024-01-29
Ambert,63003,63600,Maison,250.0,309180.0,1236.72,2024-02-19
Clermont-Ferrand,63113,63000,Appartement,78.0,151000.0,1935.9,2024-02-02
Vic-le-Comte,63457,63270,Maison,91.0,278000.0,3054.95,2024-02-16
Clermont-Ferrand,63113,63100,Appartement,71.0,136000.0,1915.49,2024-02-16
Ambert,63003,63600,Maison,74.0,20000.0,270.27,2024-02-06
Ambert,63003,63600,Maison,74.0,20000.0,270.27,2024-02-06
Ambert,63003,63600,Maison,74.0,20000.0,270.27,2024-02-06
Ambert,63003,63600,Maison,74.0,20000.0,270.27,2024-02-06
Sauvessanges,63412,63840,Maison,104.0,165000.0,1586.54,2024-02-23
Sauvessanges,63412,63840,Maison,104.0,165000.0,1586.54,2024-02-23
Sauvessanges,63412,63840,Maison,104.0,165000.0,1586.54,2024-02-23
Peschadoires,63276,63920,Appartement,26.0,47500.0,1826.92,2024-02-15
Champagnat-le-Jeune,63079,63580,Maison,90.0,63080.0,700.89,2024-02-20
Champagnat-le-Jeune,63079,63580,Maison,90.0,63080.0,700.89,2024-02-20
Aubière,63014,63170,Maison,62.0,160000.0,2580.65,2024-02-22
Égliseneuve-d'Entraigues,63144,63850,Maison,80.0,160000.0,2000.0,2024-02-20
Aubière,63014,63170,Maison,101.0,166450.0,1648.02,2024-02-01
Gerzat,63164,63360,Appartement,55.0,90200.0,1640.0,2024-02-16
Mozac,63245,63200,Maison,110.0,145000.0,1318.18,2024-02-21
Thiers,63430,63300,Maison,200.0,310000.0,1550.0,2024-02-19
Riom,63300,63200,Maison,116.0,209000.0,1801.72,2024-02-15
La Roche-Blanche,63302,63670,Maison,73.0,277000.0,3794.52,2024-02-05
Saint-Hilaire-la-Croix,63358,63440,Maison,91.0,75000.0,824.18,2024-02-21
La Bourboule,63047,63150,Maison,89.0,177000.0,1988.76,2024-02-10
Cros,63129,63810,Maison,49.0,136500.0,2785.71,2024-02-22
Aubière,63014,63170,Maison,60.0,124900.0,2081.67,2024-02-23
Lezoux,63195,63190,Maison,118.0,250000.0,2118.64,2024-02-12
Limons,63196,63290,Maison,179.0,215000.0,1201.12,2024-02-01
Clermont-Ferrand,63113,63000,Appartement,71.0,190000.0,2676.06,2024-02-16
Clermont-Ferrand,63113,63100,Maison,115.0,239850.0,2085.65,2024-02-15
Clermont-Ferrand,63113,63100,Maison,74.0,151000.0,2040.54,2024-02-27
Thiers,63430,63300,Maison,68.0,162000.0,2382.35,2024-02-27
Thiers,63430,63300,Maison,68.0,162000.0,2382.35,2024-02-27
Thiers,63430,63300,Maison,68.0,162000.0,2382.35,2024-02-27
Chamalières,63075,63400,Appartement,106.0,286000.0,2698.11,2024-02-15
Chamalières,63075,63400,Appartement,50.0,123500.0,2470.0,2024-02-13
Courpière,63125,63120,Maison,85.0,140000.0,1647.06,2024-02-15
Cunlhat,63132,63590,Maison,120.0,42400.0,353.33,2024-02-13
Lempdes,63193,63370,Maison,96.0,285160.0,2970.42,2024-02-12
Bouzel,63049,63910,Maison,95.0,230000.0,2421.05,2024-02-12
Clermont-Ferrand,63113,63000,Appartement,42.0,131400.0,3128.57,2024-02-26
Pont-du-Château,63284,63430,Maison,90.0,332000.0,3688.89,2024-02-26
Orcines,63263,63870,Maison,43.0,282000.0,6558.14,2024-02-26
Pont-du-Château,63284,63430,Maison,90.0,175750.0,1952.78,2024-02-22
Clermont-Ferrand,63113,63100,Maison,72.0,217000.0,3013.89,2024-02-16
Lempdes,63193,63370,Appartement,60.0,125000.0,2083.33,2024-02-07
Clermont-Ferrand,63113,63000,Maison,67.0,155000.0,2313.43,2024-02-12
Mur-sur-Allier,63226,63115,Maison,54.0,78350.0,1450.93,2024-02-15
Lempdes,63193,63370,Maison,66.0,176000.0,2666.67,2024-02-09
Mur-sur-Allier,63226,63115,Maison,120.0,45000.0,375.0,2024-02-15
Champs,63082,63440,Maison,94.0,164783.0,1753.01,2024-02-09
Champs,63082,63440,Maison,94.0,164783.0,1753.01,2024-02-09
Beaumont,63032,63110,Appartement,67.0,146500.0,2186.57,2024-01-31
Joze,63180,63350,Maison,284.0,772000.0,2718.31,2024-02-27
Joze,63180,63350,Maison,284.0,772000.0,2718.31,2024-02-27
Joze,63180,63350,Maison,284.0,772000.0,2718.31,2024-02-27
Romagnat,63307,63540,Appartement,78.0,240000.0,3076.92,2024-02-28
Ambert,63003,63600,Maison,140.0,258000.0,1842.86,2024-02-07
Marat,63207,63480,Maison,90.0,47500.0,527.78,2024-02-01
Cournols,63123,63450,Maison,80.0,90000.0,1125.0,2024-02-27
Clermont-Ferrand,63113,63000,Appartement,66.0,92144.0,1396.12,2024-02-13
Vertaizon,63453,63910,Maison,90.0,234250.0,2602.78,2024-02-23
Clermont-Ferrand,63113,63000,Appartement,61.0,152000.0,2491.8,2024-02-13
Clermont-Ferrand,63113,63000,Appartement,105.0,152000.0,1447.62,2024-02-13
La Tour-d'Auvergne,63192,63680,Maison,90.0,48000.0,533.33,2024-02-14
Clermont-Ferrand,63113,63000,Appartement,43.0,141000.0,3279.07,2024-02-02
Mont-Dore,63236,63240,Appartement,23.0,43000.0,1869.57,2024-02-07
Cournon-d'Auvergne,63124,63800,Maison,100.0,450000.0,4500.0,2024-02-29
Orcival,63264,63210,Maison,79.0,115000.0,1455.7,2024-02-16
Châteauneuf-les-Bains,63100,63390,Maison,104.0,145000.0,1394.23,2024-02-22
Olliergues,63258,63880,Maison,98.0,108500.0,1107.14,2024-02-20
Pont-du-Château,63284,63430,Maison,75.0,262300.0,3497.33,2024-02-23
Pont-du-Château,63284,63430,Maison,75.0,262300.0,3497.33,2024-02-23
Saint-Beauzire,63322,63360,Appartement,73.0,128770.44,1763.98,2024-02-09
Mozac,63245,63200,Maison,90.0,172500.0,1916.67,2024-02-15
Viverols,63465,63840,Maison,146.0,255000.0,1746.58,2024-01-31
Isserteaux,63177,63270,Maison,42.0,30000.0,714.29,2024-02-15
Riom,63300,63200,Appartement,193.0,393830.0,2040.57,2024-02-13
Riom,63300,63200,Maison,125.0,398790.0,3190.32,2024-02-28
Beaumont,63032,63110,Appartement,55.0,219500.0,3990.91,2024-02-08
Beaumont,63032,63110,Appartement,25.0,219500.0,8780.0,2024-02-08
Beaumont,63032,63110,Appartement,40.0,219500.0,5487.5,2024-02-08
Beaumont,63032,63110,Appartement,40.0,219500.0,5487.5,2024-02-08
Beaumont,63032,63110,Appartement,28.0,219500.0,7839.29,2024-02-08
Chamalières,63075,63400,Appartement,64.0,173040.0,2703.75,2024-02-21
Bussières,63060,63330,Maison,120.0,58000.0,483.33,2024-02-13
Clermont-Ferrand,63113,63000,Appartement,97.0,275500.0,2840.21,2024-02-12
Les Martres-d'Artière,63213,63430,Maison,178.0,319000.0,1792.13,2024-02-14
Chamalières,63075,63400,Appartement,64.0,260600.0,4071.88,2024-02-19
Chauriat,63106,63117,Maison,60.0,67500.0,1125.0,2024-02-28
La Tour-d'Auvergne,63192,63680,Maison,80.0,172000.0,2150.0,2024-02-23
Orcet,63262,63670,Maison,98.0,210440.0,2147.35,2024-02-05
Clermont-Ferrand,63113,63000,Appartement,18.0,54344.23,3019.12,2024-02-15
Clermont-Ferrand,63113,63100,Appartement,78.0,159085.89,2039.56,2024-02-21
Clermont-Ferrand,63113,63100,Appartement,65.0,177300.0,2727.69,2024-02-15
Clermont-Ferrand,63113,63000,Appartement,29.0,82000.0,2827.59,2024-02-19
Clermont-Ferrand,63113,63000,Appartement,98.0,147000.0,1500.0,2024-02-02
Les Martres-de-Veyre,63214,63730,Maison,51.0,78000.0,1529.41,2024-01-24
Verneugheol,63450,63470,Maison,68.0,24000.0,352.94,2024-02-23
Auzelles,63023,63590,Maison,80.0,43000.0,537.5,2024-02-26
Riom,63300,63200,Appartement,193.0,15000.0,77.72,2024-02-15
Paslières,63271,63290,Maison,66.0,85000.0,1287.88,2024-02-20
Saint-Ours,63381,63230,Maison,90.0,86000.0,955.56,2024-02-23
Saint-Ours,63381,63230,Maison,90.0,86000.0,955.56,2024-02-23
Saint-Laure,63372,63350,Maison,215.0,444990.0,2069.72,2024-02-23
Bagnols,63028,63810,Maison,160.0,190500.0,1190.62,2024-02-23
Billom,63040,63160,Maison,80.0,25000.0,312.5,2024-02-08
Mont-Dore,63236,63240,Appartement,16.0,150700.0,9418.75,2024-02-17
Mont-Dore,63236,63240,Appartement,16.0,150700.0,9418.75,2024-02-17
Brassac-les-Mines,63050,63570,Maison,70.0,124680.0,1781.14,2024-02-16
Clermont-Ferrand,63113,63000,Appartement,21.0,145000.0,6904.76,2024-02-13
Clermont-Ferrand,63113,63000,Appartement,67.0,128450.0,1917.16,2024-02-20
Clermont-Ferrand,63113,63000,Appartement,45.0,86500.0,1922.22,2024-02-20
Clermont-Ferrand,63113,63000,Maison,110.0,290000.0,2636.36,2024-02-21
Saint-Bonnet-près-Riom,63327,63200,Maison,72.0,18000.0,250.0,2024-02-21
Saint-Genès-du-Retz,63347,63260,Maison,93.0,72500.0,779.57,2024-02-15
Beaumont,63032,63110,Appartement,66.0,98300.0,1489.39,2024-02-20
Clermont-Ferrand,63113,63000,Appartement,81.0,142000.0,1753.09,2024-02-22
Saint-Nectaire,63380,63710,Maison,84.0,70000.0,833.33,2024-02-12
Compains,63117,63610,Maison,90.0,98000.0,1088.89,2024-02-13
Compains,63117,63610,Maison,90.0,98000.0,1088.89,2024-02-13
Compains,63117,63610,Maison,46.0,98000.0,2130.43,2024-02-13
Compains,63117,63610,Maison,46.0,98000.0,2130.43,2024-02-13
Compains,63117,63610,Maison,46.0,98000.0,2130.43,2024-02-13
Compains,63117,63610,Maison,46.0,98000.0,2130.43,2024-02-13
Compains,63117,63610,Maison,60.0,67000.0,1116.67,2024-01-29
Blanzat,63042,63112,Maison,73.0,198800.0,2723.29,2024-02-14
Clermont-Ferrand,63113,63000,Appartement,25.0,118225.0,4729.0,2024-02-19
Clermont-Ferrand,63113,63000,Appartement,21.0,59000.0,2809.52,2024-02-16
Clermont-Ferrand,63113,63100,Appartement,85.0,71250.0,838.24,2024-02-15
Clermont-Ferrand,63113,63000,Appartement,78.0,151730.0,1945.26,2024-02-14
Clermont-Ferrand,63113,63100,Appartement,57.0,119800.0,2101.75,2024-02-15
Châtel-Guyon,63103,63140,Maison,99.0,312600.0,3157.58,2024-02-15
Clermont-Ferrand,63113,63000,Appartement,71.0,163278.0,2299.69,2024-02-22
Saint-Vincent,63403,63320,Maison,117.0,239500.0,2047.01,2024-02-20
Billom,63040,63160,Maison,100.0,180000.0,1800.0,2024-02-07
Ceyrat,63070,63122,Appartement,39.0,511000.0,13102.56,2024-02-20
Ceyrat,63070,63122,Appartement,40.0,511000.0,12775.0,2024-02-20
Ceyrat,63070,63122,Appartement,40.0,511000.0,12775.0,2024-02-20
Ceyrat,63070,63122,Appartement,39.0,511000.0,13102.56,2024-02-20
Ceyrat,63070,63122,Appartement,23.0,511000.0,22217.39,2024-02-20
Ceyrat,63070,63122,Appartement,23.0,511000.0,22217.39,2024-02-20
Ceyrat,63070,63122,Appartement,39.0,511000.0,13102.56,2024-02-20
Ceyrat,63070,63122,Appartement,39.0,511000.0,13102.56,2024-02-20
Riom,63300,63200,Appartement,37.0,56430.0,1525.14,2024-02-22
Saint-Cirgues-sur-Couze,63330,63320,Maison,83.0,176500.0,2126.51,2024-02-24
Clermont-Ferrand,63113,63000,Appartement,52.0,157300.0,3025.0,2024-02-28
Clermont-Ferrand,63113,63000,Appartement,20.0,157300.0,7865.0,2024-02-28
Le Cheix,63108,63200,Maison,86.0,163000.0,1895.35,2024-02-28
Cournon-d'Auvergne,63124,63800,Appartement,52.0,85000.0,1634.62,2024-03-01
Clermont-Ferrand,63113,63000,Appartement,32.0,51000.0,1593.75,2024-02-27
Royat,63308,63130,Appartement,18.0,90275.0,5015.28,2024-02-14
Royat,63308,63130,Appartement,24.0,90275.0,3761.46,2024-02-14
Ceyrat,63070,63122,Maison,140.0,200000.0,1428.57,2024-02-15
Brassac-les-Mines,63050,63570,Appartement,95.0,155000.0,1631.58,2024-02-08
Brassac-les-Mines,63050,63570,Appartement,53.0,155000.0,2924.53,2024-02-08
Brassac-les-Mines,63050,63570,Appartement,112.0,155000.0,1383.93,2024-02-08
Courpière,63125,63120,Maison,64.0,78000.0,1218.75,2024-02-21
Cébazat,63063,63118,Maison,120.0,99000.0,825.0,2024-02-15
Seychalles,63420,63190,Maison,61.0,60000.0,983.61,2024-02-14
Charbonnières-les-Varennes,63092,63410,Maison,123.0,258500.0,2101.63,2024-02-17
Charbonnières-les-Varennes,63092,63410,Maison,123.0,258500.0,2101.63,2024-02-17
Thiers,63430,63300,Appartement,35.0,20000.0,571.43,2024-02-15
Thiers,63430,63300,Appartement,35.0,20000.0,571.43,2024-02-15
Clermont-Ferrand,63113,63000,Appartement,84.0,256500.0,3053.57,2024-02-08
Clermont-Ferrand,63113,63100,Appartement,74.0,247600.0,3345.95,2024-02-27
Clermont-Ferrand,63113,63000,Appartement,14.0,57000.0,4071.43,2024-02-20
Saint-Gervais-sous-Meymont,63355,63880,Maison,125.0,235100.0,1880.8,2024-02-23
Saint-Rémy-sur-Durolle,63393,63550,Maison,22.0,50000.0,2272.73,2024-02-29
Clermont-Ferrand,63113,63000,Appartement,27.0,64000.0,2370.37,2024-02-17
Les Pradeaux,63287,63500,Maison,45.0,75000.0,1666.67,2024-02-23
Saint-Germain-Lembron,63352,63340,Maison,104.0,215000.0,2067.31,2024-02-12
Saint-Germain-Lembron,63352,63340,Maison,104.0,215000.0,2067.31,2024-02-12
Clermont-Ferrand,63113,63100,Appartement,60.0,168800.0,2813.33,2024-03-04
Clermont-Ferrand,63113,63100,Appartement,32.0,168800.0,5275.0,2024-03-04
Montaigut-le-Blanc,63234,63320,Maison,148.0,140000.0,945.95,2024-02-28
Montaigut-le-Blanc,63234,63320,Maison,148.0,140000.0,945.95,2024-02-28
Besse-et-Saint-Anastaise,63038,63610,Appartement,58.0,170000.0,2931.03,2024-02-28
Clermont-Ferrand,63113,63000,Appartement,70.0,65000.0,928.57,2024-02-01
Clermont-Ferrand,63113,63000,Appartement,68.0,90000.0,1323.53,2024-02-16
Mont-Dore,63236,63240,Appartement,75.0,108270.0,1443.6,2024-02-17
Mont-Dore,63236,63240,Appartement,25.0,57520.0,2300.8,2024-02-17
Mont-Dore,63236,63240,Appartement,35.0,60000.0,1714.29,2024-02-19
Clermont-Ferrand,63113,63000,Appartement,56.0,103065.0,1840.45,2024-02-16
Clermont-Ferrand,63113,63000,Appartement,81.0,290000.0,3580.25,2024-03-04
Chamalières,63075,63400,Appartement,49.0,145200.0,2963.27,2024-02-19
Chas,63096,63160,Maison,45.0,150000.0,3333.33,2024-02-22
Chas,63096,63160,Maison,45.0,150000.0,3333.33,2024-02-22
Le Crest,63126,63450,Maison,107.0,233000.0,2177.57,2024-03-04
Le Crest,63126,63450,Maison,107.0,233000.0,2177.57,2024-03-04
Clermont-Ferrand,63113,63100,Maison,197.0,620350.0,3148.98,2024-02-19
Château-sur-Cher,63101,63330,Maison,100.0,13455.0,134.55,2024-02-08
Royat,63308,63130,Appartement,21.0,48900.0,2328.57,2024-02-29
Lezoux,63195,63190,Maison,75.0,136740.0,1823.2,2024-02-29
Lezoux,63195,63190,Maison,100.0,271900.0,2719.0,2024-02-29
Roche-d'Agoux,63304,63330,Maison,20.0,48000.0,2400.0,2024-02-15
Roche-d'Agoux,63304,63330,Maison,65.0,48000.0,738.46,2024-02-15
Cébazat,63063,63118,Maison,86.0,200000.0,2325.58,2024-02-27
Valcivières,63441,63600,Maison,100.0,89175.0,891.75,2024-02-21
Vic-le-Comte,63457,63270,Maison,96.0,195100.0,2032.29,2024-03-01
Cournon-d'Auvergne,63124,63800,Appartement,60.0,110000.0,1833.33,2024-02-14
Clermont-Ferrand,63113,63000,Appartement,30.0,183500.0,6116.67,2024-02-23
Clermont-Ferrand,63113,63000,Appartement,30.0,183500.0,6116.67,2024-02-23
Clermont-Ferrand,63113,63000,Appartement,30.0,183500.0,6116.67,2024-02-23
Beaumont,63032,63110,Maison,110.0,342270.0,3111.55,2024-02-29
Clermont-Ferrand,63113,63000,Appartement,74.0,130000.0,1756.76,2024-02-22
Viscomtat,63463,63250,Maison,68.0,65000.0,955.88,2024-02-26
Viscomtat,63463,63250,Maison,97.0,65000.0,670.1,2024-02-26
Palladuc,63267,63550,Maison,75.0,37700.0,502.67,2024-02-27
Clermont-Ferrand,63113,63100,Appartement,64.0,205000.0,3203.12,2024-02-28
Clermont-Ferrand,63113,63100,Maison,128.0,370000.0,2890.62,2024-02-16
Clermont-Ferrand,63113,63000,Maison,42.0,77000.0,1833.33,2024-02-20
Vertaizon,63453,63910,Maison,64.0,122000.0,1906.25,2024-02-08
Saint-Bonnet-près-Riom,63327,63200,Maison,82.0,182500.0,2225.61,2024-02-16
Mur-sur-Allier,63226,63115,Maison,110.0,440000.0,4000.0,2024-02-29
Clermont-Ferrand,63113,63100,Appartement,52.0,162960.0,3133.85,2024-02-07
Clermont-Ferrand,63113,63000,Appartement,56.0,77500.0,1383.93,2024-02-29
Parent,63269,63270,Maison,86.0,150000.0,1744.19,2024-02-27
Vertaizon,63453,63910,Maison,280.0,560000.0,2000.0,2024-03-01
Clermont-Ferrand,63113,63000,Appartement,61.0,478000.0,7836.07,2024-02-09
Clermont-Ferrand,63113,63000,Appartement,58.0,478000.0,8241.38,2024-02-09
Clermont-Ferrand,63113,63000,Appartement,67.0,478000.0,7134.33,2024-02-09
Clermont-Ferrand,63113,63000,Appartement,59.0,478000.0,8101.69,2024-02-09
Ceyrat,63070,63122,Appartement,98.0,348650.0,3557.65,2024-02-08
Clermont-Ferrand,63113,63100,Appartement,66.0,208000.0,3151.52,2024-02-19
Clermont-Ferrand,63113,63100,Appartement,107.0,208000.0,1943.93,2024-02-19
Royat,63308,63130,Maison,103.0,340000.0,3300.97,2024-02-21
Chamalières,63075,63400,Appartement,79.0,213250.0,2699.37,2024-02-19
La Goutelle,63170,63230,Maison,145.0,203200.0,1401.38,2024-02-16
La Goutelle,63170,63230,Maison,145.0,203200.0,1401.38,2024-02-16
Thiers,63430,63300,Appartement,76.0,82000.0,1078.95,2024-02-23
Thiers,63430,63300,Appartement,89.0,82000.0,921.35,2024-02-23
Thiers,63430,63300,Appartement,89.0,82000.0,921.35,2024-02-23
Marsac-en-Livradois,63211,63940,Maison,120.0,201100.0,1675.83,2024-02-21
Marsac-en-Livradois,63211,63940,Maison,120.0,201100.0,1675.83,2024-02-21
Clermont-Ferrand,63113,63000,Appartement,26.0,65325.0,2512.5,2024-02-16
Chamalières,63075,63400,Appartement,104.0,350000.0,3365.38,2024-02-27
Lempdes,63193,63370,Appartement,56.0,74000.0,1321.43,2024-02-07
Clermont-Ferrand,63113,63000,Appartement,110.0,288050.0,2618.64,2024-02-21
Ambert,63003,63600,Appartement,90.0,57500.0,638.89,2024-01-31
Clermont-Ferrand,63113,63000,Appartement,65.0,142560.0,2193.23,2024-02-23
Aubière,63014,63170,Appartement,17.0,58000.0,3411.76,2024-02-09
Orcines,63263,63870,Maison,104.0,320620.0,3082.88,2024-02-23
Orcines,63263,63870,Maison,104.0,320620.0,3082.88,2024-02-23
Besse-et-Saint-Anastaise,63038,63610,Appartement,25.0,74000.0,2960.0,2024-02-13
Saint-Yvoine,63404,63500,Maison,83.0,141500.0,1704.82,2024-02-20
Saint-Yvoine,63404,63500,Maison,83.0,141500.0,1704.82,2024-02-20
Champs,63082,63440,Maison,40.0,20000.0,500.0,2024-02-16
Clermont-Ferrand,63113,63000,Appartement,41.0,95000.0,2317.07,2024-02-14
Clermont-Ferrand,63113,63100,Appartement,77.0,153500.0,1993.51,2024-02-14
Sauxillanges,63415,63490,Maison,63.0,60000.0,952.38,2024-02-07
Riom,63300,63200,Appartement,164.0,271850.0,1657.62,2024-02-20
Riom,63300,63200,Appartement,50.0,271850.0,5437.0,2024-02-20
Romagnat,63307,63540,Appartement,60.0,118050.0,1967.5,2024-02-22
Villosanges,63460,63380,Appartement,48.0,33000.0,687.5,2024-02-16
Villosanges,63460,63380,Appartement,48.0,33000.0,687.5,2024-02-16
Issoire,63178,63500,Maison,107.0,260000.0,2429.91,2024-02-23
Lamontgie,63185,63570,Maison,168.0,328000.0,1952.38,2024-02-23
Lamontgie,63185,63570,Maison,168.0,328000.0,1952.38,2024-02-23
Clermont-Ferrand,63113,63000,Appartement,43.0,104000.0,2418.6,2024-02-20
Pont-du-Château,63284,63430,Maison,92.0,290000.0,3152.17,2024-02-20
Beaumont,63032,63110,Appartement,52.0,137800.0,2650.0,2024-02-20
Clermont-Ferrand,63113,63000,Appartement,66.0,95500.0,1446.97,2024-02-23
Seychalles,63420,63190,Maison,110.0,250900.0,2280.91,2024-02-23
Volvic,63470,63530,Maison,55.0,126500.0,2300.0,2024-03-05
Clermont-Ferrand,63113,63000,Appartement,52.0,80000.0,1538.46,2024-02-16
Les Ancizes-Comps,63004,63770,Maison,102.0,161500.0,1583.33,2024-02-16
Champeix,63080,63320,Appartement,81.0,65000.0,802.47,2024-02-16
Mozac,63245,63200,Maison,108.0,280000.0,2592.59,2024-02-28
Clermont-Ferrand,63113,63000,Appartement,67.0,155000.0,2313.43,2024-02-13
Fayet-le-Château,63157,63160,Maison,110.0,223570.0,2032.45,2024-02-08
Fayet-le-Château,63157,63160,Maison,110.0,223570.0,2032.45,2024-02-08
Aulnat,63019,63510,Maison,80.0,152500.0,1906.25,2024-02-29
Cournon-d'Auvergne,63124,63800,Maison,137.0,402000.0,2934.31,2024-03-06
Clermont-Ferrand,63113,63100,Maison,76.0,145403.0,1913.2,2024-02-28
Sauret-Besserve,63408,63390,Maison,60.0,83000.0,1383.33,2024-02-14
Issoire,63178,63500,Appartement,25.0,33500.0,1340.0,2024-03-06
Chapdes-Beaufort,63085,63230,Maison,156.0,306900.0,1967.31,2024-02-24
Chapdes-Beaufort,63085,63230,Maison,156.0,306900.0,1967.31,2024-02-24
Chapdes-Beaufort,63085,63230,Maison,156.0,306900.0,1967.31,2024-02-24
Joze,63180,63350,Appartement,60.0,32000.0,533.33,2024-02-12
Pont-du-Château,63284,63430,Maison,120.0,329800.0,2748.33,2024-02-23
Saint-Saturnin,63396,63450,Maison,100.0,140900.0,1409.0,2024-02-28
Mozac,63245,63200,Maison,207.0,456000.0,2202.9,2024-02-29
Mozac,63245,63200,Maison,207.0,456000.0,2202.9,2024-02-29
Vertaizon,63453,63910,Maison,110.0,207300.0,1884.55,2024-03-05
Châteldon,63102,63290,Maison,122.0,51250.0,420.08,2024-03-04
Saint-Germain-Lembron,63352,63340,Maison,72.0,75000.0,1041.67,2024-02-28
Issoire,63178,63500,Maison,104.0,270800.0,2603.85,2024-02-29
Ludesse,63199,63320,Maison,106.0,237500.0,2240.57,2024-02-29
Clermont-Ferrand,63113,63000,Appartement,21.0,40000.0,1904.76,2024-02-15
Aubière,63014,63170,Maison,82.0,174500.0,2128.05,2024-02-22
Biollet,63041,63640,Maison,124.0,500000.0,4032.26,2024-02-09
Biollet,63041,63640,Maison,124.0,500000.0,4032.26,2024-02-09
Biollet,63041,63640,Maison,124.0,500000.0,4032.26,2024-02-09
Royat,63308,63130,Maison,90.0,175750.0,1952.78,2024-02-27
Roche-d'Agoux,63304,63330,Maison,134.0,55000.0,410.45,2024-02-21
Manzat,63206,63410,Maison,65.0,76000.0,1169.23,2024-02-21
Saint-Rémy-sur-Durolle,63393,63550,Maison,16.0,50786.0,3174.12,2024-02-28
Aulnat,63019,63510,Maison,90.0,211000.0,2344.44,2024-03-07
Clermont-Ferrand,63113,63000,Appartement,58.0,80400.0,1386.21,2024-02-26
Chamalières,63075,63400,Appartement,103.0,310000.0,3009.71,2024-03-01
Tallende,63425,63450,Maison,100.0,320000.0,3200.0,2024-02-28
Saint-Cirgues-sur-Couze,63330,63320,Maison,270.0,226750.0,839.81,2024-02-29
Bouzel,63049,63910,Maison,85.0,294000.0,3458.82,2024-02-23
Bouzel,63049,63910,Maison,85.0,294000.0,3458.82,2024-02-23
Issoire,63178,63500,Appartement,51.0,122650.0,2404.9,2024-02-21
Aubière,63014,63170,Maison,95.0,246600.0,2595.79,2024-03-01
Clermont-Ferrand,63113,63100,Maison,104.0,150000.0,1442.31,2024-03-01
Bertignat,63037,63480,Maison,70.0,35000.0,500.0,2024-02-19
Aubière,63014,63170,Maison,65.0,173500.0,2669.23,2024-03-05
Beauregard-Vendon,63035,63460,Maison,149.0,308000.0,2067.11,2024-02-26
Égliseneuve-d'Entraigues,63144,63850,Maison,42.0,58010.0,1381.19,2024-02-09
Issoire,63178,63500,Maison,72.0,657000.0,9125.0,2024-02-16
Clermont-Ferrand,63113,63000,Appartement,46.0,126000.0,2739.13,2024-02-22
Royat,63308,63130,Appartement,16.0,44000.0,2750.0,2024-02-28
Besse-et-Saint-Anastaise,63038,63610,Appartement,33.0,70000.0,2121.21,2024-02-15
Combronde,63116,63460,Maison,137.0,212500.0,1551.09,2024-02-12
Prompsat,63288,63200,Maison,19.0,43000.0,2263.16,2024-02-13
Authezat,63021,63114,Maison,132.0,275000.0,2083.33,2024-02-22
Authezat,63021,63114,Maison,132.0,275000.0,2083.33,2024-02-22
La Bourboule,63047,63150,Appartement,50.0,67600.0,1352.0,2024-02-22
Grandeyrolles,63172,63320,Maison,49.0,70000.0,1428.57,2024-02-24
Mur-sur-Allier,63226,63115,Maison,65.0,98000.0,1507.69,2024-01-19
Chanonat,63084,63450,Maison,124.0,378300.0,3050.81,2024-03-01
Orcet,63262,63670,Maison,112.0,295800.0,2641.07,2024-02-16
Marsat,63212,63200,Maison,56.0,59000.0,1053.57,2024-02-12
Clermont-Ferrand,63113,63100,Appartement,70.0,131000.0,1871.43,2024-02-22
Cournon-d'Auvergne,63124,63800,Appartement,61.0,81000.0,1327.87,2024-02-19
Lussat,63200,63360,Maison,100.0,180500.0,1805.0,2024-03-06
Clermont-Ferrand,63113,63000,Appartement,38.0,69100.0,1818.42,2024-02-29
Bertignat,63037,63480,Appartement,28.0,55750.0,1991.07,2024-02-28
Bertignat,63037,63480,Appartement,164.0,55750.0,339.94,2024-02-28
Bertignat,63037,63480,Appartement,28.0,55750.0,1991.07,2024-02-28
Montel-de-Gelat,63237,63380,Maison,59.0,16000.0,271.19,2024-03-01
Clermont-Ferrand,63113,63100,Appartement,82.0,181100.0,2208.54,2024-02-29
Clermont-Ferrand,63113,63100,Appartement,135.0,447910.0,3317.85,2024-02-15
Aigueperse,63001,63260,Maison,56.0,100000.0,1785.71,2024-03-06
Chamalières,63075,63400,Maison,65.0,233500.0,3592.31,2024-02-28
Vic-le-Comte,63457,63270,Maison,75.0,308900.0,4118.67,2024-02-29
Aubière,63014,63170,Appartement,61.0,131000.0,2147.54,2024-03-01
Valcivières,63441,63600,Maison,70.0,110000.0,1571.43,2024-02-16
Gelles,63163,63740,Maison,184.0,190500.0,1035.33,2024-03-06
Gelles,63163,63740,Maison,184.0,190500.0,1035.33,2024-03-06
Les Ancizes-Comps,63004,63770,Maison,59.0,109850.0,1861.86,2024-03-07
Clermont-Ferrand,63113,63000,Appartement,74.0,150200.0,2029.73,2024-02-21
Chamalières,63075,63400,Maison,152.0,700300.0,4607.24,2024-02-13
Clermont-Ferrand,63113,63100,Appartement,58.0,121000.0,2086.21,2024-02-22
Murat-le-Quaire,63246,63150,Appartement,51.0,47525.0,931.86,2024-03-04
Riom,63300,63200,Maison,130.0,347000.0,2669.23,2024-02-28
Issoire,63178,63500,Appartement,41.0,77000.0,1878.05,2024-02-26
Les Martres-de-Veyre,63214,63730,Maison,74.0,194750.0,2631.76,2024-03-01
Thiers,63430,63300,Maison,95.0,73892.0,777.81,2024-03-05
Chamalières,63075,63400,Appartement,32.0,102600.0,3206.25,2024-03-11
Aubière,63014,63170,Maison,240.0,294000.0,1225.0,2024-03-08
Clermont-Ferrand,63113,63000,Appartement,13.0,30000.0,2307.69,2024-03-05
Pessat-Villeneuve,63278,63200,Maison,105.0,212800.0,2026.67,2024-03-04
Saint-Rémy-sur-Durolle,63393,63550,Maison,85.0,178500.0,2100.0,2024-03-06
Issoire,63178,63500,Appartement,26.0,321600.0,12369.23,2024-02-29
Issoire,63178,63500,Appartement,33.0,321600.0,9745.45,2024-02-29
Issoire,63178,63500,Appartement,33.0,321600.0,9745.45,2024-02-29
Issoire,63178,63500,Appartement,28.0,321600.0,11485.71,2024-02-29
Issoire,63178,63500,Appartement,36.0,321600.0,8933.33,2024-02-29
Issoire,63178,63500,Appartement,33.0,321600.0,9745.45,2024-02-29
Issoire,63178,63500,Appartement,26.0,321600.0,12369.23,2024-02-29
Issoire,63178,63500,Maison,95.0,347357.0,3656.39,2024-02-23
Ennezat,63148,63720,Maison,65.0,155000.0,2384.62,2024-02-28
Ennezat,63148,63720,Maison,40.0,155000.0,3875.0,2024-02-28
Clermont-Ferrand,63113,63000,Appartement,20.0,54000.0,2700.0,2024-02-19
Auzat-la-Combelle,63022,63570,Maison,76.0,96000.0,1263.16,2024-03-12
Clermont-Ferrand,63113,63100,Appartement,74.0,167925.0,2269.26,2024-02-28
Saint-Rémy-sur-Durolle,63393,63550,Maison,120.0,49500.0,412.5,2024-03-05
Mozac,63245,63200,Maison,178.0,237864.0,1336.31,2024-03-07
Mozac,63245,63200,Maison,178.0,237864.0,1336.31,2024-03-07
Clermont-Ferrand,63113,63000,Appartement,67.0,93000.0,1388.06,2024-02-27
Saint-Laure,63372,63350,Maison,158.0,372000.0,2354.43,2024-02-20
Saint-Laure,63372,63350,Maison,158.0,372000.0,2354.43,2024-02-20
Clermont-Ferrand,63113,63000,Appartement,88.0,227000.0,2579.55,2024-03-12
Clermont-Ferrand,63113,63100,Appartement,69.0,117500.0,1702.9,2024-02-28
Varennes-sur-Morge,63443,63720,Maison,93.0,276300.0,2970.97,2024-02-16
Varennes-sur-Morge,63443,63720,Maison,93.0,276300.0,2970.97,2024-02-16
Châteauneuf-les-Bains,63100,63390,Maison,83.0,76005.0,915.72,2024-02-20
Ceyrat,63070,63122,Maison,35.0,125000.0,3571.43,2024-02-22
Riom,63300,63200,Appartement,73.0,115000.0,1575.34,2024-02-26
Clermont-Ferrand,63113,63000,Maison,72.0,157000.0,2180.56,2024-02-27
Clermont-Ferrand,63113,63000,Appartement,29.0,55500.0,1913.79,2024-02-27
La Sauvetat,63413,63730,Maison,95.0,212920.0,2241.26,2024-02-29
Thuret,63432,63260,Maison,70.0,151000.0,2157.14,2024-02-16
Clermont-Ferrand,63113,63100,Maison,77.0,170500.0,2214.29,2024-02-28
Châtel-Guyon,63103,63140,Maison,54.0,120000.0,2222.22,2024-02-28
Courpière,63125,63120,Maison,78.0,65000.0,833.33,2024-02-29
Courpière,63125,63120,Appartement,12.0,65000.0,5416.67,2024-02-29
Courpière,63125,63120,Appartement,42.0,65000.0,1547.62,2024-02-29
Courpière,63125,63120,Appartement,42.0,65000.0,1547.62,2024-02-29
Courpière,63125,63120,Appartement,21.0,65000.0,3095.24,2024-02-29
Servant,63419,63560,Maison,110.0,78750.0,715.91,2024-02-23
Clermont-Ferrand,63113,63100,Maison,106.0,259500.0,2448.11,2024-02-23
Nohanent,63254,63830,Maison,126.0,380000.0,3015.87,2024-02-28
Combronde,63116,63460,Maison,93.0,251500.0,2704.3,2024-02-26
Marsat,63212,63200,Maison,180.0,323400.0,1796.67,2024-03-01
Marsat,63212,63200,Maison,180.0,323400.0,1796.67,2024-03-01
Riom,63300,63200,Maison,82.0,173200.0,2112.2,2024-02-22
Riom,63300,63200,Maison,82.0,173200.0,2112.2,2024-02-22
Clermont-Ferrand,63113,63000,Appartement,80.0,113500.0,1418.75,2024-03-04
Orcet,63262,63670,Maison,66.0,175000.0,2651.52,2024-03-01
Lezoux,63195,63190,Maison,207.0,136400.0,658.94,2024-02-19
Nohanent,63254,63830,Maison,100.0,260900.0,2609.0,2024-03-07
Clermont-Ferrand,63113,63000,Appartement,112.0,238500.0,2129.46,2024-03-07
Issoire,63178,63500,Appartement,64.0,102700.0,1604.69,2024-02-16
Aydat,63026,63970,Maison,82.0,160000.0,1951.22,2024-02-15
Aydat,63026,63970,Maison,87.0,160000.0,1839.08,2024-02-15
Clermont-Ferrand,63113,63100,Appartement,44.0,102800.0,2336.36,2024-02-26
Le Cendre,63069,63670,Maison,112.0,171500.0,1531.25,2024-02-23
Gerzat,63164,63360,Appartement,39.0,64860.0,1663.08,2024-02-26
Clermont-Ferrand,63113,63100,Maison,109.0,264800.0,2429.36,2024-02-23
Volvic,63470,63530,Maison,103.0,298550.0,2898.54,2024-02-20
Riom,63300,63200,Appartement,45.0,140000.0,3111.11,2024-02-27
Riom,63300,63200,Appartement,45.0,140000.0,3111.11,2024-02-27
Riom,63300,63200,Appartement,45.0,140000.0,3111.11,2024-02-27
Riom,63300,63200,Appartement,30.0,140000.0,4666.67,2024-02-27
Riom,63300,63200,Appartement,30.0,140000.0,4666.67,2024-02-27
Clermont-Ferrand,63113,63000,Appartement,33.0,506200.0,15339.39,2024-02-27
Clermont-Ferrand,63113,63000,Appartement,32.0,506200.0,15818.75,2024-02-27
Clermont-Ferrand,63113,63000,Appartement,32.0,506200.0,15818.75,2024-02-27
Clermont-Ferrand,63113,63000,Appartement,27.0,506200.0,18748.15,2024-02-27
Clermont-Ferrand,63113,63000,Appartement,32.0,506200.0,15818.75,2024-02-27
Clermont-Ferrand,63113,63000,Appartement,28.0,506200.0,18078.57,2024-02-27
Clermont-Ferrand,63113,63000,Appartement,32.0,506200.0,15818.75,2024-02-27
Clermont-Ferrand,63113,63000,Appartement,31.0,506200.0,16329.03,2024-02-27
Volvic,63470,63530,Maison,68.0,112800.0,1658.82,2024-03-01
Clermont-Ferrand,63113,63100,Appartement,92.0,276000.0,3000.0,2024-02-08
Saint-Rémy-sur-Durolle,63393,63550,Maison,170.0,171440.0,1008.47,2024-02-16
Royat,63308,63130,Appartement,33.0,59350.0,1798.48,2024-03-13
Seychalles,63420,63190,Maison,70.0,56270.0,803.86,2024-02-16
Clermont-Ferrand,63113,63000,Maison,97.0,107293.0,1106.11,2024-03-08
Gerzat,63164,63360,Maison,40.0,10000.0,250.0,2024-02-19
Clermont-Ferrand,63113,63100,Maison,29.0,619500.0,21362.07,2024-03-11
Clermont-Ferrand,63113,63100,Maison,234.0,619500.0,2647.44,2024-03-11
Châtel-Guyon,63103,63140,Appartement,22.0,54000.0,2454.55,2024-02-29
Beaumont,63032,63110,Appartement,69.0,90000.0,1304.35,2024-02-29
Auzat-la-Combelle,63022,63570,Maison,95.0,198800.0,2092.63,2024-03-06
Aubiat,63013,63260,Maison,88.0,206500.0,2346.59,2024-03-06
Pont-du-Château,63284,63430,Maison,40.0,44000.0,1100.0,2024-03-08
Pionsat,63281,63330,Maison,73.0,145000.0,1986.3,2024-03-05
Ceyrat,63070,63122,Maison,56.0,335000.0,5982.14,2024-03-08
Clermont-Ferrand,63113,63100,Appartement,73.0,155000.0,2123.29,2024-03-07
Charbonnier-les-Mines,63091,63340,Maison,108.0,55000.0,509.26,2024-02-24
Chamalières,63075,63400,Maison,35.0,130000.0,3714.29,2024-03-04
Clermont-Ferrand,63113,63100,Maison,104.0,323000.0,3105.77,2024-02-27
Cébazat,63063,63118,Maison,87.0,283200.0,3255.17,2024-02-29
Arlanc,63010,63220,Maison,68.0,18000.0,264.71,2024-03-06
Châtel-Guyon,63103,63140,Maison,140.0,317100.0,2265.0,2024-03-04
Arlanc,63010,63220,Maison,196.0,34000.0,173.47,2024-03-06
Le Monestier,63230,63890,Maison,117.0,107500.0,918.8,2024-03-08
Sainte-Catherine,63328,63580,Maison,97.0,55750.0,574.74,2024-03-04
Champétières,63081,63600,Maison,123.0,150000.0,1219.51,2024-02-19
Champétières,63081,63600,Maison,76.0,150000.0,1973.68,2024-02-19
Issoire,63178,63500,Appartement,83.0,156000.0,1879.52,2024-02-27
Ceyrat,63070,63122,Appartement,100.0,189980.0,1899.8,2024-02-23
Clermont-Ferrand,63113,63000,Appartement,57.0,91000.0,1596.49,2024-02-26
Ambert,63003,63600,Maison,93.0,172670.0,1856.67,2024-02-20
Ambert,63003,63600,Maison,93.0,172670.0,1856.67,2024-02-20
Clermont-Ferrand,63113,63000,Appartement,33.0,85950.0,2604.55,2024-02-29
Mirefleurs,63227,63730,Maison,76.0,144470.0,1900.92,2024-03-06
Pérignat-lès-Sarliève,63272,63170,Maison,87.0,255000.0,2931.03,2024-02-27
Issoire,63178,63500,Appartement,49.0,119800.0,2444.9,2024-03-12
Marsat,63212,63200,Maison,270.0,589000.0,2181.48,2024-03-04
Marsat,63212,63200,Maison,270.0,589000.0,2181.48,2024-03-04
Clermont-Ferrand,63113,63100,Appartement,36.0,87800.0,2438.89,2024-03-12
Orcet,63262,63670,Maison,87.0,392000.0,4505.75,2024-03-07
Issoire,63178,63500,Appartement,59.0,135000.0,2288.14,2024-02-15
Orcet,63262,63670,Maison,88.0,247800.0,2815.91,2024-03-05
Clermont-Ferrand,63113,63000,Appartement,100.0,1625000.0,16250.0,2024-02-26
Clermont-Ferrand,63113,63000,Appartement,76.0,204000.0,2684.21,2024-03-07
Clermont-Ferrand,63113,63000,Appartement,94.0,295600.0,3144.68,2024-02-26
Clermont-Ferrand,63113,63100,Appartement,75.0,79800.0,1064.0,2024-02-21
Saint-Nectaire,63380,63710,Appartement,42.0,74000.0,1761.9,2024-03-05
Riom,63300,63200,Maison,159.0,522500.0,3286.16,2024-01-24
Riom,63300,63200,Maison,159.0,522500.0,3286.16,2024-01-24
Clermont-Ferrand,63113,63100,Maison,69.0,171000.0,2478.26,2024-02-23
Thiers,63430,63300,Appartement,91.0,98600.0,1083.52,2024-02-19
Courpière,63125,63120,Maison,84.0,100000.0,1190.48,2024-02-20
Courpière,63125,63120,Maison,84.0,100000.0,1190.48,2024-02-20
Chamalières,63075,63400,Appartement,57.0,104700.0,1836.84,2024-03-08
Saint-Éloy-la-Glacière,63337,63890,Maison,70.0,60000.0,857.14,2024-03-07
Riom,63300,63200,Maison,88.0,140000.0,1590.91,2024-03-07
Cournon-d'Auvergne,63124,63800,Maison,126.0,323000.0,2563.49,2024-03-04
Clermont-Ferrand,63113,63000,Appartement,250.0,690000.0,2760.0,2024-03-06
Chavaroux,63107,63720,Maison,96.0,133000.0,1385.42,2024-03-06
Chavaroux,63107,63720,Maison,96.0,133000.0,1385.42,2024-03-06
Murol,63247,63790,Maison,43.0,45000.0,1046.51,2024-02-26
Murol,63247,63790,Maison,93.0,45000.0,483.87,2024-02-26
Murol,63247,63790,Maison,43.0,45000.0,1046.51,2024-02-26
Murol,63247,63790,Maison,93.0,45000.0,483.87,2024-02-26
Crevant-Laveine,63128,63350,Maison,118.0,30000.0,254.24,2024-03-04
Saint-Sandoux,63395,63450,Maison,97.0,224950.0,2319.07,2024-03-07
Chamalières,63075,63400,Appartement,73.0,161485.0,2212.12,2024-03-07
Clermont-Ferrand,63113,63000,Appartement,90.0,126000.0,1400.0,2024-02-27
La Roche-Blanche,63302,63670,Maison,48.0,105000.0,2187.5,2024-03-13
Clermont-Ferrand,63113,63000,Appartement,39.0,80000.0,2051.28,2024-03-08
Vic-le-Comte,63457,63270,Appartement,78.0,123000.0,1576.92,2024-02-29
Clermont-Ferrand,63113,63000,Appartement,83.0,197500.0,2379.52,2024-02-28
Châtel-Guyon,63103,63140,Maison,63.0,80000.0,1269.84,2024-02-27
Aubière,63014,63170,Maison,152.0,361450.0,2377.96,2024-02-27
Cébazat,63063,63118,Appartement,40.0,101500.0,2537.5,2024-02-28
Mur-sur-Allier,63226,63115,Maison,68.0,129000.0,1897.06,2024-03-12
Saint-Rémy-sur-Durolle,63393,63550,Maison,22.0,60000.0,2727.27,2024-03-07
Clermont-Ferrand,63113,63100,Maison,99.0,171190.0,1729.19,2024-02-27
Martres-sur-Morge,63215,63720,Maison,123.0,378900.0,3080.49,2024-03-15
Saint-Nectaire,63380,63710,Appartement,36.0,127400.0,3538.89,2024-02-28
Saint-Nectaire,63380,63710,Appartement,105.0,127400.0,1213.33,2024-02-28
Beaumont,63032,63110,Maison,120.0,197000.0,1641.67,2024-03-18
Clermont-Ferrand,63113,63000,Maison,91.0,257500.0,2829.67,2024-03-05
Saint-Rémy-sur-Durolle,63393,63550,Maison,98.0,50000.0,510.2,2024-03-13
Issoire,63178,63500,Maison,24.0,35000.0,1458.33,2024-02-23
Clermont-Ferrand,63113,63000,Appartement,45.0,61500.0,1366.67,2024-03-12
Vic-le-Comte,63457,63270,Maison,50.0,28000.0,560.0,2024-02-26
Clermont-Ferrand,63113,63000,Maison,58.0,172500.0,2974.14,2024-02-29
Lapeyrouse,63187,63700,Maison,129.0,179010.0,1387.67,2024-03-15
Lapeyrouse,63187,63700,Maison,129.0,179010.0,1387.67,2024-03-15
Châtel-Guyon,63103,63140,Maison,94.0,243200.0,2587.23,2024-03-01
Châtel-Guyon,63103,63140,Maison,94.0,243200.0,2587.23,2024-03-01
Teilhet,63428,63560,Maison,66.0,45860.0,694.85,2024-03-06
Teilhet,63428,63560,Maison,66.0,45860.0,694.85,2024-03-06
Lempdes,63193,63370,Maison,118.0,351250.0,2976.69,2024-03-15
Cournon-d'Auvergne,63124,63800,Maison,80.0,81000.0,1012.5,2024-03-11
Clermont-Ferrand,63113,63100,Appartement,73.0,145000.0,1986.3,2024-03-14
Saint-Amant-Tallende,63315,63450,Maison,20.0,366500.0,18325.0,2024-03-18
Saint-Amant-Tallende,63315,63450,Maison,116.0,366500.0,3159.48,2024-03-18
Auzelles,63023,63590,Maison,110.0,52000.0,472.73,2024-03-14
Clermont-Ferrand,63113,63100,Maison,50.0,102000.0,2040.0,2024-03-14
Avèze,63024,63690,Maison,120.0,196310.0,1635.92,2024-02-28
Châtel-Guyon,63103,63140,Appartement,27.0,47000.0,1740.74,2024-03-11
Cournon-d'Auvergne,63124,63800,Maison,40.0,183400.0,4585.0,2024-03-04
Cournon-d'Auvergne,63124,63800,Maison,40.0,183400.0,4585.0,2024-03-04
Les Martres-de-Veyre,63214,63730,Maison,83.0,178720.0,2153.25,2024-03-11
Clermont-Ferrand,63113,63000,Appartement,49.0,140200.0,2861.22,2024-03-12
Aulnat,63019,63510,Maison,28.0,65000.0,2321.43,2024-02-23
Laps,63188,63270,Maison,89.0,243500.0,2735.96,2024-03-19
Saint-Germain-Lembron,63352,63340,Maison,55.0,46000.0,836.36,2024-03-01
Rentières,63299,63420,Maison,112.0,175750.0,1569.2,2024-03-01
Cournon-d'Auvergne,63124,63800,Maison,87.0,237500.0,2729.89,2024-03-01
Clermont-Ferrand,63113,63000,Appartement,32.0,78370.0,2449.06,2024-03-07
Auzat-la-Combelle,63022,63570,Maison,80.0,87000.0,1087.5,2024-02-29
Clermont-Ferrand,63113,63000,Appartement,32.0,55000.0,1718.75,2024-03-14
Maringues,63210,63350,Appartement,60.0,75000.0,1250.0,2024-03-14
Courpière,63125,63120,Appartement,40.0,20000.0,500.0,2024-03-15
Courpière,63125,63120,Appartement,67.0,20000.0,298.51,2024-03-15
Courpière,63125,63120,Appartement,30.0,20000.0,666.67,2024-03-15
Courpière,63125,63120,Maison,72.0,20000.0,277.78,2024-03-15
Courpière,63125,63120,Appartement,47.0,20000.0,425.53,2024-03-15
Cébazat,63063,63118,Maison,111.0,264100.0,2379.28,2024-03-05
Cournon-d'Auvergne,63124,63800,Maison,20.0,213000.0,10650.0,2024-03-08
Entraigues,63149,63720,Maison,119.0,329319.0,2767.39,2024-03-06
Saint-Georges-sur-Allier,63350,63800,Maison,230.0,382000.0,1660.87,2024-03-07
Saint-Georges-sur-Allier,63350,63800,Maison,230.0,382000.0,1660.87,2024-03-07
Saint-Éloy-les-Mines,63338,63700,Maison,180.0,97000.0,538.89,2024-02-27
Combronde,63116,63460,Maison,110.0,30000.0,272.73,2024-03-13
Clermont-Ferrand,63113,63000,Appartement,54.0,82000.0,1518.52,2024-03-08
Clermont-Ferrand,63113,63000,Maison,140.0,319050.0,2278.93,2024-03-07
Biollet,63041,63640,Maison,54.0,28500.0,527.78,2024-02-27
Thiers,63430,63300,Appartement,60.0,33500.0,558.33,2024-03-04
Pessat-Villeneuve,63278,63200,Maison,138.0,320000.0,2318.84,2024-02-29
Romagnat,63307,63540,Maison,144.0,507000.0,3520.83,2024-03-04
Issoire,63178,63500,Appartement,23.0,177800.0,7730.43,2024-03-12
Issoire,63178,63500,Appartement,23.0,177800.0,7730.43,2024-03-12
Issoire,63178,63500,Appartement,23.0,177800.0,7730.43,2024-03-12
Issoire,63178,63500,Appartement,23.0,177800.0,7730.43,2024-03-12
Aubière,63014,63170,Maison,88.0,357500.0,4062.5,2024-03-12
Saint-Sulpice,63399,63760,Maison,145.0,180000.0,1241.38,2024-03-06
Clermont-Ferrand,63113,63000,Maison,70.0,133300.0,1904.29,2024-03-06
Clermont-Ferrand,63113,63100,Appartement,66.0,103700.0,1571.21,2024-03-06
Châtel-Guyon,63103,63140,Appartement,20.0,59150.0,2957.5,2024-03-07
Aulnat,63019,63510,Maison,81.0,207892.0,2566.57,2024-03-05
Clermont-Ferrand,63113,63000,Appartement,76.0,100000.0,1315.79,2024-03-04
Doranges,63137,63220,Maison,139.0,49000.0,352.52,2024-03-15
Doranges,63137,63220,Maison,139.0,49000.0,352.52,2024-03-15
Clermont-Ferrand,63113,63100,Maison,93.0,183000.0,1967.74,2024-03-08
Thiers,63430,63300,Maison,44.0,38500.0,875.0,2024-03-13
Montel-de-Gelat,63237,63380,Maison,130.0,30000.0,230.77,2024-02-21
Clermont-Ferrand,63113,63000,Appartement,67.0,98000.0,1462.69,2024-02-29
Clermont-Ferrand,63113,63000,Appartement,18.0,56800.0,3155.56,2024-03-08
Clermont-Ferrand,63113,63000,Appartement,25.0,65000.0,2600.0,2024-02-21
Aubière,63014,63170,Appartement,32.0,258800.0,8087.5,2024-03-13
Aubière,63014,63170,Appartement,28.0,258800.0,9242.86,2024-03-13
Aubière,63014,63170,Appartement,34.0,258800.0,7611.76,2024-03-13
Aubière,63014,63170,Appartement,35.0,258800.0,7394.29,2024-03-13
Clermont-Ferrand,63113,63000,Appartement,76.0,151100.0,1988.16,2024-03-12
Varennes-sur-Morge,63443,63720,Maison,116.0,309000.0,2663.79,2024-03-12
Clermont-Ferrand,63113,63000,Appartement,31.0,90000.0,2903.23,2024-03-14
Ménétrol,63224,63200,Maison,90.0,400600.0,4451.11,2024-03-08
Ménétrol,63224,63200,Maison,90.0,400600.0,4451.11,2024-03-08
Clermont-Ferrand,63113,63000,Maison,103.0,206520.0,2005.05,2024-03-11
Mazaye,63219,63230,Maison,61.0,101520.0,1664.26,2024-03-04
Mazaye,63219,63230,Maison,61.0,101520.0,1664.26,2024-03-04
Aulnat,63019,63510,Maison,120.0,238800.0,1990.0,2024-03-08
Nohanent,63254,63830,Maison,40.0,88800.0,2220.0,2024-03-08
Clermont-Ferrand,63113,63000,Appartement,34.0,68200.0,2005.88,2024-03-07
Chamalières,63075,63400,Appartement,139.0,266000.0,1913.67,2024-02-24
Chambon-sur-Lac,63077,63790,Maison,40.0,105380.0,2634.5,2024-03-04
Beaumont,63032,63110,Appartement,80.0,129500.0,1618.75,2024-03-14
Gerzat,63164,63360,Appartement,88.0,117000.0,1329.55,2024-03-13
Nohanent,63254,63830,Maison,60.0,120000.0,2000.0,2024-03-13
Martres-sur-Morge,63215,63720,Maison,93.0,156410.0,1681.83,2024-03-04
Cournon-d'Auvergne,63124,63800,Maison,84.0,187745.0,2235.06,2024-02-28
Beaumont,63032,63110,Appartement,72.0,10350.0,143.75,2024-03-20
Le Cendre,63069,63670,Maison,108.0,270000.0,2500.0,2024-03-19
Clermont-Ferrand,63113,63100,Appartement,90.0,196000.0,2177.78,2024-03-05
Clermont-Ferrand,63113,63000,Appartement,47.0,78500.0,1670.21,2024-03-04
Chamalières,63075,63400,Appartement,75.0,111000.0,1480.0,2024-03-08
Saint-Germain-Lembron,63352,63340,Maison,52.0,90000.0,1730.77,2024-03-11
Luzillat,63201,63350,Maison,60.0,105000.0,1750.0,2024-03-19
Clermont-Ferrand,63113,63000,Appartement,58.0,139200.0,2400.0,2024-02-22
Clermont-Ferrand,63113,63000,Appartement,43.0,133750.0,3110.47,2024-03-01
La Bourboule,63047,63150,Appartement,21.0,380080.0,18099.05,2024-03-05
La Bourboule,63047,63150,Appartement,18.0,380080.0,21115.56,2024-03-05
La Bourboule,63047,63150,Appartement,21.0,380080.0,18099.05,2024-03-05
La Bourboule,63047,63150,Appartement,20.0,380080.0,19004.0,2024-03-05
La Bourboule,63047,63150,Appartement,21.0,380080.0,18099.05,2024-03-05
La Bourboule,63047,63150,Appartement,18.0,380080.0,21115.56,2024-03-05
La Bourboule,63047,63150,Appartement,21.0,380080.0,18099.05,2024-03-05
La Bourboule,63047,63150,Appartement,20.0,380080.0,19004.0,2024-03-05
La Bourboule,63047,63150,Appartement,18.0,380080.0,21115.56,2024-03-05
La Bourboule,63047,63150,Appartement,18.0,380080.0,21115.56,2024-03-05
Ambert,63003,63600,Maison,81.0,119100.0,1470.37,2024-03-04
Ambert,63003,63600,Maison,81.0,119100.0,1470.37,2024-03-04
Ambert,63003,63600,Maison,81.0,119100.0,1470.37,2024-03-04
Beurières,63039,63220,Maison,80.0,79000.0,987.5,2024-02-27
Romagnat,63307,63540,Maison,60.0,192700.0,3211.67,2024-02-29
Saint-Anthème,63319,63660,Maison,60.0,80000.0,1333.33,2024-02-27
Châtel-Guyon,63103,63140,Appartement,20.0,35850.0,1792.5,2024-03-15
Thiers,63430,63300,Maison,92.0,79000.0,858.7,2024-03-19
Thiers,63430,63300,Maison,92.0,79000.0,858.7,2024-03-19
Thiers,63430,63300,Maison,92.0,79000.0,858.7,2024-03-19
Chamalières,63075,63400,Appartement,47.0,112805.0,2400.11,2024-03-15
Varennes-sur-Usson,63444,63500,Maison,90.0,190000.0,2111.11,2024-03-08
Valz-sous-Châteauneuf,63442,63580,Maison,60.0,37000.0,616.67,2024-03-11
Riom,63300,63200,Maison,86.0,50000.0,581.4,2024-03-14
Riom,63300,63200,Appartement,52.0,308000.0,5923.08,2024-03-14
Riom,63300,63200,Appartement,70.0,308000.0,4400.0,2024-03-14
Saint-Maurice,63378,63270,Maison,70.0,158700.0,2267.14,2024-02-29
Doranges,63137,63220,Maison,104.0,120000.0,1153.85,2024-03-19
Dore-l'Église,63139,63220,Maison,88.0,165000.0,1875.0,2024-03-15
Ardes,63009,63420,Maison,80.0,44400.0,555.0,2024-03-20
Clermont-Ferrand,63113,63000,Appartement,52.0,85000.0,1634.62,2024-03-22
Clermont-Ferrand,63113,63000,Appartement,52.0,85000.0,1634.62,2024-03-22
Clermont-Ferrand,63113,63000,Appartement,28.0,46000.0,1642.86,2024-03-14
Mozac,63245,63200,Maison,94.0,178100.0,1894.68,2024-03-20
Ménétrol,63224,63200,Maison,157.0,226450.0,1442.36,2024-03-20
Les Ancizes-Comps,63004,63770,Maison,104.0,171900.0,1652.88,2024-03-14
Riom,63300,63200,Appartement,70.0,76850.0,1097.86,2024-03-19
Vic-le-Comte,63457,63270,Maison,50.0,25000.0,500.0,2024-02-28
Nohanent,63254,63830,Maison,100.0,133000.0,1330.0,2024-03-19
Saint-Amant-Tallende,63315,63450,Maison,75.0,95000.0,1266.67,2024-03-19
Billom,63040,63160,Maison,106.0,170000.0,1603.77,2024-03-08
Clermont-Ferrand,63113,63100,Appartement,40.0,105000.0,2625.0,2024-03-08
La Bourboule,63047,63150,Appartement,130.0,182400.0,1403.08,2024-02-29
Clermont-Ferrand,63113,63000,Appartement,102.0,268500.0,2632.35,2024-03-15
Clermont-Ferrand,63113,63100,Maison,88.0,137571.0,1563.31,2024-03-07
Besse-et-Saint-Anastaise,63038,63610,Appartement,48.0,172100.0,3585.42,2024-03-22
Boudes,63046,63340,Maison,16.0,8000.0,500.0,2024-03-19
Besse-et-Saint-Anastaise,63038,63610,Maison,55.0,190000.0,3454.55,2024-03-25
Trézioux,63438,63520,Maison,70.0,80000.0,1142.86,2024-03-20
Thiers,63430,63300,Maison,95.0,40500.0,426.32,2024-03-13
Thiers,63430,63300,Appartement,30.0,40500.0,1350.0,2024-03-13
Thiers,63430,63300,Appartement,38.0,40500.0,1065.79,2024-03-13
Pont-du-Château,63284,63430,Maison,75.0,234650.0,3128.67,2024-02-29
Aubière,63014,63170,Appartement,20.0,160000.0,8000.0,2024-03-19
Aubière,63014,63170,Appartement,33.0,160000.0,4848.48,2024-03-19
Aubière,63014,63170,Appartement,33.0,160000.0,4848.48,2024-03-19
Aubière,63014,63170,Appartement,33.0,160000.0,4848.48,2024-03-19
Chamalières,63075,63400,Appartement,53.0,155000.0,2924.53,2024-03-14
Veyre-Monton,63455,63960,Maison,98.0,239000.0,2438.78,2024-02-29
Pérignat-sur-Allier,63273,63800,Maison,135.0,431710.0,3197.85,2024-02-29
Malauzat,63203,63200,Maison,128.0,480900.0,3757.03,2024-03-01
Malauzat,63203,63200,Maison,128.0,480900.0,3757.03,2024-03-01
Saint-Genès-Champanelle,63345,63122,Maison,90.0,229665.0,2551.83,2024-03-05
Besse-et-Saint-Anastaise,63038,63610,Appartement,28.0,77980.0,2785.0,2024-03-22
Thiers,63430,63300,Maison,64.0,100000.0,1562.5,2024-03-11
Thiers,63430,63300,Maison,64.0,100000.0,1562.5,2024-03-11
Thiers,63430,63300,Maison,64.0,100000.0,1562.5,2024-03-11
Arlanc,63010,63220,Maison,300.0,8000.0,26.67,2024-03-18
Chamalières,63075,63400,Appartement,120.0,342000.0,2850.0,2024-03-08
Clermont-Ferrand,63113,63100,Appartement,55.0,97850.0,1779.09,2024-03-19
Riom,63300,63200,Appartement,44.0,74000.0,1681.82,2024-03-13
Thiers,63430,63300,Maison,65.0,10000.0,153.85,2024-03-13
Clermont-Ferrand,63113,63000,Appartement,35.0,50000.0,1428.57,2024-03-01
Riom,63300,63200,Appartement,68.0,163880.0,2410.0,2024-03-18
Riom,63300,63200,Appartement,68.0,163880.0,2410.0,2024-03-18
Charbonnières-les-Vieilles,63093,63410,Maison,56.0,17000.0,303.57,2024-03-05
Cournon-d'Auvergne,63124,63800,Maison,124.0,120000.0,967.74,2024-03-20
Cournon-d'Auvergne,63124,63800,Maison,87.0,196380.0,2257.24,2024-03-07
Vertaizon,63453,63910,Maison,81.0,189000.0,2333.33,2024-03-20
Cournon-d'Auvergne,63124,63800,Maison,104.0,261600.0,2515.38,2024-03-22
Clermont-Ferrand,63113,63000,Appartement,82.0,131300.0,1601.22,2024-03-01
Teilhet,63428,63560,Maison,70.0,113000.0,1614.29,2024-03-02
Lezoux,63195,63190,Maison,87.0,172000.0,1977.01,2024-03-05
Seychalles,63420,63190,Maison,90.0,88150.0,979.44,2024-03-01
Le Vernet-Chaméane,63448,63580,Maison,84.0,277450.0,3302.98,2024-03-21
Le Vernet-Chaméane,63448,63580,Maison,142.0,277450.0,1953.87,2024-03-21
Issoire,63178,63500,Appartement,140.0,171000.0,1221.43,2024-03-05
Clermont-Ferrand,63113,63000,Appartement,19.0,48800.0,2568.42,2024-03-21
Orcines,63263,63870,Maison,72.0,90000.0,1250.0,2024-03-22
Ayat-sur-Sioule,63025,63390,Maison,120.0,20000.0,166.67,2024-03-19
Saint-Germain-l'Herm,63353,63630,Maison,112.0,70000.0,625.0,2024-03-09
Saint-Germain-l'Herm,63353,63630,Maison,112.0,70000.0,625.0,2024-03-09
Volvic,63470,63530,Maison,110.0,262000.0,2381.82,2024-03-14
Loubeyrat,63198,63410,Maison,84.0,143000.0,1702.38,2024-03-07
Loubeyrat,63198,63410,Maison,84.0,143000.0,1702.38,2024-03-07
Augerolles,63016,63930,Maison,100.0,113000.0,1130.0,2024-03-22
Vollore-Ville,63469,63120,Maison,64.0,30000.0,468.75,2024-03-18
Clermont-Ferrand,63113,63100,Appartement,69.0,98900.0,1433.33,2024-03-19
Clermont-Ferrand,63113,63100,Appartement,58.0,128500.0,2215.52,2024-03-14
Clermont-Ferrand,63113,63100,Maison,58.0,165000.0,2844.83,2024-03-15
Clermont-Ferrand,63113,63000,Appartement,29.0,75000.0,2586.21,2024-03-08
Clermont-Ferrand,63113,63000,Appartement,19.0,45000.0,2368.42,2024-03-08
Saint-Priest-des-Champs,63388,63640,Maison,112.0,86500.0,772.32,2024-03-07
Durtol,63141,63830,Appartement,92.0,110000.0,1195.65,2024-03-08
Vertaizon,63453,63910,Maison,90.0,133070.0,1478.56,2024-03-22
Saint-Amant-Tallende,63315,63450,Maison,88.0,200000.0,2272.73,2024-03-22
La Roche-Blanche,63302,63670,Maison,51.0,111000.0,2176.47,2024-03-23
Clermont-Ferrand,63113,63100,Appartement,68.0,70000.0,1029.41,2024-03-08
Clermont-Ferrand,63113,63100,Appartement,68.0,70000.0,1029.41,2024-03-08
Clermont-Ferrand,63113,63000,Appartement,105.0,185500.0,1766.67,2024-03-14
Clermont-Ferrand,63113,63100,Appartement,73.0,130000.0,1780.82,2024-03-20
Vensat,63446,63260,Maison,94.0,238000.0,2531.91,2024-03-12
Vensat,63446,63260,Maison,94.0,238000.0,2531.91,2024-03-12
Châtel-Guyon,63103,63140,Maison,170.0,571000.0,3358.82,2024-03-01
Châtel-Guyon,63103,63140,Maison,170.0,571000.0,3358.82,2024-03-01
Clermont-Ferrand,63113,63000,Appartement,49.0,75150.0,1533.67,2024-03-14
Gerzat,63164,63360,Appartement,39.0,79990.0,2051.03,2024-03-13
Clermont-Ferrand,63113,63000,Appartement,27.0,60000.0,2222.22,2024-03-12
Mont-Dore,63236,63240,Appartement,20.0,57000.0,2850.0,2024-03-07
Riom,63300,63200,Appartement,105.0,77000.0,733.33,2024-03-18
Riom,63300,63200,Appartement,84.0,170000.0,2023.81,2024-03-06
Saint-Julien-de-Coppel,63368,63160,Maison,67.0,150000.0,2238.81,2024-03-15
Clermont-Ferrand,63113,63000,Appartement,30.0,54500.0,1816.67,2024-03-26
Clermont-Ferrand,63113,63100,Maison,67.0,142180.0,2122.09,2024-03-13
Clermont-Ferrand,63113,63000,Appartement,42.0,83000.0,1976.19,2024-03-08
Charbonnières-les-Varennes,63092,63410,Maison,165.0,281500.0,1706.06,2024-03-13
Thiers,63430,63300,Appartement,28.0,32500.0,1160.71,2024-03-15
Thiers,63430,63300,Appartement,60.0,32500.0,541.67,2024-03-15
Thiers,63430,63300,Appartement,28.0,32500.0,1160.71,2024-03-15
Thiers,63430,63300,Appartement,44.0,32500.0,738.64,2024-03-15
Thiers,63430,63300,Appartement,28.0,32500.0,1160.71,2024-03-15
Thiers,63430,63300,Appartement,38.0,32500.0,855.26,2024-03-15
Thiers,63430,63300,Appartement,28.0,32500.0,1160.71,2024-03-15
Thiers,63430,63300,Appartement,47.0,32500.0,691.49,2024-03-15
Aulnat,63019,63510,Maison,90.0,166350.0,1848.33,2024-03-12
Clermont-Ferrand,63113,63100,Appartement,67.0,110000.0,1641.79,2024-03-27
Mozac,63245,63200,Maison,120.0,145000.0,1208.33,2024-03-12
Clermont-Ferrand,63113,63000,Appartement,23.0,15000.0,652.17,2024-03-05
Clermont-Ferrand,63113,63000,Appartement,29.0,15000.0,517.24,2024-03-05
Clermont-Ferrand,63113,63000,Appartement,42.0,86000.0,2047.62,2024-03-20
Servant,63419,63560,Maison,80.0,106500.0,1331.25,2024-03-22
Pionsat,63281,63330,Maison,18.0,13500.0,750.0,2024-03-07
Ambert,63003,63600,Maison,103.0,229500.0,2228.16,2024-03-15
Besse-et-Saint-Anastaise,63038,63610,Appartement,46.0,139590.0,3034.57,2024-03-27
Pont-du-Château,63284,63430,Maison,42.0,75000.0,1785.71,2024-03-20
Mirefleurs,63227,63730,Maison,90.0,286900.0,3187.78,2024-03-22
Larodde,63190,63690,Maison,142.0,128230.0,903.03,2024-03-15
Larodde,63190,63690,Maison,35.0,128230.0,3663.71,2024-03-15
Larodde,63190,63690,Maison,35.0,128230.0,3663.71,2024-03-15
Larodde,63190,63690,Maison,142.0,128230.0,903.03,2024-03-15
Orcet,63262,63670,Maison,105.0,339500.0,3233.33,2024-03-18
Cunlhat,63132,63590,Maison,80.0,43000.0,537.5,2024-03-12
Saint-Donat,63336,63680,Maison,182.0,221000.0,1214.29,2024-03-18
Lachaux,63184,63290,Maison,100.0,120000.0,1200.0,2024-03-19
Puy-Guillaume,63291,63290,Maison,70.0,17500.0,250.0,2024-03-22
Clermont-Ferrand,63113,63100,Appartement,80.0,79800.0,997.5,2024-03-19
Clermont-Ferrand,63113,63000,Appartement,26.0,45000.0,1730.77,2024-03-15
Mont-Dore,63236,63240,Appartement,30.0,84860.0,2828.67,2024-03-25
Saint-Romain,63394,63660,Maison,180.0,256837.0,1426.87,2024-03-04
Pont-du-Château,63284,63430,Maison,92.0,230400.0,2504.35,2024-02-27
Arlanc,63010,63220,Maison,300.0,8000.0,26.67,2024-03-18
Pont-du-Château,63284,63430,Maison,80.0,195600.0,2445.0,2024-03-19
Saint-Donat,63336,63680,Maison,48.0,13000.0,270.83,2024-03-21
Lempdes,63193,63370,Maison,30.0,137800.0,4593.33,2024-03-20
Clermont-Ferrand,63113,63000,Appartement,21.0,60000.0,2857.14,2024-03-21
Pont-du-Château,63284,63430,Maison,66.0,152000.0,2303.03,2024-03-26
Clermont-Ferrand,63113,63100,Maison,88.0,255000.0,2897.73,2024-03-26
Ardes,63009,63420,Maison,45.0,13140.0,292.0,2024-03-01
Chastreix,63098,63680,Maison,54.0,76000.0,1407.41,2024-03-06
Chamalières,63075,63400,Appartement,41.0,97000.0,2365.85,2024-03-15
Mozac,63245,63200,Maison,123.0,363300.0,2953.66,2024-03-15
Châtel-Guyon,63103,63140,Maison,132.0,338500.0,2564.39,2024-03-15
Saint-Diéry,63335,63320,Maison,95.0,204500.0,2152.63,2024-03-06
Saint-Diéry,63335,63320,Maison,95.0,204500.0,2152.63,2024-03-06
Chamalières,63075,63400,Appartement,89.0,179550.0,2017.42,2024-03-28
Tallende,63425,63450,Maison,77.0,175000.0,2272.73,2024-03-25
Clermont-Ferrand,63113,63000,Appartement,57.0,110000.0,1929.82,2024-03-26
Riom,63300,63200,Appartement,69.0,57000.0,826.09,2024-03-19
Bas-et-Lezat,63030,63310,Appartement,66.0,87200.0,1321.21,2024-03-08
Bas-et-Lezat,63030,63310,Appartement,66.0,87200.0,1321.21,2024-03-08
Puy-Guillaume,63291,63290,Maison,110.0,70000.0,636.36,2024-03-08
Randan,63295,63310,Maison,72.0,63100.0,876.39,2024-03-08
Effiat,63143,63260,Maison,70.0,215000.0,3071.43,2024-03-19
Bas-et-Lezat,63030,63310,Maison,120.0,132000.0,1100.0,2024-03-20
Chappes,63089,63720,Maison,130.0,222000.0,1707.69,2024-03-06
Saint-Myon,63379,63460,Maison,148.0,192700.0,1302.03,2024-03-21
Saint-Germain-Lembron,63352,63340,Maison,99.0,65000.0,656.57,2024-03-20
Clermont-Ferrand,63113,63000,Appartement,154.0,285200.0,1851.95,2024-03-15
Saint-Nectaire,63380,63710,Maison,110.0,199550.0,1814.09,2024-03-21
Issoire,63178,63500,Maison,104.0,185000.0,1778.85,2024-03-13
Saint-Genès-Champanelle,63345,63122,Maison,55.0,166100.0,3020.0,2024-03-29
Beaumont,63032,63110,Appartement,98.0,134000.0,1367.35,2024-03-21
Gerzat,63164,63360,Maison,77.0,193000.0,2506.49,2024-03-18
Clermont-Ferrand,63113,63000,Appartement,94.0,167200.0,1778.72,2024-03-19
Montaigut,63233,63700,Appartement,32.0,25500.0,796.88,2024-03-28
Clermont-Ferrand,63113,63000,Appartement,40.0,30000.0,750.0,2024-03-26
Clermont-Ferrand,63113,63000,Appartement,25.0,67000.0,2680.0,2024-03-26
Issoire,63178,63500,Maison,100.0,82000.0,820.0,2024-03-13
Saint-Sauveur-la-Sagne,63398,63220,Maison,51.0,145000.0,2843.14,2024-03-27
Saint-Angel,63318,63410,Maison,65.0,83000.0,1276.92,2024-03-11
Saint-Angel,63318,63410,Maison,65.0,83000.0,1276.92,2024-03-11
Saint-Priest-Bramefant,63387,63310,Maison,90.0,130000.0,1444.44,2024-03-01
Teilhède,63427,63460,Maison,52.0,100000.0,1923.08,2024-03-07
Vic-le-Comte,63457,63270,Maison,56.0,92800.0,1657.14,2024-03-22
Picherande,63279,63113,Maison,56.0,170000.0,3035.71,2024-03-12
Picherande,63279,63113,Maison,56.0,170000.0,3035.71,2024-03-12
Royat,63308,63130,Appartement,107.0,330500.0,3088.79,2024-03-14
Châtel-Guyon,63103,63140,Appartement,28.0,57500.0,2053.57,2024-03-28
Ambert,63003,63600,Maison,78.0,30000.0,384.62,2024-03-29
Cunlhat,63132,63590,Maison,210.0,88000.0,419.05,2024-03-29
Clermont-Ferrand,63113,63100,Appartement,40.0,103550.0,2588.75,2024-03-19
Champeix,63080,63320,Maison,85.0,165000.0,1941.18,2024-03-14
Saint-Dier-d'Auvergne,63334,63520,Maison,60.0,45000.0,750.0,2024-03-27
Clermont-Ferrand,63113,63000,Appartement,48.0,670000.0,13958.33,2024-03-05
Clermont-Ferrand,63113,63000,Appartement,68.0,670000.0,9852.94,2024-03-05
Clermont-Ferrand,63113,63000,Appartement,34.0,670000.0,19705.88,2024-03-05
Clermont-Ferrand,63113,63000,Appartement,35.0,670000.0,19142.86,2024-03-05
Clermont-Ferrand,63113,63000,Appartement,55.0,670000.0,12181.82,2024-03-05
Clermont-Ferrand,63113,63000,Appartement,48.0,670000.0,13958.33,2024-03-05
Clermont-Ferrand,63113,63000,Appartement,55.0,670000.0,12181.82,2024-03-05
Clermont-Ferrand,63113,63000,Appartement,55.0,670000.0,12181.82,2024-03-05
Chamalières,63075,63400,Appartement,40.0,79500.0,1987.5,2024-03-19
Clermont-Ferrand,63113,63000,Appartement,18.0,35010.0,1945.0,2024-03-18
Châteaugay,63099,63119,Appartement,45.0,88500.0,1966.67,2024-03-20
Aydat,63026,63970,Maison,49.0,191000.0,3897.96,2024-03-21
Aydat,63026,63970,Maison,49.0,191000.0,3897.96,2024-03-21
Lezoux,63195,63190,Maison,90.0,99381.5,1104.24,2024-03-05
Romagnat,63307,63540,Appartement,52.0,69630.0,1339.04,2024-03-08
Messeix,63225,63750,Appartement,20.0,75000.0,3750.0,2024-03-14
Messeix,63225,63750,Appartement,60.0,75000.0,1250.0,2024-03-14
Messeix,63225,63750,Appartement,20.0,75000.0,3750.0,2024-03-14
Messeix,63225,63750,Appartement,60.0,75000.0,1250.0,2024-03-14
Maringues,63210,63350,Maison,70.0,118400.0,1691.43,2024-03-25
Clermont-Ferrand,63113,63000,Appartement,66.0,130000.0,1969.7,2024-03-25
Chanonat,63084,63450,Maison,86.0,301300.0,3503.49,2024-03-12
Chanonat,63084,63450,Maison,86.0,301300.0,3503.49,2024-03-12
Courpière,63125,63120,Maison,150.0,90300.0,602.0,2024-03-29
Issoire,63178,63500,Maison,75.0,157500.0,2100.0,2024-03-26
Nébouzat,63248,63210,Maison,202.0,264100.0,1307.43,2024-03-19
Issoire,63178,63500,Appartement,41.0,87400.0,2131.71,2024-03-26
Clermont-Ferrand,63113,63100,Appartement,41.0,98000.0,2390.24,2024-03-25
Le Cendre,63069,63670,Maison,80.0,179224.0,2240.3,2024-03-26
Cournon-d'Auvergne,63124,63800,Appartement,69.0,119900.0,1737.68,2024-03-27
Clermont-Ferrand,63113,63000,Appartement,23.0,55000.0,2391.3,2024-03-08
Les Martres-de-Veyre,63214,63730,Maison,130.0,75000.0,576.92,2024-03-08
Clermont-Ferrand,63113,63000,Appartement,58.0,90400.0,1558.62,2024-03-18
Celles-sur-Durolle,63066,63250,Maison,130.0,211300.0,1625.38,2024-03-22
Besse-et-Saint-Anastaise,63038,63610,Appartement,45.0,109250.0,2427.78,2024-03-21
Palladuc,63267,63550,Maison,55.0,145000.0,2636.36,2024-03-08
Authezat,63021,63114,Maison,96.0,82200.0,856.25,2024-03-13
La Monnerie-le-Montel,63231,63650,Maison,81.0,87955.0,1085.86,2024-03-28
Les Martres-de-Veyre,63214,63730,Maison,87.0,218000.0,2505.75,2024-03-11
Les Martres-de-Veyre,63214,63730,Maison,87.0,218000.0,2505.75,2024-03-11
Limons,63196,63290,Maison,120.0,126150.0,1051.25,2024-03-04
Cournon-d'Auvergne,63124,63800,Appartement,96.0,209100.0,2178.12,2024-03-14
Labessette,63183,63690,Maison,140.0,110000.0,785.71,2024-03-29
La Sauvetat,63413,63730,Maison,51.0,80000.0,1568.63,2024-03-29
Condat-en-Combraille,63118,63380,Maison,44.0,50000.0,1136.36,2024-03-07
Condat-en-Combraille,63118,63380,Appartement,60.0,50000.0,833.33,2024-03-07
Condat-en-Combraille,63118,63380,Appartement,78.0,50000.0,641.03,2024-03-07
Youx,63471,63700,Maison,58.0,18000.0,310.34,2024-03-06
Clermont-Ferrand,63113,63000,Appartement,21.0,51100.0,2433.33,2024-03-21
Saint-Éloy-les-Mines,63338,63700,Maison,70.0,67500.0,964.29,2024-03-12
Clermont-Ferrand,63113,63000,Appartement,56.0,150100.0,2680.36,2024-03-11
Beaumont,63032,63110,Appartement,43.0,81000.0,1883.72,2024-03-11
Anzat-le-Luguet,63006,63420,Maison,30.0,40000.0,1333.33,2024-04-02
Anzat-le-Luguet,63006,63420,Maison,53.0,40000.0,754.72,2024-04-02
Cournon-d'Auvergne,63124,63800,Maison,77.0,182000.0,2363.64,2024-03-07
Clermont-Ferrand,63113,63000,Appartement,23.0,56200.0,2443.48,2024-03-20
Saint-Clément-de-Valorgue,63331,63660,Maison,49.0,55000.0,1122.45,2024-03-28
Servant,63419,63560,Maison,75.0,27000.0,360.0,2024-03-21
Cournon-d'Auvergne,63124,63800,Appartement,41.0,114633.0,2795.93,2024-03-28
Clermont-Ferrand,63113,63100,Appartement,81.0,25000.0,308.64,2024-03-21
Giat,63165,63620,Maison,100.0,39000.0,390.0,2024-03-28
Clermont-Ferrand,63113,63000,Appartement,24.0,82500.0,3437.5,2024-03-29
Chamalières,63075,63400,Maison,132.0,450000.0,3409.09,2024-03-25
Chamalières,63075,63400,Maison,132.0,450000.0,3409.09,2024-03-25
Clermont-Ferrand,63113,63000,Appartement,28.0,61800.0,2207.14,2024-03-21
Saint-Myon,63379,63460,Maison,148.0,340950.0,2303.72,2024-03-26
Saint-Myon,63379,63460,Maison,148.0,340950.0,2303.72,2024-03-26
Chamalières,63075,63400,Appartement,85.0,185000.0,2176.47,2024-03-21
Clermont-Ferrand,63113,63000,Appartement,30.0,71500.0,2383.33,2024-03-28
Clermont-Ferrand,63113,63000,Appartement,50.0,128979.0,2579.58,2024-03-27
Beaumont,63032,63110,Appartement,80.0,136150.0,1701.88,2024-03-29
Aydat,63026,63970,Maison,116.0,355000.0,3060.34,2024-03-15
Ceyrat,63070,63122,Maison,105.0,253000.0,2409.52,2024-03-29
Neschers,63250,63320,Maison,79.0,105000.0,1329.11,2024-03-28
Chanonat,63084,63450,Maison,91.0,285000.0,3131.87,2024-03-28
Chanonat,63084,63450,Maison,91.0,285000.0,3131.87,2024-03-28
Ennezat,63148,63720,Maison,145.0,416000.0,2868.97,2024-03-12
Ennezat,63148,63720,Maison,145.0,416000.0,2868.97,2024-03-12
Clermont-Ferrand,63113,63100,Maison,96.0,210000.0,2187.5,2024-04-03
Saint-Jean-d'Heurs,63364,63190,Maison,80.0,114240.0,1428.0,2024-03-28
Authezat,63021,63114,Maison,90.0,129500.0,1438.89,2024-03-16
Issoire,63178,63500,Appartement,75.0,173700.0,2316.0,2024-04-02
Les Martres-de-Veyre,63214,63730,Maison,104.0,232860.0,2239.04,2024-03-19
Issoire,63178,63500,Maison,104.0,185000.0,1778.85,2024-03-29
Issoire,63178,63500,Maison,104.0,185000.0,1778.85,2024-03-29
Beaumont,63032,63110,Appartement,109.0,237500.0,2178.9,2024-03-12
Clermont-Ferrand,63113,63100,Appartement,58.0,86200.0,1486.21,2024-03-12
Clermont-Ferrand,63113,63000,Appartement,51.0,134446.0,2636.2,2024-03-14
Romagnat,63307,63540,Maison,45.0,65000.0,1444.44,2024-03-14
Villeneuve-les-Cerfs,63459,63310,Maison,94.0,207100.0,2203.19,2024-03-11
Villeneuve-les-Cerfs,63459,63310,Maison,94.0,207100.0,2203.19,2024-03-11
Issoire,63178,63500,Appartement,80.0,109220.0,1365.25,2024-03-23
Issoire,63178,63500,Maison,60.0,183000.0,3050.0,2024-03-29
Les Martres-de-Veyre,63214,63730,Maison,113.0,45000.0,398.23,2024-03-23
Saint-Priest-des-Champs,63388,63640,Maison,82.0,81000.0,987.8,2024-03-11
Perrier,63275,63500,Maison,149.0,108000.0,724.83,2024-03-13
Clermont-Ferrand,63113,63000,Maison,98.0,225000.0,2295.92,2024-03-21
Les Martres-de-Veyre,63214,63730,Maison,75.0,106700.0,1422.67,2024-03-22
Marsac-en-Livradois,63211,63940,Maison,106.0,140000.0,1320.75,2024-03-08
Clermont-Ferrand,63113,63000,Appartement,102.0,200000.0,1960.78,2024-03-22
Clermont-Ferrand,63113,63000,Appartement,20.0,50000.0,2500.0,2024-03-22
Royat,63308,63130,Maison,68.0,152500.0,2242.65,2024-03-23
Le Brugeron,63057,63880,Maison,84.0,98000.0,1166.67,2024-03-11
Charnat,63095,63290,Maison,102.0,35000.0,343.14,2024-03-26
Clermont-Ferrand,63113,63000,Maison,123.0,315000.0,2560.98,2024-03-27
Mur-sur-Allier,63226,63115,Maison,50.0,60000.0,1200.0,2024-03-25
Saint-Jean-des-Ollières,63365,63520,Maison,46.0,83000.0,1804.35,2024-03-14
Chambaron sur Morge,63244,63200,Maison,106.0,241000.0,2273.58,2024-03-07
Saint-Martin-d'Ollières,63376,63580,Maison,78.0,14500.0,185.9,2024-03-22
Saint-Martin-d'Ollières,63376,63580,Maison,54.0,14500.0,268.52,2024-03-22
Issoire,63178,63500,Maison,64.0,50000.0,781.25,2024-03-29
Saint-Gal-sur-Sioule,63344,63440,Maison,128.0,183600.0,1434.38,2024-03-22
Saint-Gal-sur-Sioule,63344,63440,Maison,128.0,183600.0,1434.38,2024-03-22
Saint-Gal-sur-Sioule,63344,63440,Maison,50.0,183600.0,3672.0,2024-03-22
Clermont-Ferrand,63113,63000,Appartement,56.0,109000.0,1946.43,2024-03-21
Thiers,63430,63300,Appartement,55.0,36000.0,654.55,2024-03-25
Clermont-Ferrand,63113,63100,Appartement,99.0,209000.0,2111.11,2024-03-09
Coudes,63121,63114,Maison,82.0,185600.0,2263.41,2024-04-02
Le Broc,63054,63500,Maison,117.0,105500.0,901.71,2024-04-04
Le Broc,63054,63500,Maison,117.0,105500.0,901.71,2024-04-04
Aubière,63014,63170,Maison,82.0,337250.0,4112.8,2024-03-27
Besse-et-Saint-Anastaise,63038,63610,Appartement,47.0,190600.0,4055.32,2024-03-22
Beaumont,63032,63110,Appartement,20.0,60300.0,3015.0,2024-03-14
Pérignat-lès-Sarliève,63272,63170,Appartement,72.0,134200.0,1863.89,2024-03-14
Clermont-Ferrand,63113,63100,Maison,87.0,224000.0,2574.71,2024-03-26
Orcines,63263,63870,Maison,90.0,302550.0,3361.67,2024-03-25
Clermont-Ferrand,63113,63000,Appartement,23.0,600000.0,26086.96,2024-03-15
Clermont-Ferrand,63113,63000,Appartement,40.0,600000.0,15000.0,2024-03-15
Clermont-Ferrand,63113,63000,Appartement,41.0,600000.0,14634.15,2024-03-15
Clermont-Ferrand,63113,63000,Appartement,41.0,600000.0,14634.15,2024-03-15
Clermont-Ferrand,63113,63000,Appartement,23.0,600000.0,26086.96,2024-03-15
Clermont-Ferrand,63113,63000,Appartement,41.0,600000.0,14634.15,2024-03-15
Laps,63188,63270,Maison,188.0,130000.0,691.49,2024-03-25
La Bourboule,63047,63150,Appartement,15.0,12500.0,833.33,2024-03-27
Clermont-Ferrand,63113,63000,Appartement,102.0,320824.0,3145.33,2024-03-14
Pontgibaud,63285,63230,Appartement,41.0,72072.0,1757.85,2024-03-11
Pontgibaud,63285,63230,Appartement,35.0,72072.0,2059.2,2024-03-11
Pontgibaud,63285,63230,Appartement,80.0,72072.0,900.9,2024-03-11
Besse-et-Saint-Anastaise,63038,63610,Appartement,40.0,105700.0,2642.5,2024-03-22
Le Cendre,63069,63670,Appartement,40.0,240000.0,6000.0,2024-03-29
Clermont-Ferrand,63113,63000,Maison,95.0,450000.0,4736.84,2024-04-03
Murol,63247,63790,Maison,73.0,136000.0,1863.01,2024-03-13
Clermont-Ferrand,63113,63000,Maison,50.0,94950.0,1899.0,2024-03-25
Billom,63040,63160,Maison,130.0,114150.0,878.08,2024-03-14
Clermont-Ferrand,63113,63100,Appartement,51.0,60000.0,1176.47,2024-03-27
Voingt,63467,63620,Maison,90.0,28000.0,311.11,2024-03-21
Chamalières,63075,63400,Appartement,67.0,168250.0,2511.19,2024-03-27
Lussat,63200,63360,Maison,76.0,213592.0,2810.42,2024-03-27
Issoire,63178,63500,Appartement,89.0,227720.0,2558.65,2024-03-25
Issoire,63178,63500,Appartement,38.0,69000.0,1815.79,2024-03-15
La Bourboule,63047,63150,Appartement,31.0,59000.0,1903.23,2024-03-27
La Bourboule,63047,63150,Appartement,35.0,59000.0,1685.71,2024-03-27
Clermont-Ferrand,63113,63000,Appartement,104.0,190000.0,1826.92,2024-03-28
La Chapelle-Agnon,63086,63590,Maison,50.0,36000.0,720.0,2024-03-22
Clermont-Ferrand,63113,63100,Appartement,61.0,144430.0,2367.7,2024-03-20
Lempdes,63193,63370,Maison,90.0,210000.0,2333.33,2024-03-21
Villeneuve-les-Cerfs,63459,63310,Maison,98.0,163700.0,1670.41,2024-03-27
Besse-et-Saint-Anastaise,63038,63610,Appartement,29.0,113160.0,3902.07,2024-03-27
La Bourboule,63047,63150,Appartement,40.0,66500.0,1662.5,2024-03-27
Chamalières,63075,63400,Appartement,46.0,102260.0,2223.04,2024-03-25
Pérignat-lès-Sarliève,63272,63170,Maison,115.0,237500.0,2065.22,2024-03-22
Pérignat-lès-Sarliève,63272,63170,Maison,115.0,237500.0,2065.22,2024-03-22
Clermont-Ferrand,63113,63000,Appartement,58.0,86000.0,1482.76,2024-03-15
Olliergues,63258,63880,Maison,170.0,95000.0,558.82,2024-03-23
Royat,63308,63130,Appartement,30.0,85000.0,2833.33,2024-03-19
Clermont-Ferrand,63113,63000,Maison,100.0,189900.0,1899.0,2024-03-19
Clermont-Ferrand,63113,63100,Appartement,26.0,55000.0,2115.38,2024-03-21
Clermont-Ferrand,63113,63100,Appartement,82.0,55000.0,670.73,2024-03-21
Chamalières,63075,63400,Maison,135.0,317000.0,2348.15,2024-03-22
Riom,63300,63200,Maison,105.0,229580.0,2186.48,2024-04-10
Pontaumur,63283,63380,Maison,56.0,35000.0,625.0,2024-03-13
Clermont-Ferrand,63113,63000,Appartement,73.0,202350.0,2771.92,2024-03-22
Clermont-Ferrand,63113,63000,Appartement,41.0,92800.0,2263.41,2024-03-21
Riom,63300,63200,Maison,107.0,87700.0,819.63,2024-03-28
Aydat,63026,63970,Maison,135.0,212265.0,1572.33,2024-03-28
Aydat,63026,63970,Maison,135.0,212265.0,1572.33,2024-03-28
Sauvagnat,63410,63470,Maison,90.0,70000.0,777.78,2024-04-09
Clermont-Ferrand,63113,63100,Appartement,75.0,62200.0,829.33,2024-04-09
La Roche-Blanche,63302,63670,Appartement,75.0,181900.0,2425.33,2024-03-26
La Roche-Blanche,63302,63670,Appartement,70.0,181900.0,2598.57,2024-03-26
Clermont-Ferrand,63113,63000,Appartement,66.0,137000.0,2075.76,2024-03-29
Clermont-Ferrand,63113,63000,Appartement,61.0,123500.0,2024.59,2024-03-27
Clermont-Ferrand,63113,63100,Appartement,81.0,84075.0,1037.96,2024-04-02
Chamalières,63075,63400,Maison,80.0,336000.0,4200.0,2024-04-03
Saint-Babel,63321,63500,Maison,119.0,192500.0,1617.65,2024-04-03
Ennezat,63148,63720,Maison,50.0,64100.0,1282.0,2024-03-26
Ludesse,63199,63320,Maison,110.0,110000.0,1000.0,2024-04-03
Issoire,63178,63500,Maison,90.0,205900.0,2287.78,2024-04-02
Condat-lès-Montboissier,63119,63490,Maison,70.0,62000.0,885.71,2024-04-02
Saint-Priest-Bramefant,63387,63310,Maison,170.0,241580.0,1421.06,2024-04-05
Pont-du-Château,63284,63430,Maison,120.0,275500.0,2295.83,2024-04-02
Issoire,63178,63500,Appartement,107.0,290000.0,2710.28,2024-04-03
Clermont-Ferrand,63113,63100,Appartement,64.0,73450.0,1147.66,2024-04-05
Clermont-Ferrand,63113,63100,Appartement,77.0,65000.0,844.16,2024-04-04
Lezoux,63195,63190,Maison,267.0,300405.0,1125.11,2024-03-19
Les Martres-de-Veyre,63214,63730,Maison,93.0,112000.0,1204.3,2024-04-03
Les Martres-de-Veyre,63214,63730,Maison,93.0,112000.0,1204.3,2024-04-03
Mozac,63245,63200,Maison,92.0,175000.0,1902.17,2024-04-10
Clermont-Ferrand,63113,63000,Appartement,34.0,96500.0,2838.24,2024-03-29
Mont-Dore,63236,63240,Appartement,39.0,75000.0,1923.08,2024-03-20
Saint-Saturnin,63396,63450,Maison,108.0,442342.0,4095.76,2024-03-16
Saint-Saturnin,63396,63450,Maison,272.0,442342.0,1626.26,2024-03-16
Clermont-Ferrand,63113,63000,Appartement,64.0,104000.0,1625.0,2024-03-27
Saint-Amant-Tallende,63315,63450,Maison,126.0,473200.0,3755.56,2024-03-26
Saint-Amant-Tallende,63315,63450,Maison,126.0,473200.0,3755.56,2024-03-26
Clermont-Ferrand,63113,63000,Appartement,54.0,55400.0,1025.93,2024-03-19
Saint-Germain-Lembron,63352,63340,Maison,85.0,216620.0,2548.47,2024-03-25
Saint-Germain-Lembron,63352,63340,Maison,85.0,216620.0,2548.47,2024-03-25
Billom,63040,63160,Appartement,79.0,179000.0,2265.82,2024-04-02
Billom,63040,63160,Appartement,87.0,179000.0,2057.47,2024-04-02
Aubière,63014,63170,Maison,52.0,98050.0,1885.58,2024-03-13
Clermont-Ferrand,63113,63000,Appartement,62.0,76000.0,1225.81,2024-04-04
Saint-Rémy-sur-Durolle,63393,63550,Maison,60.0,85000.0,1416.67,2024-04-04
Clermont-Ferrand,63113,63100,Maison,130.0,288200.0,2216.92,2024-04-02
Clermont-Ferrand,63113,63100,Appartement,70.0,288200.0,4117.14,2024-04-02
Clermont-Ferrand,63113,63100,Appartement,71.0,288200.0,4059.15,2024-04-02
Ambert,63003,63600,Maison,72.0,27500.0,381.94,2024-03-25
Clermont-Ferrand,63113,63100,Appartement,96.0,264980.0,2760.21,2024-03-28
Riom,63300,63200,Appartement,28.0,56300.0,2010.71,2024-03-27
Trémouille-Saint-Loup,63437,63810,Maison,205.0,230000.0,1121.95,2024-03-11
Clermont-Ferrand,63113,63000,Appartement,12.0,39000.0,3250.0,2024-03-29
Orléat,63265,63190,Maison,78.0,80000.0,1025.64,2024-03-14
Orléat,63265,63190,Maison,78.0,80000.0,1025.64,2024-03-14
Saint-Martin-d'Ollières,63376,63580,Maison,88.0,18500.0,210.23,2024-03-14
Riom,63300,63200,Appartement,53.0,85000.0,1603.77,2024-03-18
Volvic,63470,63530,Maison,153.0,192000.0,1254.9,2024-03-15
Le Breuil-sur-Couze,63052,63340,Maison,60.0,64900.0,1081.67,2024-03-15
Saint-Ferréol-des-Côtes,63341,63600,Maison,80.0,95000.0,1187.5,2024-03-23
Esteil,63156,63570,Maison,20.0,10500.0,525.0,2024-03-28
Luzillat,63201,63350,Maison,128.0,291450.0,2276.95,2024-03-13
Luzillat,63201,63350,Maison,128.0,291450.0,2276.95,2024-03-13
Luzillat,63201,63350,Maison,128.0,291450.0,2276.95,2024-03-13
Luzillat,63201,63350,Maison,128.0,291450.0,2276.95,2024-03-13
Saint-Sylvestre-Pragoulin,63400,63310,Maison,100.0,18870.0,188.7,2024-03-14
Chamalières,63075,63400,Appartement,102.0,304050.0,2980.88,2024-04-03
Lezoux,63195,63190,Maison,60.0,68000.0,1133.33,2024-03-25
Clermont-Ferrand,63113,63100,Appartement,60.0,45000.0,750.0,2024-04-05
Vollore-Ville,63469,63120,Maison,80.0,240000.0,3000.0,2024-04-02
Vollore-Ville,63469,63120,Maison,180.0,240000.0,1333.33,2024-04-02
Chamalières,63075,63400,Appartement,93.0,289000.0,3107.53,2024-03-21
Thiers,63430,63300,Maison,60.0,37300.0,621.67,2024-04-05
Bromont-Lamothe,63055,63230,Maison,80.0,164500.0,2056.25,2024-04-03
Bromont-Lamothe,63055,63230,Maison,80.0,164500.0,2056.25,2024-04-03
Beaumont,63032,63110,Appartement,72.0,135000.0,1875.0,2024-03-28
Clermont-Ferrand,63113,63000,Appartement,64.0,106850.0,1669.53,2024-04-02
Clermont-Ferrand,63113,63000,Appartement,36.0,94400.0,2622.22,2024-04-04
Charbonnier-les-Mines,63091,63340,Maison,91.0,216780.0,2382.2,2024-03-29
Charbonnier-les-Mines,63091,63340,Maison,91.0,216780.0,2382.2,2024-03-29
Thiers,63430,63300,Maison,96.0,245500.0,2557.29,2024-03-19
Pérignat-sur-Allier,63273,63800,Maison,110.0,259910.0,2362.82,2024-04-05
Thiers,63430,63300,Maison,78.0,158000.0,2025.64,2024-03-29
Brassac-les-Mines,63050,63570,Maison,98.0,69600.0,710.2,2024-03-20
Clermont-Ferrand,63113,63100,Appartement,28.0,56000.0,2000.0,2024-03-12
Picherande,63279,63113,Maison,56.0,133010.0,2375.18,2024-03-19
Picherande,63279,63113,Maison,56.0,133010.0,2375.18,2024-03-19
Picherande,63279,63113,Maison,56.0,133010.0,2375.18,2024-03-19
Clermont-Ferrand,63113,63000,Maison,84.0,205000.0,2440.48,2024-03-29
Fournols,63162,63980,Maison,155.0,188090.0,1213.48,2024-03-29
Issoire,63178,63500,Appartement,97.0,180000.0,1855.67,2024-04-05
Aubiat,63013,63260,Maison,83.0,150000.0,1807.23,2024-03-29
Clermont-Ferrand,63113,63000,Maison,87.0,284400.0,3268.97,2024-04-05
Issoire,63178,63500,Maison,110.0,191180.0,1738.0,2024-04-05
Issoire,63178,63500,Appartement,37.0,45000.0,1216.22,2024-04-06
Issoire,63178,63500,Maison,140.0,205900.0,1470.71,2024-04-04
Saint-Dier-d'Auvergne,63334,63520,Maison,91.0,240000.0,2637.36,2024-03-26
Vic-le-Comte,63457,63270,Maison,35.0,105000.0,3000.0,2024-03-26
Châtel-Guyon,63103,63140,Appartement,54.0,94400.0,1748.15,2024-04-04
Orcines,63263,63870,Maison,108.0,117949.67,1092.13,2024-04-02
Olliergues,63258,63880,Maison,180.0,185500.0,1030.56,2024-03-25
Chamalières,63075,63400,Appartement,55.0,82000.0,1490.91,2024-03-13
Clermont-Ferrand,63113,63000,Appartement,55.0,85500.0,1554.55,2024-03-25
Clermont-Ferrand,63113,63000,Appartement,68.0,185026.0,2720.97,2024-03-15
Saint-Germain-Lembron,63352,63340,Maison,99.0,145000.0,1464.65,2024-03-25
Saint-Germain-Lembron,63352,63340,Maison,21.0,145000.0,6904.76,2024-03-25
Puy-Guillaume,63291,63290,Maison,108.0,147343.19,1364.29,2024-04-11
Issoire,63178,63500,Maison,94.0,72000.0,765.96,2024-04-05
Saint-Laure,63372,63350,Maison,88.0,267050.0,3034.66,2024-03-15
Clermont-Ferrand,63113,63000,Appartement,68.0,95090.0,1398.38,2024-04-08
Clermont-Ferrand,63113,63100,Appartement,50.0,157000.0,3140.0,2024-04-04
Clermont-Ferrand,63113,63100,Appartement,48.0,157000.0,3270.83,2024-04-04
Châtel-Guyon,63103,63140,Appartement,56.0,160880.0,2872.86,2024-03-26
Clermont-Ferrand,63113,63100,Appartement,67.0,120500.0,1798.51,2024-04-11
Chamalières,63075,63400,Appartement,47.0,115000.0,2446.81,2024-04-05
Clermont-Ferrand,63113,63000,Appartement,207.0,120000.0,579.71,2024-04-02
Le Crest,63126,63450,Maison,98.0,336497.0,3433.64,2024-03-16
Aubière,63014,63170,Maison,169.0,320000.0,1893.49,2024-04-05
Clermont-Ferrand,63113,63100,Appartement,41.0,92000.0,2243.9,2024-03-29
Aubière,63014,63170,Maison,55.0,98100.0,1783.64,2024-03-29
Clermont-Ferrand,63113,63100,Maison,143.0,375000.0,2622.38,2024-03-21
Lempdes,63193,63370,Appartement,94.0,114000.0,1212.77,2024-04-03
Thiers,63430,63300,Appartement,26.0,156800.0,6030.77,2024-03-25
Thiers,63430,63300,Appartement,56.0,156800.0,2800.0,2024-03-25
Thiers,63430,63300,Appartement,56.0,156800.0,2800.0,2024-03-25
Thiers,63430,63300,Appartement,56.0,156800.0,2800.0,2024-03-25
Miremont,63228,63380,Maison,152.0,142000.0,934.21,2024-04-02
Chamalières,63075,63400,Appartement,58.0,113134.0,1950.59,2024-03-22
Clermont-Ferrand,63113,63000,Appartement,86.0,429800.0,4997.67,2024-03-27
Clermont-Ferrand,63113,63000,Appartement,24.0,50000.0,2083.33,2024-03-27
Chamalières,63075,63400,Maison,150.0,521500.0,3476.67,2024-03-28
Clermont-Ferrand,63113,63100,Appartement,53.0,153000.0,2886.79,2024-03-29
Bouzel,63049,63910,Maison,99.0,246990.0,2494.85,2024-03-27
Clermont-Ferrand,63113,63000,Appartement,66.0,117690.0,1783.18,2024-04-09
Saint-Genès-Champanelle,63345,63122,Maison,100.0,215350.0,2153.5,2024-03-22
Clermont-Ferrand,63113,63000,Appartement,37.0,107940.0,2917.3,2024-04-02
Lamontgie,63185,63570,Maison,162.0,244000.0,1506.17,2024-03-29
Saint-Sulpice,63399,63760,Maison,78.0,89900.0,1152.56,2024-03-23
Cébazat,63063,63118,Maison,95.0,248000.0,2610.53,2024-04-09
Clermont-Ferrand,63113,63000,Appartement,23.0,61000.0,2652.17,2024-04-11
Cébazat,63063,63118,Maison,75.0,165000.0,2200.0,2024-04-05
Royat,63308,63130,Appartement,83.0,282000.0,3397.59,2024-03-22
Courpière,63125,63120,Maison,115.0,32000.0,278.26,2024-04-10
Les Martres-de-Veyre,63214,63730,Maison,130.0,184000.0,1415.38,2024-04-08
Clermont-Ferrand,63113,63000,Appartement,28.0,74345.0,2655.18,2024-04-10
Aubière,63014,63170,Maison,145.0,341000.0,2351.72,2024-03-22
Saint-Beauzire,63322,63360,Maison,73.0,195000.0,2671.23,2024-04-02
Thuret,63432,63260,Maison,74.0,87500.0,1182.43,2024-04-05
Aubière,63014,63170,Maison,58.0,65000.0,1120.69,2024-03-15
La Bourboule,63047,63150,Appartement,50.0,246500.0,4930.0,2024-03-25
La Bourboule,63047,63150,Appartement,50.0,246500.0,4930.0,2024-03-25
Saint-Julien-Puy-Lavèze,63370,63820,Maison,88.0,86500.0,982.95,2024-04-06
Saint-Julien-Puy-Lavèze,63370,63820,Maison,88.0,86500.0,982.95,2024-04-06
Saint-Julien-Puy-Lavèze,63370,63820,Maison,88.0,86500.0,982.95,2024-04-06
Clermont-Ferrand,63113,63100,Appartement,91.0,59415.0,652.91,2024-03-29
Clermont-Ferrand,63113,63000,Appartement,200.0,500000.0,2500.0,2024-03-28
La Bourboule,63047,63150,Appartement,39.0,71000.0,1820.51,2024-04-05
Prondines,63289,63470,Maison,227.0,227099.0,1000.44,2024-04-05
Prondines,63289,63470,Maison,227.0,227099.0,1000.44,2024-04-05
Escoutoux,63151,63300,Maison,17.0,25000.0,1470.59,2024-04-08
Thiers,63430,63300,Appartement,33.0,165000.0,5000.0,2024-04-05
Thiers,63430,63300,Appartement,13.0,165000.0,12692.31,2024-04-05
Thiers,63430,63300,Appartement,31.0,165000.0,5322.58,2024-04-05
Thiers,63430,63300,Appartement,64.0,165000.0,2578.12,2024-04-05
Thiers,63430,63300,Appartement,64.0,165000.0,2578.12,2024-04-05
Besse-et-Saint-Anastaise,63038,63610,Appartement,28.0,108000.0,3857.14,2024-03-20
Royat,63308,63130,Appartement,33.0,54500.0,1651.52,2024-03-22
Maringues,63210,63350,Maison,88.0,141000.0,1602.27,2024-04-09
Clermont-Ferrand,63113,63100,Maison,100.0,305345.0,3053.45,2024-04-05
Saint-Sylvestre-Pragoulin,63400,63310,Maison,77.0,120350.0,1562.99,2024-04-03
Mirefleurs,63227,63730,Maison,210.0,270900.0,1290.0,2024-04-02
Volvic,63470,63530,Maison,98.0,168350.0,1717.86,2024-03-29
Blanzat,63042,63112,Maison,168.0,365000.0,2172.62,2024-04-11
Cournon-d'Auvergne,63124,63800,Appartement,63.0,140000.0,2222.22,2024-04-09
La Monnerie-le-Montel,63231,63650,Maison,78.0,20000.0,256.41,2024-04-13
Youx,63471,63700,Maison,50.0,37000.0,740.0,2024-04-10
Clermont-Ferrand,63113,63000,Appartement,100.0,155325.0,1553.25,2024-04-10
Riom,63300,63200,Appartement,85.0,169900.0,1998.82,2024-04-08
La Bourboule,63047,63150,Maison,51.0,120000.0,2352.94,2024-04-06
Clermont-Ferrand,63113,63000,Appartement,50.0,80000.0,1600.0,2024-04-09
Clermont-Ferrand,63113,63000,Maison,54.0,275000.0,5092.59,2024-03-25
Clermont-Ferrand,63113,63000,Appartement,48.0,96000.0,2000.0,2024-03-29
Issoire,63178,63500,Appartement,41.0,87400.0,2131.71,2024-04-12
Riom,63300,63200,Appartement,164.0,299140.0,1824.02,2024-04-15
Estandeuil,63155,63520,Maison,24.0,18000.0,750.0,2024-04-11
Cros,63129,63810,Maison,40.0,35000.0,875.0,2024-03-29
Coudes,63121,63114,Maison,109.0,196000.0,1798.17,2024-04-16
Marsac-en-Livradois,63211,63940,Maison,50.0,19000.0,380.0,2024-04-15
Clermont-Ferrand,63113,63000,Appartement,19.0,43000.0,2263.16,2024-04-12
Cournon-d'Auvergne,63124,63800,Maison,115.0,189734.0,1649.86,2024-04-12
Laps,63188,63270,Maison,158.0,347200.0,2197.47,2024-04-04
Laps,63188,63270,Maison,158.0,347200.0,2197.47,2024-04-04
Cébazat,63063,63118,Maison,85.0,220000.0,2588.24,2024-04-05
Billom,63040,63160,Maison,60.0,88600.0,1476.67,2024-04-05
Clermont-Ferrand,63113,63100,Maison,80.0,100000.0,1250.0,2024-04-05
Cournon-d'Auvergne,63124,63800,Maison,89.0,244800.0,2750.56,2024-03-29
Champs,63082,63440,Maison,85.0,50000.0,588.24,2024-03-19
Saint-Rémy-de-Blot,63391,63440,Maison,65.0,85000.0,1307.69,2024-03-22
Thiers,63430,63300,Maison,80.0,35000.0,437.5,2024-04-09
Cournon-d'Auvergne,63124,63800,Maison,95.0,232000.0,2442.11,2024-03-20
Aydat,63026,63970,Maison,71.0,164350.0,2314.79,2024-03-26
Aydat,63026,63970,Maison,71.0,164350.0,2314.79,2024-03-26
Coudes,63121,63114,Maison,56.0,144000.0,2571.43,2024-03-29
Clermont-Ferrand,63113,63000,Maison,66.0,197600.0,2993.94,2024-04-16
Cournon-d'Auvergne,63124,63800,Maison,105.0,294945.0,2809.0,2024-04-16
Artonne,63012,63460,Maison,115.0,150200.0,1306.09,2024-04-03
Cournon-d'Auvergne,63124,63800,Maison,69.0,206280.0,2989.57,2024-04-04
Orbeil,63261,63500,Maison,100.0,195000.0,1950.0,2024-04-13
Marat,63207,63480,Maison,84.0,16300.0,194.05,2024-03-29
Clermont-Ferrand,63113,63000,Appartement,45.0,162000.0,3600.0,2024-03-22
Clermont-Ferrand,63113,63000,Appartement,45.0,162000.0,3600.0,2024-03-22
Clermont-Ferrand,63113,63000,Appartement,66.0,106000.0,1606.06,2024-04-17
Mont-Dore,63236,63240,Appartement,30.0,78500.0,2616.67,2024-03-27
Saint-Clément-de-Valorgue,63331,63660,Maison,73.0,61000.0,835.62,2024-04-09
Saint-Genès-Champanelle,63345,63122,Maison,80.0,144000.0,1800.0,2024-03-27
Saint-Sauves-d'Auvergne,63397,63950,Maison,108.0,118000.0,1092.59,2024-04-17
Vertaizon,63453,63910,Maison,89.0,244400.0,2746.07,2024-03-22
Chamalières,63075,63400,Appartement,66.0,110000.0,1666.67,2024-04-10
Aydat,63026,63970,Maison,86.0,234832.86,2730.61,2024-04-17
Aydat,63026,63970,Maison,86.0,234832.86,2730.61,2024-04-17
Clermont-Ferrand,63113,63000,Appartement,73.0,319200.0,4372.6,2024-04-11
Romagnat,63307,63540,Maison,172.0,328000.0,1906.98,2024-04-08
Beaumont,63032,63110,Appartement,52.0,123750.0,2379.81,2024-04-12
Clermont-Ferrand,63113,63100,Appartement,42.0,71500.0,1702.38,2024-04-10
Olby,63257,63210,Appartement,32.0,357950.0,11185.94,2024-04-08
Olby,63257,63210,Appartement,23.0,357950.0,15563.04,2024-04-08
Olby,63257,63210,Appartement,85.0,357950.0,4211.18,2024-04-08
Olby,63257,63210,Appartement,85.0,357950.0,4211.18,2024-04-08
Mont-Dore,63236,63240,Maison,83.0,243500.0,2933.73,2024-04-09
Châteldon,63102,63290,Maison,80.0,17000.0,212.5,2024-04-08
Courpière,63125,63120,Maison,105.0,140000.0,1333.33,2024-04-11
Pont-du-Château,63284,63430,Maison,126.0,364600.0,2893.65,2024-04-08
Clermont-Ferrand,63113,63000,Appartement,40.0,65000.0,1625.0,2024-04-04
Rochefort-Montagne,63305,63210,Maison,225.0,250000.0,1111.11,2024-04-15
Rochefort-Montagne,63305,63210,Maison,225.0,250000.0,1111.11,2024-04-15
Gerzat,63164,63360,Maison,80.0,164000.0,2050.0,2024-03-22
Saint-Sylvestre-Pragoulin,63400,63310,Maison,60.0,97000.0,1616.67,2024-03-18
Chamalières,63075,63400,Maison,88.0,204100.0,2319.32,2024-04-18
Clermont-Ferrand,63113,63100,Appartement,78.0,210500.0,2698.72,2024-04-04
Clermont-Ferrand,63113,63000,Appartement,107.0,270000.0,2523.36,2024-04-11
Chamalières,63075,63400,Maison,142.0,750000.0,5281.69,2024-03-28
Royat,63308,63130,Appartement,130.0,346750.0,2667.31,2024-04-05
Clermont-Ferrand,63113,63000,Appartement,18.0,42500.0,2361.11,2024-04-08
Maringues,63210,63350,Appartement,100.0,45000.0,450.0,2024-03-26
Maringues,63210,63350,Appartement,39.0,45000.0,1153.85,2024-03-26
Clermont-Ferrand,63113,63000,Appartement,43.0,89000.0,2069.77,2024-04-15
Besse-et-Saint-Anastaise,63038,63610,Appartement,80.0,170000.0,2125.0,2024-04-11
La Tour-d'Auvergne,63192,63680,Maison,60.0,28000.0,466.67,2024-03-27
La Monnerie-le-Montel,63231,63650,Appartement,59.0,179000.0,3033.9,2024-03-28
La Monnerie-le-Montel,63231,63650,Appartement,60.0,179000.0,2983.33,2024-03-28
Chamalières,63075,63400,Appartement,23.0,52300.0,2273.91,2024-03-26
Clermont-Ferrand,63113,63000,Appartement,79.0,1070000.0,13544.3,2024-02-15
Clermont-Ferrand,63113,63000,Appartement,63.0,1070000.0,16984.13,2024-02-15
Clermont-Ferrand,63113,63000,Appartement,69.0,1070000.0,15507.25,2024-02-15
Clermont-Ferrand,63113,63000,Appartement,79.0,1070000.0,13544.3,2024-02-15
Clermont-Ferrand,63113,63000,Appartement,78.0,1070000.0,13717.95,2024-02-15
Clermont-Ferrand,63113,63000,Appartement,69.0,1070000.0,15507.25,2024-02-15
Clermont-Ferrand,63113,63000,Appartement,77.0,1070000.0,13896.1,2024-02-15
Clermont-Ferrand,63113,63000,Maison,94.0,150000.0,1595.74,2024-03-29
Ambert,63003,63600,Maison,70.0,130000.0,1857.14,2024-03-18
Châtel-Guyon,63103,63140,Maison,133.0,346600.0,2606.02,2024-03-29
La Bourboule,63047,63150,Appartement,83.0,178000.0,2144.58,2024-04-12
Clermont-Ferrand,63113,63100,Appartement,79.0,144875.0,1833.86,2024-04-10
Parent,63269,63270,Maison,86.0,120000.0,1395.35,2024-04-11
Chamalières,63075,63400,Appartement,41.0,81500.0,1987.8,2024-04-11
Clermont-Ferrand,63113,63100,Maison,200.0,875000.0,4375.0,2024-04-12
Clermont-Ferrand,63113,63000,Appartement,41.0,104124.0,2539.61,2024-04-12
Neuf-Église,63251,63560,Maison,160.0,110000.0,687.5,2024-03-28
Neuf-Église,63251,63560,Maison,160.0,110000.0,687.5,2024-03-28
Neuf-Église,63251,63560,Maison,160.0,110000.0,687.5,2024-03-28
Besse-et-Saint-Anastaise,63038,63610,Maison,64.0,214500.0,3351.56,2024-03-20
Besse-et-Saint-Anastaise,63038,63610,Maison,64.0,214500.0,3351.56,2024-03-20
Cunlhat,63132,63590,Maison,68.0,45000.0,661.76,2024-04-03
Entraigues,63149,63720,Maison,159.0,196500.0,1235.85,2024-03-28
Besse-et-Saint-Anastaise,63038,63610,Appartement,28.0,82000.0,2928.57,2024-04-19
Cébazat,63063,63118,Maison,70.0,340000.0,4857.14,2024-03-29
Saint-Éloy-les-Mines,63338,63700,Appartement,41.0,37500.0,914.63,2024-03-28
Saint-Éloy-les-Mines,63338,63700,Appartement,58.0,37500.0,646.55,2024-03-28
Saint-Éloy-les-Mines,63338,63700,Appartement,28.0,37500.0,1339.29,2024-03-28
Saint-Éloy-les-Mines,63338,63700,Appartement,61.0,37500.0,614.75,2024-03-28
Valcivières,63441,63600,Maison,136.0,315000.0,2316.18,2024-03-21
Mur-sur-Allier,63226,63115,Maison,79.0,124000.0,1569.62,2024-03-08
Clermont-Ferrand,63113,63000,Appartement,70.0,175750.0,2510.71,2024-04-15
Clermont-Ferrand,63113,63000,Appartement,92.0,204250.0,2220.11,2024-03-29
Clermont-Ferrand,63113,63000,Appartement,145.0,311794.25,2150.31,2024-04-11
Mirefleurs,63227,63730,Maison,147.0,350000.0,2380.95,2024-04-12
La Tour-d'Auvergne,63192,63680,Maison,40.0,65000.0,1625.0,2024-04-04
Saint-Diéry,63335,63320,Maison,82.0,114000.0,1390.24,2024-04-10
Mirefleurs,63227,63730,Maison,89.0,232840.0,2616.18,2024-04-10
Aubière,63014,63170,Maison,140.0,190482.0,1360.59,2024-04-15
Aubière,63014,63170,Maison,44.0,190482.0,4329.14,2024-04-15
Clermont-Ferrand,63113,63100,Maison,87.0,245000.0,2816.09,2024-04-05
Clermont-Ferrand,63113,63100,Maison,96.0,180410.0,1879.27,2024-04-16
Murol,63247,63790,Maison,111.0,121000.0,1090.09,2024-04-02
Chamalières,63075,63400,Appartement,35.0,79800.0,2280.0,2024-04-12
La Renaudie,63298,63930,Maison,78.0,68000.0,871.79,2024-04-12
Lempdes,63193,63370,Maison,120.0,255000.0,2125.0,2024-04-11
Clermont-Ferrand,63113,63000,Maison,78.0,155000.0,1987.18,2024-04-12
Mont-Dore,63236,63240,Appartement,25.0,63000.0,2520.0,2024-03-28
Clermont-Ferrand,63113,63000,Appartement,80.0,145000.0,1812.5,2024-04-15
Mont-Dore,63236,63240,Appartement,59.0,113790.0,1928.64,2024-03-27
Clermont-Ferrand,63113,63000,Appartement,17.0,54300.0,3194.12,2024-04-09
Romagnat,63307,63540,Appartement,87.0,154800.0,1779.31,2024-04-12
Aubière,63014,63170,Maison,85.0,256500.0,3017.65,2024-04-04
Clermont-Ferrand,63113,63100,Maison,66.0,138040.0,2091.52,2024-04-18
Chamalières,63075,63400,Maison,98.0,350000.0,3571.43,2024-03-29
Prompsat,63288,63200,Maison,40.0,102600.0,2565.0,2024-03-26
Prompsat,63288,63200,Maison,40.0,102600.0,2565.0,2024-03-26
Neschers,63250,63320,Maison,83.0,175010.0,2108.55,2024-04-15
Neschers,63250,63320,Maison,83.0,175010.0,2108.55,2024-04-15
Saint-Amant-Tallende,63315,63450,Appartement,114.0,770000.0,6754.39,2024-04-05
Saint-Amant-Tallende,63315,63450,Appartement,93.0,770000.0,8279.57,2024-04-05
Saint-Amant-Tallende,63315,63450,Appartement,93.0,770000.0,8279.57,2024-04-05
Saint-Amant-Tallende,63315,63450,Appartement,114.0,770000.0,6754.39,2024-04-05
Saint-Amant-Tallende,63315,63450,Appartement,76.0,770000.0,10131.58,2024-04-05
Saint-Amant-Tallende,63315,63450,Appartement,66.0,770000.0,11666.67,2024-04-05
Saint-Amant-Tallende,63315,63450,Appartement,91.0,770000.0,8461.54,2024-04-05
Saint-Amant-Tallende,63315,63450,Appartement,66.0,770000.0,11666.67,2024-04-05
Saint-Amant-Tallende,63315,63450,Appartement,91.0,770000.0,8461.54,2024-04-05
Saint-Amant-Tallende,63315,63450,Appartement,62.0,770000.0,12419.35,2024-04-05
Voingt,63467,63620,Maison,125.0,63000.0,504.0,2024-04-10
Chamalières,63075,63400,Appartement,90.0,241314.0,2681.27,2024-04-15
Saint-Étienne-des-Champs,63339,63380,Maison,90.0,40000.0,444.44,2024-04-08
Clermont-Ferrand,63113,63100,Appartement,68.0,69500.0,1022.06,2024-04-05
Clermont-Ferrand,63113,63000,Appartement,71.0,188000.0,2647.89,2024-04-03
Saint-Éloy-les-Mines,63338,63700,Maison,146.0,84000.0,575.34,2024-04-18
Lapeyrouse,63187,63700,Maison,71.0,65000.0,915.49,2024-03-12
Lapeyrouse,63187,63700,Maison,71.0,65000.0,915.49,2024-03-12
Mirefleurs,63227,63730,Maison,144.0,194400.0,1350.0,2024-04-15
Clermont-Ferrand,63113,63000,Appartement,96.0,175900.0,1832.29,2024-04-17
Saint-Pardoux,63382,63440,Maison,100.0,148300.0,1483.0,2024-04-09
Saint-Pardoux,63382,63440,Maison,100.0,148300.0,1483.0,2024-04-09
Clermont-Ferrand,63113,63000,Appartement,52.0,66500.0,1278.85,2024-04-15
Clermont-Ferrand,63113,63000,Appartement,20.0,66500.0,3325.0,2024-04-15
Parent,63269,63270,Maison,112.0,134000.0,1196.43,2024-04-18
Clermont-Ferrand,63113,63100,Appartement,67.0,114700.0,1711.94,2024-04-18
Ris,63301,63290,Maison,62.0,180463.0,2910.69,2024-03-26
Ris,63301,63290,Maison,42.0,180463.0,4296.74,2024-03-26
Clermont-Ferrand,63113,63100,Appartement,70.0,200000.0,2857.14,2024-03-29
Cisternes-la-Forêt,63110,63740,Maison,126.0,50000.0,396.83,2024-04-18
Cisternes-la-Forêt,63110,63740,Maison,126.0,50000.0,396.83,2024-04-18
Romagnat,63307,63540,Appartement,60.0,154510.0,2575.17,2024-04-19
Clermont-Ferrand,63113,63000,Appartement,62.0,177543.0,2863.6,2024-04-18
Chamalières,63075,63400,Appartement,51.0,80000.0,1568.63,2024-04-22
Clermont-Ferrand,63113,63000,Appartement,68.0,189980.0,2793.82,2024-04-18
Saint-Anthème,63319,63660,Maison,49.0,152980.0,3122.04,2024-04-05
Aubière,63014,63170,Maison,133.0,400150.0,3008.65,2024-04-18
Orcines,63263,63870,Maison,160.0,292000.0,1825.0,2024-04-02
Orcines,63263,63870,Maison,160.0,292000.0,1825.0,2024-04-02
La Bourboule,63047,63150,Appartement,24.0,57000.0,2375.0,2024-03-28
Royat,63308,63130,Appartement,18.0,52500.0,2916.67,2024-04-05
Chamalières,63075,63400,Appartement,70.0,220000.0,3142.86,2024-04-18
Châtel-Guyon,63103,63140,Maison,120.0,260000.0,2166.67,2024-04-19
Châtel-Guyon,63103,63140,Maison,120.0,260000.0,2166.67,2024-04-19
Trémouille-Saint-Loup,63437,63810,Maison,136.0,75000.0,551.47,2024-03-22
Cournon-d'Auvergne,63124,63800,Maison,95.0,313950.0,3304.74,2024-04-19
Messeix,63225,63750,Maison,95.0,143000.0,1505.26,2024-04-05
Messeix,63225,63750,Maison,95.0,143000.0,1505.26,2024-04-05
Messeix,63225,63750,Maison,95.0,143000.0,1505.26,2024-04-05
Glaine-Montaigut,63168,63160,Maison,73.0,189650.0,2597.95,2024-04-18
Glaine-Montaigut,63168,63160,Maison,73.0,189650.0,2597.95,2024-04-18
Chambon-sur-Lac,63077,63790,Maison,60.0,88215.0,1470.25,2024-04-22
Les Martres-de-Veyre,63214,63730,Maison,74.0,164350.0,2220.95,2024-04-22
Enval,63150,63530,Maison,110.0,330000.0,3000.0,2024-04-18
Mozac,63245,63200,Maison,95.0,153630.0,1617.16,2024-04-11
Mozac,63245,63200,Maison,95.0,153630.0,1617.16,2024-04-11
Clermont-Ferrand,63113,63000,Maison,52.0,145790.0,2803.65,2024-04-15
Clermont-Ferrand,63113,63000,Appartement,41.0,112000.0,2731.71,2024-04-17
Lempdes,63193,63370,Appartement,69.0,96000.0,1391.3,2024-04-11
Ceyrat,63070,63122,Maison,104.0,360100.0,3462.5,2024-04-12
Ardes,63009,63420,Maison,60.0,35500.0,591.67,2024-04-17
Ardes,63009,63420,Maison,106.0,35500.0,334.91,2024-04-17
Clermont-Ferrand,63113,63000,Appartement,49.0,125800.0,2567.35,2024-04-04
Clermont-Ferrand,63113,63000,Appartement,25.0,125500.0,5020.0,2024-04-15
Clermont-Ferrand,63113,63000,Appartement,33.0,125500.0,3803.03,2024-04-15
Clermont-Ferrand,63113,63000,Appartement,20.0,125500.0,6275.0,2024-04-15
Vichel,63456,63340,Maison,105.0,23000.0,219.05,2024-04-05
Ennezat,63148,63720,Appartement,118.0,450000.0,3813.56,2024-04-23
Ennezat,63148,63720,Appartement,48.0,450000.0,9375.0,2024-04-23
Ennezat,63148,63720,Appartement,84.0,450000.0,5357.14,2024-04-23
Billom,63040,63160,Maison,99.0,195000.0,1969.7,2024-04-19
Clermont-Ferrand,63113,63100,Appartement,69.0,97500.0,1413.04,2024-04-18
Combronde,63116,63460,Maison,66.0,142000.0,2151.52,2024-03-29
Besse-et-Saint-Anastaise,63038,63610,Appartement,48.0,140950.0,2936.46,2024-04-22
Pont-du-Château,63284,63430,Maison,100.0,310000.0,3100.0,2024-04-11
Clermont-Ferrand,63113,63100,Appartement,68.0,82600.0,1214.71,2024-04-10
Romagnat,63307,63540,Maison,128.0,206000.0,1609.38,2024-04-11
Romagnat,63307,63540,Maison,128.0,206000.0,1609.38,2024-04-11
Clermont-Ferrand,63113,63100,Appartement,70.0,83000.0,1185.71,2024-04-11
Clermont-Ferrand,63113,63100,Appartement,30.0,83000.0,2766.67,2024-04-11
Romagnat,63307,63540,Maison,81.0,237400.0,2930.86,2024-04-10
Lastic,63191,63760,Maison,84.0,53000.0,630.95,2024-03-30
Clermont-Ferrand,63113,63000,Appartement,85.0,171000.0,2011.76,2024-04-10
Ayat-sur-Sioule,63025,63390,Maison,120.0,295050.0,2458.75,2024-04-09
Le Quartier,63293,63330,Maison,130.0,53500.0,411.54,2024-04-24
Vitrac,63464,63410,Maison,110.0,145000.0,1318.18,2024-04-02
Ambert,63003,63600,Maison,400.0,300000.0,750.0,2024-04-12
Ambert,63003,63600,Maison,400.0,300000.0,750.0,2024-04-12
Égliseneuve-près-Billom,63146,63160,Maison,140.0,147500.0,1053.57,2024-04-22
Bort-l'Étang,63045,63190,Maison,80.0,119000.0,1487.5,2024-04-19
Bort-l'Étang,63045,63190,Maison,40.0,119000.0,2975.0,2024-04-19
Cournon-d'Auvergne,63124,63800,Maison,100.0,280000.0,2800.0,2024-04-11
Ceyrat,63070,63122,Appartement,61.0,182600.0,2993.44,2024-04-12
Cébazat,63063,63118,Appartement,64.0,120500.0,1882.81,2024-04-18
Clermont-Ferrand,63113,63000,Appartement,56.0,83240.0,1486.43,2024-04-11
Le Breuil-sur-Couze,63052,63340,Maison,70.0,24000.0,342.86,2024-03-29
Brassac-les-Mines,63050,63570,Maison,102.0,180000.0,1764.71,2024-03-29
Brassac-les-Mines,63050,63570,Maison,102.0,180000.0,1764.71,2024-03-29
Beaumont,63032,63110,Appartement,80.0,87000.0,1087.5,2024-04-17
Saint-Éloy-les-Mines,63338,63700,Maison,177.0,209680.0,1184.63,2024-04-16
Clermont-Ferrand,63113,63000,Appartement,28.0,84000.0,3000.0,2024-04-23
Courpière,63125,63120,Maison,124.0,180000.0,1451.61,2024-04-02
Ceyrat,63070,63122,Maison,120.0,297000.0,2475.0,2024-04-08
Auzat-la-Combelle,63022,63570,Maison,52.0,70000.0,1346.15,2024-04-02
Saint-Pierre-la-Bourlhonne,63384,63480,Maison,70.0,110000.0,1571.43,2024-04-02
Clermont-Ferrand,63113,63000,Appartement,22.0,59000.0,2681.82,2024-04-18
Issoire,63178,63500,Maison,65.0,144500.0,2223.08,2024-04-08
Ambert,63003,63600,Appartement,60.0,85000.0,1416.67,2024-04-10
Ambert,63003,63600,Appartement,60.0,85000.0,1416.67,2024-04-10
Pérignat-lès-Sarliève,63272,63170,Maison,80.0,156567.0,1957.09,2024-04-18
Saint-Rémy-sur-Durolle,63393,63550,Maison,72.0,15000.0,208.33,2024-04-15
Pérignat-lès-Sarliève,63272,63170,Maison,97.0,280000.0,2886.6,2024-03-27
Ceyrat,63070,63122,Maison,50.0,40000.0,800.0,2024-04-15
Ceyrat,63070,63122,Maison,60.0,40000.0,666.67,2024-04-15
Olmet,63260,63880,Maison,128.0,137000.0,1070.31,2024-04-03
Pont-du-Château,63284,63430,Maison,64.0,134800.0,2106.25,2024-04-11
Besse-et-Saint-Anastaise,63038,63610,Appartement,55.0,168000.0,3054.55,2024-03-27
Saint-Diéry,63335,63320,Maison,190.0,498400.0,2623.16,2024-04-12
Saint-Diéry,63335,63320,Maison,190.0,498400.0,2623.16,2024-04-12
Riom,63300,63200,Appartement,31.0,65000.0,2096.77,2024-04-17
Clermont-Ferrand,63113,63000,Appartement,20.0,30000.0,1500.0,2024-04-11
Le Quartier,63293,63330,Maison,107.0,60000.0,560.75,2024-04-11
Saint-Alyre-d'Arlanc,63312,63220,Maison,95.0,100680.0,1059.79,2024-04-24
Saint-Étienne-des-Champs,63339,63380,Maison,110.0,35000.0,318.18,2024-04-05
Sauxillanges,63415,63490,Maison,150.0,38000.0,253.33,2024-04-02
Clermont-Ferrand,63113,63100,Appartement,70.0,124200.0,1774.29,2024-04-24
Saint-Jean-d'Heurs,63364,63190,Maison,64.0,65000.0,1015.62,2024-04-15
Saint-Jean-d'Heurs,63364,63190,Maison,64.0,65000.0,1015.62,2024-04-15
Romagnat,63307,63540,Maison,104.0,250000.0,2403.85,2024-04-02
Thiers,63430,63300,Appartement,78.0,43500.0,557.69,2024-03-29
Roche-Charles-la-Mayrand,63303,63420,Maison,97.0,137750.0,1420.1,2024-04-03
Volvic,63470,63530,Maison,76.0,96600.0,1271.05,2024-04-24
Saint-Yvoine,63404,63500,Maison,35.0,6000.0,171.43,2024-04-05
Les Ancizes-Comps,63004,63770,Maison,135.0,171500.0,1270.37,2024-04-03
Les Martres-d'Artière,63213,63430,Maison,133.0,266910.0,2006.84,2024-04-19
La Chapelle-sur-Usson,63088,63580,Maison,80.0,118500.0,1481.25,2024-04-03
Clermont-Ferrand,63113,63000,Maison,103.0,240000.0,2330.1,2024-03-29
Clermont-Ferrand,63113,63000,Appartement,50.0,300000.0,6000.0,2024-03-28
Clermont-Ferrand,63113,63000,Appartement,64.0,300000.0,4687.5,2024-03-28
Clermont-Ferrand,63113,63100,Appartement,67.0,66500.0,992.54,2024-04-08
Saint-Sylvestre-Pragoulin,63400,63310,Maison,82.0,110000.0,1341.46,2024-04-11
Saint-Priest-Bramefant,63387,63310,Maison,151.0,221700.0,1468.21,2024-04-09
Randan,63295,63310,Maison,91.0,195000.0,2142.86,2024-04-03
Randan,63295,63310,Maison,91.0,195000.0,2142.86,2024-04-03
Cournon-d'Auvergne,63124,63800,Appartement,60.0,126350.0,2105.83,2024-04-08
Clermont-Ferrand,63113,63100,Maison,133.0,420000.0,3157.89,2024-04-10
Chamalières,63075,63400,Appartement,16.0,38630.0,2414.38,2024-04-17
Royat,63308,63130,Appartement,17.0,48850.0,2873.53,2024-04-23
Lempdes,63193,63370,Appartement,94.0,110000.0,1170.21,2024-04-12
Clermont-Ferrand,63113,63000,Appartement,81.0,156378.0,1930.59,2024-04-26
Randan,63295,63310,Maison,88.0,65000.0,738.64,2024-04-16
Lezoux,63195,63190,Maison,288.0,325000.0,1128.47,2024-04-23
Lezoux,63195,63190,Maison,172.0,350000.0,2034.88,2024-04-23
Clermont-Ferrand,63113,63000,Appartement,63.0,163200.0,2590.48,2024-04-24
Jumeaux,63182,63570,Maison,58.0,25000.0,431.03,2024-04-18
Ceyrat,63070,63122,Maison,104.0,372250.0,3579.33,2024-04-12
Glaine-Montaigut,63168,63160,Maison,83.0,109260.0,1316.39,2024-04-12
Chamalières,63075,63400,Appartement,26.0,52500.0,2019.23,2024-04-19
Clermont-Ferrand,63113,63000,Appartement,18.0,45330.0,2518.33,2024-04-18
Clermont-Ferrand,63113,63000,Appartement,75.0,117924.52,1572.33,2024-04-22
Lempdes,63193,63370,Maison,107.0,342250.0,3198.6,2024-04-22
Romagnat,63307,63540,Maison,62.0,85025.0,1371.37,2024-04-23
Brassac-les-Mines,63050,63570,Maison,60.0,105000.0,1750.0,2024-04-02
Clermont-Ferrand,63113,63000,Appartement,78.0,115200.0,1476.92,2024-04-22
Saint-Laure,63372,63350,Maison,80.0,92000.0,1150.0,2024-03-08
Clermont-Ferrand,63113,63000,Appartement,62.0,183469.0,2959.18,2024-04-23
Clermont-Ferrand,63113,63100,Appartement,67.0,136900.0,2043.28,2024-04-16
Auzelles,63023,63590,Maison,100.0,150000.0,1500.0,2024-04-04
Durtol,63141,63830,Maison,119.0,424000.0,3563.03,2024-04-22
Lempdes,63193,63370,Maison,104.0,494500.0,4754.81,2024-04-11
Aulnat,63019,63510,Appartement,37.0,236550.0,6393.24,2024-04-16
Aulnat,63019,63510,Appartement,56.0,236550.0,4224.11,2024-04-16
Aulnat,63019,63510,Appartement,56.0,236550.0,4224.11,2024-04-16
Cunlhat,63132,63590,Maison,120.0,147940.0,1232.83,2024-04-10
Châtel-Guyon,63103,63140,Appartement,61.0,81928.0,1343.08,2024-04-16
Les Ancizes-Comps,63004,63770,Maison,104.0,75000.0,721.15,2024-04-10
Arconsat,63008,63250,Maison,46.0,24000.0,521.74,2024-04-09
Arconsat,63008,63250,Maison,63.0,24000.0,380.95,2024-04-09
La Bourboule,63047,63150,Appartement,36.0,86400.0,2400.0,2024-04-04
Le Cheix,63108,63200,Maison,95.0,160200.0,1686.32,2024-04-24
Le Cheix,63108,63200,Maison,95.0,160200.0,1686.32,2024-04-24
Clermont-Ferrand,63113,63000,Appartement,32.0,95000.0,2968.75,2024-04-19
Yronde-et-Buron,63472,63270,Maison,45.0,12000.0,266.67,2024-04-04
Clermont-Ferrand,63113,63000,Appartement,41.0,85000.0,2073.17,2024-04-26
Bouzel,63049,63910,Maison,97.0,207580.0,2140.0,2024-04-25
Bouzel,63049,63910,Maison,97.0,207580.0,2140.0,2024-04-25
Bouzel,63049,63910,Maison,97.0,207580.0,2140.0,2024-04-25
Bouzel,63049,63910,Maison,97.0,207580.0,2140.0,2024-04-25
Job,63179,63990,Maison,58.0,26500.0,456.9,2024-04-26
Cournon-d'Auvergne,63124,63800,Maison,106.0,359465.0,3391.18,2024-04-12
Clermont-Ferrand,63113,63000,Appartement,30.0,79500.0,2650.0,2024-04-16
Cournon-d'Auvergne,63124,63800,Maison,110.0,297000.0,2700.0,2024-04-19
Cournon-d'Auvergne,63124,63800,Maison,110.0,297000.0,2700.0,2024-04-19
Cournon-d'Auvergne,63124,63800,Maison,75.0,130000.0,1733.33,2024-04-26
Teilhède,63427,63460,Maison,60.0,45000.0,750.0,2024-04-08
Teilhède,63427,63460,Maison,116.0,45000.0,387.93,2024-04-08
Clermont-Ferrand,63113,63000,Appartement,28.0,81600.0,2914.29,2024-04-17
Cébazat,63063,63118,Maison,80.0,174610.0,2182.62,2024-04-26
Cournon-d'Auvergne,63124,63800,Maison,92.0,205000.0,2228.26,2024-04-20
Besse-et-Saint-Anastaise,63038,63610,Appartement,48.0,161970.0,3374.38,2024-04-19
Roche-Charles-la-Mayrand,63303,63420,Maison,81.0,65000.0,802.47,2024-04-19
Issoire,63178,63500,Appartement,128.0,209480.0,1636.56,2024-04-25
Courpière,63125,63120,Maison,133.0,17000.0,127.82,2024-02-09
Clermont-Ferrand,63113,63100,Maison,165.0,389655.0,2361.55,2024-04-12
Pionsat,63281,63330,Maison,90.0,85000.0,944.44,2024-04-04
Saint-Gervais-d'Auvergne,63354,63390,Maison,75.0,30000.0,400.0,2024-04-16
Montaigut,63233,63700,Maison,62.0,28500.0,459.68,2024-04-04
Gerzat,63164,63360,Maison,103.0,335000.0,3252.43,2024-04-10
Gerzat,63164,63360,Appartement,30.0,335000.0,11166.67,2024-04-10
Gerzat,63164,63360,Maison,96.0,335000.0,3489.58,2024-04-10
Thuret,63432,63260,Maison,95.0,215200.0,2265.26,2024-04-08
Entraigues,63149,63720,Maison,133.0,28500.0,214.29,2024-04-09
Château-sur-Cher,63101,63330,Maison,65.0,51000.0,784.62,2024-04-12
Saint-Genès-du-Retz,63347,63260,Maison,103.0,173400.0,1683.5,2024-04-16
Saint-Dier-d'Auvergne,63334,63520,Maison,85.0,146000.0,1717.65,2024-04-26
Saint-Dier-d'Auvergne,63334,63520,Maison,85.0,146000.0,1717.65,2024-04-26
Clermont-Ferrand,63113,63000,Appartement,49.0,356000.0,7265.31,2024-04-25
Saurier,63409,63320,Maison,36.0,69000.0,1916.67,2024-04-12
Thiers,63430,63300,Maison,58.0,163000.0,2810.34,2024-04-19
Thiers,63430,63300,Maison,58.0,163000.0,2810.34,2024-04-19
Saint-Victor-la-Rivière,63401,63790,Maison,115.0,158800.0,1380.87,2024-04-11
Saint-Victor-la-Rivière,63401,63790,Maison,115.0,158800.0,1380.87,2024-04-11
Saint-Victor-la-Rivière,63401,63790,Maison,115.0,158800.0,1380.87,2024-04-11
Queuille,63294,63780,Maison,61.0,95100.0,1559.02,2024-04-12
Queuille,63294,63780,Maison,61.0,95100.0,1559.02,2024-04-12
Chappes,63089,63720,Maison,117.0,265050.0,2265.38,2024-04-25
Brenat,63051,63500,Maison,110.0,145000.0,1318.18,2024-04-23
Saint-Priest-des-Champs,63388,63640,Maison,86.0,46200.0,537.21,2024-04-16
Saint-Priest-des-Champs,63388,63640,Maison,86.0,46200.0,537.21,2024-04-16
La Bourboule,63047,63150,Maison,42.0,60000.0,1428.57,2024-04-05
Mazoires,63220,63420,Maison,48.0,20000.0,416.67,2024-04-30
Clermont-Ferrand,63113,63100,Appartement,17.0,28000.0,1647.06,2024-04-25
Blot-l'Église,63043,63440,Maison,90.0,22000.0,244.44,2024-04-26
Ceyrat,63070,63122,Appartement,90.0,281080.0,3123.11,2024-04-15
Châtel-Guyon,63103,63140,Appartement,23.0,65000.0,2826.09,2024-04-16
Châtel-Guyon,63103,63140,Appartement,19.0,65000.0,3421.05,2024-04-16
Châtel-Guyon,63103,63140,Appartement,50.0,65000.0,1300.0,2024-04-16
Châtel-Guyon,63103,63140,Appartement,33.0,65000.0,1969.7,2024-04-16
Châtel-Guyon,63103,63140,Appartement,23.0,65000.0,2826.09,2024-04-16
Villeneuve-les-Cerfs,63459,63310,Maison,103.0,165600.0,1607.77,2024-04-23
Villeneuve-les-Cerfs,63459,63310,Maison,103.0,165600.0,1607.77,2024-04-23
Volvic,63470,63530,Maison,72.0,98000.0,1361.11,2024-04-25
Le Broc,63054,63500,Maison,120.0,155500.0,1295.83,2024-04-23
Clermont-Ferrand,63113,63100,Appartement,54.0,77000.0,1425.93,2024-04-08
Clermont-Ferrand,63113,63100,Appartement,60.0,93400.0,1556.67,2024-04-08
Clermont-Ferrand,63113,63100,Maison,90.0,103750.0,1152.78,2024-04-04
Beaulieu,63031,63570,Maison,92.0,27500.0,298.91,2024-04-25
Clermont-Ferrand,63113,63100,Appartement,62.0,124650.0,2010.48,2024-04-23
Saurier,63409,63320,Maison,59.0,90500.0,1533.9,2024-04-24
Pont-du-Château,63284,63430,Appartement,57.0,36050.0,632.46,2024-04-26
Thiers,63430,63300,Maison,82.0,202500.0,2469.51,2024-04-15
Brassac-les-Mines,63050,63570,Maison,80.0,132800.0,1660.0,2024-04-15
Vertaizon,63453,63910,Maison,127.0,171450.0,1350.0,2024-04-25
Auzat-la-Combelle,63022,63570,Appartement,70.0,144000.0,2057.14,2024-04-08
Auzat-la-Combelle,63022,63570,Appartement,47.0,144000.0,3063.83,2024-04-08
Auzat-la-Combelle,63022,63570,Appartement,70.0,144000.0,2057.14,2024-04-08
Clermont-Ferrand,63113,63000,Appartement,72.0,170000.0,2361.11,2024-04-04
Saint-Alyre-ès-Montagne,63313,63420,Maison,64.0,14250.0,222.66,2024-04-30
Thiers,63430,63300,Maison,120.0,191800.0,1598.33,2024-04-12
Clermont-Ferrand,63113,63000,Appartement,27.0,55500.0,2055.56,2024-04-04
Ardes,63009,63420,Maison,100.0,80000.0,800.0,2024-04-08
Ardes,63009,63420,Appartement,63.0,80000.0,1269.84,2024-04-08
Ardes,63009,63420,Appartement,50.0,80000.0,1600.0,2024-04-08
Ardes,63009,63420,Appartement,70.0,80000.0,1142.86,2024-04-08
Châtel-Guyon,63103,63140,Maison,34.0,51875.3,1525.74,2024-04-25
Châtel-Guyon,63103,63140,Maison,60.0,51875.3,864.59,2024-04-25
Parent,63269,63270,Maison,150.0,120000.0,800.0,2024-04-10
Chamalières,63075,63400,Maison,116.0,302000.0,2603.45,2024-04-05
Clermont-Ferrand,63113,63000,Appartement,49.0,129200.0,2636.73,2024-04-10
Saint-Sauveur-la-Sagne,63398,63220,Appartement,44.0,132370.0,3008.41,2024-04-19
Saint-Sauveur-la-Sagne,63398,63220,Appartement,44.0,132370.0,3008.41,2024-04-19
Clermont-Ferrand,63113,63000,Maison,150.0,432800.0,2885.33,2024-04-30
Clermont-Ferrand,63113,63100,Maison,100.0,136000.0,1360.0,2024-04-30
Saint-Martin-d'Ollières,63376,63580,Maison,92.0,20000.0,217.39,2024-04-19
La Monnerie-le-Montel,63231,63650,Maison,72.0,8000.0,111.11,2024-04-10
Saint-Gervais-sous-Meymont,63355,63880,Maison,124.0,72000.0,580.65,2024-04-12
Thiers,63430,63300,Maison,76.0,58000.0,763.16,2024-04-05
Clermont-Ferrand,63113,63100,Appartement,59.0,126350.0,2141.53,2024-04-25
Saint-Germain-Lembron,63352,63340,Maison,80.0,82520.0,1031.5,2024-04-24
Maringues,63210,63350,Maison,115.0,197000.0,1713.04,2024-04-25
Montel-de-Gelat,63237,63380,Maison,66.0,40700.0,616.67,2024-04-24
Aubière,63014,63170,Appartement,68.0,131200.0,1929.41,2024-04-24
Clermont-Ferrand,63113,63000,Appartement,21.0,56000.0,2666.67,2024-04-19
Domaize,63136,63520,Maison,50.0,55000.0,1100.0,2024-04-22
Besse-et-Saint-Anastaise,63038,63610,Appartement,47.0,138300.0,2942.55,2024-04-19
Clermont-Ferrand,63113,63000,Appartement,91.0,198500.0,2181.32,2024-04-10
Saint-Éloy-les-Mines,63338,63700,Maison,72.0,52750.0,732.64,2024-03-29
Clermont-Ferrand,63113,63000,Appartement,23.0,50000.0,2173.91,2024-04-23
Neuf-Église,63251,63560,Maison,70.0,61000.0,871.43,2024-04-19
Chamalières,63075,63400,Appartement,36.0,40000.0,1111.11,2024-04-18
Mont-Dore,63236,63240,Appartement,22.0,35000.0,1590.91,2024-04-06
Saint-Ours,63381,63230,Maison,120.0,224000.0,1866.67,2024-04-24
Clermont-Ferrand,63113,63100,Appartement,48.0,72500.0,1510.42,2024-04-12
Les Martres-de-Veyre,63214,63730,Maison,80.0,131000.0,1637.5,2024-04-10
Vertaizon,63453,63910,Appartement,145.0,100000.0,689.66,2024-04-11
Vertaizon,63453,63910,Appartement,55.0,100000.0,1818.18,2024-04-11
Clermont-Ferrand,63113,63100,Appartement,55.0,119500.0,2172.73,2024-04-23
Celles-sur-Durolle,63066,63250,Maison,75.0,55000.0,733.33,2024-04-25
Thiers,63430,63300,Maison,96.0,155000.0,1614.58,2024-04-26
Clermont-Ferrand,63113,63100,Appartement,78.0,93750.0,1201.92,2024-04-25
Auzat-la-Combelle,63022,63570,Maison,55.0,55000.0,1000.0,2024-04-29
Plauzat,63282,63730,Maison,40.0,38000.0,950.0,2024-04-18
Veyre-Monton,63455,63960,Maison,180.0,60000.0,333.33,2024-04-23
Clermont-Ferrand,63113,63000,Maison,84.0,45000.0,535.71,2024-04-18
Villeneuve,63458,63340,Maison,90.0,175000.0,1944.44,2024-04-20
Villeneuve,63458,63340,Maison,90.0,175000.0,1944.44,2024-04-20
Clermont-Ferrand,63113,63000,Maison,100.0,272500.0,2725.0,2024-04-25
Les Martres-d'Artière,63213,63430,Maison,107.0,188600.0,1762.62,2024-04-17
Chamalières,63075,63400,Appartement,78.0,186500.0,2391.03,2024-04-26
Clermont-Ferrand,63113,63000,Appartement,63.0,99000.0,1571.43,2024-04-17
Charensat,63094,63640,Maison,57.0,25600.0,449.12,2024-04-17
Charensat,63094,63640,Maison,57.0,25600.0,449.12,2024-04-17
Royat,63308,63130,Appartement,87.0,147000.0,1689.66,2024-04-23
Clermont-Ferrand,63113,63000,Appartement,65.0,139700.0,2149.23,2024-04-24
Montpensier,63240,63260,Maison,95.0,191750.0,2018.42,2024-04-23
Montpensier,63240,63260,Maison,95.0,191750.0,2018.42,2024-04-23
Riom,63300,63200,Appartement,45.0,65000.0,1444.44,2024-04-26
Chamalières,63075,63400,Appartement,119.0,321000.0,2697.48,2024-04-19
Saint-Saturnin,63396,63450,Maison,114.0,310450.0,2723.25,2024-04-19
La Bourboule,63047,63150,Appartement,45.0,96500.0,2144.44,2024-04-12
Clermont-Ferrand,63113,63000,Appartement,98.0,220000.0,2244.9,2024-04-08
Les Martres-de-Veyre,63214,63730,Maison,47.0,92500.0,1968.09,2024-04-18
Pont-du-Château,63284,63430,Maison,50.0,99900.0,1998.0,2024-04-12
Veyre-Monton,63455,63960,Maison,70.0,181000.0,2585.71,2024-04-25
Issoire,63178,63500,Maison,85.0,80000.0,941.18,2024-04-26
Viscomtat,63463,63250,Maison,100.0,55000.0,550.0,2024-04-11
La Bourboule,63047,63150,Appartement,30.0,53000.0,1766.67,2024-04-29
Ravel,63296,63190,Maison,50.0,106500.0,2130.0,2024-04-16
Job,63179,63990,Maison,112.0,90300.0,806.25,2024-04-15
Job,63179,63990,Maison,112.0,90300.0,806.25,2024-04-15
Issoire,63178,63500,Appartement,86.0,85000.0,988.37,2024-04-30
Volvic,63470,63530,Maison,52.0,73300.0,1409.62,2024-04-18
Cournon-d'Auvergne,63124,63800,Appartement,78.0,117050.0,1500.64,2024-04-12
Reignat,63297,63160,Maison,62.0,70000.0,1129.03,2024-04-19
Reignat,63297,63160,Maison,62.0,70000.0,1129.03,2024-04-19
Saint-Dier-d'Auvergne,63334,63520,Maison,45.0,54500.0,1211.11,2024-04-18
Saint-Dier-d'Auvergne,63334,63520,Maison,45.0,54500.0,1211.11,2024-04-18
Clermont-Ferrand,63113,63000,Appartement,87.0,133400.0,1533.33,2024-04-25
Royat,63308,63130,Appartement,69.0,149800.0,2171.01,2024-04-26
Puy-Guillaume,63291,63290,Maison,83.0,40000.0,481.93,2024-04-12
Puy-Guillaume,63291,63290,Maison,83.0,40000.0,481.93,2024-04-12
Orcines,63263,63870,Maison,111.0,339505.0,3058.6,2024-04-30
Murol,63247,63790,Maison,190.0,285000.0,1500.0,2024-04-19
Murol,63247,63790,Maison,190.0,285000.0,1500.0,2024-04-19
Saint-Jacques-d'Ambur,63363,63230,Maison,35.0,25000.0,714.29,2024-04-19
Orcet,63262,63670,Maison,100.0,80000.0,800.0,2024-04-26
Cébazat,63063,63118,Maison,108.0,225900.0,2091.67,2024-04-19
Montcel,63235,63460,Maison,96.0,200400.0,2087.5,2024-04-30
Montcel,63235,63460,Maison,96.0,200400.0,2087.5,2024-04-30
Montaigut-le-Blanc,63234,63320,Maison,48.0,140500.0,2927.08,2024-05-02
Montaigut-le-Blanc,63234,63320,Maison,25.0,140500.0,5620.0,2024-05-02
La Bourboule,63047,63150,Appartement,23.0,97800.0,4252.17,2024-04-18
Mont-Dore,63236,63240,Appartement,56.0,200000.0,3571.43,2024-04-16
Mont-Dore,63236,63240,Appartement,56.0,200000.0,3571.43,2024-04-16
Mont-Dore,63236,63240,Appartement,39.0,200000.0,5128.21,2024-04-16
Mont-Dore,63236,63240,Appartement,60.0,200000.0,3333.33,2024-04-16
Mont-Dore,63236,63240,Maison,39.0,200000.0,5128.21,2024-04-16
Mont-Dore,63236,63240,Appartement,38.0,200000.0,5263.16,2024-04-16
Mont-Dore,63236,63240,Appartement,31.0,200000.0,6451.61,2024-04-16
Mont-Dore,63236,63240,Appartement,31.0,200000.0,6451.61,2024-04-16
Mont-Dore,63236,63240,Appartement,31.0,200000.0,6451.61,2024-04-16
Clermont-Ferrand,63113,63000,Appartement,45.0,92710.0,2060.22,2024-04-30
Cros,63129,63810,Maison,63.0,160000.0,2539.68,2024-04-15
Beaumont,63032,63110,Appartement,62.0,98000.0,1580.65,2024-05-02
Courpière,63125,63120,Maison,92.0,149000.0,1619.57,2024-05-02
Messeix,63225,63750,Maison,120.0,44400.0,370.0,2024-04-18
Beauregard-l'Évêque,63034,63116,Maison,151.0,435200.0,2882.12,2024-04-15
Beauregard-l'Évêque,63034,63116,Maison,151.0,435200.0,2882.12,2024-04-15
Beauregard-l'Évêque,63034,63116,Maison,151.0,435200.0,2882.12,2024-04-15
Chamalières,63075,63400,Appartement,33.0,990000.0,30000.0,2024-04-30
Chamalières,63075,63400,Appartement,44.0,990000.0,22500.0,2024-04-30
Auzelles,63023,63590,Maison,60.0,20000.0,333.33,2024-04-10
Jumeaux,63182,63570,Maison,113.0,15000.0,132.74,2024-04-11
Courpière,63125,63120,Maison,60.0,25000.0,416.67,2024-04-12
Augerolles,63016,63930,Appartement,30.0,15000.0,500.0,2024-04-30
Augerolles,63016,63930,Appartement,120.0,15000.0,125.0,2024-04-30
Clermont-Ferrand,63113,63100,Appartement,63.0,128200.0,2034.92,2024-04-25
Clermont-Ferrand,63113,63000,Appartement,65.0,121900.0,1875.38,2024-04-23
Clermont-Ferrand,63113,63000,Appartement,81.0,60000.0,740.74,2024-03-30
Beauregard-l'Évêque,63034,63116,Maison,70.0,90000.0,1285.71,2024-04-10
Clermont-Ferrand,63113,63000,Maison,44.0,40000.0,909.09,2024-04-26
Clermont-Ferrand,63113,63000,Appartement,55.0,125339.0,2278.89,2024-04-24
Issoire,63178,63500,Appartement,22.0,18100.0,822.73,2024-05-03
Orcet,63262,63670,Maison,132.0,352400.0,2669.7,2024-04-19
Orcet,63262,63670,Maison,132.0,352400.0,2669.7,2024-04-19
Clermont-Ferrand,63113,63000,Appartement,25.0,48000.0,1920.0,2024-04-30
Auzelles,63023,63590,Maison,52.0,11250.0,216.35,2024-04-19
Chauriat,63106,63117,Maison,134.0,375700.0,2803.73,2024-04-26
Mont-Dore,63236,63240,Appartement,42.0,118000.0,2809.52,2024-04-30
Cébazat,63063,63118,Maison,85.0,185000.0,2176.47,2024-05-06
Cébazat,63063,63118,Maison,85.0,185000.0,2176.47,2024-05-06
Clermont-Ferrand,63113,63000,Appartement,21.0,168400.0,8019.05,2024-04-23
Clermont-Ferrand,63113,63000,Appartement,21.0,168400.0,8019.05,2024-04-23
Clermont-Ferrand,63113,63000,Appartement,21.0,168400.0,8019.05,2024-04-23
Clermont-Ferrand,63113,63000,Appartement,21.0,168400.0,8019.05,2024-04-23
Perrier,63275,63500,Maison,110.0,251300.0,2284.55,2024-04-30
Perrier,63275,63500,Maison,110.0,251300.0,2284.55,2024-04-30
Clermont-Ferrand,63113,63100,Appartement,58.0,92700.0,1598.28,2024-04-24
Pont-du-Château,63284,63430,Maison,90.0,151700.0,1685.56,2024-04-30
Saint-Étienne-des-Champs,63339,63380,Maison,71.0,28500.0,401.41,2024-04-08
Manzat,63206,63410,Maison,96.0,200000.0,2083.33,2024-04-24
Manzat,63206,63410,Maison,96.0,200000.0,2083.33,2024-04-24
Manzat,63206,63410,Maison,96.0,200000.0,2083.33,2024-04-24
Pont-du-Château,63284,63430,Maison,50.0,90530.0,1810.6,2024-04-26
Clermont-Ferrand,63113,63000,Maison,58.0,250000.0,4310.34,2024-04-26
Clermont-Ferrand,63113,63000,Appartement,81.0,165750.0,2046.3,2024-04-25
Sauxillanges,63415,63490,Maison,71.0,56000.0,788.73,2024-04-09
Clermont-Ferrand,63113,63000,Appartement,70.0,279021.0,3986.01,2024-04-05
Ayat-sur-Sioule,63025,63390,Maison,80.0,17000.0,212.5,2024-04-24
Clermont-Ferrand,63113,63000,Appartement,82.0,119000.0,1451.22,2024-04-26
Châteldon,63102,63290,Maison,97.0,82000.0,845.36,2024-04-13
Clermont-Ferrand,63113,63000,Appartement,69.0,133000.0,1927.54,2024-04-19
Clermont-Ferrand,63113,63000,Appartement,45.0,133000.0,2955.56,2024-04-19
Aubiat,63013,63260,Maison,88.0,225500.0,2562.5,2024-04-25
Aubiat,63013,63260,Maison,80.0,225500.0,2818.75,2024-04-25
Mont-Dore,63236,63240,Appartement,51.0,128455.0,2518.73,2024-04-22
Chastreix,63098,63680,Maison,72.0,28000.0,388.89,2024-04-30
Mont-Dore,63236,63240,Appartement,57.0,138000.0,2421.05,2024-04-26
Clermont-Ferrand,63113,63000,Appartement,45.0,88000.0,1955.56,2024-04-26
Lezoux,63195,63190,Maison,87.0,165000.0,1896.55,2024-04-09
Clermont-Ferrand,63113,63000,Appartement,18.0,41040.0,2280.0,2024-04-30
Romagnat,63307,63540,Maison,124.0,277300.0,2236.29,2024-04-23
Clermont-Ferrand,63113,63000,Appartement,49.0,95000.0,1938.78,2024-04-25
Chamalières,63075,63400,Maison,175.0,624400.0,3568.0,2024-04-30
Auzat-la-Combelle,63022,63570,Maison,48.0,24000.0,500.0,2024-04-19
Aubiat,63013,63260,Maison,56.0,120000.0,2142.86,2024-04-18
Cournon-d'Auvergne,63124,63800,Maison,91.0,239720.0,2634.29,2024-05-06
Auzelles,63023,63590,Maison,100.0,235200.0,2352.0,2024-04-17
Auzelles,63023,63590,Maison,65.0,235200.0,3618.46,2024-04-17
Clermont-Ferrand,63113,63000,Appartement,84.0,120650.0,1436.31,2024-05-03
Ludesse,63199,63320,Maison,90.0,53400.0,593.33,2024-04-29
Sayat,63417,63530,Maison,119.0,417640.0,3509.58,2024-05-07
Sayat,63417,63530,Maison,119.0,417640.0,3509.58,2024-05-07
Le Broc,63054,63500,Maison,58.0,85900.0,1481.03,2024-04-26
Beaumont,63032,63110,Appartement,66.0,111000.0,1681.82,2024-05-07
Le Brugeron,63057,63880,Maison,78.0,127000.0,1628.21,2024-04-10
Le Brugeron,63057,63880,Maison,78.0,127000.0,1628.21,2024-04-10
Auzat-la-Combelle,63022,63570,Maison,48.0,45000.0,937.5,2024-04-26
Beaumont,63032,63110,Appartement,66.0,83000.0,1257.58,2024-05-07
Clermont-Ferrand,63113,63100,Appartement,69.0,114900.0,1665.22,2024-04-26
Bort-l'Étang,63045,63190,Maison,65.0,1230000.0,18923.08,2024-05-06
Églisolles,63147,63840,Maison,86.0,224000.0,2604.65,2024-04-18
Clermont-Ferrand,63113,63000,Appartement,124.0,14000.0,112.9,2024-05-02
Nébouzat,63248,63210,Maison,11.0,57000.0,5181.82,2024-04-25
Nébouzat,63248,63210,Maison,11.0,57000.0,5181.82,2024-04-25
Issoire,63178,63500,Maison,100.0,250000.0,2500.0,2024-04-24
Clermont-Ferrand,63113,63000,Appartement,68.0,180320.0,2651.76,2024-04-25
Clermont-Ferrand,63113,63000,Appartement,70.0,150500.0,2150.0,2024-04-29
Saint-Genès-Champanelle,63345,63122,Maison,108.0,313500.0,2902.78,2024-04-26
Saint-Genès-Champanelle,63345,63122,Maison,108.0,313500.0,2902.78,2024-04-26
Clermont-Ferrand,63113,63000,Appartement,68.0,125500.0,1845.59,2024-04-29
Aulnat,63019,63510,Maison,32.0,100000.0,3125.0,2024-04-09
Riom,63300,63200,Maison,98.0,276200.0,2818.37,2024-04-23
Clermont-Ferrand,63113,63000,Appartement,22.0,40000.0,1818.18,2024-04-17
Aigueperse,63001,63260,Maison,87.0,190000.0,2183.91,2024-04-24
Clermont-Ferrand,63113,63000,Appartement,45.0,254150.0,5647.78,2024-04-15
Artonne,63012,63460,Maison,35.0,15000.0,428.57,2024-05-03
Thiers,63430,63300,Maison,65.0,110000.0,1692.31,2024-05-06
Lezoux,63195,63190,Maison,88.0,245050.0,2784.66,2024-05-13
Lezoux,63195,63190,Maison,88.0,245050.0,2784.66,2024-05-13
Malintrat,63204,63510,Maison,87.0,240000.0,2758.62,2024-04-15
Le Cendre,63069,63670,Maison,104.0,254570.0,2447.79,2024-05-02
Gerzat,63164,63360,Appartement,39.0,72000.0,1846.15,2024-05-02
Ambert,63003,63600,Maison,175.0,309800.0,1770.29,2024-04-18
Ambert,63003,63600,Maison,175.0,309800.0,1770.29,2024-04-18
Ambert,63003,63600,Maison,64.0,65000.0,1015.62,2024-04-17
Saint-Amant-Roche-Savine,63314,63890,Maison,112.0,40000.0,357.14,2024-05-07
Clermont-Ferrand,63113,63000,Appartement,33.0,48500.0,1469.7,2024-04-29
Aubière,63014,63170,Maison,84.0,179500.0,2136.9,2024-05-07
Chamalières,63075,63400,Appartement,105.0,305000.0,2904.76,2024-04-18
Chamalières,63075,63400,Appartement,49.0,305000.0,6224.49,2024-04-18
Clermont-Ferrand,63113,63000,Appartement,62.0,109700.0,1769.35,2024-05-03
Youx,63471,63700,Maison,40.0,50000.0,1250.0,2024-04-19
Youx,63471,63700,Maison,35.0,50000.0,1428.57,2024-04-19
Youx,63471,63700,Maison,44.0,50000.0,1136.36,2024-04-19
Clermont-Ferrand,63113,63100,Appartement,44.0,87870.0,1997.05,2024-04-26
La Bourboule,63047,63150,Maison,87.0,81000.0,931.03,2024-04-22
Clermont-Ferrand,63113,63100,Appartement,34.0,75280.0,2214.12,2024-05-03
Saint-Georges-sur-Allier,63350,63800,Maison,120.0,160000.0,1333.33,2024-04-19
Aubière,63014,63170,Maison,62.0,263000.0,4241.94,2024-04-19
Issoire,63178,63500,Appartement,113.0,66800.0,591.15,2024-04-27
Issoire,63178,63500,Maison,85.0,160000.0,1882.35,2024-04-26
Clermont-Ferrand,63113,63000,Appartement,82.0,170000.0,2073.17,2024-05-07
Combronde,63116,63460,Maison,97.0,310250.0,3198.45,2024-04-24
Herment,63175,63470,Appartement,73.0,72000.0,986.3,2024-04-24
Herment,63175,63470,Appartement,30.0,72000.0,2400.0,2024-04-24
Aulnat,63019,63510,Maison,65.0,50000.0,769.23,2024-04-18
Montmorin,63239,63160,Maison,36.0,33000.0,916.67,2024-04-30
Beaumont,63032,63110,Appartement,48.0,222000.0,4625.0,2024-04-29
Beaumont,63032,63110,Appartement,21.0,222000.0,10571.43,2024-04-29
Beaumont,63032,63110,Appartement,30.0,222000.0,7400.0,2024-04-29
Châteaugay,63099,63119,Maison,80.0,152446.0,1905.58,2024-04-29
Clermont-Ferrand,63113,63000,Maison,73.0,196550.0,2692.47,2024-04-29
Mont-Dore,63236,63240,Maison,95.0,313500.0,3300.0,2024-04-30
Riom,63300,63200,Appartement,64.0,109000.0,1703.12,2024-04-26
Riom,63300,63200,Maison,90.0,210622.0,2340.24,2024-04-25
Aubière,63014,63170,Appartement,31.0,280000.0,9032.26,2024-04-29
Aubière,63014,63170,Appartement,30.0,280000.0,9333.33,2024-04-29
Aubière,63014,63170,Appartement,78.0,280000.0,3589.74,2024-04-29
Clermont-Ferrand,63113,63000,Appartement,37.0,61305.0,1656.89,2024-04-29
Loubeyrat,63198,63410,Maison,97.0,223800.0,2307.22,2024-04-30
Loubeyrat,63198,63410,Maison,97.0,223800.0,2307.22,2024-04-30
Saint-Rémy-sur-Durolle,63393,63550,Maison,130.0,135000.0,1038.46,2024-04-30
La Monnerie-le-Montel,63231,63650,Appartement,85.0,80510.0,947.18,2024-05-07
La Monnerie-le-Montel,63231,63650,Appartement,99.0,80510.0,813.23,2024-05-07
La Monnerie-le-Montel,63231,63650,Appartement,99.0,80510.0,813.23,2024-05-07
Cébazat,63063,63118,Maison,82.0,244000.0,2975.61,2024-05-07
Clermont-Ferrand,63113,63000,Appartement,36.0,151160.0,4198.89,2024-04-26
Clermont-Ferrand,63113,63000,Appartement,54.0,151160.0,2799.26,2024-04-26
Cournon-d'Auvergne,63124,63800,Appartement,57.0,136000.0,2385.96,2024-04-19
Tallende,63425,63450,Maison,88.0,247560.0,2813.18,2024-04-25
Tallende,63425,63450,Maison,88.0,247560.0,2813.18,2024-04-25
Augerolles,63016,63930,Maison,110.0,150000.0,1363.64,2024-05-13
Doranges,63137,63220,Maison,60.0,54000.0,900.0,2024-04-26
Chastreix,63098,63680,Maison,73.0,219305.0,3004.18,2024-04-30
Chamalières,63075,63400,Appartement,70.0,163000.0,2328.57,2024-05-02
Clermont-Ferrand,63113,63000,Maison,102.0,480000.0,4705.88,2024-04-30
Chamalières,63075,63400,Appartement,14.0,37800.0,2700.0,2024-04-25
Cournon-d'Auvergne,63124,63800,Maison,90.0,75000.0,833.33,2024-05-02
Mont-Dore,63236,63240,Appartement,56.0,173000.0,3089.29,2024-04-30
Auzelles,63023,63590,Maison,150.0,130000.0,866.67,2024-04-29
Nonette-Orsonnette,63255,63340,Maison,53.0,90000.0,1698.11,2024-04-24
Nonette-Orsonnette,63255,63340,Maison,300.0,90000.0,300.0,2024-04-24
Saint-Germain-Lembron,63352,63340,Maison,117.0,278500.0,2380.34,2024-04-22
Saint-Germain-Lembron,63352,63340,Maison,117.0,278500.0,2380.34,2024-04-22
Besse-et-Saint-Anastaise,63038,63610,Appartement,35.0,96000.0,2742.86,2024-04-27
Clermont-Ferrand,63113,63100,Appartement,71.0,135900.0,1914.08,2024-04-23
Clermont-Ferrand,63113,63000,Appartement,30.0,110200.0,3673.33,2024-04-30
Clermont-Ferrand,63113,63000,Appartement,30.0,110200.0,3673.33,2024-04-30
Clermont-Ferrand,63113,63100,Appartement,78.0,155000.0,1987.18,2024-04-26
Chamalières,63075,63400,Appartement,72.0,190700.0,2648.61,2024-04-30
Riom,63300,63200,Appartement,45.0,179375.0,3986.11,2024-04-29
Riom,63300,63200,Appartement,58.0,179375.0,3092.67,2024-04-29
Riom,63300,63200,Appartement,40.0,179375.0,4484.38,2024-04-29
Clermont-Ferrand,63113,63000,Appartement,88.0,207350.0,2356.25,2024-05-02
Saint-Bonnet-le-Chastel,63324,63630,Maison,123.0,52392.09,425.95,2024-05-13
Églisolles,63147,63840,Maison,78.0,97000.0,1243.59,2024-04-30
Églisolles,63147,63840,Maison,78.0,97000.0,1243.59,2024-04-30
Riom,63300,63200,Appartement,46.0,158100.0,3436.96,2024-04-22
Riom,63300,63200,Appartement,51.0,158100.0,3100.0,2024-04-22
Riom,63300,63200,Maison,30.0,158100.0,5270.0,2024-04-22
Chamalières,63075,63400,Appartement,72.0,142000.0,1972.22,2024-04-30
Châtel-Guyon,63103,63140,Maison,240.0,410000.0,1708.33,2024-04-30
Saint-Genès-Champanelle,63345,63122,Maison,141.0,410000.0,2907.8,2024-04-25
Saint-Genès-Champanelle,63345,63122,Maison,141.0,410000.0,2907.8,2024-04-25
Plauzat,63282,63730,Maison,74.0,100000.0,1351.35,2024-05-02
Châteaugay,63099,63119,Appartement,66.0,58000.0,878.79,2024-04-30
Pont-du-Château,63284,63430,Maison,121.0,426000.0,3520.66,2024-04-26
Pont-du-Château,63284,63430,Maison,121.0,426000.0,3520.66,2024-04-26
Orcet,63262,63670,Maison,98.0,231000.0,2357.14,2024-04-29
Saint-André-le-Coq,63317,63310,Maison,70.0,99200.0,1417.14,2024-04-24
Mons,63232,63310,Maison,100.0,116012.71,1160.13,2024-05-03
Chabreloche,63072,63250,Maison,55.0,102450.0,1862.73,2024-04-25
Mozac,63245,63200,Maison,137.0,278750.0,2034.67,2024-04-24
Mozac,63245,63200,Maison,137.0,278750.0,2034.67,2024-04-24
Thiers,63430,63300,Maison,35.0,33000.0,942.86,2024-05-14
Thiers,63430,63300,Maison,102.0,33000.0,323.53,2024-05-14
Thiers,63430,63300,Maison,30.0,20000.0,666.67,2024-04-17
Issoire,63178,63500,Maison,77.0,213000.0,2766.23,2024-04-30
Saint-Éloy-les-Mines,63338,63700,Maison,90.0,99900.0,1110.0,2024-04-18
Riom,63300,63200,Appartement,80.0,126000.0,1575.0,2024-05-02
Clermont-Ferrand,63113,63100,Appartement,73.0,231740.0,3174.52,2024-04-25
Chamalières,63075,63400,Appartement,74.0,105000.0,1418.92,2024-04-24
Chamalières,63075,63400,Appartement,43.0,105000.0,2441.86,2024-04-24
Chamalières,63075,63400,Appartement,40.0,135250.0,3381.25,2024-05-03
Le Cheix,63108,63200,Maison,112.0,200000.0,1785.71,2024-04-25
Le Cheix,63108,63200,Maison,112.0,200000.0,1785.71,2024-04-25
Clermont-Ferrand,63113,63000,Appartement,55.0,104900.0,1907.27,2024-05-07
Riom,63300,63200,Maison,85.0,141500.0,1664.71,2024-04-26
Chamalières,63075,63400,Appartement,57.0,124000.0,2175.44,2024-04-25
Saint-Éloy-les-Mines,63338,63700,Maison,88.0,16000.0,181.82,2024-04-18
Saint-Éloy-les-Mines,63338,63700,Maison,88.0,16000.0,181.82,2024-04-18
Clermont-Ferrand,63113,63000,Maison,70.0,214000.0,3057.14,2024-05-07
Chanat-la-Mouteyre,63083,63530,Maison,116.0,333090.0,2871.47,2024-05-06
Chanat-la-Mouteyre,63083,63530,Maison,116.0,333090.0,2871.47,2024-05-06
Issoire,63178,63500,Appartement,51.0,114500.0,2245.1,2024-04-23
Volvic,63470,63530,Maison,143.0,232400.0,1625.17,2024-05-06
Clermont-Ferrand,63113,63000,Appartement,51.0,81000.0,1588.24,2024-04-30
Bromont-Lamothe,63055,63230,Maison,65.0,42000.0,646.15,2024-05-06
Perrier,63275,63500,Maison,69.0,165000.0,2391.3,2024-04-25
Clermont-Ferrand,63113,63000,Appartement,24.0,68750.0,2864.58,2024-04-30
Moissat,63229,63190,Maison,128.0,261250.0,2041.02,2024-05-13
Clermont-Ferrand,63113,63000,Maison,92.0,185700.0,2018.48,2024-05-07
Clermont-Ferrand,63113,63000,Appartement,49.0,143900.0,2936.73,2024-05-06
Combronde,63116,63460,Maison,89.0,206000.0,2314.61,2024-04-29
Saint-Sulpice,63399,63760,Maison,64.0,27500.0,429.69,2024-04-27
Tauves,63426,63690,Maison,106.0,169700.0,1600.94,2024-04-27
Châtel-Guyon,63103,63140,Maison,140.0,380500.0,2717.86,2024-04-22
Châteaugay,63099,63119,Maison,88.0,184000.0,2090.91,2024-05-02
Riom,63300,63200,Appartement,52.0,135000.0,2596.15,2024-05-02
Riom,63300,63200,Maison,104.0,154750.0,1487.98,2024-05-02
Bromont-Lamothe,63055,63230,Maison,74.0,21000.0,283.78,2024-04-30
Saint-Pierre-le-Chastel,63385,63230,Maison,121.0,234800.0,1940.5,2024-05-13
Clermont-Ferrand,63113,63000,Appartement,37.0,65000.0,1756.76,2024-04-24
Courpière,63125,63120,Appartement,50.0,30000.0,600.0,2024-04-26
Seychalles,63420,63190,Maison,90.0,252400.0,2804.44,2024-04-24
Tallende,63425,63450,Maison,83.0,157050.0,1892.17,2024-04-27
Heume-l'Église,63176,63210,Maison,90.0,20000.0,222.22,2024-05-07
Pérignat-sur-Allier,63273,63800,Maison,84.0,218550.0,2601.79,2024-04-26
Vernines,63451,63210,Maison,97.0,190000.0,1958.76,2024-04-29
Le Cendre,63069,63670,Maison,90.0,204486.0,2272.07,2024-04-30
Peschadoires,63276,63920,Maison,93.0,238100.0,2560.22,2024-05-06
Clermont-Ferrand,63113,63000,Appartement,81.0,190270.0,2349.01,2024-04-26
Chamalières,63075,63400,Appartement,66.0,220500.0,3340.91,2024-05-06
Tourzel-Ronzières,63435,63320,Maison,28.0,60450.0,2158.93,2024-05-07
Thiers,63430,63300,Maison,86.0,186400.0,2167.44,2024-05-02
Clermont-Ferrand,63113,63000,Appartement,20.0,49450.0,2472.5,2024-05-06
Cournon-d'Auvergne,63124,63800,Appartement,73.0,126700.0,1735.62,2024-05-07
Clermont-Ferrand,63113,63000,Appartement,75.0,150100.0,2001.33,2024-05-07
Cournon-d'Auvergne,63124,63800,Maison,93.0,223200.0,2400.0,2024-04-29
Cournon-d'Auvergne,63124,63800,Appartement,85.0,210900.0,2481.18,2024-05-06
Clermont-Ferrand,63113,63100,Appartement,77.0,113100.0,1468.83,2024-04-30
Clermont-Ferrand,63113,63000,Appartement,78.0,255000.0,3269.23,2024-04-24
Aulnat,63019,63510,Maison,30.0,30000.0,1000.0,2024-05-14
Courpière,63125,63120,Appartement,80.0,30000.0,375.0,2024-04-26
Saint-Nectaire,63380,63710,Appartement,55.0,160000.0,2909.09,2024-04-25
Saint-Nectaire,63380,63710,Appartement,55.0,160000.0,2909.09,2024-04-25
Saint-Nectaire,63380,63710,Appartement,17.0,160000.0,9411.76,2024-04-25
Maringues,63210,63350,Appartement,56.0,185500.0,3312.5,2024-04-24
Issoire,63178,63500,Appartement,65.0,94000.0,1446.15,2024-05-03
Thiolières,63431,63600,Maison,60.0,62099.41,1034.99,2024-05-15
Clermont-Ferrand,63113,63000,Appartement,57.0,92000.0,1614.04,2024-04-29
Romagnat,63307,63540,Maison,58.0,160000.0,2758.62,2024-04-29
Riom,63300,63200,Appartement,74.0,109093.0,1474.23,2024-05-02
Saint-Yvoine,63404,63500,Maison,123.0,371500.0,3020.33,2024-05-10
Saint-Yvoine,63404,63500,Maison,123.0,371500.0,3020.33,2024-05-10
Aydat,63026,63970,Maison,50.0,33000.0,660.0,2024-05-02
Youx,63471,63700,Maison,46.0,15000.0,326.09,2024-04-25
Clermont-Ferrand,63113,63000,Appartement,76.0,87000.0,1144.74,2024-05-02
Chappes,63089,63720,Maison,117.0,270250.0,2309.83,2024-05-03
Celles-sur-Durolle,63066,63250,Maison,168.0,88805.0,528.6,2024-05-14
Plauzat,63282,63730,Maison,137.0,279300.0,2038.69,2024-05-03
Saint-Germain-l'Herm,63353,63630,Maison,161.0,228000.0,1416.15,2024-05-14
Saint-Germain-l'Herm,63353,63630,Maison,161.0,228000.0,1416.15,2024-05-14
Charbonnier-les-Mines,63091,63340,Maison,110.0,261250.0,2375.0,2024-04-22
Chamalières,63075,63400,Appartement,60.0,152900.0,2548.33,2024-05-02
Romagnat,63307,63540,Maison,126.0,145000.0,1150.79,2024-04-30
Pont-du-Château,63284,63430,Maison,81.0,220500.0,2722.22,2024-05-03
Ceyrat,63070,63122,Maison,120.0,320000.0,2666.67,2024-04-29
Culhat,63131,63350,Maison,105.0,150350.0,1431.9,2024-05-13
Puy-Guillaume,63291,63290,Appartement,94.0,71000.0,755.32,2024-04-30
Puy-Guillaume,63291,63290,Appartement,63.0,71000.0,1126.98,2024-04-30
Puy-Guillaume,63291,63290,Appartement,82.0,71000.0,865.85,2024-04-30
La Bourboule,63047,63150,Appartement,33.0,65100.0,1972.73,2024-04-29
La Bourboule,63047,63150,Appartement,33.0,40000.0,1212.12,2024-04-29
Lempdes,63193,63370,Maison,103.0,223900.0,2173.79,2024-05-02
Lempdes,63193,63370,Maison,103.0,223900.0,2173.79,2024-05-02
Manglieu,63205,63270,Maison,66.0,53000.0,803.03,2024-04-30
Saint-Julien-la-Geneste,63369,63390,Maison,68.0,60000.0,882.35,2024-04-24
Saint-Gervais-d'Auvergne,63354,63390,Maison,70.0,70000.0,1000.0,2024-04-24
Saint-Romain,63394,63660,Maison,80.0,130000.0,1625.0,2024-05-02
Randan,63295,63310,Maison,137.0,198519.48,1449.05,2024-04-26
Saint-Georges-de-Mons,63349,63780,Maison,81.0,116200.0,1434.57,2024-04-30
Brassac-les-Mines,63050,63570,Maison,119.0,59000.0,495.8,2024-05-02
Beaulieu,63031,63570,Maison,72.0,79000.0,1097.22,2024-04-26
Brassac-les-Mines,63050,63570,Maison,151.0,211060.0,1397.75,2024-04-30
Brassac-les-Mines,63050,63570,Maison,151.0,211060.0,1397.75,2024-04-30
Artonne,63012,63460,Maison,124.0,67000.0,540.32,2024-05-07
Bourg-Lastic,63048,63760,Maison,52.0,35000.0,673.08,2024-04-30
Clermont-Ferrand,63113,63000,Appartement,94.0,117000.0,1244.68,2024-05-15
Saint-Hilaire,63360,63330,Maison,86.0,50000.0,581.4,2024-05-03
Lapeyrouse,63187,63700,Maison,78.0,183000.0,2346.15,2024-04-23
Lapeyrouse,63187,63700,Maison,78.0,183000.0,2346.15,2024-04-23
La Tour-d'Auvergne,63192,63680,Appartement,34.0,107500.0,3161.76,2024-05-02
La Tour-d'Auvergne,63192,63680,Appartement,31.0,107500.0,3467.74,2024-05-02
Limons,63196,63290,Maison,120.0,147600.0,1230.0,2024-05-03
Clermont-Ferrand,63113,63100,Appartement,27.0,92000.0,3407.41,2024-05-07
Clermont-Ferrand,63113,63100,Appartement,49.0,92000.0,1877.55,2024-05-07
Saint-Hilaire-la-Croix,63358,63440,Maison,39.0,15000.0,384.62,2024-04-25
Clermont-Ferrand,63113,63000,Maison,131.0,180000.0,1374.05,2024-04-30
Arlanc,63010,63220,Maison,105.0,140000.0,1333.33,2024-04-22
Thiers,63430,63300,Appartement,54.0,40000.0,740.74,2024-04-23
Échandelys,63142,63980,Maison,120.0,171300.0,1427.5,2024-05-06
Escoutoux,63151,63300,Maison,54.0,32000.0,592.59,2024-04-29
Clermont-Ferrand,63113,63000,Appartement,81.0,91000.0,1123.46,2024-05-06
Clermont-Ferrand,63113,63100,Appartement,85.0,225000.0,2647.06,2024-04-24
Prompsat,63288,63200,Maison,38.0,326060.0,8580.53,2024-04-25
Prompsat,63288,63200,Maison,120.0,326060.0,2717.17,2024-04-25
Saint-Saturnin,63396,63450,Maison,93.0,299777.0,3223.41,2024-05-17
Courpière,63125,63120,Appartement,72.0,140000.0,1944.44,2024-04-30
Courpière,63125,63120,Appartement,48.0,140000.0,2916.67,2024-04-30
Courpière,63125,63120,Appartement,56.0,140000.0,2500.0,2024-04-30
Courpière,63125,63120,Appartement,53.0,140000.0,2641.51,2024-04-30
Orcet,63262,63670,Maison,120.0,190000.0,1583.33,2024-05-15
Orcet,63262,63670,Maison,120.0,190000.0,1583.33,2024-05-15
Aydat,63026,63970,Maison,40.0,91040.0,2276.0,2024-05-06
Clermont-Ferrand,63113,63100,Appartement,66.0,115000.0,1742.42,2024-05-07
Clermont-Ferrand,63113,63000,Appartement,89.0,160682.0,1805.42,2024-05-17
Mont-Dore,63236,63240,Appartement,49.0,407768.0,8321.8,2024-05-02
Mont-Dore,63236,63240,Appartement,52.0,407768.0,7841.69,2024-05-02
Mont-Dore,63236,63240,Appartement,52.0,407768.0,7841.69,2024-05-02
Picherande,63279,63113,Maison,95.0,263250.0,2771.05,2024-05-03
Chamalières,63075,63400,Appartement,83.0,141000.0,1698.8,2024-05-13
Champétières,63081,63600,Maison,27.0,66500.0,2462.96,2024-05-14
Champétières,63081,63600,Maison,27.0,66500.0,2462.96,2024-05-14
Clermont-Ferrand,63113,63000,Appartement,50.0,136566.0,2731.32,2024-04-26
Clermont-Ferrand,63113,63000,Appartement,35.0,90000.0,2571.43,2024-04-26
Clermont-Ferrand,63113,63000,Appartement,35.0,90000.0,2571.43,2024-04-26
Ambert,63003,63600,Maison,58.0,54150.0,933.62,2024-04-30
Savennes,63416,63750,Maison,52.0,29000.0,557.69,2024-05-15
Savennes,63416,63750,Maison,40.0,29000.0,725.0,2024-05-15
Courpière,63125,63120,Appartement,50.0,26500.0,530.0,2024-05-13
Clermont-Ferrand,63113,63000,Appartement,33.0,65000.0,1969.7,2024-04-26
Clermont-Ferrand,63113,63000,Appartement,98.0,275660.0,2812.86,2024-04-29
Clermont-Ferrand,63113,63100,Maison,96.0,205000.0,2135.42,2024-04-30
Vic-le-Comte,63457,63270,Maison,60.0,85000.0,1416.67,2024-05-07
Valcivières,63441,63600,Maison,20.0,45000.0,2250.0,2024-05-17
Cournon-d'Auvergne,63124,63800,Maison,75.0,161000.0,2146.67,2024-05-03
Beaumont,63032,63110,Maison,91.0,201000.0,2208.79,2024-04-29
Clermont-Ferrand,63113,63100,Maison,75.0,73000.0,973.33,2024-05-03
Clermont-Ferrand,63113,63000,Maison,92.0,210000.0,2282.61,2024-05-03
Clermont-Ferrand,63113,63000,Maison,92.0,210000.0,2282.61,2024-05-03
Issoire,63178,63500,Maison,66.0,142100.0,2153.03,2024-05-07
Saint-Beauzire,63322,63360,Maison,116.0,127000.0,1094.83,2024-05-03
Saint-Beauzire,63322,63360,Maison,65.0,127000.0,1953.85,2024-05-03
Saint-Bonnet-le-Chastel,63324,63630,Maison,75.0,43700.0,582.67,2024-04-29
Aubière,63014,63170,Appartement,16.0,147995.0,9249.69,2024-05-03
Aubière,63014,63170,Appartement,18.0,147995.0,8221.94,2024-05-03
Aubière,63014,63170,Appartement,18.0,147995.0,8221.94,2024-05-03
Besse-et-Saint-Anastaise,63038,63610,Appartement,59.0,186000.0,3152.54,2024-04-30
Besse-et-Saint-Anastaise,63038,63610,Appartement,51.0,186000.0,3647.06,2024-04-30
Besse-et-Saint-Anastaise,63038,63610,Appartement,55.0,186000.0,3381.82,2024-04-30
Courpière,63125,63120,Maison,76.0,73000.0,960.53,2024-04-26
Gerzat,63164,63360,Appartement,31.0,98000.0,3161.29,2024-05-13
Gerzat,63164,63360,Appartement,62.0,98000.0,1580.65,2024-05-13
Clermont-Ferrand,63113,63100,Appartement,72.0,143500.0,1993.06,2024-05-17
Saint-Beauzire,63322,63360,Maison,110.0,395550.0,3595.91,2024-05-13
Cros,63129,63810,Maison,55.0,97000.0,1763.64,2024-04-29
Lempdes,63193,63370,Maison,100.0,270750.0,2707.5,2024-04-29
Chamalières,63075,63400,Appartement,76.0,123000.0,1618.42,2024-05-21
Clermont-Ferrand,63113,63000,Appartement,65.0,387339.0,5959.06,2024-04-26
Clermont-Ferrand,63113,63000,Appartement,22.0,387339.0,17606.32,2024-04-26
Clermont-Ferrand,63113,63000,Appartement,29.0,387339.0,13356.52,2024-04-26
Espinasse,63152,63390,Maison,73.0,30000.0,410.96,2024-05-02
Mozac,63245,63200,Maison,74.0,162500.0,2195.95,2024-05-07
Clermont-Ferrand,63113,63000,Appartement,19.0,35000.0,1842.11,2024-04-30
Champs,63082,63440,Maison,60.0,42900.0,715.0,2024-04-30
Arlanc,63010,63220,Maison,107.0,75000.0,700.93,2024-04-30
Clermont-Ferrand,63113,63100,Appartement,48.0,73000.0,1520.83,2024-04-29
Clermont-Ferrand,63113,63000,Appartement,50.0,59500.0,1190.0,2024-05-07
Clermont-Ferrand,63113,63000,Appartement,22.0,73700.0,3350.0,2024-05-15
Clermont-Ferrand,63113,63000,Appartement,80.0,130500.0,1631.25,2024-05-17
Aubière,63014,63170,Maison,99.0,370000.0,3737.37,2024-04-29
Clermont-Ferrand,63113,63000,Appartement,56.0,122000.0,2178.57,2024-05-17
Chamalières,63075,63400,Appartement,60.0,86500.0,1441.67,2024-04-30
Clermont-Ferrand,63113,63000,Appartement,133.0,274000.0,2060.15,2024-05-17
Clermont-Ferrand,63113,63000,Appartement,82.0,163646.0,1995.68,2024-05-17
Clermont-Ferrand,63113,63100,Maison,169.0,481900.0,2851.48,2024-05-06
Charensat,63094,63640,Maison,100.0,15000.0,150.0,2024-05-13
Clermont-Ferrand,63113,63100,Maison,96.0,310500.0,3234.38,2024-05-17
Châtel-Guyon,63103,63140,Appartement,85.0,134000.0,1576.47,2024-05-17
Châtel-Guyon,63103,63140,Appartement,29.0,134000.0,4620.69,2024-05-17
Châtel-Guyon,63103,63140,Appartement,63.0,134000.0,2126.98,2024-05-17
Blanzat,63042,63112,Maison,95.0,238700.0,2512.63,2024-05-02
Clermont-Ferrand,63113,63100,Appartement,67.0,100000.0,1492.54,2024-05-03
Clermont-Ferrand,63113,63000,Appartement,42.0,720940.0,17165.24,2024-04-29
Clermont-Ferrand,63113,63000,Appartement,34.0,720940.0,21204.12,2024-04-29
Clermont-Ferrand,63113,63000,Appartement,36.0,720940.0,20026.11,2024-04-29
Parent,63269,63270,Maison,94.0,130000.0,1382.98,2024-04-29
Miremont,63228,63380,Maison,69.0,214000.0,3101.45,2024-05-13
Miremont,63228,63380,Maison,69.0,214000.0,3101.45,2024-05-13
Miremont,63228,63380,Maison,69.0,214000.0,3101.45,2024-05-13
Miremont,63228,63380,Maison,69.0,214000.0,3101.45,2024-05-13
Clermont-Ferrand,63113,63000,Maison,70.0,127000.0,1814.29,2024-05-13
Messeix,63225,63750,Appartement,56.0,74000.0,1321.43,2024-05-02
Aubusson-d'Auvergne,63015,63120,Maison,80.0,25000.0,312.5,2024-05-07
Clermont-Ferrand,63113,63000,Appartement,84.0,105000.0,1250.0,2024-05-07
Clermont-Ferrand,63113,63000,Appartement,45.0,105000.0,2333.33,2024-05-07
Ambert,63003,63600,Maison,86.0,169600.0,1972.09,2024-05-02
Issoire,63178,63500,Appartement,38.0,67000.0,1763.16,2024-05-15
Issoire,63178,63500,Maison,65.0,64442.0,991.42,2024-05-15
Clermont-Ferrand,63113,63000,Appartement,26.0,79000.0,3038.46,2024-04-29
Clermont-Ferrand,63113,63100,Maison,88.0,297000.0,3375.0,2024-05-17
Clermont-Ferrand,63113,63000,Appartement,69.0,208600.0,3023.19,2024-04-30
Clermont-Ferrand,63113,63100,Maison,92.0,183600.0,1995.65,2024-05-13
Chamalières,63075,63400,Appartement,67.0,133400.0,1991.04,2024-04-30
Riom,63300,63200,Maison,88.0,235500.0,2676.14,2024-05-07
Clermont-Ferrand,63113,63100,Appartement,42.0,124900.0,2973.81,2024-04-30
Clermont-Ferrand,63113,63100,Appartement,42.0,124900.0,2973.81,2024-04-30
Aulnat,63019,63510,Maison,95.0,170900.0,1798.95,2024-05-15
Châtel-Guyon,63103,63140,Maison,96.0,154589.0,1610.3,2024-05-17
Châtel-Guyon,63103,63140,Maison,96.0,154589.0,1610.3,2024-05-17
Varennes-sur-Morge,63443,63720,Maison,79.0,230000.0,2911.39,2024-05-21
Pont-du-Château,63284,63430,Maison,53.0,136700.0,2579.25,2024-04-30
Anzat-le-Luguet,63006,63420,Maison,72.0,45000.0,625.0,2024-05-13
Néronde-sur-Dore,63249,63120,Maison,108.0,162950.0,1508.8,2024-04-25
Olmet,63260,63880,Maison,38.0,42500.0,1118.42,2024-04-25
Dorat,63138,63300,Maison,96.0,132500.0,1380.21,2024-04-25
Bussières-et-Pruns,63061,63260,Maison,66.0,43900.0,665.15,2024-05-15
Clermont-Ferrand,63113,63000,Appartement,91.0,115000.0,1263.74,2024-05-15
Le Cendre,63069,63670,Appartement,71.0,125040.0,1761.13,2024-05-02
Pont-du-Château,63284,63430,Maison,89.0,337350.0,3790.45,2024-04-30
Cunlhat,63132,63590,Maison,45.0,100000.0,2222.22,2024-04-26
Clermont-Ferrand,63113,63100,Appartement,73.0,112700.0,1543.84,2024-04-30
Champeix,63080,63320,Maison,129.0,336900.0,2611.63,2024-05-03
Clermont-Ferrand,63113,63100,Maison,156.0,355000.0,2275.64,2024-05-17
Saint-Rémy-de-Chargnat,63392,63500,Maison,140.0,122550.0,875.36,2024-05-16
Les Martres-d'Artière,63213,63430,Maison,28.0,27850.0,994.64,2024-05-13
Moissat,63229,63190,Maison,60.0,65000.0,1083.33,2024-02-16
Ayat-sur-Sioule,63025,63390,Maison,70.0,87250.0,1246.43,2024-05-03
Manzat,63206,63410,Maison,110.0,114000.0,1036.36,2024-05-06
Roche-d'Agoux,63304,63330,Maison,100.0,146230.0,1462.3,2024-05-15
Saint-Éloy-les-Mines,63338,63700,Maison,80.0,60000.0,750.0,2024-04-23
Saint-Éloy-les-Mines,63338,63700,Appartement,48.0,60000.0,1250.0,2024-04-23
Murol,63247,63790,Maison,20.0,37100.0,1855.0,2024-05-07
Issoire,63178,63500,Maison,65.0,114000.0,1753.85,2024-05-14
Saint-Nectaire,63380,63710,Appartement,43.0,60300.0,1402.33,2024-05-16
Clermont-Ferrand,63113,63100,Appartement,47.0,102000.0,2170.21,2024-04-29
Beaumont,63032,63110,Appartement,59.0,131000.0,2220.34,2024-05-17
Mayres,63218,63220,Maison,140.0,79000.0,564.29,2024-05-14
Mayres,63218,63220,Maison,140.0,79000.0,564.29,2024-05-14
Paslières,63271,63290,Maison,95.0,120000.0,1263.16,2024-04-29
Orcines,63263,63870,Maison,60.0,214300.0,3571.67,2024-05-13
Beauregard-l'Évêque,63034,63116,Maison,71.0,125000.0,1760.56,2024-04-05
La Bourboule,63047,63150,Maison,87.0,88000.0,1011.49,2024-05-13
Clermont-Ferrand,63113,63000,Appartement,41.0,70000.0,1707.32,2024-05-16
Vergheas,63447,63330,Maison,154.0,76100.0,494.16,2024-05-03
Thiers,63430,63300,Maison,54.0,67000.0,1240.74,2024-05-16
Thiers,63430,63300,Maison,27.0,67000.0,2481.48,2024-05-16
Coudes,63121,63114,Maison,64.0,114100.0,1782.81,2024-05-10
Volvic,63470,63530,Maison,60.0,132100.0,2201.67,2024-05-07
Clermont-Ferrand,63113,63100,Appartement,39.0,88000.0,2256.41,2024-05-14
Clermont-Ferrand,63113,63000,Appartement,51.0,80000.0,1568.63,2024-05-16
Clermont-Ferrand,63113,63000,Appartement,128.0,251000.0,1960.94,2024-05-02
Mont-Dore,63236,63240,Appartement,25.0,79140.0,3165.6,2024-05-04
Pérignat-lès-Sarliève,63272,63170,Maison,62.0,145000.0,2338.71,2024-05-13
Clermont-Ferrand,63113,63000,Appartement,30.0,407300.0,13576.67,2024-05-13
Clermont-Ferrand,63113,63000,Appartement,35.0,407300.0,11637.14,2024-05-13
Clermont-Ferrand,63113,63000,Appartement,28.0,407300.0,14546.43,2024-05-13
Clermont-Ferrand,63113,63000,Appartement,30.0,407300.0,13576.67,2024-05-13
Clermont-Ferrand,63113,63000,Appartement,30.0,407300.0,13576.67,2024-05-13
Clermont-Ferrand,63113,63000,Appartement,35.0,407300.0,11637.14,2024-05-13
Mozac,63245,63200,Maison,78.0,148200.0,1900.0,2024-05-15
Augerolles,63016,63930,Maison,92.0,125000.0,1358.7,2024-05-15
Augerolles,63016,63930,Maison,92.0,125000.0,1358.7,2024-05-15
Moriat,63242,63340,Maison,110.0,200700.0,1824.55,2024-05-07
Moriat,63242,63340,Maison,110.0,200700.0,1824.55,2024-05-07
Augnat,63017,63340,Appartement,103.0,120000.0,1165.05,2024-05-06
Augnat,63017,63340,Appartement,70.0,120000.0,1714.29,2024-05-06
Augnat,63017,63340,Maison,18.0,120000.0,6666.67,2024-05-06
Clermont-Ferrand,63113,63000,Appartement,22.0,53000.0,2409.09,2024-05-17
Clermont-Ferrand,63113,63000,Maison,126.0,340000.0,2698.41,2024-05-17
Bansat,63029,63570,Maison,133.0,267015.0,2007.63,2024-05-21
Saint-Éloy-les-Mines,63338,63700,Appartement,50.0,27000.0,540.0,2024-05-17
Saint-Éloy-les-Mines,63338,63700,Appartement,50.0,27000.0,540.0,2024-05-17
Orbeil,63261,63500,Maison,130.0,145000.0,1115.38,2024-05-21
Issoire,63178,63500,Maison,223.0,487500.0,2186.1,2024-05-21
Issoire,63178,63500,Maison,24.0,487500.0,20312.5,2024-05-21
Issoire,63178,63500,Maison,223.0,487500.0,2186.1,2024-05-21
Issoire,63178,63500,Maison,24.0,487500.0,20312.5,2024-05-21
Clermont-Ferrand,63113,63000,Appartement,90.0,271000.0,3011.11,2024-05-21
Jumeaux,63182,63570,Maison,242.0,120000.0,495.87,2024-05-17
Malintrat,63204,63510,Maison,110.0,230000.0,2090.91,2024-05-03
Malintrat,63204,63510,Maison,110.0,230000.0,2090.91,2024-05-03
Sayat,63417,63530,Appartement,65.0,164500.0,2530.77,2024-05-03
Saint-Éloy-les-Mines,63338,63700,Maison,87.0,100000.0,1149.43,2024-05-15
Romagnat,63307,63540,Maison,113.0,328800.0,2909.73,2024-04-29
Ambert,63003,63600,Appartement,28.0,75000.0,2678.57,2024-04-29
Trémouille-Saint-Loup,63437,63810,Maison,144.0,105000.0,729.17,2024-04-26
Saint-Nectaire,63380,63710,Maison,52.0,118500.0,2278.85,2024-05-23
Les Ancizes-Comps,63004,63770,Maison,87.0,128800.0,1480.46,2024-05-16
Les Ancizes-Comps,63004,63770,Maison,87.0,128800.0,1480.46,2024-05-16
Châteldon,63102,63290,Maison,79.0,55000.0,696.2,2024-04-30
Saint-Georges-de-Mons,63349,63780,Maison,106.0,161700.0,1525.47,2024-05-16
Domaize,63136,63520,Maison,73.0,35000.0,479.45,2024-05-03
Pulvérières,63290,63230,Maison,105.0,40000.0,380.95,2024-05-16
Saint-Nectaire,63380,63710,Maison,200.0,20000.0,100.0,2024-05-21
Saint-Nectaire,63380,63710,Maison,200.0,20000.0,100.0,2024-05-21
Chamalières,63075,63400,Appartement,67.0,177000.0,2641.79,2024-05-22
Saint-Sylvestre-Pragoulin,63400,63310,Maison,90.0,130000.0,1444.44,2024-05-16
Clermont-Ferrand,63113,63100,Appartement,56.0,110500.0,1973.21,2024-05-02
Chamalières,63075,63400,Appartement,96.0,303050.0,3156.77,2024-05-03
Riom,63300,63200,Maison,83.0,235000.0,2831.33,2024-05-03
Tallende,63425,63450,Maison,130.0,45500.0,350.0,2024-05-22
Lempdes,63193,63370,Maison,84.0,166822.0,1985.98,2024-05-07
Lezoux,63195,63190,Appartement,41.0,171100.0,4173.17,2024-05-22
Lezoux,63195,63190,Appartement,85.0,171100.0,2012.94,2024-05-22
Lezoux,63195,63190,Appartement,41.0,171100.0,4173.17,2024-05-22
Lezoux,63195,63190,Appartement,85.0,171100.0,2012.94,2024-05-22
Lezoux,63195,63190,Appartement,41.0,171100.0,4173.17,2024-05-22
Lezoux,63195,63190,Appartement,85.0,171100.0,2012.94,2024-05-22
Châtel-Guyon,63103,63140,Appartement,20.0,66484.74,3324.24,2024-05-07
Romagnat,63307,63540,Appartement,87.0,151000.0,1735.63,2024-05-13
Clermont-Ferrand,63113,63100,Appartement,35.0,219000.0,6257.14,2024-05-22
Clermont-Ferrand,63113,63100,Appartement,35.0,219000.0,6257.14,2024-05-22
Saint-Beauzire,63322,63360,Maison,132.0,230000.0,1742.42,2024-05-17
Clermont-Ferrand,63113,63000,Appartement,40.0,129200.0,3230.0,2024-05-06
Chamalières,63075,63400,Appartement,75.0,188100.0,2508.0,2024-05-24
Clermont-Ferrand,63113,63000,Appartement,93.0,105000.0,1129.03,2024-05-22
Clermont-Ferrand,63113,63100,Appartement,55.0,121600.0,2210.91,2024-05-14
Martres-sur-Morge,63215,63720,Maison,90.0,190460.0,2116.22,2024-05-02
Pionsat,63281,63330,Maison,100.0,43500.0,435.0,2024-04-05
Clermont-Ferrand,63113,63000,Maison,73.0,200000.0,2739.73,2024-05-15
Clermont-Ferrand,63113,63000,Appartement,68.0,230000.0,3382.35,2024-05-02
Châteaugay,63099,63119,Maison,153.0,434300.0,2838.56,2024-05-07
Beaumont,63032,63110,Maison,86.0,285000.0,3313.95,2024-05-06
Clermont-Ferrand,63113,63100,Maison,89.0,234630.0,2636.29,2024-05-06
Clermont-Ferrand,63113,63000,Appartement,143.0,230000.0,1608.39,2024-05-06
Saillant,63309,63840,Appartement,114.0,95000.0,833.33,2024-05-15
Cournon-d'Auvergne,63124,63800,Maison,86.0,173200.0,2013.95,2024-05-07
Cournon-d'Auvergne,63124,63800,Maison,75.0,158000.0,2106.67,2024-05-10
Cournon-d'Auvergne,63124,63800,Maison,84.0,248000.0,2952.38,2024-05-17
Mayres,63218,63220,Maison,84.0,20000.0,238.1,2024-05-15
Issoire,63178,63500,Appartement,52.0,59000.0,1134.62,2024-05-03
Clermont-Ferrand,63113,63000,Appartement,94.0,274000.0,2914.89,2024-05-21
Clermont-Ferrand,63113,63000,Appartement,101.0,185000.0,1831.68,2024-05-07
Ménétrol,63224,63200,Maison,120.0,162250.0,1352.08,2024-05-10
Ménétrol,63224,63200,Maison,120.0,162250.0,1352.08,2024-05-10
Clermont-Ferrand,63113,63000,Maison,22.0,50000.0,2272.73,2024-05-21
Clermont-Ferrand,63113,63000,Appartement,40.0,62500.0,1562.5,2024-04-29
Clermont-Ferrand,63113,63000,Appartement,15.0,35000.0,2333.33,2024-05-17
Palladuc,63267,63550,Maison,140.0,319400.0,2281.43,2024-05-15
Palladuc,63267,63550,Maison,140.0,319400.0,2281.43,2024-05-15
Riom,63300,63200,Maison,126.0,363400.0,2884.13,2024-05-17
Issoire,63178,63500,Maison,65.0,133500.0,2053.85,2024-05-17
Chambon-sur-Lac,63077,63790,Maison,44.0,86500.0,1965.91,2024-05-13
Chamalières,63075,63400,Appartement,89.0,262000.0,2943.82,2024-05-21
Chamalières,63075,63400,Appartement,53.0,138000.0,2603.77,2024-05-14
Riom,63300,63200,Maison,84.0,173000.0,2059.52,2024-05-22
Riom,63300,63200,Maison,84.0,173000.0,2059.52,2024-05-22
Le Vernet-Chaméane,63448,63580,Maison,139.0,146700.0,1055.4,2024-05-14
Clermont-Ferrand,63113,63000,Maison,72.0,160000.0,2222.22,2024-05-02
Cournon-d'Auvergne,63124,63800,Appartement,57.0,142800.0,2505.26,2024-05-24
Les Martres-d'Artière,63213,63430,Maison,146.0,389500.0,2667.81,2024-05-24
Clermont-Ferrand,63113,63100,Maison,80.0,163100.0,2038.75,2024-05-27
Clermont-Ferrand,63113,63100,Appartement,44.0,112500.0,2556.82,2024-05-13
Thiers,63430,63300,Appartement,27.0,29259.0,1083.67,2024-05-15
Clermont-Ferrand,63113,63000,Appartement,23.0,40000.0,1739.13,2024-05-14
Vertaizon,63453,63910,Maison,88.0,222000.0,2522.73,2024-04-16
Volvic,63470,63530,Maison,76.0,54500.0,717.11,2024-05-14
Cros,63129,63810,Maison,60.0,104990.0,1749.83,2024-05-14
Clermont-Ferrand,63113,63000,Appartement,34.0,53800.0,1582.35,2024-05-17
Riom,63300,63200,Maison,90.0,174400.0,1937.78,2024-05-16
Cournon-d'Auvergne,63124,63800,Maison,88.0,205000.0,2329.55,2024-05-21
Pont-du-Château,63284,63430,Maison,81.0,238800.0,2948.15,2024-05-24
Palladuc,63267,63550,Maison,60.0,24000.0,400.0,2024-05-03
Ennezat,63148,63720,Maison,112.0,251800.0,2248.21,2024-05-23
Clermont-Ferrand,63113,63000,Appartement,85.0,340000.0,4000.0,2024-05-13
Clermont-Ferrand,63113,63000,Appartement,85.0,340000.0,4000.0,2024-05-13
Vollore-Montagne,63468,63120,Maison,80.0,43000.0,537.5,2024-05-24
Clermont-Ferrand,63113,63000,Appartement,55.0,89300.0,1623.64,2024-05-23
Servant,63419,63560,Maison,82.0,65000.0,792.68,2024-05-06
Servant,63419,63560,Maison,82.0,65000.0,792.68,2024-05-06
Chamalières,63075,63400,Appartement,20.0,220000.0,11000.0,2024-05-17
Chamalières,63075,63400,Appartement,20.0,220000.0,11000.0,2024-05-17
Gerzat,63164,63360,Maison,129.0,202100.0,1566.67,2024-05-03
Combronde,63116,63460,Maison,113.0,159380.0,1410.44,2024-05-16
Clermont-Ferrand,63113,63000,Appartement,40.0,162500.0,4062.5,2024-05-15
Clermont-Ferrand,63113,63000,Appartement,40.0,162500.0,4062.5,2024-05-15
Le Cheix,63108,63200,Maison,76.0,182500.0,2401.32,2024-05-24
Clermont-Ferrand,63113,63100,Appartement,69.0,171000.0,2478.26,2024-05-21
Ceyrat,63070,63122,Maison,142.0,563450.0,3967.96,2024-05-17
Chamalières,63075,63400,Appartement,60.0,138500.0,2308.33,2024-05-29
Clermont-Ferrand,63113,63000,Appartement,50.0,116600.0,2332.0,2024-05-15
Cébazat,63063,63118,Maison,115.0,210000.0,1826.09,2024-04-30
Clermont-Ferrand,63113,63000,Appartement,95.0,300000.0,3157.89,2024-05-07
Clermont-Ferrand,63113,63000,Appartement,79.0,135000.0,1708.86,2024-05-15
Gerzat,63164,63360,Maison,78.0,172000.0,2205.13,2024-05-15
Clermont-Ferrand,63113,63000,Appartement,82.0,214000.0,2609.76,2024-05-13
Le Cendre,63069,63670,Maison,135.0,152000.0,1125.93,2024-05-24
Le Cendre,63069,63670,Maison,135.0,152000.0,1125.93,2024-05-24
Espirat,63154,63160,Maison,130.0,267000.0,2053.85,2024-05-15
Riom,63300,63200,Appartement,45.0,76000.0,1688.89,2024-05-27
Clermont-Ferrand,63113,63000,Appartement,55.0,138600.0,2520.0,2024-05-29
Issoire,63178,63500,Appartement,63.0,76000.0,1206.35,2024-05-14
Royat,63308,63130,Appartement,29.0,67120.0,2314.48,2024-05-02
Royat,63308,63130,Maison,168.0,500700.0,2980.36,2024-05-24
Romagnat,63307,63540,Maison,52.0,59500.0,1144.23,2024-05-24
Laps,63188,63270,Maison,116.0,125000.0,1077.59,2024-05-16
La Roche-Noire,63306,63800,Maison,83.0,173970.0,2096.02,2024-05-22
Le Crest,63126,63450,Maison,80.0,90000.0,1125.0,2024-05-17
Volvic,63470,63530,Maison,150.0,133400.0,889.33,2024-05-15
Cébazat,63063,63118,Maison,100.0,250000.0,2500.0,2024-05-28
Marsat,63212,63200,Maison,44.0,55000.0,1250.0,2024-05-22
Besse-et-Saint-Anastaise,63038,63610,Appartement,33.0,71880.0,2178.18,2024-05-17
Lezoux,63195,63190,Maison,28.0,45000.0,1607.14,2024-05-24
Lezoux,63195,63190,Maison,55.0,45000.0,818.18,2024-05-24
Brassac-les-Mines,63050,63570,Maison,65.0,139000.0,2138.46,2024-05-16
Aigueperse,63001,63260,Maison,80.0,93000.0,1162.5,2024-05-21
Chamalières,63075,63400,Appartement,75.0,215000.0,2866.67,2024-05-15
Clermont-Ferrand,63113,63000,Maison,44.0,140000.0,3181.82,2024-05-02
Ambert,63003,63600,Maison,71.0,210000.0,2957.75,2024-05-24
Ambert,63003,63600,Maison,71.0,210000.0,2957.75,2024-05-24
Cournon-d'Auvergne,63124,63800,Maison,73.0,206000.0,2821.92,2024-05-07
Davayat,63135,63200,Maison,135.0,178100.0,1319.26,2024-05-16
Lapeyrouse,63187,63700,Maison,81.0,90000.0,1111.11,2024-05-06
Lapeyrouse,63187,63700,Maison,81.0,90000.0,1111.11,2024-05-06
Lapeyrouse,63187,63700,Maison,81.0,90000.0,1111.11,2024-05-06
Lapeyrouse,63187,63700,Maison,81.0,90000.0,1111.11,2024-05-06
Murol,63247,63790,Appartement,36.0,62000.0,1722.22,2024-05-14
Sainte-Christine,63329,63390,Maison,91.0,232100.0,2550.55,2024-05-13
Sainte-Christine,63329,63390,Maison,91.0,232100.0,2550.55,2024-05-13
Sainte-Christine,63329,63390,Maison,91.0,232100.0,2550.55,2024-05-13
Cournon-d'Auvergne,63124,63800,Appartement,40.0,110000.0,2750.0,2024-05-03
Auzat-la-Combelle,63022,63570,Maison,82.0,131900.0,1608.54,2024-04-29
Auzat-la-Combelle,63022,63570,Maison,82.0,131900.0,1608.54,2024-04-29
Cunlhat,63132,63590,Maison,60.0,128400.0,2140.0,2024-05-11
Valz-sous-Châteauneuf,63442,63580,Maison,132.0,120850.0,915.53,2024-05-15
Ceyssat,63071,63210,Maison,75.0,100000.0,1333.33,2024-05-24
Ceyssat,63071,63210,Maison,75.0,100000.0,1333.33,2024-05-24
Ambert,63003,63600,Maison,52.0,65000.0,1250.0,2024-05-07
Ambert,63003,63600,Maison,52.0,65000.0,1250.0,2024-05-07
Clermont-Ferrand,63113,63000,Appartement,71.0,144000.0,2028.17,2024-05-21
Aubière,63014,63170,Maison,104.0,334800.0,3219.23,2024-05-24
Clermont-Ferrand,63113,63000,Maison,73.0,175000.0,2397.26,2024-05-27
Verneugheol,63450,63470,Maison,116.0,119035.0,1026.16,2024-05-23
Dore-l'Église,63139,63220,Maison,72.0,20600.0,286.11,2024-05-14
Puy-Guillaume,63291,63290,Maison,197.0,268000.0,1360.41,2024-05-28
Puy-Guillaume,63291,63290,Maison,197.0,268000.0,1360.41,2024-05-28
Clermont-Ferrand,63113,63000,Appartement,38.0,126350.0,3325.0,2024-05-25
Paslières,63271,63290,Maison,24.0,395000.0,16458.33,2024-04-29
Paslières,63271,63290,Maison,122.0,395000.0,3237.7,2024-04-29
Orcet,63262,63670,Maison,40.0,30000.0,750.0,2024-05-16
Saint-Priest-Bramefant,63387,63310,Maison,95.0,156000.0,1642.11,2024-05-23
Royat,63308,63130,Appartement,32.0,43750.0,1367.19,2024-05-21
Gerzat,63164,63360,Maison,78.0,205500.0,2634.62,2024-05-27
Giat,63165,63620,Maison,35.0,13000.0,371.43,2024-05-15
Giat,63165,63620,Maison,80.0,13000.0,162.5,2024-05-15
Montaigut,63233,63700,Maison,90.0,67000.0,744.44,2024-05-03
Clermont-Ferrand,63113,63000,Appartement,37.0,100000.0,2702.7,2024-05-21
Thiers,63430,63300,Maison,123.0,236000.0,1918.7,2024-05-23
Thiers,63430,63300,Maison,123.0,236000.0,1918.7,2024-05-23
La Bourboule,63047,63150,Appartement,30.0,51260.0,1708.67,2024-05-14
Neuville,63252,63160,Maison,136.0,229300.0,1686.03,2024-05-04
Neuville,63252,63160,Maison,136.0,229300.0,1686.03,2024-05-04
Thiers,63430,63300,Maison,189.0,43750.0,231.48,2024-05-14
Thiers,63430,63300,Maison,189.0,43750.0,231.48,2024-05-14
Beaumont,63032,63110,Appartement,68.0,157100.0,2310.29,2024-04-30
Bussières-et-Pruns,63061,63260,Maison,58.0,65000.0,1120.69,2024-05-15
Mayres,63218,63220,Maison,80.0,100000.0,1250.0,2024-05-21
Mayres,63218,63220,Maison,80.0,100000.0,1250.0,2024-05-21
Lapeyrouse,63187,63700,Maison,116.0,63000.0,543.1,2024-05-15
Clermont-Ferrand,63113,63000,Appartement,31.0,240000.0,7741.94,2024-05-16
Clermont-Ferrand,63113,63000,Appartement,35.0,240000.0,6857.14,2024-05-16
Clermont-Ferrand,63113,63000,Appartement,34.0,240000.0,7058.82,2024-05-16
Clermont-Ferrand,63113,63000,Appartement,76.0,240000.0,3157.89,2024-05-16
Clermont-Ferrand,63113,63000,Appartement,36.0,240000.0,6666.67,2024-05-16
Pont-du-Château,63284,63430,Maison,88.0,118550.0,1347.16,2024-05-23
Clermont-Ferrand,63113,63100,Maison,83.0,160000.0,1927.71,2024-01-31
Randan,63295,63310,Maison,70.0,76800.0,1097.14,2024-05-10
Randan,63295,63310,Maison,82.0,33000.0,402.44,2024-05-27
Saint-Priest-Bramefant,63387,63310,Maison,144.0,255000.0,1770.83,2024-05-03
Saint-Priest-Bramefant,63387,63310,Maison,144.0,255000.0,1770.83,2024-05-03
La Roche-Noire,63306,63800,Maison,141.0,355000.0,2517.73,2024-05-15
Issoire,63178,63500,Appartement,21.0,46720.0,2224.76,2024-05-16
Artonne,63012,63460,Maison,140.0,314400.0,2245.71,2024-05-22
Clermont-Ferrand,63113,63000,Appartement,70.0,95600.0,1365.71,2024-05-22
Auzat-la-Combelle,63022,63570,Maison,42.0,45000.0,1071.43,2024-05-21
Chamalières,63075,63400,Appartement,105.0,217328.0,2069.79,2024-05-23
Saint-Georges-sur-Allier,63350,63800,Maison,62.0,164600.0,2654.84,2024-05-24
Clermont-Ferrand,63113,63000,Appartement,56.0,86000.0,1535.71,2024-05-22
Sauvagnat-Sainte-Marthe,63411,63500,Maison,152.0,113400.0,746.05,2024-05-24
Pontaumur,63283,63380,Maison,56.0,40050.0,715.18,2024-05-28
Viscomtat,63463,63250,Maison,67.0,15000.0,223.88,2024-05-21
Clermont-Ferrand,63113,63000,Appartement,70.0,901000.0,12871.43,2024-05-28
Clermont-Ferrand,63113,63000,Appartement,78.0,901000.0,11551.28,2024-05-28
Clermont-Ferrand,63113,63000,Appartement,60.0,901000.0,15016.67,2024-05-28
Clermont-Ferrand,63113,63000,Appartement,96.0,901000.0,9385.42,2024-05-28
Gerzat,63164,63360,Appartement,54.0,104900.0,1942.59,2024-05-27
Saint-Just,63371,63600,Maison,75.0,10000.0,133.33,2024-05-15
Ambert,63003,63600,Maison,82.0,150000.0,1829.27,2024-05-16
Joze,63180,63350,Maison,136.0,361000.0,2654.41,2024-05-13
Joze,63180,63350,Maison,136.0,361000.0,2654.41,2024-05-13
Billom,63040,63160,Maison,61.0,64600.0,1059.02,2024-05-24
Coudes,63121,63114,Maison,76.0,103000.0,1355.26,2024-05-14
Ambert,63003,63600,Appartement,95.0,140000.0,1473.68,2024-04-30
Peschadoires,63276,63920,Maison,60.0,30000.0,500.0,2024-05-06
Saint-Éloy-les-Mines,63338,63700,Maison,140.0,190000.0,1357.14,2024-05-17
Saint-Éloy-les-Mines,63338,63700,Maison,140.0,190000.0,1357.14,2024-05-17
Clermont-Ferrand,63113,63000,Appartement,19.0,50000.0,2631.58,2024-05-29
La Bourboule,63047,63150,Appartement,25.0,62740.0,2509.6,2024-05-17
Saint-Myon,63379,63460,Maison,80.0,194000.0,2425.0,2024-05-22
Saint-Julien-de-Coppel,63368,63160,Maison,77.0,162000.0,2103.9,2024-05-23
Billom,63040,63160,Maison,381.0,430000.0,1128.61,2024-05-29
Clermont-Ferrand,63113,63000,Appartement,40.0,133190.0,3329.75,2024-05-15
Thiers,63430,63300,Maison,101.0,71000.0,702.97,2024-05-27
Thiers,63430,63300,Maison,101.0,71000.0,702.97,2024-05-27
La Chapelle-Agnon,63086,63590,Maison,90.0,86000.0,955.56,2024-05-18
Ambert,63003,63600,Maison,90.0,130000.0,1444.44,2024-05-16
Clermont-Ferrand,63113,63100,Appartement,120.0,1066000.0,8883.33,2024-05-14
Riom,63300,63200,Maison,83.0,120000.0,1445.78,2024-05-24
Clermont-Ferrand,63113,63000,Appartement,39.0,65000.0,1666.67,2024-05-23
Issoire,63178,63500,Maison,90.0,73000.0,811.11,2024-05-24
Pont-du-Château,63284,63430,Maison,140.0,411000.0,2935.71,2024-05-13
Pont-du-Château,63284,63430,Maison,140.0,411000.0,2935.71,2024-05-13
Clermont-Ferrand,63113,63000,Appartement,38.0,130787.0,3441.76,2024-05-16
Ceyrat,63070,63122,Maison,95.0,110000.0,1157.89,2024-05-16
Saint-Genès-Champanelle,63345,63122,Maison,63.0,190500.0,3023.81,2024-05-14
Clermont-Ferrand,63113,63100,Appartement,94.0,190900.0,2030.85,2024-05-17
Clermont-Ferrand,63113,63000,Appartement,29.0,66000.0,2275.86,2024-05-17
Clermont-Ferrand,63113,63000,Appartement,30.0,72000.0,2400.0,2024-05-29
Clermont-Ferrand,63113,63000,Appartement,47.0,83000.0,1765.96,2024-05-21
Chamalières,63075,63400,Appartement,43.0,40000.0,930.23,2024-05-22
Chamalières,63075,63400,Appartement,48.0,40000.0,833.33,2024-05-22
Courpière,63125,63120,Maison,87.0,143000.0,1643.68,2024-05-17
Clermont-Ferrand,63113,63100,Appartement,99.0,95035.0,959.95,2024-05-22
Beaumont,63032,63110,Appartement,20.0,64000.0,3200.0,2024-05-22
Cournon-d'Auvergne,63124,63800,Maison,93.0,239900.0,2579.57,2024-05-24
Royat,63308,63130,Maison,80.0,218600.0,2732.5,2024-05-24
Issoire,63178,63500,Appartement,38.0,74500.0,1960.53,2024-05-15
Clermont-Ferrand,63113,63000,Appartement,18.0,45000.0,2500.0,2024-05-23
Sayat,63417,63530,Maison,123.0,220000.0,1788.62,2024-05-29
Saint-Étienne-sur-Usson,63340,63580,Maison,138.0,157500.0,1141.3,2024-05-23
Issoire,63178,63500,Appartement,62.0,94000.0,1516.13,2024-05-16
Le Crest,63126,63450,Maison,78.0,124500.0,1596.15,2024-05-27
Clermont-Ferrand,63113,63000,Appartement,107.0,150000.0,1401.87,2024-05-23
Clermont-Ferrand,63113,63000,Appartement,58.0,150000.0,2586.21,2024-05-23
Antoingt,63005,63340,Maison,95.0,193000.0,2031.58,2024-05-29
Antoingt,63005,63340,Maison,95.0,193000.0,2031.58,2024-05-29
Clermont-Ferrand,63113,63000,Appartement,106.0,173000.0,1632.08,2024-05-30
Châtel-Guyon,63103,63140,Appartement,16.0,38950.0,2434.38,2024-05-24
Arlanc,63010,63220,Maison,34.0,67000.0,1970.59,2024-05-23
Cunlhat,63132,63590,Maison,56.0,54000.0,964.29,2024-05-24
Aigueperse,63001,63260,Maison,87.0,27000.0,310.34,2024-05-28
Clermont-Ferrand,63113,63000,Appartement,39.0,109350.0,2803.85,2024-05-07
Ennezat,63148,63720,Maison,120.0,293700.0,2447.5,2024-05-23
Chanonat,63084,63450,Appartement,100.0,868462.7,8684.63,2024-04-29
Chanonat,63084,63450,Appartement,100.0,868462.7,8684.63,2024-04-29
Orcet,63262,63670,Maison,96.0,150000.0,1562.5,2024-05-30
Bussières-et-Pruns,63061,63260,Maison,100.0,110000.0,1100.0,2024-05-21
Clermont-Ferrand,63113,63000,Appartement,30.0,95220.0,3174.0,2024-05-29
Sayat,63417,63530,Maison,96.0,110000.0,1145.83,2024-05-27
Chamalières,63075,63400,Maison,81.0,202100.0,2495.06,2024-05-23
Pérignat-lès-Sarliève,63272,63170,Maison,223.0,660533.0,2962.03,2024-05-29
Clermont-Ferrand,63113,63000,Appartement,58.0,85500.0,1474.14,2024-05-27
Clermont-Ferrand,63113,63100,Maison,80.0,90000.0,1125.0,2024-05-20
Clermont-Ferrand,63113,63100,Maison,82.0,188000.0,2292.68,2024-05-27
La Monnerie-le-Montel,63231,63650,Maison,70.0,27550.0,393.57,2024-05-30
Chauriat,63106,63117,Maison,150.0,253000.0,1686.67,2024-05-27
Clermont-Ferrand,63113,63000,Appartement,73.0,302860.0,4148.77,2024-05-28
Courpière,63125,63120,Maison,105.0,157000.0,1495.24,2024-06-03
Saint-Dier-d'Auvergne,63334,63520,Maison,80.0,24500.0,306.25,2024-05-10
Saint-Gervais-d'Auvergne,63354,63390,Maison,120.0,146250.0,1218.75,2024-05-07
Clermont-Ferrand,63113,63100,Maison,89.0,140800.0,1582.02,2024-05-27
La Tour-d'Auvergne,63192,63680,Appartement,55.0,97000.0,1763.64,2024-05-27
La Tour-d'Auvergne,63192,63680,Appartement,72.0,97000.0,1347.22,2024-05-27
La Tour-d'Auvergne,63192,63680,Appartement,72.0,97000.0,1347.22,2024-05-27
La Tour-d'Auvergne,63192,63680,Appartement,55.0,97000.0,1763.64,2024-05-27
Clermont-Ferrand,63113,63000,Maison,100.0,235000.0,2350.0,2024-05-22
Saint-Genès-Champanelle,63345,63122,Maison,140.0,414000.0,2957.14,2024-05-23
Saint-Genès-Champanelle,63345,63122,Maison,140.0,414000.0,2957.14,2024-05-23
Cébazat,63063,63118,Maison,125.0,216100.0,1728.8,2024-05-27
Nohanent,63254,63830,Maison,106.0,310000.0,2924.53,2024-05-23
Trézioux,63438,63520,Appartement,52.0,370000.0,7115.38,2024-05-17
Trézioux,63438,63520,Appartement,70.0,370000.0,5285.71,2024-05-17
Trézioux,63438,63520,Appartement,98.0,370000.0,3775.51,2024-05-17
Clermont-Ferrand,63113,63000,Appartement,61.0,164500.0,2696.72,2024-05-17
Chamalières,63075,63400,Appartement,32.0,76000.0,2375.0,2024-05-16
Clermont-Ferrand,63113,63000,Appartement,87.0,203000.0,2333.33,2024-05-24
Chamalières,63075,63400,Appartement,46.0,94000.0,2043.48,2024-05-27
Clermont-Ferrand,63113,63000,Maison,79.0,175000.0,2215.19,2024-05-24
Chamalières,63075,63400,Appartement,84.0,170300.0,2027.38,2024-05-27
Moissat,63229,63190,Maison,116.0,347250.0,2993.53,2024-05-27
Clermont-Ferrand,63113,63100,Appartement,74.0,103225.0,1394.93,2024-05-29
Chamalières,63075,63400,Appartement,30.0,75000.0,2500.0,2024-05-29
Cournon-d'Auvergne,63124,63800,Maison,120.0,260000.0,2166.67,2024-05-28
Cournon-d'Auvergne,63124,63800,Maison,120.0,260000.0,2166.67,2024-05-28
Saint-Anthème,63319,63660,Maison,60.0,231500.0,3858.33,2024-05-23
Gimeaux,63167,63200,Maison,66.0,130500.0,1977.27,2024-02-29
Le Quartier,63293,63330,Maison,94.0,62000.0,659.57,2024-05-24
Le Quartier,63293,63330,Maison,94.0,62000.0,659.57,2024-05-24
Le Quartier,63293,63330,Maison,94.0,62000.0,659.57,2024-05-24
Le Quartier,63293,63330,Maison,28.0,62000.0,2214.29,2024-05-24
Besse-et-Saint-Anastaise,63038,63610,Appartement,42.0,68130.0,1622.14,2024-05-06
Clermont-Ferrand,63113,63100,Appartement,74.0,173900.0,2350.0,2024-05-30
Ceyrat,63070,63122,Appartement,61.0,169500.0,2778.69,2024-05-17
Virlet,63462,63330,Maison,90.0,70000.0,777.78,2024-05-23
Aubière,63014,63170,Appartement,24.0,62700.0,2612.5,2024-05-30
Clermont-Ferrand,63113,63000,Appartement,50.0,100000.0,2000.0,2024-05-15
Saint-Maigner,63373,63330,Maison,174.0,238000.0,1367.82,2024-05-22
Saurier,63409,63320,Maison,36.0,66800.0,1855.56,2024-05-15
Clermont-Ferrand,63113,63100,Appartement,62.0,157250.0,2536.29,2024-05-13
Lastic,63191,63760,Maison,74.0,31350.0,423.65,2024-05-30
Royat,63308,63130,Maison,110.0,367000.0,3336.36,2024-05-29
Besse-et-Saint-Anastaise,63038,63610,Appartement,37.0,123050.0,3325.68,2024-05-13
Aubière,63014,63170,Maison,128.0,254000.0,1984.38,2024-05-27
Clermont-Ferrand,63113,63000,Appartement,147.0,665000.0,4523.81,2024-05-03
Montpensier,63240,63260,Maison,106.0,195600.0,1845.28,2024-05-29
Montpensier,63240,63260,Maison,106.0,195600.0,1845.28,2024-05-29
Cournon-d'Auvergne,63124,63800,Appartement,40.0,115000.0,2875.0,2024-06-03
Saint-Gervazy,63356,63340,Maison,80.0,90530.0,1131.62,2024-05-28
Clermont-Ferrand,63113,63000,Maison,272.0,855700.0,3145.96,2024-06-03
Issoire,63178,63500,Appartement,67.0,108500.0,1619.4,2024-05-28
Ludesse,63199,63320,Maison,80.0,50000.0,625.0,2024-06-04
Clermont-Ferrand,63113,63000,Appartement,42.0,135709.0,3231.17,2024-06-04
Clermont-Ferrand,63113,63000,Appartement,64.0,89000.0,1390.62,2024-05-30
Châtel-Guyon,63103,63140,Appartement,110.0,147700.0,1342.73,2024-05-22
Clermont-Ferrand,63113,63000,Appartement,18.0,33450.0,1858.33,2024-05-30
Saint-Georges-de-Mons,63349,63780,Maison,79.0,55000.0,696.2,2024-05-23
Clermont-Ferrand,63113,63100,Maison,82.0,255000.0,3109.76,2024-06-03
Clermont-Ferrand,63113,63000,Appartement,31.0,64600.0,2083.87,2024-05-30
Clermont-Ferrand,63113,63000,Appartement,39.0,269580.0,6912.31,2024-05-24
Clermont-Ferrand,63113,63000,Appartement,39.0,269580.0,6912.31,2024-05-24
Clermont-Ferrand,63113,63000,Appartement,39.0,269580.0,6912.31,2024-05-24
Aubière,63014,63170,Appartement,80.0,395000.0,4937.5,2024-05-28
Aubière,63014,63170,Appartement,80.0,395000.0,4937.5,2024-05-28
Aubière,63014,63170,Appartement,50.0,395000.0,7900.0,2024-05-28
Issoire,63178,63500,Appartement,71.0,117650.0,1657.04,2024-05-06
Clermont-Ferrand,63113,63000,Appartement,18.0,33450.0,1858.33,2024-05-30
Châteauneuf-les-Bains,63100,63390,Maison,71.0,65000.0,915.49,2024-05-23
Sugères,63423,63490,Maison,151.0,28400.0,188.08,2024-06-05
Cournon-d'Auvergne,63124,63800,Maison,43.0,65250.0,1517.44,2024-05-29
Issoire,63178,63500,Appartement,89.0,230000.0,2584.27,2024-06-05
Cournon-d'Auvergne,63124,63800,Maison,80.0,105000.0,1312.5,2024-05-30
Issoire,63178,63500,Maison,160.0,465800.0,2911.25,2024-05-15
Châtel-Guyon,63103,63140,Appartement,70.0,170000.0,2428.57,2024-06-03
Châtel-Guyon,63103,63140,Appartement,34.0,170000.0,5000.0,2024-06-03
Châtel-Guyon,63103,63140,Appartement,36.0,170000.0,4722.22,2024-06-03
Combronde,63116,63460,Maison,92.0,191450.0,2080.98,2024-05-28
Clermont-Ferrand,63113,63000,Maison,90.0,400000.0,4444.44,2024-05-29
Châteaugay,63099,63119,Maison,45.0,303000.0,6733.33,2024-05-30
Clermont-Ferrand,63113,63100,Maison,86.0,175000.0,2034.88,2024-05-17
Clermont-Ferrand,63113,63000,Appartement,46.0,95000.0,2065.22,2024-05-30
Brousse,63056,63490,Maison,140.0,160619.05,1147.28,2024-06-06
Beaumont,63032,63110,Appartement,48.0,156350.0,3257.29,2024-05-06
Aulnat,63019,63510,Maison,40.0,55000.0,1375.0,2024-05-27
Saint-Rémy-sur-Durolle,63393,63550,Maison,70.0,116650.0,1666.43,2024-06-05
Bort-l'Étang,63045,63190,Maison,109.0,220550.0,2023.39,2024-05-25
Bort-l'Étang,63045,63190,Maison,109.0,220550.0,2023.39,2024-05-25
Clermont-Ferrand,63113,63000,Appartement,54.0,117000.0,2166.67,2024-05-28
Clermont-Ferrand,63113,63000,Appartement,89.0,117000.0,1314.61,2024-05-28
Pont-du-Château,63284,63430,Maison,70.0,77000.0,1100.0,2024-06-03
Saint-Saturnin,63396,63450,Maison,66.0,140000.0,2121.21,2024-06-04
Saint-Saturnin,63396,63450,Maison,66.0,140000.0,2121.21,2024-06-04
Landogne,63186,63380,Maison,95.0,143000.0,1505.26,2024-05-15
Landogne,63186,63380,Maison,95.0,143000.0,1505.26,2024-05-15
Aydat,63026,63970,Maison,65.0,228790.0,3519.85,2024-05-27
Beaumont,63032,63110,Maison,65.0,759450.0,11683.85,2024-05-28
Beaumont,63032,63110,Maison,174.0,759450.0,4364.66,2024-05-28
Beaumont,63032,63110,Maison,65.0,759450.0,11683.85,2024-05-28
Beaumont,63032,63110,Maison,174.0,759450.0,4364.66,2024-05-28
Clermont-Ferrand,63113,63000,Appartement,78.0,600000.0,7692.31,2024-05-29
Clermont-Ferrand,63113,63000,Appartement,70.0,600000.0,8571.43,2024-05-29
Clermont-Ferrand,63113,63000,Appartement,70.0,600000.0,8571.43,2024-05-29
Clermont-Ferrand,63113,63000,Appartement,78.0,600000.0,7692.31,2024-05-29
Mont-Dore,63236,63240,Appartement,16.0,38000.0,2375.0,2024-05-18
Mont-Dore,63236,63240,Appartement,73.0,166665.4,2283.09,2024-05-18
Clermont-Ferrand,63113,63000,Appartement,27.0,103000.0,3814.81,2024-05-29
Clermont-Ferrand,63113,63000,Appartement,21.0,103000.0,4904.76,2024-05-29
Brassac-les-Mines,63050,63570,Maison,80.0,100000.0,1250.0,2024-05-15
Pont-du-Château,63284,63430,Maison,67.0,190000.0,2835.82,2024-05-29
Les Ancizes-Comps,63004,63770,Maison,130.0,45000.0,346.15,2024-05-28
Riom,63300,63200,Maison,102.0,270000.0,2647.06,2024-05-29
Riom,63300,63200,Appartement,50.0,317900.0,6358.0,2024-05-27
Riom,63300,63200,Appartement,65.0,317900.0,4890.77,2024-05-27
Riom,63300,63200,Appartement,64.0,130000.0,2031.25,2024-05-23
Échandelys,63142,63980,Maison,68.0,67500.0,992.65,2024-05-31
Échandelys,63142,63980,Maison,68.0,67500.0,992.65,2024-05-31
Saint-Sylvestre-Pragoulin,63400,63310,Maison,92.0,127500.0,1385.87,2024-05-29
Clermont-Ferrand,63113,63000,Appartement,99.0,187000.0,1888.89,2024-05-30
Effiat,63143,63260,Maison,54.0,74000.0,1370.37,2024-05-17
Le Broc,63054,63500,Maison,118.0,152490.0,1292.29,2024-05-25
Aubière,63014,63170,Maison,105.0,314900.0,2999.05,2024-05-23
Clermont-Ferrand,63113,63000,Appartement,63.0,138000.0,2190.48,2024-05-29
Clermont-Ferrand,63113,63000,Appartement,14.0,36000.0,2571.43,2024-05-29
Clermont-Ferrand,63113,63100,Appartement,67.0,90000.0,1343.28,2024-05-27
Beaumont,63032,63110,Appartement,50.0,77000.0,1540.0,2024-05-29
Chamalières,63075,63400,Appartement,27.0,86550.0,3205.56,2024-05-27
Ambert,63003,63600,Maison,98.0,185000.0,1887.76,2024-05-27
Ambert,63003,63600,Maison,98.0,185000.0,1887.76,2024-05-27
Charensat,63094,63640,Maison,120.0,58400.0,486.67,2024-05-28
Saint-Gervais-sous-Meymont,63355,63880,Appartement,100.0,30000.0,300.0,2024-05-28
Clermont-Ferrand,63113,63000,Appartement,39.0,470000.0,12051.28,2024-05-29
Clermont-Ferrand,63113,63000,Appartement,91.0,470000.0,5164.84,2024-05-29
Clermont-Ferrand,63113,63000,Appartement,37.0,470000.0,12702.7,2024-05-29
Clermont-Ferrand,63113,63000,Appartement,39.0,470000.0,12051.28,2024-05-29
Clermont-Ferrand,63113,63000,Appartement,39.0,470000.0,12051.28,2024-05-29
Clermont-Ferrand,63113,63000,Appartement,18.0,44110.0,2450.56,2024-05-24
Giat,63165,63620,Maison,80.0,17000.0,212.5,2024-05-28
Riom,63300,63200,Maison,101.0,239270.0,2369.01,2024-06-10
Aubière,63014,63170,Appartement,16.0,46000.0,2875.0,2024-05-13
Martres-sur-Morge,63215,63720,Maison,20.0,90400.0,4520.0,2024-05-28
Royat,63308,63130,Appartement,69.0,148645.0,2154.28,2024-05-28
Beaumont,63032,63110,Maison,64.0,95000.0,1484.38,2024-05-16
Mont-Dore,63236,63240,Appartement,39.0,97000.0,2487.18,2024-06-06
La Roche-Blanche,63302,63670,Maison,106.0,332700.0,3138.68,2024-05-17
Clermont-Ferrand,63113,63000,Appartement,18.0,107000.0,5944.44,2024-05-22
Saint-Pierre-Roche,63386,63210,Maison,103.0,100000.0,970.87,2024-05-29
Le Vernet-Sainte-Marguerite,63449,63710,Maison,78.0,142700.0,1829.49,2024-05-30
Marsac-en-Livradois,63211,63940,Maison,100.0,18000.0,180.0,2024-05-23
Montcel,63235,63460,Maison,66.0,35000.0,530.3,2024-06-07
Villosanges,63460,63380,Maison,85.0,142500.0,1676.47,2024-06-07
Villosanges,63460,63380,Maison,85.0,142500.0,1676.47,2024-06-07
Veyre-Monton,63455,63960,Maison,70.0,87000.0,1242.86,2024-05-31
Clermont-Ferrand,63113,63100,Appartement,81.0,235078.0,2902.2,2024-06-07
Tallende,63425,63450,Maison,93.0,234300.0,2519.35,2024-05-29
Orcines,63263,63870,Maison,106.0,285000.0,2688.68,2024-06-05
Orcines,63263,63870,Maison,106.0,285000.0,2688.68,2024-06-05
Besse-et-Saint-Anastaise,63038,63610,Appartement,33.0,100000.0,3030.3,2024-05-17
Cournon-d'Auvergne,63124,63800,Maison,102.0,210500.0,2063.73,2024-06-05
Veyre-Monton,63455,63960,Maison,74.0,175000.0,2364.86,2024-06-05
Beaumont,63032,63110,Appartement,56.0,142500.0,2544.64,2024-06-07
Clermont-Ferrand,63113,63000,Appartement,84.0,120001.0,1428.58,2024-06-04
Nohanent,63254,63830,Maison,48.0,110000.0,2291.67,2024-06-04
Mur-sur-Allier,63226,63115,Maison,225.0,130000.0,577.78,2024-06-07
Riom,63300,63200,Appartement,50.0,81000.0,1620.0,2024-05-29
Clermont-Ferrand,63113,63100,Appartement,87.0,117000.0,1344.83,2024-06-03
Aubière,63014,63170,Maison,85.0,125800.0,1480.0,2024-06-03
Combronde,63116,63460,Maison,71.0,151000.0,2126.76,2024-05-21
Combronde,63116,63460,Maison,71.0,151000.0,2126.76,2024-05-21
Saint-Cirgues-sur-Couze,63330,63320,Maison,57.0,129000.0,2263.16,2024-06-07
Clermont-Ferrand,63113,63000,Appartement,56.0,144998.62,2589.26,2024-06-03
Clermont-Ferrand,63113,63000,Appartement,18.0,58500.0,3250.0,2024-05-30
Clermont-Ferrand,63113,63100,Maison,68.0,145715.0,2142.87,2024-05-14
Clermont-Ferrand,63113,63000,Appartement,72.0,142000.0,1972.22,2024-05-30
Clermont-Ferrand,63113,63000,Appartement,61.0,74000.0,1213.11,2024-06-03
Clermont-Ferrand,63113,63000,Appartement,37.0,92000.0,2486.49,2024-06-04
Clermont-Ferrand,63113,63000,Maison,128.0,350900.0,2741.41,2024-06-06
Busséol,63059,63270,Maison,92.0,129000.0,1402.17,2024-05-15
Clermont-Ferrand,63113,63000,Appartement,21.0,47000.0,2238.1,2024-06-07
Auzat-la-Combelle,63022,63570,Maison,82.0,148100.0,1806.1,2024-06-07
Cournon-d'Auvergne,63124,63800,Appartement,73.0,166290.0,2277.95,2024-06-07
Clermont-Ferrand,63113,63000,Maison,96.0,253900.0,2644.79,2024-06-06
Coudes,63121,63114,Maison,69.0,92000.0,1333.33,2024-06-01
Chamalières,63075,63400,Appartement,82.0,200000.0,2439.02,2024-05-30
La Bourboule,63047,63150,Maison,122.0,236720.0,1940.33,2024-05-23
La Bourboule,63047,63150,Appartement,40.0,325620.0,8140.5,2024-05-24
La Bourboule,63047,63150,Appartement,34.0,325620.0,9577.06,2024-05-24
La Bourboule,63047,63150,Appartement,30.0,325620.0,10854.0,2024-05-24
La Bourboule,63047,63150,Appartement,21.0,325620.0,15505.71,2024-05-24
La Bourboule,63047,63150,Appartement,30.0,325620.0,10854.0,2024-05-24
La Bourboule,63047,63150,Appartement,40.0,325620.0,8140.5,2024-05-24
La Bourboule,63047,63150,Appartement,30.0,325620.0,10854.0,2024-05-24
La Bourboule,63047,63150,Appartement,28.0,325620.0,11629.29,2024-05-24
Verrières,63452,63320,Maison,100.0,190000.0,1900.0,2024-06-10
Cébazat,63063,63118,Maison,75.0,161150.0,2148.67,2024-05-21
Cébazat,63063,63118,Maison,32.0,161150.0,5035.94,2024-05-21
Auzat-la-Combelle,63022,63570,Maison,50.0,22500.0,450.0,2024-06-10
Clermont-Ferrand,63113,63100,Appartement,60.0,606000.0,10100.0,2024-05-30
Clermont-Ferrand,63113,63100,Appartement,27.0,606000.0,22444.44,2024-05-30
Clermont-Ferrand,63113,63100,Appartement,49.0,606000.0,12367.35,2024-05-30
Clermont-Ferrand,63113,63100,Appartement,27.0,606000.0,22444.44,2024-05-30
Clermont-Ferrand,63113,63100,Appartement,49.0,114500.0,2336.73,2024-05-29
Durtol,63141,63830,Maison,84.0,324000.0,3857.14,2024-06-05
Châteaugay,63099,63119,Maison,118.0,295000.0,2500.0,2024-06-06
Saint-Diéry,63335,63320,Maison,63.0,42000.0,666.67,2024-06-03
Saint-Rémy-sur-Durolle,63393,63550,Maison,128.0,150800.0,1178.12,2024-06-07
Clermont-Ferrand,63113,63100,Appartement,79.0,224200.0,2837.97,2024-05-17
Murat-le-Quaire,63246,63150,Appartement,51.0,59150.0,1159.8,2024-05-27
Clermont-Ferrand,63113,63100,Appartement,77.0,131650.0,1709.74,2024-06-04
Beaumont,63032,63110,Appartement,49.0,121800.0,2485.71,2024-05-22
Clermont-Ferrand,63113,63000,Appartement,96.0,235000.0,2447.92,2024-05-30
Mur-sur-Allier,63226,63115,Maison,55.0,137500.0,2500.0,2024-06-03
Glaine-Montaigut,63168,63160,Maison,69.0,80000.0,1159.42,2024-06-04
Dorat,63138,63300,Maison,128.0,250000.0,1953.12,2024-05-22
Clermont-Ferrand,63113,63100,Maison,77.0,242600.0,3150.65,2024-06-07
Châteaugay,63099,63119,Maison,100.0,343520.0,3435.2,2024-06-07
Volvic,63470,63530,Maison,180.0,291050.0,1616.94,2024-05-30
Cournon-d'Auvergne,63124,63800,Appartement,92.0,155000.0,1684.78,2024-06-10
Issoire,63178,63500,Appartement,59.0,135950.0,2304.24,2024-06-04
Pérignat-sur-Allier,63273,63800,Maison,80.0,143760.0,1797.0,2024-05-13
Saint-Étienne-sur-Usson,63340,63580,Maison,90.0,90000.0,1000.0,2024-06-07
Thiers,63430,63300,Maison,132.0,52750.0,399.62,2024-05-06
Cournon-d'Auvergne,63124,63800,Maison,88.0,230000.0,2613.64,2024-06-06
Clermont-Ferrand,63113,63100,Appartement,84.0,66550.0,792.26,2024-05-28
Chamalières,63075,63400,Maison,120.0,238709.75,1989.25,2024-05-24
Chamalières,63075,63400,Maison,120.0,238709.75,1989.25,2024-05-24
Clermont-Ferrand,63113,63000,Appartement,30.0,160000.0,5333.33,2024-06-04
Clermont-Ferrand,63113,63000,Appartement,65.0,160000.0,2461.54,2024-06-04
Beauregard-l'Évêque,63034,63116,Maison,33.0,60500.0,1833.33,2024-05-29
Clermont-Ferrand,63113,63000,Appartement,65.0,135000.0,2076.92,2024-06-06
Clermont-Ferrand,63113,63000,Appartement,52.0,135000.0,2596.15,2024-06-06
Saint-Victor-Montvianeix,63402,63550,Maison,99.0,300000.0,3030.3,2024-05-30
Royat,63308,63130,Maison,17.0,30300.0,1782.35,2024-06-11
Les Ancizes-Comps,63004,63770,Maison,108.0,110000.0,1018.52,2024-05-13
Clermont-Ferrand,63113,63100,Appartement,78.0,160340.0,2055.64,2024-06-07
Aubière,63014,63170,Maison,115.0,222575.0,1935.43,2024-06-03
Lempdes,63193,63370,Maison,92.0,165000.0,1793.48,2024-05-27
Thiers,63430,63300,Appartement,60.0,31500.0,525.0,2024-06-04
Thiers,63430,63300,Appartement,37.0,31500.0,851.35,2024-06-04
Cournon-d'Auvergne,63124,63800,Maison,84.0,202880.0,2415.24,2024-05-23
Clermont-Ferrand,63113,63100,Appartement,50.0,68000.0,1360.0,2024-06-04
Manzat,63206,63410,Maison,136.0,187600.0,1379.41,2024-06-03
Clermont-Ferrand,63113,63000,Appartement,68.0,120050.0,1765.44,2024-06-03
Issoire,63178,63500,Appartement,64.0,230800.0,3606.25,2024-06-04
Clermont-Ferrand,63113,63000,Appartement,48.0,135000.0,2812.5,2024-06-05
Cébazat,63063,63118,Maison,170.0,276901.0,1628.83,2024-05-23
Pont-du-Château,63284,63430,Maison,103.0,243000.0,2359.22,2024-06-05
Chamalières,63075,63400,Appartement,78.0,120000.0,1538.46,2024-06-08
Thuret,63432,63260,Maison,100.0,212100.0,2121.0,2024-05-29
Vertaizon,63453,63910,Appartement,45.0,62000.0,1377.78,2024-05-29
Vertaizon,63453,63910,Appartement,55.0,62000.0,1127.27,2024-05-29
Chanonat,63084,63450,Maison,128.0,263500.0,2058.59,2024-05-30
Chappes,63089,63720,Maison,151.0,161500.0,1069.54,2024-05-29
Beaumont,63032,63110,Appartement,62.0,267000.0,4306.45,2024-05-17
Beaumont,63032,63110,Appartement,65.0,267000.0,4107.69,2024-05-17
Saint-Maurice-près-Pionsat,63377,63330,Maison,260.0,150000.0,576.92,2024-06-07
Saint-Maurice-près-Pionsat,63377,63330,Maison,260.0,150000.0,576.92,2024-06-07
Youx,63471,63700,Maison,77.0,94000.0,1220.78,2024-05-17
Lempdes,63193,63370,Maison,90.0,202500.0,2250.0,2024-05-30
Saint-Nectaire,63380,63710,Maison,173.0,150000.0,867.05,2024-05-17
Le Cendre,63069,63670,Maison,70.0,185000.0,2642.86,2024-05-28
Grandrif,63173,63600,Maison,76.0,175000.0,2302.63,2024-05-28
Clermont-Ferrand,63113,63000,Appartement,72.0,152000.0,2111.11,2024-06-10
Néronde-sur-Dore,63249,63120,Maison,84.0,221000.0,2630.95,2024-06-03
Saint-Bonnet-le-Bourg,63323,63630,Maison,75.0,93500.0,1246.67,2024-06-04
Saint-Bonnet-le-Bourg,63323,63630,Maison,75.0,93500.0,1246.67,2024-06-04
Arlanc,63010,63220,Maison,100.0,29000.0,290.0,2024-06-05
Saint-Laure,63372,63350,Maison,117.0,333940.0,2854.19,2024-05-29
Marsac-en-Livradois,63211,63940,Maison,86.0,114050.0,1326.16,2024-05-29
Saint-Alyre-d'Arlanc,63312,63220,Maison,120.0,104500.0,870.83,2024-06-10
Issoire,63178,63500,Maison,65.0,152900.0,2352.31,2024-06-05
Saint-Laure,63372,63350,Maison,97.0,210000.0,2164.95,2024-05-30
Les Martres-de-Veyre,63214,63730,Maison,163.0,366650.0,2249.39,2024-06-03
Combronde,63116,63460,Maison,68.0,99360.0,1461.18,2024-05-23
Combronde,63116,63460,Maison,68.0,99360.0,1461.18,2024-05-23
Royat,63308,63130,Maison,63.0,75000.0,1190.48,2024-06-06
Royat,63308,63130,Appartement,17.0,75000.0,4411.76,2024-06-06
Royat,63308,63130,Appartement,21.0,75000.0,3571.43,2024-06-06
Royat,63308,63130,Appartement,23.0,75000.0,3260.87,2024-06-06
Beaumont,63032,63110,Appartement,47.0,124450.0,2647.87,2024-06-05
Riom,63300,63200,Maison,83.0,216000.0,2602.41,2024-06-06
Pérignat-sur-Allier,63273,63800,Maison,73.0,100000.0,1369.86,2024-06-03
Pérignat-sur-Allier,63273,63800,Maison,73.0,100000.0,1369.86,2024-06-03
Le Vernet-Sainte-Marguerite,63449,63710,Maison,104.0,95000.0,913.46,2024-05-16
Le Vernet-Sainte-Marguerite,63449,63710,Maison,40.0,95000.0,2375.0,2024-05-16
Besse-et-Saint-Anastaise,63038,63610,Appartement,26.0,83249.0,3201.88,2024-06-07
Mozac,63245,63200,Maison,76.0,80000.0,1052.63,2024-06-06
Gerzat,63164,63360,Maison,75.0,289500.0,3860.0,2024-06-12
Gerzat,63164,63360,Maison,89.0,256500.0,2882.02,2024-06-12
Giat,63165,63620,Maison,54.0,8000.0,148.15,2024-06-11
Pontgibaud,63285,63230,Maison,66.0,20000.0,303.03,2024-05-30
La Bourboule,63047,63150,Appartement,20.0,40850.0,2042.5,2024-06-01
Mont-Dore,63236,63240,Appartement,20.0,33300.0,1665.0,2024-05-30
Thiers,63430,63300,Appartement,35.0,31000.0,885.71,2024-06-10
Thiers,63430,63300,Appartement,28.0,31000.0,1107.14,2024-06-10
Thiers,63430,63300,Appartement,40.0,31000.0,775.0,2024-06-10
Thiers,63430,63300,Appartement,63.0,31000.0,492.06,2024-06-10
Clermont-Ferrand,63113,63000,Appartement,150.0,360600.0,2404.0,2024-06-04
Joze,63180,63350,Maison,73.0,90000.0,1232.88,2024-05-30
Cournon-d'Auvergne,63124,63800,Maison,119.0,267750.0,2250.0,2024-06-10
Mont-Dore,63236,63240,Appartement,45.0,111390.0,2475.33,2024-06-01
Vic-le-Comte,63457,63270,Maison,91.0,269070.0,2956.81,2024-05-23
Clermont-Ferrand,63113,63100,Appartement,65.0,84900.0,1306.15,2024-05-21
Vertaizon,63453,63910,Appartement,106.0,190000.0,1792.45,2024-06-10
Vertaizon,63453,63910,Appartement,68.0,190000.0,2794.12,2024-06-10
Saint-Yvoine,63404,63500,Maison,93.0,277320.0,2981.94,2024-05-23
Sauvagnat-Sainte-Marthe,63411,63500,Maison,78.0,173650.0,2226.28,2024-05-22
Riom,63300,63200,Appartement,104.0,211400.0,2032.69,2024-06-07
Pont-du-Château,63284,63430,Maison,103.0,340200.0,3302.91,2024-06-13
Thiers,63430,63300,Maison,20.0,26600.0,1330.0,2024-05-28
Youx,63471,63700,Appartement,95.0,85000.0,894.74,2024-05-23
Bort-l'Étang,63045,63190,Maison,90.0,180000.0,2000.0,2024-05-30
Bort-l'Étang,63045,63190,Maison,90.0,180000.0,2000.0,2024-05-30
Bort-l'Étang,63045,63190,Maison,90.0,180000.0,2000.0,2024-05-30
Saint-Ours,63381,63230,Maison,167.0,8000.0,47.9,2024-05-29
Clermont-Ferrand,63113,63000,Appartement,68.0,111000.0,1632.35,2024-06-03
Fayet-le-Château,63157,63160,Maison,70.0,49000.0,700.0,2024-05-31
Clermont-Ferrand,63113,63000,Appartement,72.0,150000.0,2083.33,2024-06-03
Chamalières,63075,63400,Appartement,69.0,173000.0,2507.25,2024-06-07
Clermont-Ferrand,63113,63000,Appartement,86.0,210150.0,2443.6,2024-05-29
Mirefleurs,63227,63730,Maison,64.0,183000.0,2859.38,2024-06-07
Châteaugay,63099,63119,Maison,92.0,217000.0,2358.7,2024-05-30
Cournon-d'Auvergne,63124,63800,Maison,124.0,245770.0,1982.02,2024-05-30
Le Cendre,63069,63670,Maison,91.0,222000.0,2439.56,2024-06-13
Romagnat,63307,63540,Appartement,63.0,118950.0,1888.1,2024-05-29
Vernines,63451,63210,Maison,76.0,95000.0,1250.0,2024-06-07
Durtol,63141,63830,Maison,125.0,380000.0,3040.0,2024-06-04
Murol,63247,63790,Appartement,24.0,48000.0,2000.0,2024-05-27
Murol,63247,63790,Appartement,28.0,48000.0,1714.29,2024-05-27
Murol,63247,63790,Appartement,39.0,48000.0,1230.77,2024-05-27
Villosanges,63460,63380,Maison,130.0,30000.0,230.77,2024-06-03
Sauvagnat,63410,63470,Maison,28.0,400000.0,14285.71,2024-06-06
Sauvagnat,63410,63470,Maison,28.0,400000.0,14285.71,2024-06-06
Sauvagnat,63410,63470,Maison,374.0,400000.0,1069.52,2024-06-06
Sauvagnat,63410,63470,Maison,374.0,400000.0,1069.52,2024-06-06
Olby,63257,63210,Maison,99.0,37000.0,373.74,2024-06-11
Clermont-Ferrand,63113,63100,Appartement,70.0,40590.0,579.86,2024-06-12
Riom,63300,63200,Maison,85.0,100000.0,1176.47,2024-05-27
Beaumont,63032,63110,Appartement,18.0,50000.0,2777.78,2024-06-06
Tauves,63426,63690,Appartement,54.0,54000.0,1000.0,2024-06-07
Tauves,63426,63690,Appartement,54.0,54000.0,1000.0,2024-06-07
Mur-sur-Allier,63226,63115,Maison,162.0,555000.0,3425.93,2024-06-12
Mur-sur-Allier,63226,63115,Maison,162.0,555000.0,3425.93,2024-06-12
Aubière,63014,63170,Maison,108.0,110000.0,1018.52,2024-06-12
Vertaizon,63453,63910,Maison,89.0,232500.0,2612.36,2024-06-13
Ceyrat,63070,63122,Maison,140.0,326800.0,2334.29,2024-06-14
Clermont-Ferrand,63113,63100,Maison,88.0,163000.0,1852.27,2024-06-06
Chidrac,63109,63320,Maison,85.0,164812.0,1938.96,2024-06-11
Pont-du-Château,63284,63430,Maison,79.0,214000.0,2708.86,2024-06-07
Enval,63150,63530,Maison,97.0,205700.0,2120.62,2024-06-13
Clermont-Ferrand,63113,63000,Appartement,18.0,66500.0,3694.44,2024-06-10
Gerzat,63164,63360,Maison,93.0,245100.0,2635.48,2024-06-11
Châtel-Guyon,63103,63140,Appartement,115.0,85000.0,739.13,2024-03-08
Chamalières,63075,63400,Appartement,73.0,144800.0,1983.56,2024-06-04
Clermont-Ferrand,63113,63100,Maison,96.0,247000.0,2572.92,2024-06-04
Beaulieu,63031,63570,Maison,145.0,107350.0,740.34,2024-05-28
Clermont-Ferrand,63113,63000,Appartement,48.0,118000.0,2458.33,2024-05-29
Durtol,63141,63830,Maison,118.0,520000.0,4406.78,2024-06-04
Paslières,63271,63290,Maison,125.0,105000.0,840.0,2024-06-08
Gerzat,63164,63360,Appartement,84.0,181000.0,2154.76,2024-06-10
Royat,63308,63130,Appartement,20.0,47500.0,2375.0,2024-06-11
Cournon-d'Auvergne,63124,63800,Maison,66.0,171700.0,2601.52,2024-06-14
Clermont-Ferrand,63113,63000,Appartement,32.0,80000.0,2500.0,2024-05-17
Thuret,63432,63260,Maison,60.0,19500.0,325.0,2024-06-10
Clermont-Ferrand,63113,63000,Appartement,41.0,90810.25,2214.88,2024-06-07
Clermont-Ferrand,63113,63000,Appartement,114.0,209000.0,1833.33,2024-06-03
Beaumont,63032,63110,Appartement,33.0,76500.0,2318.18,2024-06-06
Royat,63308,63130,Appartement,33.0,68400.0,2072.73,2024-06-12
Clermont-Ferrand,63113,63000,Appartement,54.0,90000.0,1666.67,2024-06-13
Cournon-d'Auvergne,63124,63800,Maison,64.0,193000.0,3015.62,2024-06-13
Clermont-Ferrand,63113,63000,Appartement,51.0,85000.0,1666.67,2024-06-07
Clermont-Ferrand,63113,63000,Appartement,59.0,135000.0,2288.14,2024-06-07
Clermont-Ferrand,63113,63000,Appartement,94.0,169500.0,1803.19,2024-06-11
Billom,63040,63160,Maison,36.0,20000.0,555.56,2024-05-22
Issoire,63178,63500,Maison,193.0,570000.0,2953.37,2024-05-30
Issoire,63178,63500,Maison,193.0,570000.0,2953.37,2024-05-30
Clermont-Ferrand,63113,63000,Appartement,22.0,103420.0,4700.91,2024-06-12
Clermont-Ferrand,63113,63000,Appartement,18.0,103420.0,5745.56,2024-06-12
La Roche-Blanche,63302,63670,Maison,100.0,170370.0,1703.7,2024-06-12
Cournon-d'Auvergne,63124,63800,Maison,90.0,263000.0,2922.22,2024-06-07
Moissat,63229,63190,Maison,60.0,78000.0,1300.0,2024-06-05
Clermont-Ferrand,63113,63000,Appartement,17.0,64100.0,3770.59,2024-06-04
Beaumont,63032,63110,Maison,74.0,192000.0,2594.59,2024-06-14
Arconsat,63008,63250,Maison,45.0,95000.0,2111.11,2024-06-06
Arconsat,63008,63250,Maison,45.0,95000.0,2111.11,2024-06-06
Arconsat,63008,63250,Maison,45.0,95000.0,2111.11,2024-06-06
Arconsat,63008,63250,Maison,45.0,95000.0,2111.11,2024-06-06
Arconsat,63008,63250,Maison,45.0,95000.0,2111.11,2024-06-06
Arconsat,63008,63250,Maison,45.0,95000.0,2111.11,2024-06-06
Arconsat,63008,63250,Maison,45.0,95000.0,2111.11,2024-06-06
Arconsat,63008,63250,Maison,45.0,95000.0,2111.11,2024-06-06
Arconsat,63008,63250,Maison,45.0,95000.0,2111.11,2024-06-06
Billom,63040,63160,Maison,115.0,226800.0,1972.17,2024-06-10
La Monnerie-le-Montel,63231,63650,Maison,55.0,36000.0,654.55,2024-06-13
La Monnerie-le-Montel,63231,63650,Maison,90.0,36000.0,400.0,2024-06-13
Clermont-Ferrand,63113,63100,Appartement,113.0,242900.0,2149.56,2024-06-04
Clermont-Ferrand,63113,63100,Appartement,57.0,85000.0,1491.23,2024-06-06
Aulnat,63019,63510,Maison,43.0,77600.0,1804.65,2024-06-13
Cournon-d'Auvergne,63124,63800,Appartement,61.0,160900.0,2637.7,2024-06-17
Gerzat,63164,63360,Maison,112.0,237336.0,2119.07,2024-06-10
Clermont-Ferrand,63113,63100,Maison,93.0,222700.0,2394.62,2024-06-10
Clermont-Ferrand,63113,63000,Appartement,35.0,50000.0,1428.57,2024-06-14
Beaumont,63032,63110,Maison,88.0,216500.0,2460.23,2024-06-05
Clermont-Ferrand,63113,63000,Appartement,34.0,50000.0,1470.59,2024-06-14
Clermont-Ferrand,63113,63000,Appartement,11.0,22000.0,2000.0,2024-06-12
Clermont-Ferrand,63113,63100,Appartement,121.0,209000.0,1727.27,2024-06-04
Gerzat,63164,63360,Maison,107.0,152000.0,1420.56,2024-06-10
Riom,63300,63200,Appartement,85.0,148200.0,1743.53,2024-06-07
Lempdes,63193,63370,Appartement,59.0,152000.0,2576.27,2024-06-10
Lempdes,63193,63370,Appartement,70.0,152000.0,2171.43,2024-06-10
Clermont-Ferrand,63113,63000,Appartement,17.0,67600.0,3976.47,2024-06-04
Tauves,63426,63690,Maison,77.0,35600.0,462.34,2024-05-29
Cournon-d'Auvergne,63124,63800,Appartement,73.0,119000.0,1630.14,2024-06-12
Picherande,63279,63113,Maison,57.0,100000.0,1754.39,2024-05-30
Montcel,63235,63460,Maison,80.0,40000.0,500.0,2024-06-10
Clermont-Ferrand,63113,63000,Maison,102.0,214000.0,2098.04,2024-05-30
Lempdes,63193,63370,Appartement,56.0,92000.0,1642.86,2024-06-14
Clermont-Ferrand,63113,63100,Appartement,17.0,48000.0,2823.53,2024-03-08
Giat,63165,63620,Maison,65.0,39000.0,600.0,2024-06-13
Clermont-Ferrand,63113,63100,Appartement,59.0,155000.0,2627.12,2024-06-06
Mozac,63245,63200,Maison,73.0,298950.0,4095.21,2024-05-29
Mozac,63245,63200,Maison,73.0,298950.0,4095.21,2024-05-29
Sallèdes,63405,63270,Maison,90.0,220135.0,2445.94,2024-05-30
Sallèdes,63405,63270,Maison,90.0,220135.0,2445.94,2024-05-30
Sallèdes,63405,63270,Maison,90.0,220135.0,2445.94,2024-05-30
Saint-Germain-Lembron,63352,63340,Appartement,23.0,250000.0,10869.57,2024-06-12
Saint-Germain-Lembron,63352,63340,Appartement,36.0,250000.0,6944.44,2024-06-12
Saint-Germain-Lembron,63352,63340,Appartement,33.0,250000.0,7575.76,2024-06-12
Saint-Germain-Lembron,63352,63340,Appartement,30.0,250000.0,8333.33,2024-06-12
Saint-Germain-Lembron,63352,63340,Appartement,35.0,250000.0,7142.86,2024-06-12
Mont-Dore,63236,63240,Appartement,73.0,76800.0,1052.05,2024-06-05
Mont-Dore,63236,63240,Appartement,48.0,114100.0,2377.08,2024-06-05
Chamalières,63075,63400,Appartement,64.0,140000.0,2187.5,2024-06-10
Clermont-Ferrand,63113,63100,Appartement,85.0,171000.0,2011.76,2024-06-10
Valcivières,63441,63600,Maison,54.0,45000.0,833.33,2024-06-11
Lezoux,63195,63190,Maison,90.0,134000.0,1488.89,2024-06-11
Orcines,63263,63870,Maison,70.0,167200.0,2388.57,2024-06-11
Combronde,63116,63460,Maison,116.0,224000.0,1931.03,2024-06-18
Montpensier,63240,63260,Maison,130.0,90000.0,692.31,2024-06-04
La Chapelle-Agnon,63086,63590,Maison,70.0,38000.0,542.86,2024-05-27
Marat,63207,63480,Maison,90.0,60000.0,666.67,2024-06-06
Marat,63207,63480,Maison,90.0,60000.0,666.67,2024-06-06
Thiers,63430,63300,Maison,43.0,37200.0,865.12,2024-06-13
Enval,63150,63530,Maison,70.0,126935.0,1813.36,2024-06-06
Vertolaye,63454,63480,Maison,60.0,109250.0,1820.83,2024-06-07
Vertolaye,63454,63480,Maison,90.0,109250.0,1213.89,2024-06-07
Saint-Germain-l'Herm,63353,63630,Maison,126.0,15000.0,119.05,2024-06-18
Clermont-Ferrand,63113,63000,Appartement,60.0,132060.0,2201.0,2024-06-10
Romagnat,63307,63540,Appartement,100.0,152400.0,1524.0,2024-06-12
Marsat,63212,63200,Maison,153.0,240000.0,1568.63,2024-06-07
Marsat,63212,63200,Maison,153.0,240000.0,1568.63,2024-06-07
Clermont-Ferrand,63113,63000,Appartement,27.0,57000.0,2111.11,2024-06-11
Issoire,63178,63500,Maison,106.0,200000.0,1886.79,2024-06-19
Châtel-Guyon,63103,63140,Appartement,32.0,61500.0,1921.88,2024-06-11
Aubiat,63013,63260,Maison,42.0,80000.0,1904.76,2024-06-10
Clermont-Ferrand,63113,63000,Appartement,16.0,51000.0,3187.5,2024-06-20
Clermont-Ferrand,63113,63100,Maison,80.0,144907.0,1811.34,2024-06-04
Bort-l'Étang,63045,63190,Appartement,48.0,125000.0,2604.17,2024-06-18
Bort-l'Étang,63045,63190,Appartement,45.0,125000.0,2777.78,2024-06-18
Sayat,63417,63530,Maison,151.0,399650.0,2646.69,2024-06-06
Sayat,63417,63530,Maison,151.0,399650.0,2646.69,2024-06-06
Châteaugay,63099,63119,Maison,89.0,140400.0,1577.53,2024-06-13
Brassac-les-Mines,63050,63570,Maison,58.0,31698.0,546.52,2024-06-07
Lapeyrouse,63187,63700,Maison,50.0,28000.0,560.0,2024-05-24
Lapeyrouse,63187,63700,Maison,50.0,28000.0,560.0,2024-05-24
Chamalières,63075,63400,Appartement,91.0,180000.0,1978.02,2024-06-17
Clermont-Ferrand,63113,63000,Appartement,78.0,110000.0,1410.26,2024-06-18
Clermont-Ferrand,63113,63100,Maison,80.0,220000.0,2750.0,2024-06-07
Cournon-d'Auvergne,63124,63800,Maison,117.0,378150.0,3232.05,2024-06-04
Clermont-Ferrand,63113,63100,Appartement,59.0,90000.0,1525.42,2024-06-17
Clermont-Ferrand,63113,63100,Appartement,52.0,90000.0,1730.77,2024-06-17
Puy-Guillaume,63291,63290,Maison,196.0,363500.0,1854.59,2024-06-14
Besse-et-Saint-Anastaise,63038,63610,Maison,75.0,442500.0,5900.0,2024-06-18
Clermont-Ferrand,63113,63000,Appartement,78.0,142500.0,1826.92,2024-06-14
Cébazat,63063,63118,Maison,126.0,195000.0,1547.62,2024-05-28
Saint-Genès-Champanelle,63345,63122,Maison,51.0,272240.0,5338.04,2024-06-11
Saint-Genès-Champanelle,63345,63122,Maison,126.0,272240.0,2160.63,2024-06-11
Saint-Pierre-Roche,63386,63210,Appartement,80.0,157000.0,1962.5,2024-06-11
Saint-Pierre-Roche,63386,63210,Appartement,30.0,157000.0,5233.33,2024-06-11
Saint-Pierre-Roche,63386,63210,Appartement,80.0,157000.0,1962.5,2024-06-11
Saint-Pierre-Roche,63386,63210,Appartement,30.0,157000.0,5233.33,2024-06-11
Peschadoires,63276,63920,Appartement,34.0,253700.0,7461.76,2024-06-06
Peschadoires,63276,63920,Appartement,110.0,253700.0,2306.36,2024-06-06
Cournon-d'Auvergne,63124,63800,Appartement,64.0,120000.0,1875.0,2024-06-19
Saint-Amant-Tallende,63315,63450,Maison,56.0,175000.0,3125.0,2024-06-18
Beaumont,63032,63110,Appartement,69.0,101300.0,1468.12,2024-06-05
Thiers,63430,63300,Maison,90.0,70000.0,777.78,2024-06-14
Royat,63308,63130,Appartement,92.0,184750.0,2008.15,2024-06-11
Chamalières,63075,63400,Appartement,40.0,66000.0,1650.0,2024-06-11
Blanzat,63042,63112,Maison,95.0,218000.0,2294.74,2024-06-05
Bouzel,63049,63910,Maison,100.0,300000.0,3000.0,2024-06-07
Bouzel,63049,63910,Maison,100.0,300000.0,3000.0,2024-06-07
Clermont-Ferrand,63113,63000,Appartement,85.0,175000.0,2058.82,2024-06-17
Chamalières,63075,63400,Appartement,31.0,73000.0,2354.84,2024-06-10
Châtel-Guyon,63103,63140,Maison,89.0,140300.0,1576.4,2024-06-17
Clermont-Ferrand,63113,63100,Appartement,63.0,95000.0,1507.94,2024-04-12
Clermont-Ferrand,63113,63000,Appartement,38.0,45000.0,1184.21,2024-06-06
Riom,63300,63200,Appartement,39.0,73860.0,1893.85,2024-06-14
Veyre-Monton,63455,63960,Maison,134.0,554000.0,4134.33,2024-06-17
Veyre-Monton,63455,63960,Maison,134.0,554000.0,4134.33,2024-06-17
Clermont-Ferrand,63113,63000,Appartement,71.0,93000.0,1309.86,2024-06-20
Clermont-Ferrand,63113,63000,Appartement,71.0,93000.0,1309.86,2024-06-20
Échandelys,63142,63980,Maison,129.0,24500.0,189.92,2024-06-14
Clermont-Ferrand,63113,63100,Appartement,96.0,166500.0,1734.38,2024-06-04
Riom,63300,63200,Maison,77.0,204600.0,2657.14,2024-06-13
Clermont-Ferrand,63113,63000,Appartement,40.0,155000.0,3875.0,2024-06-10
Chamalières,63075,63400,Appartement,35.0,86000.0,2457.14,2024-06-07
Arconsat,63008,63250,Maison,80.0,20000.0,250.0,2024-06-12
Neschers,63250,63320,Maison,80.0,210500.0,2631.25,2024-06-04
Clermont-Ferrand,63113,63100,Appartement,67.0,151000.0,2253.73,2024-06-13
Lezoux,63195,63190,Maison,87.0,178400.0,2050.57,2024-05-30
Cournon-d'Auvergne,63124,63800,Maison,60.0,119300.0,1988.33,2024-06-10
Thiers,63430,63300,Maison,68.0,85000.0,1250.0,2024-06-05
Cournon-d'Auvergne,63124,63800,Maison,38.0,76500.0,2013.16,2024-05-30
Clermont-Ferrand,63113,63100,Maison,90.0,365000.0,4055.56,2024-06-13
Thiers,63430,63300,Appartement,74.0,43000.0,581.08,2024-05-22
Thiers,63430,63300,Maison,180.0,305000.0,1694.44,2024-05-30
Clermont-Ferrand,63113,63100,Appartement,66.0,142500.0,2159.09,2024-06-21
Thiers,63430,63300,Maison,79.0,40000.0,506.33,2024-05-30
Chauriat,63106,63117,Maison,92.0,82000.0,891.3,2024-06-12
Clermont-Ferrand,63113,63100,Appartement,61.0,139250.0,2282.79,2024-06-10
Les Martres-de-Veyre,63214,63730,Maison,130.0,198000.0,1523.08,2024-06-14
Thiers,63430,63300,Maison,110.0,77500.0,704.55,2024-06-07
Thiers,63430,63300,Maison,110.0,77500.0,704.55,2024-06-07
Clermont-Ferrand,63113,63000,Appartement,76.0,101000.0,1328.95,2024-06-14
Pont-du-Château,63284,63430,Maison,128.0,372400.0,2909.38,2024-06-11
Romagnat,63307,63540,Maison,65.0,171200.0,2633.85,2024-06-10
Clermont-Ferrand,63113,63000,Appartement,67.0,126500.0,1888.06,2024-06-12
Clermont-Ferrand,63113,63100,Appartement,70.0,75000.0,1071.43,2024-05-29
Clermont-Ferrand,63113,63100,Appartement,93.0,250000.0,2688.17,2024-06-10
Cournon-d'Auvergne,63124,63800,Maison,60.0,118750.0,1979.17,2024-05-30
Lezoux,63195,63190,Maison,95.0,193880.0,2040.84,2024-06-10
Cébazat,63063,63118,Maison,165.0,248100.0,1503.64,2024-06-07
Aubière,63014,63170,Maison,108.0,250000.0,2314.81,2024-06-17
Clermont-Ferrand,63113,63000,Appartement,74.0,127100.0,1717.57,2024-06-17
Lezoux,63195,63190,Maison,90.0,42000.0,466.67,2024-06-12
Lezoux,63195,63190,Maison,90.0,42000.0,466.67,2024-06-12
Neschers,63250,63320,Maison,263.0,428000.0,1627.38,2024-06-21
Orcet,63262,63670,Maison,144.0,458400.0,3183.33,2024-06-18
Orcet,63262,63670,Maison,144.0,458400.0,3183.33,2024-06-18
Clermont-Ferrand,63113,63000,Appartement,77.0,448796.75,5828.53,2024-06-17
Clermont-Ferrand,63113,63000,Appartement,48.0,448796.75,9349.93,2024-06-17
Clermont-Ferrand,63113,63000,Appartement,128.0,448796.75,3506.22,2024-06-17
Gerzat,63164,63360,Maison,104.0,182900.0,1758.65,2024-06-17
Chamalières,63075,63400,Appartement,15.0,34200.0,2280.0,2024-06-17
Villeneuve-les-Cerfs,63459,63310,Maison,82.0,158400.0,1931.71,2024-05-28
Les Martres-de-Veyre,63214,63730,Maison,140.0,360000.0,2571.43,2024-06-20
Les Martres-de-Veyre,63214,63730,Maison,140.0,360000.0,2571.43,2024-06-20
Fayet-Ronaye,63158,63630,Maison,60.0,40000.0,666.67,2024-06-20
Clermont-Ferrand,63113,63000,Appartement,103.0,280600.0,2724.27,2024-06-06
Beaumont,63032,63110,Appartement,146.0,250000.0,1712.33,2024-06-17
Beaumont,63032,63110,Appartement,40.0,250000.0,6250.0,2024-06-17
Beaumont,63032,63110,Appartement,41.0,250000.0,6097.56,2024-06-17
Brassac-les-Mines,63050,63570,Maison,90.0,135000.0,1500.0,2024-06-10
Clermont-Ferrand,63113,63000,Appartement,61.0,110000.0,1803.28,2024-06-08
Champs,63082,63440,Maison,72.0,68500.0,951.39,2024-06-08
Champs,63082,63440,Maison,72.0,68500.0,951.39,2024-06-08
Clermont-Ferrand,63113,63000,Appartement,88.0,250000.0,2840.91,2024-06-17
Clermont-Ferrand,63113,63000,Appartement,30.0,95714.0,3190.47,2024-06-20
Clermont-Ferrand,63113,63000,Appartement,49.0,85500.0,1744.9,2024-06-17
Clermont-Ferrand,63113,63000,Appartement,30.0,82650.0,2755.0,2024-06-19
Saint-Diéry,63335,63320,Maison,111.0,287500.0,2590.09,2024-06-21
Saint-Diéry,63335,63320,Maison,111.0,287500.0,2590.09,2024-06-21
Miremont,63228,63380,Maison,172.0,75990.0,441.8,2024-06-04
Issoire,63178,63500,Maison,129.0,268100.0,2078.29,2024-05-27
Le Cendre,63069,63670,Maison,68.0,188000.0,2764.71,2024-06-12
Les Ancizes-Comps,63004,63770,Maison,80.0,116000.0,1450.0,2024-06-14
Issoire,63178,63500,Maison,122.0,335000.0,2745.9,2024-06-17
Issoire,63178,63500,Maison,122.0,335000.0,2745.9,2024-06-17
La Bourboule,63047,63150,Appartement,40.0,58930.0,1473.25,2024-06-06
Cournon-d'Auvergne,63124,63800,Maison,144.0,264500.0,1836.81,2024-06-12
Vensat,63446,63260,Maison,153.0,161000.0,1052.29,2024-05-28
Messeix,63225,63750,Maison,83.0,84000.0,1012.05,2024-06-07
Clermont-Ferrand,63113,63000,Appartement,61.0,108000.0,1770.49,2024-06-17
Gerzat,63164,63360,Maison,74.0,195900.0,2647.3,2024-06-20
Châtel-Guyon,63103,63140,Appartement,76.0,137310.0,1806.71,2024-06-26
Clermont-Ferrand,63113,63000,Appartement,29.0,100000.0,3448.28,2024-06-19
Riom,63300,63200,Maison,90.0,220000.0,2444.44,2024-06-13
Menat,63223,63560,Maison,105.0,110000.0,1047.62,2024-06-13
Menat,63223,63560,Maison,105.0,110000.0,1047.62,2024-06-13
Menat,63223,63560,Maison,105.0,110000.0,1047.62,2024-06-13
Thiers,63430,63300,Maison,77.0,120000.0,1558.44,2024-06-21
Saint-Bonnet-le-Chastel,63324,63630,Maison,60.0,108500.0,1808.33,2024-06-25
Saint-Bonnet-le-Chastel,63324,63630,Maison,60.0,108500.0,1808.33,2024-06-25
Clerlande,63112,63720,Maison,98.0,137000.0,1397.96,2024-06-12
Combronde,63116,63460,Maison,90.0,185000.0,2055.56,2024-05-29
Combronde,63116,63460,Maison,90.0,185000.0,2055.56,2024-05-29
Saint-Éloy-les-Mines,63338,63700,Maison,72.0,15000.0,208.33,2024-05-30
Clermont-Ferrand,63113,63000,Appartement,47.0,116000.0,2468.09,2024-06-13
Saint-Bonnet-près-Orcival,63326,63210,Maison,95.0,245600.0,2585.26,2024-06-17
Saint-Bonnet-près-Orcival,63326,63210,Maison,95.0,245600.0,2585.26,2024-06-17
Aubière,63014,63170,Maison,154.0,539400.0,3502.6,2024-06-04
Aubière,63014,63170,Maison,154.0,539400.0,3502.6,2024-06-04
Clermont-Ferrand,63113,63100,Appartement,80.0,168450.0,2105.62,2024-06-15
Châtel-Guyon,63103,63140,Maison,75.0,93000.0,1240.0,2024-06-18
Clermont-Ferrand,63113,63100,Appartement,75.0,79500.0,1060.0,2024-06-19
Blanzat,63042,63112,Appartement,90.0,172000.0,1911.11,2024-06-14
Beaumont,63032,63110,Maison,84.0,245000.0,2916.67,2024-06-17
Cros,63129,63810,Maison,75.0,45000.0,600.0,2024-06-10
Clermont-Ferrand,63113,63000,Appartement,18.0,61525.0,3418.06,2024-06-12
Aulnat,63019,63510,Maison,61.0,153976.0,2524.2,2024-06-18
Youx,63471,63700,Appartement,65.0,42750.0,657.69,2024-05-29
Champeix,63080,63320,Maison,32.0,39000.0,1218.75,2024-05-30
Ménétrol,63224,63200,Maison,79.0,202270.0,2560.38,2024-06-13
Clermont-Ferrand,63113,63100,Appartement,90.0,170500.0,1894.44,2024-05-30
Clermont-Ferrand,63113,63100,Appartement,68.0,139000.0,2044.12,2024-06-12
Clermont-Ferrand,63113,63000,Appartement,50.0,125650.0,2513.0,2024-05-28
Clermont-Ferrand,63113,63100,Appartement,57.0,116000.0,2035.09,2024-06-12
Cournon-d'Auvergne,63124,63800,Maison,100.0,232925.0,2329.25,2024-05-30
Clermont-Ferrand,63113,63000,Appartement,60.0,120000.0,2000.0,2024-06-04
Perrier,63275,63500,Maison,87.0,171040.0,1965.98,2024-06-10
Clermont-Ferrand,63113,63000,Appartement,30.0,205000.0,6833.33,2024-06-18
Vertaizon,63453,63910,Maison,48.0,110300.0,2297.92,2024-06-18
Corent,63120,63730,Maison,140.0,266940.0,1906.71,2024-06-20
Murol,63247,63790,Maison,145.0,413803.0,2853.81,2024-06-20
Murol,63247,63790,Maison,145.0,413803.0,2853.81,2024-06-20
Pontgibaud,63285,63230,Maison,190.0,174000.0,915.79,2024-06-18
Arlanc,63010,63220,Maison,57.0,8500.0,149.12,2024-06-17
Issoire,63178,63500,Maison,140.0,805000.0,5750.0,2024-06-25
Issoire,63178,63500,Maison,140.0,805000.0,5750.0,2024-06-25
Châteaugay,63099,63119,Maison,130.0,400000.0,3076.92,2024-06-21
Youx,63471,63700,Maison,163.0,138500.0,849.69,2024-06-19
Pionsat,63281,63330,Maison,84.0,130000.0,1547.62,2024-06-18
Parent,63269,63270,Maison,56.0,182050.0,3250.89,2024-06-27
Veyre-Monton,63455,63960,Maison,104.0,235000.0,2259.62,2024-06-18
Arlanc,63010,63220,Maison,125.0,98550.0,788.4,2024-06-26
Saint-Dier-d'Auvergne,63334,63520,Maison,60.0,70000.0,1166.67,2024-06-19
Fournols,63162,63980,Maison,66.0,70660.0,1070.61,2024-06-26
Clermont-Ferrand,63113,63100,Maison,113.0,170000.0,1504.42,2024-05-29
Clermont-Ferrand,63113,63100,Maison,60.0,137250.0,2287.5,2024-06-12
Romagnat,63307,63540,Maison,70.0,82500.0,1178.57,2024-06-20
Ambert,63003,63600,Maison,111.0,130000.0,1171.17,2024-06-14
Job,63179,63990,Maison,97.0,150000.0,1546.39,2024-06-05
Aubière,63014,63170,Maison,97.0,450000.0,4639.18,2024-06-20
Clermont-Ferrand,63113,63000,Appartement,30.0,78000.0,2600.0,2024-06-19
Cournon-d'Auvergne,63124,63800,Maison,102.0,198000.0,1941.18,2024-06-10
Pont-du-Château,63284,63430,Maison,81.0,240000.0,2962.96,2024-06-05
Clermont-Ferrand,63113,63000,Appartement,68.0,90000.0,1323.53,2024-06-12
Clermont-Ferrand,63113,63000,Appartement,67.0,112000.0,1671.64,2024-06-07
Lezoux,63195,63190,Maison,175.0,200000.0,1142.86,2024-06-11
Clermont-Ferrand,63113,63000,Appartement,73.0,181000.0,2479.45,2024-05-31
Mont-Dore,63236,63240,Maison,70.0,315250.0,4503.57,2024-05-31
Courpière,63125,63120,Maison,110.0,45000.0,409.09,2024-06-24
Chauriat,63106,63117,Maison,103.0,282600.0,2743.69,2024-06-05
Clermont-Ferrand,63113,63100,Appartement,65.0,120000.0,1846.15,2024-06-17
Clermont-Ferrand,63113,63000,Maison,230.0,668700.0,2907.39,2024-06-18
Saint-Gervais-d'Auvergne,63354,63390,Appartement,70.0,90000.0,1285.71,2024-06-05
Saint-Gervais-d'Auvergne,63354,63390,Appartement,66.0,90000.0,1363.64,2024-06-05
Clermont-Ferrand,63113,63000,Appartement,69.0,171200.0,2481.16,2024-06-07
Ceyrat,63070,63122,Appartement,64.0,147250.0,2300.78,2024-06-07
Antoingt,63005,63340,Maison,101.0,230500.0,2282.18,2024-06-13
Antoingt,63005,63340,Maison,101.0,230500.0,2282.18,2024-06-13
Clermont-Ferrand,63113,63000,Appartement,36.0,87000.0,2416.67,2024-06-04
Lempdes,63193,63370,Maison,65.0,148555.0,2285.46,2024-06-25
Clermont-Ferrand,63113,63000,Appartement,22.0,73000.0,3318.18,2024-06-20
Cournon-d'Auvergne,63124,63800,Maison,88.0,219000.0,2488.64,2024-06-26
Limons,63196,63290,Maison,130.0,165000.0,1269.23,2024-06-19
Saint-Bonnet-près-Riom,63327,63200,Maison,50.0,109700.0,2194.0,2024-06-20
Saint-Bonnet-près-Riom,63327,63200,Maison,105.0,187550.0,1786.19,2024-05-31
La Bourboule,63047,63150,Maison,128.0,275150.0,2149.61,2024-06-12
La Bourboule,63047,63150,Maison,128.0,275150.0,2149.61,2024-06-12
Thiers,63430,63300,Maison,100.0,172720.0,1727.2,2024-06-27
Charbonnières-les-Varennes,63092,63410,Maison,80.0,81731.0,1021.64,2024-06-05
Issoire,63178,63500,Appartement,68.0,120800.0,1776.47,2024-06-21
Issoire,63178,63500,Appartement,62.0,120800.0,1948.39,2024-06-21
Clermont-Ferrand,63113,63000,Appartement,25.0,75000.0,3000.0,2024-06-25
Manzat,63206,63410,Maison,66.0,114500.0,1734.85,2024-05-30
Clermont-Ferrand,63113,63000,Appartement,25.0,40000.0,1600.0,2024-06-24
Saint-Ours,63381,63230,Appartement,28.0,87460.0,3123.57,2024-06-06
Aubusson-d'Auvergne,63015,63120,Maison,76.0,170000.0,2236.84,2024-06-24
Clermont-Ferrand,63113,63000,Appartement,22.0,1437000.0,65318.18,2024-06-14
Clermont-Ferrand,63113,63000,Appartement,23.0,1437000.0,62478.26,2024-06-14
Clermont-Ferrand,63113,63000,Appartement,55.0,1437000.0,26127.27,2024-06-14
Clermont-Ferrand,63113,63000,Appartement,25.0,1437000.0,57480.0,2024-06-14
Clermont-Ferrand,63113,63000,Appartement,23.0,1437000.0,62478.26,2024-06-14
Clermont-Ferrand,63113,63000,Appartement,33.0,1437000.0,43545.45,2024-06-14
Clermont-Ferrand,63113,63000,Appartement,55.0,1437000.0,26127.27,2024-06-14
Clermont-Ferrand,63113,63000,Appartement,25.0,1437000.0,57480.0,2024-06-14
Clermont-Ferrand,63113,63000,Appartement,22.0,1437000.0,65318.18,2024-06-14
Clermont-Ferrand,63113,63000,Appartement,29.0,1437000.0,49551.72,2024-06-14
Clermont-Ferrand,63113,63000,Appartement,55.0,1437000.0,26127.27,2024-06-14
Clermont-Ferrand,63113,63000,Appartement,25.0,1437000.0,57480.0,2024-06-14
Riom,63300,63200,Maison,83.0,130000.0,1566.27,2024-06-13
Vic-le-Comte,63457,63270,Maison,300.0,209100.0,697.0,2024-06-24
Clermont-Ferrand,63113,63000,Appartement,20.0,65000.0,3250.0,2024-06-03
Chamalières,63075,63400,Appartement,72.0,218500.0,3034.72,2024-06-24
Clermont-Ferrand,63113,63000,Appartement,28.0,50000.0,1785.71,2024-06-24
Chamalières,63075,63400,Appartement,74.0,150000.0,2027.03,2024-06-24
Gerzat,63164,63360,Maison,78.0,159000.0,2038.46,2024-06-14
Le Cendre,63069,63670,Maison,125.0,333900.0,2671.2,2024-06-25
Thiers,63430,63300,Appartement,52.0,36500.0,701.92,2024-06-20
Thiers,63430,63300,Appartement,68.0,36500.0,536.76,2024-06-20
Estandeuil,63155,63520,Maison,60.0,90000.0,1500.0,2024-06-04
Clermont-Ferrand,63113,63000,Appartement,40.0,95000.0,2375.0,2024-06-21
Cournon-d'Auvergne,63124,63800,Maison,77.0,142200.0,1846.75,2024-06-17
Auzat-la-Combelle,63022,63570,Maison,89.0,102000.0,1146.07,2024-03-19
Auzat-la-Combelle,63022,63570,Maison,89.0,102000.0,1146.07,2024-03-19
Saillant,63309,63840,Maison,97.0,151000.0,1556.7,2024-06-18
Buxières-sous-Montaigut,63062,63700,Maison,74.0,70000.0,945.95,2024-06-20
Clermont-Ferrand,63113,63100,Appartement,78.0,88000.0,1128.21,2024-06-24
Mayres,63218,63220,Maison,110.0,33750.0,306.82,2024-06-03
Mayres,63218,63220,Maison,110.0,33750.0,306.82,2024-06-03
Mayres,63218,63220,Maison,110.0,33750.0,306.82,2024-06-03
Thiers,63430,63300,Appartement,127.0,104968.0,826.52,2024-05-21
Thiers,63430,63300,Appartement,80.0,104968.0,1312.1,2024-05-21
Charbonnières-les-Varennes,63092,63410,Maison,98.0,220264.0,2247.59,2024-06-24
Charbonnières-les-Varennes,63092,63410,Maison,98.0,220264.0,2247.59,2024-06-24
Queuille,63294,63780,Maison,60.0,101986.5,1699.78,2024-06-25
Queuille,63294,63780,Maison,60.0,101986.5,1699.78,2024-06-25
Clermont-Ferrand,63113,63000,Appartement,27.0,50000.0,1851.85,2024-06-24
Mozac,63245,63200,Maison,149.0,307000.0,2060.4,2024-06-14
Le Cendre,63069,63670,Maison,95.0,204900.0,2156.84,2024-06-20
Clermont-Ferrand,63113,63000,Maison,105.0,438000.0,4171.43,2024-06-14
Clermont-Ferrand,63113,63000,Appartement,34.0,540000.0,15882.35,2024-06-05
Clermont-Ferrand,63113,63000,Appartement,48.0,540000.0,11250.0,2024-06-05
Clermont-Ferrand,63113,63000,Appartement,38.0,540000.0,14210.53,2024-06-05
Clermont-Ferrand,63113,63000,Appartement,34.0,540000.0,15882.35,2024-06-05
Clermont-Ferrand,63113,63000,Appartement,49.0,540000.0,11020.41,2024-06-05
Clermont-Ferrand,63113,63000,Appartement,74.0,540000.0,7297.3,2024-06-05
Clermont-Ferrand,63113,63000,Appartement,40.0,540000.0,13500.0,2024-06-05
Romagnat,63307,63540,Maison,122.0,511800.0,4195.08,2024-06-20
Châtel-Guyon,63103,63140,Maison,88.0,275000.0,3125.0,2024-06-26
Riom,63300,63200,Appartement,112.0,190000.0,1696.43,2024-06-26
Clermont-Ferrand,63113,63000,Appartement,40.0,114950.0,2873.75,2024-05-30
Le Cendre,63069,63670,Maison,72.0,172000.0,2388.89,2024-06-21
Clermont-Ferrand,63113,63000,Appartement,29.0,115900.0,3996.55,2024-06-21
Romagnat,63307,63540,Maison,92.0,112800.0,1226.09,2024-07-01
Romagnat,63307,63540,Appartement,82.0,150000.0,1829.27,2024-06-18
Clermont-Ferrand,63113,63000,Appartement,21.0,1450000.0,69047.62,2024-06-14
Clermont-Ferrand,63113,63000,Appartement,23.0,1450000.0,63043.48,2024-06-14
Clermont-Ferrand,63113,63000,Appartement,23.0,1450000.0,63043.48,2024-06-14
Clermont-Ferrand,63113,63000,Appartement,49.0,1450000.0,29591.84,2024-06-14
Clermont-Ferrand,63113,63000,Appartement,24.0,1450000.0,60416.67,2024-06-14
Clermont-Ferrand,63113,63000,Appartement,51.0,1450000.0,28431.37,2024-06-14
Clermont-Ferrand,63113,63000,Appartement,54.0,1450000.0,26851.85,2024-06-14
Clermont-Ferrand,63113,63000,Appartement,25.0,1450000.0,58000.0,2024-06-14
Clermont-Ferrand,63113,63000,Appartement,21.0,1450000.0,69047.62,2024-06-14
Clermont-Ferrand,63113,63000,Appartement,24.0,1450000.0,60416.67,2024-06-14
Clermont-Ferrand,63113,63000,Appartement,24.0,1450000.0,60416.67,2024-06-14
Clermont-Ferrand,63113,63000,Appartement,13.0,41950.0,3226.92,2024-06-28
Issoire,63178,63500,Appartement,81.0,68014.0,839.68,2024-06-26
Voingt,63467,63620,Maison,98.0,68500.0,698.98,2024-06-25
Clermont-Ferrand,63113,63000,Appartement,73.0,173763.0,2380.32,2024-06-21
Clermont-Ferrand,63113,63000,Appartement,70.0,144250.0,2060.71,2024-06-21
Gerzat,63164,63360,Maison,77.0,177400.0,2303.9,2024-06-21
Clermont-Ferrand,63113,63100,Appartement,43.0,130000.0,3023.26,2024-06-24
Mauzun,63216,63160,Maison,140.0,95750.0,683.93,2024-06-21
Glaine-Montaigut,63168,63160,Maison,80.0,60000.0,750.0,2024-06-21
Glaine-Montaigut,63168,63160,Maison,140.0,60000.0,428.57,2024-06-21
Clermont-Ferrand,63113,63100,Appartement,42.0,117000.0,2785.71,2024-06-21
Clermont-Ferrand,63113,63100,Appartement,48.0,96500.0,2010.42,2024-06-21
Cunlhat,63132,63590,Maison,60.0,188030.0,3133.83,2024-06-19
Cunlhat,63132,63590,Maison,98.0,188030.0,1918.67,2024-06-19
Ambert,63003,63600,Maison,92.0,107080.0,1163.91,2024-06-19
Arlanc,63010,63220,Maison,290.0,127200.0,438.62,2024-06-19
Saint-Bonnet-près-Orcival,63326,63210,Maison,43.0,125800.0,2925.58,2024-06-26
Gerzat,63164,63360,Appartement,40.0,52811.0,1320.28,2024-06-07
Royat,63308,63130,Appartement,36.0,94400.0,2622.22,2024-07-01
Rochefort-Montagne,63305,63210,Maison,70.0,22500.0,321.43,2024-06-19
Issoire,63178,63500,Maison,74.0,204450.0,2762.84,2024-06-19
Issoire,63178,63500,Maison,100.0,390000.0,3900.0,2024-06-21
Briffons,63053,63820,Maison,40.0,35450.0,886.25,2024-06-27
Chamalières,63075,63400,Appartement,67.0,125000.0,1865.67,2024-06-18
Cournon-d'Auvergne,63124,63800,Appartement,43.0,90000.0,2093.02,2024-06-20
Égliseneuve-près-Billom,63146,63160,Maison,85.0,244250.0,2873.53,2024-06-21
Lempdes,63193,63370,Appartement,79.0,193250.0,2446.2,2024-06-25
Chabreloche,63072,63250,Maison,96.0,83500.0,869.79,2024-06-10
Chabreloche,63072,63250,Maison,96.0,83500.0,869.79,2024-06-10
Chabreloche,63072,63250,Maison,96.0,83500.0,869.79,2024-06-10
Chabreloche,63072,63250,Maison,96.0,83500.0,869.79,2024-06-10
Montel-de-Gelat,63237,63380,Maison,113.0,233000.0,2061.95,2024-06-13
Montel-de-Gelat,63237,63380,Maison,113.0,233000.0,2061.95,2024-06-13
Picherande,63279,63113,Maison,64.0,36000.0,562.5,2024-06-20
Clermont-Ferrand,63113,63000,Appartement,66.0,142000.0,2151.52,2024-06-03
Billom,63040,63160,Maison,75.0,116000.0,1546.67,2024-06-27
Châtel-Guyon,63103,63140,Maison,133.0,171050.0,1286.09,2024-06-24
Tralaigues,63436,63380,Maison,80.0,25000.0,312.5,2024-06-18
Clermont-Ferrand,63113,63000,Appartement,16.0,357140.0,22321.25,2024-06-20
Clermont-Ferrand,63113,63000,Appartement,17.0,357140.0,21008.24,2024-06-20
Clermont-Ferrand,63113,63000,Appartement,27.0,357140.0,13227.41,2024-06-20
Clermont-Ferrand,63113,63000,Appartement,34.0,357140.0,10504.12,2024-06-20
Clermont-Ferrand,63113,63000,Appartement,17.0,357140.0,21008.24,2024-06-20
Clermont-Ferrand,63113,63000,Appartement,16.0,357140.0,22321.25,2024-06-20
Clermont-Ferrand,63113,63000,Appartement,28.0,357140.0,12755.0,2024-06-20
Pionsat,63281,63330,Maison,61.0,36000.0,590.16,2024-06-19
Clermont-Ferrand,63113,63000,Appartement,30.0,72000.0,2400.0,2024-06-25
Saint-Hilaire,63360,63330,Maison,101.0,42000.0,415.84,2024-06-20
Nébouzat,63248,63210,Maison,128.0,288906.0,2257.08,2024-06-25
Nébouzat,63248,63210,Maison,128.0,288906.0,2257.08,2024-06-25
Pignols,63280,63270,Maison,121.0,208600.0,1723.97,2024-06-10
Beaumont,63032,63110,Maison,45.0,130000.0,2888.89,2024-06-12
Saint-Jean-d'Heurs,63364,63190,Maison,74.0,155500.0,2101.35,2024-06-26
Pont-du-Château,63284,63430,Maison,118.0,309800.0,2625.42,2024-06-26
Clermont-Ferrand,63113,63100,Appartement,40.0,110200.0,2755.0,2024-06-20
Saint-Diéry,63335,63320,Maison,218.0,321400.0,1474.31,2024-06-28
Saint-Pierre-Colamine,63383,63610,Maison,36.0,100000.0,2777.78,2024-06-12
Saint-Pierre-Colamine,63383,63610,Maison,70.0,100000.0,1428.57,2024-06-12
Saint-Germain-Lembron,63352,63340,Maison,140.0,259040.0,1850.29,2024-06-26
Saint-Germain-Lembron,63352,63340,Maison,140.0,259040.0,1850.29,2024-06-26
Clermont-Ferrand,63113,63100,Appartement,64.0,115400.0,1803.12,2024-06-25
Luzillat,63201,63350,Maison,117.0,183000.0,1564.1,2024-06-06
Saint-Anthème,63319,63660,Maison,60.0,45000.0,750.0,2024-06-13
Nohanent,63254,63830,Maison,95.0,93100.0,980.0,2024-06-21
Clermont-Ferrand,63113,63100,Maison,125.0,345000.0,2760.0,2024-06-19
Thiers,63430,63300,Appartement,73.0,15000.0,205.48,2024-06-25
Chamalières,63075,63400,Appartement,52.0,104952.0,2018.31,2024-06-19
Thiers,63430,63300,Maison,81.0,26500.0,327.16,2024-06-25
Clermont-Ferrand,63113,63000,Appartement,33.0,110000.0,3333.33,2024-07-01
Montel-de-Gelat,63237,63380,Maison,109.0,139920.0,1283.67,2024-06-27
Maringues,63210,63350,Maison,80.0,64000.0,800.0,2024-06-27
Gerzat,63164,63360,Maison,95.0,188615.0,1985.42,2024-07-01
Thiers,63430,63300,Appartement,35.0,35000.0,1000.0,2024-06-28
Thiers,63430,63300,Appartement,35.0,35000.0,1000.0,2024-06-28
Thiers,63430,63300,Appartement,35.0,35000.0,1000.0,2024-06-28
Thiers,63430,63300,Appartement,35.0,35000.0,1000.0,2024-06-28
Peschadoires,63276,63920,Maison,112.0,80000.0,714.29,2024-06-14
Clermont-Ferrand,63113,63000,Appartement,83.0,135000.0,1626.51,2024-07-02
Fayet-Ronaye,63158,63630,Maison,98.0,137000.0,1397.96,2024-06-27
Fayet-Ronaye,63158,63630,Maison,98.0,137000.0,1397.96,2024-06-27
Fayet-Ronaye,63158,63630,Maison,98.0,137000.0,1397.96,2024-06-27
Chamalières,63075,63400,Appartement,48.0,176150.0,3669.79,2024-06-26
Chamalières,63075,63400,Appartement,132.0,363500.0,2753.79,2024-06-17
Châtel-Guyon,63103,63140,Appartement,16.0,42760.0,2672.5,2024-06-22
Châtel-Guyon,63103,63140,Appartement,60.0,67000.0,1116.67,2024-06-27
Châtel-Guyon,63103,63140,Appartement,52.0,67000.0,1288.46,2024-06-27
Beaumont,63032,63110,Appartement,19.0,134840.0,7096.84,2024-06-27
Beaumont,63032,63110,Appartement,19.0,134840.0,7096.84,2024-06-27
Beaumont,63032,63110,Appartement,19.0,134840.0,7096.84,2024-06-27
Clermont-Ferrand,63113,63000,Appartement,68.0,143000.0,2102.94,2024-06-28
Saint-Sylvestre-Pragoulin,63400,63310,Maison,87.0,153750.0,1767.24,2024-06-04
Arconsat,63008,63250,Maison,97.0,48600.0,501.03,2024-06-04
Clermont-Ferrand,63113,63000,Appartement,60.0,74850.0,1247.5,2024-06-12
Clermont-Ferrand,63113,63000,Appartement,43.0,129140.0,3003.26,2024-06-13
Clermont-Ferrand,63113,63100,Appartement,83.0,200000.0,2409.64,2024-07-01
Saint-Georges-de-Mons,63349,63780,Maison,55.0,93700.0,1703.64,2024-06-26
Le Cendre,63069,63670,Maison,91.0,212000.0,2329.67,2024-06-13
Montaigut,63233,63700,Maison,88.0,98400.0,1118.18,2024-06-07
Randan,63295,63310,Maison,138.0,195000.0,1413.04,2024-06-28
Clermont-Ferrand,63113,63000,Appartement,20.0,61000.0,3050.0,2024-06-19
Lempdes,63193,63370,Maison,68.0,140000.0,2058.82,2024-06-19
Chamalières,63075,63400,Appartement,83.0,190750.0,2298.19,2024-06-18
Marsat,63212,63200,Maison,90.0,113500.0,1261.11,2024-06-25
Clermont-Ferrand,63113,63100,Appartement,68.0,88000.0,1294.12,2024-06-26
Clermont-Ferrand,63113,63100,Appartement,68.0,158700.0,2333.82,2024-07-02
Le Cendre,63069,63670,Maison,73.0,190000.0,2602.74,2024-06-25
Chamalières,63075,63400,Maison,103.0,380000.0,3689.32,2024-06-13
Clermont-Ferrand,63113,63000,Appartement,23.0,52500.0,2282.61,2024-06-24
La Bourboule,63047,63150,Maison,80.0,151000.0,1887.5,2024-06-26
Beaumont,63032,63110,Appartement,35.0,77700.0,2220.0,2024-06-10
Clermont-Ferrand,63113,63000,Appartement,59.0,160000.0,2711.86,2024-06-28
Clermont-Ferrand,63113,63100,Appartement,81.0,55000.0,679.01,2024-06-20
Puy-Guillaume,63291,63290,Maison,88.0,111000.0,1261.36,2024-06-24
Puy-Guillaume,63291,63290,Maison,32.0,111000.0,3468.75,2024-06-24
Puy-Guillaume,63291,63290,Maison,88.0,111000.0,1261.36,2024-06-24
Puy-Guillaume,63291,63290,Maison,32.0,111000.0,3468.75,2024-06-24
Châtel-Guyon,63103,63140,Appartement,77.0,190000.0,2467.53,2024-06-28
Châtel-Guyon,63103,63140,Appartement,130.0,190000.0,1461.54,2024-06-28
Châtel-Guyon,63103,63140,Appartement,77.0,190000.0,2467.53,2024-06-28
Châtel-Guyon,63103,63140,Appartement,130.0,190000.0,1461.54,2024-06-28
Chapdes-Beaufort,63085,63230,Maison,106.0,77970.0,735.57,2024-06-13
Clermont-Ferrand,63113,63000,Appartement,76.0,180000.0,2368.42,2024-06-25
Gerzat,63164,63360,Appartement,82.0,111000.0,1353.66,2024-06-25
Châteldon,63102,63290,Maison,40.0,65000.0,1625.0,2024-06-19
Clermont-Ferrand,63113,63000,Appartement,23.0,53200.0,2313.04,2024-06-25
Clermont-Ferrand,63113,63100,Appartement,69.0,130000.0,1884.06,2024-06-06
Clermont-Ferrand,63113,63100,Appartement,74.0,139000.0,1878.38,2024-06-18
Clermont-Ferrand,63113,63100,Appartement,51.0,108300.0,2123.53,2024-06-24
Puy-Guillaume,63291,63290,Maison,106.0,205000.0,1933.96,2024-06-18
Puy-Guillaume,63291,63290,Maison,106.0,205000.0,1933.96,2024-06-18
Sermentizon,63418,63120,Maison,123.0,41000.0,333.33,2024-06-06
Puy-Guillaume,63291,63290,Maison,88.0,148000.0,1681.82,2024-06-14
Saint-Pierre-Roche,63386,63210,Maison,119.0,239000.0,2008.4,2024-06-27
Olby,63257,63210,Maison,45.0,25000.0,555.56,2024-06-28
Enval,63150,63530,Maison,74.0,238095.0,3217.5,2024-06-14
Paslières,63271,63290,Maison,99.0,215000.0,2171.72,2024-06-28
Paslières,63271,63290,Maison,99.0,215000.0,2171.72,2024-06-28
Riom,63300,63200,Maison,76.0,85310.0,1122.5,2024-06-20
Clermont-Ferrand,63113,63000,Appartement,65.0,175000.0,2692.31,2024-06-20
Orléat,63265,63190,Maison,244.0,611300.0,2505.33,2024-06-19
Besse-et-Saint-Anastaise,63038,63610,Appartement,28.0,52500.0,1875.0,2024-06-25
Murol,63247,63790,Appartement,32.0,37850.0,1182.81,2024-06-24
Les Martres-de-Veyre,63214,63730,Maison,81.0,188165.0,2323.02,2024-06-21
Celles-sur-Durolle,63066,63250,Maison,100.0,196180.0,1961.8,2024-06-14
Celles-sur-Durolle,63066,63250,Maison,100.0,196180.0,1961.8,2024-06-14
Riom,63300,63200,Maison,65.0,290000.0,4461.54,2024-06-28
Sauviat,63414,63120,Maison,70.0,14000.0,200.0,2024-07-03
Aubiat,63013,63260,Maison,86.0,120000.0,1395.35,2024-06-28
Sallèdes,63405,63270,Maison,63.0,175000.0,2777.78,2024-06-24
Saint-Ours,63381,63230,Maison,42.0,19500.0,464.29,2024-06-19
Maringues,63210,63350,Maison,87.0,130000.0,1494.25,2024-06-21
Aulnat,63019,63510,Maison,130.0,300000.0,2307.69,2024-06-28
Aulnat,63019,63510,Maison,130.0,300000.0,2307.69,2024-06-28
Aulnat,63019,63510,Maison,130.0,300000.0,2307.69,2024-06-28
Aubière,63014,63170,Appartement,49.0,120200.0,2453.06,2024-06-28
Clermont-Ferrand,63113,63000,Appartement,37.0,100000.0,2702.7,2024-06-25
Saint-Nectaire,63380,63710,Appartement,47.0,49500.0,1053.19,2024-06-12
Collanges,63114,63340,Maison,60.0,95000.0,1583.33,2024-06-07
Gimeaux,63167,63200,Maison,90.0,231200.0,2568.89,2024-06-24
Cunlhat,63132,63590,Maison,103.0,60000.0,582.52,2024-06-17
La Tour-d'Auvergne,63192,63680,Maison,30.0,35000.0,1166.67,2024-06-07
Combronde,63116,63460,Maison,76.0,120000.0,1578.95,2024-06-10
Cournon-d'Auvergne,63124,63800,Appartement,30.0,55000.0,1833.33,2024-06-20
Châtel-Guyon,63103,63140,Appartement,72.0,239641.66,3328.36,2024-06-28
Châtel-Guyon,63103,63140,Appartement,78.0,239641.66,3072.33,2024-06-28
Châtel-Guyon,63103,63140,Appartement,70.0,239641.66,3423.45,2024-06-28
Châtel-Guyon,63103,63140,Appartement,60.0,239641.66,3994.03,2024-06-28
Saint-Rémy-de-Blot,63391,63440,Maison,84.0,15000.0,178.57,2024-06-07
Saint-Rémy-de-Blot,63391,63440,Maison,84.0,15000.0,178.57,2024-06-07
Mont-Dore,63236,63240,Appartement,25.0,68000.0,2720.0,2024-06-14
Mont-Dore,63236,63240,Maison,74.0,155000.0,2094.59,2024-06-15
Maringues,63210,63350,Maison,52.0,75000.0,1442.31,2024-06-10
Clermont-Ferrand,63113,63000,Appartement,79.0,145500.0,1841.77,2024-06-28
Clermont-Ferrand,63113,63000,Appartement,44.0,125000.0,2840.91,2024-06-13
Gerzat,63164,63360,Maison,68.0,165000.0,2426.47,2024-06-28
Issoire,63178,63500,Maison,69.0,162500.0,2355.07,2024-06-26
Clermont-Ferrand,63113,63100,Appartement,32.0,20000.0,625.0,2024-06-25
La Bourboule,63047,63150,Maison,120.0,112000.0,933.33,2024-06-14
Riom,63300,63200,Appartement,61.0,111625.0,1829.92,2024-07-05
Clermont-Ferrand,63113,63000,Appartement,68.0,110500.0,1625.0,2024-06-25
Dore-l'Église,63139,63220,Maison,117.0,350000.0,2991.45,2024-06-28
Dore-l'Église,63139,63220,Maison,117.0,350000.0,2991.45,2024-06-28
Romagnat,63307,63540,Maison,115.0,230000.0,2000.0,2024-06-21
Clermont-Ferrand,63113,63100,Appartement,70.0,49550.0,707.86,2024-06-25
Saint-Bonnet-près-Riom,63327,63200,Maison,106.0,162500.0,1533.02,2024-06-20
Cournon-d'Auvergne,63124,63800,Maison,84.0,154280.0,1836.67,2024-06-17
Rochefort-Montagne,63305,63210,Maison,151.0,105000.0,695.36,2024-06-27
Vertaizon,63453,63910,Appartement,54.0,93700.0,1735.19,2024-07-02
Combrailles,63115,63380,Maison,90.0,160550.0,1783.89,2024-06-26
Combrailles,63115,63380,Maison,90.0,160550.0,1783.89,2024-06-26
Orcines,63263,63870,Appartement,47.0,120000.0,2553.19,2024-07-01
Orcines,63263,63870,Appartement,60.0,120000.0,2000.0,2024-07-01
Orcines,63263,63870,Appartement,80.0,120000.0,1500.0,2024-07-01
Sauvagnat-Sainte-Marthe,63411,63500,Maison,108.0,110000.0,1018.52,2024-06-25
Chamalières,63075,63400,Maison,124.0,370000.0,2983.87,2024-07-02
Royat,63308,63130,Appartement,49.0,62280.0,1271.02,2024-06-25
Cournon-d'Auvergne,63124,63800,Maison,113.0,271700.0,2404.42,2024-07-03
Mirefleurs,63227,63730,Maison,110.0,240000.0,2181.82,2024-06-21
Mirefleurs,63227,63730,Maison,110.0,240000.0,2181.82,2024-06-21
Ennezat,63148,63720,Maison,120.0,244700.0,2039.17,2024-06-14
Ennezat,63148,63720,Maison,120.0,244700.0,2039.17,2024-06-14
Issoire,63178,63500,Appartement,57.0,100000.0,1754.39,2024-06-15
Brenat,63051,63500,Maison,136.0,309000.0,2272.06,2024-06-25
Brenat,63051,63500,Maison,136.0,309000.0,2272.06,2024-06-25
Chappes,63089,63720,Maison,120.0,174700.0,1455.83,2024-06-10
Charbonnier-les-Mines,63091,63340,Maison,40.0,26000.0,650.0,2024-06-26
Chamalières,63075,63400,Appartement,104.0,363670.0,3496.83,2024-07-01
Issoire,63178,63500,Maison,65.0,135000.0,2076.92,2024-06-26
Gerzat,63164,63360,Maison,69.0,155000.0,2246.38,2024-07-01
Pont-du-Château,63284,63430,Maison,144.0,315500.0,2190.97,2024-06-28
Pont-du-Château,63284,63430,Maison,144.0,315500.0,2190.97,2024-06-28
Clermont-Ferrand,63113,63100,Appartement,34.0,74300.0,2185.29,2024-06-28
Artonne,63012,63460,Maison,84.0,219650.0,2614.88,2024-06-25
Saint-Ours,63381,63230,Maison,29.0,73000.0,2517.24,2024-07-03
Veyre-Monton,63455,63960,Maison,121.0,358000.0,2958.68,2024-07-02
Veyre-Monton,63455,63960,Maison,121.0,358000.0,2958.68,2024-07-02
Clermont-Ferrand,63113,63000,Appartement,37.0,62700.0,1694.59,2024-07-01
Loubeyrat,63198,63410,Maison,115.0,282200.0,2453.91,2024-07-03
Loubeyrat,63198,63410,Maison,115.0,282200.0,2453.91,2024-07-03
Aubière,63014,63170,Maison,68.0,85000.0,1250.0,2024-06-27
Clermont-Ferrand,63113,63100,Appartement,34.0,82000.0,2411.76,2024-06-24
Riom,63300,63200,Appartement,66.0,139100.0,2107.58,2024-06-26
Volvic,63470,63530,Maison,26.0,90000.0,3461.54,2024-06-26
Chappes,63089,63720,Maison,93.0,240000.0,2580.65,2024-06-27
Royat,63308,63130,Appartement,33.0,45000.0,1363.64,2024-07-01
Pont-du-Château,63284,63430,Maison,140.0,380500.0,2717.86,2024-06-28
Cébazat,63063,63118,Maison,94.0,210000.0,2234.04,2024-06-28
Aulnat,63019,63510,Maison,160.0,231500.0,1446.88,2024-06-26
Chamalières,63075,63400,Appartement,103.0,219500.0,2131.07,2024-07-01
Royat,63308,63130,Maison,54.0,41800.0,774.07,2024-06-28
Chamalières,63075,63400,Appartement,110.0,305500.0,2777.27,2024-07-02
Viscomtat,63463,63250,Maison,48.0,20000.0,416.67,2024-06-25
Celles-sur-Durolle,63066,63250,Maison,79.0,89080.0,1127.59,2024-06-25
Mur-sur-Allier,63226,63115,Maison,90.0,244000.0,2711.11,2024-06-13
Blanzat,63042,63112,Maison,102.0,290325.0,2846.32,2024-07-01
Clermont-Ferrand,63113,63100,Maison,105.0,254950.0,2428.1,2024-06-28
Clermont-Ferrand,63113,63000,Appartement,126.0,391700.0,3108.73,2024-07-01
Clermont-Ferrand,63113,63100,Maison,139.0,388500.0,2794.96,2024-07-03
Clermont-Ferrand,63113,63000,Appartement,72.0,153450.0,2131.25,2024-07-01
Entraigues,63149,63720,Maison,98.0,247950.0,2530.1,2024-06-14
Maringues,63210,63350,Maison,106.0,178350.0,1682.55,2024-06-17
Clermont-Ferrand,63113,63000,Appartement,66.0,101500.0,1537.88,2024-06-13
Sauxillanges,63415,63490,Maison,133.0,55000.0,413.53,2024-06-20
Plauzat,63282,63730,Maison,65.0,158500.0,2438.46,2024-06-27
Pérignat-sur-Allier,63273,63800,Maison,96.0,219850.0,2290.1,2024-06-28
Aydat,63026,63970,Maison,62.0,302000.0,4870.97,2024-06-24
Aydat,63026,63970,Maison,62.0,302000.0,4870.97,2024-06-24
Clermont-Ferrand,63113,63000,Appartement,28.0,56000.0,2000.0,2024-06-28
Moissat,63229,63190,Maison,39.0,70000.0,1794.87,2024-06-19
Saint-Sauves-d'Auvergne,63397,63950,Appartement,36.0,33305.0,925.14,2024-06-17
Cournon-d'Auvergne,63124,63800,Maison,89.0,240080.0,2697.53,2024-07-05
Mont-Dore,63236,63240,Appartement,34.0,99600.0,2929.41,2024-06-20
Fayet-le-Château,63157,63160,Maison,75.0,132800.0,1770.67,2024-06-27
Clermont-Ferrand,63113,63100,Appartement,76.0,73000.0,960.53,2024-07-02
Aubière,63014,63170,Maison,102.0,275000.0,2696.08,2024-07-01
Clermont-Ferrand,63113,63100,Appartement,26.0,63000.0,2423.08,2024-07-01
Clermont-Ferrand,63113,63000,Appartement,18.0,38700.0,2150.0,2024-06-17
Montaigut-le-Blanc,63234,63320,Maison,102.0,133515.0,1308.97,2024-06-25
Aubière,63014,63170,Maison,88.0,274300.0,3117.05,2024-06-18
Aubière,63014,63170,Maison,88.0,274300.0,3117.05,2024-06-18
Clermont-Ferrand,63113,63000,Appartement,161.0,180000.0,1118.01,2024-07-05
Cournon-d'Auvergne,63124,63800,Appartement,88.0,131900.0,1498.86,2024-06-28
Clermont-Ferrand,63113,63000,Appartement,59.0,134000.0,2271.19,2024-06-14
Châtel-Guyon,63103,63140,Appartement,28.0,52000.0,1857.14,2024-07-04
Saint-Genès-la-Tourette,63348,63580,Maison,136.0,160000.0,1176.47,2024-07-04
Saint-Genès-la-Tourette,63348,63580,Maison,136.0,160000.0,1176.47,2024-07-04
Châtel-Guyon,63103,63140,Maison,80.0,200000.0,2500.0,2024-06-12
La Sauvetat,63413,63730,Maison,96.0,271000.0,2822.92,2024-06-14
Murat-le-Quaire,63246,63150,Appartement,52.0,67000.0,1288.46,2024-06-15
La Sauvetat,63413,63730,Maison,84.0,190000.0,2261.9,2024-06-14
La Sauvetat,63413,63730,Maison,84.0,190000.0,2261.9,2024-06-14
Clermont-Ferrand,63113,63000,Appartement,57.0,117000.0,2052.63,2024-07-05
Picherande,63279,63113,Maison,96.0,20000.0,208.33,2024-06-19
Issoire,63178,63500,Maison,120.0,60000.0,500.0,2024-06-17
Royat,63308,63130,Appartement,40.0,81520.0,2038.0,2024-06-10
Mont-Dore,63236,63240,Maison,123.0,182000.0,1479.67,2024-06-14
Les Martres-d'Artière,63213,63430,Maison,100.0,163500.0,1635.0,2024-06-25
Orcet,63262,63670,Maison,218.0,520000.0,2385.32,2024-06-28
Condat-lès-Montboissier,63119,63490,Maison,56.0,6070.0,108.39,2024-06-27
Blanzat,63042,63112,Maison,75.0,150650.0,2008.67,2024-07-01
Clermont-Ferrand,63113,63100,Appartement,62.0,158800.0,2561.29,2024-07-02
Vertaizon,63453,63910,Appartement,68.0,141300.0,2077.94,2024-06-25
Blanzat,63042,63112,Maison,114.0,271500.0,2381.58,2024-07-03
Clermont-Ferrand,63113,63100,Appartement,26.0,212000.0,8153.85,2024-07-05
Clermont-Ferrand,63113,63100,Appartement,49.0,212000.0,4326.53,2024-07-05
Clermont-Ferrand,63113,63100,Appartement,41.0,212000.0,5170.73,2024-07-05
Clermont-Ferrand,63113,63100,Appartement,49.0,212000.0,4326.53,2024-07-05
Royat,63308,63130,Appartement,30.0,95200.0,3173.33,2024-07-08
Lezoux,63195,63190,Maison,43.0,42400.0,986.05,2024-07-08
Ceyrat,63070,63122,Maison,131.0,230400.0,1758.78,2024-07-03
Ceyrat,63070,63122,Maison,131.0,230400.0,1758.78,2024-07-03
Nohanent,63254,63830,Maison,99.0,328900.0,3322.22,2024-07-01
Nohanent,63254,63830,Maison,99.0,328900.0,3322.22,2024-07-01
Combronde,63116,63460,Maison,115.0,107300.0,933.04,2024-06-26
Les Ancizes-Comps,63004,63770,Maison,119.0,143000.0,1201.68,2024-06-21
Les Ancizes-Comps,63004,63770,Maison,119.0,143000.0,1201.68,2024-06-21
Maringues,63210,63350,Maison,80.0,129590.0,1619.88,2024-06-27
Villosanges,63460,63380,Maison,94.0,122450.0,1302.66,2024-06-21
Villosanges,63460,63380,Maison,94.0,122450.0,1302.66,2024-06-21
Châtel-Guyon,63103,63140,Maison,124.0,345650.0,2787.5,2024-07-08
Châtel-Guyon,63103,63140,Maison,124.0,345650.0,2787.5,2024-07-08
Riom,63300,63200,Maison,44.0,64400.0,1463.64,2024-07-02
Ravel,63296,63190,Maison,100.0,195700.0,1957.0,2024-07-03
Clermont-Ferrand,63113,63000,Appartement,90.0,181920.0,2021.33,2024-06-25
Beauregard-Vendon,63035,63460,Maison,106.0,259000.0,2443.4,2024-06-26
Clermont-Ferrand,63113,63100,Appartement,69.0,110000.0,1594.2,2024-06-28
Aigueperse,63001,63260,Maison,58.0,57000.0,982.76,2024-07-02
Chamalières,63075,63400,Appartement,58.0,165000.0,2844.83,2024-06-19
Chamalières,63075,63400,Appartement,58.0,120000.0,2068.97,2024-06-19
Randan,63295,63310,Maison,90.0,105000.0,1166.67,2024-06-14
Marcillat,63208,63440,Maison,121.0,308800.0,2552.07,2024-07-02
Randan,63295,63310,Maison,72.0,125000.0,1736.11,2024-06-14
Larodde,63190,63690,Appartement,60.0,45000.0,750.0,2024-06-20
Clermont-Ferrand,63113,63000,Appartement,57.0,251000.0,4403.51,2024-06-19
Clermont-Ferrand,63113,63000,Appartement,57.0,251000.0,4403.51,2024-06-19
Clermont-Ferrand,63113,63100,Appartement,84.0,175750.0,2092.26,2024-07-02
Châteaugay,63099,63119,Appartement,38.0,72575.0,1909.87,2024-07-02
Chamalières,63075,63400,Appartement,39.0,108000.0,2769.23,2024-06-24
Riom,63300,63200,Appartement,93.0,109000.0,1172.04,2024-07-03
Celles-sur-Durolle,63066,63250,Maison,92.0,43000.0,467.39,2024-06-26
Celles-sur-Durolle,63066,63250,Maison,87.0,43000.0,494.25,2024-06-26
Orcines,63263,63870,Maison,120.0,146000.0,1216.67,2024-07-08
Youx,63471,63700,Maison,100.0,163100.0,1631.0,2024-07-08
Clermont-Ferrand,63113,63000,Appartement,44.0,50000.0,1136.36,2024-06-26
Clermont-Ferrand,63113,63100,Maison,57.0,127200.0,2231.58,2024-07-01
Aubière,63014,63170,Maison,85.0,135000.0,1588.24,2024-07-02
Clermont-Ferrand,63113,63000,Appartement,19.0,33450.0,1760.53,2024-06-27
La Bourboule,63047,63150,Appartement,127.0,214000.0,1685.04,2024-06-27
La Bourboule,63047,63150,Appartement,44.0,214000.0,4863.64,2024-06-27
Besse-et-Saint-Anastaise,63038,63610,Appartement,25.0,96000.0,3840.0,2024-07-01
Courpière,63125,63120,Appartement,38.0,140000.0,3684.21,2024-07-08
Clermont-Ferrand,63113,63000,Appartement,48.0,147500.0,3072.92,2024-06-24
Nohanent,63254,63830,Appartement,54.0,162000.0,3000.0,2024-07-02
Nohanent,63254,63830,Appartement,40.0,162000.0,4050.0,2024-07-02
Nohanent,63254,63830,Appartement,54.0,162000.0,3000.0,2024-07-02
Pont-du-Château,63284,63430,Maison,67.0,195000.0,2910.45,2024-06-24
Clermont-Ferrand,63113,63000,Maison,93.0,276780.0,2976.13,2024-06-28
Orbeil,63261,63500,Maison,80.0,200000.0,2500.0,2024-06-26
Romagnat,63307,63540,Appartement,78.0,226250.0,2900.64,2024-07-01
Saint-Georges-de-Mons,63349,63780,Appartement,65.0,90000.0,1384.62,2024-06-17
Saint-Georges-de-Mons,63349,63780,Appartement,65.0,90000.0,1384.62,2024-06-17
Thiers,63430,63300,Appartement,54.0,29990.0,555.37,2024-06-27
Clermont-Ferrand,63113,63000,Appartement,68.0,107000.0,1573.53,2024-07-01
Clermont-Ferrand,63113,63000,Appartement,68.0,213910.0,3145.74,2024-07-02
Perrier,63275,63500,Maison,130.0,296500.0,2280.77,2024-06-13
Saint-Martin-des-Plains,63375,63570,Appartement,44.0,87800.0,1995.45,2024-06-19
Saint-Martin-des-Plains,63375,63570,Appartement,60.0,87800.0,1463.33,2024-06-19
Clermont-Ferrand,63113,63100,Appartement,73.0,60000.0,821.92,2024-06-24
Pessat-Villeneuve,63278,63200,Maison,96.0,235000.0,2447.92,2024-07-04
Clermont-Ferrand,63113,63000,Appartement,34.0,49500.0,1455.88,2024-06-27
Clermont-Ferrand,63113,63000,Appartement,132.0,391000.0,2962.12,2024-06-26
Les Ancizes-Comps,63004,63770,Maison,60.0,22500.0,375.0,2024-06-18
Les Ancizes-Comps,63004,63770,Maison,85.0,137221.0,1614.36,2024-07-03
Saint-Hilaire-la-Croix,63358,63440,Maison,80.0,130000.0,1625.0,2024-06-27
Billom,63040,63160,Maison,30.0,17000.0,566.67,2024-07-05
Clermont-Ferrand,63113,63100,Appartement,70.0,108000.0,1542.86,2024-07-03
Clermont-Ferrand,63113,63000,Appartement,68.0,109380.0,1608.53,2024-07-05
Ceyrat,63070,63122,Appartement,45.0,116775.0,2595.0,2024-07-03
Jumeaux,63182,63570,Appartement,85.0,175000.0,2058.82,2024-06-28
Jumeaux,63182,63570,Appartement,28.0,175000.0,6250.0,2024-06-28
Jumeaux,63182,63570,Appartement,28.0,175000.0,6250.0,2024-06-28
Jumeaux,63182,63570,Appartement,85.0,175000.0,2058.82,2024-06-28
Jumeaux,63182,63570,Appartement,85.0,175000.0,2058.82,2024-06-28
La Bourboule,63047,63150,Maison,82.0,111420.0,1358.78,2024-06-22
Cunlhat,63132,63590,Maison,105.0,113500.0,1080.95,2024-06-25
La Bourboule,63047,63150,Appartement,30.0,56000.0,1866.67,2024-06-22
Chamalières,63075,63400,Appartement,75.0,166500.0,2220.0,2024-06-21
Saint-Amant-Roche-Savine,63314,63890,Maison,125.0,85000.0,680.0,2024-06-25
Saint-Éloy-les-Mines,63338,63700,Maison,55.0,27000.0,490.91,2024-06-13
Avèze,63024,63690,Maison,80.0,138000.0,1725.0,2024-06-22
Pionsat,63281,63330,Maison,72.0,58000.0,805.56,2024-06-26
Saint-Nectaire,63380,63710,Appartement,50.0,119200.0,2384.0,2024-06-25
Saint-Nectaire,63380,63710,Appartement,50.0,119200.0,2384.0,2024-06-25
Clermont-Ferrand,63113,63000,Appartement,37.0,245000.0,6621.62,2024-06-21
Clermont-Ferrand,63113,63000,Appartement,83.0,245000.0,2951.81,2024-06-21
Clermont-Ferrand,63113,63000,Appartement,67.0,245000.0,3656.72,2024-06-21
Ceyrat,63070,63122,Maison,70.0,133100.0,1901.43,2024-06-21
Issoire,63178,63500,Maison,74.0,167287.0,2260.64,2024-07-05
La Roche-Blanche,63302,63670,Maison,170.0,519000.0,3052.94,2024-07-05
La Roche-Blanche,63302,63670,Maison,170.0,519000.0,3052.94,2024-07-05
Vollore-Montagne,63468,63120,Maison,60.0,90000.0,1500.0,2024-07-10
Clermont-Ferrand,63113,63100,Appartement,57.0,115000.0,2017.54,2024-06-21
Tours-sur-Meymont,63434,63590,Maison,122.0,134900.0,1105.74,2024-06-24
Tours-sur-Meymont,63434,63590,Maison,122.0,134900.0,1105.74,2024-06-24
Effiat,63143,63260,Maison,89.0,245050.0,2753.37,2024-06-20
Billom,63040,63160,Maison,84.0,226200.0,2692.86,2024-07-01
Clermont-Ferrand,63113,63000,Appartement,38.0,101260.0,2664.74,2024-07-04
Moissat,63229,63190,Maison,99.0,263500.0,2661.62,2024-06-20
Beaumont,63032,63110,Appartement,72.0,183000.0,2541.67,2024-07-05
Clermont-Ferrand,63113,63000,Appartement,81.0,177119.0,2186.65,2024-07-01
Chambaron sur Morge,63244,63200,Maison,120.0,305000.0,2541.67,2024-06-28
Chambaron sur Morge,63244,63200,Maison,38.0,305000.0,8026.32,2024-06-28
Clermont-Ferrand,63113,63000,Appartement,44.0,70060.0,1592.27,2024-07-08
Clermont-Ferrand,63113,63100,Appartement,81.0,139000.0,1716.05,2024-06-20
Châtel-Guyon,63103,63140,Appartement,31.0,77000.0,2483.87,2024-07-04
Riom,63300,63200,Maison,108.0,200500.0,1856.48,2024-07-04
Clermont-Ferrand,63113,63100,Maison,103.0,471500.0,4577.67,2024-06-21
Royat,63308,63130,Appartement,103.0,205000.0,1990.29,2024-06-24
Saint-Jean-d'Heurs,63364,63190,Maison,120.0,255000.0,2125.0,2024-06-20
Saint-Jean-d'Heurs,63364,63190,Maison,120.0,255000.0,2125.0,2024-06-20
Brassac-les-Mines,63050,63570,Maison,105.0,63000.0,600.0,2024-06-19
La Goutelle,63170,63230,Maison,124.0,139950.0,1128.63,2024-07-05
Issoire,63178,63500,Maison,49.0,120000.0,2448.98,2024-06-25
Issoire,63178,63500,Maison,67.0,135000.0,2014.93,2024-06-24
Antoingt,63005,63340,Maison,80.0,77700.0,971.25,2024-06-22
Billom,63040,63160,Maison,151.0,237400.0,1572.19,2024-06-24
Clermont-Ferrand,63113,63000,Appartement,27.0,73000.0,2703.7,2024-06-24
Clermont-Ferrand,63113,63000,Appartement,45.0,91080.0,2024.0,2024-06-21
Ambert,63003,63600,Maison,124.0,90000.0,725.81,2024-06-21
Ambert,63003,63600,Maison,120.0,90000.0,750.0,2024-06-21
Ambert,63003,63600,Maison,120.0,90000.0,750.0,2024-06-21
Clermont-Ferrand,63113,63100,Maison,72.0,128200.0,1780.56,2024-06-12
Ambert,63003,63600,Appartement,43.0,68000.0,1581.4,2024-06-24
Ambert,63003,63600,Appartement,43.0,68000.0,1581.4,2024-06-24
Saint-Bonnet-près-Riom,63327,63200,Maison,86.0,285000.0,3313.95,2024-06-19
Saint-Bonnet-près-Riom,63327,63200,Maison,86.0,285000.0,3313.95,2024-06-19
Clermont-Ferrand,63113,63100,Appartement,74.0,150940.0,2039.73,2024-06-17
Isserteaux,63177,63270,Maison,46.0,55000.0,1195.65,2024-06-18
Isserteaux,63177,63270,Maison,69.0,55000.0,797.1,2024-06-18
Riom,63300,63200,Maison,30.0,301070.0,10035.67,2024-07-03
Riom,63300,63200,Maison,110.0,301070.0,2737.0,2024-07-03
Beauregard-l'Évêque,63034,63116,Maison,79.0,166750.0,2110.76,2024-07-03
Châtel-Guyon,63103,63140,Maison,55.0,53000.0,963.64,2024-07-04
Marsat,63212,63200,Maison,107.0,343900.0,3214.02,2024-06-28
Pont-du-Château,63284,63430,Maison,97.0,282350.0,2910.82,2024-07-03
Olliergues,63258,63880,Maison,60.0,24000.0,400.0,2024-06-27
Murat-le-Quaire,63246,63150,Appartement,37.0,97590.0,2637.57,2024-06-26
Bansat,63029,63570,Maison,100.0,55000.0,550.0,2024-06-21
La Bourboule,63047,63150,Appartement,28.0,97900.0,3496.43,2024-06-24
La Monnerie-le-Montel,63231,63650,Maison,124.0,49840.0,401.94,2024-06-26
Saint-Priest-des-Champs,63388,63640,Maison,89.0,67000.0,752.81,2024-06-21
Saint-Priest-des-Champs,63388,63640,Maison,89.0,67000.0,752.81,2024-06-21
Lezoux,63195,63190,Maison,80.0,194900.0,2436.25,2024-07-08
Lezoux,63195,63190,Maison,40.0,194900.0,4872.5,2024-07-08
Mozac,63245,63200,Appartement,93.0,525000.0,5645.16,2024-06-26
Clermont-Ferrand,63113,63100,Appartement,298.0,389500.0,1307.05,2024-07-03
La Monnerie-le-Montel,63231,63650,Maison,80.0,24700.0,308.75,2024-07-04
Gerzat,63164,63360,Maison,98.0,275000.0,2806.12,2024-07-05
Montaigut,63233,63700,Maison,76.0,55000.0,723.68,2024-07-04
Châtel-Guyon,63103,63140,Appartement,23.0,56500.0,2456.52,2024-07-03
Saint-Rémy-sur-Durolle,63393,63550,Maison,36.0,20000.0,555.56,2024-06-10
Ludesse,63199,63320,Maison,59.0,49900.0,845.76,2024-06-25
Clermont-Ferrand,63113,63000,Maison,69.0,285490.0,4137.54,2024-06-19
Riom,63300,63200,Maison,100.0,332850.0,3328.5,2024-06-19
Riom,63300,63200,Maison,100.0,332850.0,3328.5,2024-06-19
Randan,63295,63310,Maison,82.0,44900.0,547.56,2024-07-10
Courpière,63125,63120,Maison,98.0,100000.0,1020.41,2024-07-05
Courpière,63125,63120,Maison,98.0,100000.0,1020.41,2024-07-05
Tours-sur-Meymont,63434,63590,Maison,90.0,15000.0,166.67,2024-07-12
Ennezat,63148,63720,Maison,96.0,211124.64,2199.22,2024-07-11
Clermont-Ferrand,63113,63100,Appartement,64.0,122550.0,1914.84,2024-07-08
Le Vernet-Chaméane,63448,63580,Maison,62.0,43800.0,706.45,2024-06-26
Clermont-Ferrand,63113,63000,Appartement,26.0,95000.0,3653.85,2024-07-11
Clermont-Ferrand,63113,63000,Appartement,26.0,95000.0,3653.85,2024-07-11
Clermont-Ferrand,63113,63000,Appartement,39.0,244650.0,6273.08,2024-07-01
Clermont-Ferrand,63113,63000,Appartement,39.0,244650.0,6273.08,2024-07-01
Clermont-Ferrand,63113,63000,Appartement,45.0,244650.0,5436.67,2024-07-01
Clermont-Ferrand,63113,63000,Appartement,45.0,244650.0,5436.67,2024-07-01
Clermont-Ferrand,63113,63000,Appartement,21.0,244650.0,11650.0,2024-07-01
Chamalières,63075,63400,Appartement,47.0,34020.0,723.83,2024-06-21
La Sauvetat,63413,63730,Maison,47.0,80750.0,1718.09,2024-06-28
Clermont-Ferrand,63113,63100,Maison,127.0,263500.0,2074.8,2024-07-05
Clermont-Ferrand,63113,63100,Appartement,55.0,105000.0,1909.09,2024-07-09
Saint-Quintin-sur-Sioule,63390,63440,Maison,140.0,120000.0,857.14,2024-06-28
Saint-Quintin-sur-Sioule,63390,63440,Maison,140.0,120000.0,857.14,2024-06-28
Clermont-Ferrand,63113,63100,Appartement,34.0,65000.0,1911.76,2024-07-11
Saint-Sandoux,63395,63450,Maison,120.0,317000.0,2641.67,2024-06-25
Clermont-Ferrand,63113,63000,Appartement,32.0,86000.0,2687.5,2024-06-24
Culhat,63131,63350,Maison,125.0,238000.0,1904.0,2024-06-24
Clermont-Ferrand,63113,63100,Maison,65.0,127000.0,1953.85,2024-06-27
Clermont-Ferrand,63113,63100,Appartement,75.0,125000.0,1666.67,2024-07-05
Clermont-Ferrand,63113,63000,Appartement,89.0,215000.0,2415.73,2024-07-04
Cournon-d'Auvergne,63124,63800,Maison,70.0,180900.0,2584.29,2024-07-09
Clermont-Ferrand,63113,63100,Appartement,35.0,35000.0,1000.0,2024-06-25
Clermont-Ferrand,63113,63100,Appartement,55.0,114400.0,2080.0,2024-07-08
Cournon-d'Auvergne,63124,63800,Maison,84.0,195600.0,2328.57,2024-06-21
Clermont-Ferrand,63113,63000,Appartement,45.0,128300.0,2851.11,2024-06-27
Chamalières,63075,63400,Maison,127.0,150000.0,1181.1,2024-07-10
Clermont-Ferrand,63113,63000,Maison,74.0,98725.0,1334.12,2024-06-24
Courpière,63125,63120,Maison,67.0,88000.0,1313.43,2024-06-27
Clermont-Ferrand,63113,63100,Appartement,79.0,121406.0,1536.78,2024-06-28
Saint-Jean-en-Val,63366,63490,Maison,134.0,237500.0,1772.39,2024-07-03
Clermont-Ferrand,63113,63000,Appartement,56.0,125000.0,2232.14,2024-07-05
Saint-Georges-sur-Allier,63350,63800,Maison,88.0,225855.0,2566.53,2024-06-21
Clermont-Ferrand,63113,63100,Appartement,76.0,65000.0,855.26,2024-06-28
Clermont-Ferrand,63113,63100,Appartement,53.0,107360.0,2025.66,2024-06-28
Chamalières,63075,63400,Maison,96.0,296450.0,3088.02,2024-06-28
Vic-le-Comte,63457,63270,Maison,150.0,180200.0,1201.33,2024-07-04
Pont-du-Château,63284,63430,Maison,91.0,219150.0,2408.24,2024-07-05
Youx,63471,63700,Maison,60.0,37640.0,627.33,2024-06-19
Clermont-Ferrand,63113,63000,Appartement,40.0,127000.0,3175.0,2024-06-21
Beaumont,63032,63110,Appartement,71.0,178400.0,2512.68,2024-07-08
Jumeaux,63182,63570,Maison,105.0,56000.0,533.33,2024-07-03
Mur-sur-Allier,63226,63115,Maison,87.0,292000.0,3356.32,2024-07-09
Mur-sur-Allier,63226,63115,Maison,87.0,292000.0,3356.32,2024-07-09
Le Cendre,63069,63670,Maison,80.0,154625.0,1932.81,2024-07-05
Royat,63308,63130,Maison,41.0,69000.0,1682.93,2024-07-05
Cébazat,63063,63118,Maison,140.0,235500.0,1682.14,2024-07-12
Aubière,63014,63170,Appartement,49.0,119300.0,2434.69,2024-06-28
La Bourboule,63047,63150,Appartement,51.0,94000.0,1843.14,2024-07-03
Beaumont,63032,63110,Appartement,46.0,114000.0,2478.26,2024-07-05
Romagnat,63307,63540,Maison,130.0,125000.0,961.54,2024-07-01
Mur-sur-Allier,63226,63115,Maison,100.0,125120.0,1251.2,2024-07-09
Entraigues,63149,63720,Maison,105.0,226000.0,2152.38,2024-06-25
Cournon-d'Auvergne,63124,63800,Maison,100.0,283000.0,2830.0,2024-06-26
Clermont-Ferrand,63113,63000,Maison,95.0,170000.0,1789.47,2024-06-18
Thiers,63430,63300,Appartement,68.0,180500.0,2654.41,2024-07-05
Thiers,63430,63300,Appartement,49.0,180500.0,3683.67,2024-07-05
Thiers,63430,63300,Appartement,22.0,180500.0,8204.55,2024-07-05
Thiers,63430,63300,Appartement,30.0,180500.0,6016.67,2024-07-05
Thiers,63430,63300,Appartement,72.0,180500.0,2506.94,2024-07-05
Thiers,63430,63300,Appartement,80.0,180500.0,2256.25,2024-07-05
Ambert,63003,63600,Maison,75.0,60000.0,800.0,2024-06-25
Vertaizon,63453,63910,Maison,48.0,95700.0,1993.75,2024-07-12
Lussat,63200,63360,Maison,90.0,167870.0,1865.22,2024-07-09
Le Quartier,63293,63330,Maison,69.0,55000.0,797.1,2024-06-28
Le Quartier,63293,63330,Maison,69.0,55000.0,797.1,2024-06-28
Mozac,63245,63200,Maison,73.0,177390.0,2430.0,2024-07-10
Clermont-Ferrand,63113,63100,Appartement,74.0,110000.0,1486.49,2024-07-10
Montaigut,63233,63700,Maison,147.0,87558.0,595.63,2024-06-28
Montaigut,63233,63700,Maison,147.0,87558.0,595.63,2024-06-28
Clermont-Ferrand,63113,63000,Appartement,83.0,120000.0,1445.78,2024-07-05
Issoire,63178,63500,Appartement,70.0,127480.0,1821.14,2024-06-28
Mont-Dore,63236,63240,Appartement,21.0,70000.0,3333.33,2024-06-20
Mont-Dore,63236,63240,Appartement,21.0,70000.0,3333.33,2024-06-20
Chamalières,63075,63400,Appartement,63.0,95200.0,1511.11,2024-06-28
Clermont-Ferrand,63113,63000,Appartement,60.0,123200.0,2053.33,2024-07-05
Romagnat,63307,63540,Maison,90.0,145350.0,1615.0,2024-06-28
Royat,63308,63130,Maison,125.0,375000.0,3000.0,2024-06-26
Laqueuille,63189,63820,Maison,160.0,120000.0,750.0,2024-07-06
Estandeuil,63155,63520,Maison,101.0,210930.0,2088.42,2024-07-11
Cournon-d'Auvergne,63124,63800,Appartement,88.0,146250.0,1661.93,2024-07-01
Clermont-Ferrand,63113,63000,Appartement,36.0,109300.0,3036.11,2024-07-12
Ambert,63003,63600,Maison,90.0,151400.0,1682.22,2024-06-27
Ambert,63003,63600,Maison,90.0,151400.0,1682.22,2024-06-27
Ambert,63003,63600,Maison,90.0,151400.0,1682.22,2024-06-27
Chamalières,63075,63400,Maison,50.0,235120.0,4702.4,2024-06-25
Chamalières,63075,63400,Maison,14.0,235120.0,16794.29,2024-06-25
Thiers,63430,63300,Appartement,32.0,65000.0,2031.25,2024-06-26
Thiers,63430,63300,Appartement,32.0,65000.0,2031.25,2024-06-26
Thiers,63430,63300,Appartement,56.0,65000.0,1160.71,2024-06-26
Thiers,63430,63300,Appartement,56.0,65000.0,1160.71,2024-06-26
Aydat,63026,63970,Maison,135.0,283000.0,2096.3,2024-06-28
Messeix,63225,63750,Maison,65.0,39900.0,613.85,2024-06-18
Besse-et-Saint-Anastaise,63038,63610,Maison,50.0,433570.0,8671.4,2024-06-27
Sauxillanges,63415,63490,Maison,60.0,149100.0,2485.0,2024-06-28
Thiers,63430,63300,Appartement,110.0,20000.0,181.82,2024-07-09
Thiers,63430,63300,Appartement,40.0,20000.0,500.0,2024-07-09
Thiers,63430,63300,Appartement,110.0,20000.0,181.82,2024-07-09
Thiers,63430,63300,Appartement,40.0,20000.0,500.0,2024-07-09
Saint-Éloy-la-Glacière,63337,63890,Maison,100.0,55000.0,550.0,2024-06-21
Malintrat,63204,63510,Maison,70.0,163000.0,2328.57,2024-06-28
Lezoux,63195,63190,Maison,50.0,88350.0,1767.0,2024-06-25
Joze,63180,63350,Maison,140.0,285000.0,2035.71,2024-07-10
Joze,63180,63350,Maison,117.0,285000.0,2435.9,2024-07-10
Aubière,63014,63170,Maison,94.0,193130.0,2054.57,2024-06-25
Clermont-Ferrand,63113,63000,Appartement,27.0,53950.0,1998.15,2024-06-28
Clermont-Ferrand,63113,63000,Appartement,80.0,173400.0,2167.5,2024-07-10
Riom,63300,63200,Maison,90.0,182550.0,2028.33,2024-07-10
Clermont-Ferrand,63113,63000,Appartement,20.0,67600.0,3380.0,2024-07-10
Riom,63300,63200,Appartement,164.0,98990.0,603.6,2024-07-09
Riom,63300,63200,Appartement,50.0,98990.0,1979.8,2024-07-09
Clermont-Ferrand,63113,63100,Appartement,58.0,126000.0,2172.41,2024-07-09
Le Cheix,63108,63200,Maison,91.0,233000.0,2560.44,2024-07-08
Le Cheix,63108,63200,Maison,91.0,233000.0,2560.44,2024-07-08
Châtel-Guyon,63103,63140,Appartement,72.0,233000.0,3236.11,2024-06-28
Châtel-Guyon,63103,63140,Appartement,60.0,233000.0,3883.33,2024-06-28
Châtel-Guyon,63103,63140,Appartement,70.0,233000.0,3328.57,2024-06-28
Châtel-Guyon,63103,63140,Appartement,78.0,233000.0,2987.18,2024-06-28
Saint-Julien-de-Coppel,63368,63160,Maison,65.0,67500.0,1038.46,2024-07-01
Teilhet,63428,63560,Maison,58.0,40000.0,689.66,2024-06-27
Chamalières,63075,63400,Maison,83.0,403000.0,4855.42,2024-07-10
Saint-Éloy-les-Mines,63338,63700,Maison,54.0,20000.0,370.37,2024-06-27
Thiers,63430,63300,Maison,93.0,226000.0,2430.11,2024-07-01
La Bourboule,63047,63150,Appartement,130.0,130000.0,1000.0,2024-06-29
Clermont-Ferrand,63113,63000,Appartement,61.0,85000.0,1393.44,2024-07-05
Clermont-Ferrand,63113,63000,Appartement,53.0,150000.0,2830.19,2024-06-27
Clermont-Ferrand,63113,63100,Appartement,41.0,87000.0,2121.95,2024-07-11
La Bourboule,63047,63150,Appartement,27.0,55250.0,2046.3,2024-06-28
La Bourboule,63047,63150,Appartement,31.0,68185.0,2199.52,2024-06-28
Clermont-Ferrand,63113,63000,Appartement,98.0,185300.0,1890.82,2024-07-16
Issoire,63178,63500,Appartement,9.0,116679.07,12964.34,2024-06-25
Issoire,63178,63500,Appartement,9.0,116679.07,12964.34,2024-06-25
Issoire,63178,63500,Appartement,9.0,116679.07,12964.34,2024-06-25
Clermont-Ferrand,63113,63100,Appartement,40.0,90250.0,2256.25,2024-06-24
Thiers,63430,63300,Appartement,87.0,88500.0,1017.24,2024-06-27
Clermont-Ferrand,63113,63000,Appartement,47.0,109500.0,2329.79,2024-06-20
Maringues,63210,63350,Maison,192.0,219550.0,1143.49,2024-07-10
Riom,63300,63200,Maison,100.0,190000.0,1900.0,2024-07-11
Châtel-Guyon,63103,63140,Maison,83.0,174528.0,2102.75,2024-07-05
Châtel-Guyon,63103,63140,Maison,83.0,174528.0,2102.75,2024-07-05
Aydat,63026,63970,Maison,157.0,664000.0,4229.3,2024-06-24
Aydat,63026,63970,Maison,90.0,664000.0,7377.78,2024-06-24
Cébazat,63063,63118,Maison,62.0,220000.0,3548.39,2024-06-28
Chamalières,63075,63400,Appartement,113.0,180000.0,1592.92,2024-07-04
Billom,63040,63160,Maison,100.0,267330.0,2673.3,2024-06-28
Les Ancizes-Comps,63004,63770,Maison,165.0,273090.0,1655.09,2024-07-01
Les Ancizes-Comps,63004,63770,Maison,165.0,273090.0,1655.09,2024-07-01
Clermont-Ferrand,63113,63100,Appartement,90.0,112750.0,1252.78,2024-06-28
Riom,63300,63200,Maison,80.0,157730.0,1971.62,2024-07-02
Le Cendre,63069,63670,Maison,73.0,168400.0,2306.85,2024-07-15
Thiers,63430,63300,Maison,135.0,257000.0,1903.7,2024-07-15
Thiers,63430,63300,Maison,135.0,257000.0,1903.7,2024-07-15
Clermont-Ferrand,63113,63100,Appartement,95.0,89000.0,936.84,2024-07-09
Celles-sur-Durolle,63066,63250,Maison,102.0,139000.0,1362.75,2024-07-01
Thiers,63430,63300,Appartement,75.0,58000.0,773.33,2024-07-05
Ludesse,63199,63320,Maison,75.0,64000.0,853.33,2024-07-01
Coudes,63121,63114,Maison,58.0,83000.0,1431.03,2024-07-01
Le Crest,63126,63450,Maison,124.0,353400.0,2850.0,2024-06-24
Clermont-Ferrand,63113,63000,Appartement,18.0,129000.0,7166.67,2024-07-04
Clermont-Ferrand,63113,63000,Appartement,18.0,129000.0,7166.67,2024-07-04
Mont-Dore,63236,63240,Appartement,90.0,204830.0,2275.89,2024-07-02
Clermont-Ferrand,63113,63000,Appartement,97.0,211000.0,2175.26,2024-07-01
Clermont-Ferrand,63113,63100,Appartement,38.0,210200.0,5531.58,2024-07-02
Clermont-Ferrand,63113,63100,Appartement,50.0,210200.0,4204.0,2024-07-02
Clermont-Ferrand,63113,63100,Appartement,36.0,210200.0,5838.89,2024-07-02
La Bourboule,63047,63150,Appartement,20.0,17000.0,850.0,2024-07-01
Bas-et-Lezat,63030,63310,Maison,87.0,77500.0,890.8,2024-07-15
Aulnat,63019,63510,Maison,76.0,144000.0,1894.74,2024-07-11
Maringues,63210,63350,Maison,84.0,199500.0,2375.0,2024-07-10
Clermont-Ferrand,63113,63000,Appartement,38.0,104000.0,2736.84,2024-07-04
La Bourboule,63047,63150,Appartement,18.0,40000.0,2222.22,2024-07-15
Auzat-la-Combelle,63022,63570,Maison,50.0,48500.0,970.0,2024-07-05
Clermont-Ferrand,63113,63100,Appartement,55.0,89000.0,1618.18,2024-07-09
Romagnat,63307,63540,Appartement,72.0,145000.0,2013.89,2024-07-10
Égliseneuve-d'Entraigues,63144,63850,Maison,64.0,30000.0,468.75,2024-07-04
Nohanent,63254,63830,Maison,43.0,70000.0,1627.91,2024-06-25
Chamalières,63075,63400,Appartement,64.0,230000.0,3593.75,2024-06-26
Clermont-Ferrand,63113,63000,Appartement,63.0,176160.0,2796.19,2024-06-27
Gerzat,63164,63360,Maison,143.0,356250.0,2491.26,2024-06-26
Marsac-en-Livradois,63211,63940,Maison,90.0,62500.0,694.44,2024-07-03
Pont-du-Château,63284,63430,Maison,113.0,258750.0,2289.82,2024-06-28
Chastreix,63098,63680,Appartement,32.0,87960.0,2748.75,2024-07-12
Saint-Jean-des-Ollières,63365,63520,Maison,90.0,60000.0,666.67,2024-07-04
Riom,63300,63200,Appartement,124.0,246000.0,1983.87,2024-07-10
Riom,63300,63200,Appartement,41.0,97500.0,2378.05,2024-07-11
Maringues,63210,63350,Maison,105.0,50000.0,476.19,2024-07-03
Aigueperse,63001,63260,Appartement,109.0,103500.0,949.54,2024-06-28
Clermont-Ferrand,63113,63000,Appartement,70.0,170100.0,2430.0,2024-06-25
Issoire,63178,63500,Appartement,25.0,50000.0,2000.0,2024-07-06
Vollore-Ville,63469,63120,Maison,95.0,240100.0,2527.37,2024-06-25
Vollore-Ville,63469,63120,Maison,97.0,240100.0,2475.26,2024-06-25
Perrier,63275,63500,Maison,91.0,120800.0,1327.47,2024-07-06
Clermont-Ferrand,63113,63000,Appartement,104.0,175950.0,1691.83,2024-07-08
Les Martres-de-Veyre,63214,63730,Maison,77.0,66400.0,862.34,2024-07-04
Thiers,63430,63300,Maison,64.0,99750.0,1558.59,2024-07-12
Thiers,63430,63300,Maison,64.0,99750.0,1558.59,2024-07-12
Charbonnier-les-Mines,63091,63340,Maison,47.0,46000.0,978.72,2024-06-22
Bromont-Lamothe,63055,63230,Maison,164.0,293550.0,1789.94,2024-07-17
Bromont-Lamothe,63055,63230,Maison,164.0,293550.0,1789.94,2024-07-17
Clermont-Ferrand,63113,63100,Appartement,70.0,2000000.0,28571.43,2024-06-27
Chalus,63074,63340,Maison,63.0,94500.0,1500.0,2024-06-25
Perrier,63275,63500,Maison,81.0,160000.0,1975.31,2024-06-27
Perrier,63275,63500,Maison,81.0,160000.0,1975.31,2024-06-27
Saint-Gervazy,63356,63340,Maison,185.0,273050.0,1475.95,2024-06-26
Issoire,63178,63500,Maison,100.0,162550.0,1625.5,2024-07-03
Saint-Martin-d'Ollières,63376,63580,Maison,92.0,96055.0,1044.08,2024-07-02
Besse-et-Saint-Anastaise,63038,63610,Appartement,48.0,132500.0,2760.42,2024-07-08
Lezoux,63195,63190,Appartement,56.0,137250.0,2450.89,2024-07-12
Lezoux,63195,63190,Appartement,72.0,137250.0,1906.25,2024-07-12
Clermont-Ferrand,63113,63000,Appartement,30.0,75000.0,2500.0,2024-07-16
Puy-Guillaume,63291,63290,Appartement,40.0,166880.0,4172.0,2024-07-15
Puy-Guillaume,63291,63290,Appartement,92.0,166880.0,1813.91,2024-07-15
Clermont-Ferrand,63113,63000,Maison,80.0,200000.0,2500.0,2024-07-12
Issoire,63178,63500,Appartement,17.0,136400.0,8023.53,2024-06-28
Issoire,63178,63500,Appartement,27.0,136400.0,5051.85,2024-06-28
Issoire,63178,63500,Appartement,25.0,136400.0,5456.0,2024-06-28
Issoire,63178,63500,Appartement,27.0,136400.0,5051.85,2024-06-28
Issoire,63178,63500,Maison,99.0,206600.0,2086.87,2024-07-04
Chappes,63089,63720,Maison,70.0,175300.0,2504.29,2024-07-12
Clermont-Ferrand,63113,63100,Appartement,62.0,124520.0,2008.39,2024-07-01
Clermont-Ferrand,63113,63000,Appartement,138.0,280000.0,2028.99,2024-06-26
Beaumont,63032,63110,Maison,101.0,340000.0,3366.34,2024-07-05
Courpière,63125,63120,Maison,255.0,270300.0,1060.0,2024-07-04
Courpière,63125,63120,Maison,255.0,270300.0,1060.0,2024-07-04
Saurier,63409,63320,Maison,100.0,110000.0,1100.0,2024-07-11
Clermont-Ferrand,63113,63000,Appartement,47.0,126000.0,2680.85,2024-06-27
Chamalières,63075,63400,Maison,110.0,310000.0,2818.18,2024-07-15
Aulnat,63019,63510,Maison,70.0,145730.0,2081.86,2024-07-05
Saint-Ignat,63362,63720,Maison,76.0,228100.0,3001.32,2024-06-28
Pérignat-sur-Allier,63273,63800,Maison,45.0,343000.0,7622.22,2024-07-11
Pérignat-sur-Allier,63273,63800,Maison,112.0,343000.0,3062.5,2024-07-11
Pérignat-sur-Allier,63273,63800,Maison,45.0,343000.0,7622.22,2024-07-11
Pérignat-sur-Allier,63273,63800,Maison,112.0,343000.0,3062.5,2024-07-11
Bagnols,63028,63810,Maison,18.0,12900.0,716.67,2024-06-27
Charbonnières-les-Varennes,63092,63410,Maison,121.0,108300.0,895.04,2024-07-12
Celles-sur-Durolle,63066,63250,Maison,75.0,57000.0,760.0,2024-07-05
Orléat,63265,63190,Maison,104.0,30850.0,296.63,2024-07-01
Enval,63150,63530,Maison,114.0,297000.0,2605.26,2024-07-11
Enval,63150,63530,Maison,114.0,297000.0,2605.26,2024-07-11
Royat,63308,63130,Appartement,18.0,48000.0,2666.67,2024-06-25
Saint-Rémy-de-Blot,63391,63440,Maison,100.0,413490.0,4134.9,2024-07-17
Saint-Rémy-de-Blot,63391,63440,Maison,149.0,413490.0,2775.1,2024-07-17
Mont-Dore,63236,63240,Appartement,58.0,155000.0,2672.41,2024-07-05
Les Ancizes-Comps,63004,63770,Maison,76.0,105000.0,1381.58,2024-07-05
Les Ancizes-Comps,63004,63770,Maison,76.0,105000.0,1381.58,2024-07-05
Clermont-Ferrand,63113,63000,Appartement,25.0,56700.0,2268.0,2024-07-01
Le Cendre,63069,63670,Maison,102.0,280953.0,2754.44,2024-06-28
Mazoires,63220,63420,Maison,38.0,62750.0,1651.32,2024-07-03
Cébazat,63063,63118,Maison,97.0,740000.0,7628.87,2024-07-05
Cébazat,63063,63118,Maison,97.0,740000.0,7628.87,2024-07-05
Aubière,63014,63170,Maison,60.0,62000.0,1033.33,2024-07-08
Clermont-Ferrand,63113,63100,Maison,90.0,142000.0,1577.78,2024-06-28
Clermont-Ferrand,63113,63000,Appartement,63.0,140485.0,2229.92,2024-07-15
La Chapelle-Marcousse,63087,63420,Maison,50.0,50000.0,1000.0,2024-07-05
La Chapelle-Marcousse,63087,63420,Maison,50.0,50000.0,1000.0,2024-07-05
Sayat,63417,63530,Maison,114.0,376900.0,3306.14,2024-07-08
Charbonnières-les-Varennes,63092,63410,Maison,150.0,306900.0,2046.0,2024-07-04
Charbonnières-les-Varennes,63092,63410,Maison,150.0,306900.0,2046.0,2024-07-04
Aubière,63014,63170,Maison,102.0,1300000.0,12745.1,2024-06-27
Charbonnières-les-Varennes,63092,63410,Maison,130.0,351500.0,2703.85,2024-07-04
Charbonnières-les-Varennes,63092,63410,Maison,130.0,351500.0,2703.85,2024-07-04
Espirat,63154,63160,Maison,52.0,153400.0,2950.0,2024-06-27
Sugères,63423,63490,Maison,88.0,105000.0,1193.18,2024-07-04
Sugères,63423,63490,Maison,31.0,105000.0,3387.1,2024-07-04
Chamalières,63075,63400,Appartement,118.0,331000.0,2805.08,2024-07-01
Saint-Anthème,63319,63660,Maison,90.0,28000.0,311.11,2024-07-09
Aubière,63014,63170,Appartement,32.0,54160.0,1692.5,2024-07-16
Chauriat,63106,63117,Maison,102.0,218000.0,2137.25,2024-06-20
Chauriat,63106,63117,Maison,102.0,218000.0,2137.25,2024-06-20
Chamalières,63075,63400,Appartement,69.0,186700.0,2705.8,2024-07-03
Saint-Bonnet-près-Riom,63327,63200,Maison,82.0,147350.0,1796.95,2024-07-17
Clermont-Ferrand,63113,63000,Appartement,120.0,391500.0,3262.5,2024-07-10
Lezoux,63195,63190,Maison,102.0,304300.0,2983.33,2024-07-10
Chanonat,63084,63450,Maison,105.0,423200.0,4030.48,2024-07-03
Chanonat,63084,63450,Maison,105.0,423200.0,4030.48,2024-07-03
Saint-Genès-Champanelle,63345,63122,Maison,151.0,437750.0,2899.01,2024-07-02
Saint-Genès-Champanelle,63345,63122,Maison,151.0,437750.0,2899.01,2024-07-02
Clermont-Ferrand,63113,63100,Appartement,59.0,89500.0,1516.95,2024-06-27
Bourg-Lastic,63048,63760,Maison,40.0,45000.0,1125.0,2024-07-05
Bourg-Lastic,63048,63760,Maison,65.0,45000.0,692.31,2024-07-05
Clermont-Ferrand,63113,63000,Appartement,80.0,110000.0,1375.0,2024-06-26
Clermont-Ferrand,63113,63000,Appartement,80.0,115000.0,1437.5,2024-07-16
Isserteaux,63177,63270,Maison,130.0,323000.0,2484.62,2024-07-11
Isserteaux,63177,63270,Maison,130.0,323000.0,2484.62,2024-07-11
Saint-Saturnin,63396,63450,Maison,106.0,300000.0,2830.19,2024-07-15
Saint-Saturnin,63396,63450,Maison,78.0,96500.0,1237.18,2024-07-10
Vic-le-Comte,63457,63270,Maison,82.0,216700.0,2642.68,2024-07-12
Aubière,63014,63170,Maison,40.0,84550.0,2113.75,2024-07-01
Saint-Amant-Tallende,63315,63450,Maison,124.0,359100.0,2895.97,2024-07-17
Saint-Genès-Champanelle,63345,63122,Maison,96.0,100000.0,1041.67,2024-07-08
Clermont-Ferrand,63113,63000,Appartement,18.0,50000.0,2777.78,2024-07-08
Besse-et-Saint-Anastaise,63038,63610,Maison,45.0,500000.0,11111.11,2024-07-03
Besse-et-Saint-Anastaise,63038,63610,Maison,255.0,500000.0,1960.78,2024-07-03
Saint-Saturnin,63396,63450,Maison,120.0,335870.0,2798.92,2024-07-17
Saint-Saturnin,63396,63450,Maison,120.0,335870.0,2798.92,2024-07-17
Buxières-sous-Montaigut,63062,63700,Maison,68.0,85714.0,1260.5,2024-07-05
Buxières-sous-Montaigut,63062,63700,Maison,68.0,85714.0,1260.5,2024-07-05
Buxières-sous-Montaigut,63062,63700,Maison,68.0,85714.0,1260.5,2024-07-05
La Bourboule,63047,63150,Maison,56.0,75000.0,1339.29,2024-07-04
Clermont-Ferrand,63113,63100,Appartement,79.0,121670.0,1540.13,2024-07-03
Clermont-Ferrand,63113,63100,Appartement,48.0,114000.0,2375.0,2024-07-03
Clermont-Ferrand,63113,63100,Appartement,48.0,114000.0,2375.0,2024-07-03
Clermont-Ferrand,63113,63100,Appartement,20.0,114000.0,5700.0,2024-07-03
La Bourboule,63047,63150,Maison,51.0,120000.0,2352.94,2024-07-08
La Bourboule,63047,63150,Maison,51.0,120000.0,2352.94,2024-07-08
La Bourboule,63047,63150,Maison,70.0,120000.0,1714.29,2024-07-08
Vensat,63446,63260,Maison,160.0,389800.0,2436.25,2024-07-12
Clermont-Ferrand,63113,63100,Appartement,72.0,113000.0,1569.44,2024-07-03
Clermont-Ferrand,63113,63100,Appartement,66.0,113000.0,1712.12,2024-07-03
Clermont-Ferrand,63113,63100,Maison,66.0,122436.0,1855.09,2024-07-10
Malauzat,63203,63200,Maison,146.0,555000.0,3801.37,2024-07-05
Saint-Amant-Roche-Savine,63314,63890,Maison,199.0,330400.0,1660.3,2024-07-02
Saint-Amant-Roche-Savine,63314,63890,Maison,199.0,330400.0,1660.3,2024-07-02
Clermont-Ferrand,63113,63000,Appartement,64.0,94000.0,1468.75,2024-07-05
Beaumont,63032,63110,Appartement,48.0,121500.0,2531.25,2024-07-03
Valcivières,63441,63600,Maison,72.0,51500.0,715.28,2024-07-02
Châtel-Guyon,63103,63140,Appartement,17.0,132000.0,7764.71,2024-07-19
Clermont-Ferrand,63113,63000,Appartement,95.0,258150.0,2717.37,2024-07-11
Clermont-Ferrand,63113,63000,Appartement,21.0,61690.0,2937.62,2024-07-18
Clermont-Ferrand,63113,63000,Appartement,77.0,117500.0,1525.97,2024-07-17
Vernines,63451,63210,Maison,81.0,119000.0,1469.14,2024-07-19
Saint-Rémy-sur-Durolle,63393,63550,Maison,82.0,87200.0,1063.41,2024-07-01
Mozac,63245,63200,Maison,120.0,330500.0,2754.17,2024-07-08
Riom,63300,63200,Maison,263.0,446000.0,1695.82,2024-07-09
Riom,63300,63200,Maison,263.0,446000.0,1695.82,2024-07-09
Riom,63300,63200,Maison,263.0,446000.0,1695.82,2024-07-09
Clermont-Ferrand,63113,63000,Appartement,70.0,116000.0,1657.14,2024-06-27
Clermont-Ferrand,63113,63000,Appartement,52.0,113300.0,2178.85,2024-06-26
Clermont-Ferrand,63113,63000,Appartement,47.0,83000.0,1765.96,2024-06-28
Saint-Germain-Lembron,63352,63340,Maison,93.0,227100.0,2441.94,2024-07-20
Clermont-Ferrand,63113,63000,Appartement,70.0,137600.0,1965.71,2024-07-13
Clermont-Ferrand,63113,63000,Appartement,81.0,162400.0,2004.94,2024-07-10
Chamalières,63075,63400,Appartement,63.0,112600.0,1787.3,2024-07-15
Clermont-Ferrand,63113,63000,Appartement,137.0,390500.0,2850.36,2024-07-16
Mont-Dore,63236,63240,Appartement,30.0,81280.0,2709.33,2024-07-06
Clermont-Ferrand,63113,63000,Appartement,72.0,114250.0,1586.81,2024-07-17
Clermont-Ferrand,63113,63100,Appartement,54.0,124000.0,2296.3,2024-07-22
La Roche-Blanche,63302,63670,Maison,80.0,35000.0,437.5,2024-07-19
Lezoux,63195,63190,Maison,95.0,157000.0,1652.63,2024-06-20
Lezoux,63195,63190,Maison,105.0,157000.0,1495.24,2024-06-20
Clermont-Ferrand,63113,63000,Appartement,109.0,208400.0,1911.93,2024-07-18
Le Brugeron,63057,63880,Maison,108.0,117500.0,1087.96,2024-07-05
Loubeyrat,63198,63410,Maison,123.0,251846.0,2047.53,2024-07-10
Châteaugay,63099,63119,Maison,82.0,189396.0,2309.71,2024-07-05
Beaumont,63032,63110,Appartement,170.0,374726.0,2204.27,2024-07-12
Laqueuille,63189,63820,Maison,114.0,72000.0,631.58,2024-07-05
Clermont-Ferrand,63113,63000,Appartement,31.0,57500.0,1854.84,2024-07-10
Clermont-Ferrand,63113,63100,Maison,94.0,315500.0,3356.38,2024-07-15
Les Martres-de-Veyre,63214,63730,Maison,110.0,47500.0,431.82,2024-07-12
Beurières,63039,63220,Maison,120.0,6500.0,54.17,2024-07-08
Clermont-Ferrand,63113,63000,Appartement,55.0,93000.0,1690.91,2024-07-12
Clermont-Ferrand,63113,63000,Appartement,22.0,53000.0,2409.09,2024-06-27
Clermont-Ferrand,63113,63100,Appartement,83.0,239200.0,2881.93,2024-07-15
Sainte-Catherine,63328,63580,Maison,80.0,38000.0,475.0,2024-07-20
La Chapelle-sur-Usson,63088,63580,Maison,92.0,80000.0,869.57,2024-07-12
Joze,63180,63350,Maison,94.0,221000.0,2351.06,2024-07-17
Joze,63180,63350,Maison,94.0,221000.0,2351.06,2024-07-17
Pont-du-Château,63284,63430,Maison,96.0,268000.0,2791.67,2024-06-27
La Bourboule,63047,63150,Appartement,53.0,69350.0,1308.49,2024-07-09
Limons,63196,63290,Maison,92.0,116500.0,1266.3,2024-07-16
Prondines,63289,63470,Maison,144.0,145331.34,1009.25,2024-07-04
Prondines,63289,63470,Maison,144.0,145331.34,1009.25,2024-07-04
Charbonnières-les-Varennes,63092,63410,Maison,140.0,250100.0,1786.43,2024-07-11
Maringues,63210,63350,Maison,57.0,151000.0,2649.12,2024-06-24
Picherande,63279,63113,Maison,102.0,319200.0,3129.41,2024-07-18
Picherande,63279,63113,Maison,102.0,319200.0,3129.41,2024-07-18
Bourg-Lastic,63048,63760,Maison,80.0,97950.0,1224.38,2024-07-10
Chaumont-le-Bourg,63105,63220,Maison,179.0,80000.0,446.93,2024-05-17
Chaumont-le-Bourg,63105,63220,Maison,161.0,80000.0,496.89,2024-05-17
Cournon-d'Auvergne,63124,63800,Maison,70.0,120000.0,1714.29,2024-07-04
Mur-sur-Allier,63226,63115,Maison,56.0,63000.0,1125.0,2024-07-23
Tours-sur-Meymont,63434,63590,Maison,80.0,44000.0,550.0,2024-01-05
Besse-et-Saint-Anastaise,63038,63610,Appartement,44.0,139000.0,3159.09,2024-07-23
Ambert,63003,63600,Maison,130.0,175000.0,1346.15,2024-06-26
Ambert,63003,63600,Maison,130.0,175000.0,1346.15,2024-06-26
Ambert,63003,63600,Maison,130.0,175000.0,1346.15,2024-06-26
Mirefleurs,63227,63730,Maison,150.0,420000.0,2800.0,2024-06-25
Châtel-Guyon,63103,63140,Maison,130.0,138000.0,1061.54,2024-07-04
Le Vernet-Chaméane,63448,63580,Maison,49.0,29000.0,591.84,2024-07-12
Clermont-Ferrand,63113,63000,Appartement,101.0,284220.0,2814.06,2024-07-09
Clermont-Ferrand,63113,63100,Appartement,63.0,178800.0,2838.1,2024-06-27
Ménétrol,63224,63200,Maison,90.0,114500.0,1272.22,2024-07-15
Ménétrol,63224,63200,Maison,90.0,114500.0,1272.22,2024-07-15
Mozac,63245,63200,Maison,98.0,204700.0,2088.78,2024-07-15
Sugères,63423,63490,Maison,160.0,262500.0,1640.62,2024-07-17
Cournon-d'Auvergne,63124,63800,Appartement,94.0,136000.0,1446.81,2024-07-22
Gerzat,63164,63360,Maison,40.0,130000.0,3250.0,2024-07-04
Lempdes,63193,63370,Maison,130.0,510400.0,3926.15,2024-07-15
Aulnat,63019,63510,Maison,76.0,150000.0,1973.68,2024-07-05
Sauxillanges,63415,63490,Maison,80.0,73000.0,912.5,2024-07-16
Celles-sur-Durolle,63066,63250,Maison,101.0,172120.0,1704.16,2024-07-16
Celles-sur-Durolle,63066,63250,Maison,101.0,172120.0,1704.16,2024-07-16
Le Breuil-sur-Couze,63052,63340,Maison,150.0,105000.0,700.0,2024-07-03
Clermont-Ferrand,63113,63100,Maison,110.0,145000.0,1318.18,2024-07-08
Clermont-Ferrand,63113,63000,Appartement,43.0,79700.0,1853.49,2024-07-17
Clermont-Ferrand,63113,63100,Appartement,50.0,127200.0,2544.0,2024-07-22
Thiers,63430,63300,Maison,65.0,56800.0,873.85,2024-07-01
Gerzat,63164,63360,Appartement,61.0,115000.0,1885.25,2024-06-28
La Monnerie-le-Montel,63231,63650,Maison,52.0,21301.23,409.64,2024-07-08
Charbonnières-les-Varennes,63092,63410,Maison,113.0,206200.0,1824.78,2024-07-24
Charbonnières-les-Varennes,63092,63410,Maison,113.0,206200.0,1824.78,2024-07-24
Le Vernet-Chaméane,63448,63580,Maison,103.0,121645.0,1181.02,2024-07-05
Le Vernet-Chaméane,63448,63580,Maison,103.0,121645.0,1181.02,2024-07-05
Lamontgie,63185,63570,Maison,46.0,80000.0,1739.13,2024-07-09
Perrier,63275,63500,Appartement,84.0,140000.0,1666.67,2024-07-04
Issoire,63178,63500,Appartement,64.0,84000.0,1312.5,2024-07-09
Clermont-Ferrand,63113,63000,Appartement,30.0,78000.0,2600.0,2024-07-17
Issoire,63178,63500,Maison,93.0,189715.0,2039.95,2024-07-19
La Roche-Noire,63306,63800,Maison,149.0,378160.0,2537.99,2024-06-28
La Roche-Noire,63306,63800,Maison,149.0,378160.0,2537.99,2024-06-28
Clermont-Ferrand,63113,63100,Maison,100.0,260380.0,2603.8,2024-07-02
Clermont-Ferrand,63113,63000,Maison,50.0,135000.0,2700.0,2024-06-28
Les Martres-de-Veyre,63214,63730,Maison,66.0,205200.0,3109.09,2024-07-15
Riom,63300,63200,Maison,114.0,249530.0,2188.86,2024-07-24
Chabreloche,63072,63250,Maison,92.0,141000.0,1532.61,2024-07-18
Gerzat,63164,63360,Appartement,48.0,90000.0,1875.0,2024-07-15
Saint-Jean-d'Heurs,63364,63190,Maison,150.0,327850.0,2185.67,2024-07-03
Saint-Jean-d'Heurs,63364,63190,Maison,150.0,327850.0,2185.67,2024-07-03
Thiers,63430,63300,Maison,46.0,19000.0,413.04,2024-07-04
Marsac-en-Livradois,63211,63940,Appartement,118.0,139000.0,1177.97,2024-07-10
Marsac-en-Livradois,63211,63940,Appartement,48.0,139000.0,2895.83,2024-07-10
Marsac-en-Livradois,63211,63940,Appartement,40.0,139000.0,3475.0,2024-07-10
Marsac-en-Livradois,63211,63940,Appartement,40.0,139000.0,3475.0,2024-07-10
Marsac-en-Livradois,63211,63940,Appartement,70.0,139000.0,1985.71,2024-07-10
Clermont-Ferrand,63113,63000,Appartement,113.0,370440.0,3278.23,2024-07-15
Clermont-Ferrand,63113,63100,Appartement,39.0,103500.0,2653.85,2024-07-16
Clermont-Ferrand,63113,63000,Maison,90.0,245000.0,2722.22,2024-07-22
Lisseuil,63197,63440,Maison,100.0,100000.0,1000.0,2024-07-18
Aurières,63020,63210,Maison,36.0,57000.0,1583.33,2024-07-22
Issoire,63178,63500,Appartement,45.0,115500.0,2566.67,2024-06-29
Issoire,63178,63500,Appartement,55.0,115500.0,2100.0,2024-06-29
Le Cendre,63069,63670,Maison,173.0,355405.0,2054.36,2024-07-18
Orléat,63265,63190,Maison,94.0,212970.0,2265.64,2024-07-02
Orléat,63265,63190,Maison,94.0,212970.0,2265.64,2024-07-02
Riom,63300,63200,Appartement,89.0,210060.0,2360.22,2024-07-19
Chamalières,63075,63400,Appartement,88.0,137970.0,1567.84,2024-07-03
Saint-Floret,63342,63320,Maison,90.0,208000.0,2311.11,2024-07-17
Saint-Georges-de-Mons,63349,63780,Maison,113.0,200000.0,1769.91,2024-07-19
Ambert,63003,63600,Appartement,90.0,120842.0,1342.69,2024-07-05
Clermont-Ferrand,63113,63000,Appartement,55.0,96000.0,1745.45,2024-07-15
Lussat,63200,63360,Maison,101.0,175000.0,1732.67,2024-07-18
Clermont-Ferrand,63113,63000,Maison,70.0,245000.0,3500.0,2024-07-17
Beaumont,63032,63110,Appartement,18.0,54000.0,3000.0,2024-07-18
Cournon-d'Auvergne,63124,63800,Maison,95.0,187900.0,1977.89,2024-07-17
Riom,63300,63200,Maison,350.0,300000.0,857.14,2024-07-08
Clermont-Ferrand,63113,63000,Maison,90.0,311000.0,3455.56,2024-07-17
Olliergues,63258,63880,Maison,207.0,96000.0,463.77,2024-07-15
Clermont-Ferrand,63113,63000,Appartement,67.0,168000.0,2507.46,2024-07-10
Bagnols,63028,63810,Maison,48.0,128030.0,2667.29,2024-07-25
La Tour-d'Auvergne,63192,63680,Appartement,90.0,215750.0,2397.22,2024-07-09
La Tour-d'Auvergne,63192,63680,Appartement,60.0,215750.0,3595.83,2024-07-09
Clermont-Ferrand,63113,63000,Appartement,31.0,56000.0,1806.45,2024-07-16
Murol,63247,63790,Maison,88.0,140000.0,1590.91,2024-07-12
Saint-Bonnet-près-Riom,63327,63200,Maison,93.0,229600.0,2468.82,2024-07-16
Cournon-d'Auvergne,63124,63800,Appartement,80.0,146500.0,1831.25,2024-07-19
Clermont-Ferrand,63113,63000,Appartement,31.0,50000.0,1612.9,2024-07-19
Riom,63300,63200,Maison,96.0,180000.0,1875.0,2024-07-17
Cébazat,63063,63118,Maison,80.0,215500.0,2693.75,2024-07-19
Vollore-Ville,63469,63120,Maison,124.0,168000.0,1354.84,2024-07-04
Thiers,63430,63300,Appartement,54.0,20000.0,370.37,2024-07-04
Billom,63040,63160,Maison,75.0,147000.0,1960.0,2024-07-24
Clermont-Ferrand,63113,63000,Appartement,37.0,65000.0,1756.76,2024-07-23
Billom,63040,63160,Maison,101.0,235000.0,2326.73,2024-07-15
Romagnat,63307,63540,Maison,104.0,237000.0,2278.85,2024-07-05
Royat,63308,63130,Maison,90.0,275500.0,3061.11,2024-07-04
Aigueperse,63001,63260,Maison,130.0,230670.0,1774.38,2024-07-10
Chamalières,63075,63400,Appartement,53.0,134000.0,2528.3,2024-07-22
Saint-Georges-de-Mons,63349,63780,Maison,90.0,104400.0,1160.0,2024-07-05
Lachaux,63184,63290,Maison,138.0,65000.0,471.01,2024-07-02
Clermont-Ferrand,63113,63100,Appartement,65.0,79800.0,1227.69,2024-07-19
Nohanent,63254,63830,Maison,109.0,290800.0,2667.89,2024-07-19
Clermont-Ferrand,63113,63000,Appartement,150.0,270000.0,1800.0,2024-07-05
Chamalières,63075,63400,Appartement,82.0,304000.0,3707.32,2024-07-04
Clermont-Ferrand,63113,63100,Appartement,40.0,92000.0,2300.0,2024-07-17
Clermont-Ferrand,63113,63000,Appartement,72.0,182000.0,2527.78,2024-07-17
Fernoël,63159,63620,Maison,120.0,135000.0,1125.0,2024-07-25
Gerzat,63164,63360,Maison,38.0,42000.0,1105.26,2024-07-19
Mont-Dore,63236,63240,Maison,95.0,243000.0,2557.89,2024-07-02
Beauregard-Vendon,63035,63460,Maison,122.0,362630.0,2972.38,2024-07-12
Clermont-Ferrand,63113,63100,Appartement,62.0,254647.5,4107.22,2024-07-25
Perpezat,63274,63210,Maison,84.0,84715.5,1008.52,2024-07-24
Murat-le-Quaire,63246,63150,Appartement,52.0,56000.0,1076.92,2024-07-17
Clermont-Ferrand,63113,63000,Appartement,62.0,91000.0,1467.74,2024-06-14
Mont-Dore,63236,63240,Maison,98.0,190000.0,1938.78,2024-07-12
Aigueperse,63001,63260,Maison,80.0,215000.0,2687.5,2024-07-16
Saint-Germain-Lembron,63352,63340,Maison,143.0,332500.0,2325.17,2024-07-08
Saint-Germain-Lembron,63352,63340,Maison,143.0,332500.0,2325.17,2024-07-08
Youx,63471,63700,Maison,60.0,35000.0,583.33,2024-07-20
Clermont-Ferrand,63113,63100,Maison,116.0,233000.0,2008.62,2024-07-19
Saint-Bonnet-près-Orcival,63326,63210,Maison,44.0,100000.0,2272.73,2024-07-11
Clermont-Ferrand,63113,63000,Appartement,135.0,271975.0,2014.63,2024-07-11
La Roche-Noire,63306,63800,Appartement,62.0,200000.0,3225.81,2024-07-02
La Roche-Noire,63306,63800,Appartement,62.0,200000.0,3225.81,2024-07-02
Olloix,63259,63450,Maison,110.0,187000.0,1700.0,2024-07-26
Murol,63247,63790,Maison,80.0,195000.0,2437.5,2024-07-04
Clermont-Ferrand,63113,63000,Appartement,26.0,90500.0,3480.77,2024-07-24
Pont-du-Château,63284,63430,Maison,70.0,105000.0,1500.0,2024-07-18
Clermont-Ferrand,63113,63000,Appartement,40.0,172790.0,4319.75,2024-07-18
Clermont-Ferrand,63113,63000,Appartement,24.0,172790.0,7199.58,2024-07-18
Clermont-Ferrand,63113,63000,Appartement,40.0,172790.0,4319.75,2024-07-18
Clermont-Ferrand,63113,63000,Appartement,40.0,172790.0,4319.75,2024-07-18
Clermont-Ferrand,63113,63000,Appartement,47.0,130000.0,2765.96,2024-07-01
Clermont-Ferrand,63113,63000,Appartement,47.0,130000.0,2765.96,2024-07-01
Clermont-Ferrand,63113,63000,Appartement,29.0,230000.0,7931.03,2024-07-01
Clermont-Ferrand,63113,63000,Appartement,29.0,230000.0,7931.03,2024-07-01
Clermont-Ferrand,63113,63100,Maison,66.0,160000.0,2424.24,2024-07-10
Cournon-d'Auvergne,63124,63800,Maison,134.0,288305.0,2151.53,2024-07-05
Cournon-d'Auvergne,63124,63800,Appartement,111.0,187800.0,1691.89,2024-07-19
Cournon-d'Auvergne,63124,63800,Appartement,111.0,128800.0,1160.36,2024-07-11
Vic-le-Comte,63457,63270,Maison,50.0,28000.0,560.0,2024-07-10
Vic-le-Comte,63457,63270,Maison,200.0,514650.0,2573.25,2024-07-10
Clermont-Ferrand,63113,63000,Appartement,144.0,400000.0,2777.78,2024-07-10
Chamalières,63075,63400,Maison,154.0,654650.0,4250.97,2024-07-05
Saint-Gervais-d'Auvergne,63354,63390,Maison,100.0,93230.0,932.3,2024-07-17
Orcet,63262,63670,Appartement,90.0,166170.0,1846.33,2024-07-18
Les Martres-de-Veyre,63214,63730,Maison,116.0,314000.0,2706.9,2024-07-18
Cournon-d'Auvergne,63124,63800,Maison,94.0,243000.0,2585.11,2024-07-19
Mont-Dore,63236,63240,Appartement,45.0,123000.0,2733.33,2024-07-10
Beauregard-l'Évêque,63034,63116,Appartement,100.0,175000.0,1750.0,2024-07-25
Beauregard-l'Évêque,63034,63116,Appartement,55.0,175000.0,3181.82,2024-07-25
Orcet,63262,63670,Maison,69.0,194750.0,2822.46,2024-07-15
Le Cendre,63069,63670,Maison,97.0,258000.0,2659.79,2024-07-18
Besse-et-Saint-Anastaise,63038,63610,Appartement,37.0,117855.0,3185.27,2024-07-16
Clermont-Ferrand,63113,63000,Appartement,80.0,121500.0,1518.75,2024-07-05
Courpière,63125,63120,Appartement,36.0,169600.0,4711.11,2024-07-03
Courpière,63125,63120,Appartement,68.0,169600.0,2494.12,2024-07-03
Courpière,63125,63120,Appartement,83.0,169600.0,2043.37,2024-07-03
Charbonnier-les-Mines,63091,63340,Maison,88.0,161550.0,1835.8,2024-07-26
Charbonnier-les-Mines,63091,63340,Maison,88.0,161550.0,1835.8,2024-07-26
Clermont-Ferrand,63113,63000,Appartement,67.0,144750.0,2160.45,2024-07-05
Issoire,63178,63500,Appartement,87.0,154000.0,1770.11,2024-07-16
La Bourboule,63047,63150,Appartement,21.0,188750.0,8988.1,2024-07-08
La Bourboule,63047,63150,Appartement,37.0,188750.0,5101.35,2024-07-08
La Bourboule,63047,63150,Appartement,39.0,188750.0,4839.74,2024-07-08
La Bourboule,63047,63150,Appartement,36.0,188750.0,5243.06,2024-07-08
Marsac-en-Livradois,63211,63940,Maison,72.0,54500.0,756.94,2024-07-11
Châtel-Guyon,63103,63140,Maison,111.0,287200.0,2587.39,2024-07-23
Cournon-d'Auvergne,63124,63800,Maison,114.0,249000.0,2184.21,2024-07-17
Clermont-Ferrand,63113,63000,Appartement,99.0,176500.0,1782.83,2024-07-23
Palladuc,63267,63550,Maison,74.0,73020.0,986.76,2024-07-16
Thiers,63430,63300,Maison,105.0,160000.0,1523.81,2024-07-26
Thiers,63430,63300,Maison,105.0,160000.0,1523.81,2024-07-26
Cournon-d'Auvergne,63124,63800,Appartement,77.0,98062.0,1273.53,2024-07-19
Saint-Rémy-sur-Durolle,63393,63550,Maison,128.0,176100.0,1375.78,2024-07-23
Saint-Rémy-sur-Durolle,63393,63550,Maison,128.0,176100.0,1375.78,2024-07-23
Maringues,63210,63350,Maison,170.0,59020.0,347.18,2024-07-09
Cournon-d'Auvergne,63124,63800,Appartement,73.0,94660.0,1296.71,2024-07-19
Clermont-Ferrand,63113,63000,Appartement,28.0,88000.0,3142.86,2024-07-23
Clermont-Ferrand,63113,63000,Maison,178.0,603750.0,3391.85,2024-07-22
Clermont-Ferrand,63113,63000,Appartement,38.0,152000.0,4000.0,2024-07-26
Chamalières,63075,63400,Appartement,68.0,159600.0,2347.06,2024-07-26
Saint-Agoulin,63311,63260,Maison,106.0,120000.0,1132.08,2024-07-18
Cournon-d'Auvergne,63124,63800,Maison,90.0,222000.0,2466.67,2024-07-12
La Roche-Blanche,63302,63670,Maison,51.0,65000.0,1274.51,2024-07-15
Cournon-d'Auvergne,63124,63800,Appartement,60.0,138750.0,2312.5,2024-07-23
Clermont-Ferrand,63113,63000,Appartement,30.0,90000.0,3000.0,2024-07-18
Bulhon,63058,63350,Maison,152.0,290500.0,1911.18,2024-07-17
Clermont-Ferrand,63113,63100,Appartement,64.0,90000.0,1406.25,2024-07-10
Ris,63301,63290,Appartement,63.0,174730.0,2773.49,2024-07-25
Ris,63301,63290,Appartement,63.0,174730.0,2773.49,2024-07-25
Ris,63301,63290,Appartement,159.0,174730.0,1098.93,2024-07-25
Saint-Beauzire,63322,63360,Maison,75.0,155300.0,2070.67,2024-07-22
Brassac-les-Mines,63050,63570,Maison,100.0,123500.0,1235.0,2024-07-11
Saint-Gervazy,63356,63340,Maison,45.0,163875.0,3641.67,2024-07-10
Issoire,63178,63500,Appartement,59.0,83061.0,1407.81,2024-07-09
Issoire,63178,63500,Appartement,56.0,113000.0,2017.86,2024-07-12
Espirat,63154,63160,Maison,88.0,180760.0,2054.09,2024-07-25
Espirat,63154,63160,Maison,88.0,180760.0,2054.09,2024-07-25
Lempdes,63193,63370,Maison,73.0,180000.0,2465.75,2024-07-04
Ars-les-Favets,63011,63700,Maison,85.0,58000.0,682.35,2024-07-11
Gerzat,63164,63360,Appartement,38.0,75010.0,1973.95,2024-07-22
Clermont-Ferrand,63113,63000,Appartement,93.0,237500.0,2553.76,2024-07-09
Clermont-Ferrand,63113,63000,Appartement,70.0,70000.0,1000.0,2024-07-09
Saint-Yvoine,63404,63500,Maison,107.0,229000.0,2140.19,2024-07-11
Le Cendre,63069,63670,Maison,73.0,303500.0,4157.53,2024-07-24
Issoire,63178,63500,Appartement,66.0,40000.0,606.06,2024-07-19
Clermont-Ferrand,63113,63000,Appartement,43.0,99000.0,2302.33,2024-07-25
Issoire,63178,63500,Maison,135.0,346500.0,2566.67,2024-07-13
Bort-l'Étang,63045,63190,Maison,50.0,48140.0,962.8,2024-07-09
Bort-l'Étang,63045,63190,Maison,50.0,48140.0,962.8,2024-07-09
Bort-l'Étang,63045,63190,Maison,50.0,48140.0,962.8,2024-07-09
Bort-l'Étang,63045,63190,Maison,50.0,48140.0,962.8,2024-07-09
Lempdes,63193,63370,Appartement,43.0,94270.0,2192.33,2024-07-25
Thiers,63430,63300,Maison,81.0,10000.0,123.46,2024-07-16
Riom,63300,63200,Maison,98.0,185000.0,1887.76,2024-07-22
Issoire,63178,63500,Appartement,58.0,122250.0,2107.76,2024-07-18
Issoire,63178,63500,Maison,90.0,137500.0,1527.78,2024-07-23
Lempdes,63193,63370,Appartement,43.0,67000.0,1558.14,2024-07-24
Lempdes,63193,63370,Maison,158.0,430000.0,2721.52,2024-07-26
Clermont-Ferrand,63113,63100,Maison,122.0,283145.0,2320.86,2024-07-24
Clermont-Ferrand,63113,63100,Maison,122.0,283145.0,2320.86,2024-07-24
Chamalières,63075,63400,Appartement,46.0,122400.0,2660.87,2024-07-24
Chamalières,63075,63400,Appartement,110.0,415500.0,3777.27,2024-07-25
Veyre-Monton,63455,63960,Maison,106.0,250000.0,2358.49,2024-07-24
Cébazat,63063,63118,Maison,72.0,168846.0,2345.08,2024-07-15
Les Pradeaux,63287,63500,Maison,150.0,264100.0,1760.67,2024-07-05
Clermont-Ferrand,63113,63000,Appartement,22.0,79520.0,3614.55,2024-07-12
Clermont-Ferrand,63113,63100,Appartement,68.0,95000.0,1397.06,2024-07-18
Vertaizon,63453,63910,Maison,101.0,256000.0,2534.65,2024-07-25
Montmorin,63239,63160,Maison,92.0,135000.0,1467.39,2024-07-18
Montmorin,63239,63160,Maison,92.0,135000.0,1467.39,2024-07-18
Montmorin,63239,63160,Maison,92.0,135000.0,1467.39,2024-07-18
Clermont-Ferrand,63113,63000,Appartement,27.0,92270.0,3417.41,2024-07-25
Issoire,63178,63500,Maison,84.0,81500.0,970.24,2024-07-19
Clermont-Ferrand,63113,63000,Appartement,27.0,85500.0,3166.67,2024-07-25
Romagnat,63307,63540,Maison,119.0,345000.0,2899.16,2024-07-24
Châtel-Guyon,63103,63140,Maison,93.0,245000.0,2634.41,2024-07-12
Riom,63300,63200,Maison,104.0,233000.0,2240.38,2024-07-12
Cournon-d'Auvergne,63124,63800,Maison,86.0,350000.0,4069.77,2024-07-12
Saint-Genès-la-Tourette,63348,63580,Maison,54.0,40000.0,740.74,2024-07-25
Saint-Genès-la-Tourette,63348,63580,Maison,54.0,40000.0,740.74,2024-07-25
Saint-Genès-la-Tourette,63348,63580,Maison,54.0,40000.0,740.74,2024-07-25
Lezoux,63195,63190,Maison,180.0,205700.0,1142.78,2024-07-11
Lezoux,63195,63190,Maison,180.0,205700.0,1142.78,2024-07-11
Lezoux,63195,63190,Maison,180.0,205700.0,1142.78,2024-07-11
Lezoux,63195,63190,Maison,180.0,205700.0,1142.78,2024-07-11
Saint-Agoulin,63311,63260,Maison,95.0,161500.0,1700.0,2024-07-09
Clermont-Ferrand,63113,63100,Appartement,56.0,128800.0,2300.0,2024-07-26
Royat,63308,63130,Maison,130.0,256900.0,1976.15,2024-07-22
Royat,63308,63130,Appartement,62.0,92000.0,1483.87,2024-07-18
Clermont-Ferrand,63113,63100,Maison,76.0,221900.0,2919.74,2024-07-19
Condat-en-Combraille,63118,63380,Maison,178.0,65000.0,365.17,2024-07-11
Condat-en-Combraille,63118,63380,Maison,178.0,65000.0,365.17,2024-07-11
Condat-en-Combraille,63118,63380,Maison,178.0,65000.0,365.17,2024-07-11
Volvic,63470,63530,Maison,50.0,80000.0,1600.0,2024-07-15
Clermont-Ferrand,63113,63100,Appartement,58.0,107500.0,1853.45,2024-07-25
Clermont-Ferrand,63113,63100,Appartement,33.0,74110.0,2245.76,2024-07-26
Cournon-d'Auvergne,63124,63800,Maison,111.0,275000.0,2477.48,2024-07-22
Celles-sur-Durolle,63066,63250,Appartement,30.0,151000.0,5033.33,2024-07-29
Celles-sur-Durolle,63066,63250,Maison,120.0,151000.0,1258.33,2024-07-29
Charbonnières-les-Varennes,63092,63410,Maison,92.0,235000.0,2554.35,2024-07-10
Charbonnières-les-Varennes,63092,63410,Maison,92.0,235000.0,2554.35,2024-07-10
Riom,63300,63200,Maison,101.0,303300.0,3002.97,2024-07-12
Royat,63308,63130,Appartement,61.0,60000.0,983.61,2024-07-18
Beaumont,63032,63110,Maison,100.0,326100.0,3261.0,2024-07-19
Clermont-Ferrand,63113,63100,Maison,125.0,206000.0,1648.0,2024-07-12
Courpière,63125,63120,Maison,99.0,181600.0,1834.34,2024-07-10
Courpière,63125,63120,Maison,99.0,181600.0,1834.34,2024-07-10
Bourg-Lastic,63048,63760,Maison,46.0,56500.0,1228.26,2024-07-23
Apchat,63007,63420,Maison,67.0,20000.0,298.51,2024-07-25
Chamalières,63075,63400,Appartement,73.0,144000.0,1972.6,2024-07-23
Valz-sous-Châteauneuf,63442,63580,Maison,92.0,95000.0,1032.61,2024-07-26
Sayat,63417,63530,Maison,90.0,334700.0,3718.89,2024-07-26
Clermont-Ferrand,63113,63000,Appartement,68.0,171200.0,2517.65,2024-07-26
Clermont-Ferrand,63113,63000,Appartement,77.0,153400.0,1992.21,2024-07-26
Neuf-Église,63251,63560,Maison,159.0,118830.0,747.36,2024-07-11
Pont-du-Château,63284,63430,Maison,40.0,40000.0,1000.0,2024-07-18
Viverols,63465,63840,Maison,100.0,58000.0,580.0,2024-07-04
Clermont-Ferrand,63113,63000,Appartement,30.0,100000.0,3333.33,2024-07-29
Clermont-Ferrand,63113,63100,Maison,90.0,240000.0,2666.67,2024-07-12
Clermont-Ferrand,63113,63100,Appartement,70.0,303030.0,4329.0,2024-07-31
Thiers,63430,63300,Maison,83.0,140000.0,1686.75,2024-07-09
Thiers,63430,63300,Maison,83.0,140000.0,1686.75,2024-07-09
Thiers,63430,63300,Maison,72.0,30000.0,416.67,2024-07-19
Saint-Éloy-les-Mines,63338,63700,Maison,75.0,63000.0,840.0,2024-07-10
Meilhaud,63222,63320,Maison,94.0,227440.0,2419.57,2024-07-10
Meilhaud,63222,63320,Maison,94.0,227440.0,2419.57,2024-07-10
Clermont-Ferrand,63113,63000,Appartement,23.0,61000.0,2652.17,2024-07-26
Chabreloche,63072,63250,Maison,120.0,75000.0,625.0,2024-07-24
Chabreloche,63072,63250,Maison,120.0,75000.0,625.0,2024-07-24
Chabreloche,63072,63250,Maison,120.0,75000.0,625.0,2024-07-24
Saint-Éloy-les-Mines,63338,63700,Maison,90.0,95000.0,1055.56,2024-07-17
Pionsat,63281,63330,Maison,35.0,34000.0,971.43,2024-07-24
Ceyrat,63070,63122,Maison,60.0,129000.0,2150.0,2024-07-23
Novacelles,63256,63220,Maison,60.0,42000.0,700.0,2024-07-16
Novacelles,63256,63220,Maison,60.0,42000.0,700.0,2024-07-16
Novacelles,63256,63220,Maison,60.0,42000.0,700.0,2024-07-16
Clermont-Ferrand,63113,63000,Appartement,46.0,102000.0,2217.39,2024-07-22
Beaumont,63032,63110,Appartement,33.0,91300.0,2766.67,2024-07-25
Le Crest,63126,63450,Maison,147.0,419500.0,2853.74,2024-07-30
Le Crest,63126,63450,Maison,147.0,419500.0,2853.74,2024-07-30
Tallende,63425,63450,Maison,100.0,309000.0,3090.0,2024-07-29
Clermont-Ferrand,63113,63100,Appartement,71.0,164650.0,2319.01,2024-07-11
Clermont-Ferrand,63113,63000,Appartement,17.0,66250.0,3897.06,2024-07-30
Besse-et-Saint-Anastaise,63038,63610,Maison,80.0,219040.0,2738.0,2024-07-11
Saint-Hilaire,63360,63330,Maison,86.0,75000.0,872.09,2024-07-02
Montpensier,63240,63260,Maison,198.0,310450.0,1567.93,2024-07-17
Montpensier,63240,63260,Maison,198.0,310450.0,1567.93,2024-07-17
Montpensier,63240,63260,Maison,198.0,310450.0,1567.93,2024-07-17
Entraigues,63149,63720,Maison,102.0,150200.0,1472.55,2024-07-22
Buxières-sous-Montaigut,63062,63700,Maison,68.0,10000.0,147.06,2024-07-26
Saint-Donat,63336,63680,Maison,100.0,100000.0,1000.0,2024-07-24
Clermont-Ferrand,63113,63100,Maison,80.0,170000.0,2125.0,2024-07-15
Saint-Éloy-les-Mines,63338,63700,Maison,70.0,57000.0,814.29,2024-07-11
Orcines,63263,63870,Maison,242.0,684130.0,2826.98,2024-07-05
Orcines,63263,63870,Maison,242.0,684130.0,2826.98,2024-07-05
Clermont-Ferrand,63113,63000,Appartement,22.0,55000.0,2500.0,2024-07-11
Clermont-Ferrand,63113,63000,Appartement,67.0,120900.0,1804.48,2024-07-10
Aigueperse,63001,63260,Maison,88.0,233100.0,2648.86,2024-07-19
Aigueperse,63001,63260,Maison,88.0,233100.0,2648.86,2024-07-19
Clermont-Ferrand,63113,63000,Appartement,58.0,169000.0,2913.79,2024-07-10
Ceyrat,63070,63122,Maison,30.0,40000.0,1333.33,2024-07-11
Les Martres-de-Veyre,63214,63730,Maison,80.0,180000.0,2250.0,2024-07-22
Les Martres-de-Veyre,63214,63730,Maison,80.0,180000.0,2250.0,2024-07-22
Pont-du-Château,63284,63430,Maison,237.0,522500.0,2204.64,2024-07-19
Pont-du-Château,63284,63430,Maison,237.0,522500.0,2204.64,2024-07-19
Clermont-Ferrand,63113,63000,Appartement,34.0,68500.0,2014.71,2024-07-17
Saint-Beauzire,63322,63360,Maison,154.0,130000.0,844.16,2024-07-24
Chavaroux,63107,63720,Maison,94.0,257650.0,2740.96,2024-07-25
Luzillat,63201,63350,Maison,150.0,435000.0,2900.0,2024-07-22
Luzillat,63201,63350,Maison,310.0,435000.0,1403.23,2024-07-22
Chambaron sur Morge,63244,63200,Maison,135.0,465000.0,3444.44,2024-07-19
Saint-Gervais-d'Auvergne,63354,63390,Maison,111.0,160000.0,1441.44,2024-07-02
Aulnat,63019,63510,Appartement,64.0,178500.0,2789.06,2024-07-29
Chamalières,63075,63400,Appartement,66.0,83000.0,1257.58,2024-07-26
Luzillat,63201,63350,Maison,90.0,209700.0,2330.0,2024-07-29
Chamalières,63075,63400,Appartement,92.0,163690.0,1779.24,2024-07-31
Mur-sur-Allier,63226,63115,Maison,85.0,172900.0,2034.12,2024-07-22
Riom,63300,63200,Appartement,54.0,62500.0,1157.41,2024-07-30
Saint-Sylvestre-Pragoulin,63400,63310,Maison,101.0,199500.0,1975.25,2024-07-31
La Roche-Blanche,63302,63670,Maison,81.0,221000.0,2728.4,2024-07-30
Clermont-Ferrand,63113,63000,Appartement,156.0,408500.0,2618.59,2024-07-25
La Chapelle-Agnon,63086,63590,Maison,32.0,12000.0,375.0,2024-07-17
La Chapelle-Agnon,63086,63590,Maison,45.0,12000.0,266.67,2024-07-17
Clermont-Ferrand,63113,63100,Appartement,46.0,104000.0,2260.87,2024-07-30
Clermont-Ferrand,63113,63000,Appartement,39.0,85500.0,2192.31,2024-07-31
Cournon-d'Auvergne,63124,63800,Maison,70.0,143060.0,2043.71,2024-07-16
Riom,63300,63200,Maison,54.0,125000.0,2314.81,2024-07-19
Riom,63300,63200,Maison,54.0,125000.0,2314.81,2024-07-19
Clermont-Ferrand,63113,63100,Appartement,66.0,92500.0,1401.52,2024-07-31
Moissat,63229,63190,Maison,80.0,139000.0,1737.5,2024-07-17
Riom,63300,63200,Maison,94.0,325610.0,3463.94,2024-07-30
Thiers,63430,63300,Maison,115.0,152490.0,1326.0,2024-07-30
Thiers,63430,63300,Maison,115.0,152490.0,1326.0,2024-07-30
Thiers,63430,63300,Maison,82.0,85000.0,1036.59,2024-07-25
Solignat,63422,63500,Maison,88.0,182500.0,2073.86,2024-07-25
Paslières,63271,63290,Maison,78.0,102000.0,1307.69,2024-07-25
Paslières,63271,63290,Maison,78.0,102000.0,1307.69,2024-07-25
Thiers,63430,63300,Maison,40.0,10000.0,250.0,2024-07-22
Dore-l'Église,63139,63220,Maison,102.0,85000.0,833.33,2024-07-17
Clermont-Ferrand,63113,63000,Appartement,73.0,129750.0,1777.4,2024-07-31
Issoire,63178,63500,Appartement,61.0,140000.0,2295.08,2024-07-26
Clermont-Ferrand,63113,63000,Appartement,56.0,77000.0,1375.0,2024-07-29
Clermont-Ferrand,63113,63100,Appartement,58.0,44000.0,758.62,2024-07-19
Châtel-Guyon,63103,63140,Maison,90.0,190000.0,2111.11,2024-07-11
Surat,63424,63720,Maison,194.0,272700.0,1405.67,2024-07-15
Surat,63424,63720,Maison,64.0,272700.0,4260.94,2024-07-15
Viverols,63465,63840,Maison,103.0,138000.0,1339.81,2024-07-16
Busséol,63059,63270,Maison,130.0,254900.0,1960.77,2024-07-31
Ceyrat,63070,63122,Maison,124.0,320600.0,2585.48,2024-07-26
Condat-en-Combraille,63118,63380,Maison,104.0,18050.0,173.56,2024-07-19
Saint-Gervais-d'Auvergne,63354,63390,Maison,127.0,59050.0,464.96,2024-07-19
Saint-Sauves-d'Auvergne,63397,63950,Maison,120.0,35000.0,291.67,2024-07-19
Saint-Sauves-d'Auvergne,63397,63950,Maison,120.0,35000.0,291.67,2024-07-19
Les Martres-d'Artière,63213,63430,Maison,120.0,406950.0,3391.25,2024-07-26
Ceyrat,63070,63122,Appartement,75.0,239060.0,3187.47,2024-07-24
Clermont-Ferrand,63113,63100,Appartement,67.0,123020.0,1836.12,2024-07-12
Saint-Priest-des-Champs,63388,63640,Maison,36.0,309890.0,8608.06,2024-07-31
Saint-Priest-des-Champs,63388,63640,Maison,36.0,309890.0,8608.06,2024-07-31
Saint-Priest-des-Champs,63388,63640,Maison,148.0,309890.0,2093.85,2024-07-31
Saint-Priest-des-Champs,63388,63640,Maison,56.0,309890.0,5533.75,2024-07-31
Saint-Priest-des-Champs,63388,63640,Maison,148.0,309890.0,2093.85,2024-07-31
Saint-Priest-des-Champs,63388,63640,Maison,148.0,309890.0,2093.85,2024-07-31
Saint-Priest-des-Champs,63388,63640,Maison,36.0,309890.0,8608.06,2024-07-31
Saint-Priest-des-Champs,63388,63640,Maison,56.0,309890.0,5533.75,2024-07-31
Saint-Priest-des-Champs,63388,63640,Maison,56.0,309890.0,5533.75,2024-07-31
Montaigut-le-Blanc,63234,63320,Maison,40.0,10000.0,250.0,2024-07-22
Youx,63471,63700,Maison,60.0,290000.0,4833.33,2024-07-19
Youx,63471,63700,Maison,94.0,290000.0,3085.11,2024-07-19
Youx,63471,63700,Maison,60.0,290000.0,4833.33,2024-07-19
Youx,63471,63700,Maison,94.0,290000.0,3085.11,2024-07-19
Youx,63471,63700,Maison,94.0,290000.0,3085.11,2024-07-19
Youx,63471,63700,Maison,60.0,290000.0,4833.33,2024-07-19
Youx,63471,63700,Maison,60.0,290000.0,4833.33,2024-07-19
Youx,63471,63700,Maison,94.0,290000.0,3085.11,2024-07-19
Saint-Éloy-les-Mines,63338,63700,Maison,143.0,187000.0,1307.69,2024-07-13
Saint-Éloy-les-Mines,63338,63700,Maison,143.0,187000.0,1307.69,2024-07-13
Les Martres-de-Veyre,63214,63730,Maison,55.0,32000.0,581.82,2024-08-01
Gouttières,63171,63390,Maison,56.0,100000.0,1785.71,2024-07-19
Clermont-Ferrand,63113,63000,Appartement,21.0,48000.0,2285.71,2024-07-30
Clermont-Ferrand,63113,63000,Appartement,82.0,120000.0,1463.41,2024-07-30
Beurières,63039,63220,Maison,39.0,94500.0,2423.08,2024-07-17
Bertignat,63037,63480,Maison,140.0,68405.0,488.61,2024-07-11
Clermont-Ferrand,63113,63100,Appartement,75.0,75050.0,1000.67,2024-07-29
Thiers,63430,63300,Appartement,56.0,63000.0,1125.0,2024-07-10
Thiers,63430,63300,Appartement,73.0,63000.0,863.01,2024-07-10
Mur-sur-Allier,63226,63115,Maison,42.0,80000.0,1904.76,2024-07-04
La Roche-Noire,63306,63800,Maison,155.0,488400.0,3150.97,2024-07-22
Clermont-Ferrand,63113,63000,Appartement,58.0,142200.0,2451.72,2024-07-29
Clermont-Ferrand,63113,63000,Appartement,68.0,107320.0,1578.24,2024-07-24
Clermont-Ferrand,63113,63100,Maison,68.0,156040.0,2294.71,2024-07-26
Clermont-Ferrand,63113,63100,Appartement,54.0,118850.0,2200.93,2024-07-29
Clermont-Ferrand,63113,63100,Appartement,66.0,161000.0,2439.39,2024-07-23
Luzillat,63201,63350,Maison,110.0,203000.0,1845.45,2024-07-19
Ceyrat,63070,63122,Maison,109.0,383500.0,3518.35,2024-07-25
Clermont-Ferrand,63113,63000,Appartement,55.0,103000.0,1872.73,2024-07-17
Clermont-Ferrand,63113,63000,Maison,70.0,100000.0,1428.57,2024-07-16
Clermont-Ferrand,63113,63100,Appartement,46.0,124384.0,2704.0,2024-07-24
Cébazat,63063,63118,Maison,58.0,140000.0,2413.79,2024-07-24
Gerzat,63164,63360,Appartement,51.0,123000.0,2411.76,2024-07-12
Joze,63180,63350,Maison,42.0,60000.0,1428.57,2024-07-18
Messeix,63225,63750,Maison,140.0,10000.0,71.43,2024-07-19
Orléat,63265,63190,Maison,100.0,262400.0,2624.0,2024-07-25
Orléat,63265,63190,Maison,100.0,262400.0,2624.0,2024-07-25
Chastreix,63098,63680,Maison,49.0,100000.0,2040.82,2024-07-31
Chastreix,63098,63680,Maison,49.0,100000.0,2040.82,2024-07-31
Chastreix,63098,63680,Maison,49.0,100000.0,2040.82,2024-07-31
Miremont,63228,63380,Maison,64.0,99500.0,1554.69,2024-07-25
Saint-Ignat,63362,63720,Maison,159.0,150000.0,943.4,2024-07-22
Clermont-Ferrand,63113,63000,Appartement,43.0,93000.0,2162.79,2024-07-23
Martres-sur-Morge,63215,63720,Maison,24.0,73000.0,3041.67,2024-07-22
Martres-sur-Morge,63215,63720,Maison,24.0,73000.0,3041.67,2024-07-22
Crevant-Laveine,63128,63350,Maison,110.0,221500.0,2013.64,2024-07-24
Mont-Dore,63236,63240,Appartement,55.0,117800.0,2141.82,2024-08-02
Chamalières,63075,63400,Appartement,79.0,218800.0,2769.62,2024-08-01
Aubière,63014,63170,Maison,62.0,178000.0,2870.97,2024-07-26
Clermont-Ferrand,63113,63000,Appartement,44.0,142200.0,3231.82,2024-07-17
Clermont-Ferrand,63113,63000,Appartement,58.0,88500.0,1525.86,2024-07-17
Aulnat,63019,63510,Maison,121.0,282700.0,2336.36,2024-07-26
Chamalières,63075,63400,Appartement,43.0,142700.0,3318.6,2024-07-17
Saint-Anthème,63319,63660,Maison,51.0,90000.0,1764.71,2024-07-31
Lamontgie,63185,63570,Maison,100.0,16000.0,160.0,2024-07-31
Arconsat,63008,63250,Maison,69.0,105000.0,1521.74,2024-07-31
Arconsat,63008,63250,Maison,69.0,105000.0,1521.74,2024-07-31
Martres-sur-Morge,63215,63720,Maison,95.0,160000.0,1684.21,2024-07-18
Lezoux,63195,63190,Maison,105.0,247000.0,2352.38,2024-07-31
Riom,63300,63200,Maison,112.0,185800.0,1658.93,2024-07-24
Châteaugay,63099,63119,Maison,65.0,60000.0,923.08,2024-07-30
Clermont-Ferrand,63113,63000,Appartement,34.0,66500.0,1955.88,2024-07-30
Saint-Agoulin,63311,63260,Maison,168.0,273400.0,1627.38,2024-07-16
Saint-Agoulin,63311,63260,Maison,168.0,273400.0,1627.38,2024-07-16
Mirefleurs,63227,63730,Maison,98.0,284510.0,2903.16,2024-07-26
Malintrat,63204,63510,Maison,55.0,84550.0,1537.27,2024-07-05
Thiers,63430,63300,Maison,200.0,177895.0,889.48,2024-07-30
Moureuille,63243,63700,Maison,90.0,59850.0,665.0,2024-07-30
Montmorin,63239,63160,Maison,101.0,199500.0,1975.25,2024-07-25
Chamalières,63075,63400,Maison,82.0,197400.0,2407.32,2024-07-24
Avèze,63024,63690,Maison,98.0,188100.0,1919.39,2024-07-27
Clermont-Ferrand,63113,63000,Appartement,44.0,129000.0,2931.82,2024-07-24
Saint-Ignat,63362,63720,Maison,172.0,342900.0,1993.6,2024-07-22
Saint-Ignat,63362,63720,Maison,172.0,342900.0,1993.6,2024-07-22
Saint-Vincent,63403,63320,Maison,64.0,125000.0,1953.12,2024-07-23
Saint-Vincent,63403,63320,Maison,25.0,125000.0,5000.0,2024-07-23
Clermont-Ferrand,63113,63000,Appartement,78.0,156500.0,2006.41,2024-07-18
Aydat,63026,63970,Maison,77.0,244100.0,3170.13,2024-07-18
Ambert,63003,63600,Appartement,57.0,152500.0,2675.44,2024-07-12
Ambert,63003,63600,Appartement,33.0,152500.0,4621.21,2024-07-12
Ambert,63003,63600,Appartement,55.0,152500.0,2772.73,2024-07-12
Ambert,63003,63600,Appartement,33.0,152500.0,4621.21,2024-07-12
Orléat,63265,63190,Maison,75.0,356800.0,4757.33,2024-07-24
Orléat,63265,63190,Maison,75.0,356800.0,4757.33,2024-07-24
Cébazat,63063,63118,Maison,100.0,150000.0,1500.0,2024-07-29
Romagnat,63307,63540,Maison,37.0,93617.0,2530.19,2024-07-22
Clermont-Ferrand,63113,63000,Appartement,32.0,63500.0,1984.38,2024-07-18
Olliergues,63258,63880,Maison,122.0,128350.0,1052.05,2024-07-23
Olliergues,63258,63880,Maison,122.0,128350.0,1052.05,2024-07-23
Aulnat,63019,63510,Appartement,37.0,101500.0,2743.24,2024-08-02
Châtel-Guyon,63103,63140,Maison,130.0,229500.0,1765.38,2024-07-29
Thiers,63430,63300,Appartement,44.0,28470.0,647.05,2024-07-31
Lezoux,63195,63190,Appartement,42.0,63200.0,1504.76,2024-07-31
Courpière,63125,63120,Appartement,97.0,59000.0,608.25,2024-07-30
Domaize,63136,63520,Maison,110.0,220000.0,2000.0,2024-07-19
Clermont-Ferrand,63113,63000,Appartement,59.0,230500.0,3906.78,2024-07-29
Gelles,63163,63740,Appartement,113.0,126210.0,1116.9,2024-07-12
Gelles,63163,63740,Appartement,35.0,126210.0,3606.0,2024-07-12
Gelles,63163,63740,Appartement,35.0,126210.0,3606.0,2024-07-12
Gelles,63163,63740,Appartement,113.0,126210.0,1116.9,2024-07-12
Singles,63421,63690,Maison,105.0,305000.0,2904.76,2024-07-30
Singles,63421,63690,Maison,50.0,305000.0,6100.0,2024-07-30
Singles,63421,63690,Maison,105.0,305000.0,2904.76,2024-07-30
Singles,63421,63690,Maison,50.0,305000.0,6100.0,2024-07-30
Clermont-Ferrand,63113,63000,Appartement,76.0,160000.0,2105.26,2024-07-19
Gerzat,63164,63360,Maison,64.0,66900.0,1045.31,2024-08-02
Clermont-Ferrand,63113,63000,Appartement,72.0,171400.0,2380.56,2024-07-19
Chavaroux,63107,63720,Maison,85.0,150400.0,1769.41,2024-07-30
Chamalières,63075,63400,Appartement,25.0,50000.0,2000.0,2024-07-15
Chamalières,63075,63400,Maison,90.0,342900.0,3810.0,2024-07-18
La Roche-Blanche,63302,63670,Maison,110.0,136800.0,1243.64,2024-07-17
La Roche-Blanche,63302,63670,Maison,70.0,136800.0,1954.29,2024-07-17
Châteldon,63102,63290,Maison,52.0,50000.0,961.54,2024-07-22
Cournon-d'Auvergne,63124,63800,Maison,138.0,362000.0,2623.19,2024-07-26
Clermont-Ferrand,63113,63000,Appartement,52.0,105000.0,2019.23,2024-07-18
Saint-Gervais-d'Auvergne,63354,63390,Maison,127.0,240000.0,1889.76,2024-08-03
Clermont-Ferrand,63113,63000,Appartement,60.0,81200.0,1353.33,2024-07-30
Gerzat,63164,63360,Maison,110.0,143000.0,1300.0,2024-07-19
Mont-Dore,63236,63240,Appartement,35.0,60000.0,1714.29,2024-07-30
Clermont-Ferrand,63113,63000,Appartement,72.0,235600.0,3272.22,2024-07-30
La Roche-Blanche,63302,63670,Maison,150.0,400630.0,2670.87,2024-08-02
Brassac-les-Mines,63050,63570,Maison,72.0,33520.0,465.56,2024-07-16
Chappes,63089,63720,Maison,112.0,255000.0,2276.79,2024-07-31
Surat,63424,63720,Maison,116.0,286440.0,2469.31,2024-08-02
Chamalières,63075,63400,Appartement,76.0,147600.0,1942.11,2024-08-02
Messeix,63225,63750,Maison,70.0,29000.0,414.29,2024-07-31
Clermont-Ferrand,63113,63000,Appartement,180.0,460000.0,2555.56,2024-07-22
Clermont-Ferrand,63113,63000,Appartement,42.0,76000.0,1809.52,2024-08-01
Billom,63040,63160,Maison,70.0,197600.0,2822.86,2024-08-02
Billom,63040,63160,Maison,70.0,197600.0,2822.86,2024-08-02
Vic-le-Comte,63457,63270,Appartement,87.0,140000.0,1609.2,2024-07-30
Avèze,63024,63690,Maison,44.0,90000.0,2045.45,2024-07-19
Le Crest,63126,63450,Maison,123.0,228000.0,1853.66,2024-07-26
Issoire,63178,63500,Maison,91.0,142125.0,1561.81,2024-07-24
Issoire,63178,63500,Maison,91.0,142125.0,1561.81,2024-07-24
Sugères,63423,63490,Maison,91.0,91000.0,1000.0,2024-07-24
Chamalières,63075,63400,Maison,102.0,346550.0,3397.55,2024-08-02
Sugères,63423,63490,Maison,80.0,60000.0,750.0,2024-07-24
Ambert,63003,63600,Maison,83.0,92000.0,1108.43,2024-07-25
Olliergues,63258,63880,Appartement,32.0,25200.0,787.5,2024-07-26
Olliergues,63258,63880,Appartement,80.0,25200.0,315.0,2024-07-26
Ambert,63003,63600,Appartement,62.0,136100.0,2195.16,2024-07-25
Ambert,63003,63600,Appartement,76.0,136100.0,1790.79,2024-07-25
Ambert,63003,63600,Appartement,77.0,136100.0,1767.53,2024-07-25
Cournon-d'Auvergne,63124,63800,Appartement,50.0,92200.0,1844.0,2024-07-24
Cournon-d'Auvergne,63124,63800,Maison,117.0,267000.0,2282.05,2024-07-25
Mozac,63245,63200,Maison,106.0,332000.0,3132.08,2024-07-19
Vertolaye,63454,63480,Appartement,50.0,70000.0,1400.0,2024-07-24
Vertolaye,63454,63480,Appartement,56.0,70000.0,1250.0,2024-07-24
Riom,63300,63200,Appartement,70.0,133400.0,1905.71,2024-07-18
Lempdes,63193,63370,Maison,85.0,102024.0,1200.28,2024-07-23
Cournon-d'Auvergne,63124,63800,Maison,101.0,316000.0,3128.71,2024-07-31
Issoire,63178,63500,Maison,86.0,120000.0,1395.35,2024-07-24
Moriat,63242,63340,Maison,120.0,184466.0,1537.22,2024-07-23
Clermont-Ferrand,63113,63000,Appartement,68.0,90000.0,1323.53,2024-07-04
Saint-Bonnet-près-Riom,63327,63200,Maison,94.0,285000.0,3031.91,2024-07-09
Lempdes,63193,63370,Maison,99.0,235000.0,2373.74,2024-07-25
Pont-du-Château,63284,63430,Maison,110.0,220320.0,2002.91,2024-08-02
Lempdes,63193,63370,Maison,69.0,185888.0,2694.03,2024-08-05
Saint-Éloy-les-Mines,63338,63700,Appartement,70.0,276730.0,3953.29,2024-08-01
Saint-Éloy-les-Mines,63338,63700,Appartement,23.0,276730.0,12031.74,2024-08-01
Saint-Éloy-les-Mines,63338,63700,Appartement,66.0,276730.0,4192.88,2024-08-01
Saint-Éloy-les-Mines,63338,63700,Appartement,60.0,276730.0,4612.17,2024-08-01
Saint-Éloy-les-Mines,63338,63700,Appartement,27.0,276730.0,10249.26,2024-08-01
Servant,63419,63560,Maison,120.0,14000.0,116.67,2024-08-01
Servant,63419,63560,Maison,120.0,14000.0,116.67,2024-08-01
Courpière,63125,63120,Maison,63.0,55000.0,873.02,2024-08-06
Clermont-Ferrand,63113,63000,Appartement,99.0,243000.0,2454.55,2024-08-01
Puy-Saint-Gulmier,63292,63470,Maison,108.0,59000.0,546.3,2024-07-25
Riom,63300,63200,Appartement,113.0,185250.0,1639.38,2024-07-18
Clermont-Ferrand,63113,63100,Appartement,60.0,153850.0,2564.17,2024-07-22
Clermont-Ferrand,63113,63000,Appartement,69.0,160000.0,2318.84,2024-07-10
Clermont-Ferrand,63113,63100,Appartement,68.0,100100.0,1472.06,2024-07-29
Chabreloche,63072,63250,Maison,74.0,127910.0,1728.51,2024-07-12
Riom,63300,63200,Appartement,32.0,68652.0,2145.38,2024-07-18
Cébazat,63063,63118,Appartement,76.0,140500.0,1848.68,2024-07-18
Clermont-Ferrand,63113,63100,Maison,99.0,165000.0,1666.67,2024-07-29
Clermont-Ferrand,63113,63100,Maison,99.0,165000.0,1666.67,2024-07-29
Clermont-Ferrand,63113,63000,Appartement,125.0,213000.0,1704.0,2024-07-19
Clermont-Ferrand,63113,63100,Appartement,68.0,165700.0,2436.76,2024-07-22
Clermont-Ferrand,63113,63100,Appartement,81.0,226950.0,2801.85,2024-07-22
Châtel-Guyon,63103,63140,Maison,94.0,268900.0,2860.64,2024-07-12
Châtel-Guyon,63103,63140,Maison,94.0,268900.0,2860.64,2024-07-12
La Bourboule,63047,63150,Appartement,37.0,69300.0,1872.97,2024-08-03
Clermont-Ferrand,63113,63000,Appartement,79.0,143700.0,1818.99,2024-07-18
Pérignat-lès-Sarliève,63272,63170,Maison,189.0,310000.0,1640.21,2024-08-02
Pérignat-lès-Sarliève,63272,63170,Maison,189.0,310000.0,1640.21,2024-08-02
Clermont-Ferrand,63113,63000,Maison,70.0,267000.0,3814.29,2024-07-25
Royat,63308,63130,Appartement,29.0,131750.0,4543.1,2024-07-01
Royat,63308,63130,Appartement,58.0,131750.0,2271.55,2024-07-01
Clermont-Ferrand,63113,63000,Appartement,48.0,118000.0,2458.33,2024-07-26
Clermont-Ferrand,63113,63000,Appartement,76.0,112000.0,1473.68,2024-07-26
Royat,63308,63130,Appartement,43.0,72200.0,1679.07,2024-07-16
Beaumont,63032,63110,Maison,102.0,252115.0,2471.72,2024-07-31
Clermont-Ferrand,63113,63100,Appartement,50.0,85700.0,1714.0,2024-07-29
Gerzat,63164,63360,Maison,88.0,156500.0,1778.41,2024-07-22
Ambert,63003,63600,Maison,79.0,267700.0,3388.61,2024-07-29
Ambert,63003,63600,Maison,79.0,267700.0,3388.61,2024-07-29
Aubière,63014,63170,Maison,100.0,103000.0,1030.0,2024-08-01
Aubière,63014,63170,Maison,91.0,255000.0,2802.2,2024-08-01
Besse-et-Saint-Anastaise,63038,63610,Appartement,25.0,76217.0,3048.68,2024-07-27
Clermont-Ferrand,63113,63100,Appartement,94.0,281800.0,2997.87,2024-08-01
Chamalières,63075,63400,Appartement,68.0,131000.0,1926.47,2024-08-02
Bertignat,63037,63480,Maison,58.0,105000.0,1810.34,2024-08-07
Clermont-Ferrand,63113,63000,Appartement,81.0,188361.5,2325.45,2024-07-22
Aubiat,63013,63260,Maison,90.0,140200.0,1557.78,2024-07-31
Saint-Just,63371,63600,Maison,60.0,52000.0,866.67,2024-07-30
Clermont-Ferrand,63113,63000,Appartement,39.0,126000.0,3230.77,2024-07-29
La Bourboule,63047,63150,Maison,80.0,80000.0,1000.0,2024-08-03
Yssac-la-Tourette,63473,63200,Maison,111.0,200150.0,1803.15,2024-07-18
Marsat,63212,63200,Maison,124.0,388600.0,3133.87,2024-07-18
Marsat,63212,63200,Maison,124.0,388600.0,3133.87,2024-07-18
Clermont-Ferrand,63113,63100,Appartement,73.0,40000.0,547.95,2024-07-19
Vic-le-Comte,63457,63270,Appartement,65.0,120000.0,1846.15,2024-07-12
Coudes,63121,63114,Maison,137.0,385000.0,2810.22,2024-07-12
Coudes,63121,63114,Maison,137.0,385000.0,2810.22,2024-07-12
Mur-sur-Allier,63226,63115,Maison,40.0,58000.0,1450.0,2024-07-30
Issoire,63178,63500,Maison,132.0,297915.0,2256.93,2024-07-25
Issoire,63178,63500,Maison,132.0,297915.0,2256.93,2024-07-25
Issoire,63178,63500,Appartement,85.0,154650.0,1819.41,2024-07-30
Besse-et-Saint-Anastaise,63038,63610,Appartement,60.0,162500.0,2708.33,2024-07-22
Champeix,63080,63320,Maison,65.0,147000.0,2261.54,2024-07-30
Tours-sur-Meymont,63434,63590,Appartement,88.0,75800.0,861.36,2024-07-30
Tours-sur-Meymont,63434,63590,Appartement,82.0,75800.0,924.39,2024-07-30
Beaumont,63032,63110,Maison,97.0,220000.0,2268.04,2024-07-31
Clermont-Ferrand,63113,63000,Maison,64.0,325000.0,5078.12,2024-07-26
Marcillat,63208,63440,Maison,100.0,91850.0,918.5,2024-08-05
Montcel,63235,63460,Maison,147.0,260000.0,1768.71,2024-07-18
Aubière,63014,63170,Maison,92.0,322215.0,3502.34,2024-07-11
Saint-Martin-des-Olmes,63374,63600,Maison,96.0,107150.0,1116.15,2024-07-17
Riom,63300,63200,Appartement,25.0,60000.0,2400.0,2024-07-18
Job,63179,63990,Maison,40.0,30000.0,750.0,2024-07-30
Chamalières,63075,63400,Appartement,92.0,202500.0,2201.09,2024-07-30
Issoire,63178,63500,Maison,104.0,250000.0,2403.85,2024-07-31
Jozerand,63181,63460,Maison,75.0,95000.0,1266.67,2024-07-30
Pionsat,63281,63330,Maison,90.0,182000.0,2022.22,2024-07-29
Pionsat,63281,63330,Maison,90.0,182000.0,2022.22,2024-07-29
Le Quartier,63293,63330,Maison,79.0,109700.0,1388.61,2024-08-02
Les Pradeaux,63287,63500,Appartement,91.0,195000.0,2142.86,2024-08-02
Les Pradeaux,63287,63500,Appartement,45.0,195000.0,4333.33,2024-08-02
Les Pradeaux,63287,63500,Appartement,55.0,195000.0,3545.45,2024-08-02
Clermont-Ferrand,63113,63000,Appartement,45.0,310000.0,6888.89,2024-08-01
Clermont-Ferrand,63113,63000,Maison,96.0,246000.0,2562.5,2024-07-31
Clermont-Ferrand,63113,63100,Appartement,69.0,147000.0,2130.43,2024-07-29
Riom,63300,63200,Maison,80.0,100000.0,1250.0,2024-07-23
Saint-Sauves-d'Auvergne,63397,63950,Maison,90.0,70000.0,777.78,2024-07-30
Peschadoires,63276,63920,Maison,95.0,190000.0,2000.0,2024-07-26
Clermont-Ferrand,63113,63100,Appartement,81.0,165000.0,2037.04,2024-08-08
Champs,63082,63440,Maison,85.0,139200.0,1637.65,2024-07-24
Pionsat,63281,63330,Maison,115.0,22500.0,195.65,2024-08-06
Gerzat,63164,63360,Maison,159.0,348900.0,2194.34,2024-07-24
Saint-Dier-d'Auvergne,63334,63520,Maison,83.0,161500.0,1945.78,2024-07-25
Saint-Dier-d'Auvergne,63334,63520,Maison,83.0,161500.0,1945.78,2024-07-25
Gerzat,63164,63360,Maison,46.0,93900.0,2041.3,2024-07-24
Mont-Dore,63236,63240,Maison,60.0,131200.0,2186.67,2024-08-05
Royat,63308,63130,Appartement,32.0,57000.0,1781.25,2024-08-05
Aubière,63014,63170,Maison,80.0,131000.0,1637.5,2024-08-08
Chamalières,63075,63400,Appartement,68.0,223400.0,3285.29,2024-08-06
Clermont-Ferrand,63113,63000,Appartement,61.0,98000.0,1606.56,2024-08-06
Cournon-d'Auvergne,63124,63800,Maison,84.0,201470.0,2398.45,2024-08-07
Clermont-Ferrand,63113,63100,Appartement,43.0,121800.0,2832.56,2024-08-02
Cébazat,63063,63118,Maison,90.0,103000.0,1144.44,2024-07-24
Cébazat,63063,63118,Maison,90.0,103000.0,1144.44,2024-07-24
Meilhaud,63222,63320,Maison,66.0,47570.0,720.76,2024-08-01
Clermont-Ferrand,63113,63100,Appartement,50.0,156350.0,3127.0,2024-07-31
Saint-Priest-Bramefant,63387,63310,Maison,26.0,35000.0,1346.15,2024-08-07
Saint-Priest-Bramefant,63387,63310,Maison,48.0,35000.0,729.17,2024-08-07
Issoire,63178,63500,Maison,94.0,151000.0,1606.38,2024-08-02
Saint-Gervais-d'Auvergne,63354,63390,Maison,93.0,57000.0,612.9,2024-07-19
Romagnat,63307,63540,Maison,79.0,296400.0,3751.9,2024-08-09
Charbonnier-les-Mines,63091,63340,Appartement,120.0,201500.0,1679.17,2024-07-25
Aubière,63014,63170,Maison,70.0,60000.0,857.14,2024-07-23
Aubière,63014,63170,Maison,100.0,60000.0,600.0,2024-07-23
Clermont-Ferrand,63113,63100,Appartement,70.0,110000.0,1571.43,2024-07-30
Sayat,63417,63530,Appartement,80.0,230000.0,2875.0,2024-07-18
Sayat,63417,63530,Appartement,104.0,230000.0,2211.54,2024-07-18
Sayat,63417,63530,Appartement,80.0,230000.0,2875.0,2024-07-18
Sayat,63417,63530,Appartement,104.0,230000.0,2211.54,2024-07-18
Clermont-Ferrand,63113,63000,Appartement,38.0,130000.0,3421.05,2024-07-31
Clermont-Ferrand,63113,63100,Maison,100.0,377215.0,3772.15,2024-07-19
Clermont-Ferrand,63113,63000,Appartement,58.0,111000.0,1913.79,2024-07-25
Charbonnières-les-Varennes,63092,63410,Maison,92.0,163000.0,1771.74,2024-07-23
Charbonnières-les-Varennes,63092,63410,Maison,92.0,163000.0,1771.74,2024-07-23
Cébazat,63063,63118,Maison,30.0,45000.0,1500.0,2024-07-22
Clermont-Ferrand,63113,63000,Appartement,68.0,117000.0,1720.59,2024-07-30
Clermont-Ferrand,63113,63000,Appartement,45.0,98300.0,2184.44,2024-08-02
Aubière,63014,63170,Maison,92.0,395655.0,4300.6,2024-07-25
Clermont-Ferrand,63113,63100,Appartement,53.0,220000.0,4150.94,2024-07-26
Clermont-Ferrand,63113,63100,Maison,18.0,220000.0,12222.22,2024-07-26
Clermont-Ferrand,63113,63000,Appartement,80.0,144400.0,1805.0,2024-07-25
Aubière,63014,63170,Maison,65.0,60000.0,923.08,2024-07-25
Clermont-Ferrand,63113,63100,Maison,63.0,148420.0,2355.87,2024-07-24
Clermont-Ferrand,63113,63100,Appartement,70.0,163000.0,2328.57,2024-07-26
Clermont-Ferrand,63113,63000,Appartement,78.0,159550.0,2045.51,2024-07-25
Lempdes,63193,63370,Appartement,44.0,131500.0,2988.64,2024-08-01
Riom,63300,63200,Maison,90.0,169000.0,1877.78,2024-07-31
Clermont-Ferrand,63113,63000,Appartement,98.0,151750.0,1548.47,2024-07-31
Busséol,63059,63270,Maison,90.0,69600.0,773.33,2024-07-18
Bongheat,63044,63160,Maison,146.0,267338.6,1831.09,2024-07-18
Bongheat,63044,63160,Maison,146.0,267338.6,1831.09,2024-07-18
Clermont-Ferrand,63113,63000,Appartement,34.0,140000.0,4117.65,2024-07-26
Thiers,63430,63300,Appartement,73.0,32000.0,438.36,2024-07-26
Thiers,63430,63300,Appartement,59.0,32000.0,542.37,2024-07-26
Thiers,63430,63300,Appartement,129.0,133000.0,1031.01,2024-07-26
Le Cheix,63108,63200,Maison,180.0,282000.0,1566.67,2024-08-01
Aubière,63014,63170,Maison,66.0,180300.0,2731.82,2024-08-09
Menat,63223,63560,Maison,65.0,138600.0,2132.31,2024-07-25
Menat,63223,63560,Maison,38.0,138600.0,3647.37,2024-07-25
Cournon-d'Auvergne,63124,63800,Maison,102.0,218000.0,2137.25,2024-08-12
Pontgibaud,63285,63230,Appartement,20.0,94000.0,4700.0,2024-07-30
Pontgibaud,63285,63230,Appartement,40.0,94000.0,2350.0,2024-07-30
Gerzat,63164,63360,Maison,90.0,314650.0,3496.11,2024-08-01
Authezat,63021,63114,Maison,145.0,230000.0,1586.21,2024-08-13
Thiers,63430,63300,Maison,79.0,160000.0,2025.32,2024-07-26
Clermont-Ferrand,63113,63000,Appartement,49.0,108900.0,2222.45,2024-08-06
Clermont-Ferrand,63113,63000,Appartement,18.0,39930.0,2218.33,2024-07-30
Cébazat,63063,63118,Maison,85.0,255400.0,3004.71,2024-07-31
Doranges,63137,63220,Maison,110.0,59000.0,536.36,2024-07-31
Clermont-Ferrand,63113,63000,Maison,82.0,361000.0,4402.44,2024-07-29
Clermont-Ferrand,63113,63000,Appartement,19.0,62500.0,3289.47,2024-07-25
Fayet-Ronaye,63158,63630,Maison,35.0,26000.0,742.86,2024-07-25
Puy-Guillaume,63291,63290,Maison,87.0,215700.0,2479.31,2024-07-25
Puy-Guillaume,63291,63290,Maison,87.0,215700.0,2479.31,2024-07-25
Saint-Alyre-d'Arlanc,63312,63220,Maison,120.0,89480.0,745.67,2024-07-30
Saint-Rémy-sur-Durolle,63393,63550,Maison,57.0,100000.0,1754.39,2024-08-07
Saint-Rémy-sur-Durolle,63393,63550,Maison,57.0,100000.0,1754.39,2024-08-07
Riom,63300,63200,Maison,175.0,342800.0,1958.86,2024-07-26
Riom,63300,63200,Maison,175.0,342800.0,1958.86,2024-07-26
Clermont-Ferrand,63113,63100,Appartement,75.0,82041.0,1093.88,2024-07-24
Riom,63300,63200,Appartement,56.0,146500.0,2616.07,2024-07-24
Blanzat,63042,63112,Maison,145.0,216200.0,1491.03,2024-08-14
Entraigues,63149,63720,Maison,83.0,225623.0,2718.35,2024-07-22
Clermont-Ferrand,63113,63100,Appartement,73.0,120000.0,1643.84,2024-08-07
Clermont-Ferrand,63113,63000,Appartement,44.0,79000.0,1795.45,2024-07-30
Le Cendre,63069,63670,Maison,100.0,238000.0,2380.0,2024-08-02
Clermont-Ferrand,63113,63100,Maison,113.0,240500.0,2128.32,2024-07-23
Varennes-sur-Morge,63443,63720,Maison,107.0,215800.0,2016.82,2024-07-22
Clermont-Ferrand,63113,63000,Appartement,14.0,28000.0,2000.0,2024-07-29
Châteaugay,63099,63119,Maison,121.0,230000.0,1900.83,2024-08-08
Riom,63300,63200,Maison,84.0,110000.0,1309.52,2024-07-25
Job,63179,63990,Maison,157.0,324950.0,2069.75,2024-07-22
Job,63179,63990,Maison,157.0,324950.0,2069.75,2024-07-22
Clermont-Ferrand,63113,63100,Appartement,74.0,88000.0,1189.19,2024-07-25
Riom,63300,63200,Maison,110.0,346000.0,3145.45,2024-07-25
Mont-Dore,63236,63240,Appartement,38.0,95500.0,2513.16,2024-08-05
Combronde,63116,63460,Maison,115.0,352000.0,3060.87,2024-07-26
Combronde,63116,63460,Maison,115.0,352000.0,3060.87,2024-07-26
Jozerand,63181,63460,Maison,80.0,136350.0,1704.38,2024-08-08
Jozerand,63181,63460,Maison,80.0,136350.0,1704.38,2024-08-08
Le Cendre,63069,63670,Maison,164.0,323032.0,1969.71,2024-07-26
Billom,63040,63160,Maison,80.0,86500.0,1081.25,2024-08-09
Riom,63300,63200,Maison,113.0,242000.0,2141.59,2024-07-26
Cébazat,63063,63118,Maison,60.0,50000.0,833.33,2024-07-29
Riom,63300,63200,Maison,68.0,194850.0,2865.44,2024-07-08
Jozerand,63181,63460,Maison,48.0,30000.0,625.0,2024-07-29
Aubière,63014,63170,Maison,90.0,287700.0,3196.67,2024-07-04
Cournon-d'Auvergne,63124,63800,Maison,90.0,237500.0,2638.89,2024-07-19
Riom,63300,63200,Maison,97.0,235500.0,2427.84,2024-07-26
Saint-Avit,63320,63380,Maison,130.0,30000.0,230.77,2024-07-25
Clermont-Ferrand,63113,63000,Appartement,225.0,395000.0,1755.56,2024-07-25
Royat,63308,63130,Maison,135.0,475000.0,3518.52,2024-07-26
Riom,63300,63200,Maison,66.0,80000.0,1212.12,2024-07-31
Riom,63300,63200,Maison,66.0,80000.0,1212.12,2024-07-31
Riom,63300,63200,Maison,66.0,80000.0,1212.12,2024-07-31
Clermont-Ferrand,63113,63000,Appartement,40.0,70000.0,1750.0,2024-07-31
Arlanc,63010,63220,Maison,95.0,30000.0,315.79,2024-07-31
Clermont-Ferrand,63113,63100,Appartement,75.0,94100.0,1254.67,2024-08-02
Royat,63308,63130,Maison,75.0,255000.0,3400.0,2024-07-26
Durtol,63141,63830,Maison,116.0,362300.0,3123.28,2024-08-07
Durtol,63141,63830,Maison,116.0,362300.0,3123.28,2024-08-07
Parentignat,63270,63500,Maison,108.0,263000.0,2435.19,2024-07-27
Clermont-Ferrand,63113,63100,Appartement,36.0,78419.0,2178.31,2024-07-30
Cournon-d'Auvergne,63124,63800,Maison,109.0,204497.0,1876.12,2024-07-27
Clermont-Ferrand,63113,63000,Appartement,26.0,68500.0,2634.62,2024-07-29
Bansat,63029,63570,Maison,140.0,148000.0,1057.14,2024-08-10
Clermont-Ferrand,63113,63000,Appartement,28.0,100000.0,3571.43,2024-07-30
Clermont-Ferrand,63113,63000,Appartement,32.0,89000.0,2781.25,2024-07-31
Clermont-Ferrand,63113,63000,Appartement,71.0,113000.0,1591.55,2024-08-09
Gignat,63166,63340,Maison,93.0,230750.0,2481.18,2024-08-09
Gignat,63166,63340,Maison,93.0,230750.0,2481.18,2024-08-09
Clermont-Ferrand,63113,63000,Appartement,70.0,70000.0,1000.0,2024-08-13
Issoire,63178,63500,Appartement,20.0,26000.0,1300.0,2024-08-08
La Monnerie-le-Montel,63231,63650,Appartement,33.0,10000.0,303.03,2024-07-30
La Monnerie-le-Montel,63231,63650,Appartement,100.0,10000.0,100.0,2024-07-30
La Monnerie-le-Montel,63231,63650,Appartement,100.0,10000.0,100.0,2024-07-30
La Monnerie-le-Montel,63231,63650,Appartement,52.0,10000.0,192.31,2024-07-30
La Monnerie-le-Montel,63231,63650,Appartement,33.0,10000.0,303.03,2024-07-30
La Monnerie-le-Montel,63231,63650,Appartement,52.0,10000.0,192.31,2024-07-30
La Monnerie-le-Montel,63231,63650,Appartement,100.0,10000.0,100.0,2024-07-30
La Monnerie-le-Montel,63231,63650,Appartement,100.0,10000.0,100.0,2024-07-30
Thiers,63430,63300,Appartement,50.0,10000.0,200.0,2024-07-30
Thiers,63430,63300,Appartement,34.0,10000.0,294.12,2024-07-30
Thiers,63430,63300,Appartement,51.0,10000.0,196.08,2024-07-30
Puy-Guillaume,63291,63290,Maison,90.0,61000.0,677.78,2024-08-07
Clermont-Ferrand,63113,63000,Appartement,95.0,239040.0,2516.21,2024-08-07
Culhat,63131,63350,Maison,84.0,263100.0,3132.14,2024-08-09
Clermont-Ferrand,63113,63100,Appartement,75.0,136300.0,1817.33,2024-08-02
Paslières,63271,63290,Maison,87.0,206000.0,2367.82,2024-07-29
Paslières,63271,63290,Maison,87.0,206000.0,2367.82,2024-07-29
Laps,63188,63270,Maison,116.0,122850.0,1059.05,2024-08-06
Saint-Anthème,63319,63660,Maison,120.0,205000.0,1708.33,2024-07-22
Clermont-Ferrand,63113,63000,Appartement,51.0,83000.0,1627.45,2024-08-09
Mont-Dore,63236,63240,Appartement,23.0,79500.0,3456.52,2024-08-07
Clermont-Ferrand,63113,63100,Appartement,90.0,156500.0,1738.89,2024-07-26
Chamalières,63075,63400,Appartement,84.0,220000.0,2619.05,2024-08-02
Chamalières,63075,63400,Maison,186.0,770000.0,4139.78,2024-08-01
Clermont-Ferrand,63113,63100,Appartement,48.0,43000.0,895.83,2024-07-24
Clermont-Ferrand,63113,63100,Appartement,102.0,184852.0,1812.27,2024-08-01
Clermont-Ferrand,63113,63000,Maison,90.0,266000.0,2955.56,2024-08-19
Cébazat,63063,63118,Maison,163.0,321550.0,1972.7,2024-08-02
Issoire,63178,63500,Maison,100.0,193000.0,1930.0,2024-08-08
Clémensat,63111,63320,Maison,125.0,271600.0,2172.8,2024-08-13
Clémensat,63111,63320,Maison,125.0,271600.0,2172.8,2024-08-13
Issoire,63178,63500,Appartement,130.0,133000.0,1023.08,2024-08-13
Issoire,63178,63500,Appartement,35.0,133000.0,3800.0,2024-08-13
Clermont-Ferrand,63113,63000,Maison,130.0,314000.0,2415.38,2024-08-20
Lezoux,63195,63190,Maison,140.0,159700.0,1140.71,2024-08-19
Clermont-Ferrand,63113,63000,Appartement,77.0,209000.0,2714.29,2024-08-14
Clermont-Ferrand,63113,63000,Maison,35.0,129000.0,3685.71,2024-08-14
Besse-et-Saint-Anastaise,63038,63610,Appartement,57.0,161500.0,2833.33,2024-07-09
Vertaizon,63453,63910,Maison,85.0,266500.0,3135.29,2024-07-25
Clermont-Ferrand,63113,63000,Maison,163.0,455700.0,2795.71,2024-08-14
Clermont-Ferrand,63113,63000,Maison,163.0,455700.0,2795.71,2024-08-14
Rochefort-Montagne,63305,63210,Maison,88.0,85000.0,965.91,2024-07-26
Gelles,63163,63740,Maison,104.0,204250.0,1963.94,2024-08-05
Fournols,63162,63980,Maison,76.0,50200.0,660.53,2024-07-30
Fournols,63162,63980,Maison,50.0,50200.0,1004.0,2024-07-30
Cournon-d'Auvergne,63124,63800,Appartement,69.0,125000.0,1811.59,2024-08-20
Volvic,63470,63530,Maison,108.0,140000.0,1296.3,2024-07-18
Clermont-Ferrand,63113,63000,Appartement,62.0,135000.0,2177.42,2024-08-19
Veyre-Monton,63455,63960,Maison,80.0,295000.0,3687.5,2024-08-12
Clermont-Ferrand,63113,63000,Appartement,24.0,83600.0,3483.33,2024-08-14
Mazaye,63219,63230,Maison,25.0,24000.0,960.0,2024-08-01
Saint-Genès-Champanelle,63345,63122,Appartement,90.0,193080.0,2145.33,2024-08-19
Saint-Genès-Champanelle,63345,63122,Appartement,53.0,193080.0,3643.02,2024-08-19
Saint-Genès-Champanelle,63345,63122,Appartement,33.0,193080.0,5850.91,2024-08-19
Anzat-le-Luguet,63006,63420,Maison,69.0,73000.0,1057.97,2024-08-09
Anzat-le-Luguet,63006,63420,Maison,69.0,73000.0,1057.97,2024-08-09
Clermont-Ferrand,63113,63100,Appartement,64.0,160400.0,2506.25,2024-08-14
Cébazat,63063,63118,Maison,100.0,350000.0,3500.0,2024-08-09
Clermont-Ferrand,63113,63000,Appartement,25.0,57000.0,2280.0,2024-08-07
Aubière,63014,63170,Maison,81.0,145200.0,1792.59,2024-07-29
Clermont-Ferrand,63113,63000,Appartement,30.0,63900.0,2130.0,2024-07-26
Clermont-Ferrand,63113,63100,Appartement,35.0,57600.0,1645.71,2024-07-25
Issoire,63178,63500,Maison,53.0,140000.0,2641.51,2024-08-07
Clermont-Ferrand,63113,63000,Appartement,52.0,84000.0,1615.38,2024-08-22
Clermont-Ferrand,63113,63000,Appartement,78.0,160000.0,2051.28,2024-07-29
Villosanges,63460,63380,Maison,139.0,27000.0,194.24,2024-07-29
Cournon-d'Auvergne,63124,63800,Appartement,70.0,115000.0,1642.86,2024-08-22
Issoire,63178,63500,Appartement,67.0,139900.0,2088.06,2024-07-24
Saint-Victor-la-Rivière,63401,63790,Maison,85.0,179300.0,2109.41,2024-07-25
Thiers,63430,63300,Maison,120.0,45000.0,375.0,2024-07-26
Les Martres-de-Veyre,63214,63730,Maison,116.0,268100.0,2311.21,2024-07-26
Aigueperse,63001,63260,Maison,100.0,189778.0,1897.78,2024-08-19
Les Martres-d'Artière,63213,63430,Maison,138.0,466550.0,3380.8,2024-07-30
Les Martres-d'Artière,63213,63430,Maison,138.0,466550.0,3380.8,2024-07-30
Mont-Dore,63236,63240,Maison,43.0,57500.0,1337.21,2024-08-07
Clermont-Ferrand,63113,63000,Maison,70.0,192452.0,2749.31,2024-08-12
Clermont-Ferrand,63113,63000,Appartement,35.0,380000.0,10857.14,2024-08-21
Clermont-Ferrand,63113,63000,Appartement,31.0,380000.0,12258.06,2024-08-21
Clermont-Ferrand,63113,63000,Appartement,82.0,380000.0,4634.15,2024-08-21
Clermont-Ferrand,63113,63000,Appartement,35.0,380000.0,10857.14,2024-08-21
Clermont-Ferrand,63113,63000,Appartement,65.0,97500.0,1500.0,2024-07-31
Orcines,63263,63870,Maison,89.0,262000.0,2943.82,2024-08-09
Orcines,63263,63870,Maison,89.0,262000.0,2943.82,2024-08-09
Maringues,63210,63350,Maison,74.0,101950.0,1377.7,2024-07-30
La Roche-Blanche,63302,63670,Maison,70.0,15000.0,214.29,2024-07-30
Riom,63300,63200,Appartement,66.0,97000.0,1469.7,2024-07-30
Crevant-Laveine,63128,63350,Maison,101.0,209000.0,2069.31,2024-08-07
Saint-Bonnet-près-Riom,63327,63200,Maison,145.0,245000.0,1689.66,2024-07-31
Saint-Bonnet-près-Riom,63327,63200,Maison,145.0,245000.0,1689.66,2024-07-31
Cros,63129,63810,Maison,70.0,120000.0,1714.29,2024-08-06
Mozac,63245,63200,Maison,84.0,157500.0,1875.0,2024-07-29
Thiers,63430,63300,Maison,140.0,114000.0,814.29,2024-08-07
Thiers,63430,63300,Maison,162.0,94500.0,583.33,2024-08-02
Servant,63419,63560,Maison,120.0,406000.0,3383.33,2024-07-26
Servant,63419,63560,Maison,49.0,406000.0,8285.71,2024-07-26
Servant,63419,63560,Maison,49.0,406000.0,8285.71,2024-07-26
Servant,63419,63560,Maison,120.0,406000.0,3383.33,2024-07-26
Servant,63419,63560,Maison,120.0,406000.0,3383.33,2024-07-26
Servant,63419,63560,Maison,49.0,406000.0,8285.71,2024-07-26
Clermont-Ferrand,63113,63000,Appartement,18.0,51500.0,2861.11,2024-07-30
Thuret,63432,63260,Maison,88.0,228800.0,2600.0,2024-08-21
Arlanc,63010,63220,Maison,161.0,133910.0,831.74,2024-08-19
Dore-l'Église,63139,63220,Maison,44.0,46400.0,1054.55,2024-08-21
Bourg-Lastic,63048,63760,Maison,126.0,130150.0,1032.94,2024-08-02
Clermont-Ferrand,63113,63100,Appartement,68.0,131649.1,1936.02,2024-08-05
Chamalières,63075,63400,Maison,74.0,170000.0,2297.3,2024-08-14
Saint-Yvoine,63404,63500,Maison,133.0,322890.0,2427.74,2024-08-12
Cournon-d'Auvergne,63124,63800,Appartement,77.0,97598.0,1267.51,2024-08-06
Chamalières,63075,63400,Appartement,52.0,78000.0,1500.0,2024-08-13
Châteaugay,63099,63119,Maison,94.0,237500.0,2526.6,2024-08-14
Clermont-Ferrand,63113,63100,Maison,85.0,219200.0,2578.82,2024-08-14
Issoire,63178,63500,Appartement,93.0,80987.0,870.83,2024-08-09
Courpière,63125,63120,Maison,74.0,65550.0,885.81,2024-08-14
Chamalières,63075,63400,Appartement,55.0,119000.0,2163.64,2024-08-01
Le Crest,63126,63450,Maison,100.0,180000.0,1800.0,2024-08-06
Vollore-Ville,63469,63120,Maison,60.0,49000.0,816.67,2024-07-25
Le Cendre,63069,63670,Appartement,90.0,234000.0,2600.0,2024-08-20
Thiers,63430,63300,Maison,146.0,146000.0,1000.0,2024-07-16
Thiers,63430,63300,Maison,146.0,146000.0,1000.0,2024-07-16
Issoire,63178,63500,Appartement,81.0,68970.0,851.48,2024-07-31
Clermont-Ferrand,63113,63100,Appartement,44.0,89300.0,2029.55,2024-08-01
Saint-Rémy-sur-Durolle,63393,63550,Maison,33.0,300000.0,9090.91,2024-07-22
Saint-Rémy-sur-Durolle,63393,63550,Maison,44.0,300000.0,6818.18,2024-07-22
Saint-Rémy-sur-Durolle,63393,63550,Maison,44.0,300000.0,6818.18,2024-07-22
Clermont-Ferrand,63113,63100,Maison,84.0,256025.0,3047.92,2024-08-13
Bromont-Lamothe,63055,63230,Maison,82.0,153300.0,1869.51,2024-08-14
Bromont-Lamothe,63055,63230,Maison,82.0,153300.0,1869.51,2024-08-14
Chamalières,63075,63400,Appartement,68.0,135900.0,1998.53,2024-08-20
Clermont-Ferrand,63113,63000,Appartement,82.0,145620.0,1775.85,2024-08-01
Clermont-Ferrand,63113,63000,Maison,150.0,470000.0,3133.33,2024-08-22
Saint-Pierre-Roche,63386,63210,Maison,113.0,148475.0,1313.94,2024-08-13
Clermont-Ferrand,63113,63000,Appartement,27.0,38000.0,1407.41,2024-08-21
Messeix,63225,63750,Maison,63.0,86000.0,1365.08,2024-08-16
Messeix,63225,63750,Maison,63.0,86000.0,1365.08,2024-08-16
Cébazat,63063,63118,Maison,88.0,206320.0,2344.55,2024-08-02
Chamalières,63075,63400,Appartement,71.0,195000.0,2746.48,2024-08-05
Chamalières,63075,63400,Appartement,31.0,195000.0,6290.32,2024-08-05
Clermont-Ferrand,63113,63000,Appartement,153.0,445050.0,2908.82,2024-08-02
Chambaron sur Morge,63244,63200,Maison,66.0,156750.0,2375.0,2024-08-01
Saint-Avit,63320,63380,Maison,126.0,154260.0,1224.29,2024-08-20
Ardes,63009,63420,Maison,130.0,50000.0,384.62,2024-08-22
Saint-Germain-Lembron,63352,63340,Maison,139.0,170000.0,1223.02,2024-08-03
Saint-Bonnet-près-Riom,63327,63200,Maison,84.0,200680.0,2389.05,2024-08-01
Issoire,63178,63500,Appartement,53.0,80000.0,1509.43,2024-08-16
Issoire,63178,63500,Appartement,58.0,80000.0,1379.31,2024-08-16
Clermont-Ferrand,63113,63100,Appartement,54.0,96000.0,1777.78,2024-08-13
Issoire,63178,63500,Appartement,64.0,83000.0,1296.88,2024-08-14
Clermont-Ferrand,63113,63000,Appartement,62.0,91000.0,1467.74,2024-08-21
Combronde,63116,63460,Maison,50.0,45000.0,900.0,2024-07-31
Issoire,63178,63500,Appartement,64.0,78000.0,1218.75,2024-08-20
Le Cendre,63069,63670,Maison,79.0,150152.0,1900.66,2024-08-07
La Roche-Noire,63306,63800,Maison,141.0,350000.0,2482.27,2024-08-26
La Roche-Noire,63306,63800,Maison,141.0,350000.0,2482.27,2024-08-26
Clermont-Ferrand,63113,63000,Appartement,80.0,136800.0,1710.0,2024-08-09
Le Breuil-sur-Couze,63052,63340,Maison,43.0,34000.0,790.7,2024-08-08
Le Breuil-sur-Couze,63052,63340,Maison,30.0,34000.0,1133.33,2024-08-08
Clermont-Ferrand,63113,63000,Appartement,69.0,189500.0,2746.38,2024-08-08
Billom,63040,63160,Maison,70.0,42500.0,607.14,2024-08-14
Clermont-Ferrand,63113,63100,Maison,120.0,427800.0,3565.0,2024-08-22
Mont-Dore,63236,63240,Appartement,29.0,210000.0,7241.38,2024-08-08
Mont-Dore,63236,63240,Appartement,48.0,210000.0,4375.0,2024-08-08
Mont-Dore,63236,63240,Appartement,78.0,210000.0,2692.31,2024-08-08
Saint-Rémy-sur-Durolle,63393,63550,Maison,24.0,80000.0,3333.33,2024-08-01
Auzat-la-Combelle,63022,63570,Maison,63.0,65400.0,1038.1,2024-07-31
Clermont-Ferrand,63113,63100,Appartement,78.0,87150.0,1117.31,2024-08-02
Thiers,63430,63300,Maison,77.0,140000.0,1818.18,2024-08-05
Thiers,63430,63300,Maison,77.0,140000.0,1818.18,2024-08-05
Brassac-les-Mines,63050,63570,Maison,124.0,135000.0,1088.71,2024-08-10
Thiers,63430,63300,Maison,98.0,65000.0,663.27,2024-08-23
Gerzat,63164,63360,Maison,110.0,262980.0,2390.73,2024-08-01
Peschadoires,63276,63920,Maison,140.0,255000.0,1821.43,2024-08-08
Aigueperse,63001,63260,Appartement,66.0,233260.0,3534.24,2024-08-02
Aigueperse,63001,63260,Appartement,112.0,233260.0,2082.68,2024-08-02
Aigueperse,63001,63260,Appartement,106.0,233260.0,2200.57,2024-08-02
Charbonnier-les-Mines,63091,63340,Maison,84.0,163600.0,1947.62,2024-08-13
Thiers,63430,63300,Maison,93.0,222000.0,2387.1,2024-08-08
Chamalières,63075,63400,Appartement,77.0,219000.0,2844.16,2024-08-26
Châtel-Guyon,63103,63140,Maison,74.0,186000.0,2513.51,2024-08-02
Clermont-Ferrand,63113,63100,Maison,110.0,243800.0,2216.36,2024-08-20
Ceyssat,63071,63210,Maison,116.0,257000.0,2215.52,2024-08-21
Ceyssat,63071,63210,Maison,116.0,257000.0,2215.52,2024-08-21
Clermont-Ferrand,63113,63000,Appartement,55.0,114900.0,2089.09,2024-08-20
Orcines,63263,63870,Maison,150.0,624600.0,4164.0,2024-08-20
Orcines,63263,63870,Maison,150.0,624600.0,4164.0,2024-08-20
Clermont-Ferrand,63113,63000,Appartement,91.0,350000.0,3846.15,2024-08-06
Saint-Alyre-d'Arlanc,63312,63220,Maison,98.0,16400.0,167.35,2024-08-23
Clermont-Ferrand,63113,63100,Maison,86.0,176100.0,2047.67,2024-08-06
Clermont-Ferrand,63113,63000,Appartement,46.0,83751.0,1820.67,2024-08-23
Corent,63120,63730,Maison,136.0,370500.0,2724.26,2024-08-05
Saint-Diéry,63335,63320,Maison,70.0,71500.0,1021.43,2024-08-01
Chas,63096,63160,Maison,140.0,180000.0,1285.71,2024-08-22
Les Martres-de-Veyre,63214,63730,Maison,91.0,272500.0,2994.51,2024-08-21
Ennezat,63148,63720,Maison,110.0,247210.0,2247.36,2024-08-23
Clermont-Ferrand,63113,63000,Maison,126.0,491718.0,3902.52,2024-08-20
Saint-Maurice,63378,63270,Maison,53.0,35000.0,660.38,2024-08-02
Royat,63308,63130,Appartement,33.0,42000.0,1272.73,2024-08-21
Cournon-d'Auvergne,63124,63800,Maison,69.0,177000.0,2565.22,2024-08-06
Clermont-Ferrand,63113,63000,Appartement,18.0,30500.0,1694.44,2024-08-07
Thiers,63430,63300,Maison,86.0,134884.0,1568.42,2024-08-02
Neuville,63252,63160,Maison,135.0,229100.0,1697.04,2024-07-29
Neuville,63252,63160,Maison,135.0,229100.0,1697.04,2024-07-29
Neuville,63252,63160,Maison,135.0,229100.0,1697.04,2024-07-29
Champeix,63080,63320,Appartement,66.0,85000.0,1287.88,2024-08-08
Saint-Genès-la-Tourette,63348,63580,Maison,128.0,110000.0,859.38,2024-08-09
Mur-sur-Allier,63226,63115,Maison,70.0,175500.0,2507.14,2024-08-12
Clermont-Ferrand,63113,63100,Appartement,52.0,63900.0,1228.85,2024-08-22
Saint-Diéry,63335,63320,Maison,150.0,190280.0,1268.53,2024-08-09
Aydat,63026,63970,Maison,83.0,90000.0,1084.34,2024-08-09
Cisternes-la-Forêt,63110,63740,Maison,138.0,95000.0,688.41,2024-08-13
Cisternes-la-Forêt,63110,63740,Maison,138.0,95000.0,688.41,2024-08-13
Compains,63117,63610,Maison,60.0,175000.0,2916.67,2024-08-12
Compains,63117,63610,Maison,60.0,175000.0,2916.67,2024-08-12
Beaulieu,63031,63570,Maison,140.0,75000.0,535.71,2024-07-31
Clermont-Ferrand,63113,63000,Maison,82.0,330000.0,4024.39,2024-07-31
Crevant-Laveine,63128,63350,Maison,104.0,84016.0,807.85,2024-07-30
Crevant-Laveine,63128,63350,Maison,104.0,84016.0,807.85,2024-07-30
Vensat,63446,63260,Maison,179.0,225000.0,1256.98,2024-08-09
Vensat,63446,63260,Maison,179.0,225000.0,1256.98,2024-08-09
Vensat,63446,63260,Maison,179.0,225000.0,1256.98,2024-08-09
Vensat,63446,63260,Maison,179.0,225000.0,1256.98,2024-08-09
Boudes,63046,63340,Maison,41.0,63340.0,1544.88,2024-07-30
Saint-Éloy-les-Mines,63338,63700,Maison,76.0,65000.0,855.26,2024-08-01
Aubiat,63013,63260,Maison,87.0,182500.0,2097.7,2024-08-05
Pérignat-lès-Sarliève,63272,63170,Maison,79.0,182000.0,2303.8,2024-08-05
Clermont-Ferrand,63113,63000,Appartement,71.0,145550.0,2050.0,2024-08-05
Clermont-Ferrand,63113,63000,Appartement,29.0,63500.0,2189.66,2024-08-07
Chamalières,63075,63400,Appartement,66.0,149000.0,2257.58,2024-08-08
Clermont-Ferrand,63113,63000,Appartement,38.0,78000.0,2052.63,2024-08-07
Aubière,63014,63170,Maison,62.0,177750.0,2866.94,2024-08-09
Maringues,63210,63350,Appartement,65.0,65000.0,1000.0,2024-08-01
Maringues,63210,63350,Appartement,63.0,65000.0,1031.75,2024-08-01
Maringues,63210,63350,Appartement,68.0,65000.0,955.88,2024-08-01
Maringues,63210,63350,Appartement,68.0,65000.0,955.88,2024-08-01
Clermont-Ferrand,63113,63000,Appartement,68.0,111900.0,1645.59,2024-08-05
Clermont-Ferrand,63113,63000,Appartement,19.0,60000.0,3157.89,2024-08-06
Royat,63308,63130,Appartement,66.0,142200.0,2154.55,2024-08-09
Chauriat,63106,63117,Maison,55.0,45000.0,818.18,2024-08-07
Clermont-Ferrand,63113,63100,Appartement,67.0,160400.0,2394.03,2024-08-06
Besse-et-Saint-Anastaise,63038,63610,Appartement,21.0,57090.0,2718.57,2024-08-09
Le Cendre,63069,63670,Maison,80.0,234200.0,2927.5,2024-08-12
Aubière,63014,63170,Maison,62.0,139650.0,2252.42,2024-08-06
Clermont-Ferrand,63113,63100,Appartement,73.0,138000.0,1890.41,2024-08-14
Châtel-Guyon,63103,63140,Appartement,16.0,33600.0,2100.0,2024-08-19
Sauxillanges,63415,63490,Maison,58.0,59000.0,1017.24,2024-08-09
Clermont-Ferrand,63113,63100,Maison,89.0,186500.0,2095.51,2024-08-20
Chamalières,63075,63400,Appartement,56.0,107410.0,1918.04,2024-08-05
Clermont-Ferrand,63113,63000,Appartement,31.0,71250.0,2298.39,2024-08-07
Clermont-Ferrand,63113,63000,Appartement,97.0,289300.0,2982.47,2024-08-14
Clermont-Ferrand,63113,63000,Maison,73.0,750000.0,10273.97,2024-08-08
Combronde,63116,63460,Maison,68.0,82150.0,1208.09,2024-08-01
Chamalières,63075,63400,Maison,36.0,40000.0,1111.11,2024-08-05
Aubière,63014,63170,Maison,67.0,215000.0,3208.96,2024-08-05
Les Ancizes-Comps,63004,63770,Maison,108.0,216195.0,2001.81,2024-08-20
Les Ancizes-Comps,63004,63770,Maison,108.0,216195.0,2001.81,2024-08-20
Clermont-Ferrand,63113,63000,Appartement,18.0,53000.0,2944.44,2024-08-22
Clermont-Ferrand,63113,63000,Appartement,78.0,155200.0,1989.74,2024-08-22
Clermont-Ferrand,63113,63000,Appartement,152.0,237000.0,1559.21,2024-08-07
Tauves,63426,63690,Maison,180.0,145450.0,808.06,2024-08-14
Thiers,63430,63300,Maison,72.0,8000.0,111.11,2024-08-19
Chamalières,63075,63400,Appartement,113.0,240400.0,2127.43,2024-07-25
Gerzat,63164,63360,Maison,40.0,244200.0,6105.0,2024-08-05
Viscomtat,63463,63250,Maison,98.0,195490.0,1994.8,2024-08-21
Saint-Bonnet-près-Riom,63327,63200,Maison,90.0,160000.0,1777.78,2024-08-05
Charbonnières-les-Varennes,63092,63410,Maison,180.0,326700.0,1815.0,2024-08-02
Chamalières,63075,63400,Maison,62.0,540000.0,8709.68,2024-08-02
Clermont-Ferrand,63113,63100,Maison,97.0,287600.0,2964.95,2024-08-28
Chamalières,63075,63400,Appartement,70.0,250000.0,3571.43,2024-08-26
Romagnat,63307,63540,Maison,72.0,300000.0,4166.67,2024-08-27
Romagnat,63307,63540,Maison,72.0,300000.0,4166.67,2024-08-27
Beaumont,63032,63110,Maison,73.0,170000.0,2328.77,2024-08-05
Chamalières,63075,63400,Appartement,28.0,68000.0,2428.57,2024-08-08
Culhat,63131,63350,Maison,141.0,269800.0,1913.48,2024-08-06
Le Broc,63054,63500,Maison,92.0,200000.0,2173.91,2024-08-20
Le Broc,63054,63500,Maison,92.0,200000.0,2173.91,2024-08-20
Clermont-Ferrand,63113,63000,Maison,95.0,260000.0,2736.84,2024-08-27
Tallende,63425,63450,Maison,96.0,233240.0,2429.58,2024-08-23
La Crouzille,63130,63700,Maison,126.0,96360.0,764.76,2024-07-29
La Monnerie-le-Montel,63231,63650,Maison,74.0,89000.0,1202.7,2024-08-07
Ambert,63003,63600,Maison,112.0,125000.0,1116.07,2024-07-29
Vollore-Ville,63469,63120,Maison,140.0,199500.0,1425.0,2024-08-28
Crevant-Laveine,63128,63350,Maison,43.0,183900.0,4276.74,2024-08-28
Augerolles,63016,63930,Maison,104.0,332300.0,3195.19,2024-08-28
Pérignat-lès-Sarliève,63272,63170,Maison,137.0,571950.0,4174.82,2024-08-08
Veyre-Monton,63455,63960,Maison,122.0,260500.0,2135.25,2024-08-06
Églisolles,63147,63840,Maison,76.0,186750.0,2457.24,2024-08-01
Durtol,63141,63830,Maison,125.0,350000.0,2800.0,2024-08-19
Durtol,63141,63830,Maison,125.0,350000.0,2800.0,2024-08-19
Marsat,63212,63200,Maison,195.0,444560.0,2279.79,2024-08-20
Doranges,63137,63220,Maison,102.0,100000.0,980.39,2024-08-22
Châteaugay,63099,63119,Maison,100.0,144000.0,1440.0,2024-08-22
Clermont-Ferrand,63113,63000,Appartement,83.0,196300.0,2365.06,2024-08-19
Royat,63308,63130,Appartement,37.0,63000.0,1702.7,2024-08-08
Beurières,63039,63220,Maison,110.0,67000.0,609.09,2024-08-09
Clermont-Ferrand,63113,63100,Appartement,85.0,120000.0,1411.76,2024-08-09
Chanat-la-Mouteyre,63083,63530,Maison,42.0,45000.0,1071.43,2024-08-13
Chamalières,63075,63400,Appartement,46.0,98000.0,2130.43,2024-08-19
Saint-Georges-sur-Allier,63350,63800,Maison,118.0,306000.0,2593.22,2024-08-01
Briffons,63053,63820,Maison,90.0,30000.0,333.33,2024-08-08
Mont-Dore,63236,63240,Appartement,19.0,52000.0,2736.84,2024-08-09
Saint-Ignat,63362,63720,Maison,60.0,83000.0,1383.33,2024-08-01
Charbonnières-les-Vieilles,63093,63410,Maison,90.0,37000.0,411.11,2024-08-07
Charbonnières-les-Vieilles,63093,63410,Maison,22.0,37000.0,1681.82,2024-08-07
Clermont-Ferrand,63113,63000,Appartement,46.0,431500.0,9380.43,2024-08-01
Clermont-Ferrand,63113,63000,Appartement,87.0,431500.0,4959.77,2024-08-01
Viverols,63465,63840,Maison,60.0,135040.0,2250.67,2024-08-13
Viverols,63465,63840,Maison,60.0,135040.0,2250.67,2024-08-13
Moissat,63229,63190,Maison,80.0,193030.0,2412.88,2024-08-01
Durtol,63141,63830,Maison,97.0,225000.0,2319.59,2024-08-07
La Bourboule,63047,63150,Appartement,27.0,19000.0,703.7,2024-08-09
Beaumont,63032,63110,Maison,57.0,197000.0,3456.14,2024-08-23
Ris,63301,63290,Maison,84.0,50200.0,597.62,2024-06-04
Beaumont,63032,63110,Appartement,49.0,114000.0,2326.53,2024-08-22
Clermont-Ferrand,63113,63000,Appartement,90.0,180150.0,2001.67,2024-08-26
Ennezat,63148,63720,Maison,64.0,155000.0,2421.88,2024-08-29
Saint-Beauzire,63322,63360,Maison,83.0,227800.0,2744.58,2024-08-23
Billom,63040,63160,Maison,100.0,212300.0,2123.0,2024-08-28
Châtel-Guyon,63103,63140,Maison,260.0,479000.0,1842.31,2024-08-02
Châtel-Guyon,63103,63140,Maison,260.0,479000.0,1842.31,2024-08-02
Clermont-Ferrand,63113,63000,Appartement,42.0,121000.0,2880.95,2024-08-05
Chabreloche,63072,63250,Maison,72.0,34000.0,472.22,2024-08-08
La Monnerie-le-Montel,63231,63650,Maison,104.0,150000.0,1442.31,2024-08-28
Montmorin,63239,63160,Maison,96.0,245150.0,2553.65,2024-08-29
Montmorin,63239,63160,Maison,96.0,245150.0,2553.65,2024-08-29
Saint-Genès-Champanelle,63345,63122,Maison,88.0,200000.0,2272.73,2024-08-22
Clermont-Ferrand,63113,63100,Appartement,63.0,90000.0,1428.57,2024-08-19
Cunlhat,63132,63590,Appartement,40.0,43500.0,1087.5,2024-08-06
Cunlhat,63132,63590,Appartement,37.0,43500.0,1175.68,2024-08-06
Cunlhat,63132,63590,Appartement,65.0,43500.0,669.23,2024-08-06
Riom,63300,63200,Maison,67.0,136200.0,2032.84,2024-08-22
Romagnat,63307,63540,Maison,40.0,100000.0,2500.0,2024-08-12
Clermont-Ferrand,63113,63000,Maison,90.0,320000.0,3555.56,2024-08-27
Clermont-Ferrand,63113,63000,Appartement,22.0,60500.0,2750.0,2024-08-22
Cébazat,63063,63118,Maison,94.0,273000.0,2904.26,2024-08-21
Charbonnières-les-Varennes,63092,63410,Maison,117.0,355500.0,3038.46,2024-08-22
Charbonnières-les-Varennes,63092,63410,Maison,117.0,355500.0,3038.46,2024-08-22
Charbonnières-les-Varennes,63092,63410,Maison,117.0,355500.0,3038.46,2024-08-22
Clermont-Ferrand,63113,63000,Appartement,64.0,208100.0,3251.56,2024-08-28
Clermont-Ferrand,63113,63000,Appartement,68.0,110000.0,1617.65,2024-08-09
Les Pradeaux,63287,63500,Maison,38.0,80000.0,2105.26,2024-08-02
Les Pradeaux,63287,63500,Maison,80.0,80000.0,1000.0,2024-08-02
La Roche-Blanche,63302,63670,Maison,102.0,316000.0,3098.04,2024-08-09
Pont-du-Château,63284,63430,Maison,70.0,185000.0,2642.86,2024-08-13
Égliseneuve-près-Billom,63146,63160,Maison,240.0,470000.0,1958.33,2024-08-27
Cournon-d'Auvergne,63124,63800,Maison,81.0,130000.0,1604.94,2024-08-12
Clermont-Ferrand,63113,63000,Appartement,30.0,50000.0,1666.67,2024-08-30
Clermont-Ferrand,63113,63100,Appartement,74.0,88500.0,1195.95,2024-08-05
Veyre-Monton,63455,63960,Maison,120.0,271500.0,2262.5,2024-08-21
Lempdes,63193,63370,Appartement,76.0,180000.0,2368.42,2024-08-26
Clermont-Ferrand,63113,63000,Appartement,48.0,115000.0,2395.83,2024-08-29
Clermont-Ferrand,63113,63000,Maison,145.0,366900.0,2530.34,2024-08-27
Chamalières,63075,63400,Appartement,65.0,165000.0,2538.46,2024-08-23
Clermont-Ferrand,63113,63000,Appartement,25.0,85800.0,3432.0,2024-08-20
Ennezat,63148,63720,Maison,121.0,319500.0,2640.5,2024-08-08
Arlanc,63010,63220,Maison,86.0,125000.0,1453.49,2024-08-02
Clermont-Ferrand,63113,63000,Appartement,45.0,92686.0,2059.69,2024-08-07
Clermont-Ferrand,63113,63100,Maison,80.0,180500.0,2256.25,2024-08-09
Clermont-Ferrand,63113,63100,Appartement,94.0,142600.0,1517.02,2024-08-12
Clermont-Ferrand,63113,63000,Maison,149.0,438000.0,2939.6,2024-08-27
Clermont-Ferrand,63113,63000,Appartement,27.0,47000.0,1740.74,2024-08-09
Billom,63040,63160,Maison,36.0,70000.0,1944.44,2024-08-30
Courpière,63125,63120,Maison,83.0,144350.0,1739.16,2024-08-27
Courpière,63125,63120,Maison,83.0,144350.0,1739.16,2024-08-27
Giat,63165,63620,Maison,87.0,86500.0,994.25,2024-08-26
Giat,63165,63620,Maison,87.0,86500.0,994.25,2024-08-26
Moissat,63229,63190,Maison,114.0,276080.0,2421.75,2024-08-22
Clermont-Ferrand,63113,63000,Appartement,72.0,110000.0,1527.78,2024-08-28
Vic-le-Comte,63457,63270,Maison,147.0,427500.0,2908.16,2024-08-12
Clermont-Ferrand,63113,63000,Appartement,30.0,95500.0,3183.33,2024-08-09
Plauzat,63282,63730,Maison,150.0,133000.0,886.67,2024-08-27
Gerzat,63164,63360,Maison,77.0,177700.0,2307.79,2024-09-02
Saint-Germain-Lembron,63352,63340,Appartement,37.0,149680.0,4045.41,2024-08-22
Saint-Germain-Lembron,63352,63340,Appartement,41.0,149680.0,3650.73,2024-08-22
Saint-Germain-Lembron,63352,63340,Appartement,59.0,149680.0,2536.95,2024-08-22
Aulnat,63019,63510,Maison,96.0,225000.0,2343.75,2024-08-30
Issoire,63178,63500,Appartement,45.0,83000.0,1844.44,2024-08-21
Issoire,63178,63500,Appartement,60.0,83000.0,1383.33,2024-08-21
Parentignat,63270,63500,Maison,80.0,219000.0,2737.5,2024-08-22
Issoire,63178,63500,Appartement,111.0,252000.0,2270.27,2024-08-21
Beaulieu,63031,63570,Maison,70.0,50000.0,714.29,2024-08-23
Clermont-Ferrand,63113,63000,Appartement,46.0,117000.0,2543.48,2024-09-02
Chamalières,63075,63400,Appartement,85.0,182050.0,2141.76,2024-08-08
Chamalières,63075,63400,Appartement,85.0,9000.0,105.88,2024-08-08
Beaulieu,63031,63570,Maison,88.0,145000.0,1647.73,2024-08-23
Beaulieu,63031,63570,Maison,88.0,145000.0,1647.73,2024-08-23
Le Monestier,63230,63890,Maison,180.0,268000.0,1488.89,2024-08-05
Arlanc,63010,63220,Maison,180.0,54000.0,300.0,2024-08-05
Clermont-Ferrand,63113,63000,Appartement,74.0,174000.0,2351.35,2024-08-29
Clermont-Ferrand,63113,63000,Appartement,81.0,213000.0,2629.63,2024-08-22
Clermont-Ferrand,63113,63000,Maison,116.0,160000.0,1379.31,2024-08-24
Romagnat,63307,63540,Maison,94.0,282650.0,3006.91,2024-08-29
Clermont-Ferrand,63113,63100,Appartement,88.0,170802.0,1940.93,2024-08-29
Clermont-Ferrand,63113,63000,Appartement,84.0,85000.0,1011.9,2024-08-27
Orcines,63263,63870,Maison,50.0,100000.0,2000.0,2024-08-27
Clermont-Ferrand,63113,63000,Appartement,15.0,66500.0,4433.33,2024-08-21
Aubière,63014,63170,Maison,145.0,420200.0,2897.93,2024-08-09
Châtel-Guyon,63103,63140,Appartement,55.0,105470.0,1917.64,2024-08-08
Châteaugay,63099,63119,Appartement,38.0,71500.0,1881.58,2024-08-09
Clermont-Ferrand,63113,63100,Maison,64.0,196870.0,3076.09,2024-08-22
Châtel-Guyon,63103,63140,Maison,107.0,116000.0,1084.11,2024-08-12
Chamalières,63075,63400,Maison,87.0,329300.0,3785.06,2024-08-21
Clermont-Ferrand,63113,63000,Appartement,33.0,68000.0,2060.61,2024-08-19
Chanat-la-Mouteyre,63083,63530,Maison,110.0,322200.0,2929.09,2024-08-14
Chanat-la-Mouteyre,63083,63530,Maison,110.0,322200.0,2929.09,2024-08-14
Mazaye,63219,63230,Maison,116.0,297000.0,2560.34,2024-08-12
Mazaye,63219,63230,Maison,116.0,297000.0,2560.34,2024-08-12
Clermont-Ferrand,63113,63100,Maison,118.0,186200.0,1577.97,2024-08-23
Royat,63308,63130,Maison,73.0,174100.0,2384.93,2024-08-21
Volvic,63470,63530,Maison,97.0,274500.0,2829.9,2024-08-24
Volvic,63470,63530,Maison,97.0,274500.0,2829.9,2024-08-24
Royat,63308,63130,Maison,54.0,6000.0,111.11,2024-08-26
Clermont-Ferrand,63113,63100,Maison,149.0,87500.0,587.25,2024-08-26
Clermont-Ferrand,63113,63100,Appartement,67.0,75000.0,1119.4,2024-09-02
Lezoux,63195,63190,Maison,60.0,90000.0,1500.0,2024-07-31
Lezoux,63195,63190,Maison,68.0,90000.0,1323.53,2024-07-31
Romagnat,63307,63540,Maison,104.0,237405.0,2282.74,2024-08-12
Sugères,63423,63490,Maison,50.0,155000.0,3100.0,2024-08-05
Clermont-Ferrand,63113,63000,Appartement,68.0,139000.0,2044.12,2024-08-09
Ennezat,63148,63720,Maison,62.0,105000.0,1693.55,2024-08-09
Bertignat,63037,63480,Maison,84.0,165300.0,1967.86,2024-08-30
Cournon-d'Auvergne,63124,63800,Appartement,81.0,210500.0,2598.77,2024-08-20
La Monnerie-le-Montel,63231,63650,Maison,63.0,63200.0,1003.17,2024-08-13
La Monnerie-le-Montel,63231,63650,Maison,63.0,63200.0,1003.17,2024-08-13
Saint-Yvoine,63404,63500,Maison,90.0,184850.0,2053.89,2024-08-12
Chamalières,63075,63400,Appartement,67.0,222300.0,3317.91,2024-08-21
Lempdes,63193,63370,Maison,82.0,270000.0,3292.68,2024-08-19
Clermont-Ferrand,63113,63000,Appartement,54.0,130000.0,2407.41,2024-08-30
Orcines,63263,63870,Maison,116.0,542190.0,4674.05,2024-08-23
Orcines,63263,63870,Maison,116.0,542190.0,4674.05,2024-08-23
Clermont-Ferrand,63113,63100,Maison,50.0,145000.0,2900.0,2024-08-22
Cunlhat,63132,63590,Maison,30.0,10000.0,333.33,2024-08-05
Vertaizon,63453,63910,Maison,41.0,48000.0,1170.73,2024-08-30
Saint-Gal-sur-Sioule,63344,63440,Maison,80.0,39900.0,498.75,2024-08-19
Clermont-Ferrand,63113,63000,Appartement,73.0,171000.0,2342.47,2024-08-30
Besse-et-Saint-Anastaise,63038,63610,Maison,85.0,473600.0,5571.76,2024-08-23
Dorat,63138,63300,Maison,127.0,244900.0,1928.35,2024-08-12
Dorat,63138,63300,Maison,127.0,244900.0,1928.35,2024-08-12
Bromont-Lamothe,63055,63230,Maison,75.0,80000.0,1066.67,2024-08-23
Bromont-Lamothe,63055,63230,Maison,75.0,80000.0,1066.67,2024-08-23
Bromont-Lamothe,63055,63230,Maison,75.0,80000.0,1066.67,2024-08-23
Bromont-Lamothe,63055,63230,Maison,75.0,80000.0,1066.67,2024-08-23
Saint-Bonnet-près-Riom,63327,63200,Maison,50.0,103000.0,2060.0,2024-08-19
Mur-sur-Allier,63226,63115,Maison,97.0,274500.0,2829.9,2024-09-02
Clermont-Ferrand,63113,63000,Appartement,32.0,114350.0,3573.44,2024-08-26
Heume-l'Église,63176,63210,Maison,80.0,28500.0,356.25,2024-08-22
Heume-l'Église,63176,63210,Maison,80.0,28500.0,356.25,2024-08-22
Clermont-Ferrand,63113,63100,Appartement,54.0,82000.0,1518.52,2024-08-23
Clermont-Ferrand,63113,63100,Appartement,54.0,82000.0,1518.52,2024-08-23
Mont-Dore,63236,63240,Appartement,43.0,122550.0,2850.0,2024-08-21
Tauves,63426,63690,Maison,81.0,39900.0,492.59,2024-08-20
Clermont-Ferrand,63113,63000,Appartement,29.0,66650.0,2298.28,2024-08-22
Saint-Amant-Tallende,63315,63450,Maison,64.0,90000.0,1406.25,2024-08-28
Clermont-Ferrand,63113,63000,Appartement,34.0,169300.0,4979.41,2024-08-30
Clermont-Ferrand,63113,63000,Appartement,34.0,169300.0,4979.41,2024-08-30
Clermont-Ferrand,63113,63000,Appartement,34.0,169300.0,4979.41,2024-08-30
Royat,63308,63130,Appartement,33.0,46500.0,1409.09,2024-08-29
Pont-du-Château,63284,63430,Appartement,62.0,157500.0,2540.32,2024-08-30
Pont-du-Château,63284,63430,Appartement,62.0,157500.0,2540.32,2024-08-30
Maringues,63210,63350,Maison,96.0,72000.0,750.0,2024-08-19
Clermont-Ferrand,63113,63100,Appartement,47.0,92350.0,1964.89,2024-08-28
Cournon-d'Auvergne,63124,63800,Maison,107.0,301600.0,2818.69,2024-08-30
Malauzat,63203,63200,Maison,180.0,710000.0,3944.44,2024-08-29
Malauzat,63203,63200,Maison,180.0,710000.0,3944.44,2024-08-29
Chapdes-Beaufort,63085,63230,Maison,62.0,217900.0,3514.52,2024-08-19
Vic-le-Comte,63457,63270,Appartement,25.0,104500.0,4180.0,2024-08-26
Vic-le-Comte,63457,63270,Appartement,25.0,104500.0,4180.0,2024-08-26
Vic-le-Comte,63457,63270,Appartement,25.0,104500.0,4180.0,2024-08-26
Vic-le-Comte,63457,63270,Appartement,25.0,104500.0,4180.0,2024-08-26
Clermont-Ferrand,63113,63000,Appartement,86.0,219500.0,2552.33,2024-08-21
Clermont-Ferrand,63113,63000,Maison,140.0,594000.0,4242.86,2024-08-26
Mirefleurs,63227,63730,Maison,113.0,300500.0,2659.29,2024-08-14
Durtol,63141,63830,Maison,89.0,232900.0,2616.85,2024-08-14
Clermont-Ferrand,63113,63000,Appartement,69.0,130000.0,1884.06,2024-08-29
Clermont-Ferrand,63113,63000,Appartement,40.0,140000.0,3500.0,2024-09-02
Courpière,63125,63120,Maison,110.0,198500.0,1804.55,2024-08-05
Courpière,63125,63120,Maison,110.0,198500.0,1804.55,2024-08-05
Jozerand,63181,63460,Maison,101.0,263800.0,2611.88,2024-08-27
Ayat-sur-Sioule,63025,63390,Maison,120.0,200000.0,1666.67,2024-08-23
Ayat-sur-Sioule,63025,63390,Maison,120.0,200000.0,1666.67,2024-08-23
Pont-du-Château,63284,63430,Maison,109.0,250000.0,2293.58,2024-08-09
Vic-le-Comte,63457,63270,Maison,98.0,145000.0,1479.59,2024-08-07
Ambert,63003,63600,Maison,119.0,142400.0,1196.64,2024-08-07
Ambert,63003,63600,Maison,119.0,142400.0,1196.64,2024-08-07
Surat,63424,63720,Maison,104.0,273270.0,2627.6,2024-08-30
Ambert,63003,63600,Maison,95.0,191750.0,2018.42,2024-08-08
Peschadoires,63276,63920,Maison,100.0,146000.0,1460.0,2024-08-29
Thiers,63430,63300,Maison,98.0,148465.0,1514.95,2024-09-04
Mons,63232,63310,Maison,115.0,183550.0,1596.09,2024-08-07
Clermont-Ferrand,63113,63000,Appartement,120.0,233000.0,1941.67,2024-08-28
Billom,63040,63160,Maison,74.0,183400.0,2478.38,2024-08-20
Aigueperse,63001,63260,Appartement,68.0,189000.0,2779.41,2024-08-08
Aigueperse,63001,63260,Appartement,68.0,189000.0,2779.41,2024-08-08
Ravel,63296,63190,Maison,91.0,123000.0,1351.65,2024-08-23
Lempdes,63193,63370,Maison,84.0,212750.0,2532.74,2024-08-28
Celles-sur-Durolle,63066,63250,Maison,80.0,64300.0,803.75,2024-08-12
Celles-sur-Durolle,63066,63250,Maison,80.0,64300.0,803.75,2024-08-12
Celles-sur-Durolle,63066,63250,Maison,80.0,64300.0,803.75,2024-08-12
Clermont-Ferrand,63113,63000,Appartement,72.0,185000.0,2569.44,2024-09-04
Clermont-Ferrand,63113,63000,Appartement,78.0,119000.0,1525.64,2024-08-26
Cournon-d'Auvergne,63124,63800,Maison,127.0,237500.0,1870.08,2024-08-26
Labessette,63183,63690,Maison,40.0,20000.0,500.0,2024-08-08
Labessette,63183,63690,Maison,40.0,20000.0,500.0,2024-08-08
Besse-et-Saint-Anastaise,63038,63610,Maison,55.0,124600.0,2265.45,2024-08-23
Mont-Dore,63236,63240,Appartement,30.0,72900.0,2430.0,2024-08-29
Clermont-Ferrand,63113,63100,Maison,72.0,160000.0,2222.22,2024-08-27
La Roche-Blanche,63302,63670,Maison,54.0,85000.0,1574.07,2024-08-14
Clermont-Ferrand,63113,63000,Appartement,46.0,72500.0,1576.09,2024-08-13
Lempdes,63193,63370,Maison,74.0,117500.0,1587.84,2024-08-26
Clermont-Ferrand,63113,63000,Appartement,88.0,221000.0,2511.36,2024-08-22
Thuret,63432,63260,Maison,96.0,168150.0,1751.56,2024-08-26
Clermont-Ferrand,63113,63000,Appartement,52.0,80000.0,1538.46,2024-08-26
Riom,63300,63200,Maison,68.0,138300.0,2033.82,2024-08-09
Aulnat,63019,63510,Maison,92.0,237000.0,2576.09,2024-08-26
Clermont-Ferrand,63113,63000,Appartement,42.0,128472.0,3058.86,2024-08-28
Cournon-d'Auvergne,63124,63800,Appartement,47.0,98200.0,2089.36,2024-08-27
Clermont-Ferrand,63113,63100,Appartement,70.0,125000.0,1785.71,2024-08-30
Clermont-Ferrand,63113,63000,Appartement,40.0,83500.0,2087.5,2024-09-04
La Monnerie-le-Montel,63231,63650,Maison,60.0,25000.0,416.67,2024-09-05
Clermont-Ferrand,63113,63000,Appartement,42.0,76000.0,1809.52,2024-09-05
Pouzol,63286,63440,Maison,40.0,89000.0,2225.0,2024-09-02
Estandeuil,63155,63520,Maison,89.0,82800.0,930.34,2024-08-26
Chamalières,63075,63400,Maison,49.0,153450.0,3131.63,2024-08-27
Cournon-d'Auvergne,63124,63800,Maison,72.0,94370.0,1310.69,2024-08-27
Clermont-Ferrand,63113,63100,Maison,112.0,199500.0,1781.25,2024-09-02
Saint-Germain-l'Herm,63353,63630,Maison,55.0,15000.0,272.73,2024-09-05
Saint-Germain-l'Herm,63353,63630,Maison,32.0,15000.0,468.75,2024-09-05
Saint-Germain-l'Herm,63353,63630,Maison,33.0,15000.0,454.55,2024-09-05
Clermont-Ferrand,63113,63000,Appartement,81.0,102000.0,1259.26,2024-08-28
Châtel-Guyon,63103,63140,Maison,106.0,301250.0,2841.98,2024-09-02
Châtel-Guyon,63103,63140,Maison,106.0,301250.0,2841.98,2024-09-02
Cournon-d'Auvergne,63124,63800,Appartement,63.0,128000.0,2031.75,2024-09-05
Clermont-Ferrand,63113,63000,Appartement,65.0,110000.0,1692.31,2024-08-26
Clermont-Ferrand,63113,63000,Appartement,72.0,103000.0,1430.56,2024-08-09
Nohanent,63254,63830,Maison,87.0,243500.0,2798.85,2024-08-28
Nohanent,63254,63830,Maison,87.0,243500.0,2798.85,2024-08-28
Cisternes-la-Forêt,63110,63740,Maison,118.0,88000.0,745.76,2024-08-08
Cisternes-la-Forêt,63110,63740,Maison,92.0,35000.0,380.43,2024-09-04
Cisternes-la-Forêt,63110,63740,Maison,92.0,35000.0,380.43,2024-09-04
Cros,63129,63810,Maison,169.0,266000.0,1573.96,2024-09-06
Le Cendre,63069,63670,Maison,99.0,271700.0,2744.44,2024-08-22
Marsac-en-Livradois,63211,63940,Maison,113.0,65750.0,581.86,2024-08-08
Gerzat,63164,63360,Appartement,39.0,80000.0,2051.28,2024-08-23
Saint-Éloy-les-Mines,63338,63700,Maison,15.0,148000.0,9866.67,2024-08-29
Saint-Éloy-les-Mines,63338,63700,Maison,153.0,148000.0,967.32,2024-08-29
Pont-du-Château,63284,63430,Maison,89.0,282350.0,3172.47,2024-08-13
Romagnat,63307,63540,Appartement,72.0,129900.0,1804.17,2024-08-09
Châtel-Guyon,63103,63140,Appartement,45.0,76000.0,1688.89,2024-08-28
Clermont-Ferrand,63113,63000,Appartement,70.0,140000.0,2000.0,2024-08-26
Artonne,63012,63460,Maison,70.0,71000.0,1014.29,2024-08-29
Pionsat,63281,63330,Maison,120.0,195500.0,1629.17,2024-08-09
Pionsat,63281,63330,Maison,36.0,195500.0,5430.56,2024-08-09
Pionsat,63281,63330,Maison,36.0,195500.0,5430.56,2024-08-09
Pionsat,63281,63330,Maison,36.0,195500.0,5430.56,2024-08-09
Pionsat,63281,63330,Maison,86.0,195500.0,2273.26,2024-08-09
Pionsat,63281,63330,Maison,86.0,195500.0,2273.26,2024-08-09
Pionsat,63281,63330,Maison,86.0,195500.0,2273.26,2024-08-09
Clermont-Ferrand,63113,63000,Appartement,36.0,60500.0,1680.56,2024-08-30
Viverols,63465,63840,Maison,99.0,150000.0,1515.15,2024-08-09
Le Cendre,63069,63670,Maison,80.0,164548.5,2056.86,2024-08-09
Saint-Clément-de-Régnat,63332,63310,Maison,126.0,250915.0,1991.39,2024-08-30
Saint-Clément-de-Régnat,63332,63310,Maison,126.0,250915.0,1991.39,2024-08-30
Ardes,63009,63420,Maison,80.0,148000.0,1850.0,2024-08-29
Brassac-les-Mines,63050,63570,Maison,62.0,28000.0,451.61,2024-09-03
Clermont-Ferrand,63113,63100,Appartement,73.0,141679.0,1940.81,2024-08-23
Clermont-Ferrand,63113,63000,Appartement,77.0,158685.0,2060.84,2024-08-29
Servant,63419,63560,Maison,133.0,261250.0,1964.29,2024-08-28
Servant,63419,63560,Maison,133.0,261250.0,1964.29,2024-08-28
Servant,63419,63560,Maison,133.0,261250.0,1964.29,2024-08-28
Servant,63419,63560,Maison,30.0,261250.0,8708.33,2024-08-28
Servant,63419,63560,Maison,30.0,261250.0,8708.33,2024-08-28
Servant,63419,63560,Maison,30.0,261250.0,8708.33,2024-08-28
Plauzat,63282,63730,Maison,75.0,162000.0,2160.0,2024-08-27
Aubière,63014,63170,Appartement,53.0,98000.0,1849.06,2024-08-27
Usson,63439,63490,Maison,158.0,368000.0,2329.11,2024-08-31
Thiers,63430,63300,Maison,134.0,350000.0,2611.94,2024-09-03
Chamalières,63075,63400,Appartement,66.0,162600.0,2463.64,2024-09-02
Clermont-Ferrand,63113,63000,Appartement,30.0,80430.0,2681.0,2024-08-22
Pérignat-lès-Sarliève,63272,63170,Maison,95.0,175750.0,1850.0,2024-09-02
Clermont-Ferrand,63113,63000,Appartement,68.0,133635.0,1965.22,2024-08-21
Aubière,63014,63170,Appartement,17.0,56500.0,3323.53,2024-08-09
Aubière,63014,63170,Appartement,17.0,56500.0,3323.53,2024-08-09
Chamalières,63075,63400,Appartement,33.0,169500.0,5136.36,2024-08-29
Chamalières,63075,63400,Appartement,136.0,169500.0,1246.32,2024-08-29
Issoire,63178,63500,Maison,67.0,142500.0,2126.87,2024-08-27
Chanat-la-Mouteyre,63083,63530,Maison,95.0,225300.0,2371.58,2024-08-29
Chanat-la-Mouteyre,63083,63530,Maison,95.0,225300.0,2371.58,2024-08-29
Chamalières,63075,63400,Appartement,47.0,132000.0,2808.51,2024-08-29
Clermont-Ferrand,63113,63000,Appartement,29.0,79000.0,2724.14,2024-08-13
Clermont-Ferrand,63113,63100,Appartement,60.0,159000.0,2650.0,2024-08-23
Le Vernet-Chaméane,63448,63580,Maison,49.0,60000.0,1224.49,2024-08-27
Clermont-Ferrand,63113,63000,Appartement,49.0,177000.0,3612.24,2024-08-29
Blanzat,63042,63112,Maison,101.0,285100.0,2822.77,2024-08-23
Authezat,63021,63114,Maison,137.0,411700.0,3005.11,2024-08-27
Authezat,63021,63114,Maison,137.0,411700.0,3005.11,2024-08-27
Pérignat-lès-Sarliève,63272,63170,Maison,125.0,452743.0,3621.94,2024-08-31
Issoire,63178,63500,Maison,155.0,267000.0,1722.58,2024-08-29
Saint-Maigner,63373,63330,Maison,70.0,90000.0,1285.71,2024-08-29
Aigueperse,63001,63260,Maison,136.0,263650.0,1938.6,2024-08-27
Aigueperse,63001,63260,Maison,136.0,263650.0,1938.6,2024-08-27
Chambon-sur-Dolore,63076,63980,Maison,100.0,166345.0,1663.45,2024-08-19
Antoingt,63005,63340,Maison,115.0,217047.0,1887.37,2024-08-28
Cournon-d'Auvergne,63124,63800,Appartement,73.0,135600.0,1857.53,2024-09-02
Ambert,63003,63600,Maison,60.0,54365.0,906.08,2024-08-09
Cébazat,63063,63118,Maison,69.0,153142.0,2219.45,2024-08-13
Mont-Dore,63236,63240,Appartement,26.0,66600.0,2561.54,2024-08-26
Saint-Maurice,63378,63270,Maison,88.0,160000.0,1818.18,2024-08-13
Issoire,63178,63500,Appartement,33.0,66500.0,2015.15,2024-08-21
Charbonnier-les-Mines,63091,63340,Maison,86.0,171650.0,1995.93,2024-08-26
Chalus,63074,63340,Maison,120.0,110000.0,916.67,2024-08-26
Auzelles,63023,63590,Maison,90.0,92000.0,1022.22,2024-08-20
Mont-Dore,63236,63240,Appartement,41.0,116000.0,2829.27,2024-08-27
Saint-Romain,63394,63660,Maison,54.0,142200.0,2633.33,2024-08-22
Grandval,63174,63890,Maison,36.0,45000.0,1250.0,2024-08-23
Aix-la-Fayette,63002,63980,Maison,80.0,15990.0,199.88,2024-08-20
Peschadoires,63276,63920,Maison,91.0,209200.0,2298.9,2024-08-29
Peschadoires,63276,63920,Maison,91.0,209200.0,2298.9,2024-08-29
Messeix,63225,63750,Maison,54.0,56400.0,1044.44,2024-08-27
Clermont-Ferrand,63113,63000,Maison,64.0,204460.0,3194.69,2024-08-27
Beaumont,63032,63110,Appartement,65.0,152000.0,2338.46,2024-08-26
Chaptuzat,63090,63260,Maison,158.0,184550.0,1168.04,2024-08-30
Chamalières,63075,63400,Appartement,96.0,225000.0,2343.75,2024-08-23
Ceyrat,63070,63122,Maison,54.0,80000.0,1481.48,2024-08-26
Riom,63300,63200,Appartement,74.0,124800.0,1686.49,2024-09-02
Clermont-Ferrand,63113,63000,Appartement,20.0,47500.0,2375.0,2024-08-26
Novacelles,63256,63220,Maison,90.0,34855.0,387.28,2024-09-06
Clermont-Ferrand,63113,63100,Appartement,67.0,151968.0,2268.18,2024-08-29
Beauregard-Vendon,63035,63460,Maison,149.0,258500.0,1734.9,2024-08-28
Châtel-Guyon,63103,63140,Maison,100.0,226500.0,2265.0,2024-08-29
Chamalières,63075,63400,Appartement,46.0,140000.0,3043.48,2024-09-06
Saint-Genès-du-Retz,63347,63260,Maison,114.0,223150.0,1957.46,2024-09-02
Saint-Genès-du-Retz,63347,63260,Maison,114.0,223150.0,1957.46,2024-09-02
Cournon-d'Auvergne,63124,63800,Maison,134.0,253900.0,1894.78,2024-08-28
Beaumont,63032,63110,Appartement,62.0,179000.0,2887.1,2024-08-30
Ambert,63003,63600,Appartement,20.0,230000.0,11500.0,2024-09-09
Ambert,63003,63600,Appartement,28.0,230000.0,8214.29,2024-09-09
Ambert,63003,63600,Appartement,59.0,230000.0,3898.31,2024-09-09
Ambert,63003,63600,Appartement,59.0,230000.0,3898.31,2024-09-09
Ambert,63003,63600,Appartement,56.0,230000.0,4107.14,2024-09-09
Ambert,63003,63600,Appartement,58.0,230000.0,3965.52,2024-09-09
Ambert,63003,63600,Appartement,42.0,230000.0,5476.19,2024-09-09
Ambert,63003,63600,Appartement,50.0,230000.0,4600.0,2024-09-09
Ambert,63003,63600,Maison,60.0,230000.0,3833.33,2024-09-09
Clermont-Ferrand,63113,63000,Appartement,85.0,148200.0,1743.53,2024-08-30
Royat,63308,63130,Appartement,33.0,43000.0,1303.03,2024-08-29
Orcines,63263,63870,Maison,112.0,105000.0,937.5,2024-09-05
Riom,63300,63200,Maison,120.0,406050.0,3383.75,2024-08-30
Le Cendre,63069,63670,Maison,112.0,177330.0,1583.3,2024-08-20
Culhat,63131,63350,Maison,163.0,240000.0,1472.39,2024-08-30
Culhat,63131,63350,Maison,163.0,240000.0,1472.39,2024-08-30
Lempdes,63193,63370,Maison,96.0,249000.0,2593.75,2024-08-27
Issoire,63178,63500,Maison,93.0,216700.0,2330.11,2024-08-27
Clermont-Ferrand,63113,63100,Appartement,105.0,321000.0,3057.14,2024-09-03
Giat,63165,63620,Maison,116.0,33000.0,284.48,2024-09-05
Beaumont,63032,63110,Appartement,129.0,238000.0,1844.96,2024-09-03
La Chapelle-Agnon,63086,63590,Maison,54.0,91660.0,1697.41,2024-08-23
Auzat-la-Combelle,63022,63570,Maison,99.0,31000.0,313.13,2024-09-05
Perpezat,63274,63210,Maison,120.0,288000.0,2400.0,2024-08-30
Orcet,63262,63670,Maison,191.0,471250.0,2467.28,2024-09-06
Orcet,63262,63670,Maison,191.0,471250.0,2467.28,2024-09-06
Laps,63188,63270,Maison,88.0,129000.0,1465.91,2024-09-06
Saint-Denis-Combarnazat,63333,63310,Maison,114.0,153970.0,1350.61,2024-08-22
Chappes,63089,63720,Maison,85.0,273950.0,3222.94,2024-08-12
Chappes,63089,63720,Maison,85.0,273950.0,3222.94,2024-08-12
Youx,63471,63700,Maison,85.0,140200.0,1649.41,2024-08-28
Youx,63471,63700,Maison,12.0,140200.0,11683.33,2024-08-28
Saint-Rémy-sur-Durolle,63393,63550,Maison,38.0,71250.0,1875.0,2024-08-26
Blanzat,63042,63112,Maison,100.0,430000.0,4300.0,2024-08-12
Blanzat,63042,63112,Maison,100.0,430000.0,4300.0,2024-08-12
Chamalières,63075,63400,Appartement,46.0,103000.0,2239.13,2024-09-04
Chamalières,63075,63400,Appartement,44.0,102500.0,2329.55,2024-08-28
Riom,63300,63200,Maison,39.0,110000.0,2820.51,2024-09-03
Le Cendre,63069,63670,Maison,112.0,113242.0,1011.09,2024-09-04
Les Martres-de-Veyre,63214,63730,Maison,50.0,47000.0,940.0,2024-09-06
Lezoux,63195,63190,Maison,86.0,214000.0,2488.37,2024-09-04
Chamalières,63075,63400,Appartement,54.0,100136.0,1854.37,2024-09-11
Sayat,63417,63530,Maison,87.0,300000.0,3448.28,2024-08-27
Clermont-Ferrand,63113,63000,Appartement,43.0,51350.0,1194.19,2024-09-05
Beauregard-l'Évêque,63034,63116,Maison,170.0,665000.0,3911.76,2024-09-05
Beauregard-l'Évêque,63034,63116,Maison,170.0,665000.0,3911.76,2024-09-05
Clermont-Ferrand,63113,63000,Appartement,66.0,110000.0,1666.67,2024-08-27
Clermont-Ferrand,63113,63100,Appartement,68.0,199900.0,2939.71,2024-09-05
Montaigut,63233,63700,Appartement,65.0,108000.0,1661.54,2024-09-03
Montaigut,63233,63700,Appartement,70.0,108000.0,1542.86,2024-09-03
Orcet,63262,63670,Maison,101.0,241000.0,2386.14,2024-08-22
Riom,63300,63200,Appartement,26.0,44000.0,1692.31,2024-08-30
Clermont-Ferrand,63113,63000,Appartement,124.0,333000.0,2685.48,2024-08-28
Clermont-Ferrand,63113,63100,Maison,48.0,137898.0,2872.88,2024-08-26
Saint-Jean-des-Ollières,63365,63520,Maison,161.0,217500.0,1350.93,2024-08-13
Romagnat,63307,63540,Maison,189.0,638000.0,3375.66,2024-09-05
Romagnat,63307,63540,Maison,189.0,638000.0,3375.66,2024-09-05
Clermont-Ferrand,63113,63000,Appartement,18.0,51500.0,2861.11,2024-08-19
Lezoux,63195,63190,Maison,110.0,319900.0,2908.18,2024-08-29
Bromont-Lamothe,63055,63230,Maison,81.0,77000.0,950.62,2024-09-03
Beaumont-lès-Randan,63033,63310,Maison,145.0,285000.0,1965.52,2024-08-23
Beaumont-lès-Randan,63033,63310,Maison,145.0,285000.0,1965.52,2024-08-23
Saint-Anthème,63319,63660,Maison,117.0,107500.0,918.8,2024-08-20
Saint-Anthème,63319,63660,Maison,127.0,107500.0,846.46,2024-08-20
Riom,63300,63200,Maison,101.0,338200.0,3348.51,2024-08-29
Randan,63295,63310,Maison,116.0,101860.0,878.1,2024-08-21
Clermont-Ferrand,63113,63000,Appartement,74.0,119000.0,1608.11,2024-08-30
Saint-Denis-Combarnazat,63333,63310,Maison,150.0,195500.0,1303.33,2024-08-29
Saint-Denis-Combarnazat,63333,63310,Maison,150.0,195500.0,1303.33,2024-08-29
Mons,63232,63310,Maison,103.0,90000.0,873.79,2024-08-21
Mons,63232,63310,Maison,103.0,90000.0,873.79,2024-08-21
Mons,63232,63310,Maison,103.0,90000.0,873.79,2024-08-21
Pontgibaud,63285,63230,Maison,130.0,132000.0,1015.38,2024-08-29
Pontgibaud,63285,63230,Maison,130.0,132000.0,1015.38,2024-08-29
Chamalières,63075,63400,Appartement,45.0,94000.0,2088.89,2024-09-09
Thuret,63432,63260,Maison,97.0,123000.0,1268.04,2024-08-13
Moureuille,63243,63700,Maison,95.0,140000.0,1473.68,2024-08-28
Riom,63300,63200,Appartement,90.0,221800.0,2464.44,2024-09-05
Riom,63300,63200,Appartement,28.0,221800.0,7921.43,2024-09-05
Clermont-Ferrand,63113,63000,Appartement,80.0,152000.0,1900.0,2024-08-14
Clermont-Ferrand,63113,63000,Appartement,28.0,51500.0,1839.29,2024-08-30
Clermont-Ferrand,63113,63100,Maison,70.0,143500.0,2050.0,2024-08-30
Billom,63040,63160,Maison,170.0,247500.0,1455.88,2024-08-29
Billom,63040,63160,Maison,170.0,247500.0,1455.88,2024-08-29
Clermont-Ferrand,63113,63000,Appartement,55.0,137200.0,2494.55,2024-08-27
Les Ancizes-Comps,63004,63770,Maison,108.0,160100.0,1482.41,2024-08-21
Billom,63040,63160,Maison,118.0,315300.0,2672.03,2024-08-13
Romagnat,63307,63540,Maison,98.0,349000.0,3561.22,2024-09-10
La Tour-d'Auvergne,63192,63680,Maison,76.0,80000.0,1052.63,2024-09-05
Saint-Priest-Bramefant,63387,63310,Maison,195.0,273500.0,1402.56,2024-08-26
Courpière,63125,63120,Maison,48.0,74571.0,1553.56,2024-08-14
Clermont-Ferrand,63113,63000,Appartement,30.0,77400.0,2580.0,2024-08-28
Chamalières,63075,63400,Appartement,84.0,230000.0,2738.1,2024-08-27
Chamalières,63075,63400,Maison,63.0,295000.0,4682.54,2024-09-03
Clermont-Ferrand,63113,63000,Appartement,17.0,50000.0,2941.18,2024-08-29
Clermont-Ferrand,63113,63000,Appartement,38.0,57000.0,1500.0,2024-09-03
Chamalières,63075,63400,Appartement,25.0,53000.0,2120.0,2024-09-02
Châteaugay,63099,63119,Maison,118.0,308850.0,2617.37,2024-09-03
Beaumont,63032,63110,Appartement,42.0,129250.0,3077.38,2024-09-03
Enval,63150,63530,Maison,117.0,365580.0,3124.62,2024-08-01
Loubeyrat,63198,63410,Maison,87.0,300350.0,3452.3,2024-09-03
Loubeyrat,63198,63410,Maison,87.0,300350.0,3452.3,2024-09-03
Malintrat,63204,63510,Maison,91.0,253000.0,2780.22,2024-09-03
Manzat,63206,63410,Maison,150.0,77000.0,513.33,2024-08-22
Clermont-Ferrand,63113,63100,Appartement,74.0,156700.0,2117.57,2024-09-03
Chauriat,63106,63117,Maison,85.0,142500.0,1676.47,2024-08-23
Clermont-Ferrand,63113,63000,Maison,78.0,135000.0,1730.77,2024-08-29
Ménétrol,63224,63200,Maison,92.0,134000.0,1456.52,2024-09-04
Clermont-Ferrand,63113,63100,Maison,55.0,76290.0,1387.09,2024-08-13
Saint-Pierre-le-Chastel,63385,63230,Maison,40.0,25000.0,625.0,2024-08-13
Saint-Pierre-le-Chastel,63385,63230,Maison,40.0,25000.0,625.0,2024-08-13
Châteaugay,63099,63119,Maison,40.0,40000.0,1000.0,2024-08-30
Clermont-Ferrand,63113,63100,Maison,57.0,191300.0,3356.14,2024-09-03
Arlanc,63010,63220,Appartement,60.0,47500.0,791.67,2024-08-22
Arlanc,63010,63220,Appartement,60.0,47500.0,791.67,2024-08-22
Nohanent,63254,63830,Maison,287.0,793250.0,2763.94,2024-09-11
Nohanent,63254,63830,Maison,287.0,793250.0,2763.94,2024-09-11
Charbonnières-les-Vieilles,63093,63410,Maison,48.0,110000.0,2291.67,2024-08-29
Clermont-Ferrand,63113,63000,Maison,62.0,81000.0,1306.45,2024-09-06
Riom,63300,63200,Maison,104.0,245000.0,2355.77,2024-08-29
Riom,63300,63200,Maison,104.0,245000.0,2355.77,2024-08-29
Cournon-d'Auvergne,63124,63800,Maison,93.0,137051.5,1473.67,2024-08-21
Viscomtat,63463,63250,Maison,54.0,60000.0,1111.11,2024-08-22
Viscomtat,63463,63250,Maison,87.0,60000.0,689.66,2024-08-22
Saint-Éloy-les-Mines,63338,63700,Maison,156.0,190700.0,1222.44,2024-08-29
Saint-Éloy-les-Mines,63338,63700,Maison,156.0,190700.0,1222.44,2024-08-29
Billom,63040,63160,Maison,50.0,60000.0,1200.0,2024-08-29
Riom,63300,63200,Maison,93.0,219000.0,2354.84,2024-08-29
Châtel-Guyon,63103,63140,Maison,120.0,170100.0,1417.5,2024-08-30
Vic-le-Comte,63457,63270,Maison,88.0,241700.0,2746.59,2024-08-20
Clermont-Ferrand,63113,63000,Appartement,40.0,78100.0,1952.5,2024-08-29
Lezoux,63195,63190,Maison,68.0,177000.0,2602.94,2024-08-27
Clermont-Ferrand,63113,63100,Appartement,62.0,188000.0,3032.26,2024-08-22
Parent,63269,63270,Maison,124.0,115000.0,927.42,2024-08-27
Saint-Genès-Champanelle,63345,63122,Maison,80.0,210550.0,2631.88,2024-09-03
Orcet,63262,63670,Maison,102.0,270000.0,2647.06,2024-08-20
Clermont-Ferrand,63113,63000,Appartement,48.0,50000.0,1041.67,2024-09-04
Le Cendre,63069,63670,Maison,70.0,177000.0,2528.57,2024-09-03
Clermont-Ferrand,63113,63000,Appartement,52.0,134000.0,2576.92,2024-09-09
Clermont-Ferrand,63113,63000,Maison,74.0,130000.0,1756.76,2024-09-02
Vic-le-Comte,63457,63270,Maison,40.0,50000.0,1250.0,2024-08-28
Fayet-Ronaye,63158,63630,Maison,114.0,43000.0,377.19,2024-09-10
Ceyrat,63070,63122,Maison,90.0,168000.0,1866.67,2024-08-26
Clermont-Ferrand,63113,63100,Appartement,60.0,152000.0,2533.33,2024-09-11
Cébazat,63063,63118,Appartement,68.0,171500.0,2522.06,2024-09-11
Aubière,63014,63170,Appartement,23.0,53000.0,2304.35,2024-09-11
Peschadoires,63276,63920,Maison,120.0,220000.0,1833.33,2024-09-03
Sauxillanges,63415,63490,Maison,51.0,18000.0,352.94,2024-08-28
Thiers,63430,63300,Maison,70.0,34000.0,485.71,2024-08-14
Thiers,63430,63300,Maison,70.0,34000.0,485.71,2024-08-14
Jumeaux,63182,63570,Maison,110.0,232400.0,2112.73,2024-08-27
Jumeaux,63182,63570,Maison,110.0,232400.0,2112.73,2024-08-27
Cunlhat,63132,63590,Maison,56.0,105400.0,1882.14,2024-09-02
Thiers,63430,63300,Maison,137.0,85000.0,620.44,2024-09-03
Thiers,63430,63300,Maison,137.0,85000.0,620.44,2024-09-03
Lezoux,63195,63190,Maison,54.0,112000.0,2074.07,2024-08-09
Lezoux,63195,63190,Maison,58.0,112000.0,1931.03,2024-08-09
Saint-Rémy-sur-Durolle,63393,63550,Maison,56.0,75000.0,1339.29,2024-08-09
Saint-Rémy-sur-Durolle,63393,63550,Maison,186.0,135000.0,725.81,2024-09-09
Aubière,63014,63170,Maison,30.0,116400.0,3880.0,2024-09-06
Veyre-Monton,63455,63960,Maison,60.0,208280.0,3471.33,2024-09-11
Clermont-Ferrand,63113,63000,Appartement,17.0,63900.0,3758.82,2024-09-06
Clermont-Ferrand,63113,63000,Appartement,19.0,63900.0,3363.16,2024-09-06
Thuret,63432,63260,Maison,80.0,258800.0,3235.0,2024-09-06
Thuret,63432,63260,Maison,58.0,258800.0,4462.07,2024-09-06
Clermont-Ferrand,63113,63000,Maison,55.0,195000.0,3545.45,2024-08-30
Riom,63300,63200,Appartement,47.0,86000.0,1829.79,2024-09-02
Gerzat,63164,63360,Maison,98.0,235350.0,2401.53,2024-09-06
Mozac,63245,63200,Maison,92.0,259250.0,2817.93,2024-09-02
Maringues,63210,63350,Maison,123.0,248480.0,2020.16,2024-08-28
Clermont-Ferrand,63113,63000,Appartement,33.0,111400.0,3375.76,2024-09-11
Châtel-Guyon,63103,63140,Maison,85.0,156590.0,1842.24,2024-09-05
Clermont-Ferrand,63113,63100,Maison,92.0,303000.0,3293.48,2024-09-06
Bagnols,63028,63810,Maison,51.0,150000.0,2941.18,2024-08-27
Bagnols,63028,63810,Maison,51.0,150000.0,2941.18,2024-08-27
Clermont-Ferrand,63113,63000,Appartement,64.0,105000.0,1640.62,2024-09-03
Clermont-Ferrand,63113,63000,Appartement,43.0,108000.0,2511.63,2024-08-30
Clermont-Ferrand,63113,63000,Appartement,56.0,118000.0,2107.14,2024-08-29
Saint-Germain-Lembron,63352,63340,Maison,108.0,165450.0,1531.94,2024-08-27
Youx,63471,63700,Maison,80.0,99750.0,1246.88,2024-08-29
Youx,63471,63700,Appartement,44.0,99750.0,2267.05,2024-08-29
Youx,63471,63700,Appartement,36.0,99750.0,2770.83,2024-08-29
Riom,63300,63200,Appartement,80.0,205000.0,2562.5,2024-09-04
Cébazat,63063,63118,Maison,96.0,233000.0,2427.08,2024-08-30
Clermont-Ferrand,63113,63000,Maison,105.0,325000.0,3095.24,2024-09-10
Clermont-Ferrand,63113,63100,Appartement,38.0,68450.0,1801.32,2024-09-11
Le Cendre,63069,63670,Maison,77.0,159000.0,2064.94,2024-08-29
Clermont-Ferrand,63113,63000,Appartement,44.0,72000.0,1636.36,2024-09-03
Tours-sur-Meymont,63434,63590,Maison,200.0,73500.0,367.5,2024-09-16
Tours-sur-Meymont,63434,63590,Maison,38.0,73500.0,1934.21,2024-09-16
Royat,63308,63130,Maison,72.0,190000.0,2638.89,2024-08-29
Thiers,63430,63300,Appartement,82.0,60000.0,731.71,2024-08-21
Riom,63300,63200,Maison,65.0,225500.0,3469.23,2024-09-03
Chalus,63074,63340,Maison,78.0,88000.0,1128.21,2024-08-26
Thiers,63430,63300,Maison,87.0,170500.0,1959.77,2024-08-23
Thiers,63430,63300,Maison,87.0,170500.0,1959.77,2024-08-23
Cournon-d'Auvergne,63124,63800,Maison,90.0,244477.0,2716.41,2024-08-29
Montel-de-Gelat,63237,63380,Maison,65.0,76000.0,1169.23,2024-08-28
Orcines,63263,63870,Maison,89.0,266952.0,2999.46,2024-09-12
Orcines,63263,63870,Maison,89.0,266952.0,2999.46,2024-09-12
La Sauvetat,63413,63730,Maison,70.0,88000.0,1257.14,2024-08-29
La Sauvetat,63413,63730,Maison,48.0,88000.0,1833.33,2024-08-29
Aigueperse,63001,63260,Maison,102.0,126600.0,1241.18,2024-09-07
Paslières,63271,63290,Maison,68.0,27000.0,397.06,2024-08-27
Paslières,63271,63290,Maison,18.0,27000.0,1500.0,2024-08-27
Puy-Guillaume,63291,63290,Maison,91.0,110000.0,1208.79,2024-08-26
Clermont-Ferrand,63113,63000,Appartement,68.0,152000.0,2235.29,2024-09-05
Clermont-Ferrand,63113,63100,Appartement,51.0,71300.0,1398.04,2024-09-12
Clermont-Ferrand,63113,63000,Maison,108.0,273500.0,2532.41,2024-08-29
Picherande,63279,63113,Maison,110.0,132000.0,1200.0,2024-09-13
Clermont-Ferrand,63113,63100,Appartement,71.0,119000.0,1676.06,2024-08-22
Clermont-Ferrand,63113,63000,Appartement,139.0,295310.0,2124.53,2024-09-13
Auzat-la-Combelle,63022,63570,Maison,42.0,78050.0,1858.33,2024-08-27
Clermont-Ferrand,63113,63000,Appartement,26.0,80000.0,3076.92,2024-09-09
Clermont-Ferrand,63113,63000,Appartement,81.0,111000.0,1370.37,2024-09-05
Thiers,63430,63300,Maison,145.0,254000.0,1751.72,2024-08-30
Thiers,63430,63300,Maison,145.0,254000.0,1751.72,2024-08-30
Courpière,63125,63120,Maison,85.0,170000.0,2000.0,2024-08-28
Courpière,63125,63120,Maison,85.0,170000.0,2000.0,2024-08-28
Courpière,63125,63120,Maison,85.0,170000.0,2000.0,2024-08-28
Courpière,63125,63120,Maison,85.0,170000.0,2000.0,2024-08-28
La Crouzille,63130,63700,Maison,112.0,90000.0,803.57,2024-09-06
Clermont-Ferrand,63113,63000,Appartement,72.0,130500.0,1812.5,2024-09-06
Vic-le-Comte,63457,63270,Maison,73.0,238250.0,3263.7,2024-08-30
Prompsat,63288,63200,Maison,75.0,152170.0,2028.93,2024-08-22
Cébazat,63063,63118,Maison,87.0,207500.0,2385.06,2024-08-22
Riom,63300,63200,Appartement,71.0,133000.0,1873.24,2024-08-29
Chapdes-Beaufort,63085,63230,Maison,80.0,182500.0,2281.25,2024-08-29
Chapdes-Beaufort,63085,63230,Maison,80.0,182500.0,2281.25,2024-08-29
Mont-Dore,63236,63240,Appartement,49.0,110000.0,2244.9,2024-08-28
Clermont-Ferrand,63113,63000,Appartement,27.0,75000.0,2777.78,2024-09-13
La Bourboule,63047,63150,Appartement,52.0,156000.0,3000.0,2024-08-28
Orcines,63263,63870,Maison,116.0,257000.0,2215.52,2024-09-06
La Bourboule,63047,63150,Appartement,70.0,92000.0,1314.29,2024-08-30
Les Martres-de-Veyre,63214,63730,Maison,90.0,123200.0,1368.89,2024-09-10
Dorat,63138,63300,Maison,66.0,298000.0,4515.15,2024-09-11
Dorat,63138,63300,Maison,83.0,298000.0,3590.36,2024-09-11
Aix-la-Fayette,63002,63980,Maison,130.0,42137.0,324.13,2024-09-10
Sauxillanges,63415,63490,Maison,121.0,244950.0,2024.38,2024-09-04
Sauxillanges,63415,63490,Maison,121.0,244950.0,2024.38,2024-09-04
Blanzat,63042,63112,Maison,66.0,103000.0,1560.61,2024-09-04
Orcival,63264,63210,Appartement,20.0,250000.0,12500.0,2024-09-06
Seychalles,63420,63190,Maison,90.0,181000.0,2011.11,2024-08-29
Saint-Rémy-sur-Durolle,63393,63550,Maison,58.0,24500.0,422.41,2024-09-07
Riom,63300,63200,Appartement,51.0,96500.0,1892.16,2024-08-29
Issoire,63178,63500,Maison,110.0,252000.0,2290.91,2024-08-28
Issoire,63178,63500,Appartement,60.0,94652.0,1577.53,2024-09-06
Riom,63300,63200,Maison,174.0,468210.0,2690.86,2024-08-23
Issoire,63178,63500,Maison,69.0,182000.0,2637.68,2024-09-04
Issoire,63178,63500,Maison,99.0,191000.0,1929.29,2024-09-07
Neschers,63250,63320,Maison,92.0,229450.0,2494.02,2024-08-27
Clermont-Ferrand,63113,63000,Appartement,18.0,41420.0,2301.11,2024-09-12
Clermont-Ferrand,63113,63100,Maison,100.0,145000.0,1450.0,2024-08-30
Aulnat,63019,63510,Maison,98.0,203000.0,2071.43,2024-08-28
Cournon-d'Auvergne,63124,63800,Maison,109.0,374360.0,3434.5,2024-09-04
Chamalières,63075,63400,Appartement,101.0,295000.0,2920.79,2024-09-12
Combronde,63116,63460,Maison,54.0,132300.0,2450.0,2024-09-06
Romagnat,63307,63540,Maison,90.0,159800.0,1775.56,2024-08-30
Chamalières,63075,63400,Maison,121.0,402000.0,3322.31,2024-09-06
Lezoux,63195,63190,Maison,52.0,72400.0,1392.31,2024-09-04
Clermont-Ferrand,63113,63100,Maison,94.0,212000.0,2255.32,2024-09-05
Clermont-Ferrand,63113,63000,Appartement,65.0,114000.0,1753.85,2024-09-03
Clermont-Ferrand,63113,63000,Appartement,45.0,75950.0,1687.78,2024-09-10
Gerzat,63164,63360,Maison,78.0,80000.0,1025.64,2024-08-26
Domaize,63136,63520,Maison,130.0,7000.0,53.85,2024-09-11
Domaize,63136,63520,Maison,130.0,7000.0,53.85,2024-09-11
Chamalières,63075,63400,Appartement,71.0,172100.0,2423.94,2024-09-04
Clermont-Ferrand,63113,63000,Appartement,70.0,155700.0,2224.29,2024-09-06
Veyre-Monton,63455,63960,Maison,32.0,380000.0,11875.0,2024-09-04
Veyre-Monton,63455,63960,Maison,32.0,380000.0,11875.0,2024-09-04
Égliseneuve-d'Entraigues,63144,63850,Maison,60.0,60000.0,1000.0,2024-09-17
Clermont-Ferrand,63113,63100,Appartement,65.0,104500.0,1607.69,2024-08-30
Clermont-Ferrand,63113,63000,Maison,155.0,152800.0,985.81,2024-09-04
Chauriat,63106,63117,Maison,82.0,50000.0,609.76,2024-09-14
Chauriat,63106,63117,Maison,82.0,50000.0,609.76,2024-09-14
Clermont-Ferrand,63113,63000,Appartement,28.0,100000.0,3571.43,2024-09-03
Clermont-Ferrand,63113,63000,Appartement,106.0,259000.0,2443.4,2024-09-10
Tallende,63425,63450,Maison,85.0,283450.0,3334.71,2024-09-03
Romagnat,63307,63540,Appartement,60.0,107200.0,1786.67,2024-09-12
Issoire,63178,63500,Maison,150.0,208791.0,1391.94,2024-08-29
Cournon-d'Auvergne,63124,63800,Maison,106.0,297400.0,2805.66,2024-09-13
Clermont-Ferrand,63113,63000,Appartement,119.0,281232.0,2363.29,2024-09-09
Aubière,63014,63170,Maison,113.0,290000.0,2566.37,2024-09-13
Combronde,63116,63460,Maison,81.0,177335.0,2189.32,2024-08-23
Beaumont,63032,63110,Maison,78.0,160500.0,2057.69,2024-09-13
Brassac-les-Mines,63050,63570,Maison,120.0,45000.0,375.0,2024-08-27
Clermont-Ferrand,63113,63000,Appartement,68.0,179000.0,2632.35,2024-09-03
Youx,63471,63700,Maison,71.0,65000.0,915.49,2024-08-29
Issoire,63178,63500,Appartement,59.0,83000.0,1406.78,2024-08-28
Nohanent,63254,63830,Maison,77.0,274650.0,3566.88,2024-09-05
Clermont-Ferrand,63113,63100,Appartement,25.0,54000.0,2160.0,2024-09-16
Bort-l'Étang,63045,63190,Maison,126.0,225000.0,1785.71,2024-09-06
Bort-l'Étang,63045,63190,Maison,126.0,225000.0,1785.71,2024-09-06
Arlanc,63010,63220,Maison,112.0,81500.0,727.68,2024-09-06
Brassac-les-Mines,63050,63570,Maison,74.0,115000.0,1554.05,2024-08-20
Clermont-Ferrand,63113,63100,Maison,68.0,221750.0,3261.03,2024-09-03
Saint-Donat,63336,63680,Maison,150.0,80000.0,533.33,2024-08-30
Clermont-Ferrand,63113,63000,Appartement,79.0,165000.0,2088.61,2024-08-26
Chauriat,63106,63117,Maison,75.0,153000.0,2040.0,2024-09-10
Marsat,63212,63200,Maison,90.0,130700.0,1452.22,2024-08-30
Clermont-Ferrand,63113,63000,Maison,63.0,187000.0,2968.25,2024-08-30
Buxières-sous-Montaigut,63062,63700,Maison,68.0,295000.0,4338.24,2024-08-23
Buxières-sous-Montaigut,63062,63700,Maison,68.0,295000.0,4338.24,2024-08-23
Buxières-sous-Montaigut,63062,63700,Maison,68.0,295000.0,4338.24,2024-08-23
Marsat,63212,63200,Appartement,111.0,229200.0,2064.86,2024-09-03
Romagnat,63307,63540,Appartement,30.0,103450.0,3448.33,2024-09-10
Besse-et-Saint-Anastaise,63038,63610,Appartement,23.0,91000.0,3956.52,2024-09-11
Chamalières,63075,63400,Appartement,143.0,430000.0,3006.99,2024-08-20
Royat,63308,63130,Appartement,68.0,191400.0,2814.71,2024-09-05
Riom,63300,63200,Maison,79.0,171010.0,2164.68,2024-07-05
Enval,63150,63530,Maison,102.0,150600.0,1476.47,2024-09-06
Thiers,63430,63300,Appartement,43.0,70000.0,1627.91,2024-08-30
Thiers,63430,63300,Appartement,48.0,70000.0,1458.33,2024-08-30
Clermont-Ferrand,63113,63000,Appartement,81.0,147050.0,1815.43,2024-09-12
La Monnerie-le-Montel,63231,63650,Maison,82.0,105370.0,1285.0,2024-09-17
Clermont-Ferrand,63113,63000,Appartement,40.0,66500.0,1662.5,2024-08-27
Fournols,63162,63980,Maison,115.0,169100.0,1470.43,2024-08-29
Orbeil,63261,63500,Maison,108.0,229790.0,2127.69,2024-08-29
Nébouzat,63248,63210,Maison,115.0,260000.0,2260.87,2024-09-13
Nébouzat,63248,63210,Maison,115.0,260000.0,2260.87,2024-09-13
Châtel-Guyon,63103,63140,Maison,96.0,245000.0,2552.08,2024-08-28
Clermont-Ferrand,63113,63100,Appartement,38.0,100800.0,2652.63,2024-08-28
Clermont-Ferrand,63113,63000,Appartement,21.0,51000.0,2428.57,2024-09-10
Mozac,63245,63200,Maison,106.0,220000.0,2075.47,2024-09-04
Clermont-Ferrand,63113,63000,Appartement,28.0,74500.0,2660.71,2024-09-10
Clermont-Ferrand,63113,63000,Appartement,33.0,72000.0,2181.82,2024-09-05
Vic-le-Comte,63457,63270,Maison,111.0,261000.0,2351.35,2024-08-29
Aulnat,63019,63510,Maison,102.0,215000.0,2107.84,2024-08-27
Aubière,63014,63170,Appartement,61.0,103000.0,1688.52,2024-09-02
Clermont-Ferrand,63113,63100,Appartement,61.0,91100.0,1493.44,2024-09-03
Clermont-Ferrand,63113,63000,Appartement,60.0,128800.0,2146.67,2024-09-19
Sermentizon,63418,63120,Maison,108.0,15000.0,138.89,2024-09-20
Sermentizon,63418,63120,Maison,108.0,15000.0,138.89,2024-09-20
Doranges,63137,63220,Maison,129.0,176300.0,1366.67,2024-09-17
Beaumont,63032,63110,Appartement,68.0,101000.0,1485.29,2024-09-09
Auzat-la-Combelle,63022,63570,Maison,80.0,41900.0,523.75,2024-08-29
La Sauvetat,63413,63730,Maison,40.0,51400.0,1285.0,2024-07-31
Clermont-Ferrand,63113,63000,Appartement,82.0,223850.0,2729.88,2024-09-10
Clermont-Ferrand,63113,63000,Appartement,141.0,350000.0,2482.27,2024-09-16
Aubière,63014,63170,Appartement,62.0,94800.0,1529.03,2024-09-11
Clermont-Ferrand,63113,63100,Maison,98.0,290000.0,2959.18,2024-09-11
Riom,63300,63200,Maison,67.0,248000.0,3701.49,2024-08-30
Riom,63300,63200,Maison,67.0,248000.0,3701.49,2024-08-30
Fournols,63162,63980,Maison,78.0,118500.0,1519.23,2024-09-14
Ambert,63003,63600,Appartement,18.0,37500.0,2083.33,2024-09-16
Ambert,63003,63600,Appartement,36.0,37500.0,1041.67,2024-09-16
Ambert,63003,63600,Appartement,22.0,37500.0,1704.55,2024-09-16
Ambert,63003,63600,Maison,42.0,37500.0,892.86,2024-09-16
Coudes,63121,63114,Maison,200.0,261550.0,1307.75,2024-08-12
Cournon-d'Auvergne,63124,63800,Maison,77.0,175374.0,2277.58,2024-08-30
Peschadoires,63276,63920,Maison,60.0,139000.0,2316.67,2024-09-02
Peschadoires,63276,63920,Maison,60.0,139000.0,2316.67,2024-09-02
Peschadoires,63276,63920,Maison,60.0,139000.0,2316.67,2024-09-02
Parent,63269,63270,Maison,112.0,153460.0,1370.18,2024-08-27
Châtel-Guyon,63103,63140,Maison,104.0,291785.0,2805.62,2024-08-29
Châtel-Guyon,63103,63140,Maison,104.0,291785.0,2805.62,2024-08-29
Pérignat-sur-Allier,63273,63800,Maison,125.0,311500.0,2492.0,2024-09-05
Lempdes,63193,63370,Appartement,69.0,105000.0,1521.74,2024-08-29
Lezoux,63195,63190,Maison,122.0,123600.0,1013.11,2024-09-06
Pont-du-Château,63284,63430,Maison,92.0,232000.0,2521.74,2024-08-29
La Bourboule,63047,63150,Appartement,41.0,168000.0,4097.56,2024-09-06
La Bourboule,63047,63150,Appartement,18.0,168000.0,9333.33,2024-09-06
La Bourboule,63047,63150,Appartement,24.0,168000.0,7000.0,2024-09-06
La Bourboule,63047,63150,Appartement,26.0,168000.0,6461.54,2024-09-06
La Bourboule,63047,63150,Appartement,40.0,168000.0,4200.0,2024-09-06
Orléat,63265,63190,Maison,130.0,325000.0,2500.0,2024-09-10
Pont-du-Château,63284,63430,Maison,84.0,194800.0,2319.05,2024-09-11
Clermont-Ferrand,63113,63100,Appartement,73.0,140000.0,1917.81,2024-08-27
Clermont-Ferrand,63113,63000,Appartement,26.0,76500.0,2942.31,2024-09-16
La Bourboule,63047,63150,Appartement,33.0,171310.0,5191.21,2024-09-07
La Bourboule,63047,63150,Appartement,53.0,171310.0,3232.26,2024-09-07
La Bourboule,63047,63150,Appartement,23.0,171310.0,7448.26,2024-09-07
La Bourboule,63047,63150,Appartement,33.0,171310.0,5191.21,2024-09-07
Saint-Nectaire,63380,63710,Maison,55.0,20000.0,363.64,2024-09-06
Clermont-Ferrand,63113,63100,Maison,83.0,149800.0,1804.82,2024-08-29
Clermont-Ferrand,63113,63100,Appartement,68.0,106200.0,1561.76,2024-08-23
Saint-Beauzire,63322,63360,Maison,77.0,152000.0,1974.03,2024-09-03
Clermont-Ferrand,63113,63100,Appartement,70.0,299000.0,4271.43,2024-09-12
Saint-Sauves-d'Auvergne,63397,63950,Maison,60.0,30000.0,500.0,2024-09-13
Vertaizon,63453,63910,Maison,48.0,254150.0,5294.79,2024-09-09
Clermont-Ferrand,63113,63000,Appartement,38.0,110595.0,2910.39,2024-08-29
Augerolles,63016,63930,Maison,100.0,23333.33,233.33,2024-09-19
Gerzat,63164,63360,Appartement,62.0,80192.0,1293.42,2024-09-20
Isserteaux,63177,63270,Maison,64.0,73000.0,1140.62,2024-09-19
Volvic,63470,63530,Maison,115.0,300000.0,2608.7,2024-08-23
Chauriat,63106,63117,Maison,60.0,161500.0,2691.67,2024-08-23
Lezoux,63195,63190,Maison,87.0,161000.0,1850.57,2024-08-23
Randan,63295,63310,Maison,60.0,49700.0,828.33,2024-02-23
Cunlhat,63132,63590,Maison,80.0,42000.0,525.0,2024-08-26
Cunlhat,63132,63590,Maison,36.0,42000.0,1166.67,2024-08-26
Gerzat,63164,63360,Maison,72.0,114500.0,1590.28,2024-09-06
Clermont-Ferrand,63113,63100,Appartement,50.0,102500.0,2050.0,2024-09-16
Lezoux,63195,63190,Maison,64.0,215500.0,3367.19,2024-09-16
Lezoux,63195,63190,Maison,46.0,159221.38,3461.33,2024-09-12
Chamalières,63075,63400,Appartement,100.0,240000.0,2400.0,2024-08-30
Saint-Beauzire,63322,63360,Maison,56.0,98000.0,1750.0,2024-09-09
Maringues,63210,63350,Maison,111.0,152110.0,1370.36,2024-09-18
Courpière,63125,63120,Maison,100.0,89000.0,890.0,2024-08-28
Clermont-Ferrand,63113,63100,Appartement,68.0,84477.0,1242.31,2024-09-18
Ambert,63003,63600,Maison,119.0,103000.0,865.55,2024-08-26
Lempdes,63193,63370,Maison,99.0,232750.0,2351.01,2024-09-12
Cournon-d'Auvergne,63124,63800,Maison,92.0,181000.0,1967.39,2024-09-12
Clermont-Ferrand,63113,63100,Appartement,45.0,226000.0,5022.22,2024-09-10
Clermont-Ferrand,63113,63100,Appartement,60.0,226000.0,3766.67,2024-09-10
Clermont-Ferrand,63113,63100,Appartement,60.0,226000.0,3766.67,2024-09-10
Clermont-Ferrand,63113,63100,Appartement,30.0,226000.0,7533.33,2024-09-10
Chamalières,63075,63400,Appartement,73.0,290800.0,3983.56,2024-08-30
Chamalières,63075,63400,Appartement,83.0,290800.0,3503.61,2024-08-30
Châteaugay,63099,63119,Maison,148.0,191150.0,1291.55,2024-09-02
Clermont-Ferrand,63113,63000,Appartement,40.0,276750.0,6918.75,2024-09-04
Clermont-Ferrand,63113,63000,Appartement,52.0,276750.0,5322.12,2024-09-04
Clermont-Ferrand,63113,63000,Appartement,52.0,276750.0,5322.12,2024-09-04
Clermont-Ferrand,63113,63100,Appartement,90.0,97160.0,1079.56,2024-09-04
Tauves,63426,63690,Maison,118.0,100000.0,847.46,2024-09-17
Issoire,63178,63500,Maison,69.0,133000.0,1927.54,2024-09-19
Lempdes,63193,63370,Maison,69.0,169790.0,2460.72,2024-09-09
Clermont-Ferrand,63113,63100,Appartement,67.0,112265.0,1675.6,2024-08-30
Joze,63180,63350,Maison,60.0,139000.0,2316.67,2024-09-18
Issoire,63178,63500,Maison,51.0,129050.0,2530.39,2024-09-18
Clermont-Ferrand,63113,63000,Appartement,27.0,84000.0,3111.11,2024-08-30
Clermont-Ferrand,63113,63000,Appartement,71.0,106000.0,1492.96,2024-09-17
Beaumont,63032,63110,Maison,254.0,599650.0,2360.83,2024-09-04
Beaumont,63032,63110,Maison,254.0,599650.0,2360.83,2024-09-04
La Roche-Noire,63306,63800,Maison,78.0,130200.0,1669.23,2024-09-17
Châteldon,63102,63290,Maison,79.0,63000.0,797.47,2024-08-27
Pérignat-sur-Allier,63273,63800,Maison,131.0,203000.0,1549.62,2024-09-13
Clermont-Ferrand,63113,63100,Appartement,66.0,83000.0,1257.58,2024-09-02
Saint-Rémy-sur-Durolle,63393,63550,Maison,50.0,66900.0,1338.0,2024-09-20
Clermont-Ferrand,63113,63000,Appartement,78.0,168000.0,2153.85,2024-09-04
Auzat-la-Combelle,63022,63570,Maison,76.0,35000.0,460.53,2024-09-11
Les Martres-de-Veyre,63214,63730,Maison,81.0,63500.0,783.95,2024-09-04
Clermont-Ferrand,63113,63100,Maison,47.0,158000.0,3361.7,2024-09-05
Cournon-d'Auvergne,63124,63800,Maison,75.0,165000.0,2200.0,2024-08-29
Jumeaux,63182,63570,Maison,34.0,6000.0,176.47,2024-09-16
Cournon-d'Auvergne,63124,63800,Maison,90.0,273000.0,3033.33,2024-09-12
Clermont-Ferrand,63113,63000,Maison,80.0,220000.0,2750.0,2024-09-10
Clermont-Ferrand,63113,63000,Appartement,36.0,68400.0,1900.0,2024-09-12
Clermont-Ferrand,63113,63000,Appartement,43.0,76815.0,1786.4,2024-09-06
Riom,63300,63200,Maison,80.0,284300.0,3553.75,2024-09-04
Paslières,63271,63290,Maison,78.0,30000.0,384.62,2024-09-02
Clermont-Ferrand,63113,63100,Maison,119.0,238000.0,2000.0,2024-09-12
Ris,63301,63290,Maison,51.0,55000.0,1078.43,2024-09-04
Gerzat,63164,63360,Appartement,38.0,72200.0,1900.0,2024-09-06
Courpière,63125,63120,Maison,122.0,242000.0,1983.61,2024-08-28
Courpière,63125,63120,Maison,122.0,242000.0,1983.61,2024-08-28
Pont-du-Château,63284,63430,Maison,77.0,175000.0,2272.73,2024-09-09
Beauregard-Vendon,63035,63460,Maison,79.0,118400.0,1498.73,2024-09-05
Beauregard-Vendon,63035,63460,Maison,89.0,234650.0,2636.52,2024-09-05
Vertaizon,63453,63910,Maison,90.0,142000.0,1577.78,2024-09-16
Besse-et-Saint-Anastaise,63038,63610,Appartement,33.0,30000.0,909.09,2024-07-12
Youx,63471,63700,Maison,88.0,68500.0,778.41,2024-09-17
Job,63179,63990,Maison,40.0,122000.0,3050.0,2024-09-02
Job,63179,63990,Maison,40.0,122000.0,3050.0,2024-09-02
Saint-Georges-de-Mons,63349,63780,Maison,80.0,85000.0,1062.5,2024-09-09
Issoire,63178,63500,Maison,149.0,405925.0,2724.33,2024-08-27
La Roche-Blanche,63302,63670,Maison,102.0,270000.0,2647.06,2024-09-06
La Roche-Blanche,63302,63670,Maison,102.0,270000.0,2647.06,2024-09-06
Vic-le-Comte,63457,63270,Maison,180.0,90000.0,500.0,2024-09-06
La Roche-Blanche,63302,63670,Maison,84.0,311250.0,3705.36,2024-09-12
Clermont-Ferrand,63113,63100,Appartement,64.0,165300.0,2582.81,2024-09-10
Clermont-Ferrand,63113,63100,Appartement,60.0,48000.0,800.0,2024-09-06
Le Cendre,63069,63670,Maison,80.0,160100.0,2001.25,2024-08-28
Issoire,63178,63500,Appartement,41.0,85000.0,2073.17,2024-09-14
Lezoux,63195,63190,Maison,120.0,250000.0,2083.33,2024-09-10
Cournon-d'Auvergne,63124,63800,Maison,77.0,205000.0,2662.34,2024-09-09
Beaumont,63032,63110,Appartement,60.0,116000.0,1933.33,2024-02-09
Beaumont,63032,63110,Appartement,64.0,116000.0,1812.5,2024-02-09
La Roche-Blanche,63302,63670,Maison,70.0,89100.0,1272.86,2024-09-17
Beaumont,63032,63110,Maison,52.0,15000.0,288.46,2024-09-17
Cournon-d'Auvergne,63124,63800,Maison,62.0,30000.0,483.87,2024-09-18
Clermont-Ferrand,63113,63000,Appartement,66.0,122000.0,1848.48,2024-09-19
Cébazat,63063,63118,Maison,80.0,171000.0,2137.5,2024-09-11
Manzat,63206,63410,Maison,191.0,130500.0,683.25,2024-09-11
Manzat,63206,63410,Maison,191.0,130500.0,683.25,2024-09-11
Chappes,63089,63720,Maison,112.0,303800.0,2712.5,2024-08-30
Clermont-Ferrand,63113,63000,Appartement,63.0,181200.0,2876.19,2024-09-19
Chauriat,63106,63117,Maison,116.0,258300.0,2226.72,2024-09-13
Romagnat,63307,63540,Maison,102.0,147163.0,1442.77,2024-09-11
Riom,63300,63200,Maison,84.0,196942.0,2344.55,2024-09-09
Clermont-Ferrand,63113,63000,Appartement,63.0,166750.0,2646.83,2024-09-20
Chauriat,63106,63117,Maison,107.0,168050.0,1570.56,2024-09-12
Chamalières,63075,63400,Appartement,57.0,151500.0,2657.89,2024-08-29
Saint-Saturnin,63396,63450,Maison,115.0,250000.0,2173.91,2024-09-18
Saint-Saturnin,63396,63450,Maison,115.0,250000.0,2173.91,2024-09-18
Les Martres-de-Veyre,63214,63730,Maison,138.0,283180.0,2052.03,2024-08-29
Chamalières,63075,63400,Appartement,67.0,220000.0,3283.58,2024-09-03
Enval,63150,63530,Maison,91.0,175000.0,1923.08,2024-07-17
Clermont-Ferrand,63113,63100,Appartement,59.0,112500.0,1906.78,2024-09-19
Clermont-Ferrand,63113,63000,Maison,76.0,165000.0,2171.05,2024-09-13
Clermont-Ferrand,63113,63000,Appartement,70.0,102000.0,1457.14,2024-09-19
Billom,63040,63160,Maison,108.0,182350.0,1688.43,2024-09-17
Chamalières,63075,63400,Appartement,92.0,216000.0,2347.83,2024-09-09
Clermont-Ferrand,63113,63100,Appartement,66.0,124350.0,1884.09,2024-09-16
Clermont-Ferrand,63113,63100,Appartement,47.0,69750.0,1484.04,2024-09-12
Clermont-Ferrand,63113,63000,Appartement,22.0,49600.0,2254.55,2024-09-09
Saint-Jean-en-Val,63366,63490,Maison,81.0,165050.0,2037.65,2024-08-30
Clermont-Ferrand,63113,63100,Maison,117.0,377050.0,3222.65,2024-09-16
Chamalières,63075,63400,Maison,95.0,395000.0,4157.89,2024-08-26
Chamalières,63075,63400,Maison,95.0,395000.0,4157.89,2024-08-26
Besse-et-Saint-Anastaise,63038,63610,Appartement,33.0,100655.0,3050.15,2024-08-30
Clermont-Ferrand,63113,63000,Appartement,67.0,176900.0,2640.3,2024-09-23
La Monnerie-le-Montel,63231,63650,Appartement,69.0,19000.0,275.36,2024-09-19
La Monnerie-le-Montel,63231,63650,Appartement,47.0,19000.0,404.26,2024-09-19
Lempdes,63193,63370,Maison,123.0,212000.0,1723.58,2024-09-11
Cournon-d'Auvergne,63124,63800,Appartement,76.0,88600.0,1165.79,2024-09-24
Clermont-Ferrand,63113,63100,Maison,88.0,142000.0,1613.64,2024-09-18
Besse-et-Saint-Anastaise,63038,63610,Appartement,47.0,138275.0,2942.02,2024-09-16
Clermont-Ferrand,63113,63100,Maison,90.0,225650.0,2507.22,2024-08-28
Thiers,63430,63300,Appartement,34.0,11000.0,323.53,2024-09-10
Besse-et-Saint-Anastaise,63038,63610,Maison,95.0,256600.0,2701.05,2024-09-13
Besse-et-Saint-Anastaise,63038,63610,Maison,95.0,256600.0,2701.05,2024-09-13
Sayat,63417,63530,Maison,84.0,153500.0,1827.38,2024-09-17
Le Vernet-Sainte-Marguerite,63449,63710,Maison,150.0,38000.0,253.33,2024-09-10
Clermont-Ferrand,63113,63100,Maison,83.0,280115.0,3374.88,2024-09-20
Saint-Germain-l'Herm,63353,63630,Maison,60.0,30000.0,500.0,2024-09-04
Ambert,63003,63600,Maison,51.0,55000.0,1078.43,2024-09-03
Ambert,63003,63600,Maison,51.0,55000.0,1078.43,2024-09-03
Le Breuil-sur-Couze,63052,63340,Maison,60.0,154650.0,2577.5,2024-08-30
Grandrif,63173,63600,Maison,80.0,82000.0,1025.0,2024-08-30
Ambert,63003,63600,Maison,79.0,100000.0,1265.82,2024-09-05
Besse-et-Saint-Anastaise,63038,63610,Appartement,47.0,210700.0,4482.98,2024-08-30
Cournon-d'Auvergne,63124,63800,Maison,95.0,100000.0,1052.63,2024-09-10
Thiers,63430,63300,Appartement,53.0,59200.0,1116.98,2024-09-16
Thiers,63430,63300,Appartement,51.0,59200.0,1160.78,2024-09-16
Thiers,63430,63300,Appartement,24.0,59200.0,2466.67,2024-09-16
Thiers,63430,63300,Appartement,29.0,59200.0,2041.38,2024-09-16
Thiers,63430,63300,Appartement,20.0,59200.0,2960.0,2024-09-16
Thiers,63430,63300,Appartement,54.0,59200.0,1096.3,2024-09-16
Thiers,63430,63300,Appartement,30.0,59200.0,1973.33,2024-09-16
Châteaugay,63099,63119,Appartement,104.0,152000.0,1461.54,2024-09-11
Auzat-la-Combelle,63022,63570,Maison,90.0,95000.0,1055.56,2024-09-10
Clermont-Ferrand,63113,63000,Appartement,34.0,110000.0,3235.29,2024-09-12
Blanzat,63042,63112,Maison,36.0,20000.0,555.56,2024-09-12
Saint-Ours,63381,63230,Maison,86.0,70000.0,813.95,2024-09-04
Thiers,63430,63300,Appartement,74.0,65000.0,878.38,2024-09-19
Chidrac,63109,63320,Maison,44.0,10000.0,227.27,2024-09-25
Clermont-Ferrand,63113,63000,Appartement,66.0,175000.0,2651.52,2024-09-02
Ménétrol,63224,63200,Maison,93.0,210000.0,2258.06,2024-09-19
Saint-Dier-d'Auvergne,63334,63520,Maison,72.0,97000.0,1347.22,2024-09-23
Besse-et-Saint-Anastaise,63038,63610,Appartement,22.0,50200.0,2281.82,2024-09-05
Égliseneuve-d'Entraigues,63144,63850,Maison,41.0,120000.0,2926.83,2024-09-05
Espinchal,63153,63850,Maison,24.0,38000.0,1583.33,2024-09-05
Valbeleix,63440,63610,Maison,107.0,130000.0,1214.95,2024-09-19
Saint-Nectaire,63380,63710,Maison,48.0,33000.0,687.5,2024-08-22
Royat,63308,63130,Appartement,30.0,43500.0,1450.0,2024-09-26
Royat,63308,63130,Appartement,30.0,43500.0,1450.0,2024-09-26
Royat,63308,63130,Appartement,30.0,43500.0,1450.0,2024-09-26
Royat,63308,63130,Appartement,30.0,43500.0,1450.0,2024-09-26
Augerolles,63016,63930,Maison,52.0,20000.0,384.62,2024-09-23
Issoire,63178,63500,Maison,80.0,167000.0,2087.5,2024-09-05
Clermont-Ferrand,63113,63000,Appartement,37.0,83500.0,2256.76,2024-09-23
Saint-Gervais-d'Auvergne,63354,63390,Maison,90.0,145000.0,1611.11,2024-09-20
Saint-Gervais-d'Auvergne,63354,63390,Maison,90.0,145000.0,1611.11,2024-09-20
Saint-Gervais-d'Auvergne,63354,63390,Maison,90.0,145000.0,1611.11,2024-09-20
Sayat,63417,63530,Maison,156.0,410000.0,2628.21,2024-09-20
Peschadoires,63276,63920,Maison,97.0,86000.0,886.6,2024-08-28
Cournon-d'Auvergne,63124,63800,Maison,81.0,144500.0,1783.95,2024-09-11
Messeix,63225,63750,Maison,103.0,45000.0,436.89,2024-04-12
Thiers,63430,63300,Appartement,39.0,13000.0,333.33,2024-09-19
Viscomtat,63463,63250,Maison,130.0,185500.0,1426.92,2024-08-27
Viscomtat,63463,63250,Maison,120.0,185500.0,1545.83,2024-08-27
Issoire,63178,63500,Appartement,73.0,101000.0,1383.56,2024-09-12
Clermont-Ferrand,63113,63100,Maison,93.0,180095.0,1936.51,2024-09-19
Crevant-Laveine,63128,63350,Maison,102.0,202500.0,1985.29,2024-09-05
Crevant-Laveine,63128,63350,Maison,102.0,202500.0,1985.29,2024-09-05
Montpeyroux,63241,63114,Maison,60.0,153000.0,2550.0,2024-09-20
Montpeyroux,63241,63114,Maison,60.0,153000.0,2550.0,2024-09-20
Beaumont,63032,63110,Maison,109.0,295500.0,2711.01,2024-09-16
La Bourboule,63047,63150,Maison,65.0,110000.0,1692.31,2024-09-16
La Bourboule,63047,63150,Appartement,28.0,53200.0,1900.0,2024-09-17
Clermont-Ferrand,63113,63000,Appartement,74.0,102000.0,1378.38,2024-09-17
Vertaizon,63453,63910,Maison,72.0,26000.0,361.11,2024-07-12
Ambert,63003,63600,Maison,84.0,117410.0,1397.74,2024-08-27
Mont-Dore,63236,63240,Appartement,35.0,94000.0,2685.71,2024-09-18
Chambon-sur-Lac,63077,63790,Appartement,64.0,87800.0,1371.88,2024-08-29
Ceyrat,63070,63122,Maison,106.0,365750.0,3450.47,2024-09-16
Issoire,63178,63500,Appartement,40.0,75000.0,1875.0,2024-09-06
Clermont-Ferrand,63113,63000,Appartement,105.0,227300.0,2164.76,2024-09-16
Clermont-Ferrand,63113,63000,Appartement,60.0,119450.0,1990.83,2024-09-13
Pérignat-lès-Sarliève,63272,63170,Maison,108.0,150000.0,1388.89,2024-09-13
Clermont-Ferrand,63113,63000,Appartement,83.0,325000.0,3915.66,2024-09-18
Clermont-Ferrand,63113,63000,Appartement,67.0,325000.0,4850.75,2024-09-18
Clermont-Ferrand,63113,63000,Appartement,37.0,325000.0,8783.78,2024-09-18
Clermont-Ferrand,63113,63000,Appartement,47.0,93500.0,1989.36,2024-09-20
Clermont-Ferrand,63113,63000,Appartement,22.0,58000.0,2636.36,2024-09-06
Marcillat,63208,63440,Maison,131.0,318600.0,2432.06,2024-09-17
Marcillat,63208,63440,Maison,131.0,318600.0,2432.06,2024-09-17
Combronde,63116,63460,Maison,78.0,163000.0,2089.74,2024-09-06
Plauzat,63282,63730,Maison,88.0,305000.0,3465.91,2024-09-06
Clermont-Ferrand,63113,63000,Appartement,19.0,49300.0,2594.74,2024-09-13
Peschadoires,63276,63920,Appartement,61.0,119000.0,1950.82,2024-09-13
Peschadoires,63276,63920,Appartement,28.0,119000.0,4250.0,2024-09-13
Peschadoires,63276,63920,Appartement,27.0,119000.0,4407.41,2024-09-13
Youx,63471,63700,Appartement,50.0,358000.0,7160.0,2024-09-17
Youx,63471,63700,Appartement,176.0,358000.0,2034.09,2024-09-17
La Crouzille,63130,63700,Maison,20.0,46000.0,2300.0,2024-09-17
La Crouzille,63130,63700,Maison,37.0,46000.0,1243.24,2024-09-17
Gerzat,63164,63360,Appartement,55.0,81500.0,1481.82,2024-09-10
Youx,63471,63700,Maison,98.0,56000.0,571.43,2024-09-16
Clermont-Ferrand,63113,63000,Appartement,79.0,142000.0,1797.47,2024-08-30
Bort-l'Étang,63045,63190,Maison,91.0,90000.0,989.01,2024-08-28
Bort-l'Étang,63045,63190,Maison,91.0,90000.0,989.01,2024-08-28
Ambert,63003,63600,Maison,82.0,66405.0,809.82,2024-09-06
Marat,63207,63480,Maison,145.0,180000.0,1241.38,2024-09-06
Chamalières,63075,63400,Maison,190.0,543600.0,2861.05,2024-09-19
Chamalières,63075,63400,Maison,190.0,543600.0,2861.05,2024-09-19
Le Vernet-Chaméane,63448,63580,Maison,273.0,441000.0,1615.38,2024-09-23
Le Vernet-Chaméane,63448,63580,Maison,273.0,441000.0,1615.38,2024-09-23
Le Vernet-Chaméane,63448,63580,Maison,273.0,441000.0,1615.38,2024-09-23
Le Vernet-Chaméane,63448,63580,Maison,273.0,441000.0,1615.38,2024-09-23
Châtel-Guyon,63103,63140,Maison,92.0,155000.0,1684.78,2024-09-16
Clermont-Ferrand,63113,63000,Appartement,52.0,135000.0,2596.15,2024-09-18
Montaigut,63233,63700,Maison,130.0,41500.0,319.23,2024-09-12
Clermont-Ferrand,63113,63000,Appartement,20.0,57000.0,2850.0,2024-09-11
Neuf-Église,63251,63560,Maison,99.0,110000.0,1111.11,2024-09-10
Neuf-Église,63251,63560,Maison,78.0,110000.0,1410.26,2024-09-10
Saint-Genès-Champanelle,63345,63122,Maison,112.0,241000.0,2151.79,2024-09-18
Yronde-et-Buron,63472,63270,Maison,66.0,149600.0,2266.67,2024-09-19
Cébazat,63063,63118,Appartement,70.0,124404.0,1777.2,2024-09-16
Puy-Guillaume,63291,63290,Maison,80.0,63000.0,787.5,2024-09-20
Cébazat,63063,63118,Appartement,45.0,466438.0,10365.29,2024-09-16
Cébazat,63063,63118,Appartement,43.0,466438.0,10847.4,2024-09-16
Cébazat,63063,63118,Appartement,80.0,466438.0,5830.48,2024-09-16
Cébazat,63063,63118,Appartement,40.0,466438.0,11660.95,2024-09-16
Cébazat,63063,63118,Appartement,70.0,466438.0,6663.4,2024-09-16
Mayres,63218,63220,Maison,140.0,165000.0,1178.57,2024-08-29
Mayres,63218,63220,Maison,140.0,165000.0,1178.57,2024-08-29
Riom,63300,63200,Appartement,21.0,125604.0,5981.14,2024-09-17
Clermont-Ferrand,63113,63000,Appartement,66.0,176000.0,2666.67,2024-09-12
Mirefleurs,63227,63730,Maison,81.0,86500.0,1067.9,2024-09-20
Collanges,63114,63340,Maison,180.0,67000.0,372.22,2024-09-06
Collanges,63114,63340,Maison,60.0,67000.0,1116.67,2024-09-06
Orcines,63263,63870,Maison,118.0,222000.0,1881.36,2024-09-16
Menat,63223,63560,Maison,73.0,181400.0,2484.93,2024-09-10
Cournon-d'Auvergne,63124,63800,Maison,94.0,240600.0,2559.57,2024-09-23
Clermont-Ferrand,63113,63000,Appartement,33.0,64500.0,1954.55,2024-09-19
Chamalières,63075,63400,Appartement,36.0,84000.0,2333.33,2024-09-20
Youx,63471,63700,Maison,72.0,58165.0,807.85,2024-09-18
Chappes,63089,63720,Maison,92.0,253700.0,2757.61,2024-09-13
Cunlhat,63132,63590,Maison,53.0,105600.0,1992.45,2024-09-18
Chamalières,63075,63400,Appartement,90.0,282200.0,3135.56,2024-09-20
Cournon-d'Auvergne,63124,63800,Maison,90.0,180890.0,2009.89,2024-09-20
Celles-sur-Durolle,63066,63250,Maison,156.0,313900.0,2012.18,2024-09-17
Celles-sur-Durolle,63066,63250,Maison,156.0,313900.0,2012.18,2024-09-17
Lempdes,63193,63370,Maison,30.0,123500.0,4116.67,2024-09-16
Aubière,63014,63170,Maison,91.0,269000.0,2956.04,2024-09-16
Thiers,63430,63300,Appartement,65.0,32000.0,492.31,2024-09-11
Thiers,63430,63300,Appartement,36.0,32000.0,888.89,2024-09-11
Thiers,63430,63300,Appartement,63.0,32000.0,507.94,2024-09-11
Issoire,63178,63500,Maison,110.0,228000.0,2072.73,2024-09-17
Chamalières,63075,63400,Appartement,31.0,81500.0,2629.03,2024-09-20
Chamalières,63075,63400,Appartement,116.0,348900.0,3007.76,2024-09-18
Clermont-Ferrand,63113,63000,Appartement,46.0,88161.0,1916.54,2024-09-20
Beurières,63039,63220,Maison,65.0,129500.0,1992.31,2024-09-09
Chamalières,63075,63400,Maison,200.0,667510.0,3337.55,2024-09-20
Arlanc,63010,63220,Maison,80.0,124000.0,1550.0,2024-09-09
Clermont-Ferrand,63113,63100,Maison,50.0,109000.0,2180.0,2024-09-24
La Bourboule,63047,63150,Appartement,32.0,67000.0,2093.75,2024-09-18
Mont-Dore,63236,63240,Appartement,42.0,102000.0,2428.57,2024-09-18
Clermont-Ferrand,63113,63000,Appartement,30.0,100230.0,3341.0,2024-09-23
La Bourboule,63047,63150,Appartement,70.0,100000.0,1428.57,2024-09-21
La Bourboule,63047,63150,Appartement,32.0,100000.0,3125.0,2024-09-21
La Bourboule,63047,63150,Appartement,14.0,100000.0,7142.86,2024-09-21
Clermont-Ferrand,63113,63000,Appartement,42.0,101000.0,2404.76,2024-09-17
Riom,63300,63200,Maison,105.0,218500.0,2080.95,2024-09-23
Martres-sur-Morge,63215,63720,Maison,174.0,405500.0,2330.46,2024-09-19
Ambert,63003,63600,Maison,82.0,168000.0,2048.78,2024-09-10
Saillant,63309,63840,Maison,78.0,111630.0,1431.15,2024-09-06
Chauriat,63106,63117,Maison,89.0,175000.0,1966.29,2024-09-24
Chauriat,63106,63117,Appartement,37.0,78000.0,2108.11,2024-09-20
Billom,63040,63160,Maison,56.0,37000.0,660.71,2024-09-09
Beaumont,63032,63110,Appartement,44.0,118950.0,2703.41,2024-09-13
Varennes-sur-Morge,63443,63720,Maison,120.0,167000.0,1391.67,2024-09-09
Rentières,63299,63420,Maison,112.0,208850.0,1864.73,2024-09-11
Clermont-Ferrand,63113,63000,Appartement,19.0,34122.3,1795.91,2024-09-16
Montmorin,63239,63160,Maison,107.0,165000.0,1542.06,2024-09-27
Joze,63180,63350,Maison,79.0,124885.0,1580.82,2024-09-12
Orcet,63262,63670,Maison,89.0,214000.0,2404.49,2024-09-19
Clermont-Ferrand,63113,63000,Appartement,63.0,255000.0,4047.62,2024-09-25
Clermont-Ferrand,63113,63000,Appartement,33.0,255000.0,7727.27,2024-09-25
Clermont-Ferrand,63113,63000,Appartement,63.0,255000.0,4047.62,2024-09-25
Clermont-Ferrand,63113,63000,Appartement,12.0,255000.0,21250.0,2024-09-25
Clermont-Ferrand,63113,63000,Appartement,31.0,83000.0,2677.42,2024-09-16
Baffie,63027,63600,Maison,100.0,64500.0,645.0,2024-09-06
Pontgibaud,63285,63230,Maison,120.0,149900.0,1249.17,2024-09-10
Aubière,63014,63170,Appartement,63.0,129000.0,2047.62,2024-09-24
Clermont-Ferrand,63113,63000,Appartement,21.0,90000.0,4285.71,2024-09-10
Clermont-Ferrand,63113,63100,Appartement,67.0,205750.0,3070.9,2024-09-13
Clermont-Ferrand,63113,63000,Appartement,60.0,152000.0,2533.33,2024-09-13
Saint-Éloy-les-Mines,63338,63700,Appartement,65.0,50500.0,776.92,2024-09-24
Saint-Éloy-les-Mines,63338,63700,Appartement,65.0,50500.0,776.92,2024-09-24
Cournon-d'Auvergne,63124,63800,Appartement,46.0,99045.0,2153.15,2024-09-18
Cournon-d'Auvergne,63124,63800,Appartement,77.0,99045.0,1286.3,2024-09-18
Aigueperse,63001,63260,Maison,67.0,102000.0,1522.39,2024-09-13
Cournon-d'Auvergne,63124,63800,Maison,80.0,167710.0,2096.38,2024-09-20
Moissat,63229,63190,Maison,94.0,277000.0,2946.81,2024-09-26
Clermont-Ferrand,63113,63000,Appartement,46.0,107000.0,2326.09,2024-09-20
Lempdes,63193,63370,Maison,88.0,243000.0,2761.36,2024-09-24
Lempdes,63193,63370,Maison,90.0,243000.0,2700.0,2024-09-24
Chamalières,63075,63400,Appartement,28.0,53450.0,1908.93,2024-09-09
Cournon-d'Auvergne,63124,63800,Appartement,66.0,117000.0,1772.73,2024-09-18
Cournon-d'Auvergne,63124,63800,Appartement,46.0,117000.0,2543.48,2024-09-18
Clermont-Ferrand,63113,63000,Appartement,48.0,74230.0,1546.46,2024-09-17
Clermont-Ferrand,63113,63000,Appartement,85.0,243000.0,2858.82,2024-09-13
Joze,63180,63350,Maison,49.0,101000.0,2061.22,2024-09-09
Clermont-Ferrand,63113,63100,Appartement,58.0,101650.0,1752.59,2024-09-16
Brassac-les-Mines,63050,63570,Maison,95.0,150000.0,1578.95,2024-09-20
Brassac-les-Mines,63050,63570,Maison,95.0,150000.0,1578.95,2024-09-20
Clermont-Ferrand,63113,63000,Maison,50.0,239500.0,4790.0,2024-09-13
Clermont-Ferrand,63113,63000,Appartement,46.0,80000.0,1739.13,2024-09-23
Ceyrat,63070,63122,Maison,116.0,332500.0,2866.38,2024-09-13
Clermont-Ferrand,63113,63000,Appartement,85.0,950000.0,11176.47,2024-09-19
Clermont-Ferrand,63113,63000,Appartement,85.0,950000.0,11176.47,2024-09-19
Clermont-Ferrand,63113,63000,Appartement,63.0,950000.0,15079.37,2024-09-19
Clermont-Ferrand,63113,63000,Appartement,63.0,950000.0,15079.37,2024-09-19
Clermont-Ferrand,63113,63000,Appartement,85.0,950000.0,11176.47,2024-09-19
Clermont-Ferrand,63113,63000,Appartement,63.0,950000.0,15079.37,2024-09-19
Clermont-Ferrand,63113,63000,Appartement,42.0,950000.0,22619.05,2024-09-19
Clermont-Ferrand,63113,63000,Appartement,58.0,950000.0,16379.31,2024-09-19
Clermont-Ferrand,63113,63000,Appartement,49.0,950000.0,19387.76,2024-09-19
Clermont-Ferrand,63113,63000,Appartement,43.0,950000.0,22093.02,2024-09-19
Mont-Dore,63236,63240,Maison,102.0,323000.0,3166.67,2024-09-18
Beaumont,63032,63110,Maison,87.0,253000.0,2908.05,2024-09-13
Clermont-Ferrand,63113,63000,Appartement,18.0,53500.0,2972.22,2024-09-24
Ennezat,63148,63720,Maison,121.0,283350.0,2341.74,2024-09-24
Chappes,63089,63720,Maison,78.0,226150.0,2899.36,2024-09-16
Ennezat,63148,63720,Appartement,50.0,23000.0,460.0,2024-09-19
Ennezat,63148,63720,Appartement,74.0,23000.0,310.81,2024-09-19
Ennezat,63148,63720,Appartement,51.0,23000.0,450.98,2024-09-19
Ennezat,63148,63720,Appartement,59.0,23000.0,389.83,2024-09-19
Lezoux,63195,63190,Maison,107.0,282300.0,2638.32,2024-09-09
Lezoux,63195,63190,Maison,107.0,282300.0,2638.32,2024-09-09
Le Brugeron,63057,63880,Maison,80.0,191058.0,2388.22,2024-09-25
Châteldon,63102,63290,Maison,60.0,146000.0,2433.33,2024-09-24
Besse-et-Saint-Anastaise,63038,63610,Appartement,26.0,82800.0,3184.62,2024-09-25
Dorat,63138,63300,Maison,86.0,170200.0,1979.07,2024-09-06
Dorat,63138,63300,Maison,86.0,170200.0,1979.07,2024-09-06
Manglieu,63205,63270,Maison,44.0,135800.0,3086.36,2024-09-26
Saint-Ours,63381,63230,Maison,147.0,318500.0,2166.67,2024-09-18
Saint-Ours,63381,63230,Maison,147.0,318500.0,2166.67,2024-09-18
Saint-Germain-l'Herm,63353,63630,Maison,90.0,128830.0,1431.44,2024-09-05
Saint-Germain-l'Herm,63353,63630,Maison,90.0,128830.0,1431.44,2024-09-05
Clermont-Ferrand,63113,63000,Appartement,29.0,78000.0,2689.66,2024-09-27
Pont-du-Château,63284,63430,Maison,118.0,368950.0,3126.69,2024-09-13
Clermont-Ferrand,63113,63000,Appartement,39.0,150000.0,3846.15,2024-09-11
Aulhat-Flat,63160,63500,Maison,69.0,203000.0,2942.03,2024-09-13
Aulhat-Flat,63160,63500,Maison,69.0,203000.0,2942.03,2024-09-13
Saint-Martin-d'Ollières,63376,63580,Maison,75.0,133000.0,1773.33,2024-09-06
Cournon-d'Auvergne,63124,63800,Maison,78.0,154835.0,1985.06,2024-09-20
Clermont-Ferrand,63113,63100,Appartement,45.0,89000.0,1977.78,2024-09-27
Thiers,63430,63300,Appartement,71.0,38500.0,542.25,2024-09-02
Thiers,63430,63300,Appartement,71.0,38500.0,542.25,2024-09-02
Thiers,63430,63300,Appartement,55.0,38500.0,700.0,2024-09-02
Vitrac,63464,63410,Maison,56.0,40000.0,714.29,2024-09-03
Issoire,63178,63500,Appartement,39.0,72000.0,1846.15,2024-09-19
Clermont-Ferrand,63113,63000,Appartement,48.0,118000.0,2458.33,2024-09-05
Saint-Georges-de-Mons,63349,63780,Maison,199.0,303000.0,1522.61,2024-09-16
Saint-Georges-de-Mons,63349,63780,Maison,199.0,303000.0,1522.61,2024-09-16
Saint-Georges-de-Mons,63349,63780,Maison,199.0,303000.0,1522.61,2024-09-16
Romagnat,63307,63540,Appartement,87.0,144550.0,1661.49,2024-09-11
Ambert,63003,63600,Maison,125.0,59900.0,479.2,2024-09-27
Thiers,63430,63300,Maison,153.0,128250.0,838.24,2024-09-13
Thiers,63430,63300,Maison,153.0,128250.0,838.24,2024-09-13
Clermont-Ferrand,63113,63100,Appartement,69.0,106400.0,1542.03,2024-09-24
Youx,63471,63700,Maison,84.0,39600.0,471.43,2024-09-17
Chavaroux,63107,63720,Maison,136.0,337500.0,2481.62,2024-09-19
Saint-Georges-de-Mons,63349,63780,Maison,74.0,158000.0,2135.14,2024-09-18
Saint-Georges-de-Mons,63349,63780,Maison,83.0,100200.0,1207.23,2024-09-18
Maringues,63210,63350,Maison,80.0,121815.0,1522.69,2024-09-18
Besse-et-Saint-Anastaise,63038,63610,Appartement,35.0,94500.0,2700.0,2024-09-25
Clermont-Ferrand,63113,63100,Maison,83.0,155000.0,1867.47,2024-09-20
Cisternes-la-Forêt,63110,63740,Maison,120.0,75000.0,625.0,2024-09-13
Vic-le-Comte,63457,63270,Maison,109.0,163750.0,1502.29,2024-09-30
Clermont-Ferrand,63113,63100,Maison,85.0,182200.0,2143.53,2024-09-18
Clermont-Ferrand,63113,63100,Maison,18.0,182200.0,10122.22,2024-09-18
Aubiat,63013,63260,Maison,81.0,87000.0,1074.07,2024-09-20
Neschers,63250,63320,Maison,60.0,105000.0,1750.0,2024-09-27
Saint-Beauzire,63322,63360,Maison,175.0,251760.0,1438.63,2024-09-19
Riom,63300,63200,Maison,123.0,186800.0,1518.7,2024-09-19
Menat,63223,63560,Maison,41.0,52292.75,1275.43,2024-09-26
Clermont-Ferrand,63113,63000,Appartement,68.0,135530.0,1993.09,2024-09-24
Aulnat,63019,63510,Maison,92.0,188000.0,2043.48,2024-09-18
Fayet-Ronaye,63158,63630,Maison,150.0,212000.0,1413.33,2024-10-01
Fayet-Ronaye,63158,63630,Maison,150.0,212000.0,1413.33,2024-10-01
Saint-Priest-des-Champs,63388,63640,Maison,82.0,220400.0,2687.8,2024-08-01
Gerzat,63164,63360,Maison,39.0,87000.0,2230.77,2024-09-27
La Renaudie,63298,63930,Maison,80.0,149500.0,1868.75,2024-09-30
Riom,63300,63200,Appartement,53.0,109000.0,2056.6,2024-09-20
Puy-Guillaume,63291,63290,Maison,89.0,99900.0,1122.47,2024-09-20
Pont-du-Château,63284,63430,Maison,68.0,105000.0,1544.12,2024-09-18
Lempdes,63193,63370,Maison,107.0,255000.0,2383.18,2024-09-13
Saillant,63309,63840,Maison,60.0,153770.0,2562.83,2024-09-06
Clermont-Ferrand,63113,63000,Maison,93.0,287170.0,3087.85,2024-09-13
Clermont-Ferrand,63113,63000,Appartement,158.0,296913.0,1879.2,2024-09-18
Saint-Genès-Champanelle,63345,63122,Maison,118.0,418000.0,3542.37,2024-09-17
Saint-Genès-Champanelle,63345,63122,Maison,105.0,132250.0,1259.52,2024-09-23
Beaumont,63032,63110,Maison,84.0,240000.0,2857.14,2024-09-11
Beaumont,63032,63110,Appartement,36.0,240000.0,6666.67,2024-09-11
Beaumont,63032,63110,Appartement,36.0,240000.0,6666.67,2024-09-11
Beaumont,63032,63110,Appartement,36.0,240000.0,6666.67,2024-09-11
Beaumont,63032,63110,Appartement,68.0,240000.0,3529.41,2024-09-11
Romagnat,63307,63540,Maison,104.0,257000.0,2471.15,2024-09-26
Aubiat,63013,63260,Maison,130.0,250500.0,1926.92,2024-09-18
Clermont-Ferrand,63113,63000,Appartement,32.0,58900.0,1840.62,2024-09-19
Combronde,63116,63460,Maison,57.0,48700.0,854.39,2024-09-02
Le Cendre,63069,63670,Maison,92.0,232500.0,2527.17,2024-09-25
Saint-Georges-de-Mons,63349,63780,Maison,80.0,50000.0,625.0,2024-09-10
Moissat,63229,63190,Maison,30.0,35000.0,1166.67,2024-09-18
Cunlhat,63132,63590,Maison,116.0,154042.86,1327.96,2024-09-13
Cunlhat,63132,63590,Maison,116.0,154042.86,1327.96,2024-09-13
Tours-sur-Meymont,63434,63590,Maison,55.0,50000.0,909.09,2024-09-12
Châtel-Guyon,63103,63140,Appartement,44.0,70000.0,1590.91,2024-09-26
Cournon-d'Auvergne,63124,63800,Maison,84.0,170650.0,2031.55,2024-09-10
Brassac-les-Mines,63050,63570,Maison,145.0,209600.0,1445.52,2024-09-16
Brassac-les-Mines,63050,63570,Maison,62.0,209600.0,3380.65,2024-09-16
Saint-Gervais-d'Auvergne,63354,63390,Maison,78.0,70960.0,909.74,2024-09-20
Saint-Gervais-d'Auvergne,63354,63390,Maison,15.0,70960.0,4730.67,2024-09-20
Issoire,63178,63500,Appartement,67.0,81400.0,1214.93,2024-09-25
Manglieu,63205,63270,Maison,87.0,52800.0,606.9,2024-09-17
La Roche-Blanche,63302,63670,Maison,55.0,90000.0,1636.36,2024-09-18
Saint-Nectaire,63380,63710,Maison,65.0,90000.0,1384.62,2024-09-25
Jumeaux,63182,63570,Maison,57.0,68000.0,1192.98,2024-09-11
Clermont-Ferrand,63113,63100,Maison,112.0,310500.0,2772.32,2024-09-25
Besse-et-Saint-Anastaise,63038,63610,Maison,55.0,112100.0,2038.18,2024-09-20
Besse-et-Saint-Anastaise,63038,63610,Maison,55.0,112100.0,2038.18,2024-09-20
Clermont-Ferrand,63113,63000,Appartement,66.0,130250.0,1973.48,2024-09-25
Pérignat-lès-Sarliève,63272,63170,Maison,177.0,609000.0,3440.68,2024-09-20
Clermont-Ferrand,63113,63000,Appartement,69.0,185400.0,2686.96,2024-09-11
Clermont-Ferrand,63113,63000,Appartement,50.0,95767.0,1915.34,2024-09-26
Besse-et-Saint-Anastaise,63038,63610,Appartement,37.0,124000.0,3351.35,2024-09-11
Veyre-Monton,63455,63960,Maison,45.0,56000.0,1244.44,2024-09-24
Chamalières,63075,63400,Appartement,47.0,106500.0,2265.96,2024-09-25
Corent,63120,63730,Maison,140.0,126000.0,900.0,2024-09-25
Ceyrat,63070,63122,Appartement,61.0,190000.0,3114.75,2024-09-18
Saint-Beauzire,63322,63360,Maison,41.0,119000.0,2902.44,2024-09-23
Clermont-Ferrand,63113,63100,Appartement,82.0,82300.0,1003.66,2024-09-27
Clermont-Ferrand,63113,63000,Appartement,53.0,114000.0,2150.94,2024-09-30
Clermont-Ferrand,63113,63000,Maison,75.0,850000.0,11333.33,2024-09-27
Clermont-Ferrand,63113,63100,Appartement,50.0,100500.0,2010.0,2024-10-01
Lezoux,63195,63190,Maison,62.0,135000.0,2177.42,2024-09-21
Clermont-Ferrand,63113,63000,Maison,98.0,821892.0,8386.65,2024-09-24
Mont-Dore,63236,63240,Appartement,60.0,164880.0,2748.0,2024-09-11
La Tour-d'Auvergne,63192,63680,Maison,110.0,143300.0,1302.73,2024-09-13
Saint-Amant-Tallende,63315,63450,Maison,122.0,335900.0,2753.28,2024-09-30
Ceyrat,63070,63122,Maison,108.0,194000.0,1796.3,2024-09-16
Les Martres-de-Veyre,63214,63730,Maison,95.0,250000.0,2631.58,2024-09-24
Clermont-Ferrand,63113,63100,Appartement,92.0,266000.0,2891.3,2024-09-16
Clermont-Ferrand,63113,63000,Appartement,98.0,234000.0,2387.76,2024-10-01
Clermont-Ferrand,63113,63000,Appartement,70.0,265100.0,3787.14,2024-09-20
La Bourboule,63047,63150,Maison,84.0,60000.0,714.29,2024-09-24
Clermont-Ferrand,63113,63000,Appartement,124.0,221000.0,1782.26,2024-09-24
Jumeaux,63182,63570,Maison,80.0,44000.0,550.0,2024-09-27
Riom,63300,63200,Maison,111.0,123000.0,1108.11,2024-09-24
Clermont-Ferrand,63113,63000,Appartement,88.0,158284.0,1798.68,2024-10-03
Chamalières,63075,63400,Appartement,55.0,155050.0,2819.09,2024-10-03
Clermont-Ferrand,63113,63100,Maison,128.0,418000.0,3265.62,2024-09-19
Lezoux,63195,63190,Maison,40.0,41000.0,1025.0,2024-10-03
La Bourboule,63047,63150,Appartement,20.0,30000.0,1500.0,2024-09-23
Issoire,63178,63500,Appartement,34.0,61500.0,1808.82,2024-09-27
Issoire,63178,63500,Appartement,34.0,61500.0,1808.82,2024-09-27
Mont-Dore,63236,63240,Appartement,106.0,210525.0,1986.08,2024-09-24
Besse-et-Saint-Anastaise,63038,63610,Appartement,33.0,111967.0,3392.94,2024-09-16
Yronde-et-Buron,63472,63270,Maison,50.0,45000.0,900.0,2024-09-18
Saint-Nectaire,63380,63710,Appartement,72.0,69000.0,958.33,2024-09-13
Cébazat,63063,63118,Appartement,36.0,74010.0,2055.83,2024-09-24
Cébazat,63063,63118,Appartement,36.0,74010.0,2055.83,2024-09-24
Billom,63040,63160,Maison,80.0,175000.0,2187.5,2024-09-18
Chauriat,63106,63117,Maison,40.0,82550.0,2063.75,2024-09-13
Clermont-Ferrand,63113,63100,Maison,100.0,215000.0,2150.0,2024-09-27
Issoire,63178,63500,Appartement,20.0,1200000.0,60000.0,2024-10-01
Ris,63301,63290,Maison,75.0,17000.0,226.67,2024-09-27
Courpière,63125,63120,Appartement,80.0,45000.0,562.5,2024-10-02
Cournon-d'Auvergne,63124,63800,Maison,101.0,274550.0,2718.32,2024-09-28
Gerzat,63164,63360,Appartement,38.0,79100.0,2081.58,2024-09-27
Clermont-Ferrand,63113,63100,Appartement,84.0,145820.0,1735.95,2024-09-23
Mareugheol,63209,63340,Maison,152.0,440000.0,2894.74,2024-09-27
Mareugheol,63209,63340,Maison,120.0,440000.0,3666.67,2024-09-27
Perrier,63275,63500,Maison,114.0,145000.0,1271.93,2024-09-26
Clermont-Ferrand,63113,63000,Appartement,78.0,97000.0,1243.59,2024-09-26
Peschadoires,63276,63920,Maison,91.0,233200.0,2562.64,2024-09-19
Peschadoires,63276,63920,Maison,91.0,233200.0,2562.64,2024-09-19
Peschadoires,63276,63920,Maison,91.0,233200.0,2562.64,2024-09-19
Clermont-Ferrand,63113,63000,Appartement,40.0,140872.0,3521.8,2024-09-24
Clermont-Ferrand,63113,63000,Appartement,45.0,140872.0,3130.49,2024-09-24
Mazaye,63219,63230,Maison,42.0,75000.0,1785.71,2024-09-24
Mazaye,63219,63230,Maison,29.0,75000.0,2586.21,2024-09-24
La Godivelle,63169,63850,Maison,150.0,237000.0,1580.0,2024-09-23
Cournon-d'Auvergne,63124,63800,Appartement,41.0,101000.0,2463.41,2024-09-10
Le Broc,63054,63500,Maison,110.0,295000.0,2681.82,2024-09-27
Le Broc,63054,63500,Maison,110.0,295000.0,2681.82,2024-09-27
Chamalières,63075,63400,Appartement,93.0,217300.0,2336.56,2024-09-26
Cournon-d'Auvergne,63124,63800,Maison,100.0,178000.0,1780.0,2024-09-20
Châtel-Guyon,63103,63140,Appartement,16.0,31790.0,1986.88,2024-09-24
Mur-sur-Allier,63226,63115,Maison,50.0,59600.0,1192.0,2024-09-24
Saint-Rémy-de-Blot,63391,63440,Maison,110.0,221000.0,2009.09,2024-09-26
Vic-le-Comte,63457,63270,Maison,137.0,337135.0,2460.84,2024-09-23
Vic-le-Comte,63457,63270,Maison,137.0,337135.0,2460.84,2024-09-23
Clermont-Ferrand,63113,63000,Appartement,42.0,134000.0,3190.48,2024-09-24
Clermont-Ferrand,63113,63000,Appartement,27.0,134000.0,4962.96,2024-09-24
Clermont-Ferrand,63113,63000,Appartement,20.0,65000.0,3250.0,2024-09-25
Chamalières,63075,63400,Maison,125.0,472370.0,3778.96,2024-10-02
Chanonat,63084,63450,Maison,110.0,130000.0,1181.82,2024-09-26
Chanonat,63084,63450,Appartement,80.0,130000.0,1625.0,2024-09-26
Romagnat,63307,63540,Maison,132.0,166000.0,1257.58,2024-09-30
La Roche-Noire,63306,63800,Maison,117.0,21497.0,183.74,2024-10-02
La Roche-Noire,63306,63800,Maison,117.0,21497.0,183.74,2024-10-02
Châtel-Guyon,63103,63140,Maison,87.0,134670.0,1547.93,2024-09-30
Clermont-Ferrand,63113,63100,Appartement,58.0,61500.0,1060.34,2024-10-03
Mozac,63245,63200,Maison,117.0,394250.0,3369.66,2024-09-24
Mozac,63245,63200,Maison,117.0,394250.0,3369.66,2024-09-24
Ludesse,63199,63320,Maison,137.0,225000.0,1642.34,2024-09-20
Saint-Jean-en-Val,63366,63490,Maison,65.0,117000.0,1800.0,2024-09-19
Chamalières,63075,63400,Appartement,51.0,95000.0,1862.75,2024-09-26
Clermont-Ferrand,63113,63000,Appartement,81.0,121000.0,1493.83,2024-09-30
Tours-sur-Meymont,63434,63590,Maison,97.0,118000.0,1216.49,2024-09-26
Medeyrolles,63221,63220,Maison,80.0,81400.0,1017.5,2024-09-27
Chamalières,63075,63400,Maison,74.0,275650.0,3725.0,2024-09-13
Cournon-d'Auvergne,63124,63800,Appartement,39.0,104500.0,2679.49,2024-09-26
Saint-Anthème,63319,63660,Maison,165.0,13000.0,78.79,2024-09-12
Clermont-Ferrand,63113,63100,Appartement,20.0,39900.0,1995.0,2024-09-20
Chamalières,63075,63400,Appartement,72.0,140900.0,1956.94,2024-10-01
Ceyrat,63070,63122,Maison,140.0,240000.0,1714.29,2024-09-19
La Bourboule,63047,63150,Appartement,63.0,130000.0,2063.49,2024-10-03
Saint-Georges-de-Mons,63349,63780,Maison,92.0,122850.0,1335.33,2024-09-13
Clermont-Ferrand,63113,63100,Appartement,64.0,119200.0,1862.5,2024-09-20
Clermont-Ferrand,63113,63100,Maison,88.0,242250.0,2752.84,2024-09-25
Clermont-Ferrand,63113,63100,Appartement,50.0,52000.0,1040.0,2024-09-20
Picherande,63279,63113,Appartement,31.0,139000.0,4483.87,2024-09-23
Picherande,63279,63113,Appartement,35.0,139000.0,3971.43,2024-09-23
Picherande,63279,63113,Appartement,32.0,139000.0,4343.75,2024-09-23
Picherande,63279,63113,Appartement,37.0,139000.0,3756.76,2024-09-23
Besse-et-Saint-Anastaise,63038,63610,Appartement,48.0,166000.0,3458.33,2024-09-06
Gerzat,63164,63360,Maison,90.0,190000.0,2111.11,2024-09-24
Chamalières,63075,63400,Appartement,63.0,145000.0,2301.59,2024-09-18
Ludesse,63199,63320,Maison,67.0,90000.0,1343.28,2024-09-10
Marat,63207,63480,Maison,50.0,17000.0,340.0,2024-09-16
Orbeil,63261,63500,Maison,27.0,63175.0,2339.81,2024-09-17
Riom,63300,63200,Maison,87.0,194500.0,2235.63,2024-09-25
Noalhat,63253,63290,Maison,113.0,195000.0,1725.66,2024-09-16
Ceyrat,63070,63122,Maison,139.0,546700.0,3933.09,2024-09-17
Saint-Éloy-les-Mines,63338,63700,Maison,60.0,48000.0,800.0,2024-09-24
Clermont-Ferrand,63113,63100,Appartement,64.0,120000.0,1875.0,2024-09-18
Saint-Gervazy,63356,63340,Maison,111.0,109000.0,981.98,2024-09-18
Saint-Gervazy,63356,63340,Maison,111.0,109000.0,981.98,2024-09-18
Clermont-Ferrand,63113,63000,Appartement,32.0,68500.0,2140.62,2024-09-20
Chamalières,63075,63400,Appartement,46.0,93000.0,2021.74,2024-09-16
Églisolles,63147,63840,Maison,130.0,176700.0,1359.23,2024-09-18
Églisolles,63147,63840,Maison,130.0,176700.0,1359.23,2024-09-18
Celles-sur-Durolle,63066,63250,Maison,92.0,115000.0,1250.0,2024-10-04
Clermont-Ferrand,63113,63000,Appartement,44.0,14000.0,318.18,2024-10-07
Thiers,63430,63300,Maison,80.0,109000.0,1362.5,2024-10-01
Thiers,63430,63300,Maison,80.0,109000.0,1362.5,2024-10-01
Bertignat,63037,63480,Appartement,28.0,152500.0,5446.43,2024-09-20
Bertignat,63037,63480,Maison,238.0,152500.0,640.76,2024-09-20
Thiers,63430,63300,Maison,98.0,161800.0,1651.02,2024-09-16
Issoire,63178,63500,Maison,100.0,202600.0,2026.0,2024-09-28
Issoire,63178,63500,Maison,100.0,202600.0,2026.0,2024-09-28
Chamalières,63075,63400,Appartement,35.0,78000.0,2228.57,2024-09-25
Courpière,63125,63120,Maison,87.0,142700.0,1640.23,2024-08-05
Clermont-Ferrand,63113,63000,Appartement,68.0,60000.0,882.35,2024-09-16
Clermont-Ferrand,63113,63000,Appartement,68.0,120000.0,1764.71,2024-09-16
Clermont-Ferrand,63113,63000,Appartement,41.0,88500.0,2158.54,2024-09-13
Ceyrat,63070,63122,Maison,85.0,110493.0,1299.92,2024-09-12
Peschadoires,63276,63920,Maison,69.0,110500.0,1601.45,2024-09-18
Clermont-Ferrand,63113,63100,Appartement,64.0,136800.0,2137.5,2024-09-25
Culhat,63131,63350,Maison,89.0,161900.0,1819.1,2024-09-27
Chamalières,63075,63400,Appartement,40.0,109300.0,2732.5,2024-09-26
Le Cendre,63069,63670,Maison,38.0,40984.0,1078.53,2024-09-26
Beaumont,63032,63110,Appartement,90.0,143300.0,1592.22,2024-10-03
Clermont-Ferrand,63113,63000,Appartement,12.0,26000.0,2166.67,2024-09-27
Clermont-Ferrand,63113,63000,Appartement,62.0,113000.0,1822.58,2024-09-25
Sauxillanges,63415,63490,Maison,99.0,75000.0,757.58,2024-09-27
Clermont-Ferrand,63113,63000,Appartement,19.0,55000.0,2894.74,2024-09-16
Clermont-Ferrand,63113,63000,Appartement,37.0,107000.0,2891.89,2024-09-26
Chamalières,63075,63400,Appartement,41.0,92750.0,2262.2,2024-09-30
Vertaizon,63453,63910,Maison,54.0,75000.0,1388.89,2024-09-12
Vertaizon,63453,63910,Maison,54.0,75000.0,1388.89,2024-09-12
Combronde,63116,63460,Maison,66.0,123500.0,1871.21,2024-09-26
Clermont-Ferrand,63113,63100,Appartement,39.0,97000.0,2487.18,2024-09-26
Vic-le-Comte,63457,63270,Maison,110.0,290500.0,2640.91,2024-10-07
Royat,63308,63130,Appartement,16.0,43000.0,2687.5,2024-09-24
Murat-le-Quaire,63246,63150,Appartement,51.0,54455.0,1067.75,2024-09-25
La Bourboule,63047,63150,Maison,83.0,130000.0,1566.27,2024-09-25
Clermont-Ferrand,63113,63000,Appartement,19.0,57200.0,3010.53,2024-09-16
Martres-sur-Morge,63215,63720,Maison,89.0,269200.0,3024.72,2024-09-30
Reignat,63297,63160,Maison,30.0,99000.0,3300.0,2024-09-30
Marsat,63212,63200,Maison,35.0,72400.0,2068.57,2024-09-19
Beaulieu,63031,63570,Maison,42.0,43000.0,1023.81,2024-10-02
Les Martres-de-Veyre,63214,63730,Appartement,46.0,257200.0,5591.3,2024-10-02
Les Martres-de-Veyre,63214,63730,Appartement,60.0,257200.0,4286.67,2024-10-02
Sallèdes,63405,63270,Maison,105.0,118750.0,1130.95,2024-09-27
Clermont-Ferrand,63113,63000,Appartement,22.0,93688.0,4258.55,2024-10-04
Peslières,63277,63580,Maison,82.0,96500.0,1176.83,2024-09-26
Chastreix,63098,63680,Maison,60.0,209000.0,3483.33,2024-09-28
Mirefleurs,63227,63730,Maison,55.0,71000.0,1290.91,2024-09-30
Viverols,63465,63840,Maison,94.0,67000.0,712.77,2024-09-20
Clermont-Ferrand,63113,63100,Appartement,47.0,114000.0,2425.53,2024-09-27
Clermont-Ferrand,63113,63000,Appartement,26.0,86000.0,3307.69,2024-09-25
Singles,63421,63690,Maison,105.0,137380.0,1308.38,2024-09-26
Singles,63421,63690,Maison,105.0,137380.0,1308.38,2024-09-26
Besse-et-Saint-Anastaise,63038,63610,Appartement,43.0,104750.0,2436.05,2024-09-27
Besse-et-Saint-Anastaise,63038,63610,Appartement,21.0,68196.0,3247.43,2024-09-20
Issoire,63178,63500,Appartement,51.0,550000.0,10784.31,2024-09-24
Issoire,63178,63500,Appartement,50.0,550000.0,11000.0,2024-09-24
Issoire,63178,63500,Appartement,50.0,550000.0,11000.0,2024-09-24
Issoire,63178,63500,Appartement,39.0,550000.0,14102.56,2024-09-24
Issoire,63178,63500,Appartement,42.0,550000.0,13095.24,2024-09-24
Issoire,63178,63500,Appartement,42.0,550000.0,13095.24,2024-09-24
Issoire,63178,63500,Appartement,66.0,550000.0,8333.33,2024-09-24
Brassac-les-Mines,63050,63570,Maison,87.0,95900.0,1102.3,2024-09-26
Clermont-Ferrand,63113,63000,Appartement,18.0,38680.0,2148.89,2024-10-04
Moriat,63242,63340,Maison,72.0,163100.0,2265.28,2024-09-30
Sauvessanges,63412,63840,Maison,75.0,77400.0,1032.0,2024-09-19
Ambert,63003,63600,Maison,105.0,199650.0,1901.43,2024-09-13
Clermont-Ferrand,63113,63000,Appartement,82.0,90000.0,1097.56,2024-09-11
Thiers,63430,63300,Maison,77.0,46000.0,597.4,2024-10-07
Thiers,63430,63300,Appartement,73.0,46000.0,630.14,2024-10-07
Thiers,63430,63300,Appartement,73.0,46000.0,630.14,2024-10-07
Thiers,63430,63300,Appartement,78.0,46000.0,589.74,2024-10-07
Saint-Maurice,63378,63270,Maison,90.0,20000.0,222.22,2024-09-23
Arconsat,63008,63250,Maison,52.0,54500.0,1048.08,2024-10-08
Chamalières,63075,63400,Appartement,60.0,133900.0,2231.67,2024-09-27
Arconsat,63008,63250,Maison,93.0,54315.0,584.03,2024-10-04
La Monnerie-le-Montel,63231,63650,Maison,107.0,68650.0,641.59,2024-10-07
La Monnerie-le-Montel,63231,63650,Maison,107.0,68650.0,641.59,2024-10-07
Clermont-Ferrand,63113,63100,Appartement,64.0,55000.0,859.38,2024-09-25
Clermont-Ferrand,63113,63000,Appartement,27.0,64905.0,2403.89,2024-09-30
Billom,63040,63160,Maison,60.0,68500.0,1141.67,2024-09-27
Châtel-Guyon,63103,63140,Maison,75.0,179450.0,2392.67,2024-09-23
Chamalières,63075,63400,Appartement,87.0,253200.0,2910.34,2024-09-25
Gerzat,63164,63360,Appartement,66.0,157000.0,2378.79,2024-09-24
Clermont-Ferrand,63113,63000,Appartement,27.0,60188.0,2229.19,2024-09-30
Riom,63300,63200,Appartement,59.0,194000.0,3288.14,2024-09-25
Aulnat,63019,63510,Appartement,58.0,94000.0,1620.69,2024-09-24
Aulnat,63019,63510,Maison,76.0,168500.0,2217.11,2024-09-10
Clermont-Ferrand,63113,63100,Appartement,76.0,59000.0,776.32,2024-09-23
Aubière,63014,63170,Appartement,69.0,202200.0,2930.43,2024-09-30
Riom,63300,63200,Maison,100.0,218000.0,2180.0,2024-09-25
Clermont-Ferrand,63113,63000,Appartement,85.0,186800.0,2197.65,2024-10-02
Billom,63040,63160,Maison,106.0,164000.0,1547.17,2024-09-27
Clermont-Ferrand,63113,63000,Appartement,47.0,75000.0,1595.74,2024-10-02
Les Ancizes-Comps,63004,63770,Appartement,24.0,107755.0,4489.79,2024-09-16
Les Ancizes-Comps,63004,63770,Appartement,30.0,107755.0,3591.83,2024-09-16
Les Ancizes-Comps,63004,63770,Appartement,30.0,107755.0,3591.83,2024-09-16
Le Cheix,63108,63200,Maison,70.0,177500.0,2535.71,2024-09-19
Servant,63419,63560,Maison,65.0,19000.0,292.31,2024-09-26
Servant,63419,63560,Maison,65.0,19000.0,292.31,2024-09-26
Servant,63419,63560,Maison,65.0,19000.0,292.31,2024-09-26
Servant,63419,63560,Maison,65.0,19000.0,292.31,2024-09-26
Veyre-Monton,63455,63960,Maison,61.0,72500.0,1188.52,2024-09-25
Cébazat,63063,63118,Maison,79.0,190460.0,2410.89,2024-09-30
Clermont-Ferrand,63113,63000,Appartement,78.0,162000.0,2076.92,2024-09-27
Ardes,63009,63420,Maison,96.0,25700.0,267.71,2024-10-07
Coudes,63121,63114,Maison,55.0,102000.0,1854.55,2024-09-24
Issoire,63178,63500,Maison,112.0,266000.0,2375.0,2024-09-19
Montmorin,63239,63160,Maison,82.0,80000.0,975.61,2024-09-26
Tours-sur-Meymont,63434,63590,Maison,80.0,38000.0,475.0,2024-09-13
Vic-le-Comte,63457,63270,Maison,109.0,170000.0,1559.63,2024-10-02
Cournon-d'Auvergne,63124,63800,Appartement,65.0,133700.0,2056.92,2024-10-08
Saint-Amant-Tallende,63315,63450,Maison,110.0,244000.0,2218.18,2024-10-07
Clermont-Ferrand,63113,63100,Appartement,17.0,47500.0,2794.12,2024-10-09
Clermont-Ferrand,63113,63100,Appartement,54.0,78180.0,1447.78,2024-10-02
Aubière,63014,63170,Maison,70.0,109000.0,1557.14,2024-10-07
Châteldon,63102,63290,Maison,75.0,45000.0,600.0,2024-09-16
Ris,63301,63290,Maison,75.0,52500.0,700.0,2024-09-24
Savennes,63416,63750,Maison,56.0,88000.0,1571.43,2024-09-28
Luzillat,63201,63350,Maison,100.0,230500.0,2305.0,2024-09-19
Luzillat,63201,63350,Maison,100.0,230500.0,2305.0,2024-09-19
Luzillat,63201,63350,Maison,103.0,197900.0,1921.36,2024-09-19
Luzillat,63201,63350,Maison,103.0,197900.0,1921.36,2024-09-19
Saint-Martin-des-Olmes,63374,63600,Maison,28.0,15000.0,535.71,2024-09-27
Saint-Martin-des-Olmes,63374,63600,Maison,28.0,15000.0,535.71,2024-09-27
Neuville,63252,63160,Maison,128.0,190000.0,1484.38,2024-09-30
Neuville,63252,63160,Maison,128.0,190000.0,1484.38,2024-09-30
Billom,63040,63160,Maison,92.0,254450.0,2765.76,2024-09-30
Le Cendre,63069,63670,Maison,73.0,150000.0,2054.79,2024-09-17
Clermont-Ferrand,63113,63000,Appartement,16.0,47000.0,2937.5,2024-10-02
Clermont-Ferrand,63113,63000,Appartement,16.0,47000.0,2937.5,2024-10-02
Clermont-Ferrand,63113,63100,Maison,60.0,139000.0,2316.67,2024-10-08
Clermont-Ferrand,63113,63100,Maison,105.0,336410.0,3203.9,2024-10-07
Le Cendre,63069,63670,Maison,82.0,138612.0,1690.39,2024-09-17
Clermont-Ferrand,63113,63100,Appartement,24.0,53500.0,2229.17,2024-09-24
Cournon-d'Auvergne,63124,63800,Appartement,63.0,132130.0,2097.3,2024-10-08
Clermont-Ferrand,63113,63000,Appartement,51.0,134790.0,2642.94,2024-09-18
Clermont-Ferrand,63113,63100,Appartement,38.0,92000.0,2421.05,2024-09-19
Pont-du-Château,63284,63430,Maison,65.0,123500.0,1900.0,2024-09-18
Cébazat,63063,63118,Maison,100.0,187800.0,1878.0,2024-10-03
Les Martres-de-Veyre,63214,63730,Maison,102.0,176000.0,1725.49,2024-09-20
Royat,63308,63130,Maison,78.0,100000.0,1282.05,2024-09-27
Clermont-Ferrand,63113,63000,Appartement,24.0,52940.0,2205.83,2024-09-17
Novacelles,63256,63220,Maison,142.0,70000.0,492.96,2024-09-25
Novacelles,63256,63220,Maison,142.0,70000.0,492.96,2024-09-25
Sauret-Besserve,63408,63390,Maison,38.0,93000.0,2447.37,2024-09-25
Sauret-Besserve,63408,63390,Maison,38.0,93000.0,2447.37,2024-09-25
Clermont-Ferrand,63113,63000,Appartement,68.0,139200.0,2047.06,2024-09-26
Varennes-sur-Morge,63443,63720,Maison,90.0,250000.0,2777.78,2024-10-01
Durtol,63141,63830,Maison,64.0,325500.0,5085.94,2024-09-27
Durtol,63141,63830,Maison,64.0,325500.0,5085.94,2024-09-27
Clermont-Ferrand,63113,63000,Appartement,60.0,185250.0,3087.5,2024-09-17
Besse-et-Saint-Anastaise,63038,63610,Appartement,28.0,69500.0,2482.14,2024-10-07
Lezoux,63195,63190,Maison,65.0,135400.0,2083.08,2024-09-30
Lezoux,63195,63190,Maison,54.0,33000.0,611.11,2024-10-08
Le Cendre,63069,63670,Maison,80.0,176900.0,2211.25,2024-09-26
Neuf-Église,63251,63560,Maison,85.0,29500.0,347.06,2024-10-01
Clermont-Ferrand,63113,63000,Appartement,39.0,75350.0,1932.05,2024-10-02
Clermont-Ferrand,63113,63000,Appartement,18.0,54500.0,3027.78,2024-09-10
Malauzat,63203,63200,Maison,145.0,356150.0,2456.21,2024-09-19
Malauzat,63203,63200,Maison,145.0,356150.0,2456.21,2024-09-19
Châteaugay,63099,63119,Maison,80.0,134100.0,1676.25,2024-09-30
Clermont-Ferrand,63113,63000,Appartement,61.0,75200.0,1232.79,2024-10-07
Clermont-Ferrand,63113,63000,Appartement,20.0,63000.0,3150.0,2024-09-25
Clermont-Ferrand,63113,63000,Appartement,45.0,120000.0,2666.67,2024-10-01
Clermont-Ferrand,63113,63000,Appartement,24.0,52970.0,2207.08,2024-09-17
Ceyrat,63070,63122,Maison,131.0,259900.0,1983.97,2024-10-01
Ceyrat,63070,63122,Maison,131.0,259900.0,1983.97,2024-10-01
Volvic,63470,63530,Maison,141.0,318000.0,2255.32,2024-09-18
Volvic,63470,63530,Maison,141.0,318000.0,2255.32,2024-09-18
Saint-Éloy-les-Mines,63338,63700,Appartement,50.0,80000.0,1600.0,2024-09-13
Saint-Éloy-les-Mines,63338,63700,Appartement,50.0,80000.0,1600.0,2024-09-13
Clermont-Ferrand,63113,63000,Appartement,21.0,59000.0,2809.52,2024-09-20
Bourg-Lastic,63048,63760,Maison,142.0,26000.0,183.1,2024-09-27
Clermont-Ferrand,63113,63000,Appartement,26.0,15000.0,576.92,2024-09-26
Grandrif,63173,63600,Maison,120.0,171000.0,1425.0,2024-09-23
Grandrif,63173,63600,Maison,120.0,171000.0,1425.0,2024-09-23
Vic-le-Comte,63457,63270,Maison,105.0,311291.0,2964.68,2024-09-27
Sainte-Catherine,63328,63580,Maison,70.0,125300.0,1790.0,2024-10-09
Saint-Germain-l'Herm,63353,63630,Maison,53.0,92650.0,1748.11,2024-10-10
Saint-Ours,63381,63230,Maison,142.0,224500.0,1580.99,2024-09-27
Clermont-Ferrand,63113,63000,Appartement,64.0,150370.0,2349.53,2024-10-01
Mozac,63245,63200,Maison,107.0,257000.0,2401.87,2024-10-01
Pont-du-Château,63284,63430,Maison,76.0,700000.0,9210.53,2024-09-23
Aydat,63026,63970,Maison,100.0,279300.0,2793.0,2024-09-30
Briffons,63053,63820,Maison,60.0,22500.0,375.0,2024-09-28
Enval,63150,63530,Maison,113.0,349720.0,3094.87,2024-09-30
Pont-du-Château,63284,63430,Appartement,80.0,542679.4,6783.49,2024-09-26
Riom,63300,63200,Appartement,80.0,181300.0,2266.25,2024-09-26
Clermont-Ferrand,63113,63000,Appartement,80.0,222250.0,2778.12,2024-10-09
Durtol,63141,63830,Maison,95.0,171500.0,1805.26,2024-09-19
Billom,63040,63160,Appartement,80.0,57000.0,712.5,2024-10-09
Billom,63040,63160,Appartement,80.0,57000.0,712.5,2024-10-09
Clermont-Ferrand,63113,63100,Appartement,75.0,66000.0,880.0,2024-10-03
Pardines,63268,63500,Maison,130.0,312450.0,2403.46,2024-10-02
Riom,63300,63200,Appartement,56.0,104000.0,1857.14,2024-10-02
Vic-le-Comte,63457,63270,Maison,90.0,220000.0,2444.44,2024-09-30
Chamalières,63075,63400,Appartement,40.0,440000.0,11000.0,2024-10-07
Chamalières,63075,63400,Appartement,91.0,440000.0,4835.16,2024-10-07
Royat,63308,63130,Maison,96.0,400000.0,4166.67,2024-09-30
Randan,63295,63310,Maison,60.0,15000.0,250.0,2024-10-03
Le Cheix,63108,63200,Maison,160.0,534800.0,3342.5,2024-10-04
Le Cheix,63108,63200,Maison,160.0,534800.0,3342.5,2024-10-04
Le Cheix,63108,63200,Maison,160.0,534800.0,3342.5,2024-10-04
Auzat-la-Combelle,63022,63570,Maison,114.0,141000.0,1236.84,2024-09-27
Tallende,63425,63450,Maison,86.0,286000.0,3325.58,2024-10-04
Saint-Clément-de-Régnat,63332,63310,Maison,115.0,20000.0,173.91,2024-09-30
Chamalières,63075,63400,Appartement,23.0,19000.0,826.09,2024-09-19
Picherande,63279,63113,Maison,65.0,28000.0,430.77,2024-09-13
La Tour-d'Auvergne,63192,63680,Maison,55.0,95000.0,1727.27,2024-09-20
La Tour-d'Auvergne,63192,63680,Maison,50.0,95000.0,1900.0,2024-09-20
Coudes,63121,63114,Maison,110.0,250000.0,2272.73,2024-10-02
Coudes,63121,63114,Maison,110.0,250000.0,2272.73,2024-10-02
Orléat,63265,63190,Maison,83.0,283500.0,3415.66,2024-10-01
Orléat,63265,63190,Maison,83.0,283500.0,3415.66,2024-10-01
Chamalières,63075,63400,Appartement,65.0,126200.0,1941.54,2024-09-25
Cournon-d'Auvergne,63124,63800,Maison,71.0,100000.0,1408.45,2024-09-25
Ravel,63296,63190,Maison,55.0,70000.0,1272.73,2024-10-04
Clermont-Ferrand,63113,63000,Appartement,85.0,209300.0,2462.35,2024-09-20
Montaigut,63233,63700,Appartement,95.0,56500.0,594.74,2024-10-01
Montaigut,63233,63700,Appartement,50.0,56500.0,1130.0,2024-10-01
Montaigut,63233,63700,Appartement,95.0,56500.0,594.74,2024-10-01
Sauviat,63414,63120,Maison,89.0,55000.0,617.98,2024-10-11
Chamalières,63075,63400,Appartement,112.0,225000.0,2008.93,2024-10-09
Châtel-Guyon,63103,63140,Maison,53.0,88800.0,1675.47,2024-09-20
Clermont-Ferrand,63113,63000,Appartement,82.0,181900.0,2218.29,2024-10-03
Royat,63308,63130,Appartement,157.0,372000.0,2369.43,2024-10-07
Orcet,63262,63670,Maison,102.0,364500.0,3573.53,2024-10-02
Clermont-Ferrand,63113,63000,Appartement,42.0,95500.0,2273.81,2024-09-27
Glaine-Montaigut,63168,63160,Maison,174.0,311817.0,1792.05,2024-10-02
Gerzat,63164,63360,Appartement,43.0,108000.0,2511.63,2024-09-27
Volvic,63470,63530,Maison,130.0,314000.0,2415.38,2024-09-30
Gerzat,63164,63360,Appartement,66.0,166000.0,2515.15,2024-09-25
Chamalières,63075,63400,Appartement,66.0,67500.0,1022.73,2024-09-30
Clermont-Ferrand,63113,63000,Appartement,111.0,221100.0,1991.89,2024-10-11
Clermont-Ferrand,63113,63000,Appartement,92.0,132000.0,1434.78,2024-10-02
Moissat,63229,63190,Maison,153.0,353200.0,2308.5,2024-09-30
Moissat,63229,63190,Maison,153.0,353200.0,2308.5,2024-09-30
Gerzat,63164,63360,Appartement,43.0,96000.0,2232.56,2024-09-27
Aigueperse,63001,63260,Appartement,71.0,85300.0,1201.41,2024-09-17
Ceyrat,63070,63122,Maison,131.0,496500.0,3790.08,2024-10-11
Veyre-Monton,63455,63960,Maison,140.0,476950.0,3406.79,2024-08-13
Chamalières,63075,63400,Appartement,36.0,345250.0,9590.28,2024-10-04
Chamalières,63075,63400,Appartement,35.0,345250.0,9864.29,2024-10-04
Chamalières,63075,63400,Appartement,40.0,345250.0,8631.25,2024-10-04
Chamalières,63075,63400,Appartement,51.0,345250.0,6769.61,2024-10-04
Chamalières,63075,63400,Appartement,43.0,345250.0,8029.07,2024-10-04
Chamalières,63075,63400,Appartement,50.0,345250.0,6905.0,2024-10-04
Riom,63300,63200,Maison,106.0,232250.0,2191.04,2024-09-19
Chamalières,63075,63400,Appartement,48.0,74850.0,1559.38,2024-10-01
Clermont-Ferrand,63113,63100,Appartement,91.0,74000.0,813.19,2024-09-27
Mozac,63245,63200,Maison,120.0,208000.0,1733.33,2024-09-25
Chamalières,63075,63400,Appartement,35.0,60500.0,1728.57,2024-09-24
Nonette-Orsonnette,63255,63340,Maison,98.0,151800.0,1548.98,2024-10-02
Le Vernet-Chaméane,63448,63580,Maison,70.0,25000.0,357.14,2024-10-14
Gerzat,63164,63360,Appartement,64.0,162000.0,2531.25,2024-09-26
Châteaugay,63099,63119,Maison,152.0,205000.0,1348.68,2024-09-27
Culhat,63131,63350,Maison,68.0,185300.0,2725.0,2024-10-02
Culhat,63131,63350,Maison,33.0,185300.0,5615.15,2024-10-02
Cournon-d'Auvergne,63124,63800,Maison,96.0,283900.0,2957.29,2024-10-08
Vic-le-Comte,63457,63270,Maison,86.0,161460.0,1877.44,2024-09-27
Clermont-Ferrand,63113,63000,Appartement,40.0,80000.0,2000.0,2024-09-26
Beaumont,63032,63110,Appartement,67.0,157900.0,2356.72,2024-10-07
Parent,63269,63270,Maison,140.0,379715.0,2712.25,2024-10-01
Parent,63269,63270,Maison,140.0,379715.0,2712.25,2024-10-01
Le Vernet-Chaméane,63448,63580,Maison,49.0,30000.0,612.24,2024-10-04
Messeix,63225,63750,Maison,90.0,140000.0,1555.56,2024-10-08
Messeix,63225,63750,Maison,90.0,140000.0,1555.56,2024-10-08
Buxières-sous-Montaigut,63062,63700,Maison,141.0,233651.0,1657.1,2024-10-08
Buxières-sous-Montaigut,63062,63700,Maison,141.0,233651.0,1657.1,2024-10-08
Buxières-sous-Montaigut,63062,63700,Maison,141.0,233651.0,1657.1,2024-10-08
Clermont-Ferrand,63113,63100,Appartement,63.0,149758.0,2377.11,2024-09-26
Neschers,63250,63320,Maison,17.0,70000.0,4117.65,2024-10-01
Mont-Dore,63236,63240,Appartement,44.0,60000.0,1363.64,2024-10-02
Mont-Dore,63236,63240,Appartement,40.0,60000.0,1500.0,2024-10-02
Mont-Dore,63236,63240,Appartement,48.0,60000.0,1250.0,2024-10-02
Mont-Dore,63236,63240,Appartement,44.0,60000.0,1363.64,2024-10-02
Mont-Dore,63236,63240,Appartement,40.0,60000.0,1500.0,2024-10-02
Mont-Dore,63236,63240,Appartement,48.0,60000.0,1250.0,2024-10-02
Pont-du-Château,63284,63430,Appartement,76.0,550000.0,7236.84,2024-09-26
Pont-du-Château,63284,63430,Appartement,76.0,550000.0,7236.84,2024-09-26
Saint-Sandoux,63395,63450,Maison,89.0,144000.0,1617.98,2024-10-10
Saint-Nectaire,63380,63710,Maison,68.0,199000.0,2926.47,2024-10-14
Saint-Dier-d'Auvergne,63334,63520,Maison,105.0,61686.0,587.49,2024-09-24
Olliergues,63258,63880,Maison,37.0,30000.0,810.81,2024-09-24
Thiers,63430,63300,Maison,235.0,350000.0,1489.36,2024-09-30
Clermont-Ferrand,63113,63000,Appartement,136.0,318000.0,2338.24,2024-09-13
Miremont,63228,63380,Maison,83.0,76270.0,918.92,2024-09-28
Riom,63300,63200,Maison,123.0,278500.0,2264.23,2024-09-30
Clermont-Ferrand,63113,63000,Maison,86.0,312000.0,3627.91,2024-09-24
Chamalières,63075,63400,Appartement,76.0,149000.0,1960.53,2024-10-04
Clermont-Ferrand,63113,63100,Maison,99.0,261700.0,2643.43,2024-10-02
Clermont-Ferrand,63113,63000,Appartement,45.0,169500.0,3766.67,2024-09-19
Clermont-Ferrand,63113,63000,Appartement,45.0,40000.0,888.89,2024-10-11
Riom,63300,63200,Maison,132.0,310900.0,2355.3,2024-10-08
Riom,63300,63200,Maison,132.0,310900.0,2355.3,2024-10-08
Clermont-Ferrand,63113,63000,Appartement,54.0,153970.0,2851.3,2024-10-11
Châtel-Guyon,63103,63140,Appartement,36.0,72000.0,2000.0,2024-10-09
Cébazat,63063,63118,Appartement,94.0,165920.0,1765.11,2024-10-15
Chambaron sur Morge,63244,63200,Maison,100.0,217870.0,2178.7,2024-09-30
Pionsat,63281,63330,Maison,60.0,60000.0,1000.0,2024-09-12
Montel-de-Gelat,63237,63380,Maison,60.0,58970.0,982.83,2024-10-12
Ambert,63003,63600,Appartement,85.0,184300.0,2168.24,2024-09-20
Ambert,63003,63600,Appartement,42.0,184300.0,4388.1,2024-09-20
Villeneuve,63458,63340,Maison,45.0,50150.0,1114.44,2024-10-08
Pont-du-Château,63284,63430,Maison,99.0,35000.0,353.54,2024-10-03
Clermont-Ferrand,63113,63100,Appartement,69.0,163000.0,2362.32,2024-09-26
Chamalières,63075,63400,Appartement,45.0,97942.0,2176.49,2024-10-08
Murol,63247,63790,Appartement,13.0,17950.0,1380.77,2024-09-26
Thiers,63430,63300,Maison,85.0,40000.0,470.59,2024-09-18
Thiers,63430,63300,Maison,127.0,89000.0,700.79,2024-09-26
Vollore-Ville,63469,63120,Maison,58.0,16800.0,289.66,2024-09-27
Pont-du-Château,63284,63430,Maison,104.0,183500.0,1764.42,2024-10-07
Pont-du-Château,63284,63430,Maison,104.0,183500.0,1764.42,2024-10-07
Ambert,63003,63600,Appartement,89.0,60000.0,674.16,2024-10-09
Châteaugay,63099,63119,Maison,110.0,281570.0,2559.73,2024-08-28
Orcet,63262,63670,Maison,100.0,260000.0,2600.0,2024-10-07
Clermont-Ferrand,63113,63100,Appartement,78.0,137050.0,1757.05,2024-10-02
Malauzat,63203,63200,Maison,76.0,120000.0,1578.95,2024-10-15
Nonette-Orsonnette,63255,63340,Maison,109.0,206300.0,1892.66,2024-10-02
Nonette-Orsonnette,63255,63340,Maison,109.0,206300.0,1892.66,2024-10-02
Thiers,63430,63300,Appartement,47.0,33000.0,702.13,2024-09-30
Thiers,63430,63300,Maison,107.0,122400.0,1143.93,2024-09-25
Peschadoires,63276,63920,Maison,136.0,75000.0,551.47,2024-10-07
Peschadoires,63276,63920,Maison,136.0,75000.0,551.47,2024-10-07
Thiers,63430,63300,Appartement,64.0,76000.0,1187.5,2024-10-02
Reignat,63297,63160,Maison,44.0,90250.0,2051.14,2024-10-08
Clermont-Ferrand,63113,63000,Appartement,29.0,76000.0,2620.69,2024-09-26
Clermont-Ferrand,63113,63000,Appartement,21.0,44500.0,2119.05,2024-10-11
Courpière,63125,63120,Maison,93.0,205000.0,2204.3,2024-10-02
Courpière,63125,63120,Maison,93.0,205000.0,2204.3,2024-10-02
Saint-Germain-Lembron,63352,63340,Maison,84.0,152750.0,1818.45,2024-09-30
Le Cendre,63069,63670,Maison,102.0,302000.0,2960.78,2024-10-11
Menat,63223,63560,Maison,52.0,91800.0,1765.38,2024-09-27
Menat,63223,63560,Appartement,40.0,91800.0,2295.0,2024-09-27
Menat,63223,63560,Appartement,81.0,91800.0,1133.33,2024-09-27
Clermont-Ferrand,63113,63100,Maison,100.0,1164000.0,11640.0,2024-10-14
Clermont-Ferrand,63113,63100,Appartement,25.0,800000.0,32000.0,2024-09-30
Murol,63247,63790,Maison,60.0,204000.0,3400.0,2024-09-17
Murol,63247,63790,Maison,57.0,204000.0,3578.95,2024-09-17
Murol,63247,63790,Maison,50.0,204000.0,4080.0,2024-09-17
Clermont-Ferrand,63113,63100,Maison,56.0,90000.0,1607.14,2024-10-11
Chamalières,63075,63400,Appartement,130.0,618945.0,4761.12,2024-09-27
Riom,63300,63200,Maison,88.0,233955.0,2658.58,2024-09-30
Ambert,63003,63600,Maison,84.0,141200.0,1680.95,2024-10-11
Chadeleuf,63073,63320,Maison,110.0,204255.0,1856.86,2024-10-01
Vinzelles,63461,63350,Maison,54.0,52000.0,962.96,2024-09-24
Clermont-Ferrand,63113,63100,Appartement,110.0,163042.0,1482.2,2024-09-30
Thiers,63430,63300,Maison,46.0,27000.0,586.96,2024-10-15
Thiers,63430,63300,Maison,46.0,27000.0,586.96,2024-10-15
Pont-du-Château,63284,63430,Appartement,33.0,140000.0,4242.42,2024-09-30
Pont-du-Château,63284,63430,Appartement,37.0,140000.0,3783.78,2024-09-30
Pont-du-Château,63284,63430,Appartement,37.0,140000.0,3783.78,2024-09-30
Clermont-Ferrand,63113,63000,Appartement,52.0,90000.0,1730.77,2024-10-08
Clermont-Ferrand,63113,63000,Appartement,36.0,90200.0,2505.56,2024-09-30
Aubière,63014,63170,Maison,103.0,353200.0,3429.13,2024-10-02
La Roche-Blanche,63302,63670,Maison,123.0,256000.0,2081.3,2024-09-25
Aubière,63014,63170,Maison,220.0,537500.0,2443.18,2024-09-30
Clermont-Ferrand,63113,63000,Appartement,101.0,151200.0,1497.03,2024-09-20
Clermont-Ferrand,63113,63000,Appartement,41.0,107000.0,2609.76,2024-10-08
Mauzun,63216,63160,Maison,48.0,108500.0,2260.42,2024-10-14
Clermont-Ferrand,63113,63100,Appartement,81.0,126200.0,1558.02,2024-09-30
Sayat,63417,63530,Maison,156.0,380550.0,2439.42,2024-10-09
Clermont-Ferrand,63113,63100,Maison,74.0,238000.0,3216.22,2024-09-27
La Cellette,63067,63330,Maison,86.0,13000.0,151.16,2024-10-09
La Bourboule,63047,63150,Appartement,26.0,62500.0,2403.85,2024-10-07
Giat,63165,63620,Maison,105.0,110000.0,1047.62,2024-09-27
Giat,63165,63620,Maison,105.0,110000.0,1047.62,2024-09-27
Aubière,63014,63170,Maison,60.0,126400.0,2106.67,2024-10-10
Riom,63300,63200,Appartement,48.0,130000.0,2708.33,2024-10-03
Charbonnières-les-Varennes,63092,63410,Maison,60.0,68300.0,1138.33,2024-10-02
Châtel-Guyon,63103,63140,Appartement,90.0,81100.0,901.11,2024-10-02
Gerzat,63164,63360,Maison,79.0,172000.0,2177.22,2024-09-23
Puy-Guillaume,63291,63290,Maison,74.0,150000.0,2027.03,2024-09-30
Chanat-la-Mouteyre,63083,63530,Maison,109.0,320100.0,2936.7,2024-10-03
Ceyrat,63070,63122,Maison,55.0,152000.0,2763.64,2024-10-10
Clermont-Ferrand,63113,63000,Appartement,57.0,122200.0,2143.86,2024-10-03
Durtol,63141,63830,Maison,83.0,209800.0,2527.71,2024-10-04
Billom,63040,63160,Maison,99.0,175390.48,1771.62,2024-09-27
Saint-Gervais-d'Auvergne,63354,63390,Maison,145.0,110000.0,758.62,2024-09-27
Gerzat,63164,63360,Maison,78.0,170600.0,2187.18,2024-10-01
Youx,63471,63700,Maison,184.0,55000.0,298.91,2024-09-26
Clermont-Ferrand,63113,63000,Maison,75.0,158000.0,2106.67,2024-10-03
Saint-Angel,63318,63410,Maison,105.0,55000.0,523.81,2024-10-02
Clermont-Ferrand,63113,63100,Appartement,43.0,120000.0,2790.7,2024-10-03
Clermont-Ferrand,63113,63000,Appartement,22.0,340000.0,15454.55,2024-09-18
Clermont-Ferrand,63113,63000,Appartement,80.0,340000.0,4250.0,2024-09-18
Clermont-Ferrand,63113,63000,Appartement,18.0,340000.0,18888.89,2024-09-18
Clermont-Ferrand,63113,63000,Appartement,22.0,340000.0,15454.55,2024-09-18
Clermont-Ferrand,63113,63000,Appartement,18.0,340000.0,18888.89,2024-09-18
Blanzat,63042,63112,Maison,73.0,139250.0,1907.53,2024-10-02
Saint-Pierre-la-Bourlhonne,63384,63480,Maison,83.0,155000.0,1867.47,2024-09-13
Clermont-Ferrand,63113,63000,Appartement,75.0,129000.0,1720.0,2024-10-03
Clermont-Ferrand,63113,63000,Appartement,19.0,38000.0,2000.0,2024-10-02
Cournon-d'Auvergne,63124,63800,Appartement,70.0,133100.0,1901.43,2024-10-04
Clermont-Ferrand,63113,63000,Appartement,85.0,179950.0,2117.06,2024-10-04
Clermont-Ferrand,63113,63100,Maison,85.0,120000.0,1411.76,2024-10-04
Clermont-Ferrand,63113,63100,Appartement,103.0,154000.0,1495.15,2024-10-07
Clermont-Ferrand,63113,63000,Appartement,54.0,114000.0,2111.11,2024-10-17
Clermont-Ferrand,63113,63100,Maison,110.0,175000.0,1590.91,2024-10-07
Clermont-Ferrand,63113,63100,Maison,110.0,175000.0,1590.91,2024-10-07
Échandelys,63142,63980,Maison,66.0,95000.0,1439.39,2024-10-07
Échandelys,63142,63980,Maison,66.0,95000.0,1439.39,2024-10-07
Échandelys,63142,63980,Maison,66.0,95000.0,1439.39,2024-10-07
Villosanges,63460,63380,Maison,92.0,103000.0,1119.57,2024-10-12
Mont-Dore,63236,63240,Appartement,35.0,82000.0,2342.86,2024-10-12
Bourg-Lastic,63048,63760,Maison,43.0,49400.0,1148.84,2024-10-08
Sauxillanges,63415,63490,Appartement,92.0,119800.0,1302.17,2024-10-16
Sauxillanges,63415,63490,Appartement,105.0,119800.0,1140.95,2024-10-16
Pionsat,63281,63330,Maison,124.0,40000.0,322.58,2024-10-01
Saint-Julien-de-Coppel,63368,63160,Maison,180.0,65600.0,364.44,2024-10-03
Vic-le-Comte,63457,63270,Maison,108.0,138300.0,1280.56,2024-10-04
Chanat-la-Mouteyre,63083,63530,Appartement,40.0,238900.0,5972.5,2024-10-04
Chanat-la-Mouteyre,63083,63530,Appartement,40.0,238900.0,5972.5,2024-10-04
Chanat-la-Mouteyre,63083,63530,Appartement,88.0,238900.0,2714.77,2024-10-04
Chanat-la-Mouteyre,63083,63530,Appartement,88.0,238900.0,2714.77,2024-10-04
Aubière,63014,63170,Maison,48.0,200000.0,4166.67,2024-10-14
Aubière,63014,63170,Maison,56.0,200000.0,3571.43,2024-10-14
Aubière,63014,63170,Maison,145.0,271700.0,1873.79,2024-10-15
Montpensier,63240,63260,Maison,154.0,150000.0,974.03,2024-09-27
Montpensier,63240,63260,Maison,154.0,150000.0,974.03,2024-09-27
Montpensier,63240,63260,Maison,75.0,26000.0,346.67,2024-09-27
Montpensier,63240,63260,Maison,75.0,26000.0,346.67,2024-09-27
Murol,63247,63790,Appartement,65.0,77600.0,1193.85,2024-10-02
Aulnat,63019,63510,Maison,92.0,196117.0,2131.71,2024-10-14
Clermont-Ferrand,63113,63000,Appartement,21.0,65300.0,3109.52,2024-10-14
Lezoux,63195,63190,Maison,60.0,154200.0,2570.0,2024-10-14
Lamontgie,63185,63570,Maison,80.0,30000.0,375.0,2024-09-26
Saint-Beauzire,63322,63360,Maison,122.0,298000.0,2442.62,2024-10-15
Chamalières,63075,63400,Maison,73.0,199000.0,2726.03,2024-10-11
Ambert,63003,63600,Maison,33.0,381000.0,11545.45,2024-09-21
Ambert,63003,63600,Maison,60.0,381000.0,6350.0,2024-09-21
Clermont-Ferrand,63113,63000,Appartement,18.0,145000.0,8055.56,2024-10-14
Clermont-Ferrand,63113,63000,Appartement,17.0,145000.0,8529.41,2024-10-14
Clermont-Ferrand,63113,63000,Appartement,12.0,155367.0,12947.25,2024-09-30
Clermont-Ferrand,63113,63000,Appartement,12.0,155367.0,12947.25,2024-09-30
Clermont-Ferrand,63113,63000,Appartement,12.0,155367.0,12947.25,2024-09-30
Clermont-Ferrand,63113,63000,Appartement,13.0,155367.0,11951.31,2024-09-30
Clermont-Ferrand,63113,63000,Appartement,15.0,155367.0,10357.8,2024-09-30
Riom,63300,63200,Maison,55.0,131000.0,2381.82,2024-10-17
Clermont-Ferrand,63113,63100,Maison,87.0,249000.0,2862.07,2024-10-08
Aubière,63014,63170,Appartement,27.0,45000.0,1666.67,2024-10-17
Dore-l'Église,63139,63220,Maison,185.0,130000.0,702.7,2024-10-09
Saint-Maurice-près-Pionsat,63377,63330,Maison,52.0,14500.0,278.85,2024-09-24
Clermont-Ferrand,63113,63000,Appartement,42.0,103000.0,2452.38,2024-10-12
Antoingt,63005,63340,Maison,55.0,64000.0,1163.64,2024-09-21
Clermont-Ferrand,63113,63000,Appartement,31.0,220000.0,7096.77,2024-10-10
Clermont-Ferrand,63113,63000,Appartement,52.0,220000.0,4230.77,2024-10-10
Clermont-Ferrand,63113,63000,Appartement,62.0,180953.0,2918.6,2024-10-11
Cisternes-la-Forêt,63110,63740,Maison,43.0,60000.0,1395.35,2024-10-05
Saint-Maurice-près-Pionsat,63377,63330,Maison,90.0,124545.0,1383.83,2024-10-09
Clermont-Ferrand,63113,63100,Appartement,56.0,110000.0,1964.29,2024-09-27
Romagnat,63307,63540,Maison,88.0,194600.0,2211.36,2024-10-11
Égliseneuve-près-Billom,63146,63160,Maison,90.0,149800.0,1664.44,2024-10-15
Chamalières,63075,63400,Maison,200.0,745000.0,3725.0,2024-10-11
Saint-Hilaire,63360,63330,Maison,120.0,97000.0,808.33,2024-10-14
Chamalières,63075,63400,Appartement,29.0,72000.0,2482.76,2024-10-08
Ceyrat,63070,63122,Maison,98.0,358000.0,3653.06,2024-10-04
Clermont-Ferrand,63113,63000,Appartement,46.0,73500.0,1597.83,2024-10-04
Le Cendre,63069,63670,Maison,83.0,128000.0,1542.17,2024-10-08
Clermont-Ferrand,63113,63000,Appartement,26.0,57000.0,2192.31,2024-10-08
Orcival,63264,63210,Maison,117.0,222350.0,1900.43,2024-10-15
Orcival,63264,63210,Maison,107.0,222350.0,2078.04,2024-10-15
Châteldon,63102,63290,Maison,180.0,151810.0,843.39,2024-09-20
Châteldon,63102,63290,Maison,180.0,151810.0,843.39,2024-09-20
Clermont-Ferrand,63113,63000,Appartement,20.0,62900.0,3145.0,2024-10-14
Clermont-Ferrand,63113,63000,Maison,150.0,281000.0,1873.33,2024-09-30
Clermont-Ferrand,63113,63000,Maison,150.0,281000.0,1873.33,2024-09-30
Augerolles,63016,63930,Maison,60.0,35000.0,583.33,2024-10-18
Augerolles,63016,63930,Maison,139.0,35000.0,251.8,2024-10-18
Saint-Bonnet-près-Orcival,63326,63210,Maison,60.0,116100.0,1935.0,2024-10-15
Clermont-Ferrand,63113,63100,Appartement,77.0,63500.0,824.68,2024-10-18
Saint-Sauves-d'Auvergne,63397,63950,Maison,80.0,102000.0,1275.0,2024-10-02
Châteaugay,63099,63119,Maison,120.0,183750.0,1531.25,2024-10-11
Clermont-Ferrand,63113,63100,Appartement,66.0,46000.0,696.97,2024-10-01
Clermont-Ferrand,63113,63100,Appartement,65.0,175000.0,2692.31,2024-10-01
La Bourboule,63047,63150,Appartement,51.0,83500.0,1637.25,2024-10-04
Chamalières,63075,63400,Appartement,66.0,110000.0,1666.67,2024-10-08
Besse-et-Saint-Anastaise,63038,63610,Appartement,50.0,143000.0,2860.0,2024-10-14
Marsat,63212,63200,Maison,110.0,171000.0,1554.55,2024-10-01
La Bourboule,63047,63150,Appartement,43.0,79000.0,1837.21,2024-10-04
Clermont-Ferrand,63113,63100,Appartement,74.0,80000.0,1081.08,2024-10-16
Clermont-Ferrand,63113,63000,Appartement,78.0,135000.0,1730.77,2024-09-27
Saint-Rémy-sur-Durolle,63393,63550,Maison,85.0,108700.0,1278.82,2024-09-24
Gerzat,63164,63360,Appartement,67.0,158000.0,2358.21,2024-09-30
Châtel-Guyon,63103,63140,Appartement,50.0,88000.0,1760.0,2024-10-03
Valbeleix,63440,63610,Maison,116.0,65000.0,560.34,2024-10-17
Chabreloche,63072,63250,Maison,60.0,66280.0,1104.67,2024-09-30
Clermont-Ferrand,63113,63000,Appartement,53.0,150075.0,2831.6,2024-10-01
Chamalières,63075,63400,Appartement,24.0,34500.0,1437.5,2024-10-01
Cournon-d'Auvergne,63124,63800,Maison,151.0,270000.0,1788.08,2024-10-07
Clermont-Ferrand,63113,63000,Appartement,50.0,115000.0,2300.0,2024-10-01
Le Cendre,63069,63670,Maison,99.0,186000.0,1878.79,2024-09-27
Clermont-Ferrand,63113,63100,Appartement,77.0,131100.0,1702.6,2024-10-03
Clermont-Ferrand,63113,63100,Maison,88.0,256850.0,2918.75,2024-10-16
Clermont-Ferrand,63113,63000,Appartement,52.0,113400.0,2180.77,2024-09-27
Beaumont,63032,63110,Appartement,80.0,100000.0,1250.0,2024-10-16
Chamalières,63075,63400,Appartement,78.0,146500.0,1878.21,2024-10-16
Clermont-Ferrand,63113,63100,Appartement,48.0,97000.0,2020.83,2024-10-11
Clermont-Ferrand,63113,63000,Appartement,78.0,150000.0,1923.08,2024-10-07
Ceyrat,63070,63122,Maison,131.0,357000.0,2725.19,2024-10-16
Bouzel,63049,63910,Maison,85.0,170400.0,2004.71,2024-10-11
Chamalières,63075,63400,Appartement,89.0,254500.0,2859.55,2024-10-15
Ambert,63003,63600,Maison,95.0,209000.0,2200.0,2024-10-04
Ambert,63003,63600,Maison,85.0,252000.0,2964.71,2024-10-01
Ambert,63003,63600,Maison,85.0,252000.0,2964.71,2024-10-01
Fournols,63162,63980,Maison,27.0,37000.0,1370.37,2024-10-15
Saint-Alyre-ès-Montagne,63313,63420,Maison,139.0,47500.0,341.73,2024-10-17
Sugères,63423,63490,Maison,75.0,101650.0,1355.33,2024-10-03
Auzat-la-Combelle,63022,63570,Maison,53.0,40000.0,754.72,2024-10-07
Perrier,63275,63500,Maison,113.0,295000.0,2610.62,2024-10-09
Effiat,63143,63260,Maison,152.0,343350.0,2258.88,2024-10-15
Effiat,63143,63260,Maison,152.0,343350.0,2258.88,2024-10-15
Chalus,63074,63340,Maison,96.0,105100.0,1094.79,2024-10-09
Issoire,63178,63500,Appartement,92.0,124000.0,1347.83,2024-10-04
Le Vernet-Chaméane,63448,63580,Maison,49.0,46000.0,938.78,2024-10-08
Brassac-les-Mines,63050,63570,Maison,60.0,12000.0,200.0,2024-10-10
Issoire,63178,63500,Appartement,60.0,144050.0,2400.83,2024-10-05
Clermont-Ferrand,63113,63100,Appartement,50.0,149850.0,2997.0,2024-10-04
Clermont-Ferrand,63113,63000,Appartement,46.0,64500.0,1402.17,2024-10-17
Beaumont,63032,63110,Maison,120.0,231200.0,1926.67,2024-10-14
Veyre-Monton,63455,63960,Maison,90.0,345150.0,3835.0,2024-10-15
Veyre-Monton,63455,63960,Maison,90.0,345150.0,3835.0,2024-10-15
Issoire,63178,63500,Maison,112.0,295300.0,2636.61,2024-10-09
Mont-Dore,63236,63240,Appartement,78.0,201650.0,2585.26,2024-10-07
Saint-Nectaire,63380,63710,Maison,110.0,250000.0,2272.73,2024-10-15
Saint-Nectaire,63380,63710,Maison,110.0,250000.0,2272.73,2024-10-15
Saint-Nectaire,63380,63710,Maison,110.0,250000.0,2272.73,2024-10-15
Orcet,63262,63670,Maison,140.0,367000.0,2621.43,2024-10-15
Orcet,63262,63670,Maison,140.0,367000.0,2621.43,2024-10-15
Malauzat,63203,63200,Maison,259.0,573000.0,2212.36,2024-10-10
Malauzat,63203,63200,Maison,259.0,573000.0,2212.36,2024-10-10
Issoire,63178,63500,Appartement,46.0,129600.0,2817.39,2024-10-11
Thiers,63430,63300,Maison,74.0,62000.0,837.84,2024-09-25
Clermont-Ferrand,63113,63000,Appartement,53.0,52500.0,990.57,2024-09-27
Clermont-Ferrand,63113,63100,Appartement,69.0,148750.0,2155.8,2024-10-03
Aydat,63026,63970,Maison,62.0,170000.0,2741.94,2024-10-10
Aydat,63026,63970,Maison,62.0,170000.0,2741.94,2024-10-10
Aydat,63026,63970,Maison,62.0,170000.0,2741.94,2024-10-10
Chamalières,63075,63400,Appartement,76.0,145900.0,1919.74,2024-10-16
Vertolaye,63454,63480,Maison,144.0,45000.0,312.5,2024-09-25
Brousse,63056,63490,Maison,40.0,69000.0,1725.0,2024-09-27
Clermont-Ferrand,63113,63100,Appartement,57.0,122500.0,2149.12,2024-10-15
Manzat,63206,63410,Maison,100.0,163030.0,1630.3,2024-10-03
Manzat,63206,63410,Maison,32.0,163030.0,5094.69,2024-10-03
Saint-Flour,63343,63520,Maison,60.0,132000.0,2200.0,2024-10-01
Saint-Flour,63343,63520,Appartement,77.0,132000.0,1714.29,2024-10-01
Saint-Flour,63343,63520,Appartement,77.0,132000.0,1714.29,2024-10-01
Clermont-Ferrand,63113,63000,Appartement,153.0,128500.0,839.87,2024-10-11
Charbonnières-les-Varennes,63092,63410,Maison,70.0,104000.0,1485.71,2024-09-26
Billom,63040,63160,Maison,74.0,89580.0,1210.54,2024-10-03
Enval,63150,63530,Maison,97.0,222650.0,2295.36,2024-10-07
Saint-Georges-de-Mons,63349,63780,Maison,100.0,105000.0,1050.0,2024-10-08
Ceyrat,63070,63122,Maison,125.0,1000000.0,8000.0,2024-10-17
Ceyrat,63070,63122,Maison,125.0,1000000.0,8000.0,2024-10-17
Clermont-Ferrand,63113,63100,Appartement,30.0,110300.0,3676.67,2024-10-14
Cébazat,63063,63118,Maison,89.0,300000.0,3370.79,2024-09-30
Olloix,63259,63450,Maison,65.0,182000.0,2800.0,2024-09-27
Billom,63040,63160,Maison,91.0,170000.0,1868.13,2024-10-11
Lempdes,63193,63370,Maison,56.0,190290.0,3398.04,2024-10-14
Clermont-Ferrand,63113,63100,Appartement,75.0,94600.0,1261.33,2024-10-03
Saint-Dier-d'Auvergne,63334,63520,Maison,65.0,40000.0,615.38,2024-10-02
Lezoux,63195,63190,Maison,93.0,197000.0,2118.28,2024-09-23
Lezoux,63195,63190,Maison,93.0,197000.0,2118.28,2024-09-23
Clermont-Ferrand,63113,63000,Appartement,17.0,182000.0,10705.88,2024-10-14
Clermont-Ferrand,63113,63000,Appartement,12.0,182000.0,15166.67,2024-10-14
Clermont-Ferrand,63113,63000,Appartement,47.0,182000.0,3872.34,2024-10-14
Clermont-Ferrand,63113,63000,Maison,50.0,182000.0,3640.0,2024-10-14
Clermont-Ferrand,63113,63000,Appartement,26.0,182000.0,7000.0,2024-10-14
Clermont-Ferrand,63113,63000,Appartement,30.0,182000.0,6066.67,2024-10-14
Clermont-Ferrand,63113,63000,Appartement,23.0,182000.0,7913.04,2024-10-14
Clermont-Ferrand,63113,63000,Appartement,26.0,182000.0,7000.0,2024-10-14
Clermont-Ferrand,63113,63000,Appartement,26.0,182000.0,7000.0,2024-10-14
Clermont-Ferrand,63113,63100,Appartement,55.0,92000.0,1672.73,2024-10-02
Blanzat,63042,63112,Maison,70.0,155000.0,2214.29,2024-10-03
Mozac,63245,63200,Appartement,148.0,243150.0,1642.91,2024-09-26
Chamalières,63075,63400,Appartement,76.0,85000.0,1118.42,2024-10-16
Châtel-Guyon,63103,63140,Maison,147.0,262600.0,1786.39,2024-10-04
Maringues,63210,63350,Maison,73.0,244500.0,3349.32,2024-09-30
Pont-du-Château,63284,63430,Maison,69.0,220000.0,3188.41,2024-09-30
Pont-du-Château,63284,63430,Maison,69.0,220000.0,3188.41,2024-09-30
Gimeaux,63167,63200,Maison,64.0,136650.0,2135.16,2024-10-17
Chamalières,63075,63400,Appartement,37.0,340000.0,9189.19,2024-09-30
Chamalières,63075,63400,Appartement,94.0,340000.0,3617.02,2024-09-30
La Celle,63064,63620,Maison,68.0,26000.0,382.35,2024-10-19
Cros,63129,63810,Maison,102.0,134010.0,1313.82,2024-10-23
Saint-Ours,63381,63230,Appartement,18.0,46500.0,2583.33,2024-10-11
Clermont-Ferrand,63113,63100,Appartement,90.0,101000.0,1122.22,2024-10-18
Aydat,63026,63970,Maison,75.0,270000.0,3600.0,2024-10-18
Clermont-Ferrand,63113,63000,Appartement,22.0,52500.0,2386.36,2024-10-02
Clermont-Ferrand,63113,63000,Appartement,61.0,102000.0,1672.13,2024-10-18
Puy-Guillaume,63291,63290,Maison,65.0,80000.0,1230.77,2024-10-11
Lempdes,63193,63370,Maison,100.0,130800.0,1308.0,2024-10-17
Clermont-Ferrand,63113,63100,Appartement,44.0,103550.0,2353.41,2024-10-17
Herment,63175,63470,Maison,92.0,87400.0,950.0,2024-10-01
Besse-et-Saint-Anastaise,63038,63610,Appartement,21.0,62310.0,2967.14,2024-10-14
Riom,63300,63200,Appartement,28.0,50000.0,1785.71,2024-10-01
Le Cheix,63108,63200,Maison,130.0,236550.0,1819.62,2024-10-11
Besse-et-Saint-Anastaise,63038,63610,Appartement,25.0,103000.0,4120.0,2024-10-03
Thiers,63430,63300,Maison,72.0,100000.0,1388.89,2024-10-14
Châtel-Guyon,63103,63140,Appartement,56.0,223250.0,3986.61,2024-10-14
Châtel-Guyon,63103,63140,Appartement,44.0,223250.0,5073.86,2024-10-14
Châtel-Guyon,63103,63140,Appartement,64.0,223250.0,3488.28,2024-10-14
Châtel-Guyon,63103,63140,Appartement,60.0,223250.0,3720.83,2024-10-14
Clermont-Ferrand,63113,63000,Appartement,52.0,130000.0,2500.0,2024-10-08
Clermont-Ferrand,63113,63000,Appartement,31.0,40000.0,1290.32,2024-10-17
Clermont-Ferrand,63113,63000,Appartement,62.0,104000.0,1677.42,2024-10-24
Clermont-Ferrand,63113,63100,Appartement,65.0,230000.0,3538.46,2024-10-18
Aulnat,63019,63510,Maison,70.0,129000.0,1842.86,2024-10-04
Cournon-d'Auvergne,63124,63800,Appartement,88.0,161000.0,1829.55,2024-09-27
Ennezat,63148,63720,Maison,78.0,175500.0,2250.0,2024-10-10
Clermont-Ferrand,63113,63000,Appartement,48.0,92750.0,1932.29,2024-10-16
Blot-l'Église,63043,63440,Maison,95.0,184350.0,1940.53,2024-10-15
Blot-l'Église,63043,63440,Maison,95.0,184350.0,1940.53,2024-10-15
Châtel-Guyon,63103,63140,Maison,130.0,225400.0,1733.85,2024-10-22
Châtel-Guyon,63103,63140,Maison,130.0,225400.0,1733.85,2024-10-22
Châtel-Guyon,63103,63140,Maison,130.0,225400.0,1733.85,2024-10-22
Clermont-Ferrand,63113,63000,Appartement,33.0,108830.0,3297.88,2024-10-21
Cébazat,63063,63118,Maison,145.0,503400.0,3471.72,2024-10-18
Clermont-Ferrand,63113,63000,Appartement,66.0,114000.0,1727.27,2024-10-08
Riom,63300,63200,Maison,100.0,128900.0,1289.0,2024-10-09
Chamalières,63075,63400,Appartement,82.0,239300.0,2918.29,2024-10-02
Châtel-Guyon,63103,63140,Maison,113.0,215000.0,1902.65,2024-05-24
Chidrac,63109,63320,Maison,82.0,134900.0,1645.12,2024-10-25
Billom,63040,63160,Maison,50.0,6500.0,130.0,2024-10-23
Clermont-Ferrand,63113,63100,Appartement,89.0,85260.0,957.98,2024-10-02
Clermont-Ferrand,63113,63100,Appartement,90.0,166500.0,1850.0,2024-09-30
Dore-l'Église,63139,63220,Maison,62.0,35000.0,564.52,2024-10-23
Châteaugay,63099,63119,Maison,128.0,318250.0,2486.33,2024-10-01
Royat,63308,63130,Maison,40.0,63000.0,1575.0,2024-10-17
Chamalières,63075,63400,Appartement,24.0,220000.0,9166.67,2024-10-18
Chamalières,63075,63400,Maison,76.0,220000.0,2894.74,2024-10-18
Chamalières,63075,63400,Appartement,32.0,220000.0,6875.0,2024-10-18
Chamalières,63075,63400,Appartement,32.0,220000.0,6875.0,2024-10-18
Gerzat,63164,63360,Appartement,58.0,87000.0,1500.0,2024-10-03
Clermont-Ferrand,63113,63000,Appartement,68.0,100000.0,1470.59,2024-10-18
Lempty,63194,63190,Maison,72.0,40000.0,555.56,2024-10-16
Clermont-Ferrand,63113,63100,Maison,170.0,619910.0,3646.53,2024-10-11
Messeix,63225,63750,Maison,180.0,45000.0,250.0,2024-10-10
Messeix,63225,63750,Maison,180.0,45000.0,250.0,2024-10-10
Volvic,63470,63530,Maison,106.0,324350.0,3059.91,2024-10-02
Cébazat,63063,63118,Maison,90.0,187600.0,2084.44,2024-10-15
Clermont-Ferrand,63113,63100,Appartement,46.0,80000.0,1739.13,2024-10-08
Marsat,63212,63200,Maison,120.0,375850.0,3132.08,2024-10-16
Saint-Bonnet-près-Riom,63327,63200,Maison,114.0,228000.0,2000.0,2024-10-18
Clermont-Ferrand,63113,63100,Appartement,17.0,96000.0,5647.06,2024-10-22
Clermont-Ferrand,63113,63100,Appartement,33.0,96000.0,2909.09,2024-10-22
Olby,63257,63210,Maison,99.0,229100.0,2314.14,2024-10-14
Chamalières,63075,63400,Appartement,67.0,145250.0,2167.91,2024-10-18
Clermont-Ferrand,63113,63000,Appartement,75.0,347500.0,4633.33,2024-10-16
Pouzol,63286,63440,Maison,45.0,310000.0,6888.89,2024-10-10
Pouzol,63286,63440,Maison,158.0,310000.0,1962.03,2024-10-10
Sardon,63406,63260,Maison,70.0,90000.0,1285.71,2024-10-08
Sardon,63406,63260,Maison,70.0,90000.0,1285.71,2024-10-08
Aigueperse,63001,63260,Maison,72.0,175200.0,2433.33,2024-10-10
Clermont-Ferrand,63113,63000,Appartement,89.0,132500.0,1488.76,2024-10-11
Besse-et-Saint-Anastaise,63038,63610,Appartement,28.0,80000.0,2857.14,2024-10-22
Doranges,63137,63220,Maison,120.0,475000.0,3958.33,2024-10-18
Esteil,63156,63570,Maison,45.0,35800.0,795.56,2024-10-16
Olloix,63259,63450,Maison,95.0,155800.0,1640.0,2024-10-10
Clermont-Ferrand,63113,63000,Appartement,56.0,99000.0,1767.86,2024-10-07
Lezoux,63195,63190,Appartement,55.0,120000.0,2181.82,2024-10-04
Lezoux,63195,63190,Appartement,55.0,120000.0,2181.82,2024-10-04
Clermont-Ferrand,63113,63100,Maison,92.0,169082.0,1837.85,2024-10-09
Chastreix,63098,63680,Appartement,32.0,66149.0,2067.16,2024-10-22
Clermont-Ferrand,63113,63000,Appartement,19.0,498000.0,26210.53,2024-10-08
Clermont-Ferrand,63113,63000,Appartement,34.0,498000.0,14647.06,2024-10-08
Clermont-Ferrand,63113,63000,Appartement,19.0,498000.0,26210.53,2024-10-08
Clermont-Ferrand,63113,63000,Appartement,111.0,498000.0,4486.49,2024-10-08
Clermont-Ferrand,63113,63000,Appartement,19.0,498000.0,26210.53,2024-10-08
Clermont-Ferrand,63113,63000,Appartement,19.0,498000.0,26210.53,2024-10-08
Chamalières,63075,63400,Appartement,40.0,79100.0,1977.5,2024-10-18
Clermont-Ferrand,63113,63000,Appartement,41.0,137500.0,3353.66,2024-10-09
Neuville,63252,63160,Maison,69.0,29000.0,420.29,2024-10-15
Neuville,63252,63160,Maison,35.0,29000.0,828.57,2024-10-15
La Chaulme,63104,63660,Maison,60.0,56000.0,933.33,2024-10-01
Clermont-Ferrand,63113,63100,Appartement,66.0,266000.0,4030.3,2024-10-24
Medeyrolles,63221,63220,Maison,70.0,249000.0,3557.14,2024-10-03
Medeyrolles,63221,63220,Maison,50.0,249000.0,4980.0,2024-10-03
Chamalières,63075,63400,Appartement,67.0,158850.0,2370.9,2024-10-04
Beaumont,63032,63110,Appartement,31.0,75000.0,2419.35,2024-10-10
Bort-l'Étang,63045,63190,Maison,80.0,110300.0,1378.75,2024-10-14
Rochefort-Montagne,63305,63210,Maison,125.0,195000.0,1560.0,2024-10-19
Nohanent,63254,63830,Maison,134.0,310000.0,2313.43,2024-10-07
Clermont-Ferrand,63113,63000,Appartement,81.0,198000.0,2444.44,2024-10-09
Clermont-Ferrand,63113,63000,Appartement,63.0,72000.0,1142.86,2024-10-09
Saint-Quentin-sur-Sauxillanges,63389,63490,Maison,88.0,71000.0,806.82,2024-10-24
Issoire,63178,63500,Appartement,60.0,100000.0,1666.67,2024-10-08
Jumeaux,63182,63570,Maison,80.0,52500.0,656.25,2024-10-09
Bromont-Lamothe,63055,63230,Maison,15.0,20000.0,1333.33,2024-10-15
Isserteaux,63177,63270,Maison,48.0,93700.0,1952.08,2024-10-11
Thiers,63430,63300,Maison,115.0,276400.0,2403.48,2024-10-29
Cournon-d'Auvergne,63124,63800,Appartement,68.0,146000.0,2147.06,2024-10-24
Saint-Maurice,63378,63270,Maison,64.0,189400.0,2959.38,2024-10-18
Clermont-Ferrand,63113,63000,Appartement,96.0,307125.0,3199.22,2024-10-09
Saint-Yvoine,63404,63500,Maison,92.0,190600.0,2071.74,2024-10-24
Chamalières,63075,63400,Appartement,46.0,123000.0,2673.91,2024-10-22
Orcet,63262,63670,Maison,58.0,105000.0,1810.34,2024-10-17
Pont-du-Château,63284,63430,Maison,63.0,35000.0,555.56,2024-10-21
Cournon-d'Auvergne,63124,63800,Maison,85.0,155000.0,1823.53,2024-10-23
Clermont-Ferrand,63113,63000,Appartement,90.0,699820.0,7775.78,2024-10-14
Clermont-Ferrand,63113,63000,Appartement,90.0,699820.0,7775.78,2024-10-14
Cournon-d'Auvergne,63124,63800,Maison,77.0,207000.0,2688.31,2024-10-21
Thiers,63430,63300,Appartement,95.0,52000.0,547.37,2024-10-16
Thiers,63430,63300,Appartement,95.0,52000.0,547.37,2024-10-16
Thiers,63430,63300,Appartement,95.0,52000.0,547.37,2024-10-16
Veyre-Monton,63455,63960,Maison,42.0,132000.0,3142.86,2024-10-23
Saint-Sauves-d'Auvergne,63397,63950,Maison,81.0,50000.0,617.28,2024-10-07
Chamalières,63075,63400,Appartement,61.0,396700.0,6503.28,2024-10-17
Chamalières,63075,63400,Appartement,49.0,396700.0,8095.92,2024-10-17
Aulnat,63019,63510,Maison,88.0,169953.0,1931.28,2024-10-11
Clermont-Ferrand,63113,63000,Appartement,44.0,52250.0,1187.5,2024-10-11
Thiers,63430,63300,Maison,112.0,40000.0,357.14,2024-10-25
Thiers,63430,63300,Maison,112.0,40000.0,357.14,2024-10-25
Thiers,63430,63300,Appartement,73.0,14000.0,191.78,2024-10-14
Valz-sous-Châteauneuf,63442,63580,Maison,68.0,94100.0,1383.82,2024-10-04
Enval,63150,63530,Maison,23.0,25000.0,1086.96,2024-10-10
Enval,63150,63530,Maison,100.0,25000.0,250.0,2024-10-10
Clermont-Ferrand,63113,63000,Appartement,40.0,133140.0,3328.5,2024-10-09
Enval,63150,63530,Maison,23.0,25000.0,1086.96,2024-10-10
Enval,63150,63530,Maison,100.0,25000.0,250.0,2024-10-10
Thiers,63430,63300,Appartement,170.0,222500.0,1308.82,2024-10-25
Thiers,63430,63300,Appartement,204.0,222500.0,1090.69,2024-10-25
Ardes,63009,63420,Maison,131.0,29000.0,221.37,2024-10-15
Clermont-Ferrand,63113,63000,Appartement,84.0,280800.0,3342.86,2024-10-25
Beaumont,63032,63110,Appartement,67.0,131500.0,1962.69,2024-10-28
Clermont-Ferrand,63113,63000,Appartement,38.0,88400.0,2326.32,2024-10-24
Nonette-Orsonnette,63255,63340,Maison,210.0,267900.0,1275.71,2024-10-22
Clermont-Ferrand,63113,63000,Appartement,54.0,66800.0,1237.04,2024-10-28
Saint-Gervais-sous-Meymont,63355,63880,Maison,153.0,234200.0,1530.72,2024-10-24
Saint-Pierre-la-Bourlhonne,63384,63480,Maison,102.0,115000.0,1127.45,2024-10-26
Champeix,63080,63320,Maison,60.0,44000.0,733.33,2024-10-28
Clermont-Ferrand,63113,63000,Appartement,43.0,142500.0,3313.95,2024-10-14
Clermont-Ferrand,63113,63000,Appartement,37.0,142500.0,3851.35,2024-10-14
Clermont-Ferrand,63113,63000,Appartement,48.0,142500.0,2968.75,2024-10-14
Clermont-Ferrand,63113,63000,Appartement,60.0,142500.0,2375.0,2024-10-14
Clermont-Ferrand,63113,63000,Appartement,43.0,142500.0,3313.95,2024-10-14
Le Monestier,63230,63890,Maison,75.0,131000.0,1746.67,2024-10-07
Le Monestier,63230,63890,Maison,75.0,131000.0,1746.67,2024-10-07
Clermont-Ferrand,63113,63000,Appartement,67.0,122850.0,1833.58,2024-10-23
Saint-Bonnet-lès-Allier,63325,63800,Maison,160.0,465000.0,2906.25,2024-10-18
Saint-Bonnet-lès-Allier,63325,63800,Maison,160.0,465000.0,2906.25,2024-10-18
Vertolaye,63454,63480,Maison,53.0,69580.0,1312.83,2024-10-14
Clermont-Ferrand,63113,63000,Appartement,19.0,58500.0,3078.95,2024-10-17
Issoire,63178,63500,Maison,88.0,43350.0,492.61,2024-10-17
Châtel-Guyon,63103,63140,Appartement,17.0,175200.0,10305.88,2024-10-03
Saint-Alyre-d'Arlanc,63312,63220,Maison,100.0,55000.0,550.0,2024-10-02
Égliseneuve-d'Entraigues,63144,63850,Maison,34.0,30000.0,882.35,2024-10-21
Les Martres-d'Artière,63213,63430,Maison,74.0,120000.0,1621.62,2024-10-05
Pont-du-Château,63284,63430,Maison,74.0,149300.0,2017.57,2024-10-22
Riom,63300,63200,Maison,212.0,135000.0,636.79,2024-10-23
Picherande,63279,63113,Maison,90.0,80000.0,888.89,2024-10-21
Clermont-Ferrand,63113,63000,Appartement,33.0,65000.0,1969.7,2024-10-22
Gerzat,63164,63360,Appartement,79.0,180000.0,2278.48,2024-10-11
Clermont-Ferrand,63113,63100,Appartement,64.0,113527.0,1773.86,2024-10-11
Chadeleuf,63073,63320,Maison,350.0,46095.83,131.7,2024-10-03
Saint-Bonnet-le-Bourg,63323,63630,Maison,74.0,56315.0,761.01,2024-10-29
Clermont-Ferrand,63113,63100,Appartement,71.0,62000.0,873.24,2024-10-11
Clermont-Ferrand,63113,63000,Appartement,82.0,167500.0,2042.68,2024-10-14
Clermont-Ferrand,63113,63000,Appartement,55.0,147000.0,2672.73,2024-10-24
Le Monestier,63230,63890,Maison,75.0,241800.0,3224.0,2024-10-18
Billom,63040,63160,Maison,94.0,150000.0,1595.74,2024-10-04
Billom,63040,63160,Maison,94.0,150000.0,1595.74,2024-10-04
Clermont-Ferrand,63113,63100,Appartement,58.0,133000.0,2293.1,2024-10-12
Clermont-Ferrand,63113,63000,Appartement,53.0,120400.0,2271.7,2024-10-23
Saint-Gervais-d'Auvergne,63354,63390,Maison,40.0,35000.0,875.0,2024-10-15
Clermont-Ferrand,63113,63000,Appartement,53.0,200000.0,3773.58,2024-10-23
Cisternes-la-Forêt,63110,63740,Maison,146.0,224900.0,1540.41,2024-10-08
Dorat,63138,63300,Maison,101.0,185200.0,1833.66,2024-09-30
Dorat,63138,63300,Maison,101.0,185200.0,1833.66,2024-09-30
Dorat,63138,63300,Maison,101.0,185200.0,1833.66,2024-09-30
Saint-Amant-Roche-Savine,63314,63890,Maison,125.0,173800.0,1390.4,2024-10-23
Saint-Amant-Roche-Savine,63314,63890,Maison,125.0,173800.0,1390.4,2024-10-23
Marat,63207,63480,Maison,58.0,30000.0,517.24,2024-10-16
Neschers,63250,63320,Maison,75.0,30000.0,400.0,2024-10-15
Neschers,63250,63320,Maison,75.0,30000.0,400.0,2024-10-15
Clermont-Ferrand,63113,63100,Maison,63.0,155000.0,2460.32,2024-10-16
Courgoul,63122,63320,Maison,100.0,55000.0,550.0,2024-10-16
Cournon-d'Auvergne,63124,63800,Appartement,83.0,153425.0,1848.49,2024-10-29
Clermont-Ferrand,63113,63000,Appartement,42.0,75000.0,1785.71,2024-10-15
Clermont-Ferrand,63113,63000,Appartement,18.0,66700.0,3705.56,2024-10-29
Cébazat,63063,63118,Maison,80.0,297550.0,3719.38,2024-10-23
Royat,63308,63130,Appartement,45.0,73700.0,1637.78,2024-10-21
Sauviat,63414,63120,Maison,94.0,70000.0,744.68,2024-10-17
Romagnat,63307,63540,Maison,104.0,202000.0,1942.31,2024-10-21
Orcet,63262,63670,Maison,132.0,253000.0,1916.67,2024-10-18
Champeix,63080,63320,Maison,150.0,265920.0,1772.8,2024-10-31
Tallende,63425,63450,Maison,125.0,60000.0,480.0,2024-10-25
Châtel-Guyon,63103,63140,Appartement,49.0,106885.0,2181.33,2024-10-24
Pouzol,63286,63440,Maison,94.0,163300.0,1737.23,2024-10-14
Pouzol,63286,63440,Maison,94.0,163300.0,1737.23,2024-10-14
Clermont-Ferrand,63113,63000,Appartement,46.0,97500.0,2119.57,2024-10-26
Saint-Hilaire,63360,63330,Maison,60.0,56000.0,933.33,2024-10-10
Saint-Hilaire,63360,63330,Maison,60.0,56000.0,933.33,2024-10-10
Mont-Dore,63236,63240,Maison,29.0,103000.0,3551.72,2024-10-18
Gerzat,63164,63360,Appartement,70.0,150016.25,2143.09,2024-10-22
Beauregard-Vendon,63035,63460,Maison,118.0,203390.0,1723.64,2024-10-25
Beauregard-Vendon,63035,63460,Maison,80.0,203390.0,2542.38,2024-10-25
Blot-l'Église,63043,63440,Maison,90.0,240000.0,2666.67,2024-10-01
Chamalières,63075,63400,Appartement,49.0,65000.0,1326.53,2024-10-03
Anzat-le-Luguet,63006,63420,Maison,116.0,80000.0,689.66,2024-10-31
Saint-Just,63371,63600,Maison,92.0,74000.0,804.35,2024-10-25
Pérignat-lès-Sarliève,63272,63170,Maison,72.0,100000.0,1388.89,2024-10-14
Vollore-Ville,63469,63120,Maison,216.0,212000.0,981.48,2024-10-25
Thiers,63430,63300,Maison,100.0,180500.0,1805.0,2024-10-11
Celles-sur-Durolle,63066,63250,Maison,51.0,78000.0,1529.41,2024-10-18
Clermont-Ferrand,63113,63000,Appartement,18.0,45000.0,2500.0,2024-10-29
Clermont-Ferrand,63113,63000,Maison,153.0,576000.0,3764.71,2024-10-24
Bouzel,63049,63910,Maison,111.0,310200.0,2794.59,2024-10-29
Bouzel,63049,63910,Maison,111.0,310200.0,2794.59,2024-10-29
Pont-du-Château,63284,63430,Appartement,70.0,151250.0,2160.71,2024-10-28
Saint-Alyre-ès-Montagne,63313,63420,Maison,35.0,40000.0,1142.86,2024-10-07
Clermont-Ferrand,63113,63000,Appartement,48.0,185000.0,3854.17,2024-10-23
Clermont-Ferrand,63113,63000,Appartement,48.0,185000.0,3854.17,2024-10-23
Charbonnières-les-Vieilles,63093,63410,Maison,60.0,150250.0,2504.17,2024-10-15
Clermont-Ferrand,63113,63000,Maison,86.0,380000.0,4418.6,2024-10-30
Thuret,63432,63260,Maison,98.0,92500.0,943.88,2024-10-15
Randan,63295,63310,Maison,72.0,124650.0,1731.25,2024-10-17
Yronde-et-Buron,63472,63270,Maison,85.0,75700.0,890.59,2024-10-15
Clermont-Ferrand,63113,63000,Appartement,21.0,67600.0,3219.05,2024-10-29
Clermont-Ferrand,63113,63100,Appartement,68.0,101000.0,1485.29,2024-10-22
Chamalières,63075,63400,Maison,54.0,309100.0,5724.07,2024-10-28
Chamalières,63075,63400,Appartement,33.0,75000.0,2272.73,2024-10-22
Lempdes,63193,63370,Maison,120.0,341000.0,2841.67,2024-10-25
Bussières-et-Pruns,63061,63260,Maison,84.0,68000.0,809.52,2024-10-15
Clermont-Ferrand,63113,63000,Appartement,75.0,143550.0,1914.0,2024-10-28
Aubière,63014,63170,Maison,27.0,67000.0,2481.48,2024-10-31
Pont-du-Château,63284,63430,Maison,82.0,145000.0,1768.29,2024-10-28
Mont-Dore,63236,63240,Appartement,34.0,107000.0,3147.06,2024-10-21
Issoire,63178,63500,Appartement,113.0,142800.0,1263.72,2024-10-11
Châteldon,63102,63290,Maison,88.0,138000.0,1568.18,2024-10-28
Vertaizon,63453,63910,Maison,149.0,298000.0,2000.0,2024-10-28
Job,63179,63990,Maison,117.0,105000.0,897.44,2024-10-10
Cournon-d'Auvergne,63124,63800,Maison,101.0,265250.0,2626.24,2024-10-14
Clermont-Ferrand,63113,63100,Maison,60.0,61440.0,1024.0,2024-10-17
Beaumont,63032,63110,Maison,102.0,300000.0,2941.18,2024-10-16
Clermont-Ferrand,63113,63000,Appartement,20.0,61000.0,3050.0,2024-10-24
Jozerand,63181,63460,Maison,116.0,227450.0,1960.78,2024-10-18
Gerzat,63164,63360,Maison,60.0,110200.0,1836.67,2024-10-10
Clermont-Ferrand,63113,63000,Appartement,86.0,229500.0,2668.6,2024-10-15
Sayat,63417,63530,Maison,127.0,400540.0,3153.86,2024-10-16
Riom,63300,63200,Maison,91.0,180000.0,1978.02,2024-10-24
Clermont-Ferrand,63113,63100,Appartement,42.0,85850.0,2044.05,2024-10-21
Arlanc,63010,63220,Maison,105.0,140500.0,1338.1,2024-10-18
Cunlhat,63132,63590,Maison,48.0,30000.0,625.0,2024-10-15
Issoire,63178,63500,Appartement,28.0,113000.0,4035.71,2024-10-29
Issoire,63178,63500,Appartement,80.0,113000.0,1412.5,2024-10-29
Vertolaye,63454,63480,Maison,170.0,86000.0,505.88,2024-10-18
Cournon-d'Auvergne,63124,63800,Appartement,77.0,120439.0,1564.14,2024-10-17
Clermont-Ferrand,63113,63000,Appartement,81.0,200000.0,2469.14,2024-10-21
Clermont-Ferrand,63113,63000,Appartement,38.0,200000.0,5263.16,2024-10-21
Clermont-Ferrand,63113,63000,Appartement,81.0,200000.0,2469.14,2024-10-21
Clermont-Ferrand,63113,63100,Appartement,83.0,133000.0,1602.41,2024-10-25
Gerzat,63164,63360,Appartement,83.0,194750.0,2346.39,2024-10-15
Aigueperse,63001,63260,Maison,112.0,111681.09,997.15,2024-10-08
Besse-et-Saint-Anastaise,63038,63610,Appartement,47.0,119040.0,2532.77,2024-10-15
Aubiat,63013,63260,Maison,95.0,251925.0,2651.84,2024-10-17
Aubiat,63013,63260,Maison,95.0,251925.0,2651.84,2024-10-17
Riom,63300,63200,Appartement,64.0,72500.0,1132.81,2024-10-16
Clermont-Ferrand,63113,63000,Appartement,82.0,150000.0,1829.27,2024-10-10
Pontaumur,63283,63380,Maison,107.0,138300.0,1292.52,2024-10-30
Pontaumur,63283,63380,Maison,107.0,138300.0,1292.52,2024-10-30
Chamalières,63075,63400,Maison,113.0,332972.0,2946.65,2024-10-30
Cébazat,63063,63118,Maison,94.0,217000.0,2308.51,2024-10-28
Maringues,63210,63350,Maison,120.0,61750.0,514.58,2024-10-22
Châtel-Guyon,63103,63140,Maison,99.0,327000.0,3303.03,2024-10-31
Cournon-d'Auvergne,63124,63800,Maison,201.0,332050.0,1651.99,2024-10-15
Riom,63300,63200,Appartement,162.0,285000.0,1759.26,2024-10-11
Romagnat,63307,63540,Maison,100.0,330000.0,3300.0,2024-10-31
Romagnat,63307,63540,Maison,100.0,330000.0,3300.0,2024-10-31
Clermont-Ferrand,63113,63000,Appartement,68.0,96000.0,1411.76,2024-10-24
Clermont-Ferrand,63113,63000,Appartement,60.0,121720.0,2028.67,2024-10-29
Clermont-Ferrand,63113,63100,Maison,96.0,193000.0,2010.42,2024-10-25
Ceyrat,63070,63122,Maison,108.0,210200.0,1946.3,2024-11-04
Issoire,63178,63500,Maison,86.0,217800.0,2532.56,2024-10-19
Clermont-Ferrand,63113,63000,Appartement,65.0,119200.0,1833.85,2024-10-17
Culhat,63131,63350,Maison,88.0,130000.0,1477.27,2024-10-11
Culhat,63131,63350,Maison,88.0,130000.0,1477.27,2024-10-11
Clermont-Ferrand,63113,63000,Appartement,78.0,185000.0,2371.79,2024-10-24
Mozac,63245,63200,Maison,89.0,262000.0,2943.82,2024-10-28
Mozac,63245,63200,Maison,89.0,262000.0,2943.82,2024-10-28
Clermont-Ferrand,63113,63100,Appartement,106.0,125500.0,1183.96,2024-10-22
Malintrat,63204,63510,Maison,139.0,279800.0,2012.95,2024-10-23
Riom,63300,63200,Appartement,64.0,173450.0,2710.16,2024-10-28
Clermont-Ferrand,63113,63000,Appartement,48.0,100900.0,2102.08,2024-10-24
Mozac,63245,63200,Maison,66.0,225500.0,3416.67,2024-10-29
Clermont-Ferrand,63113,63100,Appartement,39.0,86000.0,2205.13,2024-10-25
Clermont-Ferrand,63113,63000,Appartement,19.0,34382.85,1809.62,2024-10-25
Vertaizon,63453,63910,Maison,150.0,347800.0,2318.67,2024-10-28
Clermont-Ferrand,63113,63000,Appartement,18.0,47500.0,2638.89,2024-10-29
Pont-du-Château,63284,63430,Maison,152.0,283000.0,1861.84,2024-10-22
Ludesse,63199,63320,Maison,115.0,110000.0,956.52,2024-10-30
Pont-du-Château,63284,63430,Maison,153.0,357800.0,2338.56,2024-10-23
Mirefleurs,63227,63730,Maison,45.0,80000.0,1777.78,2024-10-28
Clermont-Ferrand,63113,63100,Maison,80.0,120050.0,1500.62,2024-10-28
Aurières,63020,63210,Maison,140.0,328120.0,2343.71,2024-10-31
Aurières,63020,63210,Maison,140.0,328120.0,2343.71,2024-10-31
Clermont-Ferrand,63113,63100,Appartement,59.0,76000.0,1288.14,2024-11-04
Clermont-Ferrand,63113,63000,Appartement,120.0,192000.0,1600.0,2024-10-22
Durtol,63141,63830,Maison,90.0,119338.0,1325.98,2024-10-28
Durtol,63141,63830,Maison,90.0,119338.0,1325.98,2024-10-28
Durtol,63141,63830,Maison,90.0,119338.0,1325.98,2024-10-28
Ambert,63003,63600,Maison,190.0,247300.0,1301.58,2024-10-22
Ambert,63003,63600,Maison,190.0,247300.0,1301.58,2024-10-22
Royat,63308,63130,Maison,104.0,441700.0,4247.12,2024-10-25
Mozac,63245,63200,Maison,93.0,327300.0,3519.35,2024-10-17
Vic-le-Comte,63457,63270,Maison,64.0,149700.0,2339.06,2024-10-25
Riom,63300,63200,Maison,90.0,210100.0,2334.44,2024-10-15
Saint-Agoulin,63311,63260,Appartement,70.0,111000.0,1585.71,2024-10-24
Saint-Agoulin,63311,63260,Appartement,64.0,111000.0,1734.38,2024-10-24
Beauregard-Vendon,63035,63460,Maison,45.0,145000.0,3222.22,2024-10-17
Clermont-Ferrand,63113,63000,Appartement,93.0,276000.0,2967.74,2024-10-18
Clermont-Ferrand,63113,63100,Appartement,88.0,315000.0,3579.55,2024-10-21
Pont-du-Château,63284,63430,Maison,102.0,297000.0,2911.76,2024-10-21
Perrier,63275,63500,Maison,89.0,150000.0,1685.39,2024-10-31
Perrier,63275,63500,Maison,89.0,150000.0,1685.39,2024-10-31
Saint-Denis-Combarnazat,63333,63310,Maison,140.0,168800.0,1205.71,2024-10-11
Chamalières,63075,63400,Appartement,88.0,187835.0,2134.49,2024-10-18
Auzelles,63023,63590,Maison,80.0,69500.0,868.75,2024-10-14
Saint-Floret,63342,63320,Maison,56.0,83320.0,1487.86,2024-10-19
Saint-Floret,63342,63320,Maison,56.0,83320.0,1487.86,2024-10-19
Besse-et-Saint-Anastaise,63038,63610,Appartement,25.0,73990.0,2959.6,2024-10-31
Gerzat,63164,63360,Appartement,45.0,80000.0,1777.78,2024-10-18
Royat,63308,63130,Appartement,33.0,54500.0,1651.52,2024-10-18
Clermont-Ferrand,63113,63100,Maison,75.0,172000.0,2293.33,2024-10-16
Chamalières,63075,63400,Appartement,55.0,110000.0,2000.0,2024-10-30
La Sauvetat,63413,63730,Maison,212.0,324900.0,1532.55,2024-10-18
Manzat,63206,63410,Maison,78.0,126000.0,1615.38,2024-10-16
Manzat,63206,63410,Maison,78.0,126000.0,1615.38,2024-10-16
Chambon-sur-Lac,63077,63790,Maison,88.0,82800.0,940.91,2024-10-15
Chamalières,63075,63400,Appartement,27.0,76820.0,2845.19,2024-10-11
Saint-Priest-des-Champs,63388,63640,Maison,139.0,245710.0,1767.7,2024-10-18
Saint-Priest-des-Champs,63388,63640,Maison,139.0,245710.0,1767.7,2024-10-18
Saint-Anthème,63319,63660,Appartement,80.0,50000.0,625.0,2024-10-30
Saint-Anthème,63319,63660,Appartement,30.0,50000.0,1666.67,2024-10-30
Perrier,63275,63500,Maison,110.0,215000.0,1954.55,2024-10-19
Perrier,63275,63500,Maison,110.0,215000.0,1954.55,2024-10-19
Clermont-Ferrand,63113,63000,Appartement,77.0,226300.0,2938.96,2024-10-25
Marsac-en-Livradois,63211,63940,Maison,94.0,176850.0,1881.38,2024-10-25
Clermont-Ferrand,63113,63100,Maison,80.0,284000.0,3550.0,2024-10-25
Viscomtat,63463,63250,Maison,120.0,40000.0,333.33,2024-10-24
Chamalières,63075,63400,Appartement,16.0,46000.0,2875.0,2024-10-29
Ris,63301,63290,Maison,93.0,120000.0,1290.32,2024-10-28
Ris,63301,63290,Maison,93.0,120000.0,1290.32,2024-10-28
Saint-Dier-d'Auvergne,63334,63520,Maison,55.0,115960.0,2108.36,2024-10-31
Thiers,63430,63300,Maison,93.0,156572.0,1683.57,2024-10-29
Thiers,63430,63300,Maison,93.0,156572.0,1683.57,2024-10-29
Cournon-d'Auvergne,63124,63800,Appartement,48.0,91000.0,1895.83,2024-10-30
Lezoux,63195,63190,Maison,110.0,257000.0,2336.36,2024-10-29
Issoire,63178,63500,Appartement,67.0,121000.0,1805.97,2024-10-24
Issoire,63178,63500,Maison,75.0,120000.0,1600.0,2024-10-24
Beaumont,63032,63110,Appartement,31.0,70500.0,2274.19,2024-10-16
Saint-Germain-Lembron,63352,63340,Maison,203.0,178800.0,880.79,2024-10-16
Saint-Saturnin,63396,63450,Maison,80.0,348000.0,4350.0,2024-11-05
Auzat-la-Combelle,63022,63570,Maison,62.0,124600.0,2009.68,2024-10-22
Bergonne,63036,63500,Maison,230.0,665000.0,2891.3,2024-10-22
Bergonne,63036,63500,Maison,140.0,665000.0,4750.0,2024-10-22
Le Cendre,63069,63670,Maison,88.0,235950.0,2681.25,2024-10-28
Clermont-Ferrand,63113,63000,Appartement,78.0,190500.0,2442.31,2024-10-18
Saint-Rémy-sur-Durolle,63393,63550,Maison,100.0,53598.0,535.98,2024-10-29
Clermont-Ferrand,63113,63100,Appartement,67.0,106000.0,1582.09,2024-10-18
Clermont-Ferrand,63113,63000,Appartement,40.0,115000.0,2875.0,2024-10-29
Aubière,63014,63170,Appartement,20.0,50000.0,2500.0,2024-10-22
Chappes,63089,63720,Maison,83.0,110000.0,1325.3,2024-10-16
Le Breuil-sur-Couze,63052,63340,Maison,35.0,32000.0,914.29,2024-10-09
Chanonat,63084,63450,Maison,64.0,132850.0,2075.78,2024-10-17
Orléat,63265,63190,Maison,100.0,190000.0,1900.0,2024-10-31
Gerzat,63164,63360,Appartement,43.0,82410.0,1916.51,2024-10-24
Malintrat,63204,63510,Maison,70.0,162095.0,2315.64,2024-10-25
Clermont-Ferrand,63113,63000,Appartement,70.0,80000.0,1142.86,2024-10-25
Issoire,63178,63500,Maison,88.0,170000.0,1931.82,2024-10-24
Thiers,63430,63300,Appartement,106.0,45000.0,424.53,2024-10-28
Thiers,63430,63300,Appartement,59.0,45000.0,762.71,2024-10-28
Thiers,63430,63300,Appartement,100.0,45000.0,450.0,2024-10-28
Thiers,63430,63300,Appartement,59.0,45000.0,762.71,2024-10-28
Thiers,63430,63300,Appartement,100.0,45000.0,450.0,2024-10-28
Thiers,63430,63300,Appartement,106.0,45000.0,424.53,2024-10-28
Riom,63300,63200,Appartement,250.0,284500.0,1138.0,2024-10-28
Riom,63300,63200,Maison,110.0,346800.0,3152.73,2024-10-18
Clermont-Ferrand,63113,63000,Appartement,29.0,72200.0,2489.66,2024-10-24
Clermont-Ferrand,63113,63000,Appartement,37.0,85000.0,2297.3,2024-10-17
Châtel-Guyon,63103,63140,Appartement,36.0,80000.0,2222.22,2024-10-16
Clermont-Ferrand,63113,63000,Appartement,19.0,100350.0,5281.58,2024-10-31
Clermont-Ferrand,63113,63000,Appartement,17.0,100350.0,5902.94,2024-10-31
Clermont-Ferrand,63113,63000,Appartement,18.0,100350.0,5575.0,2024-10-31
Clermont-Ferrand,63113,63000,Appartement,57.0,60000.0,1052.63,2024-10-28
Sauvagnat-Sainte-Marthe,63411,63500,Maison,160.0,158440.0,990.25,2024-10-26
Clermont-Ferrand,63113,63000,Appartement,78.0,110000.0,1410.26,2024-10-16
Issoire,63178,63500,Maison,93.0,160000.0,1720.43,2024-10-23
Charbonnier-les-Mines,63091,63340,Maison,115.0,226100.0,1966.09,2024-10-24
Charbonnier-les-Mines,63091,63340,Maison,115.0,226100.0,1966.09,2024-10-24
Seychalles,63420,63190,Maison,150.0,190000.0,1266.67,2024-10-30
Clermont-Ferrand,63113,63100,Appartement,77.0,86666.0,1125.53,2024-10-31
Saint-Germain-l'Herm,63353,63630,Maison,54.0,85100.0,1575.93,2024-10-23
Saint-Rémy-de-Chargnat,63392,63500,Maison,88.0,219900.0,2498.86,2024-10-15
Clermont-Ferrand,63113,63000,Appartement,68.0,140000.0,2058.82,2024-10-22
Clermont-Ferrand,63113,63000,Appartement,47.0,414000.0,8808.51,2024-11-04
Clermont-Ferrand,63113,63000,Appartement,46.0,414000.0,9000.0,2024-11-04
Clermont-Ferrand,63113,63000,Appartement,45.0,414000.0,9200.0,2024-11-04
Clermont-Ferrand,63113,63000,Appartement,44.0,414000.0,9409.09,2024-11-04
Escoutoux,63151,63300,Maison,130.0,110000.0,846.15,2024-11-04
Cournon-d'Auvergne,63124,63800,Appartement,41.0,110000.0,2682.93,2024-10-11
Clermont-Ferrand,63113,63000,Appartement,19.0,64900.0,3415.79,2024-10-25
Le Cendre,63069,63670,Appartement,121.0,260000.0,2148.76,2024-10-18
Le Cendre,63069,63670,Appartement,83.0,260000.0,3132.53,2024-10-18
Perrier,63275,63500,Maison,100.0,231000.0,2310.0,2024-11-02
Clermont-Ferrand,63113,63100,Maison,149.0,305800.0,2052.35,2024-10-22
Chamalières,63075,63400,Maison,181.0,500000.0,2762.43,2024-10-24
Chadeleuf,63073,63320,Maison,97.0,80000.0,824.74,2024-10-23
Saint-Georges-de-Mons,63349,63780,Maison,83.0,112000.0,1349.4,2024-10-24
Saint-Georges-de-Mons,63349,63780,Maison,99.0,112000.0,1131.31,2024-10-24
Saint-Georges-de-Mons,63349,63780,Maison,95.0,112000.0,1178.95,2024-10-24
Saint-Georges-de-Mons,63349,63780,Maison,80.0,112000.0,1400.0,2024-10-24
Pont-du-Château,63284,63430,Maison,102.0,370100.0,3628.43,2024-10-30
Pont-du-Château,63284,63430,Maison,102.0,370100.0,3628.43,2024-10-30
Yssac-la-Tourette,63473,63200,Maison,144.0,348000.0,2416.67,2024-10-14
Orcines,63263,63870,Maison,124.0,432300.0,3486.29,2024-11-04
Orcines,63263,63870,Maison,124.0,432300.0,3486.29,2024-11-04
Lezoux,63195,63190,Maison,108.0,281800.0,2609.26,2024-10-18
Pont-du-Château,63284,63430,Maison,66.0,246000.0,3727.27,2024-10-29
Clermont-Ferrand,63113,63000,Appartement,24.0,91500.0,3812.5,2024-10-29
Cournon-d'Auvergne,63124,63800,Maison,116.0,241206.0,2079.36,2024-11-04
Clermont-Ferrand,63113,63000,Appartement,60.0,180000.0,3000.0,2024-10-22
Clermont-Ferrand,63113,63100,Appartement,27.0,59000.0,2185.19,2024-10-18
Clermont-Ferrand,63113,63100,Appartement,27.0,59000.0,2185.19,2024-10-18
Gerzat,63164,63360,Maison,102.0,122700.0,1202.94,2024-10-31
Saint-Donat,63336,63680,Maison,48.0,15500.0,322.92,2024-10-10
Saint-Éloy-les-Mines,63338,63700,Maison,53.0,58000.0,1094.34,2024-10-11
Meilhaud,63222,63320,Maison,36.0,52200.0,1450.0,2024-10-15
Saint-Cirgues-sur-Couze,63330,63320,Maison,40.0,267500.0,6687.5,2024-10-31
Saint-Cirgues-sur-Couze,63330,63320,Maison,60.0,267500.0,4458.33,2024-10-31
Royat,63308,63130,Maison,18.0,50000.0,2777.78,2024-11-07
Riom,63300,63200,Appartement,41.0,300000.0,7317.07,2024-10-15
Riom,63300,63200,Appartement,42.0,300000.0,7142.86,2024-10-15
Riom,63300,63200,Appartement,32.0,300000.0,9375.0,2024-10-15
Riom,63300,63200,Appartement,41.0,300000.0,7317.07,2024-10-15
Riom,63300,63200,Appartement,31.0,300000.0,9677.42,2024-10-15
Riom,63300,63200,Appartement,25.0,300000.0,12000.0,2024-10-15
Riom,63300,63200,Appartement,25.0,300000.0,12000.0,2024-10-15
Riom,63300,63200,Appartement,32.0,300000.0,9375.0,2024-10-15
Arlanc,63010,63220,Maison,65.0,26000.0,400.0,2024-10-24
Tauves,63426,63690,Maison,118.0,245000.0,2076.27,2024-10-21
Tauves,63426,63690,Maison,118.0,245000.0,2076.27,2024-10-21
Saint-Hilaire-la-Croix,63358,63440,Maison,98.0,203810.0,2079.69,2024-10-15
Pont-du-Château,63284,63430,Maison,86.0,249000.0,2895.35,2024-10-14
Pont-du-Château,63284,63430,Maison,86.0,249000.0,2895.35,2024-10-14
Clermont-Ferrand,63113,63000,Appartement,23.0,58000.0,2521.74,2024-10-18
Riom,63300,63200,Maison,110.0,276400.0,2512.73,2024-10-25
Riom,63300,63200,Maison,110.0,276400.0,2512.73,2024-10-25
Villosanges,63460,63380,Maison,65.0,35000.0,538.46,2024-11-06
Villosanges,63460,63380,Maison,65.0,35000.0,538.46,2024-11-06
Villosanges,63460,63380,Maison,65.0,35000.0,538.46,2024-11-06
Villosanges,63460,63380,Maison,65.0,35000.0,538.46,2024-11-06
Ambert,63003,63600,Maison,39.0,20000.0,512.82,2024-10-22
Châtel-Guyon,63103,63140,Maison,161.0,478180.0,2970.06,2024-10-25
Châtel-Guyon,63103,63140,Maison,161.0,478180.0,2970.06,2024-10-25
La Bourboule,63047,63150,Appartement,53.0,112000.0,2113.21,2024-10-28
Saint-Georges-de-Mons,63349,63780,Maison,80.0,110000.0,1375.0,2024-10-24
Saint-Georges-de-Mons,63349,63780,Maison,90.0,110000.0,1222.22,2024-10-24
Saint-Georges-de-Mons,63349,63780,Maison,80.0,110000.0,1375.0,2024-10-24
Saint-Georges-de-Mons,63349,63780,Maison,85.0,110000.0,1294.12,2024-10-24
Saint-Georges-de-Mons,63349,63780,Maison,48.0,70500.0,1468.75,2024-11-04
Saint-Georges-de-Mons,63349,63780,Maison,49.0,70500.0,1438.78,2024-11-04
Saint-Georges-de-Mons,63349,63780,Maison,48.0,70500.0,1468.75,2024-11-04
Saint-Georges-de-Mons,63349,63780,Maison,49.0,70500.0,1438.78,2024-11-04
Clermont-Ferrand,63113,63000,Maison,85.0,192000.0,2258.82,2024-11-06
Le Vernet-Chaméane,63448,63580,Maison,133.0,195900.0,1472.93,2024-10-31
Dore-l'Église,63139,63220,Maison,75.0,54500.0,726.67,2024-10-25
Doranges,63137,63220,Maison,100.0,171000.0,1710.0,2024-10-31
Saint-Pierre-la-Bourlhonne,63384,63480,Maison,122.0,156840.0,1285.57,2024-11-06
Châtel-Guyon,63103,63140,Maison,117.0,371035.0,3171.24,2024-10-28
Saint-Alyre-d'Arlanc,63312,63220,Maison,109.0,110000.0,1009.17,2024-10-29
Saint-Germain-l'Herm,63353,63630,Maison,100.0,94900.0,949.0,2024-11-08
Saint-Germain-l'Herm,63353,63630,Maison,50.0,180000.0,3600.0,2024-10-31
Saint-Germain-l'Herm,63353,63630,Maison,50.0,180000.0,3600.0,2024-10-31
Saint-Alyre-d'Arlanc,63312,63220,Maison,92.0,70000.0,760.87,2024-10-29
Clermont-Ferrand,63113,63000,Appartement,119.0,141000.0,1184.87,2024-11-08
Issoire,63178,63500,Appartement,52.0,130000.0,2500.0,2024-10-16
Ceyrat,63070,63122,Maison,91.0,319000.0,3505.49,2024-11-05
Palladuc,63267,63550,Maison,80.0,104500.0,1306.25,2024-10-30
Malintrat,63204,63510,Maison,120.0,281000.0,2341.67,2024-11-04
Cournon-d'Auvergne,63124,63800,Maison,109.0,298000.0,2733.94,2024-10-29
Clermont-Ferrand,63113,63000,Appartement,72.0,112500.0,1562.5,2024-11-05
Pionsat,63281,63330,Maison,90.0,154300.0,1714.44,2024-10-31
Saint-Sylvestre-Pragoulin,63400,63310,Maison,80.0,177600.0,2220.0,2024-10-23
Saint-Sylvestre-Pragoulin,63400,63310,Maison,80.0,177600.0,2220.0,2024-10-23
Lezoux,63195,63190,Maison,105.0,110000.0,1047.62,2024-10-15
Lezoux,63195,63190,Maison,110.0,110000.0,1000.0,2024-10-15
Besse-et-Saint-Anastaise,63038,63610,Appartement,38.0,119250.0,3138.16,2024-10-24
Clermont-Ferrand,63113,63000,Appartement,56.0,147600.0,2635.71,2024-10-22
Échandelys,63142,63980,Appartement,130.0,370915.0,2853.19,2024-11-07
Échandelys,63142,63980,Appartement,95.0,370915.0,3904.37,2024-11-07
Échandelys,63142,63980,Appartement,130.0,370915.0,2853.19,2024-11-07
Échandelys,63142,63980,Appartement,95.0,370915.0,3904.37,2024-11-07
Échandelys,63142,63980,Appartement,130.0,370915.0,2853.19,2024-11-07
Échandelys,63142,63980,Appartement,95.0,370915.0,3904.37,2024-11-07
Clermont-Ferrand,63113,63000,Appartement,66.0,154000.0,2333.33,2024-10-28
Clermont-Ferrand,63113,63000,Appartement,75.0,131932.0,1759.09,2024-11-06
Clermont-Ferrand,63113,63000,Appartement,34.0,182000.0,5352.94,2024-10-31
Clermont-Ferrand,63113,63000,Appartement,61.0,182000.0,2983.61,2024-10-31
La Bourboule,63047,63150,Appartement,38.0,58000.0,1526.32,2024-10-23
Prondines,63289,63470,Maison,110.0,166250.0,1511.36,2024-10-25
Prondines,63289,63470,Maison,110.0,166250.0,1511.36,2024-10-25
Clermont-Ferrand,63113,63100,Appartement,59.0,85000.0,1440.68,2024-10-21
La Cellette,63067,63330,Maison,86.0,34000.0,395.35,2024-10-31
Menat,63223,63560,Appartement,85.0,34900.0,410.59,2024-11-05
Menat,63223,63560,Appartement,30.0,34900.0,1163.33,2024-11-05
Cournon-d'Auvergne,63124,63800,Appartement,76.0,110000.0,1447.37,2024-10-17
Saint-Sauveur-la-Sagne,63398,63220,Maison,151.0,173000.0,1145.7,2024-10-16
La Bourboule,63047,63150,Appartement,28.0,42500.0,1517.86,2024-10-21
Clermont-Ferrand,63113,63000,Appartement,71.0,189000.0,2661.97,2024-10-25
Besse-et-Saint-Anastaise,63038,63610,Appartement,46.0,100000.0,2173.91,2024-11-12
Thiers,63430,63300,Appartement,60.0,30000.0,500.0,2024-10-29
Clermont-Ferrand,63113,63000,Appartement,70.0,96000.0,1371.43,2024-10-25
Cournon-d'Auvergne,63124,63800,Maison,112.0,143050.0,1277.23,2024-10-29
Romagnat,63307,63540,Maison,110.0,277970.0,2527.0,2024-10-31
Trézioux,63438,63520,Maison,130.0,249000.0,1915.38,2024-10-31
Clermont-Ferrand,63113,63000,Appartement,70.0,112000.0,1600.0,2024-10-29
Lapeyrouse,63187,63700,Maison,167.0,155000.0,928.14,2024-10-31
Auzat-la-Combelle,63022,63570,Maison,75.0,135000.0,1800.0,2024-10-21
Mont-Dore,63236,63240,Maison,78.0,221000.0,2833.33,2024-10-22
Clermont-Ferrand,63113,63100,Maison,161.0,469300.0,2914.91,2024-10-29
Cournon-d'Auvergne,63124,63800,Appartement,42.0,100500.0,2392.86,2024-10-30
Clermont-Ferrand,63113,63000,Maison,82.0,301600.0,3678.05,2024-10-23
Clermont-Ferrand,63113,63000,Appartement,68.0,170800.0,2511.76,2024-11-04
Saint-Floret,63342,63320,Maison,136.0,148900.0,1094.85,2024-10-17
Peschadoires,63276,63920,Maison,91.0,153000.0,1681.32,2024-11-12
Peschadoires,63276,63920,Maison,91.0,153000.0,1681.32,2024-11-12
Saint-Ours,63381,63230,Maison,75.0,138700.0,1849.33,2024-11-05
Cournon-d'Auvergne,63124,63800,Maison,95.0,295000.0,3105.26,2024-10-22
Chamalières,63075,63400,Appartement,97.0,210800.0,2173.2,2024-10-23
Saint-Beauzire,63322,63360,Maison,37.0,105000.0,2837.84,2024-11-05
Saint-Sandoux,63395,63450,Maison,72.0,37000.0,513.89,2024-10-21
Riom,63300,63200,Appartement,100.0,130000.0,1300.0,2024-10-24
Sugères,63423,63490,Maison,98.0,165247.0,1686.19,2024-10-26
Champeix,63080,63320,Maison,104.0,55680.0,535.38,2024-10-26
Cournon-d'Auvergne,63124,63800,Appartement,40.0,144700.0,3617.5,2024-10-21
Cournon-d'Auvergne,63124,63800,Appartement,48.0,144700.0,3014.58,2024-10-21
Mur-sur-Allier,63226,63115,Maison,75.0,179000.0,2386.67,2024-10-24
Vic-le-Comte,63457,63270,Maison,102.0,168800.0,1654.9,2024-11-07
Chauriat,63106,63117,Maison,100.0,224435.0,2244.35,2024-10-25
Villosanges,63460,63380,Maison,130.0,80000.0,615.38,2024-10-23
La Roche-Noire,63306,63800,Maison,136.0,347800.0,2557.35,2024-10-23
La Roche-Noire,63306,63800,Maison,136.0,347800.0,2557.35,2024-10-23
Riom,63300,63200,Maison,95.0,357000.0,3757.89,2024-10-24
Riom,63300,63200,Maison,95.0,357000.0,3757.89,2024-10-24
Lempdes,63193,63370,Maison,114.0,291225.0,2554.61,2024-10-18
Entraigues,63149,63720,Maison,51.0,132140.0,2590.98,2024-10-23
Saint-Genès-la-Tourette,63348,63580,Maison,234.0,165000.0,705.13,2024-11-08
Saint-Genès-la-Tourette,63348,63580,Maison,234.0,165000.0,705.13,2024-11-08
Saint-Genès-la-Tourette,63348,63580,Maison,234.0,165000.0,705.13,2024-11-08
Volvic,63470,63530,Maison,86.0,79600.0,925.58,2024-10-29
Aubiat,63013,63260,Maison,122.0,282000.0,2311.48,2024-10-23
La Bourboule,63047,63150,Appartement,16.0,48995.0,3062.19,2024-11-08
Clermont-Ferrand,63113,63000,Appartement,43.0,66500.0,1546.51,2024-10-24
Chapdes-Beaufort,63085,63230,Maison,68.0,206820.0,3041.47,2024-10-24
Chapdes-Beaufort,63085,63230,Maison,68.0,206820.0,3041.47,2024-10-24
Volvic,63470,63530,Maison,66.0,176900.0,2680.3,2024-10-16
Châtel-Guyon,63103,63140,Appartement,18.0,50020.0,2778.89,2024-10-17
Sayat,63417,63530,Maison,57.0,156000.0,2736.84,2024-10-17
Beaumont,63032,63110,Maison,80.0,323000.0,4037.5,2024-11-05
Lempdes,63193,63370,Maison,105.0,253600.0,2415.24,2024-11-04
Luzillat,63201,63350,Maison,50.0,114972.0,2299.44,2024-10-17
Clermont-Ferrand,63113,63000,Appartement,84.0,115000.0,1369.05,2024-10-31
Chamalières,63075,63400,Appartement,94.0,304000.0,3234.04,2024-11-12
Beaumont,63032,63110,Appartement,28.0,65000.0,2321.43,2024-11-01
Sugères,63423,63490,Maison,87.0,146500.0,1683.91,2024-10-18
Sugères,63423,63490,Maison,87.0,146500.0,1683.91,2024-10-18
Clermont-Ferrand,63113,63000,Appartement,34.0,112100.0,3297.06,2024-11-06
Champétières,63081,63600,Maison,50.0,28000.0,560.0,2024-10-25
Clermont-Ferrand,63113,63000,Maison,60.0,137500.0,2291.67,2024-10-24
Verneugheol,63450,63470,Maison,54.0,27500.0,509.26,2024-10-24
Clermont-Ferrand,63113,63100,Appartement,75.0,113000.0,1506.67,2024-10-29
Clermont-Ferrand,63113,63000,Appartement,22.0,59850.0,2720.45,2024-11-07
Clermont-Ferrand,63113,63000,Appartement,37.0,53000.0,1432.43,2024-11-04
Montmorin,63239,63160,Maison,77.0,40000.0,519.48,2024-10-31
Davayat,63135,63200,Maison,45.0,70000.0,1555.56,2024-10-28
Pérignat-lès-Sarliève,63272,63170,Maison,130.0,234000.0,1800.0,2024-11-05
Lempdes,63193,63370,Maison,105.0,281200.0,2678.1,2024-11-12
Parent,63269,63270,Maison,91.0,252870.0,2778.79,2024-10-18
Clermont-Ferrand,63113,63000,Appartement,23.0,80750.0,3510.87,2024-10-22
Clermont-Ferrand,63113,63100,Maison,125.0,331500.0,2652.0,2024-10-22
La Chapelle-Agnon,63086,63590,Maison,70.0,75000.0,1071.43,2024-10-18
Augerolles,63016,63930,Maison,52.0,68000.0,1307.69,2024-10-30
Clermont-Ferrand,63113,63000,Appartement,16.0,54150.0,3384.38,2024-10-22
Neuf-Église,63251,63560,Maison,101.0,160000.0,1584.16,2024-10-15
Saint-Beauzire,63322,63360,Maison,91.0,261400.0,2872.53,2024-10-18
Le Breuil-sur-Couze,63052,63340,Appartement,54.0,67000.0,1240.74,2024-11-05
Le Breuil-sur-Couze,63052,63340,Appartement,54.0,67000.0,1240.74,2024-11-05
Le Breuil-sur-Couze,63052,63340,Appartement,54.0,67000.0,1240.74,2024-11-05
Clermont-Ferrand,63113,63100,Appartement,58.0,100800.0,1737.93,2024-11-07
Montaigut-le-Blanc,63234,63320,Maison,70.0,245713.66,3510.2,2024-11-08
Cébazat,63063,63118,Appartement,60.0,194500.0,3241.67,2024-10-23
Saint-Floret,63342,63320,Maison,104.0,93600.03,900.0,2024-10-23
Clermont-Ferrand,63113,63000,Appartement,73.0,130000.0,1780.82,2024-10-22
La Tour-d'Auvergne,63192,63680,Appartement,44.0,8200.0,186.36,2024-10-28
Chamalières,63075,63400,Appartement,45.0,115000.0,2555.56,2024-10-28
Lempdes,63193,63370,Maison,65.0,106106.0,1632.4,2024-11-05
Espirat,63154,63160,Maison,100.0,64800.0,648.0,2024-10-17
Clermont-Ferrand,63113,63100,Maison,88.0,214000.0,2431.82,2024-10-24
Riom,63300,63200,Appartement,69.0,9016.0,130.67,2024-10-25
Saint-Ferréol-des-Côtes,63341,63600,Maison,46.0,80000.0,1739.13,2024-11-06
Clermont-Ferrand,63113,63000,Appartement,91.0,130000.0,1428.57,2024-11-05
Pont-du-Château,63284,63430,Maison,128.0,343300.0,2682.03,2024-11-05
Pont-du-Château,63284,63430,Maison,128.0,343300.0,2682.03,2024-11-05
Égliseneuve-d'Entraigues,63144,63850,Maison,120.0,32500.0,270.83,2024-10-25
Châtel-Guyon,63103,63140,Maison,100.0,70000.0,700.0,2024-10-28
Saint-Bonnet-près-Riom,63327,63200,Maison,157.0,350000.0,2229.3,2024-10-31
Parentignat,63270,63500,Maison,204.0,186500.0,914.22,2024-10-31
Chastreix,63098,63680,Maison,103.0,52000.0,504.85,2024-10-30
Aubière,63014,63170,Appartement,33.0,69000.0,2090.91,2024-11-06
Saint-Éloy-les-Mines,63338,63700,Maison,55.0,86000.0,1563.64,2024-10-30
Saint-Éloy-les-Mines,63338,63700,Maison,55.0,86000.0,1563.64,2024-10-30
Clermont-Ferrand,63113,63000,Appartement,82.0,112500.0,1371.95,2024-11-07
Orcines,63263,63870,Maison,94.0,149500.0,1590.43,2024-10-28
Clermont-Ferrand,63113,63000,Appartement,41.0,148630.0,3625.12,2024-10-24
Clermont-Ferrand,63113,63000,Appartement,21.0,148630.0,7077.62,2024-10-24
Clermont-Ferrand,63113,63000,Appartement,70.0,154000.0,2200.0,2024-10-25
Châteauneuf-les-Bains,63100,63390,Maison,96.0,55000.0,572.92,2024-10-31
Clermont-Ferrand,63113,63000,Appartement,40.0,98000.0,2450.0,2024-10-28
Clermont-Ferrand,63113,63000,Appartement,20.0,98000.0,4900.0,2024-10-28
Manzat,63206,63410,Maison,252.0,700900.0,2781.35,2024-10-29
Riom,63300,63200,Maison,80.0,50000.0,625.0,2024-10-28
Enval,63150,63530,Maison,78.0,204700.0,2624.36,2024-10-25
Lezoux,63195,63190,Maison,119.0,319000.0,2680.67,2024-11-05
Les Martres-d'Artière,63213,63430,Maison,98.0,250000.0,2551.02,2024-10-28
Effiat,63143,63260,Maison,67.0,197150.0,2942.54,2024-10-28
Clermont-Ferrand,63113,63100,Appartement,66.0,109885.02,1664.92,2024-10-25
Égliseneuve-d'Entraigues,63144,63850,Maison,100.0,68010.0,680.1,2024-10-28
Le Cendre,63069,63670,Maison,80.0,79200.0,990.0,2024-11-06
Riom,63300,63200,Maison,72.0,170000.0,2361.11,2024-10-22
Riom,63300,63200,Maison,72.0,170000.0,2361.11,2024-10-22
Ambert,63003,63600,Appartement,45.0,425000.0,9444.44,2024-10-25
Ambert,63003,63600,Appartement,22.0,425000.0,19318.18,2024-10-25
Ambert,63003,63600,Appartement,23.0,425000.0,18478.26,2024-10-25
Ambert,63003,63600,Appartement,82.0,425000.0,5182.93,2024-10-25
Ambert,63003,63600,Appartement,20.0,425000.0,21250.0,2024-10-25
Ambert,63003,63600,Appartement,22.0,425000.0,19318.18,2024-10-25
Ambert,63003,63600,Appartement,22.0,425000.0,19318.18,2024-10-25
Durmignat,63140,63700,Maison,51.0,42800.0,839.22,2024-11-13
Bourg-Lastic,63048,63760,Maison,101.0,75000.0,742.57,2024-10-25
Clermont-Ferrand,63113,63100,Appartement,98.0,214000.0,2183.67,2024-11-07
Royat,63308,63130,Appartement,13.0,21175.0,1628.85,2024-10-31
La Bourboule,63047,63150,Appartement,30.0,38000.0,1266.67,2024-10-22
Clermont-Ferrand,63113,63000,Appartement,12.0,34420.0,2868.33,2024-11-06
Aubière,63014,63170,Appartement,32.0,1148000.0,35875.0,2024-11-06
Aubière,63014,63170,Appartement,54.0,1148000.0,21259.26,2024-11-06
Aubière,63014,63170,Appartement,56.0,1148000.0,20500.0,2024-11-06
Aubière,63014,63170,Appartement,20.0,1148000.0,57400.0,2024-11-06
Aubière,63014,63170,Appartement,61.0,1148000.0,18819.67,2024-11-06
Aubière,63014,63170,Appartement,54.0,1148000.0,21259.26,2024-11-06
Aubière,63014,63170,Appartement,20.0,1148000.0,57400.0,2024-11-06
Aubière,63014,63170,Appartement,32.0,1148000.0,35875.0,2024-11-06
Aubière,63014,63170,Appartement,56.0,1148000.0,20500.0,2024-11-06
Aubière,63014,63170,Appartement,61.0,1148000.0,18819.67,2024-11-06
Giat,63165,63620,Maison,150.0,100000.0,666.67,2024-11-12
Clermont-Ferrand,63113,63000,Appartement,76.0,123000.0,1618.42,2024-10-31
Beaumont,63032,63110,Appartement,98.0,184500.0,1882.65,2024-11-04
Thiers,63430,63300,Maison,128.0,34000.0,265.62,2024-11-14
Thiers,63430,63300,Maison,128.0,34000.0,265.62,2024-11-14
Brassac-les-Mines,63050,63570,Maison,57.0,25000.0,438.6,2024-10-18
Brassac-les-Mines,63050,63570,Maison,100.0,35000.0,350.0,2024-10-18
Lapeyrouse,63187,63700,Maison,60.0,64000.0,1066.67,2024-10-24
Clermont-Ferrand,63113,63100,Appartement,100.0,285000.0,2850.0,2024-11-04
Clermont-Ferrand,63113,63000,Appartement,82.0,152000.0,1853.66,2024-11-14
Pont-du-Château,63284,63430,Maison,100.0,322150.0,3221.5,2024-10-28
Culhat,63131,63350,Maison,122.0,140000.0,1147.54,2024-10-25
Pérignat-lès-Sarliève,63272,63170,Maison,227.0,560500.0,2469.16,2024-11-12
Pérignat-lès-Sarliève,63272,63170,Maison,227.0,560500.0,2469.16,2024-11-12
Pérignat-lès-Sarliève,63272,63170,Maison,154.0,407241.0,2644.42,2024-11-12
Courpière,63125,63120,Maison,45.0,32500.0,722.22,2024-10-25
Les Martres-de-Veyre,63214,63730,Maison,117.0,361500.0,3089.74,2024-11-12
Les Martres-de-Veyre,63214,63730,Maison,117.0,361500.0,3089.74,2024-11-12
Clermont-Ferrand,63113,63000,Appartement,75.0,90600.0,1208.0,2024-10-28
Saint-Maurice,63378,63270,Maison,40.0,35000.0,875.0,2024-10-29
Besse-et-Saint-Anastaise,63038,63610,Maison,90.0,243000.0,2700.0,2024-11-05
Orléat,63265,63190,Maison,120.0,160000.0,1333.33,2024-10-31
Gerzat,63164,63360,Appartement,68.0,156000.0,2294.12,2024-10-25
Malintrat,63204,63510,Maison,89.0,300500.0,3376.4,2024-10-28
Malintrat,63204,63510,Maison,89.0,300500.0,3376.4,2024-10-28
Clermont-Ferrand,63113,63100,Appartement,62.0,255550.0,4121.77,2024-11-14
Clermont-Ferrand,63113,63000,Appartement,19.0,40000.0,2105.26,2024-10-28
Saint-Maurice-près-Pionsat,63377,63330,Maison,70.0,40500.0,578.57,2024-11-05
Aulnat,63019,63510,Maison,91.0,218000.0,2395.6,2024-10-28
Moriat,63242,63340,Maison,96.0,140515.0,1463.7,2024-11-13
Les Ancizes-Comps,63004,63770,Maison,93.0,171000.0,1838.71,2024-10-28
Saint-Pierre-Roche,63386,63210,Maison,100.0,223380.0,2233.8,2024-11-13
Sauxillanges,63415,63490,Maison,121.0,60000.0,495.87,2024-10-23
Sauxillanges,63415,63490,Maison,121.0,60000.0,495.87,2024-10-23
Sauxillanges,63415,63490,Maison,121.0,60000.0,495.87,2024-10-23
Riom,63300,63200,Appartement,35.0,285000.0,8142.86,2024-10-30
Riom,63300,63200,Appartement,30.0,285000.0,9500.0,2024-10-30
Riom,63300,63200,Appartement,50.0,285000.0,5700.0,2024-10-30
Riom,63300,63200,Appartement,30.0,285000.0,9500.0,2024-10-30
Riom,63300,63200,Appartement,30.0,285000.0,9500.0,2024-10-30
Limons,63196,63290,Maison,110.0,178000.0,1618.18,2024-11-13
Limons,63196,63290,Maison,110.0,178000.0,1618.18,2024-11-13
Clermont-Ferrand,63113,63000,Appartement,84.0,49400.0,588.1,2024-11-04
Clermont-Ferrand,63113,63000,Appartement,32.0,49400.0,1543.75,2024-11-04
Clermont-Ferrand,63113,63000,Appartement,79.0,152050.0,1924.68,2024-10-28
Ceyrat,63070,63122,Maison,80.0,230000.0,2875.0,2024-11-06
Clermont-Ferrand,63113,63100,Appartement,65.0,137500.0,2115.38,2024-11-14
Issoire,63178,63500,Maison,35.0,118500.0,3385.71,2024-10-29
Le Vernet-Chaméane,63448,63580,Maison,49.0,36600.0,746.94,2024-10-29
Perrier,63275,63500,Maison,84.0,326900.0,3891.67,2024-11-05
Perrier,63275,63500,Maison,84.0,326900.0,3891.67,2024-11-05
Champeix,63080,63320,Maison,139.0,242686.0,1745.94,2024-11-05
Cébazat,63063,63118,Maison,123.0,161000.0,1308.94,2024-10-29
Cébazat,63063,63118,Maison,123.0,161000.0,1308.94,2024-10-29
Tourzel-Ronzières,63435,63320,Maison,19.0,65000.0,3421.05,2024-11-05
Cournon-d'Auvergne,63124,63800,Appartement,80.0,206934.0,2586.68,2024-10-31
Gerzat,63164,63360,Appartement,76.0,130429.0,1716.17,2024-10-29
Seychalles,63420,63190,Maison,60.0,163280.0,2721.33,2024-11-14
Cournols,63123,63450,Maison,128.0,349600.0,2731.25,2024-11-12
La Bourboule,63047,63150,Appartement,43.0,11000.0,255.81,2024-11-13
Égliseneuve-d'Entraigues,63144,63850,Maison,75.0,56600.0,754.67,2024-11-07
Charensat,63094,63640,Maison,60.0,125000.0,2083.33,2024-10-24
Clermont-Ferrand,63113,63000,Appartement,71.0,173500.0,2443.66,2024-10-25
Le Breuil-sur-Couze,63052,63340,Maison,104.0,198600.0,1909.62,2024-10-25
Antoingt,63005,63340,Maison,97.0,214500.0,2211.34,2024-10-30
Issoire,63178,63500,Appartement,57.0,124250.0,2179.82,2024-11-08
Chavaroux,63107,63720,Maison,80.0,218950.0,2736.88,2024-10-31
Ambert,63003,63600,Maison,96.0,32000.0,333.33,2024-10-29
Chaptuzat,63090,63260,Maison,101.0,144760.0,1433.27,2024-10-25
Chaptuzat,63090,63260,Maison,101.0,144760.0,1433.27,2024-10-25
Brassac-les-Mines,63050,63570,Maison,138.0,53400.0,386.96,2024-10-30
Les Martres-de-Veyre,63214,63730,Maison,189.0,365000.0,1931.22,2024-11-12
Clermont-Ferrand,63113,63000,Appartement,59.0,121000.0,2050.85,2024-10-25
Messeix,63225,63750,Maison,69.0,47500.0,688.41,2024-11-12
Mozac,63245,63200,Maison,105.0,226500.0,2157.14,2024-11-04
Aulnat,63019,63510,Maison,60.0,34501.0,575.02,2024-10-30
Montaigut-le-Blanc,63234,63320,Maison,111.0,342500.0,3085.59,2024-11-18
Montaigut-le-Blanc,63234,63320,Maison,111.0,342500.0,3085.59,2024-11-18
Tours-sur-Meymont,63434,63590,Maison,70.0,15000.0,214.29,2024-10-22
Riom,63300,63200,Maison,98.0,97000.0,989.8,2024-11-13
Clermont-Ferrand,63113,63000,Appartement,77.0,285200.0,3703.9,2024-10-31
Ambert,63003,63600,Maison,108.0,241000.0,2231.48,2024-10-29
Aubière,63014,63170,Appartement,62.0,300000.0,4838.71,2024-11-13
Aubière,63014,63170,Appartement,37.0,300000.0,8108.11,2024-11-13
Aubière,63014,63170,Appartement,50.0,300000.0,6000.0,2024-11-13
Aubière,63014,63170,Appartement,37.0,300000.0,8108.11,2024-11-13
Aubière,63014,63170,Appartement,95.0,300000.0,3157.89,2024-11-13
Clermont-Ferrand,63113,63000,Appartement,50.0,128700.0,2574.0,2024-10-29
Larodde,63190,63690,Maison,76.0,104000.0,1368.42,2024-10-28
Cournon-d'Auvergne,63124,63800,Appartement,73.0,123700.0,1694.52,2024-11-18
La Bourboule,63047,63150,Appartement,56.0,95000.0,1696.43,2024-10-28
Clermont-Ferrand,63113,63000,Appartement,80.0,232000.0,2900.0,2024-11-05
Le Cendre,63069,63670,Maison,125.0,140000.0,1120.0,2024-11-13
Marsac-en-Livradois,63211,63940,Maison,99.0,90000.0,909.09,2024-10-29
Marsac-en-Livradois,63211,63940,Maison,99.0,90000.0,909.09,2024-10-29
Clermont-Ferrand,63113,63000,Appartement,58.0,193500.0,3336.21,2024-11-07
Lempdes,63193,63370,Maison,93.0,180000.0,1935.48,2024-11-12
Clermont-Ferrand,63113,63100,Appartement,69.0,131500.0,1905.8,2024-11-12
Riom,63300,63200,Maison,78.0,266650.0,3418.59,2024-11-13
Riom,63300,63200,Maison,84.0,266650.0,3174.4,2024-11-13
Sayat,63417,63530,Maison,127.0,243500.0,1917.32,2024-11-08
Saint-Georges-de-Mons,63349,63780,Maison,96.0,120000.0,1250.0,2024-10-29
Vic-le-Comte,63457,63270,Maison,115.0,264500.0,2300.0,2024-11-12
Gerzat,63164,63360,Appartement,67.0,155000.0,2313.43,2024-10-30
Besse-et-Saint-Anastaise,63038,63610,Appartement,27.0,58000.0,2148.15,2024-10-30
Billom,63040,63160,Maison,100.0,109750.0,1097.5,2024-11-07
Gerzat,63164,63360,Appartement,67.0,164000.0,2447.76,2024-10-30
Clermont-Ferrand,63113,63000,Appartement,68.0,154000.0,2264.71,2024-10-30
Vertaizon,63453,63910,Maison,105.0,279130.0,2658.38,2024-11-06
Le Cendre,63069,63670,Maison,105.0,181575.0,1729.29,2024-11-13
Cournon-d'Auvergne,63124,63800,Maison,100.0,162100.0,1621.0,2024-11-04
Clermont-Ferrand,63113,63100,Appartement,90.0,93300.0,1036.67,2024-11-07
Volvic,63470,63530,Maison,97.0,227100.0,2341.24,2024-10-29
Doranges,63137,63220,Maison,67.0,26125.0,389.93,2024-11-19
Clermont-Ferrand,63113,63000,Appartement,42.0,135600.0,3228.57,2024-11-09
Saint-Germain-l'Herm,63353,63630,Appartement,55.0,47380.0,861.45,2024-11-19
Saint-Germain-l'Herm,63353,63630,Appartement,30.0,47380.0,1579.33,2024-11-19
Royat,63308,63130,Appartement,116.0,337500.0,2909.48,2024-11-05
Clermont-Ferrand,63113,63000,Appartement,94.0,279600.0,2974.47,2024-11-12
Aubière,63014,63170,Maison,77.0,205700.0,2671.43,2024-11-07
Brassac-les-Mines,63050,63570,Maison,113.0,258000.0,2283.19,2024-11-08
Saint-Vincent,63403,63320,Maison,30.0,32400.0,1080.0,2024-11-14
Vertaizon,63453,63910,Maison,46.0,100000.0,2173.91,2024-10-18
Gerzat,63164,63360,Appartement,82.0,83678.0,1020.46,2024-10-23
Chanonat,63084,63450,Maison,200.0,350200.0,1751.0,2024-10-29
Chanonat,63084,63450,Maison,200.0,350200.0,1751.0,2024-10-29
Chanonat,63084,63450,Maison,200.0,350200.0,1751.0,2024-10-29
Chanonat,63084,63450,Maison,200.0,350200.0,1751.0,2024-10-29
Mayres,63218,63220,Maison,35.0,15000.0,428.57,2024-11-20
Mayres,63218,63220,Maison,35.0,15000.0,428.57,2024-11-20
Mayres,63218,63220,Maison,35.0,15000.0,428.57,2024-11-20
Ambert,63003,63600,Maison,154.0,212500.0,1379.87,2024-10-28
Clermont-Ferrand,63113,63100,Appartement,60.0,119078.0,1984.63,2024-11-12
Randan,63295,63310,Maison,150.0,203100.0,1354.0,2024-10-29
Ambert,63003,63600,Maison,85.0,94500.0,1111.76,2024-10-29
Randan,63295,63310,Maison,88.0,59500.0,676.14,2024-10-29
Saint-Germain-l'Herm,63353,63630,Maison,80.0,136500.0,1706.25,2024-11-19
Clermont-Ferrand,63113,63000,Appartement,152.0,335000.0,2203.95,2024-11-04
Sayat,63417,63530,Maison,139.0,282000.0,2028.78,2024-11-13
Clermont-Ferrand,63113,63000,Appartement,56.0,300000.0,5357.14,2024-11-14
Clermont-Ferrand,63113,63100,Appartement,41.0,96522.0,2354.2,2024-11-06
Clermont-Ferrand,63113,63000,Appartement,30.0,59000.0,1966.67,2024-11-13
Villeneuve-les-Cerfs,63459,63310,Maison,87.0,135000.0,1551.72,2024-11-13
Villeneuve-les-Cerfs,63459,63310,Maison,87.0,135000.0,1551.72,2024-11-13
Clermont-Ferrand,63113,63100,Appartement,74.0,132000.0,1783.78,2024-11-14
Chanonat,63084,63450,Maison,110.0,156000.0,1418.18,2024-11-12
Clermont-Ferrand,63113,63000,Appartement,71.0,98000.0,1380.28,2024-10-30
Clermont-Ferrand,63113,63000,Appartement,32.0,55100.0,1721.88,2024-10-28
Cournon-d'Auvergne,63124,63800,Maison,112.0,265500.0,2370.54,2024-10-29
Châteaugay,63099,63119,Maison,177.0,190000.0,1073.45,2024-10-29
Clermont-Ferrand,63113,63000,Appartement,21.0,42800.0,2038.1,2024-11-13
Clermont-Ferrand,63113,63000,Maison,73.0,175000.0,2397.26,2024-10-25
Verneugheol,63450,63470,Maison,118.0,141410.0,1198.39,2024-10-31
Clermont-Ferrand,63113,63000,Maison,75.0,140000.0,1866.67,2024-11-18
Pontaumur,63283,63380,Maison,55.0,6500.0,118.18,2024-11-08
Aigueperse,63001,63260,Maison,119.0,85400.0,717.65,2024-10-31
Saint-Anthème,63319,63660,Appartement,46.0,82500.0,1793.48,2024-11-08
Saint-Anthème,63319,63660,Appartement,39.0,82500.0,2115.38,2024-11-08
Saint-Anthème,63319,63660,Appartement,59.0,82500.0,1398.31,2024-11-08
Saint-Anthème,63319,63660,Appartement,49.0,82500.0,1683.67,2024-11-08
Saint-Anthème,63319,63660,Appartement,50.0,82500.0,1650.0,2024-11-08
Chanonat,63084,63450,Maison,157.0,299230.0,1905.92,2024-10-10
Saint-Éloy-les-Mines,63338,63700,Appartement,86.0,20000.0,232.56,2024-11-20
Clermont-Ferrand,63113,63000,Appartement,85.0,260000.0,3058.82,2024-11-06
La Roche-Noire,63306,63800,Maison,129.0,418250.0,3242.25,2024-11-04
La Roche-Noire,63306,63800,Maison,129.0,418250.0,3242.25,2024-11-04
Beaumont,63032,63110,Appartement,84.0,167000.0,1988.1,2024-10-29
Chamalières,63075,63400,Appartement,31.0,21500.0,693.55,2024-11-07
Aubière,63014,63170,Appartement,71.0,158000.0,2225.35,2024-11-19
Lamontgie,63185,63570,Maison,74.0,300000.0,4054.05,2024-11-21
Mont-Dore,63236,63240,Maison,61.0,310000.0,5081.97,2024-11-19
Montcel,63235,63460,Maison,165.0,286300.0,1735.15,2024-11-04
Saint-Georges-de-Mons,63349,63780,Maison,126.0,172800.0,1371.43,2024-11-08
Davayat,63135,63200,Maison,160.0,300228.0,1876.42,2024-10-30
Davayat,63135,63200,Maison,160.0,300228.0,1876.42,2024-10-30
Riom,63300,63200,Maison,58.0,90000.0,1551.72,2024-11-06
Malauzat,63203,63200,Maison,80.0,191084.0,2388.55,2024-11-05
Issoire,63178,63500,Appartement,43.0,80700.0,1876.74,2024-11-21
Gimeaux,63167,63200,Maison,130.0,341270.0,2625.15,2024-10-30
Gimeaux,63167,63200,Maison,130.0,341270.0,2625.15,2024-10-30
Issoire,63178,63500,Maison,67.0,55000.0,820.9,2024-11-19
Clermont-Ferrand,63113,63000,Appartement,22.0,47300.0,2150.0,2024-11-07
Cébazat,63063,63118,Maison,98.0,236850.0,2416.84,2024-11-21
La Bourboule,63047,63150,Appartement,50.0,76000.0,1520.0,2024-10-25
Puy-Guillaume,63291,63290,Maison,80.0,185000.0,2312.5,2024-11-05
Chapdes-Beaufort,63085,63230,Maison,116.0,274000.0,2362.07,2024-11-06
Chapdes-Beaufort,63085,63230,Maison,116.0,274000.0,2362.07,2024-11-06
Clermont-Ferrand,63113,63100,Appartement,82.0,241030.0,2939.39,2024-11-04
Luzillat,63201,63350,Maison,48.0,40000.0,833.33,2024-11-12
Besse-et-Saint-Anastaise,63038,63610,Appartement,36.0,134350.0,3731.94,2024-10-31
Saint-Genès-Champanelle,63345,63122,Maison,139.0,368900.0,2653.96,2024-11-13
Saint-Genès-Champanelle,63345,63122,Maison,139.0,368900.0,2653.96,2024-11-13
Brenat,63051,63500,Maison,91.0,60010.0,659.45,2024-10-25
Lezoux,63195,63190,Maison,71.0,140000.0,1971.83,2024-11-19
Saint-Genès-Champanelle,63345,63122,Maison,103.0,280900.0,2727.18,2024-11-04
Sainte-Agathe,63310,63120,Appartement,40.0,83200.0,2080.0,2024-11-05
Sainte-Agathe,63310,63120,Appartement,34.0,83200.0,2447.06,2024-11-05
Effiat,63143,63260,Maison,103.0,89000.0,864.08,2024-10-31
Peschadoires,63276,63920,Maison,40.0,25500.0,637.5,2024-11-07
Billom,63040,63160,Maison,80.0,176000.0,2200.0,2024-11-13
Clermont-Ferrand,63113,63100,Appartement,62.0,130500.0,2104.84,2024-11-07
Clermont-Ferrand,63113,63000,Appartement,60.0,141400.0,2356.67,2024-11-18
Mozac,63245,63200,Appartement,106.0,414860.0,3913.77,2024-11-13
Mozac,63245,63200,Appartement,44.0,414860.0,9428.64,2024-11-13
Mozac,63245,63200,Appartement,55.0,414860.0,7542.91,2024-11-13
Mozac,63245,63200,Appartement,55.0,414860.0,7542.91,2024-11-13
Mozac,63245,63200,Appartement,40.0,414860.0,10371.5,2024-11-13
Mozac,63245,63200,Appartement,53.0,414860.0,7827.55,2024-11-13
Mozac,63245,63200,Appartement,106.0,414860.0,3913.77,2024-11-13
Mozac,63245,63200,Appartement,44.0,414860.0,9428.64,2024-11-13
Mozac,63245,63200,Appartement,53.0,414860.0,7827.55,2024-11-13
Mozac,63245,63200,Appartement,40.0,414860.0,10371.5,2024-11-13
Messeix,63225,63750,Maison,29.0,14700.0,506.9,2024-11-19
Saint-Genès-Champanelle,63345,63122,Maison,70.0,170000.0,2428.57,2024-11-07
La Bourboule,63047,63150,Appartement,65.0,177140.0,2725.23,2024-11-13
La Bourboule,63047,63150,Appartement,42.0,177140.0,4217.62,2024-11-13
Le Cheix,63108,63200,Maison,106.0,312550.0,2948.58,2024-11-06
Giat,63165,63620,Maison,65.0,10000.0,153.85,2024-11-18
Blot-l'Église,63043,63440,Maison,100.0,50000.0,500.0,2024-10-31
Blot-l'Église,63043,63440,Maison,100.0,50000.0,500.0,2024-10-31
Saint-Priest-Bramefant,63387,63310,Maison,110.0,159000.0,1445.45,2024-11-12
Saint-Priest-Bramefant,63387,63310,Maison,110.0,159000.0,1445.45,2024-11-12
Riom,63300,63200,Appartement,27.0,50000.0,1851.85,2024-11-08
Aigueperse,63001,63260,Maison,65.0,93000.0,1430.77,2024-11-14
Chambon-sur-Lac,63077,63790,Appartement,45.0,70000.0,1555.56,2024-10-29
Clermont-Ferrand,63113,63000,Appartement,127.0,200970.0,1582.44,2024-11-18
Cébazat,63063,63118,Maison,60.0,173000.0,2883.33,2024-10-30
Clermont-Ferrand,63113,63000,Appartement,90.0,297480.0,3305.33,2024-11-21
Cournon-d'Auvergne,63124,63800,Appartement,94.0,173500.0,1845.74,2024-10-30
Clermont-Ferrand,63113,63000,Maison,94.0,182600.0,1942.55,2024-11-04
Échandelys,63142,63980,Maison,56.0,47290.0,844.46,2024-11-21
Échandelys,63142,63980,Maison,56.0,47290.0,844.46,2024-11-21
Aubière,63014,63170,Appartement,65.0,690000.0,10615.38,2024-10-29
Chamalières,63075,63400,Appartement,66.0,184200.0,2790.91,2024-11-18
Clermont-Ferrand,63113,63100,Maison,97.0,200000.0,2061.86,2024-10-31
Clermont-Ferrand,63113,63000,Appartement,70.0,164450.0,2349.29,2024-11-13
Riom,63300,63200,Maison,53.0,270000.0,5094.34,2024-11-14
Clermont-Ferrand,63113,63000,Maison,66.0,110000.0,1666.67,2024-11-06
Chamalières,63075,63400,Maison,261.0,754700.0,2891.57,2024-11-15
Besse-et-Saint-Anastaise,63038,63610,Appartement,28.0,438925.0,15675.89,2024-10-29
Besse-et-Saint-Anastaise,63038,63610,Appartement,28.0,438925.0,15675.89,2024-10-29
Besse-et-Saint-Anastaise,63038,63610,Appartement,47.0,438925.0,9338.83,2024-10-29
Besse-et-Saint-Anastaise,63038,63610,Appartement,28.0,438925.0,15675.89,2024-10-29
Gelles,63163,63740,Maison,74.0,32500.0,439.19,2024-11-18
Gelles,63163,63740,Maison,74.0,32500.0,439.19,2024-11-18
Saint-Sauves-d'Auvergne,63397,63950,Maison,90.0,135000.0,1500.0,2024-10-30
Saint-Sauves-d'Auvergne,63397,63950,Maison,90.0,135000.0,1500.0,2024-10-30
Clermont-Ferrand,63113,63100,Appartement,52.0,185000.0,3557.69,2024-10-31
Clermont-Ferrand,63113,63100,Appartement,28.0,185000.0,6607.14,2024-10-31
Châtel-Guyon,63103,63140,Appartement,66.0,80775.0,1223.86,2024-11-21
Riom,63300,63200,Maison,47.0,95038.0,2022.09,2024-11-06
Saint-Gervais-sous-Meymont,63355,63880,Maison,60.0,47000.0,783.33,2024-11-06
La Bourboule,63047,63150,Appartement,33.0,195000.0,5909.09,2024-10-31
La Bourboule,63047,63150,Appartement,33.0,195000.0,5909.09,2024-10-31
La Bourboule,63047,63150,Maison,90.0,195000.0,2166.67,2024-10-31
Saint-Gervais-d'Auvergne,63354,63390,Maison,80.0,55000.0,687.5,2024-10-29
Saint-Gervais-d'Auvergne,63354,63390,Maison,80.0,55000.0,687.5,2024-10-29
Saint-Bonnet-le-Bourg,63323,63630,Maison,80.0,75000.0,937.5,2024-11-04
Saint-Bonnet-le-Bourg,63323,63630,Maison,80.0,75000.0,937.5,2024-11-04
Saint-Bonnet-le-Bourg,63323,63630,Maison,80.0,75000.0,937.5,2024-11-04
Saint-Bonnet-le-Bourg,63323,63630,Maison,80.0,75000.0,937.5,2024-11-04
Thuret,63432,63260,Maison,131.0,182220.0,1390.99,2024-10-28
Orcet,63262,63670,Maison,105.0,50000.0,476.19,2024-11-05
Aubière,63014,63170,Maison,69.0,237571.44,3443.06,2024-11-04
Chamalières,63075,63400,Appartement,86.0,250000.0,2906.98,2024-11-08
Corent,63120,63730,Maison,120.0,151850.0,1265.42,2024-10-30
Vic-le-Comte,63457,63270,Maison,95.0,310579.0,3269.25,2024-10-30
Corent,63120,63730,Maison,155.0,382034.0,2464.74,2024-10-30
Corent,63120,63730,Maison,155.0,382034.0,2464.74,2024-10-30
Clermont-Ferrand,63113,63000,Maison,139.0,266000.0,1913.67,2024-11-08
Sallèdes,63405,63270,Maison,52.0,94000.0,1807.69,2024-10-29
Lussat,63200,63360,Maison,55.0,70000.0,1272.73,2024-05-24
Saint-Bonnet-près-Riom,63327,63200,Maison,130.0,188800.0,1452.31,2024-11-04
Saint-Julien-de-Coppel,63368,63160,Maison,72.0,85650.0,1189.58,2024-11-07
Saint-Pierre-Colamine,63383,63610,Maison,68.0,90000.0,1323.53,2024-11-05
Les Martres-d'Artière,63213,63430,Maison,148.0,372400.0,2516.22,2024-11-08
Cébazat,63063,63118,Appartement,94.0,154520.0,1643.83,2024-11-22
Vertaizon,63453,63910,Maison,91.0,34000.0,373.63,2024-06-06
Vertaizon,63453,63910,Maison,91.0,34000.0,373.63,2024-06-06
Saint-Gal-sur-Sioule,63344,63440,Maison,103.0,158375.0,1537.62,2024-10-29
Saint-Gal-sur-Sioule,63344,63440,Maison,103.0,158375.0,1537.62,2024-10-29
Châteauneuf-les-Bains,63100,63390,Maison,41.0,60150.0,1467.07,2024-10-24
Riom,63300,63200,Maison,83.0,215000.0,2590.36,2024-11-06
Chamalières,63075,63400,Appartement,89.0,227000.0,2550.56,2024-11-21
Saint-Genès-Champanelle,63345,63122,Maison,140.0,77000.0,550.0,2024-11-19
Clermont-Ferrand,63113,63000,Appartement,79.0,122000.0,1544.3,2024-11-08
Pont-du-Château,63284,63430,Appartement,68.0,123900.0,1822.06,2024-11-08
Beaumont,63032,63110,Maison,155.0,800000.0,5161.29,2024-11-25
Chamalières,63075,63400,Appartement,68.0,101500.0,1492.65,2024-11-13
Orcines,63263,63870,Maison,160.0,315000.0,1968.75,2024-11-15
Orcines,63263,63870,Maison,160.0,315000.0,1968.75,2024-11-15
Durtol,63141,63830,Maison,146.0,333000.0,2280.82,2024-11-20
Clermont-Ferrand,63113,63100,Appartement,54.0,107500.0,1990.74,2024-11-12
Chamalières,63075,63400,Appartement,47.0,90300.0,1921.28,2024-11-13
Saint-Saturnin,63396,63450,Maison,100.0,268000.0,2680.0,2024-11-22
Chamalières,63075,63400,Appartement,45.0,97700.0,2171.11,2024-11-05
Clermont-Ferrand,63113,63100,Maison,65.0,80000.0,1230.77,2024-10-22
Bussières-et-Pruns,63061,63260,Maison,48.0,60000.0,1250.0,2024-11-13
Clermont-Ferrand,63113,63100,Appartement,62.0,254600.0,4106.45,2024-11-20
Chamalières,63075,63400,Appartement,53.0,100000.0,1886.79,2024-11-13
Puy-Guillaume,63291,63290,Appartement,63.0,75000.0,1190.48,2024-11-08
Mont-Dore,63236,63240,Appartement,54.0,131900.0,2442.59,2024-11-04
Saint-Maigner,63373,63330,Maison,90.0,100000.0,1111.11,2024-10-25
Saint-Maigner,63373,63330,Maison,90.0,100000.0,1111.11,2024-10-25
Clermont-Ferrand,63113,63000,Appartement,130.0,271000.0,2084.62,2024-11-25
Clermont-Ferrand,63113,63100,Appartement,42.0,55000.0,1309.52,2024-11-18
Pouzol,63286,63440,Maison,70.0,32000.0,457.14,2024-10-31
Clermont-Ferrand,63113,63100,Appartement,76.0,299700.0,3943.42,2024-11-20
Orcival,63264,63210,Maison,85.0,2260000.0,26588.24,2024-11-07
Orcival,63264,63210,Maison,72.0,2260000.0,31388.89,2024-11-07
Clermont-Ferrand,63113,63000,Appartement,32.0,45400.0,1418.75,2024-11-08
Beaumont,63032,63110,Maison,109.0,980000.0,8990.83,2024-11-25
Beaumont,63032,63110,Maison,109.0,980000.0,8990.83,2024-11-25
Pérignat-lès-Sarliève,63272,63170,Maison,40.0,90000.0,2250.0,2024-11-26
Gerzat,63164,63360,Maison,62.0,213020.0,3435.81,2024-11-25
Vitrac,63464,63410,Maison,128.0,154900.0,1210.16,2024-10-29
Clermont-Ferrand,63113,63100,Maison,84.0,120000.0,1428.57,2024-11-13
La Roche-Blanche,63302,63670,Maison,93.0,110000.0,1182.8,2024-11-19
Royat,63308,63130,Appartement,106.0,295000.0,2783.02,2024-10-31
Aubière,63014,63170,Appartement,24.0,44000.0,1833.33,2024-11-19
Saint-Amant-Tallende,63315,63450,Maison,200.0,174500.0,872.5,2024-11-21
Saint-Pierre-la-Bourlhonne,63384,63480,Maison,65.0,72000.0,1107.69,2024-10-28
Clermont-Ferrand,63113,63000,Maison,98.0,164000.0,1673.47,2024-11-18
Pérignat-lès-Sarliève,63272,63170,Maison,49.0,133200.0,2718.37,2024-11-21
Le Brugeron,63057,63880,Maison,90.0,190500.0,2116.67,2024-11-06
Le Brugeron,63057,63880,Maison,90.0,190500.0,2116.67,2024-11-06
Saint-Rémy-sur-Durolle,63393,63550,Maison,78.0,109500.0,1403.85,2024-11-07
Thiers,63430,63300,Appartement,152.0,99750.0,656.25,2024-11-07
Vollore-Ville,63469,63120,Maison,50.0,33000.0,660.0,2024-11-18
Aulnat,63019,63510,Maison,59.0,184450.0,3126.27,2024-11-20
Thiers,63430,63300,Maison,140.0,210000.0,1500.0,2024-11-27
Thiers,63430,63300,Maison,140.0,210000.0,1500.0,2024-11-27
Clermont-Ferrand,63113,63100,Appartement,50.0,130000.0,2600.0,2024-11-14
Clermont-Ferrand,63113,63000,Appartement,71.0,109000.0,1535.21,2024-11-20
Clermont-Ferrand,63113,63000,Appartement,67.0,182400.0,2722.39,2024-11-18
Lempdes,63193,63370,Appartement,33.0,98400.0,2981.82,2024-11-14
Clermont-Ferrand,63113,63100,Appartement,58.0,174300.0,3005.17,2024-11-18
Aubière,63014,63170,Appartement,98.0,293500.0,2994.9,2024-11-19
Le Cendre,63069,63670,Maison,80.0,213800.0,2672.5,2024-10-31
Cournon-d'Auvergne,63124,63800,Appartement,78.0,70000.0,897.44,2024-10-04
Malintrat,63204,63510,Maison,130.0,271900.0,2091.54,2024-10-31
Thiers,63430,63300,Maison,165.0,155100.0,940.0,2024-11-21
Riom,63300,63200,Appartement,58.0,278500.0,4801.72,2024-11-22
Riom,63300,63200,Appartement,42.0,278500.0,6630.95,2024-11-22
Riom,63300,63200,Appartement,68.0,278500.0,4095.59,2024-11-22
Riom,63300,63200,Appartement,59.0,278500.0,4720.34,2024-11-22
Clermont-Ferrand,63113,63000,Appartement,34.0,118755.0,3492.79,2024-11-14
Mayres,63218,63220,Maison,150.0,240294.0,1601.96,2024-11-22
Saint-Yvoine,63404,63500,Maison,60.0,30000.0,500.0,2024-10-30
Lempdes,63193,63370,Maison,90.0,236000.0,2622.22,2024-10-29
Issoire,63178,63500,Appartement,58.0,100000.0,1724.14,2024-10-31
Royat,63308,63130,Appartement,90.0,204700.0,2274.44,2024-11-14
Clermont-Ferrand,63113,63100,Appartement,64.0,126700.0,1979.69,2024-11-22
Cournon-d'Auvergne,63124,63800,Appartement,82.0,224500.0,2737.8,2024-11-20
Clermont-Ferrand,63113,63100,Appartement,40.0,68400.0,1710.0,2024-11-20
La Roche-Blanche,63302,63670,Maison,107.0,389800.0,3642.99,2024-10-29
Brassac-les-Mines,63050,63570,Maison,102.0,223610.0,2192.25,2024-11-19
Cournon-d'Auvergne,63124,63800,Maison,88.0,242000.0,2750.0,2024-11-22
Cournon-d'Auvergne,63124,63800,Appartement,63.0,163000.0,2587.3,2024-11-21
Clermont-Ferrand,63113,63000,Appartement,83.0,80600.0,971.08,2024-11-18
La Bourboule,63047,63150,Appartement,60.0,101650.0,1694.17,2024-11-22
Saint-Beauzire,63322,63360,Maison,155.0,329500.0,2125.81,2024-11-22
Chauriat,63106,63117,Maison,121.0,266000.0,2198.35,2024-11-20
Issoire,63178,63500,Maison,170.0,163000.0,958.82,2024-10-31
Parent,63269,63270,Maison,64.0,142000.0,2218.75,2024-11-06
Ambert,63003,63600,Maison,65.0,174500.0,2684.62,2024-11-07
Clermont-Ferrand,63113,63100,Maison,70.0,171400.0,2448.57,2024-11-08
Clermont-Ferrand,63113,63000,Appartement,96.0,195900.0,2040.62,2024-11-12
Clermont-Ferrand,63113,63000,Appartement,68.0,111390.0,1638.09,2024-11-13
Combronde,63116,63460,Maison,76.0,65000.0,855.26,2024-10-29
Royat,63308,63130,Maison,130.0,515100.0,3962.31,2024-11-27
Beaumont,63032,63110,Appartement,86.0,191500.0,2226.74,2024-11-21
Royat,63308,63130,Appartement,37.0,81900.0,2213.51,2024-11-14
Riom,63300,63200,Maison,97.0,230000.0,2371.13,2024-11-14
Riom,63300,63200,Maison,97.0,230000.0,2371.13,2024-11-14
Courpière,63125,63120,Maison,46.0,84500.0,1836.96,2024-11-22
Clermont-Ferrand,63113,63000,Appartement,70.0,154000.0,2200.0,2024-11-12
Clermont-Ferrand,63113,63000,Appartement,22.0,56220.0,2555.45,2024-11-14
Sayat,63417,63530,Maison,52.0,110000.0,2115.38,2024-11-12
Clermont-Ferrand,63113,63000,Maison,95.0,224000.0,2357.89,2024-11-13
Clermont-Ferrand,63113,63000,Maison,73.0,205900.0,2820.55,2024-11-08
Romagnat,63307,63540,Maison,72.0,108000.0,1500.0,2024-11-14
Aydat,63026,63970,Maison,90.0,243600.0,2706.67,2024-11-07
Gerzat,63164,63360,Maison,109.0,256750.0,2355.5,2024-11-08
Pont-du-Château,63284,63430,Maison,160.0,365800.0,2286.25,2024-11-07
Pont-du-Château,63284,63430,Maison,160.0,365800.0,2286.25,2024-11-07
Saint-Ignat,63362,63720,Maison,88.0,199800.0,2270.45,2024-11-08
Pont-du-Château,63284,63430,Maison,70.0,79980.0,1142.57,2024-11-12
Moissat,63229,63190,Maison,70.0,110000.0,1571.43,2024-11-08
Royat,63308,63130,Appartement,17.0,100400.0,5905.88,2024-11-20
Royat,63308,63130,Appartement,19.0,100400.0,5284.21,2024-11-20
Royat,63308,63130,Appartement,35.0,100400.0,2868.57,2024-11-20
Royat,63308,63130,Appartement,48.0,100400.0,2091.67,2024-11-20
Clermont-Ferrand,63113,63000,Appartement,37.0,75000.0,2027.03,2024-11-22
Royat,63308,63130,Maison,130.0,465000.0,3576.92,2024-11-13
Bertignat,63037,63480,Maison,70.0,34000.0,485.71,2024-11-09
Clermont-Ferrand,63113,63000,Appartement,18.0,42950.0,2386.11,2024-11-15
Issoire,63178,63500,Appartement,38.0,65000.0,1710.53,2024-11-07
Paslières,63271,63290,Maison,81.0,50000.0,617.28,2024-11-19
Saint-Éloy-les-Mines,63338,63700,Appartement,49.0,40000.0,816.33,2024-11-26
Saint-Éloy-les-Mines,63338,63700,Appartement,33.0,40000.0,1212.12,2024-11-26
Saint-Éloy-les-Mines,63338,63700,Maison,136.0,10000.0,73.53,2024-11-28
Saint-Éloy-les-Mines,63338,63700,Maison,136.0,10000.0,73.53,2024-11-28
Clermont-Ferrand,63113,63000,Appartement,83.0,169000.0,2036.14,2024-11-12
Clermont-Ferrand,63113,63000,Appartement,23.0,58500.0,2543.48,2024-11-14
Celles-sur-Durolle,63066,63250,Maison,70.0,45000.0,642.86,2024-11-14
Ris,63301,63290,Maison,70.0,20000.0,285.71,2024-11-18
Brassac-les-Mines,63050,63570,Maison,60.0,85480.0,1424.67,2024-11-05
Clermont-Ferrand,63113,63000,Appartement,58.0,67000.0,1155.17,2024-11-21
Ambert,63003,63600,Appartement,99.0,67500.0,681.82,2024-11-12
Marsac-en-Livradois,63211,63940,Maison,87.0,47000.0,540.23,2024-11-12
Saint-Jacques-d'Ambur,63363,63230,Maison,78.0,65000.0,833.33,2024-11-13
Saint-Jacques-d'Ambur,63363,63230,Maison,78.0,65000.0,833.33,2024-11-13
Ceyrat,63070,63122,Maison,113.0,391400.0,3463.72,2024-11-29
Mont-Dore,63236,63240,Appartement,66.0,112500.0,1704.55,2024-11-06
Châtel-Guyon,63103,63140,Maison,59.0,198500.0,3364.41,2024-11-14
Antoingt,63005,63340,Maison,210.0,118500.0,564.29,2024-11-26
Châteldon,63102,63290,Maison,70.0,101300.0,1447.14,2024-11-21
Clermont-Ferrand,63113,63100,Maison,73.0,115570.0,1583.15,2024-09-27
Royat,63308,63130,Appartement,118.0,321400.0,2723.73,2024-11-18
Marat,63207,63480,Maison,155.0,95550.0,616.45,2024-11-28
Marat,63207,63480,Maison,155.0,95550.0,616.45,2024-11-28
Marat,63207,63480,Maison,155.0,95550.0,616.45,2024-11-28
Clermont-Ferrand,63113,63000,Appartement,67.0,120000.0,1791.04,2024-11-22
Clermont-Ferrand,63113,63000,Appartement,74.0,175000.0,2364.86,2024-11-21
Picherande,63279,63113,Maison,65.0,238980.0,3676.62,2024-11-25
Picherande,63279,63113,Maison,65.0,238980.0,3676.62,2024-11-25
Besse-et-Saint-Anastaise,63038,63610,Appartement,35.0,130000.0,3714.29,2024-11-20
Besse-et-Saint-Anastaise,63038,63610,Appartement,24.0,130000.0,5416.67,2024-11-20
Le Vernet-Sainte-Marguerite,63449,63710,Maison,60.0,98000.0,1633.33,2024-11-20
Saint-Genès-Champespe,63346,63850,Maison,121.0,42000.0,347.11,2024-11-22
Clermont-Ferrand,63113,63000,Appartement,69.0,119000.0,1724.64,2024-12-02
Viverols,63465,63840,Maison,140.0,598000.0,4271.43,2024-11-06
Viverols,63465,63840,Appartement,50.0,598000.0,11960.0,2024-11-06
Viverols,63465,63840,Appartement,90.0,598000.0,6644.44,2024-11-06
Giat,63165,63620,Maison,100.0,52000.0,520.0,2024-11-12
Chauriat,63106,63117,Maison,89.0,244850.0,2751.12,2024-11-07
Saint-Maurice-près-Pionsat,63377,63330,Maison,27.0,75000.0,2777.78,2024-11-08
Saint-Maurice-près-Pionsat,63377,63330,Maison,27.0,75000.0,2777.78,2024-11-08
Saint-Maurice-près-Pionsat,63377,63330,Maison,56.0,75000.0,1339.29,2024-11-08
Bourg-Lastic,63048,63760,Maison,110.0,20000.0,181.82,2024-11-14
Clermont-Ferrand,63113,63100,Maison,99.0,160000.0,1616.16,2024-11-12
Clermont-Ferrand,63113,63000,Appartement,32.0,78000.0,2437.5,2024-11-07
Saint-Sauves-d'Auvergne,63397,63950,Maison,41.0,101000.0,2463.41,2024-11-27
Thiers,63430,63300,Maison,90.0,28000.0,311.11,2024-01-12
Gerzat,63164,63360,Maison,122.0,220000.0,1803.28,2024-11-08
Clermont-Ferrand,63113,63100,Appartement,76.0,65000.0,855.26,2024-11-12
Gerzat,63164,63360,Appartement,79.0,197000.0,2493.67,2024-11-13
Clermont-Ferrand,63113,63000,Appartement,29.0,68000.0,2344.83,2024-11-12
Issoire,63178,63500,Maison,39.0,85000.0,2179.49,2024-11-25
Châteaugay,63099,63119,Appartement,36.0,64250.0,1784.72,2024-11-19
Cébazat,63063,63118,Appartement,41.0,120300.0,2934.15,2024-11-08
Clermont-Ferrand,63113,63000,Appartement,41.0,64600.0,1575.61,2024-11-19
Sainte-Agathe,63310,63120,Maison,180.0,90000.0,500.0,2024-11-05
Besse-et-Saint-Anastaise,63038,63610,Maison,87.0,245100.0,2817.24,2024-11-21
Clermont-Ferrand,63113,63000,Maison,68.0,170000.0,2500.0,2024-11-08
Clermont-Ferrand,63113,63000,Appartement,51.0,80000.0,1568.63,2024-11-21
Saint-Georges-de-Mons,63349,63780,Maison,84.0,115000.0,1369.05,2024-11-04
Saint-Georges-de-Mons,63349,63780,Maison,92.0,115000.0,1250.0,2024-11-04
Saint-Georges-de-Mons,63349,63780,Maison,84.0,115000.0,1369.05,2024-11-04
Saint-Georges-de-Mons,63349,63780,Maison,83.0,115000.0,1385.54,2024-11-04
Clermont-Ferrand,63113,63100,Appartement,49.0,398000.0,8122.45,2024-11-21
Clermont-Ferrand,63113,63100,Appartement,23.0,398000.0,17304.35,2024-11-21
Clermont-Ferrand,63113,63100,Appartement,34.0,398000.0,11705.88,2024-11-21
Clermont-Ferrand,63113,63100,Appartement,30.0,398000.0,13266.67,2024-11-21
Clermont-Ferrand,63113,63100,Appartement,38.0,398000.0,10473.68,2024-11-21
Clermont-Ferrand,63113,63100,Appartement,46.0,398000.0,8652.17,2024-11-21
Clermont-Ferrand,63113,63100,Appartement,22.0,398000.0,18090.91,2024-11-21
Clermont-Ferrand,63113,63100,Appartement,43.0,398000.0,9255.81,2024-11-21
Vertaizon,63453,63910,Maison,80.0,120000.0,1500.0,2024-11-06
Saint-Georges-de-Mons,63349,63780,Maison,50.0,190500.0,3810.0,2024-11-04
Saint-Georges-de-Mons,63349,63780,Maison,49.0,190500.0,3887.76,2024-11-04
Saint-Georges-de-Mons,63349,63780,Maison,49.0,190500.0,3887.76,2024-11-04
Saint-Georges-de-Mons,63349,63780,Maison,49.0,190500.0,3887.76,2024-11-04
Saint-Georges-de-Mons,63349,63780,Maison,94.0,190500.0,2026.6,2024-11-04
Saint-Georges-de-Mons,63349,63780,Maison,100.0,190500.0,1905.0,2024-11-04
Saint-Georges-de-Mons,63349,63780,Maison,100.0,190500.0,1905.0,2024-11-04
Saint-Georges-de-Mons,63349,63780,Maison,80.0,190500.0,2381.25,2024-11-04
Aubière,63014,63170,Maison,100.0,147100.0,1471.0,2024-11-22
Romagnat,63307,63540,Maison,84.0,234500.0,2791.67,2024-11-20
Vernines,63451,63210,Maison,97.0,97000.0,1000.0,2024-11-23
Clermont-Ferrand,63113,63000,Appartement,68.0,235000.0,3455.88,2024-11-05
Blanzat,63042,63112,Maison,80.0,280000.0,3500.0,2024-11-26
Les Martres-de-Veyre,63214,63730,Maison,107.0,259000.0,2420.56,2024-11-13
Clermont-Ferrand,63113,63000,Appartement,65.0,165000.0,2538.46,2024-11-25
Saint-Just,63371,63600,Maison,108.0,90000.0,833.33,2024-11-22
Clermont-Ferrand,63113,63000,Appartement,60.0,113000.0,1883.33,2024-11-26
La Roche-Blanche,63302,63670,Maison,123.0,342950.0,2788.21,2024-11-25
La Roche-Blanche,63302,63670,Maison,123.0,342950.0,2788.21,2024-11-25
Clermont-Ferrand,63113,63100,Appartement,73.0,168100.0,2302.74,2024-11-29
Ambert,63003,63600,Maison,117.0,92000.0,786.32,2024-11-14
Ambert,63003,63600,Maison,117.0,92000.0,786.32,2024-11-14
Auzat-la-Combelle,63022,63570,Maison,67.0,75000.0,1119.4,2024-11-13
Châteldon,63102,63290,Maison,62.0,136000.0,2193.55,2024-11-26
Châteldon,63102,63290,Maison,62.0,136000.0,2193.55,2024-11-26
Saint-Amant-Tallende,63315,63450,Maison,140.0,353750.0,2526.79,2024-11-29
Saint-Amant-Tallende,63315,63450,Maison,140.0,353750.0,2526.79,2024-11-29
Le Cendre,63069,63670,Appartement,67.0,142000.0,2119.4,2024-11-25
Billom,63040,63160,Maison,88.0,202300.0,2298.86,2024-11-25
Billom,63040,63160,Maison,88.0,202300.0,2298.86,2024-11-25
Clermont-Ferrand,63113,63000,Appartement,77.0,113000.0,1467.53,2024-11-27
Riom,63300,63200,Appartement,75.0,126150.0,1682.0,2024-11-13
Riom,63300,63200,Maison,68.0,187280.0,2754.12,2024-11-14
Clermont-Ferrand,63113,63000,Appartement,40.0,90600.0,2265.0,2024-11-20
Mirefleurs,63227,63730,Maison,104.0,375000.0,3605.77,2024-11-26
Besse-et-Saint-Anastaise,63038,63610,Appartement,35.0,101500.0,2900.0,2024-11-19
Chamalières,63075,63400,Appartement,40.0,96200.0,2405.0,2024-11-21
Clermont-Ferrand,63113,63100,Maison,112.0,258000.0,2303.57,2024-11-20
Clermont-Ferrand,63113,63100,Appartement,61.0,105000.0,1721.31,2024-11-22
Clermont-Ferrand,63113,63000,Appartement,31.0,76000.0,2451.61,2024-11-06
Clermont-Ferrand,63113,63100,Maison,87.0,142000.0,1632.18,2024-11-25
Clermont-Ferrand,63113,63000,Appartement,57.0,115291.0,2022.65,2024-11-26
Mirefleurs,63227,63730,Maison,97.0,342000.0,3525.77,2024-11-29
Cournon-d'Auvergne,63124,63800,Appartement,58.0,134000.0,2310.34,2024-11-29
Cébazat,63063,63118,Maison,100.0,226500.0,2265.0,2024-11-21
Clermont-Ferrand,63113,63000,Appartement,27.0,65000.0,2407.41,2024-11-19
Clermont-Ferrand,63113,63000,Appartement,37.0,62000.0,1675.68,2024-11-12
Clermont-Ferrand,63113,63100,Appartement,47.0,135365.0,2880.11,2024-11-26
Chamalières,63075,63400,Appartement,75.0,140000.0,1866.67,2024-11-26
Courpière,63125,63120,Maison,44.0,138000.0,3136.36,2024-11-22
Fayet-le-Château,63157,63160,Maison,15.0,57757.31,3850.49,2024-11-27
Fayet-le-Château,63157,63160,Maison,80.0,57757.31,721.97,2024-11-27
Issoire,63178,63500,Maison,77.0,143000.0,1857.14,2024-07-12
Le Cendre,63069,63670,Maison,167.0,361891.0,2167.01,2024-11-08
Le Cendre,63069,63670,Maison,167.0,361891.0,2167.01,2024-11-08
Auzat-la-Combelle,63022,63570,Maison,98.0,170000.0,1734.69,2024-11-20
Auzat-la-Combelle,63022,63570,Maison,98.0,170000.0,1734.69,2024-11-20
Auzat-la-Combelle,63022,63570,Maison,98.0,170000.0,1734.69,2024-11-20
Ceyrat,63070,63122,Maison,95.0,336500.0,3542.11,2024-11-29
Clermont-Ferrand,63113,63000,Appartement,38.0,60000.0,1578.95,2024-11-22
Saint-Sandoux,63395,63450,Maison,64.0,69800.0,1090.62,2024-11-28
Clermont-Ferrand,63113,63000,Appartement,79.0,162750.0,2060.13,2024-11-19
Clermont-Ferrand,63113,63100,Appartement,75.0,68600.0,914.67,2024-11-22
Romagnat,63307,63540,Appartement,44.0,121500.0,2761.36,2024-11-13
Clermont-Ferrand,63113,63000,Appartement,125.0,318000.0,2544.0,2024-11-28
Le Cendre,63069,63670,Maison,92.0,291090.0,3164.02,2024-11-25
Royat,63308,63130,Appartement,73.0,148325.36,2031.85,2024-11-27
Thiers,63430,63300,Appartement,65.0,55000.0,846.15,2024-11-22
Thiers,63430,63300,Appartement,65.0,55000.0,846.15,2024-11-22
Thiers,63430,63300,Appartement,65.0,55000.0,846.15,2024-11-22
Clermont-Ferrand,63113,63000,Appartement,61.0,130000.0,2131.15,2024-11-22
Clermont-Ferrand,63113,63000,Appartement,90.0,142500.0,1583.33,2024-11-12
Thiers,63430,63300,Appartement,56.0,134000.0,2392.86,2024-11-27
Thiers,63430,63300,Appartement,55.0,134000.0,2436.36,2024-11-27
Thiers,63430,63300,Appartement,55.0,134000.0,2436.36,2024-11-27
Thiers,63430,63300,Appartement,56.0,134000.0,2392.86,2024-11-27
Auzat-la-Combelle,63022,63570,Maison,90.0,161420.0,1793.56,2024-11-08
Thiers,63430,63300,Maison,70.0,138000.0,1971.43,2024-11-27
Thiers,63430,63300,Maison,70.0,138000.0,1971.43,2024-11-27
Auzat-la-Combelle,63022,63570,Maison,76.0,124000.0,1631.58,2024-11-08
Auzat-la-Combelle,63022,63570,Maison,62.0,99600.0,1606.45,2024-11-18
Brassac-les-Mines,63050,63570,Maison,125.0,162900.0,1303.2,2024-11-18
Brassac-les-Mines,63050,63570,Maison,74.0,80000.0,1081.08,2024-11-12
Ceyrat,63070,63122,Maison,100.0,337000.0,3370.0,2024-11-29
Jozerand,63181,63460,Maison,106.0,260700.0,2459.43,2024-11-22
Jozerand,63181,63460,Maison,106.0,260700.0,2459.43,2024-11-22
Effiat,63143,63260,Appartement,120.0,235000.0,1958.33,2024-11-20
Effiat,63143,63260,Appartement,120.0,235000.0,1958.33,2024-11-20
Saint-Just,63371,63600,Maison,108.0,114000.0,1055.56,2024-10-30
Aubière,63014,63170,Maison,100.0,236100.0,2361.0,2024-11-18
Besse-et-Saint-Anastaise,63038,63610,Appartement,23.0,72450.0,3150.0,2024-11-18
Gerzat,63164,63360,Maison,87.0,53000.0,609.2,2024-09-13
La Bourboule,63047,63150,Appartement,97.0,186000.0,1917.53,2024-11-12
Chamalières,63075,63400,Appartement,56.0,150200.0,2682.14,2024-11-25
Clermont-Ferrand,63113,63000,Appartement,58.0,89400.0,1541.38,2024-11-29
Vollore-Ville,63469,63120,Maison,70.0,65700.0,938.57,2024-11-20
Thiers,63430,63300,Maison,105.0,35000.0,333.33,2024-11-25
Chamalières,63075,63400,Appartement,62.0,130150.0,2099.19,2024-11-25
Saint-Laure,63372,63350,Maison,93.0,250800.0,2696.77,2024-11-25
Mur-sur-Allier,63226,63115,Maison,60.0,165759.16,2762.65,2024-11-13
Clermont-Ferrand,63113,63000,Appartement,36.0,126530.0,3514.72,2024-11-26
Aulnat,63019,63510,Maison,20.0,48000.0,2400.0,2024-12-05
Clermont-Ferrand,63113,63000,Maison,125.0,252000.0,2016.0,2024-11-19
Saint-Martin-des-Olmes,63374,63600,Maison,55.0,55000.0,1000.0,2024-11-12
Besse-et-Saint-Anastaise,63038,63610,Appartement,26.0,82800.0,3184.62,2024-11-19
Mont-Dore,63236,63240,Maison,53.0,159900.0,3016.98,2024-11-16
Mont-Dore,63236,63240,Maison,53.0,159900.0,3016.98,2024-11-16
Arconsat,63008,63250,Maison,75.0,7000.0,93.33,2024-11-27
Saint-Genès-Champanelle,63345,63122,Maison,145.0,287400.0,1982.07,2024-11-18
Larodde,63190,63690,Maison,80.0,93000.0,1162.5,2024-11-20
Larodde,63190,63690,Maison,80.0,93000.0,1162.5,2024-11-20
Mur-sur-Allier,63226,63115,Maison,93.0,288200.0,3098.92,2024-11-14
Aigueperse,63001,63260,Maison,91.0,151500.0,1664.84,2024-11-21
Saint-Myon,63379,63460,Maison,62.0,106800.0,1722.58,2024-11-19
Gerzat,63164,63360,Appartement,118.0,88900.0,753.39,2024-11-20
Thuret,63432,63260,Maison,88.0,202350.0,2299.43,2024-11-22
Clermont-Ferrand,63113,63100,Appartement,67.0,152200.0,2271.64,2024-11-18
Randan,63295,63310,Maison,66.0,25000.0,378.79,2024-11-21
Riom,63300,63200,Maison,80.0,125000.0,1562.5,2024-11-26
Thiers,63430,63300,Maison,115.0,45000.0,391.3,2024-11-22
Mons,63232,63310,Maison,176.0,233500.0,1326.7,2024-11-21
Mons,63232,63310,Maison,176.0,233500.0,1326.7,2024-11-21
Châtel-Guyon,63103,63140,Appartement,15.0,31100.0,2073.33,2024-11-21
Clermont-Ferrand,63113,63000,Maison,107.0,229000.0,2140.19,2024-11-08
Clermont-Ferrand,63113,63000,Appartement,23.0,64000.0,2782.61,2024-11-25
Clermont-Ferrand,63113,63000,Appartement,22.0,63800.0,2900.0,2024-11-21
Clermont-Ferrand,63113,63000,Appartement,70.0,171300.0,2447.14,2024-11-22
Veyre-Monton,63455,63960,Maison,280.0,428000.0,1528.57,2024-11-20
Manglieu,63205,63270,Maison,110.0,206100.0,1873.64,2024-11-08
Manglieu,63205,63270,Maison,110.0,206100.0,1873.64,2024-11-08
Chambon-sur-Lac,63077,63790,Appartement,26.0,85500.0,3288.46,2024-12-02
Brenat,63051,63500,Maison,98.0,70000.0,714.29,2024-11-22
Brenat,63051,63500,Appartement,28.0,70000.0,2500.0,2024-11-22
Mont-Dore,63236,63240,Appartement,34.0,79500.0,2338.24,2024-11-20
Combronde,63116,63460,Maison,90.0,195950.0,2177.22,2024-11-22
Brassac-les-Mines,63050,63570,Maison,135.0,183000.0,1355.56,2024-12-02
Brassac-les-Mines,63050,63570,Maison,135.0,183000.0,1355.56,2024-12-02
Saint-Georges-de-Mons,63349,63780,Maison,83.0,106000.0,1277.11,2024-12-02
Saint-Georges-de-Mons,63349,63780,Maison,77.0,106000.0,1376.62,2024-12-02
Saint-Georges-de-Mons,63349,63780,Maison,81.0,106000.0,1308.64,2024-12-02
Saint-Georges-de-Mons,63349,63780,Maison,93.0,106000.0,1139.78,2024-12-02
Saint-Georges-de-Mons,63349,63780,Maison,49.0,70000.0,1428.57,2024-12-02
Saint-Georges-de-Mons,63349,63780,Maison,49.0,70000.0,1428.57,2024-12-02
Saint-Georges-de-Mons,63349,63780,Maison,49.0,70000.0,1428.57,2024-12-02
Saint-Georges-de-Mons,63349,63780,Maison,49.0,70000.0,1428.57,2024-12-02
Issoire,63178,63500,Appartement,60.0,107700.0,1795.0,2024-11-30
Clermont-Ferrand,63113,63000,Appartement,47.0,88550.0,1884.04,2024-12-03
Clermont-Ferrand,63113,63100,Appartement,55.0,88500.0,1609.09,2024-12-02
Saint-Germain-Lembron,63352,63340,Maison,186.0,319000.0,1715.05,2024-11-20
Saint-Germain-Lembron,63352,63340,Maison,186.0,319000.0,1715.05,2024-11-20
Saint-Germain-Lembron,63352,63340,Maison,16.0,6000.0,375.0,2024-11-18
Saint-Germain-Lembron,63352,63340,Appartement,65.0,30000.0,461.54,2024-11-18
Saint-Germain-Lembron,63352,63340,Appartement,30.0,30000.0,1000.0,2024-11-18
Saint-Germain-Lembron,63352,63340,Maison,44.0,30000.0,681.82,2024-11-18
Mont-Dore,63236,63240,Appartement,39.0,85000.0,2179.49,2024-11-19
Clermont-Ferrand,63113,63000,Appartement,69.0,221000.0,3202.9,2024-12-02
Madriat,63202,63340,Maison,191.0,113000.0,591.62,2024-11-22
Tours-sur-Meymont,63434,63590,Maison,72.0,80000.0,1111.11,2024-11-12
Job,63179,63990,Maison,73.0,74000.0,1013.7,2024-11-14
Ambert,63003,63600,Maison,71.0,92592.0,1304.11,2024-11-18
Ambert,63003,63600,Maison,71.0,92592.0,1304.11,2024-11-18
Combronde,63116,63460,Maison,41.0,29600.0,721.95,2024-12-02
Giat,63165,63620,Maison,115.0,80000.0,695.65,2024-11-19
Riom,63300,63200,Appartement,51.0,127000.0,2490.2,2024-11-25
Clermont-Ferrand,63113,63100,Maison,70.0,160000.0,2285.71,2024-11-27
La Bourboule,63047,63150,Maison,73.0,83000.0,1136.99,2024-11-20
Riom,63300,63200,Appartement,30.0,220400.0,7346.67,2024-11-29
Riom,63300,63200,Appartement,40.0,220400.0,5510.0,2024-11-29
Riom,63300,63200,Appartement,70.0,220400.0,3148.57,2024-11-29
Sayat,63417,63530,Maison,110.0,219019.0,1991.08,2024-11-28
Riom,63300,63200,Appartement,55.0,62000.0,1127.27,2024-11-29
Ceyrat,63070,63122,Maison,60.0,100000.0,1666.67,2024-11-14
Gerzat,63164,63360,Appartement,55.0,90000.0,1636.36,2024-11-28
Clermont-Ferrand,63113,63000,Appartement,62.0,128000.0,2064.52,2024-11-29
Clermont-Ferrand,63113,63000,Appartement,65.0,83000.0,1276.92,2024-11-28
Grandeyrolles,63172,63320,Maison,50.0,38000.0,760.0,2024-11-29
Grandeyrolles,63172,63320,Maison,50.0,38000.0,760.0,2024-11-29
Issoire,63178,63500,Maison,40.0,102770.0,2569.25,2024-11-28
Menat,63223,63560,Maison,100.0,30000.0,300.0,2024-11-27
Clermont-Ferrand,63113,63000,Maison,89.0,122000.0,1370.79,2024-12-04
Saint-Éloy-les-Mines,63338,63700,Maison,60.0,65000.0,1083.33,2024-12-04
Saint-Julien-de-Coppel,63368,63160,Maison,117.0,248900.0,2127.35,2024-11-08
Saint-Julien-de-Coppel,63368,63160,Maison,117.0,248900.0,2127.35,2024-11-08
Saint-Jean-des-Ollières,63365,63520,Maison,90.0,118750.0,1319.44,2024-11-29
Clermont-Ferrand,63113,63100,Appartement,96.0,107000.0,1114.58,2024-12-02
Veyre-Monton,63455,63960,Maison,77.0,191000.0,2480.52,2024-11-27
Veyre-Monton,63455,63960,Maison,77.0,191000.0,2480.52,2024-11-27
Chambaron sur Morge,63244,63200,Maison,100.0,241500.0,2415.0,2024-12-03
Plauzat,63282,63730,Maison,70.0,45000.0,642.86,2024-12-03
Plauzat,63282,63730,Maison,30.0,45000.0,1500.0,2024-12-03
Isserteaux,63177,63270,Maison,223.0,231000.0,1035.87,2024-11-27
Isserteaux,63177,63270,Maison,223.0,231000.0,1035.87,2024-11-27
Saint-Ignat,63362,63720,Maison,70.0,200000.0,2857.14,2024-11-20
Saint-Ignat,63362,63720,Maison,70.0,200000.0,2857.14,2024-11-20
Clermont-Ferrand,63113,63000,Appartement,56.0,72000.0,1285.71,2024-11-28
Courpière,63125,63120,Maison,66.0,106500.0,1613.64,2024-12-04
Saint-Genès-Champanelle,63345,63122,Maison,105.0,140000.0,1333.33,2024-11-27
Riom,63300,63200,Appartement,65.0,188705.0,2903.15,2024-11-28
Gerzat,63164,63360,Maison,87.0,197500.0,2270.11,2024-11-28
Ennezat,63148,63720,Maison,110.0,300000.0,2727.27,2024-11-25
Ennezat,63148,63720,Maison,110.0,300000.0,2727.27,2024-11-25
Ennezat,63148,63720,Maison,110.0,300000.0,2727.27,2024-11-25
Romagnat,63307,63540,Maison,67.0,184600.0,2755.22,2024-12-05
Clerlande,63112,63720,Maison,169.0,402000.0,2378.7,2024-11-27
Clerlande,63112,63720,Maison,169.0,402000.0,2378.7,2024-11-27
Aydat,63026,63970,Maison,94.0,265000.0,2819.15,2024-12-02
Ennezat,63148,63720,Maison,110.0,396800.0,3607.27,2024-11-29
Mazaye,63219,63230,Maison,90.0,98800.0,1097.78,2024-11-28
Sauvagnat,63410,63470,Appartement,96.0,210000.0,2187.5,2024-11-29
Sauvagnat,63410,63470,Appartement,40.0,210000.0,5250.0,2024-11-29
Clermont-Ferrand,63113,63000,Appartement,21.0,60300.0,2871.43,2024-11-20
Clermont-Ferrand,63113,63100,Appartement,44.0,85000.0,1931.82,2024-12-03
Bourg-Lastic,63048,63760,Appartement,62.0,128000.0,2064.52,2024-12-02
Bourg-Lastic,63048,63760,Appartement,60.0,128000.0,2133.33,2024-12-02
Chamalières,63075,63400,Appartement,54.0,117100.0,2168.52,2024-11-28
Clermont-Ferrand,63113,63000,Appartement,62.0,193000.0,3112.9,2024-12-06
Prondines,63289,63470,Maison,110.0,100500.0,913.64,2024-11-27
Prondines,63289,63470,Maison,110.0,100500.0,913.64,2024-11-27
La Bourboule,63047,63150,Appartement,54.0,69630.0,1289.44,2024-11-19
La Bourboule,63047,63150,Appartement,18.0,69630.0,3868.33,2024-11-19
La Bourboule,63047,63150,Appartement,19.0,69630.0,3664.74,2024-11-19
La Bourboule,63047,63150,Appartement,52.0,69630.0,1339.04,2024-11-19
La Bourboule,63047,63150,Appartement,19.0,69630.0,3664.74,2024-11-19
Romagnat,63307,63540,Appartement,54.0,86000.0,1592.59,2024-12-04
Clermont-Ferrand,63113,63000,Appartement,67.0,92000.0,1373.13,2024-12-03
Orléat,63265,63190,Maison,140.0,230100.0,1643.57,2024-11-07
Lempdes,63193,63370,Maison,87.0,157000.0,1804.6,2024-12-06
Aubière,63014,63170,Appartement,25.0,58000.0,2320.0,2024-11-26
Cournon-d'Auvergne,63124,63800,Appartement,60.0,157000.0,2616.67,2024-11-29
Cébazat,63063,63118,Maison,135.0,352450.0,2610.74,2024-11-25
Aigueperse,63001,63260,Maison,36.0,135900.0,3775.0,2024-11-28
Orcet,63262,63670,Maison,124.0,298180.0,2404.68,2024-11-20
Aubière,63014,63170,Maison,101.0,170000.0,1683.17,2024-11-21
Clermont-Ferrand,63113,63000,Appartement,39.0,79060.0,2027.18,2024-11-26
Clermont-Ferrand,63113,63000,Appartement,66.0,105000.0,1590.91,2024-12-05
Aydat,63026,63970,Maison,130.0,175000.0,1346.15,2024-11-28
Aubière,63014,63170,Maison,190.0,330000.0,1736.84,2024-11-25
Aubière,63014,63170,Maison,190.0,330000.0,1736.84,2024-11-25
Royat,63308,63130,Appartement,67.0,291500.0,4350.75,2024-11-25
Royat,63308,63130,Appartement,55.0,291500.0,5300.0,2024-11-25
Clermont-Ferrand,63113,63000,Appartement,106.0,225950.0,2131.6,2024-11-29
Cournon-d'Auvergne,63124,63800,Maison,72.0,195700.0,2718.06,2024-11-26
Laps,63188,63270,Maison,80.0,20000.0,250.0,2024-12-05
Sallèdes,63405,63270,Maison,45.0,25000.0,555.56,2024-12-05
Ceyrat,63070,63122,Maison,41.0,110800.0,2702.44,2024-12-05
Aubière,63014,63170,Maison,190.0,360000.0,1894.74,2024-11-25
Aubière,63014,63170,Maison,190.0,360000.0,1894.74,2024-11-25
Clermont-Ferrand,63113,63000,Appartement,45.0,250000.0,5555.56,2024-12-06
Clermont-Ferrand,63113,63000,Appartement,53.0,250000.0,4716.98,2024-12-06
Clermont-Ferrand,63113,63000,Appartement,53.0,250000.0,4716.98,2024-12-06
Clermont-Ferrand,63113,63000,Appartement,53.0,250000.0,4716.98,2024-12-06
Clermont-Ferrand,63113,63000,Appartement,20.0,250000.0,12500.0,2024-12-06
Le Crest,63126,63450,Maison,150.0,253610.0,1690.73,2024-12-06
Riom,63300,63200,Maison,77.0,197000.0,2558.44,2024-12-05
Orcines,63263,63870,Maison,126.0,328000.0,2603.17,2024-12-03
Clermont-Ferrand,63113,63100,Appartement,35.0,60000.0,1714.29,2024-11-29
Clermont-Ferrand,63113,63100,Appartement,16.0,60000.0,3750.0,2024-11-29
Clermont-Ferrand,63113,63100,Appartement,33.0,60000.0,1818.18,2024-11-29
Clermont-Ferrand,63113,63100,Appartement,45.0,60000.0,1333.33,2024-11-29
Pérignat-lès-Sarliève,63272,63170,Maison,130.0,425500.0,3273.08,2024-11-29
Aydat,63026,63970,Maison,223.0,490000.0,2197.31,2024-12-02
Aydat,63026,63970,Maison,223.0,490000.0,2197.31,2024-12-02
Aydat,63026,63970,Maison,223.0,490000.0,2197.31,2024-12-02
Chastreix,63098,63680,Maison,55.0,146280.0,2659.64,2024-11-29
Beaumont,63032,63110,Maison,90.0,308750.0,3430.56,2024-12-06
La Roche-Noire,63306,63800,Maison,80.0,91500.0,1143.75,2024-11-29
Saint-Rémy-sur-Durolle,63393,63550,Maison,100.0,57600.0,576.0,2024-10-29
Clermont-Ferrand,63113,63000,Appartement,53.0,150000.0,2830.19,2024-11-29
Cébazat,63063,63118,Maison,90.0,241350.0,2681.67,2024-11-25
Aubière,63014,63170,Maison,87.0,223950.0,2574.14,2024-11-25
Billom,63040,63160,Maison,79.0,150000.0,1898.73,2024-12-04
Clermont-Ferrand,63113,63100,Appartement,70.0,68850.0,983.57,2024-11-22
Vic-le-Comte,63457,63270,Maison,99.0,120000.0,1212.12,2024-11-21
Coudes,63121,63114,Maison,82.0,242350.0,2955.49,2024-11-28
Saint-Dier-d'Auvergne,63334,63520,Maison,36.0,32000.0,888.89,2024-12-06
Auzat-la-Combelle,63022,63570,Maison,88.0,112000.0,1272.73,2024-11-28
Clermont-Ferrand,63113,63000,Appartement,33.0,77000.0,2333.33,2024-11-22
Clermont-Ferrand,63113,63100,Appartement,76.0,66700.0,877.63,2024-12-06
Enval,63150,63530,Maison,112.0,298300.0,2663.39,2024-12-09
Clermont-Ferrand,63113,63000,Appartement,41.0,92000.0,2243.9,2024-12-04
Clermont-Ferrand,63113,63000,Appartement,60.0,129800.0,2163.33,2024-12-02
Aydat,63026,63970,Maison,124.0,316000.0,2548.39,2024-11-27
Beaumont,63032,63110,Appartement,64.0,182600.0,2853.12,2024-11-27
Clermont-Ferrand,63113,63000,Appartement,71.0,105000.0,1478.87,2024-12-02
Espirat,63154,63160,Maison,104.0,135000.0,1298.08,2024-11-27
Pont-du-Château,63284,63430,Maison,52.0,116100.0,2232.69,2024-11-26
Ennezat,63148,63720,Maison,110.0,262000.0,2381.82,2024-11-27
Romagnat,63307,63540,Maison,136.0,329800.0,2425.0,2024-11-25
Brassac-les-Mines,63050,63570,Maison,76.0,20000.0,263.16,2024-12-03
Volvic,63470,63530,Maison,58.0,160000.0,2758.62,2024-11-25
Cébazat,63063,63118,Maison,85.0,108000.0,1270.59,2024-12-02
Billom,63040,63160,Maison,120.0,203000.0,1691.67,2024-12-10
Cournon-d'Auvergne,63124,63800,Maison,91.0,199500.0,2192.31,2024-11-26
Aubière,63014,63170,Maison,83.0,275500.0,3319.28,2024-12-06
Peschadoires,63276,63920,Maison,110.0,89000.0,809.09,2024-11-12
La Cellette,63067,63330,Maison,80.0,134100.0,1676.25,2024-11-29
Chamalières,63075,63400,Appartement,60.0,191900.0,3198.33,2024-12-05
Pont-du-Château,63284,63430,Maison,118.0,172554.2,1462.32,2024-12-09
Lussat,63200,63360,Maison,68.0,201500.0,2963.24,2024-11-27
Clermont-Ferrand,63113,63000,Appartement,78.0,236748.0,3035.23,2024-12-06
Riom,63300,63200,Appartement,102.0,185000.0,1813.73,2024-11-26
Clermont-Ferrand,63113,63000,Appartement,61.0,187030.0,3066.07,2024-12-06
Clermont-Ferrand,63113,63000,Maison,130.0,200000.0,1538.46,2024-12-06
Montpeyroux,63241,63114,Maison,138.0,299250.0,2168.48,2024-11-29
Aubière,63014,63170,Appartement,61.0,112100.0,1837.7,2024-11-25
Lezoux,63195,63190,Maison,69.0,160500.0,2326.09,2024-11-28
Lapeyrouse,63187,63700,Maison,63.0,149000.0,2365.08,2024-11-14
Lapeyrouse,63187,63700,Maison,63.0,149000.0,2365.08,2024-11-14
Lapeyrouse,63187,63700,Maison,63.0,149000.0,2365.08,2024-11-14
Les Martres-de-Veyre,63214,63730,Maison,113.0,280250.0,2480.09,2024-11-25
Clermont-Ferrand,63113,63000,Appartement,69.0,117000.0,1695.65,2024-12-02
Clermont-Ferrand,63113,63100,Maison,120.0,218000.0,1816.67,2024-11-28
Clermont-Ferrand,63113,63100,Appartement,63.0,138000.0,2190.48,2024-12-04
Vertaizon,63453,63910,Maison,102.0,200100.0,1961.76,2024-11-20
Les Martres-de-Veyre,63214,63730,Maison,53.0,80800.0,1524.53,2024-12-03
Clermont-Ferrand,63113,63000,Maison,46.0,156750.0,3407.61,2024-12-04
Les Martres-de-Veyre,63214,63730,Maison,82.0,233000.0,2841.46,2024-11-25
Chamalières,63075,63400,Appartement,73.0,103000.0,1410.96,2024-12-02
Saint-Anthème,63319,63660,Maison,97.0,190000.0,1958.76,2024-11-28
Saint-Saturnin,63396,63450,Maison,78.0,125000.0,1602.56,2024-12-06
Chidrac,63109,63320,Maison,141.0,218860.0,1552.2,2024-12-06
Riom,63300,63200,Maison,174.0,414586.0,2382.68,2024-11-28
Marsac-en-Livradois,63211,63940,Maison,105.0,110850.0,1055.71,2024-11-19
Menat,63223,63560,Maison,145.0,105000.0,724.14,2024-11-27
Celles-sur-Durolle,63066,63250,Maison,37.0,36000.0,972.97,2024-11-19
Celles-sur-Durolle,63066,63250,Maison,30.0,36000.0,1200.0,2024-11-19
Ceyrat,63070,63122,Maison,116.0,318190.0,2743.02,2024-12-04
Gerzat,63164,63360,Appartement,62.0,73748.0,1189.48,2024-11-19
Orbeil,63261,63500,Maison,20.0,240000.0,12000.0,2024-11-21
Orbeil,63261,63500,Maison,91.0,240000.0,2637.36,2024-11-21
La Bourboule,63047,63150,Appartement,98.0,283010.0,2887.86,2024-11-26
Romagnat,63307,63540,Maison,95.0,294000.0,3094.74,2024-11-29
Les Martres-de-Veyre,63214,63730,Maison,95.0,208800.0,2197.89,2024-11-26
Clermont-Ferrand,63113,63100,Appartement,55.0,78000.0,1418.18,2024-11-28
Beauregard-l'Évêque,63034,63116,Maison,129.0,290000.0,2248.06,2024-12-02
Beauregard-l'Évêque,63034,63116,Maison,129.0,290000.0,2248.06,2024-12-02
Issoire,63178,63500,Maison,159.0,450000.0,2830.19,2024-12-06
Issoire,63178,63500,Maison,159.0,450000.0,2830.19,2024-12-06
Riom,63300,63200,Appartement,37.0,53000.0,1432.43,2024-11-27
Lezoux,63195,63190,Maison,119.0,286810.0,2410.17,2024-12-05
Aubière,63014,63170,Maison,125.0,271124.0,2168.99,2024-11-28
Saint-Floret,63342,63320,Maison,35.0,203260.0,5807.43,2024-12-07
Saint-Floret,63342,63320,Maison,96.0,203260.0,2117.29,2024-12-07
Issoire,63178,63500,Appartement,28.0,42805.0,1528.75,2024-11-22
Issoire,63178,63500,Maison,45.0,61750.0,1372.22,2024-12-06
Combronde,63116,63460,Maison,78.0,125000.0,1602.56,2024-12-05
Beaulieu,63031,63570,Maison,78.0,90000.0,1153.85,2024-11-26
Auzat-la-Combelle,63022,63570,Maison,74.0,122700.0,1658.11,2024-11-26
Lempdes,63193,63370,Maison,77.0,266500.0,3461.04,2024-12-10
La Bourboule,63047,63150,Appartement,20.0,41180.0,2059.0,2024-11-26
Thiers,63430,63300,Maison,78.0,50000.0,641.03,2024-11-19
Murat-le-Quaire,63246,63150,Maison,158.0,348175.0,2203.64,2024-11-25
Murat-le-Quaire,63246,63150,Maison,158.0,348175.0,2203.64,2024-11-25
Pont-du-Château,63284,63430,Maison,54.0,90000.0,1666.67,2024-11-28
Clermont-Ferrand,63113,63100,Appartement,90.0,130000.0,1444.44,2024-11-27
Volvic,63470,63530,Maison,70.0,63500.0,907.14,2024-11-29
Riom,63300,63200,Appartement,41.0,119000.0,2902.44,2024-11-23
La Bourboule,63047,63150,Appartement,23.0,188100.0,8178.26,2024-11-28
La Bourboule,63047,63150,Appartement,22.0,188100.0,8550.0,2024-11-28
La Bourboule,63047,63150,Appartement,44.0,188100.0,4275.0,2024-11-28
La Bourboule,63047,63150,Appartement,22.0,188100.0,8550.0,2024-11-28
Mont-Dore,63236,63240,Appartement,48.0,148420.0,3092.08,2024-11-23
Sayat,63417,63530,Maison,70.0,50000.0,714.29,2024-11-22
La Bourboule,63047,63150,Maison,18.0,18000.0,1000.0,2024-11-27
Biollet,63041,63640,Maison,156.0,160000.0,1025.64,2024-11-26
Biollet,63041,63640,Maison,156.0,160000.0,1025.64,2024-11-26
Biollet,63041,63640,Maison,156.0,160000.0,1025.64,2024-11-26
La Renaudie,63298,63930,Maison,135.0,120000.0,888.89,2024-12-06
Cournon-d'Auvergne,63124,63800,Maison,125.0,120000.0,960.0,2024-12-05
Trézioux,63438,63520,Maison,60.0,60000.0,1000.0,2024-11-28
Saint-Germain-Lembron,63352,63340,Maison,194.0,189050.0,974.48,2024-12-09
Besse-et-Saint-Anastaise,63038,63610,Appartement,31.0,70000.0,2258.06,2024-11-20
Le Vernet-Sainte-Marguerite,63449,63710,Maison,75.0,175000.0,2333.33,2024-11-27
Clermont-Ferrand,63113,63100,Appartement,58.0,80000.0,1379.31,2024-12-09
Lempdes,63193,63370,Maison,76.0,1274700.0,16772.37,2024-11-25
Clermont-Ferrand,63113,63000,Appartement,41.0,104500.0,2548.78,2024-11-26
Clermont-Ferrand,63113,63000,Appartement,48.0,134549.0,2803.1,2024-12-05
Beaumont,63032,63110,Maison,70.0,58000.0,828.57,2024-12-09
Beaumont,63032,63110,Maison,48.0,58000.0,1208.33,2024-12-09
Bort-l'Étang,63045,63190,Maison,101.0,214400.0,2122.77,2024-12-06
Bort-l'Étang,63045,63190,Maison,101.0,214400.0,2122.77,2024-12-06
Saint-Beauzire,63322,63360,Maison,75.0,185000.0,2466.67,2024-12-02
Vic-le-Comte,63457,63270,Maison,100.0,342000.0,3420.0,2024-12-02
Orcival,63264,63210,Maison,120.0,176610.0,1471.75,2024-11-21
Chamalières,63075,63400,Maison,88.0,283000.0,3215.91,2024-12-05
Chanonat,63084,63450,Maison,127.0,302050.0,2378.35,2024-12-07
Chanonat,63084,63450,Maison,127.0,302050.0,2378.35,2024-12-07
Aulnat,63019,63510,Maison,107.0,271000.0,2532.71,2024-12-06
Royat,63308,63130,Maison,75.0,201000.0,2680.0,2024-11-26
Cournon-d'Auvergne,63124,63800,Maison,94.0,219650.0,2336.7,2024-11-29
Aubière,63014,63170,Maison,140.0,370300.0,2645.0,2024-11-28
Clermont-Ferrand,63113,63000,Appartement,80.0,144430.0,1805.38,2024-11-27
Cébazat,63063,63118,Maison,117.0,269080.0,2299.83,2024-11-27
Clermont-Ferrand,63113,63100,Maison,56.0,188200.0,3360.71,2024-11-27
Billom,63040,63160,Maison,122.0,203000.0,1663.93,2024-11-28
Chas,63096,63160,Maison,150.0,275400.0,1836.0,2024-11-28
Romagnat,63307,63540,Maison,129.0,360700.0,2796.12,2024-12-04
Saint-Genès-Champanelle,63345,63122,Maison,83.0,303650.0,3658.43,2024-12-06
Saint-Genès-Champanelle,63345,63122,Maison,83.0,303650.0,3658.43,2024-12-06
Aubière,63014,63170,Maison,91.0,288000.0,3164.84,2024-12-05
Vertaizon,63453,63910,Maison,98.0,212500.0,2168.37,2024-11-28
Saint-Georges-de-Mons,63349,63780,Maison,81.0,90000.0,1111.11,2024-12-05
Saint-Georges-de-Mons,63349,63780,Maison,101.0,90000.0,891.09,2024-12-05
Saint-Georges-de-Mons,63349,63780,Maison,99.0,90000.0,909.09,2024-12-05
Saint-Georges-de-Mons,63349,63780,Maison,82.0,90000.0,1097.56,2024-12-05
Ceyrat,63070,63122,Maison,135.0,478000.0,3540.74,2024-11-29
Ceyrat,63070,63122,Maison,135.0,478000.0,3540.74,2024-11-29
Clermont-Ferrand,63113,63000,Maison,90.0,85000.0,944.44,2024-12-10
Reignat,63297,63160,Maison,149.0,319250.0,2142.62,2024-12-11
Cunlhat,63132,63590,Maison,130.0,160600.0,1235.38,2024-11-20
Cunlhat,63132,63590,Maison,130.0,160600.0,1235.38,2024-11-20
Gelles,63163,63740,Maison,89.0,247500.0,2780.9,2024-12-02
Marsat,63212,63200,Maison,133.0,420000.0,3157.89,2024-12-11
Saint-Maurice-près-Pionsat,63377,63330,Maison,65.0,89000.0,1369.23,2024-11-29
Tourzel-Ronzières,63435,63320,Maison,50.0,55000.0,1100.0,2024-12-04
Thiers,63430,63300,Maison,86.0,35000.0,406.98,2024-12-11
Paslières,63271,63290,Maison,94.0,170000.0,1808.51,2024-12-03
Moissat,63229,63190,Maison,82.0,194500.0,2371.95,2024-12-11
Varennes-sur-Morge,63443,63720,Maison,116.0,257000.0,2215.52,2024-11-29
Billom,63040,63160,Maison,75.0,86000.0,1146.67,2024-11-26
Clermont-Ferrand,63113,63000,Appartement,70.0,85000.0,1214.29,2024-11-29
Chamalières,63075,63400,Appartement,34.0,140500.0,4132.35,2024-12-04
Clermont-Ferrand,63113,63000,Appartement,126.0,294500.0,2337.3,2024-11-29
Charbonnières-les-Varennes,63092,63410,Maison,97.0,222100.0,2289.69,2024-11-29
Billom,63040,63160,Maison,130.0,200000.0,1538.46,2024-12-02
Gerzat,63164,63360,Maison,106.0,205000.0,1933.96,2024-09-04
Thiers,63430,63300,Appartement,31.0,25000.0,806.45,2024-12-06
Clermont-Ferrand,63113,63000,Maison,95.0,260000.0,2736.84,2024-12-04
Clermont-Ferrand,63113,63100,Maison,60.0,145000.0,2416.67,2024-11-22
Clermont-Ferrand,63113,63100,Appartement,84.0,320850.0,3819.64,2024-12-10
Clermont-Ferrand,63113,63000,Maison,38.0,50000.0,1315.79,2024-12-09
Clermont-Ferrand,63113,63100,Maison,97.0,198640.0,2047.84,2024-12-05
Ceyrat,63070,63122,Appartement,60.0,85000.0,1416.67,2024-11-14
Les Martres-de-Veyre,63214,63730,Maison,87.0,231900.0,2665.52,2024-12-03
Chamalières,63075,63400,Maison,103.0,265000.0,2572.82,2024-12-11
Randan,63295,63310,Maison,90.0,199200.0,2213.33,2024-12-05
Randan,63295,63310,Maison,110.0,167050.0,1518.64,2024-12-06
Randan,63295,63310,Maison,110.0,167050.0,1518.64,2024-12-06
Loubeyrat,63198,63410,Maison,45.0,82000.0,1822.22,2024-12-04
Mur-sur-Allier,63226,63115,Maison,182.0,220900.0,1213.74,2024-12-02
Mur-sur-Allier,63226,63115,Maison,182.0,220900.0,1213.74,2024-12-02
Bas-et-Lezat,63030,63310,Maison,65.0,138700.0,2133.85,2024-12-06
Saint-Martin-des-Olmes,63374,63600,Maison,72.0,70000.0,972.22,2024-11-25
Mirefleurs,63227,63730,Maison,107.0,337000.0,3149.53,2024-12-05
Sauviat,63414,63120,Maison,93.0,183000.0,1967.74,2024-12-06
Arlanc,63010,63220,Maison,127.0,89000.0,700.79,2024-11-26
Saurier,63409,63320,Maison,85.0,150000.0,1764.71,2024-12-04
Chabreloche,63072,63250,Maison,110.0,135000.0,1227.27,2024-12-04
Vertaizon,63453,63910,Maison,113.0,244500.0,2163.72,2024-12-05
Artonne,63012,63460,Maison,250.0,384000.0,1536.0,2024-12-13
Artonne,63012,63460,Maison,250.0,384000.0,1536.0,2024-12-13
Artonne,63012,63460,Maison,250.0,384000.0,1536.0,2024-12-13
Besse-et-Saint-Anastaise,63038,63610,Maison,110.0,589542.0,5359.47,2024-12-06
Saint-Genès-Champanelle,63345,63122,Maison,153.0,274000.0,1790.85,2024-12-11
Herment,63175,63470,Maison,128.0,17000.0,132.81,2024-12-03
Lempdes,63193,63370,Maison,93.0,209000.0,2247.31,2024-12-05
Pont-du-Château,63284,63430,Maison,82.0,238000.0,2902.44,2024-12-13
La Bourboule,63047,63150,Appartement,39.0,97950.0,2511.54,2024-11-30
La Bourboule,63047,63150,Appartement,30.0,37000.0,1233.33,2024-11-29
Clermont-Ferrand,63113,63000,Appartement,18.0,50220.0,2790.0,2024-12-09
Mont-Dore,63236,63240,Maison,50.0,165000.0,3300.0,2024-12-02
Mont-Dore,63236,63240,Appartement,49.0,165000.0,3367.35,2024-12-02
Mont-Dore,63236,63240,Appartement,39.0,165000.0,4230.77,2024-12-02
Mont-Dore,63236,63240,Appartement,32.0,165000.0,5156.25,2024-12-02
La Tour-d'Auvergne,63192,63680,Maison,80.0,250000.0,3125.0,2024-12-11
Riom,63300,63200,Maison,96.0,530000.0,5520.83,2024-12-03
Chamalières,63075,63400,Appartement,55.0,79500.0,1445.45,2024-12-10
Saint-Gervais-d'Auvergne,63354,63390,Maison,100.0,57000.0,570.0,2024-11-23
Celles-sur-Durolle,63066,63250,Maison,120.0,35000.0,291.67,2024-12-09
Vinzelles,63461,63350,Maison,50.0,87000.0,1740.0,2024-12-03
Saint-Ignat,63362,63720,Maison,130.0,308000.0,2369.23,2024-11-22
Aulnat,63019,63510,Maison,107.0,214100.0,2000.93,2024-12-02
Pont-du-Château,63284,63430,Maison,101.0,192000.0,1900.99,2024-12-02
Clermont-Ferrand,63113,63100,Appartement,17.0,47500.0,2794.12,2024-11-28
Ceyrat,63070,63122,Maison,142.0,500000.0,3521.13,2024-12-11
Ceyrat,63070,63122,Maison,142.0,500000.0,3521.13,2024-12-11
Saint-Genès-Champanelle,63345,63122,Maison,75.0,85020.0,1133.6,2024-12-02
Saint-Genès-Champanelle,63345,63122,Maison,75.0,85020.0,1133.6,2024-12-02
Pont-du-Château,63284,63430,Maison,162.0,307900.0,1900.62,2024-12-10
Clermont-Ferrand,63113,63000,Appartement,72.0,142000.0,1972.22,2024-12-05
Romagnat,63307,63540,Appartement,102.0,185000.0,1813.73,2024-12-09
Gerzat,63164,63360,Appartement,70.0,90600.0,1294.29,2024-12-05
Cournon-d'Auvergne,63124,63800,Maison,80.0,176100.0,2201.25,2024-11-30
Thiers,63430,63300,Appartement,52.0,130000.0,2500.0,2024-11-29
Thiers,63430,63300,Appartement,52.0,130000.0,2500.0,2024-11-29
Thiers,63430,63300,Appartement,50.0,130000.0,2600.0,2024-11-29
Thiers,63430,63300,Appartement,66.0,130000.0,1969.7,2024-11-29
Thiers,63430,63300,Appartement,32.0,130000.0,4062.5,2024-11-29
Thiers,63430,63300,Appartement,43.0,130000.0,3023.26,2024-11-29
Thiers,63430,63300,Appartement,51.0,130000.0,2549.02,2024-11-29
Aigueperse,63001,63260,Maison,168.0,92000.0,547.62,2024-11-26
Thiers,63430,63300,Appartement,30.0,23770.0,792.33,2024-12-07
Parent,63269,63270,Maison,107.0,319000.0,2981.31,2024-12-13
Parent,63269,63270,Maison,107.0,319000.0,2981.31,2024-12-13
Clermont-Ferrand,63113,63000,Appartement,83.0,157900.0,1902.41,2024-12-11
Brassac-les-Mines,63050,63570,Maison,96.0,111000.0,1156.25,2024-12-06
Les Martres-de-Veyre,63214,63730,Maison,104.0,247619.0,2380.95,2024-12-06
Saint-Priest-Bramefant,63387,63310,Maison,169.0,232370.0,1374.97,2024-11-21
Saint-Priest-Bramefant,63387,63310,Maison,169.0,232370.0,1374.97,2024-11-21
Mur-sur-Allier,63226,63115,Maison,125.0,231300.0,1850.4,2024-12-05
Veyre-Monton,63455,63960,Maison,95.0,62900.0,662.11,2024-12-05
Messeix,63225,63750,Maison,25.0,40500.0,1620.0,2024-12-03
Messeix,63225,63750,Maison,25.0,40500.0,1620.0,2024-12-03
Messeix,63225,63750,Maison,25.0,40500.0,1620.0,2024-12-03
Celles-sur-Durolle,63066,63250,Maison,71.0,57100.0,804.23,2024-12-03
Medeyrolles,63221,63220,Appartement,110.0,210000.0,1909.09,2024-12-13
Medeyrolles,63221,63220,Appartement,115.0,210000.0,1826.09,2024-12-13
Aulnat,63019,63510,Maison,92.0,182500.0,1983.7,2024-11-21
La Chaulme,63104,63660,Maison,90.0,50000.0,555.56,2024-12-04
Courpière,63125,63120,Maison,166.0,230450.0,1388.25,2024-12-16
Clermont-Ferrand,63113,63000,Appartement,33.0,84000.0,2545.45,2024-12-16
Domaize,63136,63520,Maison,50.0,189000.0,3780.0,2024-12-13
Domaize,63136,63520,Maison,50.0,189000.0,3780.0,2024-12-13
Gerzat,63164,63360,Appartement,79.0,188000.0,2379.75,2024-12-03
Apchat,63007,63420,Maison,69.0,89000.0,1289.86,2024-12-07
La Roche-Blanche,63302,63670,Maison,45.0,130000.0,2888.89,2024-12-02
La Roche-Blanche,63302,63670,Maison,173.0,130000.0,751.45,2024-12-02
Clermont-Ferrand,63113,63000,Appartement,30.0,120000.0,4000.0,2024-12-12
Clermont-Ferrand,63113,63000,Appartement,26.0,120000.0,4615.38,2024-12-12
Clermont-Ferrand,63113,63000,Appartement,26.0,120000.0,4615.38,2024-12-12
Clermont-Ferrand,63113,63000,Appartement,23.0,120000.0,5217.39,2024-12-12
Clermont-Ferrand,63113,63000,Appartement,26.0,120000.0,4615.38,2024-12-12
Riom,63300,63200,Appartement,53.0,98900.0,1866.04,2024-12-05
Cournon-d'Auvergne,63124,63800,Appartement,62.0,195000.0,3145.16,2024-12-03
Clermont-Ferrand,63113,63000,Appartement,12.0,180000.0,15000.0,2024-12-12
Clermont-Ferrand,63113,63000,Appartement,17.0,180000.0,10588.24,2024-12-12
Clermont-Ferrand,63113,63000,Appartement,47.0,180000.0,3829.79,2024-12-12
Clermont-Ferrand,63113,63000,Maison,50.0,180000.0,3600.0,2024-12-12
Clermont-Ferrand,63113,63100,Appartement,67.0,181700.0,2711.94,2024-12-04
Cournon-d'Auvergne,63124,63800,Maison,81.0,130000.0,1604.94,2024-12-03
Clermont-Ferrand,63113,63000,Appartement,67.0,92000.0,1373.13,2024-12-03
Clermont-Ferrand,63113,63000,Appartement,45.0,336000.0,7466.67,2024-12-10
Clermont-Ferrand,63113,63000,Appartement,45.0,336000.0,7466.67,2024-12-10
Clermont-Ferrand,63113,63000,Appartement,35.0,336000.0,9600.0,2024-12-10
Issoire,63178,63500,Maison,75.0,320000.0,4266.67,2024-12-06
Issoire,63178,63500,Maison,56.0,320000.0,5714.29,2024-12-06
Issoire,63178,63500,Maison,75.0,320000.0,4266.67,2024-12-06
Issoire,63178,63500,Maison,56.0,320000.0,5714.29,2024-12-06
Clermont-Ferrand,63113,63100,Appartement,34.0,80750.0,2375.0,2024-12-12
Clermont-Ferrand,63113,63100,Appartement,73.0,400000.0,5479.45,2024-12-05
Clermont-Ferrand,63113,63100,Appartement,50.0,400000.0,8000.0,2024-12-05
Maringues,63210,63350,Maison,85.0,122350.0,1439.41,2024-12-13
Chamalières,63075,63400,Appartement,64.0,99270.0,1551.09,2024-12-02
Issoire,63178,63500,Appartement,57.0,80000.0,1403.51,2024-12-07
Valcivières,63441,63600,Maison,68.0,212000.0,3117.65,2024-11-26
La Tour-d'Auvergne,63192,63680,Maison,58.0,57000.0,982.76,2024-12-11
Châtel-Guyon,63103,63140,Appartement,68.0,59000.0,867.65,2024-12-16
Les Martres-de-Veyre,63214,63730,Appartement,61.0,123000.0,2016.39,2024-11-26
Les Martres-de-Veyre,63214,63730,Appartement,58.0,123000.0,2120.69,2024-11-26
Mirefleurs,63227,63730,Maison,84.0,197180.0,2347.38,2024-11-27
Glaine-Montaigut,63168,63160,Maison,150.0,113000.0,753.33,2024-12-11
Orcet,63262,63670,Maison,215.0,74499.0,346.51,2024-12-16
Égliseneuve-près-Billom,63146,63160,Maison,99.0,233000.0,2353.54,2024-12-11
Gerzat,63164,63360,Maison,90.0,165850.0,1842.78,2024-12-11
Clermont-Ferrand,63113,63000,Appartement,21.0,64400.0,3066.67,2024-12-11
Besse-et-Saint-Anastaise,63038,63610,Maison,45.0,209000.0,4644.44,2024-11-21
Marsat,63212,63200,Maison,108.0,433000.0,4009.26,2024-12-13
Marsat,63212,63200,Maison,108.0,433000.0,4009.26,2024-12-13
Saint-Genès-Champanelle,63345,63122,Maison,70.0,129000.0,1842.86,2024-12-12
Beauregard-l'Évêque,63034,63116,Maison,101.0,263120.0,2605.15,2024-12-09
Châtel-Guyon,63103,63140,Appartement,81.0,83180.0,1026.91,2024-12-03
Clermont-Ferrand,63113,63000,Appartement,58.0,114900.0,1981.03,2024-12-17
Clermont-Ferrand,63113,63100,Appartement,64.0,141000.0,2203.12,2024-12-10
Saint-Amant-Tallende,63315,63450,Maison,60.0,93000.0,1550.0,2024-12-02
Châteauneuf-les-Bains,63100,63390,Maison,88.0,158800.0,1804.55,2024-12-09
Châteauneuf-les-Bains,63100,63390,Maison,88.0,158800.0,1804.55,2024-12-09
Clermont-Ferrand,63113,63000,Appartement,36.0,3000000.0,83333.33,2024-12-06
Clermont-Ferrand,63113,63000,Appartement,33.0,3000000.0,90909.09,2024-12-06
Clermont-Ferrand,63113,63000,Appartement,30.0,3000000.0,100000.0,2024-12-06
Clermont-Ferrand,63113,63000,Appartement,32.0,3000000.0,93750.0,2024-12-06
Clermont-Ferrand,63113,63000,Appartement,37.0,3000000.0,81081.08,2024-12-06
Clermont-Ferrand,63113,63000,Appartement,260.0,3000000.0,11538.46,2024-12-06
Lezoux,63195,63190,Maison,79.0,135500.0,1715.19,2024-12-02
Mont-Dore,63236,63240,Appartement,47.0,147370.0,3135.53,2024-12-05
Clermont-Ferrand,63113,63000,Appartement,66.0,82569.0,1251.05,2024-11-29
Aubière,63014,63170,Maison,55.0,77200.0,1403.64,2024-12-05
Saint-Martin-des-Olmes,63374,63600,Maison,94.0,225000.0,2393.62,2024-06-07
Les Martres-de-Veyre,63214,63730,Maison,100.0,167128.0,1671.28,2024-12-10
Saint-Éloy-les-Mines,63338,63700,Maison,110.0,78000.0,709.09,2024-12-12
Job,63179,63990,Maison,169.0,87000.0,514.79,2024-11-29
Saint-Ours,63381,63230,Maison,111.0,233700.0,2105.41,2024-12-03
Saint-Ours,63381,63230,Maison,111.0,233700.0,2105.41,2024-12-03
Saint-Ours,63381,63230,Maison,111.0,233700.0,2105.41,2024-12-03
Cébazat,63063,63118,Maison,135.0,370446.12,2744.05,2024-11-25
Besse-et-Saint-Anastaise,63038,63610,Appartement,23.0,95000.0,4130.43,2024-11-26
Servant,63419,63560,Maison,146.0,100000.0,684.93,2024-12-05
Servant,63419,63560,Maison,146.0,100000.0,684.93,2024-12-05
Servant,63419,63560,Maison,146.0,100000.0,684.93,2024-12-05
Servant,63419,63560,Maison,146.0,100000.0,684.93,2024-12-05
Vic-le-Comte,63457,63270,Maison,85.0,255400.0,3004.71,2024-12-06
La Roche-Blanche,63302,63670,Maison,105.0,270000.0,2571.43,2024-12-05
Besse-et-Saint-Anastaise,63038,63610,Maison,68.0,199500.0,2933.82,2024-12-02
Messeix,63225,63750,Maison,94.0,25000.0,265.96,2024-12-06
Chamalières,63075,63400,Maison,94.0,555000.0,5904.26,2024-12-17
Riom,63300,63200,Appartement,67.0,103200.0,1540.3,2024-12-02
Clermont-Ferrand,63113,63000,Appartement,200.0,475100.0,2375.5,2024-12-10
Ceyrat,63070,63122,Appartement,75.0,420000.0,5600.0,2024-12-17
Ceyrat,63070,63122,Appartement,75.0,420000.0,5600.0,2024-12-17
Ceyrat,63070,63122,Appartement,75.0,420000.0,5600.0,2024-12-17
Ceyrat,63070,63122,Appartement,67.0,420000.0,6268.66,2024-12-17
Clermont-Ferrand,63113,63100,Maison,114.0,280000.0,2456.14,2024-12-13
Clermont-Ferrand,63113,63000,Appartement,57.0,104000.0,1824.56,2024-12-13
Messeix,63225,63750,Maison,28.0,60000.0,2142.86,2024-12-09
Messeix,63225,63750,Maison,28.0,60000.0,2142.86,2024-12-09
Riom,63300,63200,Appartement,115.0,193900.0,1686.09,2024-12-12
Auzat-la-Combelle,63022,63570,Maison,120.0,159500.0,1329.17,2024-11-28
Ardes,63009,63420,Maison,93.0,120000.0,1290.32,2024-12-06
Pont-du-Château,63284,63430,Maison,97.0,128620.0,1325.98,2024-12-09
Clermont-Ferrand,63113,63000,Maison,120.0,159000.0,1325.0,2024-12-05
Auzat-la-Combelle,63022,63570,Maison,60.0,23000.0,383.33,2024-11-22
Besse-et-Saint-Anastaise,63038,63610,Appartement,35.0,74000.0,2114.29,2024-12-17
Saint-Martin-d'Ollières,63376,63580,Maison,80.0,22500.0,281.25,2024-12-05
Romagnat,63307,63540,Appartement,72.0,125340.0,1740.83,2024-12-12
Issoire,63178,63500,Appartement,48.0,87000.0,1812.5,2024-12-06
Issoire,63178,63500,Appartement,45.0,87000.0,1933.33,2024-12-06
Issoire,63178,63500,Appartement,45.0,87000.0,1933.33,2024-12-06
Culhat,63131,63350,Maison,60.0,90000.0,1500.0,2024-11-27
Beaumont,63032,63110,Maison,138.0,364377.0,2640.41,2024-12-13
Clermont-Ferrand,63113,63000,Maison,66.0,98000.0,1484.85,2024-12-09
Besse-et-Saint-Anastaise,63038,63610,Maison,72.0,260000.0,3611.11,2024-12-02
Le Cendre,63069,63670,Appartement,105.0,273000.0,2600.0,2024-11-26
Saint-Bonnet-le-Chastel,63324,63630,Maison,75.0,15000.0,200.0,2024-12-18
Clermont-Ferrand,63113,63000,Appartement,17.0,68400.0,4023.53,2024-12-16
Maringues,63210,63350,Appartement,62.0,43300.0,698.39,2024-12-07
Maringues,63210,63350,Appartement,110.0,43300.0,393.64,2024-12-07
Chamalières,63075,63400,Appartement,98.0,268000.0,2734.69,2024-12-09
Clermont-Ferrand,63113,63000,Appartement,60.0,103500.0,1725.0,2024-12-16
Orcines,63263,63870,Maison,148.0,112500.0,760.14,2024-12-13
Brenat,63051,63500,Maison,77.0,183300.0,2380.52,2024-12-17
Clermont-Ferrand,63113,63000,Appartement,88.0,285000.0,3238.64,2024-12-18
Royat,63308,63130,Appartement,46.0,115000.0,2500.0,2024-12-10
Clermont-Ferrand,63113,63100,Appartement,33.0,75000.0,2272.73,2024-12-17
Aydat,63026,63970,Maison,110.0,380000.0,3454.55,2024-12-18
Aydat,63026,63970,Maison,110.0,380000.0,3454.55,2024-12-18
Royat,63308,63130,Appartement,64.0,157650.0,2463.28,2024-12-10
Saint-Babel,63321,63500,Maison,78.0,88000.0,1128.21,2024-12-06
Thiers,63430,63300,Maison,81.0,30000.0,370.37,2024-12-17
Lezoux,63195,63190,Maison,66.0,143000.0,2166.67,2024-11-26
Aigueperse,63001,63260,Appartement,86.0,106000.0,1232.56,2024-12-10
Clermont-Ferrand,63113,63100,Appartement,68.0,80000.0,1176.47,2024-12-16
Clermont-Ferrand,63113,63100,Appartement,68.0,71000.0,1044.12,2024-12-12
Clermont-Ferrand,63113,63100,Appartement,70.0,131000.0,1871.43,2024-12-12
Clermont-Ferrand,63113,63000,Appartement,86.0,230000.0,2674.42,2024-12-05
Saint-Maurice-près-Pionsat,63377,63330,Maison,37.0,6839.0,184.84,2024-12-04
Clermont-Ferrand,63113,63100,Appartement,46.0,150000.0,3260.87,2024-12-12
Cournon-d'Auvergne,63124,63800,Maison,237.0,581600.0,2454.01,2024-12-13
Bouzel,63049,63910,Maison,110.0,120000.0,1090.91,2024-11-27
Clermont-Ferrand,63113,63000,Appartement,47.0,78000.0,1659.57,2024-12-10
Cournon-d'Auvergne,63124,63800,Maison,90.0,278488.1,3094.31,2024-12-17
Clermont-Ferrand,63113,63100,Appartement,81.0,95000.0,1172.84,2024-12-06
Compains,63117,63610,Maison,160.0,100000.0,625.0,2024-12-12
Compains,63117,63610,Maison,160.0,100000.0,625.0,2024-12-12
Larodde,63190,63690,Maison,70.0,45000.0,642.86,2024-11-25
Larodde,63190,63690,Maison,70.0,45000.0,642.86,2024-11-25
Larodde,63190,63690,Maison,70.0,45000.0,642.86,2024-11-25
Larodde,63190,63690,Maison,70.0,45000.0,642.86,2024-11-25
La Bourboule,63047,63150,Appartement,40.0,112000.0,2800.0,2024-12-17
Cébazat,63063,63118,Maison,40.0,125000.0,3125.0,2024-12-12
Mirefleurs,63227,63730,Maison,19.0,57263.0,3013.84,2024-12-09
Saint-Georges-sur-Allier,63350,63800,Maison,72.0,145000.0,2013.89,2024-12-06
Saint-Georges-sur-Allier,63350,63800,Maison,30.0,145000.0,4833.33,2024-12-06
La Tour-d'Auvergne,63192,63680,Maison,113.0,130380.0,1153.81,2024-12-09
Clermont-Ferrand,63113,63100,Appartement,40.0,205000.0,5125.0,2024-11-27
Clermont-Ferrand,63113,63100,Appartement,40.0,205000.0,5125.0,2024-11-27
Clermont-Ferrand,63113,63100,Appartement,40.0,205000.0,5125.0,2024-11-27
Clermont-Ferrand,63113,63100,Appartement,40.0,205000.0,5125.0,2024-11-27
Pont-du-Château,63284,63430,Appartement,63.0,90000.0,1428.57,2024-12-05
Saint-Georges-de-Mons,63349,63780,Maison,80.0,100000.0,1250.0,2024-12-13
Saint-Georges-de-Mons,63349,63780,Maison,81.0,100000.0,1234.57,2024-12-13
Saint-Georges-de-Mons,63349,63780,Maison,80.0,100000.0,1250.0,2024-12-13
Saint-Georges-de-Mons,63349,63780,Maison,93.0,100000.0,1075.27,2024-12-13
Les Martres-de-Veyre,63214,63730,Appartement,61.0,80750.0,1323.77,2024-12-04
La Bourboule,63047,63150,Appartement,79.0,95000.0,1202.53,2024-12-09
Sayat,63417,63530,Appartement,40.0,344700.0,8617.5,2024-12-13
Sayat,63417,63530,Appartement,50.0,344700.0,6894.0,2024-12-13
Sayat,63417,63530,Appartement,40.0,344700.0,8617.5,2024-12-13
Sayat,63417,63530,Appartement,80.0,344700.0,4308.75,2024-12-13
Sayat,63417,63530,Appartement,40.0,344700.0,8617.5,2024-12-13
Sayat,63417,63530,Appartement,73.0,344700.0,4721.92,2024-12-13
Malintrat,63204,63510,Maison,90.0,52500.0,583.33,2024-11-26
Clermont-Ferrand,63113,63000,Appartement,65.0,162075.0,2493.46,2024-12-06
Combronde,63116,63460,Maison,90.0,28323.5,314.71,2024-12-06
Combronde,63116,63460,Maison,90.0,28323.5,314.71,2024-12-06
Clermont-Ferrand,63113,63000,Appartement,46.0,72000.0,1565.22,2024-12-09
Pont-du-Château,63284,63430,Maison,189.0,235000.0,1243.39,2024-12-05
Combronde,63116,63460,Maison,86.0,180000.0,2093.02,2024-12-06
Riom,63300,63200,Appartement,38.0,91300.0,2402.63,2024-12-18
Saint-Éloy-les-Mines,63338,63700,Maison,95.0,21000.0,221.05,2024-10-11
Pérignat-lès-Sarliève,63272,63170,Maison,91.0,278870.0,3064.51,2024-12-18
Fayet-Ronaye,63158,63630,Maison,98.0,70000.0,714.29,2024-12-17
Clermont-Ferrand,63113,63100,Appartement,76.0,139000.0,1828.95,2024-12-12
Saillant,63309,63840,Maison,90.0,18371.26,204.13,2024-12-03
Chapdes-Beaufort,63085,63230,Maison,96.0,107882.0,1123.77,2024-12-04
Clermont-Ferrand,63113,63000,Appartement,77.0,120000.0,1558.44,2024-12-12
Saint-Diéry,63335,63320,Maison,109.0,257550.0,2362.84,2024-11-29
Besse-et-Saint-Anastaise,63038,63610,Maison,50.0,63500.0,1270.0,2024-12-17
Besse-et-Saint-Anastaise,63038,63610,Maison,50.0,63500.0,1270.0,2024-12-17
Besse-et-Saint-Anastaise,63038,63610,Maison,50.0,63500.0,1270.0,2024-12-17
Besse-et-Saint-Anastaise,63038,63610,Maison,50.0,63500.0,1270.0,2024-12-17
Volvic,63470,63530,Maison,38.0,74200.0,1952.63,2024-12-11
Châtel-Guyon,63103,63140,Maison,84.0,151721.0,1806.2,2024-11-27
La Bourboule,63047,63150,Appartement,24.0,44200.0,1841.67,2024-12-09
Clermont-Ferrand,63113,63000,Appartement,22.0,118000.0,5363.64,2024-12-02
Clermont-Ferrand,63113,63000,Appartement,24.0,118000.0,4916.67,2024-12-02
Clermont-Ferrand,63113,63000,Maison,97.0,218700.0,2254.64,2024-12-13
Saint-Cirgues-sur-Couze,63330,63320,Maison,55.0,132500.0,2409.09,2024-12-18
Saint-Cirgues-sur-Couze,63330,63320,Maison,55.0,132500.0,2409.09,2024-12-18
Saint-Cirgues-sur-Couze,63330,63320,Maison,55.0,132500.0,2409.09,2024-12-18
Maringues,63210,63350,Maison,75.0,70000.0,933.33,2024-11-26
Maringues,63210,63350,Maison,53.0,70000.0,1320.75,2024-11-26
Maringues,63210,63350,Maison,46.0,70000.0,1521.74,2024-11-26
Charbonnières-les-Varennes,63092,63410,Maison,66.0,190200.0,2881.82,2024-12-03
Sallèdes,63405,63270,Appartement,55.0,100000.0,1818.18,2024-12-05
Clermont-Ferrand,63113,63100,Appartement,58.0,75000.0,1293.1,2024-12-05
Cournon-d'Auvergne,63124,63800,Maison,81.0,145000.0,1790.12,2024-12-16
Moissat,63229,63190,Maison,83.0,124800.0,1503.61,2024-12-06
Issoire,63178,63500,Appartement,81.0,68621.0,847.17,2024-12-05
Clermont-Ferrand,63113,63100,Appartement,58.0,130400.0,2248.28,2024-12-16
Ceyrat,63070,63122,Maison,113.0,115000.0,1017.7,2024-12-04
Riom,63300,63200,Maison,70.0,142450.0,2035.0,2024-11-19
Clermont-Ferrand,63113,63000,Appartement,102.0,126900.0,1244.12,2024-12-18
Saint-Jean-d'Heurs,63364,63190,Maison,110.0,201000.0,1827.27,2024-12-09
Saint-Jean-d'Heurs,63364,63190,Maison,110.0,201000.0,1827.27,2024-12-09
Saint-Jean-d'Heurs,63364,63190,Maison,110.0,201000.0,1827.27,2024-12-09
Royat,63308,63130,Appartement,45.0,150000.0,3333.33,2024-12-13
Royat,63308,63130,Appartement,45.0,150000.0,3333.33,2024-12-13
Royat,63308,63130,Appartement,45.0,150000.0,3333.33,2024-12-13
Royat,63308,63130,Appartement,20.0,150000.0,7500.0,2024-12-13
Beaumont,63032,63110,Appartement,39.0,159000.0,4076.92,2024-12-17
Beaumont,63032,63110,Appartement,39.0,159000.0,4076.92,2024-12-17
Beaumont,63032,63110,Appartement,39.0,159000.0,4076.92,2024-12-17
Pont-du-Château,63284,63430,Maison,76.0,132500.0,1743.42,2024-12-18
Malintrat,63204,63510,Maison,120.0,161280.0,1344.0,2024-12-05
Malintrat,63204,63510,Maison,120.0,161280.0,1344.0,2024-12-05
Charbonnières-les-Varennes,63092,63410,Maison,60.0,90000.0,1500.0,2024-12-12
Clermont-Ferrand,63113,63000,Appartement,48.0,126000.0,2625.0,2024-12-17
Royat,63308,63130,Appartement,33.0,59300.0,1796.97,2024-12-16
Clermont-Ferrand,63113,63000,Appartement,130.0,246000.0,1892.31,2024-12-12
Thiers,63430,63300,Maison,72.0,14250.0,197.92,2024-12-12
Beauregard-l'Évêque,63034,63116,Maison,91.0,218700.0,2403.3,2024-12-17
Cébazat,63063,63118,Appartement,94.0,134400.0,1429.79,2024-11-21
Puy-Guillaume,63291,63290,Maison,88.0,90000.0,1022.73,2024-11-28
Thiers,63430,63300,Appartement,45.0,63000.0,1400.0,2024-12-02
Thiers,63430,63300,Appartement,42.0,63000.0,1500.0,2024-12-02
Thiers,63430,63300,Appartement,45.0,63000.0,1400.0,2024-12-02
Thiers,63430,63300,Appartement,45.0,63000.0,1400.0,2024-12-02
Cournon-d'Auvergne,63124,63800,Maison,69.0,154480.0,2238.84,2024-12-12
Clermont-Ferrand,63113,63000,Appartement,19.0,53000.0,2789.47,2024-12-03
Charnat,63095,63290,Maison,96.0,80000.0,833.33,2024-12-05
Sauviat,63414,63120,Maison,83.0,122450.0,1475.3,2024-12-19
Mont-Dore,63236,63240,Appartement,22.0,69450.0,3156.82,2024-12-13
Vertaizon,63453,63910,Maison,118.0,309200.0,2620.34,2024-12-10
Clermont-Ferrand,63113,63100,Appartement,59.0,105700.0,1791.53,2024-12-18
Saint-Sauves-d'Auvergne,63397,63950,Maison,116.0,130000.0,1120.69,2024-12-11
Chamalières,63075,63400,Appartement,50.0,91000.0,1820.0,2024-12-16
Les Martres-d'Artière,63213,63430,Maison,91.0,241100.0,2649.45,2024-12-13
Teilhède,63427,63460,Maison,119.0,103300.0,868.07,2024-12-13
Teilhède,63427,63460,Maison,119.0,103300.0,868.07,2024-12-13
Murat-le-Quaire,63246,63150,Maison,115.0,143000.0,1243.48,2024-12-05
Murat-le-Quaire,63246,63150,Maison,115.0,143000.0,1243.48,2024-12-05
Chamalières,63075,63400,Appartement,67.0,152000.0,2268.66,2024-12-11
Fayet-le-Château,63157,63160,Maison,79.0,60000.0,759.49,2024-12-17
La Bourboule,63047,63150,Appartement,51.0,104105.0,2041.27,2024-12-14
Ceyrat,63070,63122,Maison,123.0,302000.0,2455.28,2024-12-17
Puy-Guillaume,63291,63290,Maison,105.0,124500.0,1185.71,2024-11-28
Thiers,63430,63300,Appartement,95.0,200000.0,2105.26,2024-11-29
Thiers,63430,63300,Appartement,135.0,200000.0,1481.48,2024-11-29
Thiers,63430,63300,Appartement,72.0,200000.0,2777.78,2024-11-29
Thiers,63430,63300,Appartement,28.0,200000.0,7142.86,2024-11-29
Thiers,63430,63300,Appartement,28.0,200000.0,7142.86,2024-11-29
Thiers,63430,63300,Appartement,28.0,200000.0,7142.86,2024-11-29
Thiers,63430,63300,Appartement,30.0,200000.0,6666.67,2024-11-29
Thiers,63430,63300,Appartement,36.0,200000.0,5555.56,2024-11-29
Pont-du-Château,63284,63430,Maison,54.0,192600.0,3566.67,2024-12-05
Aigueperse,63001,63260,Maison,100.0,238000.0,2380.0,2024-12-03
Aigueperse,63001,63260,Maison,100.0,238000.0,2380.0,2024-12-03
Clermont-Ferrand,63113,63100,Appartement,54.0,67900.0,1257.41,2024-12-19
Beaumont,63032,63110,Maison,104.0,173700.0,1670.19,2024-12-11
Murat-le-Quaire,63246,63150,Maison,98.0,305600.0,3118.37,2024-12-16
Thiers,63430,63300,Maison,136.0,137500.0,1011.03,2024-12-12
Thiers,63430,63300,Maison,136.0,137500.0,1011.03,2024-12-12
Thiers,63430,63300,Maison,136.0,137500.0,1011.03,2024-12-12
Luzillat,63201,63350,Maison,133.0,288970.0,2172.71,2024-12-16
Luzillat,63201,63350,Maison,133.0,288970.0,2172.71,2024-12-16
Beaumont,63032,63110,Appartement,47.0,139670.0,2971.7,2024-12-17
Mirefleurs,63227,63730,Maison,120.0,25000.0,208.33,2024-12-06
Mont-Dore,63236,63240,Appartement,62.0,173000.0,2790.32,2024-12-10
Culhat,63131,63350,Maison,86.0,117500.0,1366.28,2024-12-04
Martres-sur-Morge,63215,63720,Maison,80.0,236350.0,2954.38,2024-12-10
Courpière,63125,63120,Maison,96.0,173900.0,1811.46,2024-12-17
Courpière,63125,63120,Maison,96.0,173900.0,1811.46,2024-12-17
Cébazat,63063,63118,Maison,111.0,261000.0,2351.35,2024-12-11
Clermont-Ferrand,63113,63100,Appartement,84.0,142000.0,1690.48,2024-12-10
Clermont-Ferrand,63113,63000,Appartement,23.0,50931.0,2214.39,2024-12-17
Courpière,63125,63120,Maison,60.0,152556.0,2542.6,2024-12-17
Brassac-les-Mines,63050,63570,Maison,134.0,145000.0,1082.09,2024-11-27
Clermont-Ferrand,63113,63000,Maison,65.0,199000.0,3061.54,2024-12-03
Clermont-Ferrand,63113,63000,Appartement,45.0,86000.0,1911.11,2024-12-11
La Bourboule,63047,63150,Appartement,98.0,142000.0,1448.98,2024-12-10
Orléat,63265,63190,Maison,66.0,120000.0,1818.18,2024-12-18
Orléat,63265,63190,Maison,66.0,120000.0,1818.18,2024-12-18
Riom,63300,63200,Maison,71.0,6000.0,84.51,2024-12-12
Saint-Quintin-sur-Sioule,63390,63440,Maison,44.0,51900.0,1179.55,2024-12-06
Chamalières,63075,63400,Appartement,68.0,147450.0,2168.38,2024-12-02
Augerolles,63016,63930,Maison,80.0,97500.0,1218.75,2024-12-18
Augerolles,63016,63930,Maison,80.0,97500.0,1218.75,2024-12-18
Clermont-Ferrand,63113,63000,Appartement,49.0,142800.0,2914.29,2024-12-16
Arconsat,63008,63250,Maison,57.0,23500.0,412.28,2024-12-17
Clermont-Ferrand,63113,63000,Appartement,17.0,62000.0,3647.06,2024-12-05
Chamalières,63075,63400,Appartement,55.0,95000.0,1727.27,2024-12-09
Chamalières,63075,63400,Appartement,47.0,86800.0,1846.81,2024-12-10
Clermont-Ferrand,63113,63000,Appartement,54.0,247000.0,4574.07,2024-12-09
Clermont-Ferrand,63113,63000,Appartement,54.0,247000.0,4574.07,2024-12-09
Clermont-Ferrand,63113,63000,Appartement,54.0,247000.0,4574.07,2024-12-09
Clermont-Ferrand,63113,63000,Appartement,26.0,247000.0,9500.0,2024-12-09
Clermont-Ferrand,63113,63000,Appartement,26.0,247000.0,9500.0,2024-12-09
Clermont-Ferrand,63113,63100,Appartement,99.0,250000.0,2525.25,2024-12-17
Romagnat,63307,63540,Maison,35.0,75000.0,2142.86,2024-12-19
Aigueperse,63001,63260,Maison,110.0,130000.0,1181.82,2024-12-10
Crevant-Laveine,63128,63350,Maison,219.0,156450.0,714.38,2024-11-29
Saint-Dier-d'Auvergne,63334,63520,Maison,56.0,77500.0,1383.93,2024-11-29
Saint-Dier-d'Auvergne,63334,63520,Maison,80.0,77500.0,968.75,2024-11-29
Boudes,63046,63340,Maison,68.0,51350.0,755.15,2024-12-05
Clermont-Ferrand,63113,63000,Appartement,53.0,91000.0,1716.98,2024-12-18
Saint-Éloy-les-Mines,63338,63700,Maison,120.0,65000.0,541.67,2024-12-19
Châteaugay,63099,63119,Appartement,88.0,268300.0,3048.86,2024-12-13
Clermont-Ferrand,63113,63000,Appartement,68.0,114000.0,1676.47,2024-12-19
Saint-Éloy-les-Mines,63338,63700,Maison,90.0,79000.0,877.78,2024-12-19
Gerzat,63164,63360,Appartement,54.0,119000.0,2203.7,2024-12-03
Saint-Victor-Montvianeix,63402,63550,Maison,70.0,40000.0,571.43,2024-03-29
Aubière,63014,63170,Maison,82.0,170200.0,2075.61,2024-12-12
Saint-Gervais-d'Auvergne,63354,63390,Maison,50.0,19000.0,380.0,2024-12-13
Clermont-Ferrand,63113,63000,Appartement,90.0,287400.0,3193.33,2024-12-12
Moureuille,63243,63700,Maison,84.0,70000.0,833.33,2024-12-17
Veyre-Monton,63455,63960,Maison,83.0,212400.0,2559.04,2024-12-17
Cunlhat,63132,63590,Maison,135.0,40000.0,296.3,2024-11-29
Clermont-Ferrand,63113,63100,Appartement,87.0,129900.0,1493.1,2024-12-16
Pont-du-Château,63284,63430,Maison,118.0,173000.0,1466.1,2024-12-09
Clermont-Ferrand,63113,63000,Appartement,19.0,57600.0,3031.58,2024-12-02
Aubière,63014,63170,Maison,62.0,150000.0,2419.35,2024-12-12
Courpière,63125,63120,Maison,80.0,248192.9,3102.41,2024-12-13
Courpière,63125,63120,Maison,39.0,248192.9,6363.92,2024-12-13
Courpière,63125,63120,Appartement,93.0,248192.9,2668.74,2024-12-13
Riom,63300,63200,Appartement,105.0,122000.0,1161.9,2024-12-11
Job,63179,63990,Maison,135.0,20000.0,148.15,2024-12-03
Clermont-Ferrand,63113,63000,Appartement,88.0,226200.0,2570.45,2024-12-16
Pont-du-Château,63284,63430,Maison,45.0,131200.0,2915.56,2024-12-13
Ambert,63003,63600,Maison,60.0,100000.0,1666.67,2024-12-03
Charbonnières-les-Varennes,63092,63410,Maison,50.0,158500.0,3170.0,2024-12-18
Jumeaux,63182,63570,Appartement,48.0,50000.0,1041.67,2024-12-11
Jumeaux,63182,63570,Appartement,70.0,50000.0,714.29,2024-12-11
Saint-Martin-des-Olmes,63374,63600,Maison,40.0,97250.0,2431.25,2024-11-29
Cébazat,63063,63118,Maison,126.0,245000.0,1944.44,2024-11-29
Clermont-Ferrand,63113,63100,Appartement,42.0,110000.0,2619.05,2024-12-12
Effiat,63143,63260,Maison,66.0,110000.0,1666.67,2024-12-18
Clermont-Ferrand,63113,63000,Appartement,27.0,50000.0,1851.85,2024-12-02
Saint-Georges-de-Mons,63349,63780,Maison,83.0,110000.0,1325.3,2024-12-05
Saint-Georges-de-Mons,63349,63780,Maison,91.0,110000.0,1208.79,2024-12-05
Saint-Georges-de-Mons,63349,63780,Maison,81.0,110000.0,1358.02,2024-12-05
Saint-Georges-de-Mons,63349,63780,Maison,79.0,110000.0,1392.41,2024-12-05
Aubière,63014,63170,Appartement,61.0,108900.0,1785.25,2024-12-20
Cournon-d'Auvergne,63124,63800,Maison,119.0,254414.0,2137.93,2024-12-16
Corent,63120,63730,Maison,194.0,430000.0,2216.49,2024-12-12
La Bourboule,63047,63150,Maison,96.0,40000.0,416.67,2024-12-16
Thuret,63432,63260,Maison,125.0,286350.0,2290.8,2024-12-10
Pérignat-lès-Sarliève,63272,63170,Appartement,46.0,173000.0,3760.87,2024-11-29
Égliseneuve-près-Billom,63146,63160,Maison,73.0,91500.0,1253.42,2024-12-13
Clermont-Ferrand,63113,63100,Maison,90.0,175200.0,1946.67,2024-12-16
Tallende,63425,63450,Maison,105.0,305000.0,2904.76,2024-12-20
Clermont-Ferrand,63113,63100,Appartement,62.0,249850.0,4029.84,2024-12-17
Pionsat,63281,63330,Maison,83.0,11000.0,132.53,2024-12-13
Pionsat,63281,63330,Maison,57.0,11000.0,192.98,2024-12-13
Sauxillanges,63415,63490,Maison,70.0,80415.18,1148.79,2024-12-17
Clermont-Ferrand,63113,63000,Appartement,68.0,166300.0,2445.59,2024-12-17
Saint-Germain-près-Herment,63351,63470,Maison,73.0,109900.0,1505.48,2024-12-04
Crevant-Laveine,63128,63350,Maison,90.0,28999.0,322.21,2024-11-29
Issoire,63178,63500,Appartement,38.0,80000.0,2105.26,2024-12-19
Clermont-Ferrand,63113,63100,Appartement,46.0,129000.0,2804.35,2024-12-18
Clermont-Ferrand,63113,63000,Maison,76.0,150000.0,1973.68,2024-12-19
Riom,63300,63200,Maison,76.0,148700.0,1956.58,2024-12-18
Gerzat,63164,63360,Appartement,48.0,117320.0,2444.17,2024-12-09
Billom,63040,63160,Appartement,129.0,250000.0,1937.98,2024-12-19
Collanges,63114,63340,Maison,143.0,226000.0,1580.42,2024-12-18
Collanges,63114,63340,Maison,143.0,226000.0,1580.42,2024-12-18
Sauxillanges,63415,63490,Maison,80.0,146000.0,1825.0,2024-12-18
Issoire,63178,63500,Appartement,95.0,250534.7,2637.21,2024-12-12
Issoire,63178,63500,Appartement,102.0,268940.0,2636.67,2024-12-12
Issoire,63178,63500,Appartement,69.0,197518.2,2862.58,2024-12-10
Manzat,63206,63410,Maison,180.0,307775.0,1709.86,2024-12-18
Manzat,63206,63410,Maison,180.0,307775.0,1709.86,2024-12-18
Gerzat,63164,63360,Maison,78.0,219000.0,2807.69,2024-12-17
Maringues,63210,63350,Maison,54.0,147800.0,2737.04,2024-12-10
Châteaugay,63099,63119,Maison,115.0,13000.0,113.04,2024-12-23
La Monnerie-le-Montel,63231,63650,Maison,66.0,115000.0,1742.42,2024-12-12
Châteaugay,63099,63119,Maison,115.0,130000.0,1130.43,2024-12-23
Prompsat,63288,63200,Maison,48.0,40000.0,833.33,2024-12-10
Montaigut,63233,63700,Maison,130.0,57000.0,438.46,2024-12-12
Volvic,63470,63530,Maison,125.0,321205.0,2569.64,2024-12-16
Mozac,63245,63200,Maison,119.0,290000.0,2436.97,2024-12-02
Mozac,63245,63200,Maison,119.0,290000.0,2436.97,2024-12-02
Lussat,63200,63360,Maison,84.0,215100.0,2560.71,2024-12-17
Bussières-et-Pruns,63061,63260,Maison,160.0,337500.0,2109.38,2024-11-29
Saint-Bonnet-le-Chastel,63324,63630,Maison,52.0,67440.0,1296.92,2024-12-19
Saint-Bonnet-près-Orcival,63326,63210,Maison,81.0,110000.0,1358.02,2024-12-19
Thiers,63430,63300,Appartement,40.0,80000.0,2000.0,2024-11-28
Thiers,63430,63300,Maison,55.0,80000.0,1454.55,2024-11-28
Thiers,63430,63300,Appartement,20.0,80000.0,4000.0,2024-11-28
Thiers,63430,63300,Appartement,70.0,80000.0,1142.86,2024-11-28
Besse-et-Saint-Anastaise,63038,63610,Maison,57.0,199400.0,3498.25,2024-12-17
Chamalières,63075,63400,Appartement,46.0,100000.0,2173.91,2024-12-18
Saulzet-le-Froid,63407,63970,Maison,97.0,150000.0,1546.39,2024-11-28
Thiers,63430,63300,Maison,85.0,123200.0,1449.41,2024-12-16
Maringues,63210,63350,Maison,75.0,117800.0,1570.67,2024-12-12
Riom,63300,63200,Maison,104.0,246500.0,2370.19,2024-12-17
Clermont-Ferrand,63113,63000,Appartement,54.0,161000.0,2981.48,2024-12-18
Besse-et-Saint-Anastaise,63038,63610,Appartement,27.0,103550.0,3835.19,2024-12-02
Clermont-Ferrand,63113,63100,Appartement,58.0,80000.0,1379.31,2024-12-11
Pont-du-Château,63284,63430,Maison,133.0,360000.0,2706.77,2024-12-11
Pont-du-Château,63284,63430,Maison,133.0,360000.0,2706.77,2024-12-11
Pont-du-Château,63284,63430,Maison,133.0,360000.0,2706.77,2024-12-11
Montcel,63235,63460,Maison,78.0,10000.0,128.21,2024-12-19
Loubeyrat,63198,63410,Maison,38.0,75000.0,1973.68,2024-12-12
Clermont-Ferrand,63113,63000,Maison,109.0,154900.0,1421.1,2024-12-05
Gouttières,63171,63390,Maison,90.0,54299.0,603.32,2024-12-17
Cunlhat,63132,63590,Appartement,56.0,58250.0,1040.18,2024-12-27
Cunlhat,63132,63590,Appartement,49.0,58250.0,1188.78,2024-12-27
Authezat,63021,63114,Maison,100.0,180000.0,1800.0,2024-12-20
Authezat,63021,63114,Maison,100.0,180000.0,1800.0,2024-12-20
Antoingt,63005,63340,Maison,166.0,201232.05,1212.24,2024-12-27
Brenat,63051,63500,Maison,80.0,108000.0,1350.0,2024-12-11
Chamalières,63075,63400,Appartement,13.0,38000.0,2923.08,2024-12-30
Durtol,63141,63830,Maison,116.0,145400.0,1253.45,2024-12-31
Marsat,63212,63200,Maison,80.0,117000.0,1462.5,2024-12-18
Riom,63300,63200,Maison,110.0,269334.0,2448.49,2024-12-17
Clermont-Ferrand,63113,63000,Appartement,119.0,230000.0,1932.77,2024-12-23
Clermont-Ferrand,63113,63000,Appartement,107.0,400000.0,3738.32,2024-12-19
Clermont-Ferrand,63113,63000,Appartement,77.0,400000.0,5194.81,2024-12-19
Clermont-Ferrand,63113,63000,Appartement,63.0,126500.0,2007.94,2024-12-18
Aubière,63014,63170,Maison,111.0,304250.0,2740.99,2024-12-23
Aigueperse,63001,63260,Maison,75.0,20050.0,267.33,2024-12-19
Châtel-Guyon,63103,63140,Maison,49.0,83000.0,1693.88,2024-12-13
Grandrif,63173,63600,Maison,80.0,174000.0,2175.0,2024-12-09
Clermont-Ferrand,63113,63100,Appartement,66.0,105995.0,1605.98,2024-12-10
Ambert,63003,63600,Maison,59.0,98000.0,1661.02,2024-12-09
Clermont-Ferrand,63113,63000,Maison,90.0,351600.0,3906.67,2024-12-12
Montaigut,63233,63700,Maison,80.0,266000.0,3325.0,2024-12-11
Grandval,63174,63890,Maison,80.0,127500.0,1593.75,2024-12-05
Clermont-Ferrand,63113,63100,Appartement,92.0,83000.0,902.17,2024-12-13
Clermont-Ferrand,63113,63100,Appartement,17.0,33500.0,1970.59,2024-12-19
Ambert,63003,63600,Appartement,77.0,112000.0,1454.55,2024-12-06
Issoire,63178,63500,Appartement,39.0,67500.0,1730.77,2024-12-17
Aubiat,63013,63260,Appartement,91.0,20000.0,219.78,2024-12-12
Royat,63308,63130,Maison,64.0,91000.0,1421.88,2024-12-12
Loubeyrat,63198,63410,Maison,136.0,245100.0,1802.21,2024-12-11
Issoire,63178,63500,Maison,81.0,179000.0,2209.88,2024-12-10
Clermont-Ferrand,63113,63100,Appartement,121.0,205000.0,1694.21,2024-12-12
Saint-Alyre-ès-Montagne,63313,63420,Maison,80.0,37050.0,463.12,2024-12-24
Orbeil,63261,63500,Maison,122.0,309700.0,2538.52,2024-12-10
Clermont-Ferrand,63113,63000,Appartement,38.0,105000.0,2763.16,2024-12-23
Sauxillanges,63415,63490,Maison,80.0,186483.0,2331.04,2024-12-10
Issoire,63178,63500,Appartement,75.0,108000.0,1440.0,2024-12-17
Clermont-Ferrand,63113,63000,Appartement,29.0,81761.0,2819.34,2024-12-24
Clermont-Ferrand,63113,63100,Maison,100.0,189000.0,1890.0,2024-12-16
Thiers,63430,63300,Maison,60.0,7000.0,116.67,2024-12-23
Saint-Victor-Montvianeix,63402,63550,Maison,72.0,70000.0,972.22,2024-12-31
Ambert,63003,63600,Maison,78.0,140000.0,1794.87,2024-12-12
Ambert,63003,63600,Maison,78.0,140000.0,1794.87,2024-12-12
Lamontgie,63185,63570,Maison,113.0,65000.0,575.22,2024-11-28
Châtel-Guyon,63103,63140,Appartement,22.0,46500.0,2113.64,2024-12-23
Clermont-Ferrand,63113,63000,Appartement,18.0,56650.0,3147.22,2024-12-23
Pérignat-lès-Sarliève,63272,63170,Maison,154.0,366100.0,2377.27,2024-12-18
Courpière,63125,63120,Maison,77.0,115000.0,1493.51,2024-12-13
Clermont-Ferrand,63113,63100,Appartement,84.0,375000.0,4464.29,2024-12-11
Clermont-Ferrand,63113,63100,Appartement,22.0,375000.0,17045.45,2024-12-11
Clermont-Ferrand,63113,63100,Appartement,84.0,375000.0,4464.29,2024-12-11
Clermont-Ferrand,63113,63100,Appartement,84.0,375000.0,4464.29,2024-12-11
Clermont-Ferrand,63113,63000,Appartement,45.0,80240.0,1783.11,2024-12-23
Culhat,63131,63350,Maison,90.0,95000.0,1055.56,2024-12-10
Coudes,63121,63114,Maison,56.0,115000.0,2053.57,2024-12-17
Issoire,63178,63500,Maison,69.0,323000.0,4681.16,2024-12-17
Clermont-Ferrand,63113,63100,Maison,60.0,151000.0,2516.67,2024-12-20
Clermont-Ferrand,63113,63100,Appartement,68.0,76700.0,1127.94,2024-12-26
Clermont-Ferrand,63113,63100,Appartement,75.0,98000.0,1306.67,2024-12-27
Clermont-Ferrand,63113,63000,Appartement,54.0,77900.0,1442.59,2024-12-16
Cébazat,63063,63118,Maison,90.0,135300.0,1503.33,2024-12-26
Cébazat,63063,63118,Maison,90.0,135300.0,1503.33,2024-12-26
Orcet,63262,63670,Appartement,84.0,140250.0,1669.64,2024-12-09
Orcet,63262,63670,Appartement,84.0,140250.0,1669.64,2024-12-09
Ris,63301,63290,Maison,110.0,100580.0,914.36,2024-12-20
Puy-Guillaume,63291,63290,Maison,115.0,180000.0,1565.22,2024-12-20
Courpière,63125,63120,Maison,92.0,55000.0,597.83,2024-12-19
Miremont,63228,63380,Maison,96.0,138000.0,1437.5,2024-12-19
Saint-Ignat,63362,63720,Maison,96.0,134000.0,1395.83,2024-12-26
Clermont-Ferrand,63113,63000,Appartement,93.0,325000.0,3494.62,2024-12-17
Clermont-Ferrand,63113,63000,Appartement,88.0,325000.0,3693.18,2024-12-17
Clermont-Ferrand,63113,63100,Appartement,61.0,83000.0,1360.66,2024-12-16
Clermont-Ferrand,63113,63100,Appartement,55.0,128000.0,2327.27,2024-12-16
Saint-Clément-de-Régnat,63332,63310,Maison,100.0,10000.0,100.0,2024-12-16
Marsac-en-Livradois,63211,63940,Maison,95.0,125000.0,1315.79,2024-12-17
Mont-Dore,63236,63240,Appartement,63.0,152000.0,2412.7,2024-12-19
Clermont-Ferrand,63113,63000,Appartement,54.0,112000.0,2074.07,2024-12-23
Courpière,63125,63120,Maison,25.0,22000.0,880.0,2024-12-13
Nohanent,63254,63830,Maison,60.0,129000.0,2150.0,2024-12-20
Clermont-Ferrand,63113,63000,Appartement,18.0,39900.0,2216.67,2024-12-23
Saint-Georges-sur-Allier,63350,63800,Maison,105.0,303150.0,2887.14,2024-12-16
Saint-Georges-sur-Allier,63350,63800,Maison,105.0,303150.0,2887.14,2024-12-16
Pont-du-Château,63284,63430,Maison,61.0,186700.0,3060.66,2024-12-28
Clermont-Ferrand,63113,63100,Appartement,71.0,149400.0,2104.23,2024-12-18
Thiers,63430,63300,Maison,106.0,240000.0,2264.15,2024-12-20
Clermont-Ferrand,63113,63000,Appartement,67.0,148400.0,2214.93,2024-12-27
Chamalières,63075,63400,Appartement,67.0,170000.0,2537.31,2024-12-13
Clermont-Ferrand,63113,63100,Appartement,40.0,150000.0,3750.0,2024-12-17
Clermont-Ferrand,63113,63100,Appartement,40.0,150000.0,3750.0,2024-12-17
Saint-Alyre-d'Arlanc,63312,63220,Maison,104.0,185470.0,1783.37,2024-12-16
Saint-Bonnet-le-Bourg,63323,63630,Maison,65.0,81000.0,1246.15,2024-12-30
Issoire,63178,63500,Appartement,85.0,212893.0,2504.62,2024-12-13
Aubiat,63013,63260,Maison,96.0,115000.0,1197.92,2024-12-12
Aubiat,63013,63260,Appartement,91.0,115000.0,1263.74,2024-12-12
Clermont-Ferrand,63113,63000,Appartement,25.0,52000.0,2080.0,2024-12-16
Vic-le-Comte,63457,63270,Maison,80.0,227460.0,2843.25,2024-12-10
Chamalières,63075,63400,Maison,65.0,286700.0,4410.77,2024-12-16
Clermont-Ferrand,63113,63000,Appartement,110.0,187000.0,1700.0,2024-12-30
Gerzat,63164,63360,Appartement,38.0,79950.0,2103.95,2024-12-12
Chamalières,63075,63400,Appartement,52.0,95000.0,1826.92,2024-12-17
Clermont-Ferrand,63113,63100,Maison,73.0,120000.0,1643.84,2024-12-13
Orcines,63263,63870,Maison,95.0,261830.0,2756.11,2024-12-18
Riom,63300,63200,Maison,96.0,269545.0,2807.76,2024-12-18
Clermont-Ferrand,63113,63000,Appartement,97.0,154000.0,1587.63,2024-12-17
Vollore-Ville,63469,63120,Maison,86.0,37654.0,437.84,2024-12-20
Beaumont,63032,63110,Appartement,43.0,108000.0,2511.63,2024-12-20
Issoire,63178,63500,Appartement,69.0,195862.0,2838.58,2024-12-13
Chastreix,63098,63680,Maison,103.0,102000.0,990.29,2024-12-20
Gerzat,63164,63360,Maison,155.0,309570.0,1997.23,2024-12-19
Clermont-Ferrand,63113,63000,Appartement,80.0,174800.0,2185.0,2024-12-13
Vic-le-Comte,63457,63270,Maison,45.0,90000.0,2000.0,2024-12-16
Condat-en-Combraille,63118,63380,Maison,140.0,98000.0,700.0,2024-12-30
Olmet,63260,63880,Maison,76.0,35000.0,460.53,2024-12-18
Sugères,63423,63490,Maison,92.0,160094.0,1740.15,2024-12-18
Vic-le-Comte,63457,63270,Maison,115.0,288000.0,2504.35,2024-12-20
Riom,63300,63200,Maison,70.0,177500.0,2535.71,2024-12-20
Clermont-Ferrand,63113,63100,Appartement,64.0,84372.0,1318.31,2024-12-16
Clermont-Ferrand,63113,63000,Appartement,40.0,100000.0,2500.0,2024-12-16
Clermont-Ferrand,63113,63000,Maison,144.0,222000.0,1541.67,2024-12-09
Saint-Rémy-sur-Durolle,63393,63550,Maison,27.0,59388.0,2199.56,2024-12-19
Saint-Alyre-ès-Montagne,63313,63420,Maison,67.0,10000.0,149.25,2024-12-24
Royat,63308,63130,Maison,84.0,141520.0,1684.76,2024-12-20
Plauzat,63282,63730,Maison,110.0,215000.0,1954.55,2024-12-13
Yronde-et-Buron,63472,63270,Maison,210.0,281150.0,1338.81,2024-12-11
Les Martres-de-Veyre,63214,63730,Maison,42.0,120000.0,2857.14,2024-12-16
Les Martres-de-Veyre,63214,63730,Maison,50.0,107900.0,2158.0,2024-12-18
La Roche-Noire,63306,63800,Maison,90.0,296000.0,3288.89,2024-12-13
La Roche-Noire,63306,63800,Maison,90.0,296000.0,3288.89,2024-12-13
Orbeil,63261,63500,Maison,82.0,90000.0,1097.56,2024-12-18
Beaumont,63032,63110,Appartement,81.0,112000.0,1382.72,2024-12-19
Sugères,63423,63490,Maison,200.0,106000.0,530.0,2024-12-18
Clermont-Ferrand,63113,63100,Appartement,68.0,55100.0,810.29,2024-12-23
Saint-Donat,63336,63680,Maison,35.0,69000.0,1971.43,2024-12-13
La Bourboule,63047,63150,Appartement,52.0,102000.0,1961.54,2024-12-18
La Bourboule,63047,63150,Appartement,59.0,149882.0,2540.37,2024-12-21
Riom,63300,63200,Maison,93.0,242000.0,2602.15,2024-12-30
Mont-Dore,63236,63240,Appartement,30.0,60000.0,2000.0,2024-12-28
Riom,63300,63200,Appartement,80.0,208500.0,2606.25,2024-12-30
Saint-Maurice-près-Pionsat,63377,63330,Maison,52.0,41150.0,791.35,2024-12-18
Clermont-Ferrand,63113,63000,Appartement,38.0,64600.0,1700.0,2024-12-24
Chamalières,63075,63400,Appartement,50.0,100000.0,2000.0,2024-12-19
Châteaugay,63099,63119,Maison,99.0,132800.0,1341.41,2024-12-30
Les Ancizes-Comps,63004,63770,Maison,62.0,129000.0,2080.65,2024-12-16
Cournon-d'Auvergne,63124,63800,Maison,186.0,405000.0,2177.42,2024-12-20
Beaulieu,63031,63570,Maison,212.0,261500.0,1233.49,2024-12-13
Beaulieu,63031,63570,Maison,23.0,261500.0,11369.57,2024-12-13
Beaulieu,63031,63570,Maison,212.0,261500.0,1233.49,2024-12-13
Beaulieu,63031,63570,Maison,23.0,261500.0,11369.57,2024-12-13
Issoire,63178,63500,Maison,79.0,150000.0,1898.73,2024-12-19
Issoire,63178,63500,Maison,79.0,150000.0,1898.73,2024-12-19
Brassac-les-Mines,63050,63570,Maison,116.0,182500.0,1573.28,2024-12-13
Issoire,63178,63500,Appartement,73.0,162000.0,2219.18,2024-12-11
La Bourboule,63047,63150,Maison,70.0,100000.0,1428.57,2024-12-19
Clermont-Ferrand,63113,63100,Appartement,79.0,299700.0,3793.67,2024-12-27
Ceyssat,63071,63210,Maison,106.0,229000.0,2160.38,2024-12-31
Perpezat,63274,63210,Maison,62.0,50000.0,806.45,2024-12-18
Beaumont,63032,63110,Maison,100.0,275800.0,2758.0,2024-12-20
Bourg-Lastic,63048,63760,Maison,54.0,55000.0,1018.52,2024-12-26
Landogne,63186,63380,Maison,61.0,12500.0,204.92,2024-12-31
La Bourboule,63047,63150,Appartement,36.0,76000.0,2111.11,2024-12-20
Romagnat,63307,63540,Maison,91.0,319000.0,3505.49,2024-12-20
La Bourboule,63047,63150,Appartement,22.0,49297.0,2240.77,2024-12-20
Beaulieu,63031,63570,Maison,88.0,191100.0,2171.59,2024-12-19
Beaulieu,63031,63570,Maison,88.0,191100.0,2171.59,2024-12-19
Murat-le-Quaire,63246,63150,Maison,128.0,206000.0,1609.38,2024-12-21
Mont-Dore,63236,63240,Maison,77.0,236400.0,3070.13,2024-12-18
Mont-Dore,63236,63240,Maison,43.0,236400.0,5497.67,2024-12-18
Saint-Georges-sur-Allier,63350,63800,Maison,112.0,175000.0,1562.5,2024-12-23
Besse-et-Saint-Anastaise,63038,63610,Maison,111.0,320000.0,2882.88,2024-12-19
Clermont-Ferrand,63113,63000,Appartement,36.0,114000.0,3166.67,2024-12-24
Brassac-les-Mines,63050,63570,Maison,66.0,121000.0,1833.33,2024-12-20
Clermont-Ferrand,63113,63000,Appartement,58.0,108500.0,1870.69,2024-12-18
Saint-Éloy-les-Mines,63338,63700,Appartement,71.0,40000.0,563.38,2024-12-18
Égliseneuve-près-Billom,63146,63160,Maison,100.0,204700.0,2047.0,2024-12-19
Égliseneuve-près-Billom,63146,63160,Maison,100.0,204700.0,2047.0,2024-12-19
Égliseneuve-près-Billom,63146,63160,Maison,90.0,204700.0,2274.44,2024-12-19
Égliseneuve-près-Billom,63146,63160,Maison,100.0,204700.0,2047.0,2024-12-19
Égliseneuve-près-Billom,63146,63160,Maison,90.0,204700.0,2274.44,2024-12-19
Égliseneuve-près-Billom,63146,63160,Maison,90.0,204700.0,2274.44,2024-12-19
Billom,63040,63160,Maison,80.0,85000.0,1062.5,2024-12-23
Chamalières,63075,63400,Appartement,31.0,50000.0,1612.9,2024-12-03
Riom,63300,63200,Maison,83.0,279500.0,3367.47,2024-12-30
Vic-le-Comte,63457,63270,Maison,151.0,326000.0,2158.94,2024-12-20
Vic-le-Comte,63457,63270,Maison,151.0,326000.0,2158.94,2024-12-20
Cournon-d'Auvergne,63124,63800,Appartement,79.0,233700.0,2958.23,2024-12-17
Cournon-d'Auvergne,63124,63800,Maison,94.0,273900.0,2913.83,2024-12-16
Issoire,63178,63500,Appartement,94.0,251200.0,2672.34,2024-12-17
Chamalières,63075,63400,Appartement,31.0,70000.0,2258.06,2024-12-20
Issoire,63178,63500,Maison,95.0,145000.0,1526.32,2024-12-13
Clermont-Ferrand,63113,63000,Maison,66.0,180000.0,2727.27,2024-12-20
Issoire,63178,63500,Maison,115.0,330000.0,2869.57,2024-12-12
Palladuc,63267,63550,Maison,86.0,210000.0,2441.86,2024-12-17
Blanzat,63042,63112,Maison,180.0,256000.0,1422.22,2024-12-16
La Chaulme,63104,63660,Maison,37.0,67272.19,1818.17,2024-12-16
Le Vernet-Chaméane,63448,63580,Maison,185.0,100000.0,540.54,2024-12-13
Le Vernet-Chaméane,63448,63580,Maison,42.0,100000.0,2380.95,2024-12-13
Clermont-Ferrand,63113,63100,Appartement,90.0,231000.0,2566.67,2024-12-20
Clermont-Ferrand,63113,63100,Appartement,70.0,123250.0,1760.71,2024-12-12
Puy-Guillaume,63291,63290,Maison,87.0,54000.0,620.69,2024-12-12
Le Broc,63054,63500,Maison,56.0,85000.0,1517.86,2024-12-12
Varennes-sur-Morge,63443,63720,Maison,102.0,278600.0,2731.37,2024-12-16
Varennes-sur-Morge,63443,63720,Maison,102.0,278600.0,2731.37,2024-12-16
Pardines,63268,63500,Maison,145.0,74500.0,513.79,2024-12-14
Auzat-la-Combelle,63022,63570,Maison,80.0,143100.0,1788.75,2024-12-13
Auzat-la-Combelle,63022,63570,Maison,80.0,143100.0,1788.75,2024-12-13
Clermont-Ferrand,63113,63000,Appartement,24.0,67000.0,2791.67,2024-12-17
Culhat,63131,63350,Maison,180.0,100000.0,555.56,2024-12-17
Clermont-Ferrand,63113,63000,Appartement,43.0,86760.0,2017.67,2024-12-31
Clermont-Ferrand,63113,63000,Appartement,68.0,138300.0,2033.82,2024-12-21
Clermont-Ferrand,63113,63000,Appartement,64.0,149500.0,2335.94,2024-12-24
Clermont-Ferrand,63113,63100,Appartement,70.0,104091.0,1487.01,2024-12-17
Royat,63308,63130,Maison,54.0,24000.0,444.44,2024-12-23
Chamalières,63075,63400,Appartement,40.0,116800.0,2920.0,2024-12-26
Clermont-Ferrand,63113,63000,Appartement,57.0,113000.0,1982.46,2024-12-23
Royat,63308,63130,Appartement,16.0,38000.0,2375.0,2024-12-27
Jozerand,63181,63460,Maison,113.0,209700.0,1855.75,2024-12-23
Jozerand,63181,63460,Maison,113.0,209700.0,1855.75,2024-12-23
Beaulieu,63031,63570,Appartement,49.0,220000.0,4489.8,2024-12-18
Beaulieu,63031,63570,Appartement,49.0,220000.0,4489.8,2024-12-18
Beaulieu,63031,63570,Appartement,96.0,220000.0,2291.67,2024-12-18
Beaulieu,63031,63570,Appartement,96.0,220000.0,2291.67,2024-12-18
Prompsat,63288,63200,Maison,80.0,127000.0,1587.5,2024-12-20
Pontgibaud,63285,63230,Maison,77.0,122500.0,1590.91,2024-12-30
Pontgibaud,63285,63230,Maison,60.0,122500.0,2041.67,2024-12-30
Clermont-Ferrand,63113,63100,Appartement,66.0,99000.0,1500.0,2024-12-18
Mozac,63245,63200,Maison,80.0,154350.0,1929.38,2024-12-18
Clermont-Ferrand,63113,63000,Maison,100.0,155000.0,1550.0,2024-12-19
Aubière,63014,63170,Appartement,78.0,237600.0,3046.15,2024-12-30
Issoire,63178,63500,Maison,55.0,150000.0,2727.27,2024-12-12
Chamalières,63075,63400,Appartement,43.0,95900.0,2230.23,2024-12-27
Riom,63300,63200,Maison,53.0,168300.0,3175.47,2024-12-20
Riom,63300,63200,Appartement,56.0,1700000.0,30357.14,2024-12-30
Saint-Ours,63381,63230,Maison,80.0,72000.0,900.0,2024-12-30
Clermont-Ferrand,63113,63100,Appartement,72.0,260000.0,3611.11,2024-12-23
Gelles,63163,63740,Appartement,100.0,135000.0,1350.0,2024-12-23
Gelles,63163,63740,Appartement,60.0,135000.0,2250.0,2024-12-23
Clermont-Ferrand,63113,63100,Appartement,59.0,113265.0,1919.75,2024-12-23
Chamalières,63075,63400,Appartement,70.0,151000.0,2157.14,2024-12-23
Clermont-Ferrand,63113,63100,Appartement,83.0,213350.0,2570.48,2024-12-19
Paslières,63271,63290,Maison,160.0,100000.0,625.0,2024-12-30
Cournon-d'Auvergne,63124,63800,Maison,77.0,105000.0,1363.64,2024-12-17
Cournon-d'Auvergne,63124,63800,Maison,100.0,255664.3,2556.64,2024-12-23
Royat,63308,63130,Appartement,33.0,59000.0,1787.88,2024-12-23
Romagnat,63307,63540,Maison,103.0,383830.0,3726.5,2024-12-27
Clermont-Ferrand,63113,63100,Appartement,44.0,175800.0,3995.45,2024-12-18
Clermont-Ferrand,63113,63100,Appartement,25.0,175800.0,7032.0,2024-12-18
Clermont-Ferrand,63113,63100,Appartement,31.0,175800.0,5670.97,2024-12-18
Clermont-Ferrand,63113,63100,Appartement,44.0,175800.0,3995.45,2024-12-18
Orcet,63262,63670,Maison,151.0,300950.0,1993.05,2024-12-27
Orcet,63262,63670,Maison,151.0,300950.0,1993.05,2024-12-27
Clermont-Ferrand,63113,63000,Appartement,31.0,73600.0,2374.19,2024-12-26
Laps,63188,63270,Maison,94.0,191000.0,2031.91,2024-12-16
Clermont-Ferrand,63113,63000,Appartement,47.0,103600.0,2204.26,2024-12-30
Clermont-Ferrand,63113,63100,Maison,211.0,678000.0,3213.27,2024-12-31
Mons,63232,63310,Maison,120.0,258800.0,2156.67,2024-12-19
Mons,63232,63310,Maison,120.0,258800.0,2156.67,2024-12-19
Viverols,63465,63840,Maison,75.0,97000.0,1293.33,2024-12-19
Viverols,63465,63840,Maison,75.0,97000.0,1293.33,2024-12-19
Lempdes,63193,63370,Maison,89.0,205150.0,2305.06,2024-12-23
Saint-Amant-Tallende,63315,63450,Maison,119.0,261000.0,2193.28,2024-12-23
Chamalières,63075,63400,Appartement,75.0,187450.0,2499.33,2024-12-23
Le Cendre,63069,63670,Maison,70.0,229250.0,3275.0,2024-12-27
Orcines,63263,63870,Maison,241.0,471280.0,1955.52,2024-12-19
Orcines,63263,63870,Maison,241.0,471280.0,1955.52,2024-12-19
Besse-et-Saint-Anastaise,63038,63610,Appartement,45.0,98000.0,2177.78,2024-12-30
Besse-et-Saint-Anastaise,63038,63610,Appartement,25.0,98000.0,3920.0,2024-12-30
Chamalières,63075,63400,Appartement,67.0,171650.0,2561.94,2024-12-26
Clermont-Ferrand,63113,63100,Appartement,51.0,135000.0,2647.06,2024-12-27
Clermont-Ferrand,63113,63100,Appartement,120.0,135000.0,1125.0,2024-12-27
Saint-Hérent,63357,63340,Maison,65.0,27000.0,415.38,2024-12-19
Gerzat,63164,63360,Maison,75.0,212560.0,2834.13,2024-12-20
Lapeyrouse,63187,63700,Maison,124.0,21600.0,174.19,2024-12-20
Aubière,63014,63170,Maison,102.0,3000000.0,29411.76,2024-12-19
Clermont-Ferrand,63113,63100,Maison,100.0,180000.0,1800.0,2024-01-10
Saint-Bonnet-près-Orcival,63326,63210,Maison,58.0,47500.0,818.97,2024-12-27
Chamalières,63075,63400,Appartement,40.0,110000.0,2750.0,2024-12-30
Besse-et-Saint-Anastaise,63038,63610,Appartement,23.0,98205.0,4269.78,2024-12-19
Clermont-Ferrand,63113,63000,Appartement,47.0,80189.0,1706.15,2024-12-20
Clermont-Ferrand,63113,63000,Appartement,67.0,122000.0,1820.9,2024-12-27
Manglieu,63205,63270,Maison,58.0,78500.0,1353.45,2024-12-27
Clermont-Ferrand,63113,63000,Appartement,80.0,327200.0,4090.0,2024-12-27
Chamalières,63075,63400,Appartement,59.0,157900.0,2676.27,2024-12-23
Clermont-Ferrand,63113,63000,Appartement,75.0,190000.0,2533.33,2024-12-18
La Chaulme,63104,63660,Maison,48.0,49000.0,1020.83,2024-12-17
Montpeyroux,63241,63114,Maison,100.0,216000.0,2160.0,2024-12-20
Yssac-la-Tourette,63473,63200,Maison,33.0,22000.0,666.67,2024-12-16
Mont-Dore,63236,63240,Appartement,46.0,141500.0,3076.09,2024-12-30
La Bourboule,63047,63150,Appartement,19.0,37000.0,1947.37,2024-12-30
Sugères,63423,63490,Maison,110.0,157000.0,1427.27,2024-12-20
Sugères,63423,63490,Maison,110.0,157000.0,1427.27,2024-12-20
Messeix,63225,63750,Maison,64.0,10000.0,156.25,2024-12-23
Clermont-Ferrand,63113,63100,Appartement,75.0,75000.0,1000.0,2024-12-20
Orcet,63262,63670,Maison,79.0,156000.0,1974.68,2024-12-18
Chapdes-Beaufort,63085,63230,Maison,66.0,140800.0,2133.33,2024-12-20
Chapdes-Beaufort,63085,63230,Maison,66.0,140800.0,2133.33,2024-12-20
Issoire,63178,63500,Appartement,87.0,229949.0,2643.09,2024-12-19
Saillant,63309,63840,Maison,70.0,152230.0,2174.71,2024-12-19
Ambert,63003,63600,Maison,80.0,71000.0,887.5,2024-12-19
Clermont-Ferrand,63113,63000,Appartement,66.0,138000.0,2090.91,2024-12-23
Riom,63300,63200,Maison,101.0,215950.0,2138.12,2024-12-23
Riom,63300,63200,Maison,131.0,168100.0,1283.21,2024-12-23
Clermont-Ferrand,63113,63100,Appartement,58.0,132050.0,2276.72,2024-12-20
La Celle,63064,63620,Maison,48.0,50900.0,1060.42,2024-12-23
Teilhède,63427,63460,Maison,150.0,323000.0,2153.33,2024-12-23
Teilhède,63427,63460,Maison,150.0,323000.0,2153.33,2024-12-23
Teilhède,63427,63460,Maison,150.0,323000.0,2153.33,2024-12-23
Charbonnières-les-Varennes,63092,63410,Maison,55.0,110000.0,2000.0,2024-12-18
Montaigut,63233,63700,Maison,75.0,34000.0,453.33,2024-12-23
Fournols,63162,63980,Maison,90.0,60000.0,666.67,2024-12-16
Saint-Maurice-près-Pionsat,63377,63330,Maison,95.0,119500.0,1257.89,2024-12-23
Vertolaye,63454,63480,Maison,128.0,95000.0,742.19,2024-12-17
Vertolaye,63454,63480,Maison,40.0,95000.0,2375.0,2024-12-17
Gerzat,63164,63360,Appartement,68.0,101000.0,1485.29,2024-12-16
Clermont-Ferrand,63113,63000,Maison,89.0,200000.0,2247.19,2024-12-18
La Bourboule,63047,63150,Appartement,35.0,58000.0,1657.14,2024-12-20
Lempdes,63193,63370,Appartement,67.0,118750.0,1772.39,2024-12-23
Mirefleurs,63227,63730,Maison,40.0,17000.0,425.0,2024-12-19
Jumeaux,63182,63570,Maison,82.0,68350.0,833.54,2024-12-24
Parent,63269,63270,Maison,136.0,418000.0,3073.53,2024-12-12
Parent,63269,63270,Maison,136.0,418000.0,3073.53,2024-12-12
Clermont-Ferrand,63113,63100,Appartement,54.0,66604.0,1233.41,2024-12-30
Clermont-Ferrand,63113,63000,Appartement,52.0,80000.0,1538.46,2024-12-27
Clermont-Ferrand,63113,63000,Appartement,61.0,80000.0,1311.48,2024-12-27
Aubière,63014,63170,Maison,99.0,209000.0,2111.11,2024-12-18
Combronde,63116,63460,Maison,72.0,65800.0,913.89,2024-12-26
Aulnat,63019,63510,Appartement,46.0,120600.0,2621.74,2024-12-31
Châtel-Guyon,63103,63140,Appartement,30.0,84500.0,2816.67,2024-12-27
Châtel-Guyon,63103,63140,Appartement,41.0,84500.0,2060.98,2024-12-27
Châtel-Guyon,63103,63140,Appartement,41.0,84500.0,2060.98,2024-12-27
Châtel-Guyon,63103,63140,Appartement,34.0,84500.0,2485.29,2024-12-27
Mur-sur-Allier,63226,63115,Maison,240.0,571300.0,2380.42,2024-12-19
Clermont-Ferrand,63113,63100,Maison,60.0,405000.0,6750.0,2024-12-18
Clermont-Ferrand,63113,63000,Appartement,109.0,247000.0,2266.06,2024-12-20
Pionsat,63281,63330,Maison,52.0,72000.0,1384.62,2024-12-17
Pionsat,63281,63330,Maison,52.0,72000.0,1384.62,2024-12-17
Pionsat,63281,63330,Maison,63.0,72000.0,1142.86,2024-12-17
Pionsat,63281,63330,Maison,63.0,72000.0,1142.86,2024-12-17
Pionsat,63281,63330,Maison,52.0,72000.0,1384.62,2024-12-17
Pionsat,63281,63330,Maison,52.0,72000.0,1384.62,2024-12-17
Chavaroux,63107,63720,Maison,118.0,159900.0,1355.08,2024-12-19
La Bourboule,63047,63150,Appartement,26.0,28500.0,1096.15,2024-12-31
Lapeyrouse,63187,63700,Maison,133.0,100917.0,758.77,2024-12-30
Lapeyrouse,63187,63700,Maison,133.0,100917.0,758.77,2024-12-30
Clermont-Ferrand,63113,63000,Appartement,122.0,433200.0,3550.82,2024-12-19
Pont-du-Château,63284,63430,Maison,72.0,237800.0,3302.78,2024-12-13
Ennezat,63148,63720,Maison,80.0,1236000.0,15450.0,2024-12-19
Ennezat,63148,63720,Maison,80.0,1236000.0,15450.0,2024-12-19
Effiat,63143,63260,Maison,90.0,100000.0,1111.11,2024-12-30
Clermont-Ferrand,63113,63000,Maison,113.0,272500.0,2411.5,2024-12-16
Arconsat,63008,63250,Maison,67.0,20000.0,298.51,2024-12-17
Clermont-Ferrand,63113,63000,Appartement,68.0,83500.0,1227.94,2024-12-30
Clermont-Ferrand,63113,63000,Appartement,68.0,76000.0,1117.65,2024-12-27
Pont-du-Château,63284,63430,Maison,80.0,147000.0,1837.5,2024-12-20
Orcines,63263,63870,Maison,42.0,194500.0,4630.95,2024-12-20
Royat,63308,63130,Appartement,84.0,171000.0,2035.71,2024-12-13
Clermont-Ferrand,63113,63000,Appartement,48.0,89600.0,1866.67,2024-12-20
Clermont-Ferrand,63113,63000,Appartement,19.0,58900.0,3100.0,2024-12-23
Clermont-Ferrand,63113,63100,Appartement,70.0,174830.0,2497.57,2024-12-19
Clermont-Ferrand,63113,63100,Appartement,38.0,84550.0,2225.0,2024-12-14
Clermont-Ferrand,63113,63000,Appartement,47.0,171220.0,3642.98,2024-12-20
Billom,63040,63160,Maison,42.0,57000.0,1357.14,2024-12-13
Clermont-Ferrand,63113,63000,Appartement,43.0,98750.0,2296.51,2024-12-17
Aubière,63014,63170,Maison,111.0,165000.0,1486.49,2024-12-20
Saint-Jacques-d'Ambur,63363,63230,Maison,121.0,177550.0,1467.36,2024-12-04
Saint-Romain,63394,63660,Maison,90.0,20000.0,222.22,2024-12-17
Villosanges,63460,63380,Maison,130.0,65000.0,500.0,2024-11-29
Riom,63300,63200,Maison,95.0,193700.0,2038.95,2024-12-13
Issoire,63178,63500,Maison,125.0,267730.0,2141.84,2024-12-18
Gerzat,63164,63360,Appartement,48.0,95000.0,1979.17,2024-12-17
Saint-Vincent,63403,63320,Maison,103.0,277000.0,2689.32,2024-12-18
Saint-Vincent,63403,63320,Maison,103.0,277000.0,2689.32,2024-12-18
Augerolles,63016,63930,Maison,91.0,101000.0,1109.89,2024-12-20
Chamalières,63075,63400,Appartement,89.0,238000.0,2674.16,2024-12-12
Marat,63207,63480,Maison,108.0,35000.0,324.07,2024-12-23
Tours-sur-Meymont,63434,63590,Appartement,48.0,50000.0,1041.67,2024-12-19
Pouzol,63286,63440,Maison,56.0,119000.0,2125.0,2024-12-20
Loubeyrat,63198,63410,Maison,100.0,189000.0,1890.0,2024-12-18
Riom,63300,63200,Appartement,256.0,328600.0,1283.59,2024-12-20
Clermont-Ferrand,63113,63000,Appartement,22.0,62000.0,2818.18,2024-12-13
Peschadoires,63276,63920,Maison,93.0,209700.0,2254.84,2024-12-30
Châtel-Guyon,63103,63140,Maison,220.0,327000.0,1486.36,2024-12-20
Thiers,63430,63300,Appartement,88.0,60000.0,681.82,2024-12-20
Thiers,63430,63300,Appartement,50.0,60000.0,1200.0,2024-12-20
Ambert,63003,63600,Appartement,56.0,73000.0,1303.57,2024-12-20
Chabreloche,63072,63250,Maison,62.0,80750.0,1302.42,2024-12-16
Marsat,63212,63200,Maison,133.0,210000.0,1578.95,2024-12-13
Marsat,63212,63200,Maison,133.0,210000.0,1578.95,2024-12-13
Peschadoires,63276,63920,Appartement,40.0,64000.0,1600.0,2024-12-19
Mont-Dore,63236,63240,Appartement,23.0,70000.0,3043.48,2024-12-17
Thiers,63430,63300,Appartement,106.0,51500.0,485.85,2024-12-11
Saint-Bonnet-près-Riom,63327,63200,Maison,80.0,149160.0,1864.5,2024-12-17
Thiers,63430,63300,Appartement,52.0,69000.0,1326.92,2024-12-19
Thiers,63430,63300,Appartement,61.0,69000.0,1131.15,2024-12-19
Thiers,63430,63300,Appartement,48.0,69000.0,1437.5,2024-12-19
Sermentizon,63418,63120,Maison,198.0,233000.0,1176.77,2024-12-18
Clermont-Ferrand,63113,63000,Appartement,24.0,51000.0,2125.0,2024-12-30
Clermont-Ferrand,63113,63000,Appartement,42.0,150000.0,3571.43,2024-12-20
Clermont-Ferrand,63113,63000,Maison,60.0,150000.0,2500.0,2024-12-20
Clermont-Ferrand,63113,63000,Appartement,42.0,150000.0,3571.43,2024-12-20
Clermont-Ferrand,63113,63100,Appartement,49.0,277000.0,5653.06,2024-12-30
Clermont-Ferrand,63113,63100,Appartement,49.0,277000.0,5653.06,2024-12-30
Clermont-Ferrand,63113,63100,Appartement,26.0,277000.0,10653.85,2024-12-30
Clermont-Ferrand,63113,63100,Appartement,41.0,277000.0,6756.1,2024-12-30
Aigueperse,63001,63260,Maison,166.0,122500.0,737.95,2024-12-17
Chamalières,63075,63400,Maison,80.0,326400.0,4080.0,2024-12-27
Chamalières,63075,63400,Appartement,65.0,105500.0,1623.08,2024-12-30
Issoire,63178,63500,Appartement,46.0,96646.0,2101.0,2024-12-20
Clermont-Ferrand,63113,63100,Appartement,92.0,171500.0,1864.13,2024-12-31
Manzat,63206,63410,Maison,98.0,157000.0,1602.04,2024-12-27
Manzat,63206,63410,Maison,98.0,157000.0,1602.04,2024-12-27
Clermont-Ferrand,63113,63000,Appartement,29.0,101650.0,3505.17,2024-12-30
Thiers,63430,63300,Appartement,59.0,24000.0,406.78,2024-12-24
Le Cendre,63069,63670,Appartement,53.0,2450000.0,46226.42,2024-12-30
Le Cendre,63069,63670,Appartement,49.0,2450000.0,50000.0,2024-12-30
Le Cendre,63069,63670,Appartement,50.0,2450000.0,49000.0,2024-12-30
Le Cendre,63069,63670,Appartement,51.0,2450000.0,48039.22,2024-12-30
Le Cendre,63069,63670,Appartement,53.0,2450000.0,46226.42,2024-12-30
Le Cendre,63069,63670,Appartement,51.0,2450000.0,48039.22,2024-12-30
Le Cendre,63069,63670,Appartement,51.0,2450000.0,48039.22,2024-12-30
Le Cendre,63069,63670,Appartement,53.0,2450000.0,46226.42,2024-12-30
Le Cendre,63069,63670,Appartement,56.0,2450000.0,43750.0,2024-12-30
Le Cendre,63069,63670,Appartement,55.0,2450000.0,44545.45,2024-12-30
Le Cendre,63069,63670,Appartement,56.0,2450000.0,43750.0,2024-12-30
Le Cendre,63069,63670,Appartement,55.0,2450000.0,44545.45,2024-12-30
Le Cendre,63069,63670,Appartement,79.0,2450000.0,31012.66,2024-12-30
Le Cendre,63069,63670,Appartement,56.0,2450000.0,43750.0,2024-12-30
Le Cendre,63069,63670,Appartement,55.0,2450000.0,44545.45,2024-12-30
Le Cendre,63069,63670,Appartement,57.0,2450000.0,42982.46,2024-12-30
Le Cendre,63069,63670,Appartement,57.0,2450000.0,42982.46,2024-12-30
Le Cendre,63069,63670,Appartement,79.0,2450000.0,31012.66,2024-12-30
Le Cendre,63069,63670,Appartement,57.0,2450000.0,42982.46,2024-12-30
Le Cendre,63069,63670,Appartement,79.0,2450000.0,31012.66,2024-12-30
Le Cendre,63069,63670,Appartement,79.0,2450000.0,31012.66,2024-12-30
Le Cendre,63069,63670,Appartement,57.0,2450000.0,42982.46,2024-12-30
Le Cendre,63069,63670,Appartement,79.0,2450000.0,31012.66,2024-12-30
Le Cendre,63069,63670,Appartement,79.0,2450000.0,31012.66,2024-12-30
Le Cendre,63069,63670,Appartement,79.0,2450000.0,31012.66,2024-12-30
Le Cendre,63069,63670,Appartement,79.0,2450000.0,31012.66,2024-12-30
Le Cendre,63069,63670,Appartement,79.0,2450000.0,31012.66,2024-12-30
Le Cendre,63069,63670,Appartement,79.0,2450000.0,31012.66,2024-12-30
Le Cendre,63069,63670,Appartement,79.0,2450000.0,31012.66,2024-12-30
Le Cendre,63069,63670,Appartement,79.0,2450000.0,31012.66,2024-12-30
Mont-Dore,63236,63240,Maison,76.0,172180.0,2265.53,2024-12-27
Mont-Dore,63236,63240,Maison,76.0,172180.0,2265.53,2024-12-27
Pérignat-lès-Sarliève,63272,63170,Maison,150.0,382700.0,2551.33,2024-12-19
Clermont-Ferrand,63113,63100,Appartement,73.0,172300.0,2360.27,2024-12-23
Clermont-Ferrand,63113,63000,Appartement,60.0,60000.0,1000.0,2024-12-27
Clermont-Ferrand,63113,63000,Appartement,52.0,90000.0,1730.77,2024-12-19
Clermont-Ferrand,63113,63000,Appartement,20.0,52100.0,2605.0,2024-11-13
Clermont-Ferrand,63113,63000,Appartement,51.0,80000.0,1568.63,2024-12-27
Riom,63300,63200,Maison,81.0,165000.0,2037.04,2024-12-23
Beaumont,63032,63110,Maison,126.0,306500.0,2432.54,2024-12-16
Solignat,63422,63500,Maison,90.0,165850.0,1842.78,2024-12-30
Montpensier,63240,63260,Maison,160.0,334880.0,2093.0,2024-12-27
Montpensier,63240,63260,Maison,160.0,334880.0,2093.0,2024-12-27
Les Ancizes-Comps,63004,63770,Maison,117.0,134000.0,1145.3,2024-12-27
Gerzat,63164,63360,Maison,105.0,250600.0,2386.67,2024-12-26
Clermont-Ferrand,63113,63100,Appartement,28.0,64000.0,2285.71,2024-12-23
Clermont-Ferrand,63113,63000,Maison,113.0,285100.0,2523.01,2024-12-30
Cournon-d'Auvergne,63124,63800,Appartement,43.0,143550.0,3338.37,2024-12-27
Nohanent,63254,63830,Maison,116.0,343500.0,2961.21,2024-12-24
Clermont-Ferrand,63113,63000,Appartement,60.0,101000.0,1683.33,2024-12-24
Clermont-Ferrand,63113,63000,Appartement,57.0,109500.0,1921.05,2024-12-30
Jozerand,63181,63460,Maison,128.0,244750.0,1912.11,2024-12-27
Riom,63300,63200,Appartement,36.0,700000.0,19444.44,2024-12-30
Riom,63300,63200,Appartement,18.0,700000.0,38888.89,2024-12-30
Riom,63300,63200,Appartement,36.0,700000.0,19444.44,2024-12-30
Riom,63300,63200,Appartement,18.0,700000.0,38888.89,2024-12-30
Riom,63300,63200,Appartement,50.0,700000.0,14000.0,2024-12-30
Riom,63300,63200,Appartement,30.0,700000.0,23333.33,2024-12-30
Riom,63300,63200,Appartement,37.0,700000.0,18918.92,2024-12-30
Riom,63300,63200,Appartement,35.0,700000.0,20000.0,2024-12-30
Riom,63300,63200,Appartement,60.0,700000.0,11666.67,2024-12-30
Riom,63300,63200,Appartement,35.0,700000.0,20000.0,2024-12-30
Riom,63300,63200,Appartement,60.0,700000.0,11666.67,2024-12-30
Riom,63300,63200,Appartement,36.0,700000.0,19444.44,2024-12-30
Riom,63300,63200,Appartement,48.0,700000.0,14583.33,2024-12-30
Clermont-Ferrand,63113,63000,Appartement,31.0,81040.0,2614.19,2024-12-20
Clermont-Ferrand,63113,63100,Appartement,58.0,92450.0,1593.97,2024-12-30
Cournon-d'Auvergne,63124,63800,Maison,68.0,98400.0,1447.06,2024-12-26
Davayat,63135,63200,Maison,115.0,288850.0,2511.74,2024-12-26
Clermont-Ferrand,63113,63000,Appartement,42.0,75500.0,1797.62,2024-12-19
Clermont-Ferrand,63113,63100,Appartement,48.0,109010.0,2271.04,2024-12-27
Bort-l'Étang,63045,63190,Maison,108.0,157650.0,1459.72,2024-12-27
Bort-l'Étang,63045,63190,Maison,108.0,157650.0,1459.72,2024-12-27
Clermont-Ferrand,63113,63000,Appartement,50.0,91500.0,1830.0,2024-12-30
Aubière,63014,63170,Maison,71.0,268350.0,3779.58,2024-12-17
Pont-du-Château,63284,63430,Maison,40.0,105000.0,2625.0,2024-12-20
Pérignat-lès-Sarliève,63272,63170,Maison,180.0,200000.0,1111.11,2024-12-24
Valbeleix,63440,63610,Maison,138.0,77000.0,557.97,2024-09-27
Valbeleix,63440,63610,Maison,138.0,77000.0,557.97,2024-09-27
Clermont-Ferrand,63113,63000,Appartement,69.0,95800.0,1388.41,2024-12-20
Clermont-Ferrand,63113,63100,Appartement,80.0,204000.0,2550.0,2024-12-23
Marsat,63212,63200,Maison,143.0,476780.0,3334.13,2024-12-23
La Bourboule,63047,63150,Maison,66.0,160000.0,2424.24,2024-12-20
Chamalières,63075,63400,Appartement,35.0,12000.0,342.86,2024-12-18
Chamalières,63075,63400,Appartement,35.0,12000.0,342.86,2024-12-18
Chamalières,63075,63400,Appartement,13.0,12000.0,923.08,2024-12-18
Chamalières,63075,63400,Appartement,19.0,12000.0,631.58,2024-12-18
Veyre-Monton,63455,63960,Maison,80.0,191000.0,2387.5,2024-12-30
Valcivières,63441,63600,Maison,102.0,260000.0,2549.02,2024-12-19
Égliseneuve-près-Billom,63146,63160,Maison,160.0,300700.0,1879.38,2024-12-23
Égliseneuve-près-Billom,63146,63160,Maison,160.0,300700.0,1879.38,2024-12-23
Volvic,63470,63530,Maison,90.0,217850.0,2420.56,2024-12-30
Volvic,63470,63530,Maison,90.0,217850.0,2420.56,2024-12-30
Châteldon,63102,63290,Maison,79.0,93000.0,1177.22,2024-12-30
Lempdes,63193,63370,Maison,148.0,229400.0,1550.0,2024-12-27
Thiers,63430,63300,Maison,88.0,143850.0,1634.66,2024-12-20
Thiers,63430,63300,Maison,88.0,143850.0,1634.66,2024-12-20
Romagnat,63307,63540,Appartement,40.0,217000.0,5425.0,2024-12-27
Romagnat,63307,63540,Appartement,40.0,217000.0,5425.0,2024-12-27
Mont-Dore,63236,63240,Appartement,30.0,76900.0,2563.33,2024-12-20
Escoutoux,63151,63300,Maison,139.0,230000.0,1654.68,2024-12-19
Escoutoux,63151,63300,Maison,139.0,230000.0,1654.68,2024-12-19
Moissat,63229,63190,Maison,90.0,231700.0,2574.44,2024-12-30
Davayat,63135,63200,Maison,82.0,180800.0,2204.88,2024-12-30
Issoire,63178,63500,Appartement,68.0,82000.0,1205.88,2024-12-13
Issoire,63178,63500,Appartement,42.0,82000.0,1952.38,2024-12-13
Issoire,63178,63500,Appartement,22.0,82000.0,3727.27,2024-12-13
Ambert,63003,63600,Maison,80.0,148000.0,1850.0,2024-12-19
Ambert,63003,63600,Maison,80.0,148000.0,1850.0,2024-12-19
Ambert,63003,63600,Maison,80.0,148000.0,1850.0,2024-12-19
Ambert,63003,63600,Maison,80.0,148000.0,1850.0,2024-12-19
Besse-et-Saint-Anastaise,63038,63610,Appartement,16.0,41000.0,2562.5,2024-12-30
Chauriat,63106,63117,Appartement,45.0,85000.0,1888.89,2024-12-17
Chauriat,63106,63117,Appartement,44.0,85000.0,1931.82,2024-12-17
Le Monestier,63230,63890,Maison,60.0,80000.0,1333.33,2024-12-23
Moureuille,63243,63700,Maison,99.0,54500.0,550.51,2024-11-30
Moureuille,63243,63700,Maison,99.0,54500.0,550.51,2024-11-30
Saillant,63309,63840,Maison,145.0,135000.0,931.03,2024-12-27
Issoire,63178,63500,Maison,59.0,7500.0,127.12,2024-12-18
Arlanc,63010,63220,Maison,70.0,22500.0,321.43,2024-12-27
Vertolaye,63454,63480,Maison,65.0,15000.0,230.77,2024-12-27
Clermont-Ferrand,63113,63000,Appartement,69.0,194000.0,2811.59,2024-12-23
Clermont-Ferrand,63113,63000,Appartement,72.0,550000.0,7638.89,2024-12-27
Clermont-Ferrand,63113,63000,Appartement,45.0,550000.0,12222.22,2024-12-27
Clermont-Ferrand,63113,63000,Appartement,85.0,550000.0,6470.59,2024-12-27
Mont-Dore,63236,63240,Appartement,28.0,70000.0,2500.0,2024-12-20
Lezoux,63195,63190,Maison,152.0,237200.0,1560.53,2024-12-19
Le Crest,63126,63450,Maison,62.0,25500.0,411.29,2024-12-31
Cébazat,63063,63118,Maison,115.0,240000.0,2086.96,2024-12-31
Marsat,63212,63200,Appartement,85.0,183900.0,2163.53,2024-12-24
Marsat,63212,63200,Appartement,85.0,183900.0,2163.53,2024-12-24
Blanzat,63042,63112,Maison,78.0,159150.0,2040.38,2024-12-17
Ambert,63003,63600,Maison,50.0,32000.0,640.0,2024-12-20
Ambert,63003,63600,Maison,50.0,32000.0,640.0,2024-12-20
Clermont-Ferrand,63113,63000,Appartement,95.0,264000.0,2778.95,2024-12-20
La Bourboule,63047,63150,Appartement,113.0,114000.0,1008.85,2024-12-30
Thuret,63432,63260,Maison,109.0,90550.0,830.73,2024-12-20
Clermont-Ferrand,63113,63000,Appartement,108.0,376750.0,3488.43,2024-12-20
Thiers,63430,63300,Maison,56.0,85000.0,1517.86,2024-12-19
Clermont-Ferrand,63113,63000,Appartement,25.0,237700.0,9508.0,2024-12-19
Clermont-Ferrand,63113,63000,Appartement,30.0,237700.0,7923.33,2024-12-19
Clermont-Ferrand,63113,63000,Appartement,18.0,237700.0,13205.56,2024-12-19
Clermont-Ferrand,63113,63000,Appartement,30.0,237700.0,7923.33,2024-12-19
Clermont-Ferrand,63113,63000,Appartement,50.0,237700.0,4754.0,2024-12-19
Clermont-Ferrand,63113,63000,Appartement,37.0,53675.0,1450.68,2024-12-26
Ceyrat,63070,63122,Maison,180.0,450000.0,2500.0,2024-12-16
La Chapelle-Agnon,63086,63590,Maison,40.0,90000.0,2250.0,2024-12-27
Gouttières,63171,63390,Maison,134.0,179000.0,1335.82,2024-12-19
Chamalières,63075,63400,Appartement,68.0,135500.0,1992.65,2024-12-19
Saint-Anthème,63319,63660,Maison,83.0,50090.0,603.49,2024-12-20
Besse-et-Saint-Anastaise,63038,63610,Appartement,56.0,209000.0,3732.14,2024-12-20
Isserteaux,63177,63270,Maison,100.0,65700.0,657.0,2024-12-19
Thiers,63430,63300,Maison,72.0,85000.0,1180.56,2024-12-31
Pionsat,63281,63330,Maison,23.0,20000.0,869.57,2024-12-20
Pionsat,63281,63330,Maison,23.0,20000.0,869.57,2024-12-20
Vic-le-Comte,63457,63270,Maison,120.0,231252.73,1927.11,2024-12-27
Chamalières,63075,63400,Appartement,128.0,260000.0,2031.25,2024-12-23
Rochefort-Montagne,63305,63210,Appartement,67.0,66415.0,991.27,2024-12-30
Rochefort-Montagne,63305,63210,Appartement,33.0,66415.0,2012.58,2024-12-30
Rochefort-Montagne,63305,63210,Appartement,33.0,66415.0,2012.58,2024-12-30
Orléat,63265,63190,Maison,130.0,443000.0,3407.69,2024-12-27
Orléat,63265,63190,Maison,130.0,443000.0,3407.69,2024-12-27
Orléat,63265,63190,Maison,130.0,443000.0,3407.69,2024-12-27
Saint-Dier-d'Auvergne,63334,63520,Maison,56.0,120000.0,2142.86,2024-12-27
Ambert,63003,63600,Appartement,66.0,115000.0,1742.42,2024-12-23
Ambert,63003,63600,Appartement,66.0,115000.0,1742.42,2024-12-23
Aubière,63014,63170,Appartement,48.0,97375.0,2028.65,2024-12-30
Riom,63300,63200,Maison,101.0,242450.0,2400.5,2024-12-26
Clermont-Ferrand,63113,63000,Appartement,24.0,180000.0,7500.0,2024-12-30
Clermont-Ferrand,63113,63000,Appartement,23.0,180000.0,7826.09,2024-12-30
Clermont-Ferrand,63113,63000,Appartement,23.0,180000.0,7826.09,2024-12-30
Blanzat,63042,63112,Maison,97.0,258800.0,2668.04,2024-12-30
Clermont-Ferrand,63113,63000,Appartement,71.0,100000.0,1408.45,2024-12-27
Clermont-Ferrand,63113,63000,Appartement,78.0,142000.0,1820.51,2024-12-31
Orcet,63262,63670,Maison,90.0,145500.0,1616.67,2024-12-30
Orcet,63262,63670,Maison,81.0,226400.0,2795.06,2024-12-26
Saint-Rémy-de-Chargnat,63392,63500,Maison,39.0,114000.0,2923.08,2024-12-27
Cournon-d'Auvergne,63124,63800,Appartement,40.0,100400.0,2510.0,2024-12-27
Le Vernet-Chaméane,63448,63580,Maison,49.0,47500.0,969.39,2024-12-23
Les Martres-de-Veyre,63214,63730,Maison,97.0,127900.0,1318.56,2024-12-26
Clermont-Ferrand,63113,63000,Maison,50.0,157000.0,3140.0,2024-12-30
Clermont-Ferrand,63113,63000,Maison,120.0,157000.0,1308.33,2024-12-30
Clermont-Ferrand,63113,63000,Appartement,50.0,192000.0,3840.0,2024-12-27
Clermont-Ferrand,63113,63000,Maison,72.0,135000.0,1875.0,2024-12-30
Saint-Avit,63320,63380,Maison,94.0,90000.0,957.45,2024-12-28
Clermont-Ferrand,63113,63100,Appartement,65.0,69500.0,1069.23,2024-12-30
Beaumont,63032,63110,Appartement,42.0,83000.0,1976.19,2024-12-31
Beaumont,63032,63110,Appartement,109.0,83000.0,761.47,2024-12-31
Murat-le-Quaire,63246,63150,Maison,91.0,317700.0,3491.21,2024-12-18
Riom,63300,63200,Maison,79.0,140000.0,1772.15,2024-12-19
Égliseneuve-près-Billom,63146,63160,Maison,178.0,251750.0,1414.33,2024-12-23
Égliseneuve-près-Billom,63146,63160,Maison,178.0,251750.0,1414.33,2024-12-23
Clermont-Ferrand,63113,63000,Appartement,71.0,130000.0,1830.99,2024-12-27
Chamalières,63075,63400,Appartement,47.0,120100.0,2555.32,2024-12-23
Marsat,63212,63200,Maison,72.0,66900.0,929.17,2024-12-26
Royat,63308,63130,Appartement,33.0,40000.0,1212.12,2024-12-26
Davayat,63135,63200,Maison,117.0,160000.0,1367.52,2024-12-24
Vernines,63451,63210,Maison,99.0,257000.0,2595.96,2024-12-30
Vernines,63451,63210,Maison,85.0,257000.0,3023.53,2024-12-30
Châtel-Guyon,63103,63140,Appartement,53.0,92000.0,1735.85,2024-12-23
Cunlhat,63132,63590,Maison,100.0,34204.55,342.05,2024-12-27
Marsat,63212,63200,Maison,35.0,24500.0,700.0,2024-12-26
Nonette-Orsonnette,63255,63340,Maison,103.0,105200.0,1021.36,2024-12-26
Ceyrat,63070,63122,Appartement,75.0,438528.38,5847.05,2024-12-27
Ceyrat,63070,63122,Appartement,67.0,438528.38,6545.2,2024-12-27
Ceyrat,63070,63122,Appartement,75.0,438528.38,5847.05,2024-12-27
Ceyrat,63070,63122,Appartement,75.0,438528.38,5847.05,2024-12-27
Cunlhat,63132,63590,Maison,100.0,43000.0,430.0,2024-12-20
Pont-du-Château,63284,63430,Maison,129.0,320300.0,2482.95,2024-12-19
Pont-du-Château,63284,63430,Maison,130.0,230301.0,1771.55,2024-12-19
Pont-du-Château,63284,63430,Maison,130.0,207184.0,1593.72,2024-12-17
Vertaizon,63453,63910,Maison,130.0,295400.0,2272.31,2024-12-20
Saint-Éloy-les-Mines,63338,63700,Maison,69.0,44900.0,650.72,2024-12-20
Lezoux,63195,63190,Maison,85.0,297000.0,3494.12,2024-12-19
Lezoux,63195,63190,Maison,85.0,297000.0,3494.12,2024-12-19
Lezoux,63195,63190,Maison,85.0,297000.0,3494.12,2024-12-19
Saint-Éloy-les-Mines,63338,63700,Appartement,44.0,34000.0,772.73,2024-12-20
Saint-Éloy-les-Mines,63338,63700,Appartement,45.0,34000.0,755.56,2024-12-20
Saint-Martin-des-Plains,63375,63570,Maison,91.0,214500.0,2357.14,2024-12-27
Saint-Martin-des-Plains,63375,63570,Maison,91.0,214500.0,2357.14,2024-12-27
Aulnat,63019,63510,Maison,50.0,172500.0,3450.0,2024-12-23
Clermont-Ferrand,63113,63000,Maison,102.0,280000.0,2745.1,2024-12-16
Châteaugay,63099,63119,Maison,106.0,303100.0,2859.43,2024-09-20
Ambert,63003,63600,Maison,91.0,285000.0,3131.87,2024-12-30
Ambert,63003,63600,Maison,91.0,285000.0,3131.87,2024-12-30
Ambert,63003,63600,Maison,85.0,285000.0,3352.94,2024-12-30
Ambert,63003,63600,Maison,85.0,285000.0,3352.94,2024-12-30
Thiers,63430,63300,Maison,76.0,70000.0,921.05,2024-12-30
Thiers,63430,63300,Maison,86.0,76150.0,885.47,2024-12-30
Riom,63300,63200,Maison,62.0,160000.0,2580.65,2024-12-31
Cébazat,63063,63118,Maison,90.0,275900.0,3065.56,2024-12-23
Thiers,63430,63300,Maison,95.0,132000.0,1389.47,2024-12-28
Thiers,63430,63300,Maison,95.0,132000.0,1389.47,2024-12-28
Orléat,63265,63190,Maison,180.0,399090.0,2217.17,2024-12-23
Orléat,63265,63190,Maison,180.0,399090.0,2217.17,2024-12-23
Lezoux,63195,63190,Maison,97.0,250300.0,2580.41,2024-12-23
Besse-et-Saint-Anastaise,63038,63610,Appartement,44.0,126500.0,2875.0,2024-12-26
Sauvessanges,63412,63840,Appartement,91.0,42500.0,467.03,2024-12-27
Sauvessanges,63412,63840,Appartement,42.0,42500.0,1011.9,2024-12-27
Marat,63207,63480,Maison,98.0,98175.0,1001.79,2024-12-27
Marat,63207,63480,Maison,98.0,98175.0,1001.79,2024-12-27
Clermont-Ferrand,63113,63000,Appartement,71.0,129000.0,1816.9,2024-12-30
Clermont-Ferrand,63113,63000,Appartement,56.0,79700.0,1423.21,2024-12-24
Le Broc,63054,63500,Appartement,39.0,23870.0,612.05,2024-12-25
Chavaroux,63107,63720,Maison,97.0,155900.0,1607.22,2024-12-23
Brassac-les-Mines,63050,63570,Maison,90.0,131950.0,1466.11,2024-12-26
Cunlhat,63132,63590,Maison,70.0,159000.0,2271.43,2024-12-23
Lamontgie,63185,63570,Maison,85.0,158200.0,1861.18,2024-12-28
Lamontgie,63185,63570,Maison,36.0,158200.0,4394.44,2024-12-28
Saint-Germain-l'Herm,63353,63630,Appartement,80.0,133000.0,1662.5,2024-12-28
Saint-Germain-Lembron,63352,63340,Maison,60.0,62500.0,1041.67,2024-12-28
Saint-Bonnet-près-Riom,63327,63200,Maison,25.0,317400.0,12696.0,2024-12-30
Saint-Bonnet-près-Riom,63327,63200,Maison,165.0,317400.0,1923.64,2024-12-30
Perrier,63275,63500,Maison,100.0,208850.0,2088.5,2024-12-28
Saint-Yvoine,63404,63500,Maison,47.0,67000.0,1425.53,2024-12-26
Clermont-Ferrand,63113,63100,Maison,88.0,195000.0,2215.91,2024-12-27
Issoire,63178,63500,Maison,34.0,73300.0,2155.88,2024-12-26
Ambert,63003,63600,Appartement,63.0,96500.0,1531.75,2024-12-30
Ambert,63003,63600,Appartement,63.0,96500.0,1531.75,2024-12-30
Ambert,63003,63600,Appartement,28.0,96500.0,3446.43,2024-12-30
Ambert,63003,63600,Appartement,28.0,96500.0,3446.43,2024-12-30
Issoire,63178,63500,Appartement,64.0,93000.0,1453.12,2024-12-27
Neuville,63252,63160,Maison,115.0,335900.0,2920.87,2024-12-27
Vic-le-Comte,63457,63270,Maison,83.0,283000.0,3409.64,2024-12-27
Loubeyrat,63198,63410,Maison,44.0,36100.0,820.45,2024-12-30
Saint-Sylvestre-Pragoulin,63400,63310,Maison,157.0,50000.0,318.47,2024-10-11
Jumeaux,63182,63570,Maison,103.0,179850.0,1746.12,2024-12-30
Jumeaux,63182,63570,Maison,103.0,179850.0,1746.12,2024-12-30
Jumeaux,63182,63570,Maison,103.0,179850.0,1746.12,2024-12-30
Saint-Clément-de-Valorgue,63331,63660,Maison,108.0,45000.0,416.67,2024-12-23
Issoire,63178,63500,Maison,94.0,202978.0,2159.34,2024-12-31
Royat,63308,63130,Appartement,75.0,166500.0,2220.0,2024-12-30
Clermont-Ferrand,63113,63000,Appartement,26.0,315000.0,12115.38,2024-12-30
Clermont-Ferrand,63113,63000,Appartement,26.0,315000.0,12115.38,2024-12-30
Clermont-Ferrand,63113,63000,Appartement,54.0,315000.0,5833.33,2024-12-30
Clermont-Ferrand,63113,63000,Appartement,54.0,315000.0,5833.33,2024-12-30
Clermont-Ferrand,63113,63000,Appartement,54.0,315000.0,5833.33,2024-12-30
Lempdes,63193,63370,Maison,90.0,123633.78,1373.71,2024-12-30
Saint-Éloy-les-Mines,63338,63700,Maison,104.0,152000.0,1461.54,2024-12-31
Saint-Éloy-les-Mines,63338,63700,Maison,104.0,152000.0,1461.54,2024-12-31
Clermont-Ferrand,63113,63000,Appartement,89.0,275000.0,3089.89,2024-04-16
La Forie,63161,63600,Maison,72.0,145510.0,2020.97,2024-12-30
La Forie,63161,63600,Maison,72.0,145510.0,2020.97,2024-12-30
Marsat,63212,63200,Maison,22.0,47000.0,2136.36,2024-12-30
Clermont-Ferrand,63113,63000,Maison,150.0,547500.0,3650.0,2024-12-30
Cournon-d'Auvergne,63124,63800,Maison,99.0,220000.0,2222.22,2024-12-30
Clermont-Ferrand,63113,63100,Appartement,109.0,280000.0,2568.81,2024-12-30
Chamalières,63075,63400,Appartement,96.0,291500.0,3036.46,2024-12-30
Orcet,63262,63670,Maison,105.0,99000.0,942.86,2024-12-30
Clermont-Ferrand,63113,63000,Appartement,61.0,135000.0,2213.11,2024-12-30
Clermont-Ferrand,63113,63100,Appartement,60.0,209800.0,3496.67,2024-12-30
Clermont-Ferrand,63113,63100,Appartement,60.0,209800.0,3496.67,2024-12-30
Lezoux,63195,63190,Maison,60.0,66000.0,1100.0,2024-12-18
Lezoux,63195,63190,Maison,60.0,66000.0,1100.0,2024-12-18
Lezoux,63195,63190,Maison,59.0,111000.0,1881.36,2024-12-24
Orléat,63265,63190,Maison,121.0,209050.0,1727.69,2024-12-17
Veyre-Monton,63455,63960,Maison,70.0,65000.0,928.57,2024-12-30
Thiers,63430,63300,Appartement,27.0,23000.0,851.85,2024-12-31
Thiers,63430,63300,Appartement,50.0,23000.0,460.0,2024-12-31
Thiers,63430,63300,Appartement,35.0,23000.0,657.14,2024-12-31
Thiers,63430,63300,Appartement,25.0,23000.0,920.0,2024-12-31
Thiers,63430,63300,Appartement,53.0,23000.0,433.96,2024-12-31
Thiers,63430,63300,Appartement,49.0,23000.0,469.39,2024-12-31
Marat,63207,63480,Maison,80.0,68000.0,850.0,2024-12-27
Marat,63207,63480,Maison,83.0,68000.0,819.28,2024-12-27
Effiat,63143,63260,Maison,120.0,185000.0,1541.67,2024-12-27
Espinchal,63153,63850,Maison,108.0,213000.0,1972.22,2024-12-02
Espinchal,63153,63850,Maison,108.0,213000.0,1972.22,2024-12-02
Clermont-Ferrand,63113,63000,Appartement,34.0,46000.0,1352.94,2024-12-27
Clermont-Ferrand,63113,63000,Appartement,66.0,196450.0,2976.52,2024-12-07
Vertaizon,63453,63910,Maison,88.0,186550.0,2119.89,2024-12-26
Clermont-Ferrand,63113,63000,Appartement,68.0,67000.0,985.29,2024-10-11
Clermont-Ferrand,63113,63000,Appartement,102.0,269400.0,2641.18,2024-12-23
Orcet,63262,63670,Maison,80.0,133500.0,1668.75,2024-12-30
Lussat,63200,63360,Maison,28.0,18000.0,642.86,2024-06-21
Clermont-Ferrand,63113,63000,Appartement,68.0,111000.0,1632.35,2024-12-19
Vinzelles,63461,63350,Maison,230.0,21000.0,91.3,2024-11-15
Doranges,63137,63220,Maison,40.0,7000.0,175.0,2024-11-19
Champeix,63080,63320,Appartement,34.0,95000.0,2794.12,2024-10-09
Champeix,63080,63320,Maison,64.0,95000.0,1484.38,2024-10-09
Clermont-Ferrand,63113,63000,Appartement,34.0,37000.0,1088.24,2024-10-11
Châtel-Guyon,63103,63140,Appartement,121.0,245000.0,2024.79,2024-10-29
Besse-et-Saint-Anastaise,63038,63610,Appartement,23.0,94000.0,4086.96,2024-12-04
Celles-sur-Durolle,63066,63250,Maison,112.0,110000.0,982.14,2024-11-28
Clermont-Ferrand,63113,63000,Appartement,95.0,300000.0,3157.89,2024-05-30
Issoire,63178,63500,Maison,329.0,421500.0,1281.16,2024-08-12
Issoire,63178,63500,Maison,329.0,421500.0,1281.16,2024-08-12
La Chapelle-Agnon,63086,63590,Appartement,20.0,55850.0,2792.5,2024-12-07
La Chapelle-Agnon,63086,63590,Appartement,20.0,55850.0,2792.5,2024-12-07
La Chapelle-Agnon,63086,63590,Appartement,30.0,55850.0,1861.67,2024-12-07
Clermont-Ferrand,63113,63000,Appartement,15.0,27000.0,1800.0,2024-12-19
Besse-et-Saint-Anastaise,63038,63610,Appartement,50.0,103000.0,2060.0,2024-11-15
Villeneuve,63458,63340,Maison,120.0,90000.0,750.0,2024-12-18
Châteaugay,63099,63119,Maison,158.0,201000.0,1272.15,2024-12-13
Chamalières,63075,63400,Appartement,33.0,125000.0,3787.88,2024-05-24
Besse-et-Saint-Anastaise,63038,63610,Appartement,31.0,60000.0,1935.48,2024-11-15
Thiers,63430,63300,Appartement,55.0,60000.0,1090.91,2024-10-11
Thiers,63430,63300,Appartement,98.0,60000.0,612.24,2024-10-11
Thiers,63430,63300,Appartement,110.0,60000.0,545.45,2024-10-11
Saint-Éloy-les-Mines,63338,63700,Maison,56.0,26000.0,464.29,2024-10-02
Les Martres-d'Artière,63213,63430,Maison,23.0,195000.0,8478.26,2024-10-31
Les Martres-d'Artière,63213,63430,Maison,72.0,195000.0,2708.33,2024-10-31
Malintrat,63204,63510,Maison,32.0,58000.0,1812.5,2024-11-07
La Monnerie-le-Montel,63231,63650,Maison,67.0,83000.0,1238.81,2024-11-12
Châtel-Guyon,63103,63140,Appartement,121.0,102550.0,847.52,2024-08-05
